url,Community Name,Street Address,City,State,Zip Code,County,School District,Latitude,Longitude,Phone number,Model hours,Website,"Status (Active, Upcoming, Sold Out)",Builder,Avg Lot Size,Community - Open Date,Community - Closed Date,Total Lots,Total Lots Sold,Total Lots - Total Sold,# of Sales per month,HOA Fee,HOA Services,Other Fees (i.e. CDD),Incentive %,Incentive $,Incentive Type,Amenities Available,Exterior Specifications Available,Interior Specifications Available,QMI Model Name,Model Name,# of Garages,QMI # of Garages,# of BR,# of BA,# of 1/2 BA,QMI # of BR,QMI # of BA,QMI # of 1/2 BA,QMI Model # of Floor,Foundation Type,# of Floors,Product Type,QMI Model SQFT,Minimum SQFT,Maximum SQFT,QMI Model Price,Minimum Base Price (Current),Maximum Price,QMI Availability Date,QMI Lot SQFT,QMI Incentive %,QMI Incentive $,QMI Incentive Type,QMI Interior/Exterior Attributes,Plan Features,Interior Specifications Descriptions,Overall Description of the Community,Plan Description,Attributes/Features,First Floor Master (Y/N),Plan Garage Entry (Front load),Garages (Y/N),Adult Community (Y/N),Previous Price,Last Updated
https://www.epconcommunities.com/find-your-home/communities/wisconsin/appleton--green-bay/winnebago/menasha/woodland-lakes-cottages/quick-move-in-homes/907-black-swan-drive-251,Woodland Lakes Cottages,"907 Black Swan Drive, Menasha, WI 54952",Menasha,WI,54952,Winnebago County,,44.2131,-88.3749,920-520-2197,Mon-Fri: 10am-4pm | Sat-Sun: 10am-4pm,https://www.epconcommunities.com,contract_pending,Epcon Communities,,,,,,,,,,,,,,,Y,Y,Capri II,Capri II,3,3,2,2,0,2,2,0,1,,1,SFD,1615,1615,,599900,599900,,2025-12-30,,,,,Courtyard: rear | Attachment: attached | Garage detached: no | Dining areas: 1 | Bonus suite: N | HERS: 0,,,"Woodland Lakes Cottages in perfectly located for your active adult lifestyle in Wisconsin. We are close to everything you may want to experience in this beautiful state. You will feel like you are on a permanent vacation yet so close to your lock and leave maintenance free home. Still maybe close by extended family and friends in possibly Milwaukee, Chicago and Madison and points beyond. Downtown Menasha-5 minutes Downtown Appleton-7 minutes Downtown Neenah 7 minutes Oshkosh area-15 minutes Green Bay area-20 minutes We are in the center of a inland water wonderland where fishing and every type of boating and water sports imaginable is available Lake Winnebago-1 minute away Fox River system-10 minutes away Wolf River system-15 minutes away Lake Michigan-45 minutes Lake Butte des Morts-15 minutes Lake Poygan-30 minutes You want spectator sports...we got it ! The Green Bay Packers and Lambeau Field…..it doesn't get better Milwaukee Bucks Wisconsin Timber Rattlers Wisconsin Badgers Music and Culture…we are on it ! Appleton Performing Arts Center Oshkosh Grand Theatre Want to get away quickly……….we have multiple airports close by Appleton Intl Airport-10 minutes away (all major airlines) Green Bay Intl Airport-30 minutes away (all major airlines) Milwaukee Mitchell Intl-1.5 hours (all major airlines) Chicago O'Hare=2.5 hours Right on your own Woodland Lakes property ! Clubhouse to mingle and entertain Resort style swimming pool Pickle ball courts Sailing Kayaking Canoeing Lake Beach Hiking Community Garden LET WOODLAND LAKES COTTAGES BE YOUR UP NORTH GETAWAY WITHOUT LEAVING HOME!","The Capri is the perfect fusion of luxurious design and modern functionality built with you in mind. Complete with multiple large bedrooms and flexible living rooms the Capri allows you to live your lifestyle without limits. Choose the outdoor space that fits your needs to enjoy your private courtyard Host guests in an extra room, split from the Owner's suite for additional privacy Cook in style in the gourmet kitchen with an open view to the Great Room Regardless of the extra amenities you choose, the Capri is a true single-level, open architecture home that makes efficient use of space and channels natural light. Thanks to its flexibility and elegance, the Capri is the perfect fit for all personalities and lifestyles. COMING SOON!",,Y,Front,Y,,,2026-04-15T17:56:50.983Z
https://www.epconcommunities.com/find-your-home/communities/wisconsin/appleton--green-bay/winnebago/menasha/woodland-lakes-cottages/quick-move-in-homes/903-black-swan-drive-252,Woodland Lakes Cottages,"903 Black Swan Drive, Menasha, WI 54952",Menasha,WI,54952,Winnebago County,,44.2138,-88.3749,920-520-2197,Mon-Fri: 10am-4pm | Sat-Sun: 10am-4pm,https://www.epconcommunities.com,available,Epcon Communities,,,,,,,,,,,,,,,Y,Y,Torino II,Torino II,2,2,2,2,0,2,2,0,1,,1,SFD,2194,2194,,,,,2026-08-01,,,,,Courtyard: rear | Attachment: attached | Garage detached: not_applicable | Dining areas: 0 | Bonus suite: N | HERS: 0,,,"Woodland Lakes Cottages in perfectly located for your active adult lifestyle in Wisconsin. We are close to everything you may want to experience in this beautiful state. You will feel like you are on a permanent vacation yet so close to your lock and leave maintenance free home. Still maybe close by extended family and friends in possibly Milwaukee, Chicago and Madison and points beyond. Downtown Menasha-5 minutes Downtown Appleton-7 minutes Downtown Neenah 7 minutes Oshkosh area-15 minutes Green Bay area-20 minutes We are in the center of a inland water wonderland where fishing and every type of boating and water sports imaginable is available Lake Winnebago-1 minute away Fox River system-10 minutes away Wolf River system-15 minutes away Lake Michigan-45 minutes Lake Butte des Morts-15 minutes Lake Poygan-30 minutes You want spectator sports...we got it ! The Green Bay Packers and Lambeau Field…..it doesn't get better Milwaukee Bucks Wisconsin Timber Rattlers Wisconsin Badgers Music and Culture…we are on it ! Appleton Performing Arts Center Oshkosh Grand Theatre Want to get away quickly……….we have multiple airports close by Appleton Intl Airport-10 minutes away (all major airlines) Green Bay Intl Airport-30 minutes away (all major airlines) Milwaukee Mitchell Intl-1.5 hours (all major airlines) Chicago O'Hare=2.5 hours Right on your own Woodland Lakes property ! Clubhouse to mingle and entertain Resort style swimming pool Pickle ball courts Sailing Kayaking Canoeing Lake Beach Hiking Community Garden LET WOODLAND LAKES COTTAGES BE YOUR UP NORTH GETAWAY WITHOUT LEAVING HOME!","The Torino II is an incredible, expansive home with features built to your exact specifications. With plenty of room for your oversized sofas, large dining room table, and room to spare, this elegant and wide open home allows you to easily and comfortably host friends and family. When you desire a home that can be built to satisfy your entertaining lifestyle, but also keep you in mind with the addition of thoughtfully-planned privacy features, look no further than the Torino II. Relax in peace and enjoy the view of the private courtyard Enjoy your delightful owner’s suite with a custom walk-in shower and double sinks with granite counters Welcome your guests in grand fashion thanks to the special front entry porch Like the rest of the home, the gourmet kitchen offers plenty of room, making it the ideal place to have a quick meal or prepare a grand feast for family and friends. An optional bonus suite adds even greater flexibility and comfort for those dear guests that come to visit. For those who believe that the home is where the heart is, rejoice with the Torino II. COMING SOON! Torino with basement.",,Y,Front,Y,,,2026-01-23T16:28:39.327Z
https://www.epconcommunities.com/find-your-home/communities/wisconsin/appleton--green-bay/winnebago/menasha/woodland-lakes-cottages/quick-move-in-homes/895-black-swan-drive-254,Woodland Lakes Cottages,"895 Black Swan Drive, Menasha, WI 54952",Menasha,WI,54952,Winnebago County,,44.2135,-88.3749,920-520-2197,Mon-Fri: 10am-4pm | Sat-Sun: 10am-4pm,https://www.epconcommunities.com,available,Epcon Communities,,,,,,,,,,,,,,,Y,Y,Portico,Portico,2.5,2.5,3,3,0,3,3,0,1,,1,SFD,2632,2632,,649900,649900,,2024-10-13,,,,,Courtyard: side | Attachment: attached | Garage detached: no | Dining areas: 0 | Bonus suite: Y | HERS: 0,,,"Woodland Lakes Cottages in perfectly located for your active adult lifestyle in Wisconsin. We are close to everything you may want to experience in this beautiful state. You will feel like you are on a permanent vacation yet so close to your lock and leave maintenance free home. Still maybe close by extended family and friends in possibly Milwaukee, Chicago and Madison and points beyond. Downtown Menasha-5 minutes Downtown Appleton-7 minutes Downtown Neenah 7 minutes Oshkosh area-15 minutes Green Bay area-20 minutes We are in the center of a inland water wonderland where fishing and every type of boating and water sports imaginable is available Lake Winnebago-1 minute away Fox River system-10 minutes away Wolf River system-15 minutes away Lake Michigan-45 minutes Lake Butte des Morts-15 minutes Lake Poygan-30 minutes You want spectator sports...we got it ! The Green Bay Packers and Lambeau Field…..it doesn't get better Milwaukee Bucks Wisconsin Timber Rattlers Wisconsin Badgers Music and Culture…we are on it ! Appleton Performing Arts Center Oshkosh Grand Theatre Want to get away quickly……….we have multiple airports close by Appleton Intl Airport-10 minutes away (all major airlines) Green Bay Intl Airport-30 minutes away (all major airlines) Milwaukee Mitchell Intl-1.5 hours (all major airlines) Chicago O'Hare=2.5 hours Right on your own Woodland Lakes property ! Clubhouse to mingle and entertain Resort style swimming pool Pickle ball courts Sailing Kayaking Canoeing Lake Beach Hiking Community Garden LET WOODLAND LAKES COTTAGES BE YOUR UP NORTH GETAWAY WITHOUT LEAVING HOME!","The Portico is a beautiful and striking home designed with functional excellence to promote easy manageability. Dramatic transitions like the formal entryway highlight the elegance and quality of the open, efficient design. Complementing the exquisiteness of the home are such amenities as the gourmet kitchen and private den that allow you to live in comfort with all the conveniences you desire. Enjoy the private owner’s suite nicely designed with spacious bath Take advantage of abundant storage and organizational spaces Gather with friends and family in the home's large, centrally located kitchen Additionally, the Portico offers intelligent features including a conveniently located laundry room, generous storage space, and the added versatility of a bonus suite perfect for a guest room. All things considered, the Portico provides a luxurious yet casual living experience that caters to your lifestyle desires. NOW AVAILABLE!",,Y,Front,Y,,,2025-05-29T14:57:19.624Z
https://www.epconcommunities.com/find-your-home/communities/wisconsin/appleton--green-bay/brown/de-pere/the-bungalows-of-de-pere/quick-move-in-homes/1629-n-honeysuckle-circle-5,The Bungalows of De Pere,"1629 N. Honeysuckle Circle, De Pere, WI 54115",De Pere,WI,54115,Brown County,,44.4204,-88.1130,920-504-2970,Mon-Fri: 10am-4pm | Sat-Sun: 10am-4pm,https://www.epconcommunities.com,available,Epcon Communities,,,,,,,,,,,,,,,Y,Y,Promenade III,Promenade III,2.5,2.5,2,2,0,2,2,0,1,,1,SFD,2067,2067,,679900,679900,,2024-10-19,,,,,Courtyard: side | Attachment: attached | Garage detached: no | Dining areas: 0 | Bonus suite: N | HERS: 0,,,"The Bungalows of De Pere is an Epcon community located in De Pere, Wisconsin area offering luxury ranch homes with private courtyards. We will build your dream home from one of over six breathtaking floorplans. We offer gorgeous homesites in one of the most sought after cites to live and play in Northeast Wisconsin. We are De Pere's newest low maintenance single-level living community. Feel like you are on vacation every day yet so close to your new dream home.","Welcome to the Promenade III, one of our largest and most spectacular homes. The Promenade III is an elegant, open home with plenty of room for your oversized sofas and dining room furniture. The gourmet kitchen with center island and walk-in pantry make it the ideal place to have a quick meal or prepare a grand feast for family and friends. Relax in the secluded den or the private courtyard Relish in the spacious owner's suite Easily corral your belongings in the mudroom and additional storage space This expertly designed wide open home allows you to easily and comfortably host friends and family and steal away to enjoy a moment of peaceful privacy. For those who believe that the home is where the heart is, rejoice with the Promenade III. COMING SOON!",,Y,Front,Y,,,2024-09-25T18:36:35.480Z
https://www.epconcommunities.com/find-your-home/communities/wisconsin/appleton--green-bay/brown/de-pere/the-bungalows-of-de-pere/quick-move-in-homes/1624-n-honeysuckle-circle-33,The Bungalows of De Pere,"1624 N. Honeysuckle Circle, De Pere, WI 54115",De Pere,WI,54115,Brown County,,44.4209,-88.1131,920-504-2970,Mon-Fri: 10am-4pm | Sat-Sun: 10am-4pm,https://www.epconcommunities.com,available,Epcon Communities,,,,,,,,,,,,,,,Y,Y,Portico,Portico,2.5,2.5,2,2,0,2,2,0,1,,1,SFD,1879,1879,,,,,2026-06-01,,,,,Courtyard: side | Attachment: attached | Garage detached: not_applicable | Dining areas: 0 | Bonus suite: N | HERS: 0,,,"The Bungalows of De Pere is an Epcon community located in De Pere, Wisconsin area offering luxury ranch homes with private courtyards. We will build your dream home from one of over six breathtaking floorplans. We offer gorgeous homesites in one of the most sought after cites to live and play in Northeast Wisconsin. We are De Pere's newest low maintenance single-level living community. Feel like you are on vacation every day yet so close to your new dream home.","The Portico is a beautiful and striking home designed with functional excellence to promote easy manageability. Dramatic transitions like the formal entryway highlight the elegance and quality of the open, efficient design. Complementing the exquisiteness of the home are such amenities as the gourmet kitchen and private den that allow you to live in comfort with all the conveniences you desire. Enjoy the private owner’s suite nicely designed with spacious bath Take advantage of abundant storage and organizational spaces Gather with friends and family in the home's large, centrally located kitchen Additionally, the Portico offers intelligent features including a conveniently located laundry room, generous storage space, and the added versatility of a bonus suite perfect for a guest room. All things considered, the Portico provides a luxurious yet casual living experience that caters to your lifestyle desires. COMING SOON! Portico Zero Entry with Basement",,Y,Front,Y,,,2026-01-23T16:15:26.617Z
https://www.epconcommunities.com/find-your-home/communities/wisconsin/appleton--green-bay/brown/de-pere/the-bungalows-of-de-pere/quick-move-in-homes/1617-n-honeysuckle-circle-3,The Bungalows of De Pere,"1617 N. Honeysuckle Circle, De Pere, WI 54115",De Pere,WI,54115,Brown County,,44.4203,-88.1132,920-504-2970,Mon-Fri: 10am-4pm | Sat-Sun: 10am-4pm,https://www.epconcommunities.com,available,Epcon Communities,,,,,,,,,,,,,,,Y,Y,Salerno II,Salerno II,2.5,2.5,2,2,0,2,2,0,0,,0,SFD,1876,1876,,599900,599900,,2025-11-01,,,,,Courtyard: rear | Attachment: attached | Garage detached: not_applicable | Dining areas: 0 | Bonus suite: N | HERS: 0,,,"The Bungalows of De Pere is an Epcon community located in De Pere, Wisconsin area offering luxury ranch homes with private courtyards. We will build your dream home from one of over six breathtaking floorplans. We offer gorgeous homesites in one of the most sought after cites to live and play in Northeast Wisconsin. We are De Pere's newest low maintenance single-level living community. Feel like you are on vacation every day yet so close to your new dream home.","The Salerno is a thoughtfully designed home with functional space and an open floor plan with generous storage space. Features like the 9 foot ceilings highlight the elegance and quality of the open, efficient design. The home offers an open dinette, large eat in kitchen and great room with access to the private outdoor living space. This home is in the Bungalows of De Pere HOA community which offers services and amenities that include: lawn care, snow removal, clubhouse with fitness center, outdoor heated pool and pickle ball court. $1,000 reserve contribution to HOA due upon closing.",,Y,Front,Y,,,2026-04-20T15:58:48.664Z
https://www.epconcommunities.com/find-your-home/communities/texas/houston/harris/tomball/winfrey-estates/quick-move-in-homes/23647-golden-birch-bend-6,Winfrey Estates,"23647 Golden Birch Bend, Tomball, TX 77375",Tomball,TX,77375,Harris County,,30.1053,-95.5989,346-315-3851,Mon-Sat: 10am-5pm | Sun: 12pm-5pm,https://www.epconcommunities.com,available,Epcon Communities,,,,,,,,,,,,,,,Y,Y,Portico,Portico,2,2,2,2,0,2,2,0,1,,1,SFD,1776,1776,,451528,451528,,2025-10-03,,,,,Courtyard: side | Attachment: attached | Garage detached: not_applicable | Dining areas: 1 | Bonus suite: N | HERS: 0,,,"Winfrey Estates is a charming 55+ active adult community located in Houston, Texas, offering a peaceful yet vibrant lifestyle for those looking to enjoy this chapter of their life to the fullest. Nestled in a scenic suburban setting, Winfrey Estates combines the tranquility of nature with the convenience of urban amenities, making it an ideal place for active adults who want the best of both worlds. This thoughtfully planned community is designed with the needs and preferences of its residents in mind. The homes at Winfrey Estates reflect modern architectural styles and feature low-maintenance designs, providing the perfect balance between comfort and functionality. Spacious single-story homes, energy-efficient features, and open floor plans allow for a seamless living experience, ensuring that residents can enjoy both relaxation and entertainment in their homes. Our homes also come with courtyards, offering the opportunity to enjoy the Texas weather year-round. At Winfrey Estates, staying active and socially engaged is effortless. The community offers a variety of amenities to foster an active, fulfilling lifestyle. Residents can take advantage of walking trails, fitness center, and beautifully landscaped outdoor spaces perfect for leisurely strolls or morning jogs. For those who enjoy a more structured social environment, there are clubhouse activities, hobby groups, and organized events that allow residents to form lasting connections with their neighbors. Whether it’s a game of pickleball, a fitness class, or an evening social, there’s always something happening to keep the community lively and engaged. The location of Winfrey Estates in Tomball provides easy access to a variety of shopping, dining, and entertainment options. Just a short drive away, residents can explore Tomball’s charming downtown area, known for its boutique shops, local eateries, and year-round festivals.","The Portico is a beautiful and striking home designed with functional excellence to promote easy manageability. Dramatic transitions like the formal entryway highlight the elegance and quality of the open, efficient design. Complementing the exquisiteness of the home are such amenities as the gourmet kitchen and private den that allow you to live in comfort with all the conveniences you desire. Additionally, the Portico offers intelligent features including a conveniently located laundry room, generous storage space, and the added versatility of a bonus suite perfect for a guest room. All things considered, the Portico provides a luxurious yet casual living experience that caters to your lifestyle desires. An elegant, light-filled design.","Winfrey Estates offers a wide range of amenities designed to support an active and fulfilling lifestyle for its 55+ active adult residents. The community features beautifully landscaped walking trails, perfect for leisurely strolls or morning exercise. A well-equipped fitness center encourages healthy living, while the community clubhouse serves as a hub for social activities, gatherings, and events. Residents can enjoy outdoor recreation with amenities like pickleball courts and outdoor seating areas, creating opportunities for friendly competition and relaxation. Hobby groups, classes, and planned activities ensure there's always something to do, fostering a vibrant social atmosphere. The tranquil setting, combined with low-maintenance homes and a peaceful environment, allows residents to focus on enjoying their retirement. Additionally, Winfrey Estates is conveniently located near shopping, dining, healthcare, and parks, ensuring all necessities are within easy reach.",Y,Front,Y,,,2025-10-03T16:16:05.323Z
https://www.epconcommunities.com/find-your-home/communities/texas/houston/harris/tomball/winfrey-estates/quick-move-in-homes/1306-hidden-oaks-dr-29,Winfrey Estates,"1306 Hidden Oaks Dr, Tomball, TX 77375",Tomball,TX,77375,Harris County,,30.1052,-95.5972,346-315-3851,Mon-Sat: 10am-5pm | Sun: 12pm-5pm,https://www.epconcommunities.com,available,Epcon Communities,,,,,,,,,,,,,,,Y,Y,Portico,Portico,2,2,4,3,0,4,3,0,2,,2,SFD,2468,2468,,450000,450000,,2025-02-20,,,,,Courtyard: side | Attachment: attached | Garage detached: no | Dining areas: 1 | Bonus suite: Y | HERS: 0,,,"Winfrey Estates is a charming 55+ active adult community located in Houston, Texas, offering a peaceful yet vibrant lifestyle for those looking to enjoy this chapter of their life to the fullest. Nestled in a scenic suburban setting, Winfrey Estates combines the tranquility of nature with the convenience of urban amenities, making it an ideal place for active adults who want the best of both worlds. This thoughtfully planned community is designed with the needs and preferences of its residents in mind. The homes at Winfrey Estates reflect modern architectural styles and feature low-maintenance designs, providing the perfect balance between comfort and functionality. Spacious single-story homes, energy-efficient features, and open floor plans allow for a seamless living experience, ensuring that residents can enjoy both relaxation and entertainment in their homes. Our homes also come with courtyards, offering the opportunity to enjoy the Texas weather year-round. At Winfrey Estates, staying active and socially engaged is effortless. The community offers a variety of amenities to foster an active, fulfilling lifestyle. Residents can take advantage of walking trails, fitness center, and beautifully landscaped outdoor spaces perfect for leisurely strolls or morning jogs. For those who enjoy a more structured social environment, there are clubhouse activities, hobby groups, and organized events that allow residents to form lasting connections with their neighbors. Whether it’s a game of pickleball, a fitness class, or an evening social, there’s always something happening to keep the community lively and engaged. The location of Winfrey Estates in Tomball provides easy access to a variety of shopping, dining, and entertainment options. Just a short drive away, residents can explore Tomball’s charming downtown area, known for its boutique shops, local eateries, and year-round festivals.","The Portico is a beautiful and striking home designed with functional excellence to promote easy manageability. Dramatic transitions like the formal entryway highlight the elegance and quality of the open, efficient design. Complementing the exquisiteness of the home are such amenities as the kitchen and flex room that allow you to live in comfort with all the conveniences you desire. Additionally, the Portico offers intelligent features including a conveniently located laundry room, generous storage space, and the added versatility of a bonus suite perfect for a guest room. All things considered, the Portico provides a luxurious yet casual living experience that caters to your lifestyle desires. An elegant, light-filled design.","Winfrey Estates offers a wide range of amenities designed to support an active and fulfilling lifestyle for its 55+ active adult residents. The community features beautifully landscaped walking trails, perfect for leisurely strolls or morning exercise. A well-equipped fitness center encourages healthy living, while the community clubhouse serves as a hub for social activities, gatherings, and events. Residents can enjoy outdoor recreation with amenities like pickleball courts and outdoor seating areas, creating opportunities for friendly competition and relaxation. Hobby groups, classes, and planned activities ensure there's always something to do, fostering a vibrant social atmosphere. The tranquil setting, combined with low-maintenance homes and a peaceful environment, allows residents to focus on enjoying their retirement. Additionally, Winfrey Estates is conveniently located near shopping, dining, healthcare, and parks, ensuring all necessities are within easy reach.",Y,Front,Y,,,2026-02-14T17:55:37.833Z
https://www.epconcommunities.com/find-your-home/communities/texas/houston/harris/tomball/winfrey-estates/quick-move-in-homes/1206-hidden-oaks-dr-22,Winfrey Estates,"1206 Hidden Oaks Dr, Tomball, TX 77375",Tomball,TX,77375,Harris County,,30.1052,-95.5984,346-315-3851,Mon-Sat: 10am-5pm | Sun: 12pm-5pm,https://www.epconcommunities.com,available,Epcon Communities,,,,,,,,,,,,,,,Y,Y,Palazzo,Palazzo,2,2,2,2,0,2,2,0,1,,1,SFD,1519,1519,,375000,375000,,2025-03-22,,,,,Courtyard: side | Attachment: attached | Garage detached: not_applicable | Dining areas: 1 | Bonus suite: N | HERS: 0,,,"Winfrey Estates is a charming 55+ active adult community located in Houston, Texas, offering a peaceful yet vibrant lifestyle for those looking to enjoy this chapter of their life to the fullest. Nestled in a scenic suburban setting, Winfrey Estates combines the tranquility of nature with the convenience of urban amenities, making it an ideal place for active adults who want the best of both worlds. This thoughtfully planned community is designed with the needs and preferences of its residents in mind. The homes at Winfrey Estates reflect modern architectural styles and feature low-maintenance designs, providing the perfect balance between comfort and functionality. Spacious single-story homes, energy-efficient features, and open floor plans allow for a seamless living experience, ensuring that residents can enjoy both relaxation and entertainment in their homes. Our homes also come with courtyards, offering the opportunity to enjoy the Texas weather year-round. At Winfrey Estates, staying active and socially engaged is effortless. The community offers a variety of amenities to foster an active, fulfilling lifestyle. Residents can take advantage of walking trails, fitness center, and beautifully landscaped outdoor spaces perfect for leisurely strolls or morning jogs. For those who enjoy a more structured social environment, there are clubhouse activities, hobby groups, and organized events that allow residents to form lasting connections with their neighbors. Whether it’s a game of pickleball, a fitness class, or an evening social, there’s always something happening to keep the community lively and engaged. The location of Winfrey Estates in Tomball provides easy access to a variety of shopping, dining, and entertainment options. Just a short drive away, residents can explore Tomball’s charming downtown area, known for its boutique shops, local eateries, and year-round festivals.","The single-level Palazzo floorplan at Winfrey Estates is crafted for those seeking expansive, luxurious living all on one floor. It's open layout features large, airy rooms that flow effortlessly into outdoor spaces, ideal for entertaining of unwinding. Elegant finishes and custom architectural touches throughout the home highlight its sophistication and grandeur. Offering modern amenities and meticulous design, the Palazzo combines comfort and refined style, delivering an exceptional upscale living experience. Energized by abundant living space.","Winfrey Estates offers a wide range of amenities designed to support an active and fulfilling lifestyle for its 55+ active adult residents. The community features beautifully landscaped walking trails, perfect for leisurely strolls or morning exercise. A well-equipped fitness center encourages healthy living, while the community clubhouse serves as a hub for social activities, gatherings, and events. Residents can enjoy outdoor recreation with amenities like pickleball courts and outdoor seating areas, creating opportunities for friendly competition and relaxation. Hobby groups, classes, and planned activities ensure there's always something to do, fostering a vibrant social atmosphere. The tranquil setting, combined with low-maintenance homes and a peaceful environment, allows residents to focus on enjoying their retirement. Additionally, Winfrey Estates is conveniently located near shopping, dining, healthcare, and parks, ensuring all necessities are within easy reach.",Y,Front,Y,,,2026-02-14T17:57:01.971Z
https://www.epconcommunities.com/find-your-home/communities/texas/college-station/brazos/college-station/lakeside-at-millican-reserve/quick-move-in-homes/4064-lakeside-club-drive-model,Lakeside at Millican Reserve,"4064 Lakeside Club Drive, College Station, TX 77845",College Station,TX,77845,Brazos County,,30.4909,-96.2541,210-587-2235,Mon-Fri: 8am-5pm | Sat-Sun: Call for Appointment,https://www.epconcommunities.com,available,Epcon Communities,,,,,,,,,,,,,,,Y,Y,Portico,Portico,2,2,3,3,0,3,3,0,2,,2,SFD,2612,2612,,749900,749900,,2026-06-30,,,,,Courtyard: side | Attachment: attached | Garage detached: not_applicable | Dining areas: 0 | Bonus suite: Y | HERS: 0,,,"Lakeside at Millican Reserve is College Station's premier 55+ community, thoughtfully designed for active adults who value comfort, connection, and convenience. Nestled within the scenic Millican Reserve, this neighborhood offers a lock-and-leave lifestyle, with low-maintenance homes and access to a wide range of amenities that make everyday living feel like a retreat.","4064 Lakeside Club Drive is a thoughtfully designed new construction home located within College Station’s first premier 55+ active adult community! In the Millican Reserve Conservancy, residents enjoy access to over 1,000 acres of preserved land, 40+ miles of trails, Lake Prescott, a community garden, and planned private amenities including a clubhouse, pool, pickleball court, and fitness center. With an expected completion in July 2026, there is time remaining to personalize select interior finishes! Featuring the Portico floor plan, this 2,612 square foot home includes 3 bedrooms, 3 full bathrooms, and a dedicated office on the main level, along with a spacious primary suite highlighted by beams in the ceiling and a private sitting room. The kitchen is beautifully upgraded with two rows of upper cabinets with glass-front uppers, an upgraded GE Cafe gas cooktop, and enhanced lighting, while wood-look tile flooring and upgraded millwork add a refined touch throughout the main living areas. The second floor offers a private bonus suite with an additional living or game room, a bedroom, a full bathroom, and storage, ideal for guests. Additional features include a gas fireplace, epoxy-coated garage floor, and a 250-gallon underground propane tank servicing the cooktop, fireplace, water heater, and a gas stub on the porch. Universal design elements and lawn maintenance included support easy, lock-and-leave living. The Portico is a stunning home designed for today's casual lifestyle.","Lakeside at Millican Reserve is a 55+ community designed for those who want to embrace a low-maintenance, active lifestyle without sacrificing comfort or connection. Our completely lock-and-leave homes allow residents to enjoy more free time, as all lawn maintenance is taken care of. At the heart of the community will be a private clubhouse featuring a fitness center, pickleball court, and pool- perfect for staying active and socializing with neighbors. Residents of Lakeside also enjoy access to the greater Millican Reserve amenities, including over 40 miles of scenic walking trails, the community garden, and beautiful Lake Prescott. At Lakeside, we believe in connecting with nature, spending more time with the people you love, and providing everything you need to live an active, yet relaxed lifestyle.",Y,Front,Y,,,2026-03-10T14:18:01.931Z
https://www.epconcommunities.com/find-your-home/communities/texas/college-station/brazos/college-station/lakeside-at-millican-reserve/quick-move-in-homes/4060-lakeside-club-drive-1,Lakeside at Millican Reserve,"4060 Lakeside Club Drive, College Station, TX 77845",College Station,TX,77845,Brazos County,,30.4912,-96.2537,210-587-2235,Mon-Fri: 8am-5pm | Sat-Sun: Call for Appointment,https://www.epconcommunities.com,available,Epcon Communities,,,,,,,,,,,,,,,Y,Y,Promenade,Promenade,2,2,2,2,0,2,2,0,1,,1,SFD,2150,2150,,639900,639900,,2026-08-01,,,,,Courtyard: side | Attachment: attached | Garage detached: not_applicable | Dining areas: 0 | Bonus suite: N | HERS: 0,,,"Lakeside at Millican Reserve is College Station's premier 55+ community, thoughtfully designed for active adults who value comfort, connection, and convenience. Nestled within the scenic Millican Reserve, this neighborhood offers a lock-and-leave lifestyle, with low-maintenance homes and access to a wide range of amenities that make everyday living feel like a retreat.","4060 Lakeside Club Drive is a thoughtfully designed new construction home in College Station's first premier 55+ active adult community! Located within the Millican Reserve Conservancy, residents enjoy access to over 1,000 acres of preserved land, 40+ miles of hiking, biking, and walking trails, water activities on Lake Prescott, a community garden, and planned private amenities including a clubhouse, pool, pickleball court, and fitness center designed exclusively for Lakeside residents. Offering 2,150 square feet of well-planned living space, with expected completion in July 2026 and still time to customize your selections. Featuring the popular Promenade floor plan, this home includes 2 bedrooms, 2 bathrooms, and a flexible office/den that can also serve as a third bedroom. The spacious Owner’s suite is highlighted by beams in the tray ceiling, two large walk-in closets, and a spa-like bathroom with zero-threshold shower entry, while the home is upgraded to the Craftsman design package, providing elevated finishes throughout. Universal design features include zero-threshold entry at the garage and shower for ease of living, while a private side courtyard and lawn maintenance included enhance the home’s lock-and-leave lifestyle. The Promenade is an elegant, open home with plenty of room for you.","Lakeside at Millican Reserve is a 55+ community designed for those who want to embrace a low-maintenance, active lifestyle without sacrificing comfort or connection. Our completely lock-and-leave homes allow residents to enjoy more free time, as all lawn maintenance is taken care of. At the heart of the community will be a private clubhouse featuring a fitness center, pickleball court, and pool- perfect for staying active and socializing with neighbors. Residents of Lakeside also enjoy access to the greater Millican Reserve amenities, including over 40 miles of scenic walking trails, the community garden, and beautiful Lake Prescott. At Lakeside, we believe in connecting with nature, spending more time with the people you love, and providing everything you need to live an active, yet relaxed lifestyle.",Y,Front,Y,,,2026-03-27T19:13:05.415Z
https://www.epconcommunities.com/find-your-home/communities/texas/college-station/brazos/college-station/lakeside-at-millican-reserve/quick-move-in-homes/4056-lakeside-club-drive-2,Lakeside at Millican Reserve,"4056 Lakeside Club Drive, College Station, TX 77845",College Station,TX,77845,Brazos County,,30.4905,-96.2534,210-587-2235,Mon-Fri: 8am-5pm | Sat-Sun: Call for Appointment,https://www.epconcommunities.com,available,Epcon Communities,,,,,,,,,,,,,,,Y,Y,Palazzo,Palazzo,2,2,3,3,0,3,3,0,2,,2,SFD,2138,2138,,629900,629900,,2026-08-02,,,,,Courtyard: side | Attachment: attached | Garage detached: not_applicable | Dining areas: 0 | Bonus suite: Y | HERS: 0,,,"Lakeside at Millican Reserve is College Station's premier 55+ community, thoughtfully designed for active adults who value comfort, connection, and convenience. Nestled within the scenic Millican Reserve, this neighborhood offers a lock-and-leave lifestyle, with low-maintenance homes and access to a wide range of amenities that make everyday living feel like a retreat.","4056 Lakeside Club Drive is a thoughtfully designed new construction home located in College Station’s first premier 55+ active adult community! Within the Millican Reserve Conservancy, residents enjoy access to over 1,000 acres of preserved land, 40+ miles of hiking, biking, and walking trails, water activities on Lake Prescott, a community garden, and planned private amenities including a clubhouse, pool, pickleball court, and fitness center designed exclusively for Lakeside residents. With expected completion in July 2026, there is still time to personalize your interior selections! Featuring the popular Palazzo floor plan, this 2,138 square foot home includes 3 bedrooms and 3 full bathrooms, with a second-floor bonus suite and full bath perfect for guests or a private retreat. The main level also features a four-seasons room that can serve as an office, den, or additional living space, along with a private side courtyard ideal for relaxing or entertaining. The Owner’s suite is highlighted by beams in the tray ceiling, and the home is upgraded with the Craftsman design package, offering elevated finishes throughout, along with beautiful brick exterior elements. Universal design features include zero-threshold shower entry and zero-threshold garage entry, supporting comfortable, long-term living, while lawn maintenance included allows for an easy lock-and-leave lifestyle. Welcome to the Palazzo– where timeless elegance meets modern functionality.","Lakeside at Millican Reserve is a 55+ community designed for those who want to embrace a low-maintenance, active lifestyle without sacrificing comfort or connection. Our completely lock-and-leave homes allow residents to enjoy more free time, as all lawn maintenance is taken care of. At the heart of the community will be a private clubhouse featuring a fitness center, pickleball court, and pool- perfect for staying active and socializing with neighbors. Residents of Lakeside also enjoy access to the greater Millican Reserve amenities, including over 40 miles of scenic walking trails, the community garden, and beautiful Lake Prescott. At Lakeside, we believe in connecting with nature, spending more time with the people you love, and providing everything you need to live an active, yet relaxed lifestyle.",Y,Front,Y,,,2026-03-27T19:17:15.508Z
https://www.epconcommunities.com/find-your-home/communities/texas/college-station/brazos/college-station/lakeside-at-millican-reserve/quick-move-in-homes/4052-lakeside-club-drive-3,Lakeside at Millican Reserve,"4052 Lakeside Club Drive, College Station, TX 77845",College Station,TX,77845,Brazos County,,30.4928,-96.2521,210-587-2235,Mon-Fri: 8am-5pm | Sat-Sun: Call for Appointment,https://www.epconcommunities.com,available,Epcon Communities,,,,,,,,,,,,,,,Y,Y,Portico,Portico,2,2,2,2,0,2,2,0,1,,1,SFD,1878,1878,,599900,599900,,2026-09-30,,,,,Courtyard: side | Attachment: attached | Garage detached: not_applicable | Dining areas: 0 | Bonus suite: N | HERS: 0,,,"Lakeside at Millican Reserve is College Station's premier 55+ community, thoughtfully designed for active adults who value comfort, connection, and convenience. Nestled within the scenic Millican Reserve, this neighborhood offers a lock-and-leave lifestyle, with low-maintenance homes and access to a wide range of amenities that make everyday living feel like a retreat.","Looking for a luxurious yet practical home that caters to your lifestyle needs? The Portico is the perfect choice for you. This single-level home features a functional yet elegant design emphasizing manageability and convenience. Here are some of the highlights of the Portico: A grand entrance that leads to an efficient, open layout Luxurious amenities, such as an optional gourmet kitchen and a private den Spacious owner's suite with a beautiful bathroom and ample storage space Convenient features include a centrally located laundry room and a flexible bonus suite that can serve as a guest room The Portico offers an unmatched blend of luxury and comfort. It's a home designed to make your life easier and more enjoyable. The Portico is a stunning home designed for today's casual lifestyle.","Lakeside at Millican Reserve is a 55+ community designed for those who want to embrace a low-maintenance, active lifestyle without sacrificing comfort or connection. Our completely lock-and-leave homes allow residents to enjoy more free time, as all lawn maintenance is taken care of. At the heart of the community will be a private clubhouse featuring a fitness center, pickleball court, and pool- perfect for staying active and socializing with neighbors. Residents of Lakeside also enjoy access to the greater Millican Reserve amenities, including over 40 miles of scenic walking trails, the community garden, and beautiful Lake Prescott. At Lakeside, we believe in connecting with nature, spending more time with the people you love, and providing everything you need to live an active, yet relaxed lifestyle.",Y,Front,Y,,,2026-03-10T14:16:00.179Z
https://www.epconcommunities.com/find-your-home/communities/tennessee/nashville/rutherford/smyrna/the-courtyards-at-stewarts-creek/quick-move-in-homes/520-restoration-drive-12,The Courtyards at Stewarts Creek,"520 Restoration Drive, Smyrna, TN 37167",Smyrna,TN,37167,Rutherford County,,35.9250,-86.5836,629-205-7404,"Sunday - Monday, 12pm to 6pm | Tuesday - Saturday, 10am to 6pm",https://www.epconcommunities.com,available,Epcon Communities,,,,,,,,,,,,,,,Y,Y,Promenade,Promenade,2,2,3,3,0,3,3,0,2,,2,SFD,2850,2850,,798764,798764,,2025-06-28,,,,,Courtyard: side | Attachment: detached | Garage detached: no | Dining areas: 0 | Bonus suite: Y | HERS: 0,,,"Welcome to The Courtyards at Stewarts Creek, Epcon's first Nashville-area 55+ active lifestyle community , located in Smyrna, TN. Our boutique, low-maintenance community offers thoughtfully designed luxury ranch homes filled with abundant natural light, open floor plans and private, outdoor courtyards, ensuring you'll live well every day. With an impressive line-up of resort-style amenities such as a clubhouse, pool, pickleball, bocce ball and a pocket park, there's something for everyone to enjoy. And with never having to worry about lawn maintenance again, you'll have more time for your want-tos rather than your have-tos. The Courtyards at Stewarts Creek presents the best of both worlds – the serenity of suburban living coupled with nearby entertainment, dining and retail for your convenience. Nestled in close proximity to downtown Nashville, this special community offers an enviable location with easy access to the vibrant heart of the city. We invite you to schedule an appointment with our team today!","Looking for a spacious home that can comfortably accommodate your oversized furniture and host your family and friends? The Promenade Bonus is the ideal option - This expertly designed house offers ample space for all your needs, along with a range of features to help you relax and recharge. Here are some of the highlights: Optional gourmet kitchen with center island and walk-in pantry Secluded den and private courtyard for peaceful moments Spacious owner's suite and bath for ultimate relaxation Mudroom with additional storage space for easy organization For those who believe that the home is where the heart is, look no further than the Promenade. Come see it for yourself and experience the best of modern living. The Promenade Bonus is an elegant, open home with plenty of room for you.",,Y,Front,Y,,,2026-03-05T21:44:44.619Z
https://www.epconcommunities.com/find-your-home/communities/tennessee/nashville/rutherford/smyrna/the-courtyards-at-stewarts-creek/quick-move-in-homes/516-restoration-drive-11,The Courtyards at Stewarts Creek,"516 Restoration Drive, Smyrna, TN 37167",Smyrna,TN,37167,Rutherford County,,35.9252,-86.5836,629-205-7404,"Sunday - Monday, 12pm to 6pm | Tuesday - Saturday, 10am to 6pm",https://www.epconcommunities.com,available,Epcon Communities,,,,,,,,,,,,,,,Y,Y,Promenade,Promenade,2,2,2,2,0,2,2,0,1,,1,SFD,2179,2179,,758406,758406,,2025-08-29,,,,,Courtyard: side | Attachment: detached | Garage detached: no | Dining areas: 0 | Bonus suite: N | HERS: 0,,,"Welcome to The Courtyards at Stewarts Creek, Epcon's first Nashville-area 55+ active lifestyle community , located in Smyrna, TN. Our boutique, low-maintenance community offers thoughtfully designed luxury ranch homes filled with abundant natural light, open floor plans and private, outdoor courtyards, ensuring you'll live well every day. With an impressive line-up of resort-style amenities such as a clubhouse, pool, pickleball, bocce ball and a pocket park, there's something for everyone to enjoy. And with never having to worry about lawn maintenance again, you'll have more time for your want-tos rather than your have-tos. The Courtyards at Stewarts Creek presents the best of both worlds – the serenity of suburban living coupled with nearby entertainment, dining and retail for your convenience. Nestled in close proximity to downtown Nashville, this special community offers an enviable location with easy access to the vibrant heart of the city. We invite you to schedule an appointment with our team today!","Looking for a spacious home that can comfortably accommodate your oversized furniture and host your family and friends? The Promenade is the ideal option - This expertly designed house offers ample space for all your needs, along with a range of features to help you relax and recharge. Here are some of the highlights: Optional gourmet kitchen with center island and walk-in pantry Secluded den and private courtyard for peaceful moments Spacious owner's suite and bath for ultimate relaxation Mudroom with additional storage space for easy organization For those who believe that the home is where the heart is, look no further than the Promenade. Come see it for yourself and experience the best of modern living. The Promenade is an elegant, open home with plenty of room for you.",,Y,Front,Y,,,2026-03-05T21:44:06.601Z
https://www.epconcommunities.com/find-your-home/communities/tennessee/nashville/rutherford/smyrna/the-courtyards-at-stewarts-creek/quick-move-in-homes/512-restoration-drive-10,The Courtyards at Stewarts Creek,"512 Restoration Drive, Smyrna, TN 37167",Smyrna,TN,37167,Rutherford County,,35.9250,-86.5836,629-205-7404,"Sunday - Monday, 12pm to 6pm | Tuesday - Saturday, 10am to 6pm",https://www.epconcommunities.com,sold,Epcon Communities,,,,,,,,,,,,,,,Y,Y,Palazzo,Palazzo,2.5,2.5,2,2,0,2,2,0,1,,1,SFD,1696,1696,,640602,640602,,2025-04-01,,,,,Courtyard: side | Attachment: detached | Garage detached: no | Dining areas: 0 | Bonus suite: N | HERS: 0,,,"Welcome to The Courtyards at Stewarts Creek, Epcon's first Nashville-area 55+ active lifestyle community , located in Smyrna, TN. Our boutique, low-maintenance community offers thoughtfully designed luxury ranch homes filled with abundant natural light, open floor plans and private, outdoor courtyards, ensuring you'll live well every day. With an impressive line-up of resort-style amenities such as a clubhouse, pool, pickleball, bocce ball and a pocket park, there's something for everyone to enjoy. And with never having to worry about lawn maintenance again, you'll have more time for your want-tos rather than your have-tos. The Courtyards at Stewarts Creek presents the best of both worlds – the serenity of suburban living coupled with nearby entertainment, dining and retail for your convenience. Nestled in close proximity to downtown Nashville, this special community offers an enviable location with easy access to the vibrant heart of the city. We invite you to schedule an appointment with our team today!",Looking for a home that offers a comfortable and luxurious living experience? Look no further than the Palazzo! This welcoming and vibrant home is filled with natural light and offers adaptable living spaces that cater to your needs. Here are some of the features that make the Palazzo stand out: A multipurpose sunroom where you can relax and enjoy the beautiful natural surroundings A gourmet kitchen designed to make cooking a breeze The Palazzo's flexibility and modern comforts make it a perfect fit for all personalities and lifestyles. Welcome to the Palazzo– where timeless elegance meets modern functionality.,,Y,Front,Y,,,2026-04-07T13:18:56.908Z
https://www.epconcommunities.com/find-your-home/communities/tennessee/nashville/rutherford/smyrna/the-courtyards-at-stewarts-creek/quick-move-in-homes/508-restoration-dr-9,The Courtyards at Stewarts Creek,"508 Restoration Dr, Smyrna, TN 37167",Smyrna,TN,37167,Rutherford County,,35.9247,-86.5832,629-205-7404,"Sunday - Monday, 12pm to 6pm | Tuesday - Saturday, 10am to 6pm",https://www.epconcommunities.com,available,Epcon Communities,,,,,,,,,,,,,,,,Y,Portico,Portico,2.5,2.5,2,2,0,2,2,0,1,,1,SFD,1769,1769,,729235,729235,,2025-05-30,,,,,Courtyard: side | Attachment: detached | Garage detached: no | Dining areas: 0 | Bonus suite: N | HERS: 0,,,"Welcome to The Courtyards at Stewarts Creek, Epcon's first Nashville-area 55+ active lifestyle community , located in Smyrna, TN. Our boutique, low-maintenance community offers thoughtfully designed luxury ranch homes filled with abundant natural light, open floor plans and private, outdoor courtyards, ensuring you'll live well every day. With an impressive line-up of resort-style amenities such as a clubhouse, pool, pickleball, bocce ball and a pocket park, there's something for everyone to enjoy. And with never having to worry about lawn maintenance again, you'll have more time for your want-tos rather than your have-tos. The Courtyards at Stewarts Creek presents the best of both worlds – the serenity of suburban living coupled with nearby entertainment, dining and retail for your convenience. Nestled in close proximity to downtown Nashville, this special community offers an enviable location with easy access to the vibrant heart of the city. We invite you to schedule an appointment with our team today!","Looking for a luxurious yet practical home that caters to your lifestyle needs? The Portico is the perfect choice for you. This single-level home features a functional yet elegant design emphasizing manageability and convenience. Here are some of the highlights of the Portico: A grand entrance that leads to an efficient, open layout Luxurious amenities, such as an optional gourmet kitchen and a private den Spacious owner's suite with a beautiful bathroom and ample storage space Convenient features include a centrally located laundry room and a flexible bonus suite that can serve as a guest room The Portico offers an unmatched blend of luxury and comfort. It's a home designed to make your life easier and more enjoyable. The Portico is a stunning freestanding home designed for today's casual lifestyle.",,Y,Front,Y,,,2026-03-05T21:41:52.817Z
https://www.epconcommunities.com/find-your-home/communities/tennessee/nashville/rutherford/smyrna/the-courtyards-at-stewarts-creek/quick-move-in-homes/504-restoration-drive-8,The Courtyards at Stewarts Creek,"504 Restoration Drive, Smyrna, TN 37167",Smyrna,TN,37167,Rutherford County,,35.9248,-86.5830,629-205-7404,"Sunday - Monday, 12pm to 6pm | Tuesday - Saturday, 10am to 6pm",https://www.epconcommunities.com,available,Epcon Communities,,,,,,,,,,,,,,,,Y,Portico,Portico,2,2,3,3,0,3,3,0,2,,2,SFD,2590,2590,,778321,778321,,2025-05-28,,,,,Courtyard: side | Attachment: detached | Garage detached: no | Dining areas: 0 | Bonus suite: Y | HERS: 0,,,"Welcome to The Courtyards at Stewarts Creek, Epcon's first Nashville-area 55+ active lifestyle community , located in Smyrna, TN. Our boutique, low-maintenance community offers thoughtfully designed luxury ranch homes filled with abundant natural light, open floor plans and private, outdoor courtyards, ensuring you'll live well every day. With an impressive line-up of resort-style amenities such as a clubhouse, pool, pickleball, bocce ball and a pocket park, there's something for everyone to enjoy. And with never having to worry about lawn maintenance again, you'll have more time for your want-tos rather than your have-tos. The Courtyards at Stewarts Creek presents the best of both worlds – the serenity of suburban living coupled with nearby entertainment, dining and retail for your convenience. Nestled in close proximity to downtown Nashville, this special community offers an enviable location with easy access to the vibrant heart of the city. We invite you to schedule an appointment with our team today!","Looking for a luxurious yet practical home that caters to your lifestyle needs? The Portico Bonus is the perfect choice for you. This single-level home features a functional yet elegant design emphasizing manageability and convenience. Here are some of the highlights of the Portico: A grand entrance that leads to an efficient, open layout Luxurious amenities, such as an optional gourmet kitchen and a private den Spacious owner's suite with a beautiful bathroom and ample storage space Convenient features include a centrally located laundry room and a flexible bonus suite that can serve as a guest room The Portico Bonus offers an unmatched blend of luxury and comfort. It's a home designed to make your life easier and more enjoyable. The Portico Bonus is a stunning freestanding home designed for today's casual lifestyle.",,Y,Front,Y,,,2026-03-05T21:40:50.827Z
https://www.epconcommunities.com/find-your-home/communities/tennessee/nashville/rutherford/smyrna/the-courtyards-at-stewarts-creek/quick-move-in-homes/412-gooding-blvd-4,The Courtyards at Stewarts Creek,"412 Gooding Blvd, Smyrna, TN 37167",Smyrna,TN,37167,Rutherford County,,35.9239,-86.5826,629-205-7404,"Sunday - Monday, 12pm to 6pm | Tuesday - Saturday, 10am to 6pm",https://www.epconcommunities.com,available,Epcon Communities,,,,,,,,,,,,,,,Y,Y,Portico,Portico,2,2,2,2,0,2,2,0,1,,1,SFD,1769,1769,,677065,677065,,2025-04-01,,,,,Courtyard: side | Attachment: detached | Garage detached: no | Dining areas: 0 | Bonus suite: N | HERS: 0,,,"Welcome to The Courtyards at Stewarts Creek, Epcon's first Nashville-area 55+ active lifestyle community , located in Smyrna, TN. Our boutique, low-maintenance community offers thoughtfully designed luxury ranch homes filled with abundant natural light, open floor plans and private, outdoor courtyards, ensuring you'll live well every day. With an impressive line-up of resort-style amenities such as a clubhouse, pool, pickleball, bocce ball and a pocket park, there's something for everyone to enjoy. And with never having to worry about lawn maintenance again, you'll have more time for your want-tos rather than your have-tos. The Courtyards at Stewarts Creek presents the best of both worlds – the serenity of suburban living coupled with nearby entertainment, dining and retail for your convenience. Nestled in close proximity to downtown Nashville, this special community offers an enviable location with easy access to the vibrant heart of the city. We invite you to schedule an appointment with our team today!","Looking for a luxurious yet practical home that caters to your lifestyle needs? The Portico is the perfect choice for you. This single-level home features a functional yet elegant design emphasizing manageability and convenience. Here are some of the highlights of the Portico: A grand entrance that leads to an efficient, open layout Luxurious amenities, such as an optional gourmet kitchen and a private den Spacious owner's suite with a beautiful bathroom and ample storage space Convenient features include a centrally located laundry room and a flexible bonus suite that can serve as a guest room The Portico offers an unmatched blend of luxury and comfort. It's a home designed to make your life easier and more enjoyable. The Portico is a stunning freestanding home designed for today's casual lifestyle.",,Y,Front,Y,,,2026-04-20T14:57:38.872Z
https://www.epconcommunities.com/find-your-home/communities/south-dakota/sioux-falls/minnehaha/sioux-falls/courtyards-at-golden-gateway/quick-move-in-homes/5917-e-rush-street-5917-e-rush,Courtyards at Golden Gateway,"5917 E Rush Street, Sioux Falls, SD 57110",Sioux Falls,SD,57110,Minnehaha County,,43.5633,-96.6521,605-460-6999,Monday-Saturday: 9am-5pm | Sunday: 12-5pm,https://www.epconcommunities.com,available,Epcon Communities,,,,,,,,,,,,,,,Y,Y,Palazzo,Palazzo,2,2,2,2,0,2,2,0,1,,1,SFD,1652,1652,,,,,2025-09-13,,,,,Courtyard: side | Attachment: detached | Garage detached: no | Dining areas: 1 | Bonus suite: N | HERS: 0,,,"Tucked away on the east side of Sioux Falls, you will find Courtyards at Golden Gateway… a beautiful neighborhood filled with new construction homes ready for you, your family, your business and your leisure. Courtyards at Golden Gateway is located at the northwest corner of the intersection of Madison Street and Highway 11, Veterans Parkway. In Eastern Sioux Falls, you will find gently rolling hill views facing the Southeast. Discover What the Neighborhood Has to Offer Absolutely stunning with easy access to a variety of activities and shops, from Great Bear with skiing and winter sports, city and state parks, walking and biking trails throughout Sioux Falls that have recently extended to Dawley Farm Village, less than a mile from Courtyards at Golden Gateway. Dawley Farm Village is a regional shopping center with a lot to offer, including restaurants and retail such as Target, Walmart, Menards, Lewis Drug and much more! A new Sanford Medical Center is located at the corner of Madison Street and Highway 11, Veterans Parkway. Popular Amenities and Services The community clubhouse provides amenities including an outdoor pool, pickleball court, fitness studio, state-of-the-art golf simulator and a large kitchen with plenty of room for community gatherings, games and enjoying time with friends and family. We are so excited about this amenity-rich development designed for a 55 and over community who are active and want to embrace the resort lifestyle while entertaining and mingling with friends and family.","Discover refined living in the Courtyards at Golden Gateway—an amenity-rich 55+ Active Adult Community. This stunning Palazzo floor plan is a thoughtfully designed ranch-style home offering 2 bedrooms, 2 bathrooms , a four-seasons room , a private side courtyard , and a 2-stall garage , with 1,652 finished square feet of beautifully appointed space. Enjoy fine luxury living with designer-curated finishes that elevate every detail. From custom wood cabinetry and engineered hardwood flooring to designer-patterned carpet and solid core doors , this home blends elegance and comfort. The kitchen and baths showcase quartz countertops , GE stainless steel appliances , and premium Moen fixtures . The zero-entry tiled walk-in shower in the primary suite is complemented by heated tile flooring and an impressive walk-in closet , adding both convenience and indulgence. A gas fireplace creates a striking focal point in the open-concept living area—perfect for relaxing or entertaining. Community HOA amenities include lawn care, snow removal, garbage service , and full access to clubhouse features designed for an active and social lifestyle. Palazzo Floor Plan",,Y,Front,Y,,,2026-02-23T12:31:22.073Z
https://www.epconcommunities.com/find-your-home/communities/south-dakota/sioux-falls/minnehaha/sioux-falls/courtyards-at-golden-gateway/quick-move-in-homes/5812-e-rush-street-5812-e-rush-street,Courtyards at Golden Gateway,"5812 E Rush Street, Sioux Falls, SD 57110",Sioux Falls,SD,57110,Minnehaha County,,43.5636,-96.6538,605-460-6999,Monday-Saturday: 9am-5pm | Sunday: 12-5pm,https://www.epconcommunities.com,available,Epcon Communities,,,,,,,,,,,,,,,Y,Y,Portico,Portico,4,4,3,3,0,3,3,0,2,,2,SFD,2613,2613,,,,,2025-03-31,,,,,Courtyard: side | Attachment: detached | Garage detached: no | Dining areas: 1 | Bonus suite: N | HERS: 0,,,"Tucked away on the east side of Sioux Falls, you will find Courtyards at Golden Gateway… a beautiful neighborhood filled with new construction homes ready for you, your family, your business and your leisure. Courtyards at Golden Gateway is located at the northwest corner of the intersection of Madison Street and Highway 11, Veterans Parkway. In Eastern Sioux Falls, you will find gently rolling hill views facing the Southeast. Discover What the Neighborhood Has to Offer Absolutely stunning with easy access to a variety of activities and shops, from Great Bear with skiing and winter sports, city and state parks, walking and biking trails throughout Sioux Falls that have recently extended to Dawley Farm Village, less than a mile from Courtyards at Golden Gateway. Dawley Farm Village is a regional shopping center with a lot to offer, including restaurants and retail such as Target, Walmart, Menards, Lewis Drug and much more! A new Sanford Medical Center is located at the corner of Madison Street and Highway 11, Veterans Parkway. Popular Amenities and Services The community clubhouse provides amenities including an outdoor pool, pickleball court, fitness studio, state-of-the-art golf simulator and a large kitchen with plenty of room for community gatherings, games and enjoying time with friends and family. We are so excited about this amenity-rich development designed for a 55 and over community who are active and want to embrace the resort lifestyle while entertaining and mingling with friends and family.","SELF TOUR when it works best for you or reach out to our team for a private showing - 605-705-3334! The Portico is a beautiful and striking home designed with functional excellence to promote easy manageability. Dramatic transitions like the formal entryway highlight the elegance and quality of the open, efficient design. Complementing the exquisiteness of the home are such amenities as the gourmet kitchen and private den that allow you to live in comfort with all the conveniences you desire. Enjoy the private owner’s suite nicely designed with spacious bath and sitting room Take advantage of abundant storage and organizational spaces Gather with friends and family in the home's large, centrally located kitchen Additionally, the Portico offers intelligent features including a conveniently located laundry room, generous storage space, and the added versatility of a bonus suite perfect for a guest room. All things considered, the Portico provides a luxurious yet casual living experience that caters to your lifestyle desires. 4 CAR GARAGE Portico Floor Plan Now Available!",,Y,Front,Y,,,2026-02-23T12:32:00.844Z
https://www.epconcommunities.com/find-your-home/communities/south-dakota/sioux-falls/minnehaha/sioux-falls/courtyards-at-golden-gateway/quick-move-in-homes/1714-medallion-circle-1714-medallion-circle,Courtyards at Golden Gateway,"1714 Medallion Circle, Sioux Falls, SD 57110",Sioux Falls,SD,57110,Minnehaha County,,43.5627,-96.6523,605-460-6999,Monday-Saturday: 9am-5pm | Sunday: 12-5pm,https://www.epconcommunities.com,available,Epcon Communities,,,,,,,,,,,,,,,Y,Y,Promenade,Promenade,3,3,4,3,0,4,3,0,2,,2,SFD,2930,2930,,,,,2024-10-09,,,,,Courtyard: side | Attachment: detached | Garage detached: no | Dining areas: 1 | Bonus suite: Y | HERS: 0,,,"Tucked away on the east side of Sioux Falls, you will find Courtyards at Golden Gateway… a beautiful neighborhood filled with new construction homes ready for you, your family, your business and your leisure. Courtyards at Golden Gateway is located at the northwest corner of the intersection of Madison Street and Highway 11, Veterans Parkway. In Eastern Sioux Falls, you will find gently rolling hill views facing the Southeast. Discover What the Neighborhood Has to Offer Absolutely stunning with easy access to a variety of activities and shops, from Great Bear with skiing and winter sports, city and state parks, walking and biking trails throughout Sioux Falls that have recently extended to Dawley Farm Village, less than a mile from Courtyards at Golden Gateway. Dawley Farm Village is a regional shopping center with a lot to offer, including restaurants and retail such as Target, Walmart, Menards, Lewis Drug and much more! A new Sanford Medical Center is located at the corner of Madison Street and Highway 11, Veterans Parkway. Popular Amenities and Services The community clubhouse provides amenities including an outdoor pool, pickleball court, fitness studio, state-of-the-art golf simulator and a large kitchen with plenty of room for community gatherings, games and enjoying time with friends and family. We are so excited about this amenity-rich development designed for a 55 and over community who are active and want to embrace the resort lifestyle while entertaining and mingling with friends and family.","Welcome to the Promenade, one of our largest and most spectacular homes. The Promenade is an elegant, open home with plenty of room for your oversized sofas and dining room furniture. The gourmet kitchen with center island and walk-in pantry make it the ideal place to have a quick meal or prepare a grand feast for family and friends. Relax in the secluded den or the private courtyard Relish in the spacious owner's suite Easily corral your belongings in the mudroom and additional storage space This expertly designed wide open home allows you to easily and comfortably host friends and family and steal away to enjoy a moment of peaceful privacy. For those who believe that the home is where the heart is, rejoice with the Promenade III. Promenade Floor Plan",,Y,Front,Y,,,2026-01-27T15:04:23.173Z
https://www.epconcommunities.com/find-your-home/communities/ohio/dayton/greene/beavercreek-township/the-courtyards-at-stonehill-village/quick-move-in-homes/1464-triple-crown-way-lot-24,The Courtyards at Stonehill Village,"1464 Triple Crown Way, Beavercreek Township, OH 45385",Beavercreek Township,OH,45385,Greene County,,39.7175,-83.9880,937-787-5230,Monday - Saturday: 10am - 6pm | Sunday: 12pm - 6pm,https://www.epconcommunities.com,available,Epcon Communities,,,,,,,,,,,,,,,Y,Y,The Promenade,The Promenade,2,2,3,3,0,3,3,0,2,,2,SFD,3100,3100,,795000,795000,,2026-03-11,,,,,Courtyard: side | Garage detached: not_applicable | Dining areas: 1 | Bonus suite: Y | HERS: 0,,,"Welcome to The Courtyards at Stonehill Village, a boutique community, offering Luxury Ranch Homes nestled in the heart of Beavercreek Township, OH. Single-Level living carefully curated, where every detail is thoughtfully designed to seamlessly integrate conveniences with timeless style to elevate everyday life. Each home is crafted to intertwine the beauty of nature with casual elegance, open light-filled floorplans and private garden courtyards to provide a unique balance of tranquil living and courtyard charm. Discover The Courtyards, where a house is more than just a home. It’s a life with style, community where close connections are made & friendships are formed while enjoying amenities such as the clubhouse, pool, fitness facility, and walking trails that enrich your daily life. Embrace a Low Maintenance lifestyle where conveniences of landscaping, lawn maintenance, and snow removal are handled by the Homeowner’s Association, so you’ll have more free hours to experience it all! Whether you enjoy one-on-one time with a neighbor, gathering friends and family on our veranda overlooking our pool or organizing a community BBQ, you’ll find yourself connecting and making new friends along the way. With great proximity to State Route 35 and Interstate 675, Wright Patterson Air Force Base, Country Club of the North, The Greene, and much, much more… Experience a life with style today at The Courtyards at Stonehill Village!","Welcome to the Promenade, one of our largest and most spectacular homes. The Promenade is an elegant, open home with plenty of room for your oversized sofas and dining room furniture. The gourmet kitchen with center island and walk-in pantry make it the ideal place to have a quick meal or prepare a grand feast for family and friends. Relax in the secluded den or the private courtyard Relish in the spacious owner's suite Easily corral your belongings in the mudroom and additional storage space This expertly designed wide open home allows you to easily and comfortably host friends and family and steal away to enjoy a moment of peaceful privacy. For those who believe that the home is where the heart is, rejoice with the Promenade.","Explore The Courtyards at Stonehill Village and Experience — an active adult community offering luxury single-level living in Beavercreek, OH. Enjoy Low-maintenance, Luxury Ranch Homes with Private Garden Courtyards and thoughtfully designed features & amenities. Timeless Style + Bespoke Design + Courtyard Charm Single-Level Living with Main-Level Owner’s Suites Optional 2nd-Floor Bonus Suites Available Parklike Setting with Water, Wooded Views and Walking Trails Clubhouse with Pool and Fitness Center Landscaping and Lawn Mowing Leaf and Snow Removal Excellent Proximity to Wright Patterson Air Force Base Quick and Easy Access to SR 35 and I-675 Plenty of Recreational Options with National Air Force Museum, Nutter Center, The Greene Shopping District, Fairfield Commons Mall, Beavercreek Golf Club, and Country Club of the North Golf Club Come see where nature meets Artisan Luxury at The Courtyards at Stonehill Village!",Y,Front,Y,,,2026-03-11T21:58:25.460Z
https://www.epconcommunities.com/find-your-home/communities/ohio/columbus/union/marysville/the-residences-at-bethel-woods/quick-move-in-homes/241-fair-havens-drive-31,The Residences at Bethel Woods,"241 Fair Havens Drive, Marysville, OH 43040",Marysville,OH,43040,Union County,,40.2392,-83.3965,740-749-7075,Mon: Closed | Tue-Sun: 11am-4pm,https://www.epconcommunities.com,available,Epcon Communities,,,,,,,,,,,,,,,Y,Y,Promenade,Promenade,2,2,3,3,0,3,3,0,2,,2,SFD,2939,2939,,749000,749000,,2026-08-01,,,,,Courtyard: side | Attachment: detached | Garage detached: not_applicable | Dining areas: 0 | Bonus suite: Y | HERS: 0,,,"Are you looking for a community that offers convenience, privacy, seclusion and walkability? The Residences at Bethel Woods is a rare development that can offer you all of those benefits. Take a stroll on the walking path around the tranquil pond or along the bordering scenic wooded conservation. Enjoy the convenience of being mere steps away from the Kroger marketplace and in the heart of the city conveniences while still being nestled away in seclusion. Enjoy your morning coffee in privacy and peace on your very own private courtyard. Tired of mowing your lawn and shoveling snow? Someone else takes care of that here! The Residences at Bethel Woods will provide you with the freedom to spend your time doing what matters most to you with our low maintenance, lock & leave lifestyle. If you’re looking for a secluded, private oasis that is still conveniently located close to the local amenities you frequent, look no further than the Residences at Bethel Woods. There are six thoughtfully designed floor plans to choose from including our the popular Promenade III, our largest plan offering a bonus suite. With lots selling out quickly, don’t miss your opportunity to be a part of this desirable low-maintenance community!","Welcome to the Promenade, an elegant, open home with plenty of room for your oversized sofas and dining room furniture. Featuring a deluxe kitchen with Bosch appliances and quartz countertops throughout that make it the ideal place to have a quick meal or prepare a grand feast for family and friends. A bonus suite adds flexibility and comfort for all your guests that visit. Relax in the private, garden courtyard Owner’s suite with a sitting room and universal walk-in showers in both first-floor bathrooms Covered patio off of the living room/dining room Second-floor bonus suite, with an open, light-filled design and generous storage space Designer selected finishes, just ready for you to move in!",,Y,Front,Y,,,2026-03-30T18:00:17.965Z
https://www.epconcommunities.com/find-your-home/communities/ohio/columbus/union/marysville/the-residences-at-bethel-woods/quick-move-in-homes/1528-bethel-woods-blvd-34,The Residences at Bethel Woods,"1528 Bethel Woods Blvd, Marysville, OH 43040",Marysville,OH,43040,Union County,,40.2395,-83.3956,740-749-7075,Mon: Closed | Tue-Sun: 11am-4pm,https://www.epconcommunities.com,sold,Epcon Communities,,,,,,,,,,,,,,,Y,Y,Capri,Capri,2,2,2,2,0,2,2,0,1,,1,SFD,1438,1438,,458376,458376,,2025-04-26,,,,,Courtyard: rear | Attachment: detached | Garage detached: not_applicable | Dining areas: 0 | Bonus suite: N | HERS: 0,,,"Are you looking for a community that offers convenience, privacy, seclusion and walkability? The Residences at Bethel Woods is a rare development that can offer you all of those benefits. Take a stroll on the walking path around the tranquil pond or along the bordering scenic wooded conservation. Enjoy the convenience of being mere steps away from the Kroger marketplace and in the heart of the city conveniences while still being nestled away in seclusion. Enjoy your morning coffee in privacy and peace on your very own private courtyard. Tired of mowing your lawn and shoveling snow? Someone else takes care of that here! The Residences at Bethel Woods will provide you with the freedom to spend your time doing what matters most to you with our low maintenance, lock & leave lifestyle. If you’re looking for a secluded, private oasis that is still conveniently located close to the local amenities you frequent, look no further than the Residences at Bethel Woods. There are six thoughtfully designed floor plans to choose from including our the popular Promenade III, our largest plan offering a bonus suite. With lots selling out quickly, don’t miss your opportunity to be a part of this desirable low-maintenance community!","The Capri is the perfect fusion of luxurious design and modern functionality built with you in mind. Complete with multiple large bedrooms and flexible living rooms the Capri allows you to live your lifestyle without limits. Choose the outdoor space that fits your needs to enjoy your private courtyard Host guests in an extra room, split from the Owner's suite for additional privacy Cook in style in the gourmet kitchen with an open view to the Great Room Regardless of the extra amenities you choose, the Capri is a true single-level, open architecture home that makes efficient use of space and channels natural light. Thanks to its flexibility and elegance, the Capri is the perfect fit for all personalities and lifestyles.",,Y,Not_Applicable,Y,,,2026-04-27T15:34:52.442Z
https://www.epconcommunities.com/find-your-home/communities/ohio/columbus/union/jerome-villageplain-city/the-courtyards-of-hyland-meadows/quick-move-in-homes/8257-grassland-drive-38,The Courtyards of Hyland Meadows,"8257 Grassland Drive, Jerome Village-Plain City, OH 43064",Jerome Village-Plain City,OH,43064,Union County,,40.1905,-83.1930,740-873-6624,Mon: 11:30am - 6pm | Tue-Sat: 10-6pm | Sun: 12pm-6pm,https://www.epconcommunities.com,available,Epcon Communities,,,,,,,,,,,,,,,Y,Y,Palazzo,Palazzo,2.5,2.5,3,3,0,3,3,0,2,,2,SFD,2166,2166,,617925,617925,,2026-05-29,,,,,Courtyard: side | Attachment: detached | Garage detached: not_applicable | Dining areas: 1 | Bonus suite: Y | HERS: 0,,,"At The Courtyards of Hyland Meadows, you don't have to choose between an active hub in the center of it all, or a sanctuary surrounded by natural beauty. Spend your days with the best of both worlds. This incredible community is just a short drive from the best of Dublin, but also maintains a beautiful rural setting that captures the peaceful Jerome Village area. A short drive into the heart of Dublin, Plain City or Powell offers shopping, dining and entertainment...you'll be able to run some errands or grab lunch with friends. If time allows, take a walk at Glacier Ridge Metro park. And at the end of the day, return to a personal oasis that truly feels like home. This low-maintenance community offers beautifully designed luxury ranch homes complete with abundant natural light, first-floor owner's suites and private, outdoor courtyards. Enjoy connecting with your neighbors and cultivating new friendships while you enjoy the resort-style amenities including a community clubhouse, pool, fitness center, pickleball courts and walking trails. Learn more about what it means to live well every day!","Looking for a home that offers a comfortable and luxurious living experience? Look no further than the Palazzo! This welcoming and vibrant home is filled with natural light and offers adaptable living spaces that cater to your needs. Here are some of the features that make the Palazzo stand out: A multipurpose sunroom where you can relax and enjoy the beautiful natural surroundings An upstairs bonus suite with an optional kitchenette or wet bar, perfect for hosting guests An optional deluxe kitchen designed to accommodate double ovens, making cooking a breeze The Palazzo's flexibility and modern comforts make it a perfect fit for all personalities and lifestyles. Welcome to the Palazzo– where timeless elegance meets modern functionality.",,Y,Front,Y,,,2026-04-23T19:13:01.212Z
https://www.epconcommunities.com/find-your-home/communities/ohio/columbus/union/jerome-villageplain-city/the-courtyards-of-hyland-meadows/quick-move-in-homes/12203-prairie-ridge-drive-102,The Courtyards of Hyland Meadows,"12203 Prairie Ridge Drive, Jerome Village-Plain City, OH 43064",Jerome Village-Plain City,OH,43064,Union County,,40.1905,-83.1917,740-873-6624,Mon: 11:30am - 6pm | Tue-Sat: 10-6pm | Sun: 12pm-6pm,https://www.epconcommunities.com,sold,Epcon Communities,,,,,,,,,,,,,,,Y,Y,Promenade,Promenade,2.5,2.5,2,2,1,2,2,1,1,,1,SFD,2188,2188,,589095,589095,,2026-05-29,,,,,Courtyard: side | Attachment: detached | Garage detached: not_applicable | Dining areas: 1 | Bonus suite: N | HERS: 0,,,"At The Courtyards of Hyland Meadows, you don't have to choose between an active hub in the center of it all, or a sanctuary surrounded by natural beauty. Spend your days with the best of both worlds. This incredible community is just a short drive from the best of Dublin, but also maintains a beautiful rural setting that captures the peaceful Jerome Village area. A short drive into the heart of Dublin, Plain City or Powell offers shopping, dining and entertainment...you'll be able to run some errands or grab lunch with friends. If time allows, take a walk at Glacier Ridge Metro park. And at the end of the day, return to a personal oasis that truly feels like home. This low-maintenance community offers beautifully designed luxury ranch homes complete with abundant natural light, first-floor owner's suites and private, outdoor courtyards. Enjoy connecting with your neighbors and cultivating new friendships while you enjoy the resort-style amenities including a community clubhouse, pool, fitness center, pickleball courts and walking trails. Learn more about what it means to live well every day!","Looking for a spacious home that can comfortably accommodate your oversized furniture and host your family and friends? The Promenade is the ideal option - This expertly designed house offers ample space for all your needs, along with a range of features to help you relax and recharge. Here are some of the highlights: Optional deluxe kitchen with center island and walk-in pantry Secluded den and private courtyard for peaceful moments Spacious owner's suite and bath for ultimate relaxation Mudroom with additional storage space for easy organization For those who believe that the home is where the heart is, look no further than the Promenade. Come see it for yourself and experience the best of modern living. The Promenade is an elegant, open home with plenty of room for you.",,Y,Front,Y,,,2026-03-13T15:58:35.012Z
https://www.epconcommunities.com/find-your-home/communities/ohio/columbus/union/jerome-villageplain-city/the-courtyards-of-hyland-meadows/quick-move-in-homes/12192-savannah-crossing-98,The Courtyards of Hyland Meadows,"12192 Savannah Crossing, Jerome Village-Plain City, OH 43064",Jerome Village-Plain City,OH,43064,Union County,,40.1903,-83.1922,740-873-6624,Mon: 11:30am - 6pm | Tue-Sat: 10-6pm | Sun: 12pm-6pm,https://www.epconcommunities.com,sold,Epcon Communities,,,,,,,,,,,,,,,Y,Y,Portico,Portico,2.5,2.5,3,3,0,3,3,0,2,,2,SFD,2617,2617,,642300,642300,,2026-03-25,,,,,Courtyard: side | Attachment: detached | Garage detached: not_applicable | Dining areas: 1 | Bonus suite: Y | HERS: 0,,,"At The Courtyards of Hyland Meadows, you don't have to choose between an active hub in the center of it all, or a sanctuary surrounded by natural beauty. Spend your days with the best of both worlds. This incredible community is just a short drive from the best of Dublin, but also maintains a beautiful rural setting that captures the peaceful Jerome Village area. A short drive into the heart of Dublin, Plain City or Powell offers shopping, dining and entertainment...you'll be able to run some errands or grab lunch with friends. If time allows, take a walk at Glacier Ridge Metro park. And at the end of the day, return to a personal oasis that truly feels like home. This low-maintenance community offers beautifully designed luxury ranch homes complete with abundant natural light, first-floor owner's suites and private, outdoor courtyards. Enjoy connecting with your neighbors and cultivating new friendships while you enjoy the resort-style amenities including a community clubhouse, pool, fitness center, pickleball courts and walking trails. Learn more about what it means to live well every day!","Looking for a luxurious yet practical home that caters to your lifestyle needs? The Portico is the perfect choice for you. This single-level home features a functional yet elegant design emphasizing manageability and convenience. Here are some of the highlights of the Portico: A grand entrance that leads to an efficient, open layout Luxurious amenities, such as an optional deluxe kitchen and a private den Spacious owner's suite with a beautiful bathroom and ample storage space Convenient features include a centrally located laundry room and a flexible bonus suite that can serve as a guest room The Portico offers an unmatched blend of luxury and comfort. It's a home designed to make your life easier and more enjoyable. The Portico is a stunning freestanding home designed for today's casual lifestyle.",,Y,Front,Y,,,2026-03-28T23:11:47.835Z
https://www.epconcommunities.com/find-your-home/communities/ohio/columbus/union/jerome-villageplain-city/the-courtyards-at-white-oaks/quick-move-in-homes/10530-berry-lane-77,The Courtyards at White Oaks,"10530 Berry Lane, Jerome Village-Plain City, OH 43064",Jerome Village-Plain City,OH,43064,Union County,,40.1662,-83.1924,740-227-4719,Mon: 11:30am - 6pm | Tue-Sat: 10am-6pm | Sun: 12pm-6pm,https://www.epconcommunities.com,available,Epcon Communities,,,,,,,,,,,,,,,Y,Y,Promenade,Promenade,2.5,2.5,2,2,0,2,2,0,1,,1,SFD,2179,2179,,682145,682145,,2026-03-27,,,,,Courtyard: side | Attachment: detached | Garage detached: not_applicable | Dining areas: 1 | Bonus suite: N | HERS: 0,,,"Experience the ease of refined living at The Courtyards at White Oaks, an intimate enclave of luxury ranch homes nestled within the prestigious Jerome Village community in the highly desirable Dublin area. Designed for comfort, connection, and effortless elegance, these thoughtfully crafted homes feature open-concept living, sun-filled interiors, and private, outdoor courtyards-creating the perfect setting for both quiet mornings and unforgettable gatherings. With low-maintenance living, you’ll enjoy the freedom to spend more time doing what you love. Residents enjoy access to a curated collection of amenities, including a welcoming clubhouse, pool, pickleball courts, scenic walking paths, and a community garden - creating a vibrant neighborhood where lifestyle and connection flourish. Ideally located near Dublin, Powell, Marysville, and Delaware, The Courtyards at White Oaks places exceptional dining, shopping, and entertainment just minutes away - offering the perfect balance of luxury, convenience, and everyday escape.","Looking for a spacious home that can comfortably accommodate your oversized furniture and host your family and friends? The Promenade is the ideal option - This expertly designed house offers ample space for all your needs, along with a range of features to help you relax and recharge. Here are some of the highlights: Optional deluxe kitchen with center island and walk-in pantry Secluded den and private courtyard for peaceful moments Spacious owner's suite and bath for ultimate relaxation Mudroom with additional storage space for easy organization For those who believe that the home is where the heart is, look no further than the Promenade. Come see it for yourself and experience the best of modern living. The Promenade is an elegant, open home with plenty of room for you.",,Y,Front,Y,,,2026-04-23T19:42:17.030Z
https://www.epconcommunities.com/find-your-home/communities/ohio/columbus/franklin/hilliard/the-courtyards-at-carr-farms/quick-move-in-homes/5621-imperial-lane-21,The Courtyards at Carr Farms,"5621 Imperial Lane, Hilliard, OH 43026",Hilliard,OH,43026,Franklin County,,40.0488,-83.1685,740-761-2225,Mon: 11:30am - 6pm | Tue-Sat: 10am-6pm | Sun: 12pm-6pm,https://www.epconcommunities.com,available,Epcon Communities,,,,,,,,,,,,,,,Y,Y,Promenade III,Promenade III,2.5,2.5,3,3,0,3,3,0,2,,2,SFD,2939,2939,,708705,708705,,2026-05-27,,,,,Courtyard: side | Attachment: detached | Garage detached: not_applicable | Dining areas: 1 | Bonus suite: Y | HERS: 0,,,"The Courtyards at Carr Farms, conveniently located in Hilliard, offers luxury ranch homes and townhomes with first-floor owners suites filled with abundant natural light, private garden courtyards and everything you need on one level. Situated off of Leppert Road, The Courtyards at Carr Farms is just minutes from downtown Hilliard, offering a wide selection of local dining, shopping and entertainment options. A community close to everything you need, but far away enough to provide the peaceful setting you’re also looking for. This thoughtfully designed Epcon community features resort-style amenities including a clubhouse with fitness center, pool, bocce and pickle ball, access to the Rails-to-Trails system, and the low-maintenance lifestyle that you deserve. We invite you to drop by to visit our on-site welcome center to experience this community for yourself, and learn more about what it means to live well every day!","Looking for a spacious home that can comfortably accommodate your oversized furniture and host your family and friends? The Promenade is the ideal option - This expertly designed house offers ample space for all your needs, along with a range of features to help you relax and recharge. Here are some of the highlights: Optional deluxe kitchen with center island and walk-in pantry Secluded den and private courtyard for peaceful moments Spacious owner's suite and bath for ultimate relaxation Mudroom with additional storage space for easy organization For those who believe that the home is where the heart is, look no further than the Promenade. Come see it for yourself and experience the best of modern living. The Promenade III is an elegant, open home with plenty of room for your oversized sofas and your din","New luxury Townhomes with first-floor owners suites Clubhouse, pool, fitness facility, bocce and pickleball Close proximity to entertainment, shopping and dining options Enjoy Mother Nature at local parks and golf courses Easy access to the Rails-to-Trails system Explore the nearby Center Street Market in Downtown Hilliard",Y,Front,Y,,,2026-05-04T13:26:16.042Z
https://www.epconcommunities.com/find-your-home/communities/ohio/columbus/franklin/hilliard/the-courtyards-at-carr-farms/quick-move-in-homes/5609-imperial-lane-23,The Courtyards at Carr Farms,"5609 Imperial Lane, Hilliard, OH 43026",Hilliard,OH,43026,Franklin County,,40.0489,-83.1680,740-761-2225,Mon: 11:30am - 6pm | Tue-Sat: 10am-6pm | Sun: 12pm-6pm,https://www.epconcommunities.com,available,Epcon Communities,,,,,,,,,,,,,,,Y,Y,Verona,Verona,2.5,2.5,3,3,0,3,3,0,2,,2,SFD,3042,3042,,809304,809304,,2026-03-29,,,,,Courtyard: rear | Attachment: detached | Garage detached: not_applicable | Dining areas: 1 | Bonus suite: Y | HERS: 0,,,"The Courtyards at Carr Farms, conveniently located in Hilliard, offers luxury ranch homes and townhomes with first-floor owners suites filled with abundant natural light, private garden courtyards and everything you need on one level. Situated off of Leppert Road, The Courtyards at Carr Farms is just minutes from downtown Hilliard, offering a wide selection of local dining, shopping and entertainment options. A community close to everything you need, but far away enough to provide the peaceful setting you’re also looking for. This thoughtfully designed Epcon community features resort-style amenities including a clubhouse with fitness center, pool, bocce and pickle ball, access to the Rails-to-Trails system, and the low-maintenance lifestyle that you deserve. We invite you to drop by to visit our on-site welcome center to experience this community for yourself, and learn more about what it means to live well every day!","In the Verona, everything is exactly where you want it. An integrated living space provides the room you want with the flexibility you need. Two bedrooms, two bathrooms, a den, and an optional bonus suite enable you to grow into your new home without the fuss and frustration of conventional homes. • Invite guests into your home with a welcoming front porch and large entry foyer • Enjoy an intuitive floor plan that makes entertaining easy and relaxing a breeze • Experience the satisfaction of having smart storage features always within reach From preparing delicious meals in the modern kitchen to entertaining your closest friends in the open living room, you will enjoy life’s everyday moments in a comfort you have never known before. When you desire a home to feature the finest, look no further than the Verona. The Verona is an inviting, comfortable home hallmarked by its functional layout and endless options.","New luxury Townhomes with first-floor owners suites Clubhouse, pool, fitness facility, bocce and pickleball Close proximity to entertainment, shopping and dining options Enjoy Mother Nature at local parks and golf courses Easy access to the Rails-to-Trails system Explore the nearby Center Street Market in Downtown Hilliard",Y,Front,Y,,,2026-05-04T13:25:30.476Z
https://www.epconcommunities.com/find-your-home/communities/ohio/columbus/franklin/hilliard/the-courtyards-at-carr-farms/quick-move-in-homes/4914-diplomat-way-43,The Courtyards at Carr Farms,"4914 Diplomat Way, Hilliard, OH 43026",Hilliard,OH,43026,Franklin County,,40.0518,-83.1683,740-761-2225,Mon: 11:30am - 6pm | Tue-Sat: 10am-6pm | Sun: 12pm-6pm,https://www.epconcommunities.com,sold,Epcon Communities,,,,,,,,,,,,,,,Y,Y,Portico,Portico,2.5,2.5,2,2,0,2,2,0,1,,1,SFD,1883,1883,,611085,611085,,2026-03-25,,,,,Courtyard: side | Attachment: detached | Garage detached: not_applicable | Dining areas: 1 | Bonus suite: N | HERS: 0,,,"The Courtyards at Carr Farms, conveniently located in Hilliard, offers luxury ranch homes and townhomes with first-floor owners suites filled with abundant natural light, private garden courtyards and everything you need on one level. Situated off of Leppert Road, The Courtyards at Carr Farms is just minutes from downtown Hilliard, offering a wide selection of local dining, shopping and entertainment options. A community close to everything you need, but far away enough to provide the peaceful setting you’re also looking for. This thoughtfully designed Epcon community features resort-style amenities including a clubhouse with fitness center, pool, bocce and pickle ball, access to the Rails-to-Trails system, and the low-maintenance lifestyle that you deserve. We invite you to drop by to visit our on-site welcome center to experience this community for yourself, and learn more about what it means to live well every day!","Looking for a luxurious yet practical home that caters to your lifestyle needs? The Portico is the perfect choice for you. This single-level home features a functional yet elegant design emphasizing manageability and convenience. Here are some of the highlights of the Portico: A grand entrance that leads to an efficient, open layout Luxurious amenities, such as a deluxe kitchen and a private den/office Spacious owner's suite with a beautiful bathroom and ample storage space and sitting room Convenient features include a centrally located laundry room and a flexible bonus suite that can serve as a guest room The Portico offers an unmatched blend of luxury and comfort. It's a home designed to make your life easier and more enjoyable. The Portico is a stunning freestanding home designed for today's casual lifestyle.","New luxury Townhomes with first-floor owners suites Clubhouse, pool, fitness facility, bocce and pickleball Close proximity to entertainment, shopping and dining options Enjoy Mother Nature at local parks and golf courses Easy access to the Rails-to-Trails system Explore the nearby Center Street Market in Downtown Hilliard",Y,Front,Y,,,2026-03-23T15:44:37.855Z
https://www.epconcommunities.com/find-your-home/communities/ohio/columbus/franklin/hilliard/the-courtyards-at-carr-farms/quick-move-in-homes/4897-diplomat-way-61,The Courtyards at Carr Farms,"4897 Diplomat Way, Hilliard, OH 43026",Hilliard,OH,43026,Franklin County,,40.0513,-83.1687,740-761-2225,Mon: 11:30am - 6pm | Tue-Sat: 10am-6pm | Sun: 12pm-6pm,https://www.epconcommunities.com,available,Epcon Communities,,,,,,,,,,,,,,,Y,Y,Palazzo,Palazzo,2.5,2.5,2,2,0,2,2,0,1,,1,SFD,1762,1762,,580595,580595,,2026-05-27,,,,,Courtyard: side | Attachment: detached | Garage detached: not_applicable | Dining areas: 1 | Bonus suite: N | HERS: 0,,,"The Courtyards at Carr Farms, conveniently located in Hilliard, offers luxury ranch homes and townhomes with first-floor owners suites filled with abundant natural light, private garden courtyards and everything you need on one level. Situated off of Leppert Road, The Courtyards at Carr Farms is just minutes from downtown Hilliard, offering a wide selection of local dining, shopping and entertainment options. A community close to everything you need, but far away enough to provide the peaceful setting you’re also looking for. This thoughtfully designed Epcon community features resort-style amenities including a clubhouse with fitness center, pool, bocce and pickle ball, access to the Rails-to-Trails system, and the low-maintenance lifestyle that you deserve. We invite you to drop by to visit our on-site welcome center to experience this community for yourself, and learn more about what it means to live well every day!","Looking for a home that offers a comfortable and luxurious living experience? Look no further than the Palazzo! This welcoming and vibrant home is filled with natural light and offers adaptable living spaces that cater to your needs. Here are some of the features that make the Palazzo stand out: A multipurpose sunroom where you can relax and enjoy the beautiful natural surroundings An optional deluxe kitchen designed to accommodate double ovens, making cooking a breeze The Palazzo's flexibility and modern comforts make it a perfect fit for all personalities and lifestyles. The Palazzo is built to please and empower the lifestyle you crave.","New luxury Townhomes with first-floor owners suites Clubhouse, pool, fitness facility, bocce and pickleball Close proximity to entertainment, shopping and dining options Enjoy Mother Nature at local parks and golf courses Easy access to the Rails-to-Trails system Explore the nearby Center Street Market in Downtown Hilliard",Y,Front,Y,,,2026-05-04T18:50:51.970Z
https://www.epconcommunities.com/find-your-home/communities/ohio/columbus/franklin/hilliard/the-courtyards-at-carr-farms/quick-move-in-homes/4825-diplomat-way-72,The Courtyards at Carr Farms,"4825 Diplomat Way, Hilliard, OH 43026",Hilliard,OH,43026,Franklin County,,40.0496,-83.1685,740-761-2225,Mon: 11:30am - 6pm | Tue-Sat: 10am-6pm | Sun: 12pm-6pm,https://www.epconcommunities.com,available,Epcon Communities,,,,,,,,,,,,,,,Y,Y,Portico,Portico,2.5,2.5,3,3,0,3,3,0,2,,2,SFD,2567,2567,,647995,647995,,2026-05-25,,,,,Courtyard: side | Attachment: detached | Garage detached: not_applicable | Dining areas: 1 | Bonus suite: Y | HERS: 0,,,"The Courtyards at Carr Farms, conveniently located in Hilliard, offers luxury ranch homes and townhomes with first-floor owners suites filled with abundant natural light, private garden courtyards and everything you need on one level. Situated off of Leppert Road, The Courtyards at Carr Farms is just minutes from downtown Hilliard, offering a wide selection of local dining, shopping and entertainment options. A community close to everything you need, but far away enough to provide the peaceful setting you’re also looking for. This thoughtfully designed Epcon community features resort-style amenities including a clubhouse with fitness center, pool, bocce and pickle ball, access to the Rails-to-Trails system, and the low-maintenance lifestyle that you deserve. We invite you to drop by to visit our on-site welcome center to experience this community for yourself, and learn more about what it means to live well every day!","Looking for a luxurious yet practical home that caters to your lifestyle needs? The Portico is the perfect choice for you. This single-level home features a functional yet elegant design emphasizing manageability and convenience. Here are some of the highlights of the Portico: A grand entrance that leads to an efficient, open layout Luxurious amenities, such as an optional deluxe kitchen and a private den Spacious owner's suite with a beautiful bathroom and ample storage space Convenient features include a centrally located laundry room and a flexible bonus suite that can serve as a guest room The Portico offers an unmatched blend of luxury and comfort. It's a home designed to make your life easier and more enjoyable. The Portico is a stunning freestanding home designed for today's casual lifestyle.","New luxury Townhomes with first-floor owners suites Clubhouse, pool, fitness facility, bocce and pickleball Close proximity to entertainment, shopping and dining options Enjoy Mother Nature at local parks and golf courses Easy access to the Rails-to-Trails system Explore the nearby Center Street Market in Downtown Hilliard",Y,Front,Y,,,2026-05-04T18:50:15.068Z
https://www.epconcommunities.com/find-your-home/communities/ohio/columbus/franklin/grove-city/the-courtyards-at-mulberry-run/quick-move-in-homes/4439-marilyn-court-43,The Courtyards at Mulberry Run,"4439 Marilyn Court, Grove City, OH 43123",Grove City,OH,43123,Franklin County,,39.8718,-83.0566,740-240-6470,Mon: 11:30am-6pm | Tue-Sat: 10am-6pm | Sun: 12pm-6pm,https://www.epconcommunities.com,available,Epcon Communities,,,,,,,,,,,,,,,Y,Y,Palazzo,Palazzo,2.5,2.5,2,2,0,2,2,0,1,,1,SFD,1696,1696,,525540,525540,,2026-02-24,,,,,Courtyard: side | Attachment: detached | Garage detached: not_applicable | Dining areas: 1 | Bonus suite: N | HERS: 0,,,"Phase II Now Selling! Discover a more intentional way of living at The Courtyards at Mulberry Run. We invite you to visit our Welcome Center and experience this boutique community of thoughtfully designed luxury ranch homes - where abundant natural light, first-floor owner’s suites, and private, outdoor courtyards create a seamless blend of comfort and elegance. Here, low-maintenance living means more time for what matters most. Start your day exploring the community’s exceptional amenities—from the clubhouse and pool to bocce and pickleball courts, scenic walking trails, and beautifully maintained green spaces. Whether you prefer an active lifestyle or quiet moments of relaxation, the choice is entirely yours. As the day winds down, retreat to your own private, garden courtyard - perfect for unwinding or gathering with neighbors over dinner and drinks in a setting that feels both intimate and inviting. With most landscape maintenance included and a right-sized luxury ranch home designed for ease, you’ll enjoy the freedom to spend your time exactly as you choose. Live well every day at The Courtyards at Mulberry Run.","Looking for a home that offers a comfortable and luxurious living experience? Look no further than the Palazzo! This welcoming and vibrant home is filled with natural light and offers adaptable living spaces that cater to your needs. Here are some of the features that make the Palazzo stand out: A multipurpose sunroom where you can relax and enjoy the beautiful natural surroundings An optional deluxe kitchen designed to accommodate double ovens, making cooking a breeze The Palazzo's flexibility and modern comforts make it a perfect fit for all personalities and lifestyles. Welcome to the Palazzo– where timeless elegance meets modern functionality.",,Y,Front,Y,,,2026-03-26T12:54:28.119Z
https://www.epconcommunities.com/find-your-home/communities/ohio/columbus/delaware/powell/the-courtyards-of-hyatts-village/quick-move-in-homes/3358-majestic-way-59,The Courtyards of Hyatts Village,"3358 Majestic Way, Powell, OH 43065",Powell,OH,43065,Delaware County,,40.2183,-83.1011,740-640-6905,Mon: 11:30am-6pm | Tue-Sat: 10am-6pm | Sun: 12pm-6pm,https://www.epconcommunities.com,available,Epcon Communities,,,,,,,,,,,,,,,Y,Y,Promenade,Promenade,2.5,2.5,2,2,1,2,2,1,1,,1,SFD,2188,2188,,659765,659765,,2026-02-23,,,,,Courtyard: side | Attachment: detached | Garage detached: not_applicable | Dining areas: 1 | Bonus suite: N | HERS: 0,,,"Phase II Now Selling! Welcome to The Courtyards of Hyatts Village, a boutique community in Liberty Township designed for those seeking a low-maintenance lifestyle, allowing you to bid farewell to the hassles of yard work. Our luxury ranch homes are thoughtfully crafted to provide abundant natural light, featuring single-level living and private, outdoor courtyards that create a tranquil and private oasis. Abundant Natural Light : Our homes are designed to maximize natural light, creating a warm and inviting atmosphere. Single-Level Living : Enjoy the convenience of single-level living, ensuring that every aspect of your home is easily accessible. Private Courtyard Homes : Experience the serenity of private, outdoor courtyards, perfect for relaxation. Community Amenities : Our community will boast an array of amenities, including a clubhouse, fitness center, pool, pickleball and bocce courts, providing endless opportunities for recreation and social gatherings. With easy access to excellent shopping, dining, and entertainment options in downtown Powell, local golf courses, and nearby parks, our location offers convenience and leisure. Plus, with easy access to Dublin, Delaware and Lewis Center, you're just moments away from wherever you need to go. Discover a vibrant, welcoming community that balances convenience, tranquility, and social connection.","Looking for a spacious home that can comfortably accommodate your oversized furniture and host your family and friends? The Promenade is the ideal option - This expertly designed house offers ample space for all your needs, along with a range of features to help you relax and recharge. Here are some of the highlights: Optional deluxe kitchen with center island and walk-in pantry Secluded den and private courtyard for peaceful moments Spacious deluxe owner's suite and bath for ultimate relaxation For those who believe that the home is where the heart is, look no further than the Promenade. Come see it for yourself and experience the best of modern living. The Promenade is an elegant, open home with plenty of room for you.",,Y,Front,Y,,,2026-04-22T15:57:47.423Z
https://www.epconcommunities.com/find-your-home/communities/ohio/columbus/delaware/powell/the-courtyards-of-hyatts-village/quick-move-in-homes/3241-natal-lane-52,The Courtyards of Hyatts Village,"3241 Natal Lane, Powell, OH 43065",Powell,OH,43065,Delaware County,,40.2186,-83.1007,740-640-6905,Mon: 11:30am-6pm | Tue-Sat: 10am-6pm | Sun: 12pm-6pm,https://www.epconcommunities.com,available,Epcon Communities,,,,,,,,,,,,,,,Y,Y,Palazzo,Palazzo,2.5,2.5,2,2,0,2,2,0,1,,1,SFD,1826,1826,,595155,595155,,2026-07-29,,,,,Courtyard: side | Attachment: detached | Garage detached: not_applicable | Dining areas: 1 | Bonus suite: N | HERS: 0,,,"Phase II Now Selling! Welcome to The Courtyards of Hyatts Village, a boutique community in Liberty Township designed for those seeking a low-maintenance lifestyle, allowing you to bid farewell to the hassles of yard work. Our luxury ranch homes are thoughtfully crafted to provide abundant natural light, featuring single-level living and private, outdoor courtyards that create a tranquil and private oasis. Abundant Natural Light : Our homes are designed to maximize natural light, creating a warm and inviting atmosphere. Single-Level Living : Enjoy the convenience of single-level living, ensuring that every aspect of your home is easily accessible. Private Courtyard Homes : Experience the serenity of private, outdoor courtyards, perfect for relaxation. Community Amenities : Our community will boast an array of amenities, including a clubhouse, fitness center, pool, pickleball and bocce courts, providing endless opportunities for recreation and social gatherings. With easy access to excellent shopping, dining, and entertainment options in downtown Powell, local golf courses, and nearby parks, our location offers convenience and leisure. Plus, with easy access to Dublin, Delaware and Lewis Center, you're just moments away from wherever you need to go. Discover a vibrant, welcoming community that balances convenience, tranquility, and social connection.","Looking for a home that offers a comfortable and luxurious living experience? Look no further than the Palazzo! This welcoming and vibrant home is filled with natural light and offers adaptable living spaces that cater to your needs. Here are some of the features that make the Palazzo stand out: A multipurpose sunroom where you can relax and enjoy the beautiful natural surroundings An upstairs bonus suite with an optional kitchenette or wet bar, perfect for hosting guests An optional gourmet kitchen designed to accommodate double ovens, making cooking a breeze The Palazzo's flexibility and modern comforts make it a perfect fit for all personalities and lifestyles. Welcome to the Palazzo– where timeless elegance meets modern functionality.",,Y,Front,Y,,,2026-04-17T18:08:03.149Z
https://www.epconcommunities.com/find-your-home/communities/ohio/columbus/delaware/powell/the-courtyards-of-hyatts-village/quick-move-in-homes/3229-natal-lane-51,The Courtyards of Hyatts Village,"3229 Natal Lane, Powell, OH 43065",Powell,OH,43065,Delaware County,,40.2186,-83.1005,740-640-6905,Mon: 11:30am-6pm | Tue-Sat: 10am-6pm | Sun: 12pm-6pm,https://www.epconcommunities.com,sold,Epcon Communities,,,,,,,,,,,,,,,Y,Y,Portico,Portico,2.5,2.5,2,2,0,2,2,0,1,,1,SFD,1894,1894,,615205,615205,,2026-03-25,,,,,Courtyard: side | Attachment: detached | Garage detached: not_applicable | Dining areas: 1 | Bonus suite: N | HERS: 0,,,"Phase II Now Selling! Welcome to The Courtyards of Hyatts Village, a boutique community in Liberty Township designed for those seeking a low-maintenance lifestyle, allowing you to bid farewell to the hassles of yard work. Our luxury ranch homes are thoughtfully crafted to provide abundant natural light, featuring single-level living and private, outdoor courtyards that create a tranquil and private oasis. Abundant Natural Light : Our homes are designed to maximize natural light, creating a warm and inviting atmosphere. Single-Level Living : Enjoy the convenience of single-level living, ensuring that every aspect of your home is easily accessible. Private Courtyard Homes : Experience the serenity of private, outdoor courtyards, perfect for relaxation. Community Amenities : Our community will boast an array of amenities, including a clubhouse, fitness center, pool, pickleball and bocce courts, providing endless opportunities for recreation and social gatherings. With easy access to excellent shopping, dining, and entertainment options in downtown Powell, local golf courses, and nearby parks, our location offers convenience and leisure. Plus, with easy access to Dublin, Delaware and Lewis Center, you're just moments away from wherever you need to go. Discover a vibrant, welcoming community that balances convenience, tranquility, and social connection.","Looking for a luxurious yet practical home that caters to your lifestyle needs? The Portico is the perfect choice for you. This single-level home features a functional yet elegant design emphasizing manageability and convenience. Here are some of the highlights of the Portico: A grand entrance that leads to an efficient, open layout Luxurious amenities, such as an optional gourmet kitchen and a private den Spacious owner's suite with a beautiful bathroom and ample storage space Convenient features include a centrally located laundry room and a flexible bonus suite that can serve as a guest room The Portico offers an unmatched blend of luxury and comfort. It's a home designed to make your life easier and more enjoyable. The Portico is a stunning freestanding home designed for today's casual lifestyle.",,Y,Front,Y,,,2026-03-28T23:17:49.545Z
https://www.epconcommunities.com/find-your-home/communities/ohio/columbus/delaware/dublin/the-courtyards-on-concord/quick-move-in-homes/7620-hazy-gate-lane-53,The Courtyards on Concord,"7620 Hazy Gate Lane, Dublin, OH 43017",Dublin,OH,43017,Delaware County,,40.1572,-83.1559,740-306-4599,Mon: 11:30am-6pm | Tue-Sat: 10am-6pm | Sun: 12pm-6pm,https://www.epconcommunities.com,available,Epcon Communities,,,,,,,,,,,,,,,Y,Y,Torino,Torino,2.5,2.5,2,2,0,2,2,0,1,,1,SFD,2135,2135,,805510,805510,,2026-06-07,,,,,Courtyard: rear | Attachment: detached | Garage detached: not_applicable | Dining areas: 1 | Bonus suite: N | HERS: 0,,,"NOW SELLING ON SITE! Welcome to The Courtyards on Concord, an intimate enclave set in the heart of Concord Township - where timeless design and effortless living come together in perfect balance. This boutique community features thoughtfully crafted luxury ranch homes, distinguished by first-floor owner’s suites, light-filled interiors, and open, flowing floorplans designed for both comfort and sophistication. Refined Single-Level Living Embrace the ease of single-level living, where every essential space is seamlessly integrated for both convenience and elegance - eliminating the need for stairs while enhancing everyday livability. Private Courtyard Retreats Each home is centered around a secluded private, garden courtyard - an inviting outdoor sanctuary that extends your living space and offers the perfect setting for quiet moments, elegant entertaining, or simply enjoying the beauty of your surroundings. A Truly Effortless Lifestyle Here, low-maintenance living means more time for what matters most. With most landscaping included, your time is free to be spent exactly as you wish - pursuing passions, connecting with neighbors, or simply savoring the moment. At The Courtyards on Concord, every detail has been intentionally curated to enhance your daily experience. Enjoy a collection of resort-inspired amenities, including a beautifully appointed clubhouse, fitness center, pool, pickleball courts and a community garden. Live well every day at The Courtyards on Concord.","Introducing the Torino, a versatile home designed to fit your personal style. This luxury home boasts ample space for oversized furniture and a large dining area, making it perfect for hosting large gatherings with ease and comfort. The home offers a perfect blend of entertainment and privacy, and is an ideal choice for those who value both. Experience a luxurious owner's suite that’s a haven of comfort and convenience Enjoy an oasis with a tranquil private courtyard, providing the perfect peaceful retreat right at your doorstep Cook in the kitchen at the heart of the home, perfect for a quiet dinner or a big gathering For added flexibility, the Torino offers an optional bonus suite. Perfect for accommodating visiting guests or serving as a private office, it adapts to your needs. If you believe that home is where the heart is, then the Torino warmly invites you to make it your own. The Torino is an incredible, expansive home with features built to your exact specifications.",,Y,Front,Y,,,2026-04-16T14:18:39.295Z
https://www.epconcommunities.com/find-your-home/communities/ohio/columbus/delaware/dublin/the-courtyards-on-concord/quick-move-in-homes/7499-hazy-gate-lane-2,The Courtyards on Concord,"7499 Hazy Gate Lane, Dublin, OH 43017",Dublin,OH,43017,Delaware County,,40.1572,-83.1559,740-306-4599,Mon: 11:30am-6pm | Tue-Sat: 10am-6pm | Sun: 12pm-6pm,https://www.epconcommunities.com,available,Epcon Communities,,,,,,,,,,,,,,,Y,Y,Promenade,Promenade,2.5,2.5,3,3,0,3,3,0,2,,2,SFD,2961,2961,,857810,857810,,2026-06-12,,,,,Courtyard: side | Attachment: detached | Garage detached: not_applicable | Dining areas: 1 | Bonus suite: Y | HERS: 0,,,"NOW SELLING ON SITE! Welcome to The Courtyards on Concord, an intimate enclave set in the heart of Concord Township - where timeless design and effortless living come together in perfect balance. This boutique community features thoughtfully crafted luxury ranch homes, distinguished by first-floor owner’s suites, light-filled interiors, and open, flowing floorplans designed for both comfort and sophistication. Refined Single-Level Living Embrace the ease of single-level living, where every essential space is seamlessly integrated for both convenience and elegance - eliminating the need for stairs while enhancing everyday livability. Private Courtyard Retreats Each home is centered around a secluded private, garden courtyard - an inviting outdoor sanctuary that extends your living space and offers the perfect setting for quiet moments, elegant entertaining, or simply enjoying the beauty of your surroundings. A Truly Effortless Lifestyle Here, low-maintenance living means more time for what matters most. With most landscaping included, your time is free to be spent exactly as you wish - pursuing passions, connecting with neighbors, or simply savoring the moment. At The Courtyards on Concord, every detail has been intentionally curated to enhance your daily experience. Enjoy a collection of resort-inspired amenities, including a beautifully appointed clubhouse, fitness center, pool, pickleball courts and a community garden. Live well every day at The Courtyards on Concord.","Looking for a spacious home that can comfortably accommodate your oversized furniture and host your family and friends? The Promenade is the ideal option - This expertly designed house offers ample space for all your needs, along with a range of features to help you relax and recharge. Here are some of the highlights: Optional deluxe kitchen with center island and walk-in pantry Secluded den and private courtyard for peaceful moments Spacious owner's suite and bath for ultimate relaxation Mudroom with additional storage space for easy organization For those who believe that the home is where the heart is, look no further than the Promenade. Come see it for yourself and experience the best of modern living. The Promenade is an elegant, open home with plenty of room for you.",,Y,Front,Y,,,2026-04-16T14:17:56.703Z
https://www.epconcommunities.com/find-your-home/communities/ohio/cleveland/lorain/sheffield-village/magnolia-meadows/quick-move-in-homes/5302-charlottes-way-sl33,Magnolia Meadows,"5302 Charlotte's Way, Sheffield Village, OH 44035",Sheffield Village,OH,44035,Lorain County,,41.4288,-82.0699,440-557-4300,Monday-Sunday: 9am-5pm,https://www.epconcommunities.com,available,Epcon Communities,,,,,,,,,,,,,,,Y,Y,Promenade,Promenade,2,2,2,2,0,2,2,0,1,,1,SFD,2053,2053,,648000,648000,,2025-09-30,,,,,Courtyard: side | Attachment: attached | Garage detached: not_applicable | Dining areas: 2 | Bonus suite: N | HERS: 0,,,"Are you ready for a lifestyle of more leisure and less work? Look no further than Magnolia Meadows! Close to major highways (I-90 and Route 80) and all of the daily amenities you need to make your lifestyle even more convenient and fulfilled. Major shopping, restaurants and parks close by. A short drive away from the shores of Lake Erie. Close by the surrounding cities of Avon, Avon Lake, Westlake, Rocky River and Bay Village. Built on a prime piece of real estate in Sheffield Village, you get all of the modern amenities just minutes away but the feel of an oasis with a beautiful pond and wetlands surrounding the property. Enjoy your downtime working out in our fitness center in the beautiful clubhouse, relaxing by the pool, playing pickleball or bocce ball and socializing with your neighbors, rather than worrying about lawn care or shoveling snow. Enjoy your own private outdoor space in your beautiful courtyard or take part in activities in your neighborhood clubhouse . If you are a 55+ active adult looking for single-floor living, luxury kitchens, open floor plans great for entertaining and a light-filled, well-planned home then this is the community for you. Some basement homes with walk-outs and bonus suites available. We have fully furnished Promenade and Portico models ready to tour. Let us put you in the home of your dreams now. Why wait. You deserve the best. Our clubhouse is almost complete and we are in the process of building out the community. Come in and see which lots are still available and choose your favorite floor plan.","To make way for our next Magnolia Meadows model opening after the new year, we’re offering a special price on this beautifully appointed model home—now $648,000, reduced from $698,000. This $50,000 adjustment reflects our transition to a new model and presents a limited opportunity to own this exceptional residence. Welcome to this highly upgraded , maintenance-free ranch home in Magnolia Meadows, a premier 55+ active adult Epcon community. Thoughtfully designed and filled with natural light, this open-concept home offers effortless living with refined finishes throughout. The gourmet kitchen features premium cabinetry, a large center island, stainless steel appliances, and ample space for gathering and entertaining. The adjacent living and dining areas flow seamlessly to a private outdoor space—perfect for morning coffee, relaxing evenings, or hosting friends and family. The spacious primary suite provides a peaceful retreat with a well-appointed spa bath, walk-in closet, and designer details. Additional bedrooms and flexible living spaces allow for guests, hobbies, or a home office/conversation lounge. Every detail in this model reflects Perrino’s commitment to quality craftsmanship and timeless design. Residents of Magnolia Meadows enjoy a vibrant, low-maintenance lifestyle with access to a clubhouse, fitness center, outdoor pool, pickleball and bocce courts —all with lawn care and snow removal included. This price adjustment is solely to accommodate our upcoming model opening and offers a rare opportunity to own an upgraded home at an exceptional value. The Promenade is an elegant, open home with plenty of room for you.",,Y,Front,Y,,,2025-12-19T20:29:00.289Z
https://www.epconcommunities.com/find-your-home/communities/ohio/akron--canton/stark/north-canton/the-courtyards-at-new-seasons/quick-move-in-homes/4328-evergreen-court-52,The Courtyards at New Seasons,"4328 Evergreen Court, North Canton, OH 44720",North Canton,OH,44720,Stark County,,40.9430,-81.4620,330-325-4535,MON-WEDS 12PM - 5PM | THURS & FRI- By Appointment Only | SAT 12PM - 5PM | SUN 1PM - 5PM,https://www.epconcommunities.com,contract_pending,Epcon Communities,,,,,,,,,,,,,,,Y,Y,Promenade,Promenade,2,2,3,2,0,3,2,0,1,,1,SFD,2185,2185,,609900,609900,,2026-01-28,,,,,Courtyard: rear | Attachment: attached | Garage detached: not_applicable | Dining areas: 0 | Bonus suite: N | HERS: 0,,,"Final Home Now Selling! Life changes, and so should your home! Over 50 families have chosen The Courtyards At New Seasons , a vibrant Active Adult Community in Green, Ohio , as their ideal home. This is your final opportunity to build the perfect Ranch-Style Home , tailored to your lifestyle. Tired of mowing the lawn or shoveling snow? Our Low-Maintenance, Lock-And-Leave Lifestyle lets you focus on what matters most. Enjoy the state-of-the-art Community Clubhouse , a sparkling Pool , Walking Paths , and a modern Exercise Room . Or relax with a peaceful stroll along the Tree-Lined Sidewalks . Each home boasts a Private Outdoor Courtyard —a personal retreat just steps away. With Open-Concept Layouts , custom Amish Cabinetry , Zero-Entry Doors , and ample Natural Light , every detail enhances your living experience. Now is your chance to be part of this exceptional Active Adult Community in Green. Don’t miss out on the opportunity to join neighbors who are already enjoying the best of single-level living. Whether you're downsizing, rightsizing, or starting fresh, The Courtyards at New Seasons is the perfect place to call home. Act Now to join this exceptional community —only 1 homesite remains! Call 330-325-4535 today to schedule your visit and start your next chapter at The Courtyards At New Seasons .","Discover an exceptional opportunity to own a brand-new Charis-Epcon model home at The Courtyards at New Seasons in Green . The popular Promenade floor plan is better than ever, now featuring a stunning deluxe owner’s suite designed for comfort, convenience, and everyday luxury. This private retreat includes a zero-entry tile shower and dual walk-in closets , creating a spacious and accessible sanctuary you’ll love coming home to. Enjoy the ease of single-level living with a thoughtfully designed layout that offers everything you need and nothing you don’t—all on one floor. Located in one of Green’s premier low-maintenance active adult communities , The Courtyards at New Seasons offers amenities that make daily living feel effortless, including lawn care, snow removal, a clubhouse, a pool, and more . Whether you are searching for a new construction home in Green , a beautifully designed move-in-ready model home , or a lifestyle centered around comfort, connection, and convenience, this home is a must-see. Prefer to personalize your space? There are still two homesites available where you can build your dream home . Don’t miss your chance to be part of this welcoming community— schedule your private one-on-one consultation today . Final Opportunity to Live at New Seasons!","Community Features Low-Maintenance, Lock-And-Leave Lifestyle – Say goodbye to mowing lawns and shoveling snow. Community Clubhouse – Perfect for socializing and connecting with neighbors. Sparkling Pool – Relax and unwind by the water. Walking Paths – Enjoy scenic strolls throughout the community. Modern Exercise Room – Stay active and healthy with on-site fitness facilities. Tree-Lined Sidewalks – Ideal for peaceful walks close to home. Private Outdoor Courtyards – Personal retreats just steps from your door. EPA ENERGY STAR® and Indoor airPLUS Certified Homes – Built for energy efficiency and healthier indoor air quality. Diverse Home Designs – Choose from a variety of single-family home plans, including the Palazzo, Portico, Promenade III, Capri, Torino, and Rockaway, each offering 2-3 bedrooms, 2-3 bathrooms, and ranging from 1,402 to 2,931 square feet.",Y,Front,Y,,,2026-05-04T19:42:47.490Z
https://www.epconcommunities.com/find-your-home/communities/ohio/akron--canton/medina/medina/the-retreat-at-cobblestone/quick-move-in-homes/6465-buckeye-lane-5,The Retreat at Cobblestone,"6465 Buckeye Lane, Medina, OH 44256",Medina,OH,44256,Medina County,,41.0986,-81.8630,234-405-3650,Sun-Wed: 10am-5pm | Thu-Fri: Call for Appointment | Sat: 10am-5pm,https://www.epconcommunities.com,available,Epcon Communities,,,,,,,,,,,,,,,Y,Y,Torino,Torino,2.5,2.5,2,2,0,2,2,0,1,,1,SFD,1888,1888,,699000,699000,,2026-04-30,,,,,Courtyard: rear | Attachment: attached | Garage detached: not_applicable | Dining areas: 0 | Bonus suite: N | HERS: 0,,,"Located just minutes from the charm of Medina Square, The Retreat at Cobblestone is poised to become a standout in active-adult living for Northeast Ohio. This thoughtfully designed neighborhood brings together serene natural spaces, low-maintenance luxury homes, and a genuine sense of community.","Introducing the Torino, a versatile home designed to fit your personal style. This luxury home boasts ample space for oversized furniture and a large dining area, making it perfect for hosting large gatherings with ease and comfort. The home offers a perfect blend of entertainment and privacy, and is an ideal choice for those who value both. Experience a luxurious owner's suite that’s a haven of comfort and convenience Enjoy an oasis with a tranquil private courtyard, providing the perfect peaceful retreat right at your doorstep Cook in the kitchen at the heart of the home, perfect for a quiet dinner or a big gathering For added flexibility, the Torino offers an optional bonus suite. Perfect for accommodating visiting guests or serving as a private office, it adapts to your needs. If you believe that home is where the heart is, then the Torino warmly invites you to make it your own. Please note: photos shown are of a similar home. Colors, options, and selections may vary. The Torino is an incredible, expansive home with features built to your exact specifications.",,Y,Front,Y,,,2026-03-31T15:52:28.275Z
https://www.epconcommunities.com/find-your-home/communities/north-dakota/fargo/cass/horace/the-ranch-at-sunset-valley-by-heritage-homes/quick-move-in-homes/6532-sun-valley-blvd-14,The Ranch at SunSet Valley by Heritage Homes,"6532 Sun Valley Blvd, Horace, ND 58047",Horace,ND,58047,Cass County,,46.7589,-96.9037,701-401-7795,Mon-Thu: 12-5pm | Fri-Sat: VIP Appointment | Sun: 1-4:30pm,https://www.epconcommunities.com,available,Epcon Communities,,,,,,,,,,,,,,,Y,Y,Palazzo,Palazzo,2,2,2,2,0,2,2,0,1,,1,SFD,1805,1805,,769900,769900,,2026-08-31,,,,,Courtyard: side | Attachment: attached | Garage detached: not_applicable | Dining areas: 0 | Bonus suite: N | HERS: 0,,,"This boutique community will feature homesites, popular among 55+ adults, who take pleasure in main level living, low maintenance exterior and with the ability to enjoy their new lock and leave lifestyle. These homeowners relish in the idea of rightsizing without having to give up the areas they love most. Our beautiful home plans feature open, light-filled spaces designed for comfort and flexibility. A courtyard forms the centerpiece of your home, allowing you access to a quiet, peaceful, private oasis just steps from anywhere in your home. Whether you are gathering with your new neighbors in the fitness center, relaxing by the pool, eating in the chef's style kitchen or looking for a competitive game on the pickleball courts, our state-of-the-art clubhouse features it all! Lawn and snow maintenance is all taken care of so you can enjoy life lived your way! This community will boast incredible landscaping throughout, wide lit trails, plenty of benches to sit and read a book, and areas to socialize and enjoy your neighbors. Truly a one-of-a-kind development that our community deserves. Welcome to The Ranch at SunSet Valley the perfect place to call home! Connect with our team to learn about a variety of our homesites that include under $15,000 in special assessments!","Looking for a home that offers a comfortable and luxurious living experience? Look no further than the Palazzo! This welcoming and vibrant home is filled with natural light and offers adaptable living spaces that cater to your needs. Here are some of the features that make the Palazzo stand out: A multipurpose sunroom where you can relax and enjoy the beautiful natural surroundings. An upper level bonus suite with an optional kitchenette or wet bar, perfect for hosting guests. A gourmet kitchen designed to accommodate double ovens, making cooking a breeze. The Palazzo's flexibility and modern comforts make it a perfect fit for all personalities and lifestyles. *Photos and virtual tour are from previously built model home by Heritage Homes. Welcome to the Palazzo– where timeless elegance meets modern functionality.",,Y,Front,Y,,,2026-03-30T18:15:20.145Z
https://www.epconcommunities.com/find-your-home/communities/north-dakota/fargo/cass/horace/the-ranch-at-sunset-valley-by-heritage-homes/quick-move-in-homes/6448-sun-valley-blvd-36,The Ranch at SunSet Valley by Heritage Homes,"6448 Sun Valley Blvd, Horace, ND 58047",Horace,ND,58047,Cass County,,46.7589,-96.9037,701-401-7795,Mon-Thu: 12-5pm | Fri-Sat: VIP Appointment | Sun: 1-4:30pm,https://www.epconcommunities.com,available,Epcon Communities,,,,,,,,,,,,,,,Y,Y,Torino,Torino,2,2,3,3,0,3,3,0,1,,1,SFD,2956,2956,,929900,929900,,2026-08-31,,,,,Courtyard: rear | Attachment: attached | Garage detached: not_applicable | Dining areas: 0 | Bonus suite: Y | HERS: 0,,,"This boutique community will feature homesites, popular among 55+ adults, who take pleasure in main level living, low maintenance exterior and with the ability to enjoy their new lock and leave lifestyle. These homeowners relish in the idea of rightsizing without having to give up the areas they love most. Our beautiful home plans feature open, light-filled spaces designed for comfort and flexibility. A courtyard forms the centerpiece of your home, allowing you access to a quiet, peaceful, private oasis just steps from anywhere in your home. Whether you are gathering with your new neighbors in the fitness center, relaxing by the pool, eating in the chef's style kitchen or looking for a competitive game on the pickleball courts, our state-of-the-art clubhouse features it all! Lawn and snow maintenance is all taken care of so you can enjoy life lived your way! This community will boast incredible landscaping throughout, wide lit trails, plenty of benches to sit and read a book, and areas to socialize and enjoy your neighbors. Truly a one-of-a-kind development that our community deserves. Welcome to The Ranch at SunSet Valley the perfect place to call home! Connect with our team to learn about a variety of our homesites that include under $15,000 in special assessments!","Introducing the Torino, a versatile home designed to fit your personal style. This luxury home boasts ample space for oversized furniture and a large dining area, making it perfect for hosting large gatherings with ease and comfort. The home offers a perfect blend of entertainment and privacy, and is an ideal choice for those who value both. Experience a luxurious owner's suite that’s a haven of comfort and convenience. Enjoy an oasis with a tranquil private courtyard, providing the perfect peaceful retreat right at your doorstep. Cook in the kitchen at the heart of the home, perfect for a quiet dinner or a big gathering. For added flexibility, the Torino offers an optional upper level bonus suite. Perfect for accommodating visiting guests or serving as a private office, it adapts to your needs. If you believe that home is where the heart is, then the Torino warmly invites you to make it your own. *Photos and virtual tour are from previously built model home by Heritage Homes. The Torino is an incredible, expansive home with features built to your exact specifications.",,Y,Front,Y,,,2026-03-30T18:08:38.332Z
https://www.epconcommunities.com/find-your-home/communities/north-carolina/raleighdurham/lee/sanford/the-cottages-at-78-north/quick-move-in-homes/216-speyburn-street-172,The Cottages at 78 North,"216 Speyburn Street, Sanford, NC 27330",Sanford,NC,27330,Lee County,,35.4540,-79.1652,252-582-5452,Tour by appointment,https://www.epconcommunities.com,available,Epcon Communities,,,,,,,,,,,,,,,Y,Y,Portico Craftsman,Portico Craftsman,2,2,2,2,0,2,2,0,1,,1,SFD,1780,1780,,399990,399990,,2026-05-30,,,,,Garage detached: not_applicable | Dining areas: 1 | Bonus suite: N | HERS: 0,,,"New Model available for Touring! The Cottages at 78 North is the newest Epcon community located in Sanford, NC. It features 59 home sites and award-winning Epcon floor plans that are now available for presale! You will have the opportunity to personalize your homes' interior design features by visiting The McKee Home Studio and working with our talented design consultant. The Cottages offers: Award-winning Epcon floor plans Open concept living Low-maintenance lifestyle Easy accessibility with minimal steps and wide doorways Sanford, NC Features: Historic Downtown Sanford Vibrant community Amazing green spaces and parks Tobacco Road Golf Club Easy access to major cities (Raleigh, Durham and Fayetteville) short drive to Central Carolina Hospital (a Duke LifePoint Hospital)","McKee Homes introduces the two-bedroom, two-bath Portico Craftsman cottage-style floor plan. The open-living layout with wide interior doorways, minimal steps between indoor and outdoor spaces and sweeping patio and courtyard is made for entertaining or as a private retreat. Family and friends can enjoy each other’s company regardless of where they are in the home. The state-of-the-art kitchen with massive, chef-style island is the core of this home, adjoining the cozy living room with gas-log fireplace to the dining area, den/flex room, and owner’s suite. The owner’s suite is a little slice of heaven located at the end of the expansive main living area. Enjoy the private, peaceful back patio accessible from the owner’s bedroom, a spa-like bath with double sinks, cultured marble countertops, beautiful garden tub, and roomy walk-in closets. A large laundry room with optional sink and cabinets, two double-door closets and a mudroom area with shiplap and hooks between the garage and main living area adds versatility and plenty of storage right where you need it. The Craftsman elevation features a façade that blends stone, siding and uniquely-styled roof lines to create an upscale, tailored exterior. Options include a sitting room off owner’s bedroom, a walk-in L-shaped shower, deluxe kitchen and screened patio. McKee Homes introduces the two-bedroom, two-bath Portico Craftsman cottage-style floor plan.",,Y,Front,Y,,,2026-03-25T17:20:49.330Z
https://www.epconcommunities.com/find-your-home/communities/north-carolina/raleighdurham/lee/sanford/the-cottages-at-78-north/quick-move-in-homes/208-speyburn-st-174,The Cottages at 78 North,"208 Speyburn St, Sanford, NC 27330",Sanford,NC,27330,Lee County,,35.4548,-79.1653,252-582-5452,Tour by appointment,https://www.epconcommunities.com,available,Epcon Communities,,,,,,,,,,,,,,,Y,Y,Promenade Classic,Promenade Classic,2,2,2,2,0,2,2,0,1,,1,SFD,2054,2054,,419000,419000,,2026-02-01,,,,,Garage detached: not_applicable | Dining areas: 1 | Bonus suite: N | HERS: 0,,,"New Model available for Touring! The Cottages at 78 North is the newest Epcon community located in Sanford, NC. It features 59 home sites and award-winning Epcon floor plans that are now available for presale! You will have the opportunity to personalize your homes' interior design features by visiting The McKee Home Studio and working with our talented design consultant. The Cottages offers: Award-winning Epcon floor plans Open concept living Low-maintenance lifestyle Easy accessibility with minimal steps and wide doorways Sanford, NC Features: Historic Downtown Sanford Vibrant community Amazing green spaces and parks Tobacco Road Golf Club Easy access to major cities (Raleigh, Durham and Fayetteville) short drive to Central Carolina Hospital (a Duke LifePoint Hospital)","McKee Homes presents the two-bedroom, two-bath Promenade Classic floor plan with cottage-style design. The open-living layout with ample living space, wide interior doorways and minimal steps between indoor and outdoor spaces is perfect for entertaining or as a private retreat. As you enter, you are greeted by an expansive main living area with plenty of windows and light that look out onto the immense patio and covered porch. The family room flows into the state-of-the-art, contemporary kitchen and dining area. The chef-style island and eating bar is a perfect gathering spot in the heart of the home. There is no lack of storage space in this home with a large kitchen pantry and additional storage room off the mud room near the oversized garage. Just off the kitchen and dining area is a flex room that can be used as a den, study, office, playroom, exercise room or whatever suits your needs. The owner’s suite is a private retreat with a spa-like bath complete with garden tub, separate tiled shower, a double sink vanity and spacious walk-in closet. An optional sliding glass door allows private access to the rear covered porch from the bedroom. The Classic elevation features a blend of brick and siding with simple roof lines for a classic, elegant look. Options include a sitting room off owner’s bedroom, a walk-in L-shaped shower and a deluxe kitchen. The Promenade Classic features an expansive main living area with a wall of windows and light.",,Y,Front,Y,,,2026-01-20T14:28:14.613Z
https://www.epconcommunities.com/find-your-home/communities/north-carolina/raleighdurham/lee/sanford/the-cottages-at-78-north/quick-move-in-homes/142-oban-drive-135,The Cottages at 78 North,"142 Oban Drive, Sanford, NC 27330",Sanford,NC,27330,Lee County,,35.4536,-79.1647,252-582-5452,Tour by appointment,https://www.epconcommunities.com,contract_pending,Epcon Communities,,,,,,,,,,,,,,,Y,Y,Portico Classic,Portico Classic,2,2,2,2,0,2,2,0,1,,1,SFD,1780,1780,,391862,391862,,2025-04-21,,,,,Courtyard: side | Garage detached: no | Dining areas: 1 | Bonus suite: N | HERS: 0,,,"New Model available for Touring! The Cottages at 78 North is the newest Epcon community located in Sanford, NC. It features 59 home sites and award-winning Epcon floor plans that are now available for presale! You will have the opportunity to personalize your homes' interior design features by visiting The McKee Home Studio and working with our talented design consultant. The Cottages offers: Award-winning Epcon floor plans Open concept living Low-maintenance lifestyle Easy accessibility with minimal steps and wide doorways Sanford, NC Features: Historic Downtown Sanford Vibrant community Amazing green spaces and parks Tobacco Road Golf Club Easy access to major cities (Raleigh, Durham and Fayetteville) short drive to Central Carolina Hospital (a Duke LifePoint Hospital)","McKee Homes introduces the two-bedroom, two-bath Portico Classic cottage-style floor plan. The open-living layout with wide interior doorways, minimal steps between indoor and outdoor spaces and sweeping patio and courtyard is made for entertaining or as a private retreat. Family and friends can enjoy each other’s company regardless of where they are in the home. The state-of-the-art kitchen with massive, chef-style island is the core of this home, adjoining the cozy living room with gas-log fireplace to the dining area, den/flex room, and owner’s suite. The owner’s suite is a little slice of heaven located at the end of the expansive main living area. Enjoy the private, peaceful back patio accessible from the owner’s bedroom with optional sliding glass doors, a spa-like bath with double sinks, cultured marble countertops, beautiful garden tub, and roomy walk-in closets. McKee Homes introduces the two-bedroom, two-bath Portico Classic cottage-style floor plan.",,Y,Front,Y,,,2025-12-08T21:00:39.707Z
https://www.epconcommunities.com/find-your-home/communities/north-carolina/raleighdurham/lee/sanford/the-cottages-at-78-north/quick-move-in-homes/138-oban-drive-134,The Cottages at 78 North,"138 Oban Drive, Sanford, NC 27330",Sanford,NC,27330,Lee County,,35.4536,-79.1647,252-582-5452,Tour by appointment,https://www.epconcommunities.com,available,Epcon Communities,,,,,,,,,,,,,,,Y,Y,Palazzo Craftsman,Palazzo Craftsman,2,2,2,2,0,2,2,0,1,,1,SFD,1716,1716,,398107,398107,,2025-04-20,,,,,Courtyard: side | Garage detached: no | Dining areas: 1 | Bonus suite: N | HERS: 0,,,"New Model available for Touring! The Cottages at 78 North is the newest Epcon community located in Sanford, NC. It features 59 home sites and award-winning Epcon floor plans that are now available for presale! You will have the opportunity to personalize your homes' interior design features by visiting The McKee Home Studio and working with our talented design consultant. The Cottages offers: Award-winning Epcon floor plans Open concept living Low-maintenance lifestyle Easy accessibility with minimal steps and wide doorways Sanford, NC Features: Historic Downtown Sanford Vibrant community Amazing green spaces and parks Tobacco Road Golf Club Easy access to major cities (Raleigh, Durham and Fayetteville) short drive to Central Carolina Hospital (a Duke LifePoint Hospital)","As a single-story open-layout home, the Palazzo Craftsman includes two bedrooms, two baths, two-car garage and resort-style courtyard which are all easily accessible no matter where you are in the home. The open-living layout with wide interior doorways, minimal steps between indoor and outdoor spaces, immense patio and courtyard, and plenty of storage is made for entertaining or as a private retreat. As you enter, you are greeted by an expansive main living area that connects the four seasons/flex room, with plenty of windows and light, to a beautiful living room that flows directly into the state-of-the-art, contemporary kitchen and dining area. Whether you’re cuddling up in front of the gas-log fireplace, watching TV or hosting a dinner party on the chef-style island and eating bar, this open-concept layout makes for the perfect gathering spot. As you retreat to the owner’s suite, enjoy private access to the back courtyard with optional sliding glass doors, a spa-like bath complete with garden tub, separate tiled shower, a double sink vanity and spacious walk-in closet. The Classic elevation features a blend of brick and siding with simple roof lines for a classic, elegant look. Options include French doors opening to the four seasons room, sitting room off owner’s bedroom, a walk-in L-shaped shower, deluxe kitchen and screened patio. The single-story Palazzo Craftsman features a four seasons room with walls of windows.",,Y,Front,Y,,,2026-02-03T22:45:32.526Z
https://www.epconcommunities.com/find-your-home/communities/north-carolina/raleighdurham/lee/sanford/the-cottages-at-78-north/quick-move-in-homes/133-oban-drive-151,The Cottages at 78 North,"133 Oban Drive, Sanford, NC 27330",Sanford,NC,27330,Lee County,,35.4529,-79.1657,252-582-5452,Tour by appointment,https://www.epconcommunities.com,available,Epcon Communities,,,,,,,,,,,,,,,Y,Y,Salerno Classic,Salerno Classic,2,2,2,2,0,2,2,0,1,,1,SFD,1681,1681,,398332,398332,,2025-05-19,,,,,Garage detached: not_applicable | Dining areas: 0 | Bonus suite: N | HERS: 0,,,"New Model available for Touring! The Cottages at 78 North is the newest Epcon community located in Sanford, NC. It features 59 home sites and award-winning Epcon floor plans that are now available for presale! You will have the opportunity to personalize your homes' interior design features by visiting The McKee Home Studio and working with our talented design consultant. The Cottages offers: Award-winning Epcon floor plans Open concept living Low-maintenance lifestyle Easy accessibility with minimal steps and wide doorways Sanford, NC Features: Historic Downtown Sanford Vibrant community Amazing green spaces and parks Tobacco Road Golf Club Easy access to major cities (Raleigh, Durham and Fayetteville) short drive to Central Carolina Hospital (a Duke LifePoint Hospital)","The Salerno Classic is part of McKee Homes’ portfolio of popular ranch-style homes. As a single-story home, the two bedrooms, two baths, attached two-car garage and resort-style courtyard are easily accessible no matter where you are in the home. As you enter the home, you are greeted by an expansive main living area that connects a beautiful family room to the state-of-the-art, contemporary kitchen and dining area. Large, energy-efficient Low-E windows and sliding glass doors in the family room and dining area let in ample amounts of natural light, allow for an easy transition between indoor and outdoor spaces, and make this home look even more spacious and inviting. Whether you’re cuddling up in front of the gas-log fireplace, watching TV over the custom-built mantel or hosting a dinner party for family and friends on the chef-style island and eating bar, this open-concept layout makes for the perfect gathering spot. The owner’s suite is a private retreat with spa-like bath complete with garden tub, separate tiled shower, double sink vanity. The huge walk-in closet connects all the way from the owner’s bath to the laundry room for added convenience. An optional sliding glass door allows private access to the rear patio from the bedroom. Additional options include a sitting room off owner’s bedroom, a walk-in L-shaped shower and a deluxe kitchen. The Classic elevation features a blend of brick and siding with simple roof lines for a classic, elegant look. The Salerno Classic open-concept layout makes for the perfect gathering place.",,Y,Front,Y,,,2026-02-03T22:44:57.121Z
https://www.epconcommunities.com/find-your-home/communities/north-carolina/raleighdurham/lee/sanford/the-cottages-at-78-north/quick-move-in-homes/129-oban-drive-150,The Cottages at 78 North,"129 Oban Drive, Sanford, NC 27330",Sanford,NC,27330,Lee County,,35.4536,-79.1647,252-582-5452,Tour by appointment,https://www.epconcommunities.com,available,Epcon Communities,,,,,,,,,,,,,,,Y,Y,Torino Craftsman,Torino Craftsman,2,2,2,2,0,2,2,0,1,,1,SFD,1927,1927,,429990,429990,,2025-05-26,,,,,Courtyard: rear | Garage detached: no | Dining areas: 1 | Bonus suite: N | HERS: 0,,,"New Model available for Touring! The Cottages at 78 North is the newest Epcon community located in Sanford, NC. It features 59 home sites and award-winning Epcon floor plans that are now available for presale! You will have the opportunity to personalize your homes' interior design features by visiting The McKee Home Studio and working with our talented design consultant. The Cottages offers: Award-winning Epcon floor plans Open concept living Low-maintenance lifestyle Easy accessibility with minimal steps and wide doorways Sanford, NC Features: Historic Downtown Sanford Vibrant community Amazing green spaces and parks Tobacco Road Golf Club Easy access to major cities (Raleigh, Durham and Fayetteville) short drive to Central Carolina Hospital (a Duke LifePoint Hospital)","McKee Homes presents the two-bedroom, two-bath Torino Craftsman floor plan with cottage-style design. Designed with purpose, each room adjoins at the center to make it the heart of the home. The front entryway and foyer transition into a wide-open, main living area connecting the large living room, chef-worthy kitchen, dining area and den. Large, energy-efficient Low-E windows in the living room and dining area let in ample amounts of natural light, allow for an easy transition between indoor and outdoor spaces, and make this home look even more spacious and inviting. The huge chef-style island in the kitchen is the central hub of the home and a natural gathering place. Nearby is the flex room that can be used as a den, study, office, playroom, movie room, exercise room or whatever suits your needs. The owner’s suite is a private retreat with a spa-like bath complete with garden tub, separate tiled shower, a double sink vanity and spacious walk-in closet. An optional sitting room connected to the owner’s bedroom allows private access to the rear patio with the sliding glass door option. Additional options include larger windows at the dining area side wall, a walk-in L-shaped shower and a deluxe kitchen. The Craftsman elevation features a façade that blends stone, siding and uniquely-styled roof lines to create an upscale, tailored exterior. McKee Homes presents the two-bedroom, two-bath Torino Craftsman floor plan.",,Y,Front,Y,,,2026-03-25T17:16:44.030Z
https://www.epconcommunities.com/find-your-home/communities/north-carolina/raleighdurham/durham/durham/the-courtyards-at-oak-grove/quick-move-in-homes/712-blackpool-drive-122,The Courtyards at Oak Grove,"712 Blackpool Drive, Durham, NC 27703",Durham,NC,27703,Durham County,,35.9423,-78.7953,919-646-6804,Sun-Mon: 12pm - 6pm | Tue-Sat: 10am - 6pm,https://www.epconcommunities.com,available,Epcon Communities,,,,,,,,,,,,,,,Y,Y,TOWNHOME | Oxford,TOWNHOME | Oxford,2,2,3,2,1,3,2,1,2,,2,SFA,2410,2410,,569855,569855,,2025-12-20,,,,,Courtyard: rear | Attachment: attached | Garage detached: not_applicable | Dining areas: 0 | Bonus suite: Y | HERS: 0,,,"Welcome to The Courtyards at Oak Grove, Durham's newest luxury community, where modern living meets tranquility. Nestled in a serene setting, our boutique community offers beautifully designed ranch homes and luxury townhomes that invite abundant natural light into spacious interiors. Every home features a first-floor owner's suite and a private outdoor space , perfect for relaxing or entertaining. Luxury Ranch Homes & Townhomes: Thoughtfully designed for comfort and style, with spacious layouts and high-end finishes and each featuring a first-floor owner's suite for maximum comfort and convenience Single-Level Living: We've designed our homes with comfort and convenience in mind. Enjoy the ease of single-level living, with all your main living spaces on one floor. Private Outdoor Space: Each home boasts a private courtyard, offering a personal retreat for relaxation and outdoor enjoyment. Low-maintenance community: With lawn maintenance taken care of for you, you can spend less time on upkeep and more time enjoying the lifestyle you love. At The Courtyards at Oak Grove, we believe in enhancing your well-being and leisure time. Imagine a lifestyle where every day feels like a retreat. You'll have access to a range of modern amenities, from a clubhouse with a fitness facility to a refreshing pool, pickleball courts, scenic walking trails, inviting pocket parks, and even a dedicated dog park for your furry friends. Embrace a vibrant community where luxury meets convenience and where neighbors become friends. Discover your new home at The Courtyards at Oak Grove—a place where every moment is designed with you in mind. Schedule your visit today and how you can Live Well Every Day.","SPECIAL PRICING! Discover the comfort and style of the Oxford Quick Move-In, a thoughtfully designed townhome offering low-maintenance, single-level living with extra space upstairs for added flexibility. The open-concept kitchen features a large island perfect for entertaining, while the family room extends effortlessly to a covered porch and private patio. A spacious first-floor owner’s suite includes a walk-in closet and well-appointed bath. Upstairs, two secondary bedrooms and a bonus room provide plenty of space for guests or hobbies—ideal for your lifestyle today and tomorrow. Special Pricing Available – Move In Sooner, Save More",,Y,Front,Y,,,2026-02-13T19:40:39.759Z
https://www.epconcommunities.com/find-your-home/communities/north-carolina/raleighdurham/durham/durham/the-courtyards-at-oak-grove/quick-move-in-homes/704-blackpool-drive-118,The Courtyards at Oak Grove,"704 Blackpool Drive, Durham, NC 27703",Durham,NC,27703,Durham County,,35.9423,-78.7953,919-646-6804,Sun-Mon: 12pm - 6pm | Tue-Sat: 10am - 6pm,https://www.epconcommunities.com,available,Epcon Communities,,,,,,,,,,,,,,,Y,Y,TOWNHOME | Oxford,TOWNHOME | Oxford,2,2,3,2,1,3,2,1,2,,2,SFA,2410,2410,,540315,540315,,2025-12-18,,,,,Courtyard: rear | Attachment: attached | Garage detached: not_applicable | Dining areas: 0 | Bonus suite: Y | HERS: 0,,,"Welcome to The Courtyards at Oak Grove, Durham's newest luxury community, where modern living meets tranquility. Nestled in a serene setting, our boutique community offers beautifully designed ranch homes and luxury townhomes that invite abundant natural light into spacious interiors. Every home features a first-floor owner's suite and a private outdoor space , perfect for relaxing or entertaining. Luxury Ranch Homes & Townhomes: Thoughtfully designed for comfort and style, with spacious layouts and high-end finishes and each featuring a first-floor owner's suite for maximum comfort and convenience Single-Level Living: We've designed our homes with comfort and convenience in mind. Enjoy the ease of single-level living, with all your main living spaces on one floor. Private Outdoor Space: Each home boasts a private courtyard, offering a personal retreat for relaxation and outdoor enjoyment. Low-maintenance community: With lawn maintenance taken care of for you, you can spend less time on upkeep and more time enjoying the lifestyle you love. At The Courtyards at Oak Grove, we believe in enhancing your well-being and leisure time. Imagine a lifestyle where every day feels like a retreat. You'll have access to a range of modern amenities, from a clubhouse with a fitness facility to a refreshing pool, pickleball courts, scenic walking trails, inviting pocket parks, and even a dedicated dog park for your furry friends. Embrace a vibrant community where luxury meets convenience and where neighbors become friends. Discover your new home at The Courtyards at Oak Grove—a place where every moment is designed with you in mind. Schedule your visit today and how you can Live Well Every Day.","SPEICAL PRICING! This beautifully designed Oxford townhome is ready for quick move-in and offers the ease of main-level living with the added bonus of flexible upstairs space. The first floor features a luxurious owner’s suite with a walk-in closet and private bath, a stylish half bath, and a deluxe kitchen with an oversized island perfect for entertaining. Upstairs, two bedrooms, a full bath, and a spacious bonus room provide the ideal layout for guests, a home office, or a cozy retreat. With its thoughtful layout and low-maintenance design, this home is a perfect fit for your lifestyle. Quick Move-In Home Just Reduced – Special Pricing Won’t Last",,Y,Front,Y,,,2026-03-04T19:36:27.879Z
https://www.epconcommunities.com/find-your-home/communities/north-carolina/raleighdurham/durham/durham/the-courtyards-at-oak-grove/quick-move-in-homes/2001-grimsby-court-64,The Courtyards at Oak Grove,"2001 Grimsby Court, Durham, NC 27703",Durham,NC,27703,Durham County,,35.9434,-78.7948,919-646-6804,Sun-Mon: 12pm - 6pm | Tue-Sat: 10am - 6pm,https://www.epconcommunities.com,available,Epcon Communities,,,,,,,,,,,,,,,Y,Y,SINGLE FAMILY | Promenade,SINGLE FAMILY | Promenade,2,2,2,2,0,2,2,0,1,,1,SFD,2183,2183,,761088,761088,,2025-11-30,,,,,Courtyard: side | Attachment: detached | Garage detached: not_applicable | Dining areas: 0 | Bonus suite: N | HERS: 0,,,"Welcome to The Courtyards at Oak Grove, Durham's newest luxury community, where modern living meets tranquility. Nestled in a serene setting, our boutique community offers beautifully designed ranch homes and luxury townhomes that invite abundant natural light into spacious interiors. Every home features a first-floor owner's suite and a private outdoor space , perfect for relaxing or entertaining. Luxury Ranch Homes & Townhomes: Thoughtfully designed for comfort and style, with spacious layouts and high-end finishes and each featuring a first-floor owner's suite for maximum comfort and convenience Single-Level Living: We've designed our homes with comfort and convenience in mind. Enjoy the ease of single-level living, with all your main living spaces on one floor. Private Outdoor Space: Each home boasts a private courtyard, offering a personal retreat for relaxation and outdoor enjoyment. Low-maintenance community: With lawn maintenance taken care of for you, you can spend less time on upkeep and more time enjoying the lifestyle you love. At The Courtyards at Oak Grove, we believe in enhancing your well-being and leisure time. Imagine a lifestyle where every day feels like a retreat. You'll have access to a range of modern amenities, from a clubhouse with a fitness facility to a refreshing pool, pickleball courts, scenic walking trails, inviting pocket parks, and even a dedicated dog park for your furry friends. Embrace a vibrant community where luxury meets convenience and where neighbors become friends. Discover your new home at The Courtyards at Oak Grove—a place where every moment is designed with you in mind. Schedule your visit today and how you can Live Well Every Day.","Looking for a spacious home that can comfortably accommodate your oversized furniture and host your family and friends? The Promenade is the ideal option - This expertly designed house offers ample space for all your needs, along with a range of features to help you relax and recharge. Here are some of the highlights: Gourmet kitchen with center island and walk-in pantry Secluded den and private courtyard for peaceful moments Spacious owner's suite and bath for ultimate relaxation Mudroom with additional storage space for easy organization For those who believe that the home is where the heart is, look no further than the Promenade. Come see it for yourself and experience the best of modern living. The Promenade is an elegant, open home with plenty of room for you.",,Y,Front,Y,,,2026-02-13T18:31:59.091Z
https://www.epconcommunities.com/find-your-home/communities/north-carolina/raleighdurham/durham/durham/the-courtyards-at-oak-grove/quick-move-in-homes/2000-grimsby-court-41,The Courtyards at Oak Grove,"2000 Grimsby Court, Durham, NC 27703",Durham,NC,27703,Durham County,,35.9425,-78.7949,919-646-6804,Sun-Mon: 12pm - 6pm | Tue-Sat: 10am - 6pm,https://www.epconcommunities.com,available,Epcon Communities,,,,,,,,,,,,,,,Y,Y,SINGLE FAMILY | Portico,SINGLE FAMILY | Portico,2.5,2.5,3,3,0,3,3,0,1,,1,SFD,2571,2571,,749900,749900,,2025-12-28,,,,,Courtyard: side | Attachment: detached | Garage detached: not_applicable | Dining areas: 0 | Bonus suite: Y | HERS: 0,,,"Welcome to The Courtyards at Oak Grove, Durham's newest luxury community, where modern living meets tranquility. Nestled in a serene setting, our boutique community offers beautifully designed ranch homes and luxury townhomes that invite abundant natural light into spacious interiors. Every home features a first-floor owner's suite and a private outdoor space , perfect for relaxing or entertaining. Luxury Ranch Homes & Townhomes: Thoughtfully designed for comfort and style, with spacious layouts and high-end finishes and each featuring a first-floor owner's suite for maximum comfort and convenience Single-Level Living: We've designed our homes with comfort and convenience in mind. Enjoy the ease of single-level living, with all your main living spaces on one floor. Private Outdoor Space: Each home boasts a private courtyard, offering a personal retreat for relaxation and outdoor enjoyment. Low-maintenance community: With lawn maintenance taken care of for you, you can spend less time on upkeep and more time enjoying the lifestyle you love. At The Courtyards at Oak Grove, we believe in enhancing your well-being and leisure time. Imagine a lifestyle where every day feels like a retreat. You'll have access to a range of modern amenities, from a clubhouse with a fitness facility to a refreshing pool, pickleball courts, scenic walking trails, inviting pocket parks, and even a dedicated dog park for your furry friends. Embrace a vibrant community where luxury meets convenience and where neighbors become friends. Discover your new home at The Courtyards at Oak Grove—a place where every moment is designed with you in mind. Schedule your visit today and how you can Live Well Every Day.","SPECIAL PRICING! This quick move-in Portico home offers luxurious, low-maintenance living on a desirable corner homesite. Enjoy a deluxe owner’s suite with a spa-like bath, an open-concept layout and high-end finishes throughout. The home also features a private bonus suite—perfect for guests, hobbies or extra living space. Designed with comfort and convenience in mind, The Portico is ready for you to move in and start your next chapter. Special Pricing on This Quick Move-In Home!",,Y,Front,Y,,,2026-03-11T16:26:31.184Z
https://www.epconcommunities.com/find-your-home/communities/north-carolina/raleighdurham/durham/durham/the-courtyards-at-oak-grove/quick-move-in-homes/1136-salford-court-147,The Courtyards at Oak Grove,"1136 Salford Court, Durham, NC 27703",Durham,NC,27703,Durham County,,35.9417,-78.7954,919-646-6804,Sun-Mon: 12pm - 6pm | Tue-Sat: 10am - 6pm,https://www.epconcommunities.com,sold,Epcon Communities,,,,,,,,,,,,,,,Y,Y,SINGLE FAMILY | Portico,SINGLE FAMILY | Portico,2.5,2.5,3,3,0,3,3,0,1,,1,SFD,2571,2571,,707113,707113,,2025-12-27,,,,,Courtyard: side | Attachment: detached | Garage detached: not_applicable | Dining areas: 0 | Bonus suite: Y | HERS: 0,,,"Welcome to The Courtyards at Oak Grove, Durham's newest luxury community, where modern living meets tranquility. Nestled in a serene setting, our boutique community offers beautifully designed ranch homes and luxury townhomes that invite abundant natural light into spacious interiors. Every home features a first-floor owner's suite and a private outdoor space , perfect for relaxing or entertaining. Luxury Ranch Homes & Townhomes: Thoughtfully designed for comfort and style, with spacious layouts and high-end finishes and each featuring a first-floor owner's suite for maximum comfort and convenience Single-Level Living: We've designed our homes with comfort and convenience in mind. Enjoy the ease of single-level living, with all your main living spaces on one floor. Private Outdoor Space: Each home boasts a private courtyard, offering a personal retreat for relaxation and outdoor enjoyment. Low-maintenance community: With lawn maintenance taken care of for you, you can spend less time on upkeep and more time enjoying the lifestyle you love. At The Courtyards at Oak Grove, we believe in enhancing your well-being and leisure time. Imagine a lifestyle where every day feels like a retreat. You'll have access to a range of modern amenities, from a clubhouse with a fitness facility to a refreshing pool, pickleball courts, scenic walking trails, inviting pocket parks, and even a dedicated dog park for your furry friends. Embrace a vibrant community where luxury meets convenience and where neighbors become friends. Discover your new home at The Courtyards at Oak Grove—a place where every moment is designed with you in mind. Schedule your visit today and how you can Live Well Every Day.","SPECIAL PRICING! This move-in ready Portico offers a luxurious blend of comfort and style, with thoughtful details throughout. Enjoy a deluxe kitchen cabinet layout, laminate plank flooring in the main living areas, and tile flooring in all baths. The spacious owner’s suite features a private sitting room and a spa-like bath, creating a true retreat. A flexible bonus suite and a cozy fireplace complete the open-concept design—perfect for everyday living or entertaining. Special Pricing Available – Move In Sooner, Save More",,Y,Front,Y,,,2026-04-22T19:48:52.865Z
https://www.epconcommunities.com/find-your-home/communities/north-carolina/raleighdurham/durham/durham/the-courtyards-at-oak-grove/quick-move-in-homes/1132-salford-court-146,The Courtyards at Oak Grove,"1132 Salford Court, Durham, NC 27703",Durham,NC,27703,Durham County,,35.9423,-78.7953,919-646-6804,Sun-Mon: 12pm - 6pm | Tue-Sat: 10am - 6pm,https://www.epconcommunities.com,available,Epcon Communities,,,,,,,,,,,,,,,Y,Y,SINGLE FAMILY | Salerno,SINGLE FAMILY | Salerno,2.5,2.5,3,3,0,3,3,0,1,,1,SFD,2169,2169,,749900,749900,,2026-02-08,,,,,Courtyard: rear | Attachment: detached | Garage detached: not_applicable | Dining areas: 0 | Bonus suite: Y | HERS: 0,,,"Welcome to The Courtyards at Oak Grove, Durham's newest luxury community, where modern living meets tranquility. Nestled in a serene setting, our boutique community offers beautifully designed ranch homes and luxury townhomes that invite abundant natural light into spacious interiors. Every home features a first-floor owner's suite and a private outdoor space , perfect for relaxing or entertaining. Luxury Ranch Homes & Townhomes: Thoughtfully designed for comfort and style, with spacious layouts and high-end finishes and each featuring a first-floor owner's suite for maximum comfort and convenience Single-Level Living: We've designed our homes with comfort and convenience in mind. Enjoy the ease of single-level living, with all your main living spaces on one floor. Private Outdoor Space: Each home boasts a private courtyard, offering a personal retreat for relaxation and outdoor enjoyment. Low-maintenance community: With lawn maintenance taken care of for you, you can spend less time on upkeep and more time enjoying the lifestyle you love. At The Courtyards at Oak Grove, we believe in enhancing your well-being and leisure time. Imagine a lifestyle where every day feels like a retreat. You'll have access to a range of modern amenities, from a clubhouse with a fitness facility to a refreshing pool, pickleball courts, scenic walking trails, inviting pocket parks, and even a dedicated dog park for your furry friends. Embrace a vibrant community where luxury meets convenience and where neighbors become friends. Discover your new home at The Courtyards at Oak Grove—a place where every moment is designed with you in mind. Schedule your visit today and how you can Live Well Every Day.","SPECIAL PRICING! The Salerno quick move-in home blends thoughtful design with everyday comfort. With a first-floor owner’s suite and guest bedroom, a deluxe kitchen that opens to the living and dining areas, and seamless indoor-outdoor living with a screened porch and private courtyard, it’s made for connection and relaxation. Upstairs, a versatile bonus suite with loft and full bath offers the perfect retreat for guests or hobbies. Special Pricing on This Quick Move-In Home",,Y,Front,Y,,,2026-02-02T18:15:55.793Z
https://www.epconcommunities.com/find-your-home/communities/north-carolina/raleighdurham/durham/durham/the-courtyards-at-oak-grove/quick-move-in-homes/1128-salford-court-145,The Courtyards at Oak Grove,"1128 Salford Court, Durham, NC 27703",Durham,NC,27703,Durham County,,35.9421,-78.7955,919-646-6804,Sun-Mon: 12pm - 6pm | Tue-Sat: 10am - 6pm,https://www.epconcommunities.com,sold,Epcon Communities,,,,,,,,,,,,,,,Y,Y,SINGLE FAMILY | Promenade,SINGLE FAMILY | Promenade,2.5,2.5,3,3,0,3,3,0,1,,1,SFD,2973,2973,,789900,789900,,2025-12-26,,,,,Courtyard: side | Attachment: detached | Garage detached: not_applicable | Dining areas: 0 | Bonus suite: Y | HERS: 0,,,"Welcome to The Courtyards at Oak Grove, Durham's newest luxury community, where modern living meets tranquility. Nestled in a serene setting, our boutique community offers beautifully designed ranch homes and luxury townhomes that invite abundant natural light into spacious interiors. Every home features a first-floor owner's suite and a private outdoor space , perfect for relaxing or entertaining. Luxury Ranch Homes & Townhomes: Thoughtfully designed for comfort and style, with spacious layouts and high-end finishes and each featuring a first-floor owner's suite for maximum comfort and convenience Single-Level Living: We've designed our homes with comfort and convenience in mind. Enjoy the ease of single-level living, with all your main living spaces on one floor. Private Outdoor Space: Each home boasts a private courtyard, offering a personal retreat for relaxation and outdoor enjoyment. Low-maintenance community: With lawn maintenance taken care of for you, you can spend less time on upkeep and more time enjoying the lifestyle you love. At The Courtyards at Oak Grove, we believe in enhancing your well-being and leisure time. Imagine a lifestyle where every day feels like a retreat. You'll have access to a range of modern amenities, from a clubhouse with a fitness facility to a refreshing pool, pickleball courts, scenic walking trails, inviting pocket parks, and even a dedicated dog park for your furry friends. Embrace a vibrant community where luxury meets convenience and where neighbors become friends. Discover your new home at The Courtyards at Oak Grove—a place where every moment is designed with you in mind. Schedule your visit today and how you can Live Well Every Day.","SPECIAL PRICING! Step into style and comfort with this stunning Promenade quick move-in home, thoughtfully designed with luxury and accessibility in mind. The deluxe owner’s suite features a spa-like bath with a zero-threshold universal shower for ease and elegance. Enjoy widened hallways and doors throughout, a deluxe kitchen layout perfect for entertaining, and a cozy fireplace in the main living area. The spacious bonus suite includes a guest bedroom, full bath, and a convenient wet bar—ideal for hosting or extended stays. A covered porch extends your living space outdoors, making this home the perfect blend of function and sophistication. Quick Move-In Home Just Reduced – Special Pricing Won’t Last!",,Y,Front,Y,,,2026-04-22T19:48:28.818Z
https://www.epconcommunities.com/find-your-home/communities/north-carolina/raleighdurham/durham/durham/the-courtyards-at-oak-grove/quick-move-in-homes/1116-salford-court-142,The Courtyards at Oak Grove,"1116 Salford Court, Durham, NC 27703",Durham,NC,27703,Durham County,,35.9423,-78.7953,919-646-6804,Sun-Mon: 12pm - 6pm | Tue-Sat: 10am - 6pm,https://www.epconcommunities.com,sold,Epcon Communities,,,,,,,,,,,,,,,Y,Y,SINGLE FAMILY | Torino,SINGLE FAMILY | Torino,2.5,2.5,3,3,0,3,3,0,1,,1,SFD,2836,2836,,756456,756456,,2025-12-16,,,,,Courtyard: rear | Attachment: detached | Garage detached: not_applicable | Dining areas: 0 | Bonus suite: Y | HERS: 0,,,"Welcome to The Courtyards at Oak Grove, Durham's newest luxury community, where modern living meets tranquility. Nestled in a serene setting, our boutique community offers beautifully designed ranch homes and luxury townhomes that invite abundant natural light into spacious interiors. Every home features a first-floor owner's suite and a private outdoor space , perfect for relaxing or entertaining. Luxury Ranch Homes & Townhomes: Thoughtfully designed for comfort and style, with spacious layouts and high-end finishes and each featuring a first-floor owner's suite for maximum comfort and convenience Single-Level Living: We've designed our homes with comfort and convenience in mind. Enjoy the ease of single-level living, with all your main living spaces on one floor. Private Outdoor Space: Each home boasts a private courtyard, offering a personal retreat for relaxation and outdoor enjoyment. Low-maintenance community: With lawn maintenance taken care of for you, you can spend less time on upkeep and more time enjoying the lifestyle you love. At The Courtyards at Oak Grove, we believe in enhancing your well-being and leisure time. Imagine a lifestyle where every day feels like a retreat. You'll have access to a range of modern amenities, from a clubhouse with a fitness facility to a refreshing pool, pickleball courts, scenic walking trails, inviting pocket parks, and even a dedicated dog park for your furry friends. Embrace a vibrant community where luxury meets convenience and where neighbors become friends. Discover your new home at The Courtyards at Oak Grove—a place where every moment is designed with you in mind. Schedule your visit today and how you can Live Well Every Day.","SPECIAL PRICING! This quick move-in Torino offers elegant, low-maintenance living with thoughtful design and high-end finishes throughout. The open-concept layout features a deluxe kitchen with a gas cooktop, spacious island, and a cozy fireplace in the main living area. Enjoy a private sitting room off the owner’s suite, a screened porch for year-round outdoor relaxation, and an upstairs bonus room complete with a wet bar, perfect for entertaining. Designed with comfort, style, and flexibility in mind, this home is a perfect reflection of the Epcon lifestyle. Special Pricing on This Quick Move-In Home!",,Y,Front,Y,,,2026-04-13T19:41:18.574Z
https://www.epconcommunities.com/find-your-home/communities/north-carolina/piedmont-triad/stokes/king/village-at-maple-leaf-farm/quick-move-in-homes/212-mountain-maple-dr-31,Village at Maple Leaf Farm,"212 Mountain Maple Dr, King, NC 27021",King,NC,27021,Stokes County,,36.2649,-80.3356,336-656-2825,Call for Appointment,https://www.epconcommunities.com,available,Epcon Communities,,,,,,,,,,,,,,,Y,Y,Victoria,Victoria,2,2,3,2,1,3,2,1,2,,2,SFD,2081,2081,,359990,359990,,2025-06-15,,,,,Courtyard: rear | Attachment: attached | Garage detached: no | Dining areas: 0 | Bonus suite: Y | HERS: 0,,,"Discover carefree, low-maintenance living at The Village at Maple Leaf Farm , Nova Triad Homes’ charming community in King, North Carolina . Ideally located just north of Winston-Salem in the Piedmont Triad , this neighborhood blends small-town southern hospitality with modern convenience and comfort. This is your final opportunity to own in The Village at Maple Leaf Farm ! Only two lots remain , plus one quick move-in home , making now the perfect time to secure your spot in this desirable community. Our beautifully designed detached villas and duplex-style homes feature 2- and 3-bedroom floor plans , including the popular Victoria and Capri models. Each home showcases open-concept layouts, abundant natural light, and quality craftsmanship — perfect for those seeking comfort, elegance, and simplicity. Homeowners enjoy HOA-maintained yards, irrigation, and sidewalks , allowing for a truly maintenance-free lifestyle . Spend your free time exploring Hanging Rock and Pilot Mountain State Parks , both minutes away, or enjoy convenient access to the Stokes Family YMCA for fitness and recreation. With pricing from the $300Ks , The Village at Maple Leaf Farm offers an incredible value in a scenic, connected location. Enjoy the relaxed charm of King’s boutique shops, restaurants, and local parks while being just a short drive from Winston-Salem’s amenities. If you’re ready for a low-maintenance, high-quality lifestyle , don’t miss your chance — only a few homes remain! Schedule your tour today and experience why so many are choosing The Village at Maple Leaf Farm as their next home.","The Victoria is a beautifully designed floor plan that seamlessly blends style and functionality to meet the needs of modern living. With 2,082 square feet of thoughtfully crafted space, The Victoria features an open-concept layout perfect for entertaining and everyday comfort. The Victoria offers flexibility with 3 bedrooms, 2 bathrooms, and a spacious second-floor ideal for guests, work-from-home needs, or extra living space. Its charming exterior, highlighted by the Classic or Vintage elevation, combines timeless curb appeal with contemporary details. Whether you’re looking for single-level convenience or additional room to grow, the Victoria is designed to suit your lifestyle in every way. New Pricing!",,Y,Front,Y,,,2026-04-30T20:38:34.245Z
https://www.epconcommunities.com/find-your-home/communities/north-carolina/piedmont-triad/randolph/asheboro/the-villas-at-pinewood/quick-move-in-homes/2430-augusta-drive-41,The Villas at Pinewood,"2430 Augusta Drive, Asheboro, NC 27205",Asheboro,NC,27205,Randolph County,,35.6227,-79.8231,336-559-5695,Call for Appointment,https://www.epconcommunities.com,available,Epcon Communities,,,,,,,,,,,,,,,Y,Y,Wellington,Wellington,2,2,2,2,0,2,2,0,1,,1,SFA,1754,1754,,403315,403315,,2026-02-14,,,,,Attachment: detached | Garage detached: not_applicable | Dining areas: 0 | Bonus suite: N | HERS: 0,,,"The Villas at Pinewood by Nova Triad Homes is entering its final phase , making now one of the last opportunities to own in this highly desirable luxury patio home community in Asheboro, NC. Ideally located beside the prestigious Pinewood Country Club, this low-maintenance, active-adult neighborhood combines upscale living with everyday convenience. Designed for homeowners seeking comfort, style, and simplicity, The Villas at Pinewood offers beautifully crafted single-level patio homes and twin homes tailored for effortless living. Generous rear patios provide a private outdoor retreat—perfect for entertaining, gardening, or simply unwinding in the peaceful surroundings. Each home reflects Nova Triad Homes’ signature quality, with open-concept floor plans, modern finishes, and thoughtful design details that enhance daily life. Close proximity to Asheboro’s best shopping, dining, recreation, and medical services means residents enjoy a lifestyle that is both refined and accessible. If you’re ready to right-size, embrace low-maintenance living, or enjoy a tranquil setting near one of the area’s premier golf and social clubs, The Villas at Pinewood offers a rare final chance to secure the ideal blend of luxury, convenience, and community. Act now to claim one of the limited remaining homesites in this nearly sold-out new construction community in Asheboro, NC.","The Wellington offers 2 bedrooms, 2 bathrooms and a flex room with square footage of 1754. The Wellington offers 2 bedrooms, 2 bathrooms and a flex room with square footage of 1754.",,Y,Front,Y,,,2025-12-09T16:05:20.532Z
https://www.epconcommunities.com/find-your-home/communities/north-carolina/piedmont-triad/guilford/high-point/the-landing-at-sycamore-creek/quick-move-in-homes/3419-willowcrest-st-22,The Landing at Sycamore Creek,"3419 Willowcrest St, High Point, NC 27265",High Point,NC,27265,Guilford County,,36.0116,-80.0316,336-559-5680,Call for Appointment,https://www.epconcommunities.com,sold,Epcon Communities,,,,,,,,,,,,,,,Y,Y,Victoria,Victoria,2,2,3,2,1,3,2,1,2,,2,SFD,2081,2081,,399990,399990,,2025-05-31,,,,,Courtyard: rear | Attachment: attached | Garage detached: no | Dining areas: 0 | Bonus suite: Y | HERS: 0,,,"Looking to move into a low-maintenance, beautifully designed villa or townhome in the heart of the Piedmont Triad? The Landing at Sycamore Creek is your final opportunity to own in one of High Point’s most desirable communities. Perfectly nestled in northwest High Point, NC, this neighborhood offers quick access to Greensboro, Winston-Salem, and Kernersville, making it an ideal location for convenience, comfort, and connection. If a care-free lifestyle is what you’re seeking, The Landing at Sycamore Creek delivers. Here, yard work, landscaping, and irrigation are all handled by professionals, so you can spend more time enjoying what matters most. Step outside and explore nearby destinations such as Oak Hollow Lake, Phillips Soccer Complex, and High Point University —all less than 10 minutes away. Our thoughtfully designed 2- and 3-bedroom homes are available with an optional bonus suite for even more flexibility. Each floor plan showcases open living areas filled with natural light, oversized garages with abundant storage, and rich exterior elevations that create timeless curb appeal. Private courtyards provide the perfect setting for outdoor entertaining, gardening, or simply relaxing in your own secluded retreat. Don’t miss your chance— only one lot and two Quick Move-In homes remain! Schedule your visit today and discover why so many buyers choose The Landing at Sycamore Creek for its unbeatable combination of location, lifestyle, and low-maintenance living.","The Victoria is a beautifully designed floor plan that seamlessly blends style and functionality to meet the needs of modern living. With 2,082 square feet of thoughtfully crafted space, The Victoria features an open-concept layout perfect for entertaining and everyday comfort. The Victoria offers flexibility with 3 bedrooms, 2 bathrooms, and a spacious second-floor ideal for guests, work-from-home needs, or extra living space. Its charming exterior, highlighted by the Classic or Vintage elevation, combines timeless curb appeal with contemporary details. Whether you’re looking for single-level convenience or additional room to grow, the Victoria is designed to suit your lifestyle in every way.",,Y,Front,Y,,,2026-04-30T20:39:08.761Z
https://www.epconcommunities.com/find-your-home/communities/north-carolina/piedmont-triad/forsyth/clemmons/salem-brooke/quick-move-in-homes/5240-sunny-brook-ct-6,Salem Brooke,"5240 Sunny Brook Ct., Clemmons, NC 27012",Clemmons,NC,27012,Forsyth County,,35.9973,-80.3649,336-518-8030,Open Daily 12:00 PM - 4:00 PM,https://www.epconcommunities.com,available,Epcon Communities,,,,,,,,,,,,,,,Y,Y,Portico,Portico,2,2,2,2,0,2,2,0,1,,1,SFD,1784,1784,,470446,470446,,2026-08-01,,,,,Courtyard: side | Attachment: detached | Garage detached: not_applicable | Dining areas: 0 | Bonus suite: N | HERS: 0,,,"Salem Brooke is Clemmons, North Carolina’s newest luxury, low-maintenance community , offering refined living without sacrificing comfort or style. Located at 5227 Sunny Brook Court in Forsyth County , this exclusive neighborhood features just 26 homesites total— with only 13 remaining . Homes are priced from the high $300,000s and range from 1,776 to 2,832 square feet , featuring Epcon’s most popular single-level floor plans —the Portico, Promenade, and Torino . These thoughtfully designed homes include open-concept layouts, private courtyards , spacious kitchens, and optional bonus suites , making them ideal for downsizers, empty nesters, and active adults . Located near Tanglewood Park and Salem Glen Country Club, Salem Brooke offers easy access to golf, walking trails, dining, and recreation . This prime Clemmons location, combined with elegant design and a low-maintenance lifestyle , makes Salem Brooke one of the most desirable new construction communities in the Triad. With only 13 homesites remaining , opportunities in Salem Brooke are limited. Schedule your tour today and discover why buyers are choosing this exceptional Clemmons community.","The Portico is a beautiful and striking home designed with functional excellence to promote easy manageability. Dramatic transitions like the formal entryway highlight the elegance and quality of the open, efficient design. Complementing the exquisiteness of the home are such amenities as the gourmet kitchen and private den that allow you to live in comfort with all the conveniences you desire. Enjoy the private owner’s suite nicely designed with spacious bath Take advantage of abundant storage and organizational spaces Gather with friends and family in the home's large, centrally located kitchen Additionally, the Portico offers intelligent features including a conveniently located laundry room, generous storage space, and the added versatility of a bonus suite perfect for a guest room. All things considered, the Portico provides a luxurious yet casual living experience that caters to your lifestyle desires. The Portico is a stunning freestanding home designed for today's casual lifestyle.",,Y,Front,Y,,,2026-04-30T20:44:56.192Z
https://www.epconcommunities.com/find-your-home/communities/north-carolina/piedmont-triad/forsyth/clemmons/salem-brooke/quick-move-in-homes/315-daffodil-fields-lane-20,Salem Brooke,"315 Daffodil Fields Lane, Clemmons, NC 27012",Clemmons,NC,27012,Forsyth County,,35.9972,-80.3682,336-518-8030,Open Daily 12:00 PM - 4:00 PM,https://www.epconcommunities.com,available,Epcon Communities,,,,,,,,,,,,,,,Y,Y,Promenade,Promenade,2,2,3,2,1,3,2,1,1,,1,SFD,1986,1986,,506852,506852,,2026-06-01,,,,,Courtyard: side | Attachment: detached | Garage detached: not_applicable | Dining areas: 0 | Bonus suite: N | HERS: 0,"Private, garden courtyard First floor owner’s suite First floor laundry room Extra-large garage Single-level living Features of universal design Signature architectural details Flexible living space Energy-efficient windows Abundant natural light Spacious entertainment areas Deluxe walk-in zero-entry shower with floor-to-ceiling tile Fireplace with tile surround in living room Brushed gold fixtures throughout Farmhouse sink Deluxe Kitchen layout Quartz countertops Deluxe appliance package",,"Salem Brooke is Clemmons, North Carolina’s newest luxury, low-maintenance community , offering refined living without sacrificing comfort or style. Located at 5227 Sunny Brook Court in Forsyth County , this exclusive neighborhood features just 26 homesites total— with only 13 remaining . Homes are priced from the high $300,000s and range from 1,776 to 2,832 square feet , featuring Epcon’s most popular single-level floor plans —the Portico, Promenade, and Torino . These thoughtfully designed homes include open-concept layouts, private courtyards , spacious kitchens, and optional bonus suites , making them ideal for downsizers, empty nesters, and active adults . Located near Tanglewood Park and Salem Glen Country Club, Salem Brooke offers easy access to golf, walking trails, dining, and recreation . This prime Clemmons location, combined with elegant design and a low-maintenance lifestyle , makes Salem Brooke one of the most desirable new construction communities in the Triad. With only 13 homesites remaining , opportunities in Salem Brooke are limited. Schedule your tour today and discover why buyers are choosing this exceptional Clemmons community.","Welcome to the Promenade III, one of our largest and most spectacular homes. The Promenade III is an elegant, open home with plenty of room for your oversized sofas and dining room furniture. The gourmet kitchen with center island and walk-in pantry make it the ideal place to have a quick meal or prepare a grand feast for family and friends. Relax in the secluded den or the private courtyard Relish in the spacious owner's suite Easily corral your belongings in the mudroom and additional storage space This expertly designed wide open home allows you to easily and comfortably host friends and family and steal away to enjoy a moment of peaceful privacy. For those who believe that the home is where the heart is, rejoice with the Promenade III. The Promenade III is an elegant, open home with plenty of room for you.",,Y,Front,Y,,,2026-03-25T19:23:38.257Z
https://www.epconcommunities.com/find-your-home/communities/north-carolina/piedmont-triad/alamance/mebane/villas-on-5th/quick-move-in-homes/1108-hudson-dr-21,Villas on 5th,"1108 Hudson Dr, Mebane, NC 27302",Mebane,NC,27302,Alamance County,,36.0709,-79.2874,336-975-6180,Call for Appointment,https://www.epconcommunities.com,available,Epcon Communities,,,,,,,,,,,,,,,Y,Y,Portico,Portico,2,2,3,3,0,3,3,0,1,,1,SFD,3023,3023,,629817,629817,,2026-01-30,,,,,Courtyard: side | Attachment: attached | Garage detached: no | Dining areas: 1 | Bonus suite: N | HERS: 0,,,"The Villas on 5th is a final opportunity luxury villa community in Mebane, North Carolina , with only one Quick Move-In home remaining . This highly sought-after neighborhood offers beautifully designed, low-maintenance ranch-style villas created for effortless, upscale living. The community is ideal for homeowners seeking a carefree, maintenance-free lifestyle . Full exterior maintenance services are included, with professional teams managing lawn care, landscaping, and irrigation , allowing residents to enjoy more time doing what matters most. Located in Mebane, NC , The Villas on 5th provides convenient access to local shopping, dining, medical services, and major travel corridors—making it an excellent choice for those looking to right-size without sacrificing comfort or location. With only one Quick Move-In home available , this is the last chance to own new construction at The Villas on 5th . Opportunities in this community are nearly sold out—secure your home before it’s gone.","The Portico is a beautiful and striking home designed with functional excellence to promote easy manageability. Dramatic transitions like the formal entryway highlight the elegance and quality of the open, efficient design. Complementing the exquisiteness of the home are such amenities as the gourmet kitchen and private den that allow you to live in comfort with all the conveniences you desire. Enjoy the private owner’s suite nicely designed with spacious bath Take advantage of abundant storage and organizational spaces Gather with friends and family in the home's large, centrally located kitchen Additionally, the Portico offers intelligent features including a conveniently located laundry room, generous storage space, and the added versatility of a bonus suite perfect for a guest room. All things considered, the Portico provides a luxurious yet casual living experience that caters to your lifestyle desires.",,Y,Front,Y,,,2025-09-20T18:00:47.798Z
https://www.epconcommunities.com/find-your-home/communities/north-carolina/ocean-isle-beach/brunswick/ocean-isle-beach/courtyards-by-carrell/quick-move-in-homes/1064-northbridge-court-nw-56,Courtyards by Carrell,"1064 Northbridge Court NW, Ocean Isle Beach, NC 28469",Ocean Isle Beach,NC,28469,Brunswick County,,33.8877,-78.4364,843-960-3055,Mon-Sat: 10am-5pm | Sun: 1pm-5pm,https://www.epconcommunities.com,available,Epcon Communities,,,,,,,,,,,,,,,Y,Y,Promenade III,Promenade III,4,4,3,3,1,3,3,1,2,,2,SFD,2866,2866,,805515,805515,,2026-04-27,,,,,Courtyard: side | Attachment: attached | Garage detached: not_applicable | Dining areas: 1 | Bonus suite: Y | HERS: 0,,,"Courtyards by Carrell is a new Epcon community that showcases 66 single-story (with bonus option) luxury ranch homes in Ocean Isle Beach, North Carolina. The community features a resort-style pool, clubhouse, bocce and pickleball courts, fitness center, lush landscaping and a pond with a lighted fountain. Offering six exclusive Epcon home plans, each one designed and built to connect to the outdoors and the community, buyers will be able to create a home that truly speaks to them. These award-winning floor plans boast a variety of structural and finish options, offering flexibility and personalization. Move-in ready homes available now! *We offer buyer's agents a 3% commission.*","This Promenade Grande plan is situated on a stunning oversized corner homesite and offers an exceptional blend of luxury, space, and functionality, including a rare 4-car tandem garage. Home is available for purchase and may be offered with a lease-back option. This thoughtfully designed open-concept home features 3 bedrooms and 3.5 baths, with a spacious Great Room that seamlessly connects to a deluxe chef’s kitchen—perfect for both everyday living and entertaining. The kitchen is beautifully appointed with upgraded appliances, including a convection microwave/wall oven and an induction cooktop. A striking stacked-stone gas fireplace anchors the Great Room, while triple sliding glass doors open to a screened-in private courtyard, creating the perfect indoor-outdoor living experience. A versatile den is located just off the main living area, ideal for a home office or flex space. The Owner’s Suite is a true retreat, featuring a recessed ceiling with cove crown molding, abundant natural light, and dual walk-in closets. The spa-like bath includes dual vanities, a zero-entry tiled walk-in shower, and a private water closet. Upstairs, a spacious bonus suite includes an additional bedroom and full bath, along with two walk-in floored attic storage areas—offering exceptional storage and flexibility. The oversized 4-car tandem garage is a rare find and includes two electric vehicle charging outlets, providing ample space for vehicles, storage, or hobbies. Enjoy low-maintenance living with HOA-maintained landscaping and irrigation for each homesite. Community amenities include a resort-style pool, scenic pond with fountain, fitness center, pickleball courts, bocce ball, and walking trails. Ideally located near world-class golf, shopping, and waterfront dining, and just minutes from the beautiful beaches of Ocean Isle Beach. Promenade Grande - 4-car Garage","The community features a resort-style pool, clubhouse, pickleball and bocce ball courts, fitness center, walking trail and lush landscaping.",Y,Front,Y,,,2026-04-27T17:56:45.267Z
https://www.epconcommunities.com/find-your-home/communities/north-carolina/ocean-isle-beach/brunswick/ocean-isle-beach/courtyards-by-carrell/quick-move-in-homes/1060-northbridge-court-nw-55,Courtyards by Carrell,"1060 Northbridge Court NW, Ocean Isle Beach, NC 28469",Ocean Isle Beach,NC,28469,Brunswick County,,33.9500,-78.5000,843-960-3055,Mon-Sat: 10am-5pm | Sun: 1pm-5pm,https://www.epconcommunities.com,available,Epcon Communities,,,,,,,,,,,,,,,Y,Y,Capri IV,Capri IV,2,2,2,2,0,2,2,0,1,,1,SFD,1512,1512,,499000,499000,,2024-12-31,,,,,Courtyard: rear | Attachment: attached | Garage detached: no | Dining areas: 1 | Bonus suite: N | HERS: 0,,,"Courtyards by Carrell is a new Epcon community that showcases 66 single-story (with bonus option) luxury ranch homes in Ocean Isle Beach, North Carolina. The community features a resort-style pool, clubhouse, bocce and pickleball courts, fitness center, lush landscaping and a pond with a lighted fountain. Offering six exclusive Epcon home plans, each one designed and built to connect to the outdoors and the community, buyers will be able to create a home that truly speaks to them. These award-winning floor plans boast a variety of structural and finish options, offering flexibility and personalization. Move-in ready homes available now! *We offer buyer's agents a 3% commission.*","The Capri IV is the perfect fusion of luxurious design and modern functionality built with you in mind. Complete with multiple large bedrooms and flexible living rooms, the Capri IV allows you to live your lifestyle without limits. Upgraded stainless steel appliances with quartz countertops and updated backsplash Extended living room with sliding doors to welcome you to the courtyard - perfect for entertaining Laundry room features upper and lower cabinets with sink Primary bedroom features gorgeous accent wall and the primary bath has a zero-entry tile shower Courtyard includes pavers and upgraded landscaping - landscaping and irrigation maintenance outside of the courtyard is provided by the HOA This home is a true single-level, open architecture home that makes efficient use of space and channels natural light. Thanks to its flexibility and elegance, the Capri IV is the perfect fit for all personalities and lifestyles. Capri IV Available Now!","The community features a resort-style pool, clubhouse, pickleball and bocce ball courts, fitness center, walking trail and lush landscaping.",Y,Front,Y,,,2026-01-15T19:39:04.661Z
https://www.epconcommunities.com/find-your-home/communities/north-carolina/ocean-isle-beach/brunswick/ocean-isle-beach/courtyards-by-carrell/quick-move-in-homes/1057-northbridge-court-nw-9,Courtyards by Carrell,"1057 Northbridge Court NW, Ocean Isle Beach, NC 28469",Ocean Isle Beach,NC,28469,Brunswick County,,33.8877,-78.4364,843-960-3055,Mon-Sat: 10am-5pm | Sun: 1pm-5pm,https://www.epconcommunities.com,available,Epcon Communities,,,,,,,,,,,,,,,Y,Y,Promenade III,Promenade III,2,2,2,2,1,2,2,1,1,,1,SFD,2149,2149,,616000,616000,,2025-07-30,,,,,Courtyard: side | Attachment: detached | Garage detached: no | Dining areas: 0 | Bonus suite: N | HERS: 0,,,"Courtyards by Carrell is a new Epcon community that showcases 66 single-story (with bonus option) luxury ranch homes in Ocean Isle Beach, North Carolina. The community features a resort-style pool, clubhouse, bocce and pickleball courts, fitness center, lush landscaping and a pond with a lighted fountain. Offering six exclusive Epcon home plans, each one designed and built to connect to the outdoors and the community, buyers will be able to create a home that truly speaks to them. These award-winning floor plans boast a variety of structural and finish options, offering flexibility and personalization. Move-in ready homes available now! *We offer buyer's agents a 3% commission.*","Welcome to the Promenade III, one of our largest and most spectacular homes. The Promenade III is an elegant, open home with plenty of room for your oversized sofas and dining room furniture. The gourmet kitchen with center island and walk-in pantry make it the ideal place to have a quick meal or prepare a grand feast for family and friends. Relax in the secluded den or the private courtyard Relish in the spacious owner's suite Easily corral your belongings in the mudroom and additional storage space This expertly designed wide open home allows you to easily and comfortably host friends and family and steal away to enjoy a moment of peaceful privacy. For those who believe that the home is where the heart is, rejoice with the Promenade III. Promenade III - Available Now!","The community features a resort-style pool, clubhouse, pickleball and bocce ball courts, fitness center, walking trail and lush landscaping.",Y,Front,Y,,,2026-04-27T19:44:57.328Z
https://www.epconcommunities.com/find-your-home/communities/north-carolina/ocean-isle-beach/brunswick/ocean-isle-beach/courtyards-by-carrell/quick-move-in-homes/1056-northbridge-court-nw-54,Courtyards by Carrell,"1056 Northbridge Court NW, Ocean Isle Beach, NC 28469",Ocean Isle Beach,NC,28469,Brunswick County,,33.8877,-78.4364,843-960-3055,Mon-Sat: 10am-5pm | Sun: 1pm-5pm,https://www.epconcommunities.com,available,Epcon Communities,,,,,,,,,,,,,,,Y,Y,Capri IV,Capri IV,2,2,2,3,0,2,3,0,1,,1,SFD,1925,1925,,549000,549000,,2025-08-01,,,,,Courtyard: rear | Attachment: detached | Garage detached: no | Dining areas: 0 | Bonus suite: Y | HERS: 0,,,"Courtyards by Carrell is a new Epcon community that showcases 66 single-story (with bonus option) luxury ranch homes in Ocean Isle Beach, North Carolina. The community features a resort-style pool, clubhouse, bocce and pickleball courts, fitness center, lush landscaping and a pond with a lighted fountain. Offering six exclusive Epcon home plans, each one designed and built to connect to the outdoors and the community, buyers will be able to create a home that truly speaks to them. These award-winning floor plans boast a variety of structural and finish options, offering flexibility and personalization. Move-in ready homes available now! *We offer buyer's agents a 3% commission.*","The Capri IV with Bonus offers the ease of single-level living with additional flexible space and a thoughtfully designed open floor plan ideal for low-maintenance living. The spacious Great Room flows seamlessly into the kitchen, creating a functional layout perfect for both everyday living and entertaining. The kitchen offers an open view to the main living area, enhancing connection and natural light throughout the home. The Owner’s Suite is conveniently located on the first floor, while a separate guest bedroom provides privacy for visitors. The bonus suite adds a versatile second-level living space complete with a third bedroom and full bath—ideal for guests, a home office, media room, or additional family space. Enjoy your own private courtyard, perfect for relaxing or entertaining. Additional features include a first-floor laundry room and an oversized two-car garage. Community amenities include a resort-style pool, clubhouse, fitness center, pickleball and bocce courts, landscaped common areas, and a scenic pond with a fountain. HOA-maintained lawn care and irrigation outside the courtyard provide a truly low-maintenance lifestyle. Capri IV with Bonus - Available Now!","The community features a resort-style pool, clubhouse, pickleball and bocce ball courts, fitness center, walking trail and lush landscaping.",Y,Front,Y,,,2026-04-27T19:44:42.689Z
https://www.epconcommunities.com/find-your-home/communities/north-carolina/ocean-isle-beach/brunswick/ocean-isle-beach/courtyards-by-carrell/quick-move-in-homes/1040-northbridge-court-nw-50,Courtyards by Carrell,"1040 Northbridge Court NW, Ocean Isle Beach, NC 28469",Ocean Isle Beach,NC,28469,Brunswick County,,33.8877,-78.4364,843-960-3055,Mon-Sat: 10am-5pm | Sun: 1pm-5pm,https://www.epconcommunities.com,available,Epcon Communities,,,,,,,,,,,,,,,Y,Y,Promenade III,Promenade III,2,2,3,3,1,3,3,1,1,,1,SFD,2930,2930,,749000,749000,,2025-07-30,,,,,Courtyard: side | Attachment: attached | Garage detached: no | Dining areas: 0 | Bonus suite: Y | HERS: 0,,,"Courtyards by Carrell is a new Epcon community that showcases 66 single-story (with bonus option) luxury ranch homes in Ocean Isle Beach, North Carolina. The community features a resort-style pool, clubhouse, bocce and pickleball courts, fitness center, lush landscaping and a pond with a lighted fountain. Offering six exclusive Epcon home plans, each one designed and built to connect to the outdoors and the community, buyers will be able to create a home that truly speaks to them. These award-winning floor plans boast a variety of structural and finish options, offering flexibility and personalization. Move-in ready homes available now! *We offer buyer's agents a 3% commission.*","This stunning Promenade Grande Parade of Homes Model showcases luxury, craftsmanship, and thoughtful design throughout and is now available for purchase, with an optional builder lease-back opportunity available—call for details. This beautifully appointed open-concept home features a spacious Great Room filled with natural light, highlighted by a sleek linear fireplace and expansive windows, including triple sliding glass doors that open to a private courtyard—creating the perfect indoor-outdoor living experience. The upgraded gourmet kitchen is designed for both function and style, featuring a large center island, abundant cabinetry, and a spacious walk-in pantry—ideal for everyday living and entertaining. The Owner’s Suite is a true retreat, offering dual walk-in closets and private sliding door access to the courtyard. The luxurious en-suite bath includes a large zero-entry tiled shower and elegant finishes throughout. Upstairs, a generous bonus suite provides additional living space, complete with a bedroom, full bath, wet bar, and an oversized closet—perfect for guests, entertaining, or a private retreat. A large attic space offers even more storage options. Enjoy low-maintenance living with HOA-maintained landscaping and irrigation for each homesite. Community amenities include a resort-style pool, scenic pond with fountain, fitness center, pickleball courts, bocce ball, and walking trails. Ideally located near world-class golf, shopping, and waterfront dining—and just minutes from the beautiful beaches of Ocean Isle Beach. Offering a $4,000 per month lease back for a year. Promenade III Available with Model Home Leaseback Option","The community features a resort-style pool, clubhouse, pickleball and bocce ball courts, fitness center, walking trail and lush landscaping.",Y,Front,Y,,,2026-04-27T19:44:25.939Z
https://www.epconcommunities.com/find-your-home/communities/north-carolina/ocean-isle-beach/brunswick/ocean-isle-beach/courtyards-by-carrell/quick-move-in-homes/1033-northbridge-court-nw-3,Courtyards by Carrell,"1033 Northbridge Court NW, Ocean Isle Beach, NC 28469",Ocean Isle Beach,NC,28469,Brunswick County,,33.8877,-78.4364,843-960-3055,Mon-Sat: 10am-5pm | Sun: 1pm-5pm,https://www.epconcommunities.com,available,Epcon Communities,,,,,,,,,,,,,,,Y,Y,Portico,Portico,2,2,2,2,0,2,2,0,1,,1,SFD,1884,1884,,565000,565000,,2025-10-28,,,,,Courtyard: side | Attachment: detached | Garage detached: no | Dining areas: 0 | Bonus suite: N | HERS: 0,,,"Courtyards by Carrell is a new Epcon community that showcases 66 single-story (with bonus option) luxury ranch homes in Ocean Isle Beach, North Carolina. The community features a resort-style pool, clubhouse, bocce and pickleball courts, fitness center, lush landscaping and a pond with a lighted fountain. Offering six exclusive Epcon home plans, each one designed and built to connect to the outdoors and the community, buyers will be able to create a home that truly speaks to them. These award-winning floor plans boast a variety of structural and finish options, offering flexibility and personalization. Move-in ready homes available now! *We offer buyer's agents a 3% commission.*","This beautifully designed Portico Ranch offers open-concept living paired with a private, fenced courtyard—perfect for outdoor living and entertaining. The spacious Great Room features a cozy fireplace and a dramatic 9-foot triple sliding glass door that opens directly to the courtyard, creating a seamless indoor-outdoor living experience. The gourmet kitchen is thoughtfully designed with quartz countertops, abundant workspace, and an open flow to the main living areas—ideal for preparing meals and hosting gatherings. The Owner’s Suite is a relaxing retreat, highlighted by a raised tray ceiling, generous walk-in closet, and a well-appointed bath with dual vanities and a zero-entry tiled shower. Additional architectural details include raised tray ceilings in the dining room, living room, kitchen, and primary bedroom, adding character and elegance throughout the home. A bright and inviting sitting room offers the perfect space for morning coffee, reading, or simply enjoying the natural light from the many windows. Additional features include a laundry room with cabinets and sink, along with extensive recessed lighting throughout. Enjoy low-maintenance living with HOA-maintained landscaping and irrigation for each homesite. Community amenities include a resort-style pool, scenic pond with fountain, fitness center, pickleball courts, bocce ball, and walking trails. Conveniently located near world-class golf, shopping, and waterfront dining—and just minutes from the beautiful beaches of Ocean Isle Beach. Portico - Available!","The community features a resort-style pool, clubhouse, pickleball and bocce ball courts, fitness center, walking trail and lush landscaping.",Y,Front,Y,,,2026-04-27T18:45:37.841Z
https://www.epconcommunities.com/find-your-home/communities/north-carolina/charlotte/mecklenburg/mint-hill/the-courtyards-at-quail-park/quick-move-in-homes/7425-purple-martin-way-46,The Courtyards at Quail Park,"7425 Purple Martin Way, Mint Hill, NC 28227",Mint Hill,NC,28227,Mecklenburg County,,35.1741,-80.6361,704-457-1569,Sun-Mon: 12pm - 6pm | Tue-Sat: 10am - 6pm,https://www.epconcommunities.com,sold,Epcon Communities,,,,,,,,,,,,,,,Y,Y,Portico,Portico,2.5,2.5,2,2,0,2,2,0,1,,1,SFD,1896,1896,,686195,686195,,2026-02-12,,,,,Courtyard: side | Attachment: detached | Garage detached: not_applicable | Dining areas: 0 | Bonus suite: N | HERS: 0,,,"Welcome to The Courtyards at Quail Park, a 55+ Active Lifestyle Community thoughtfully located in the heart of Mint Hill. This boutique Epcon community is designed for those ready to rightsize without compromise, offering a low-maintenance lifestyle paired with beautifully crafted home designs. Each luxury ranch home features single-level living, first-floor owner’s suites, abundant natural light and a private garden courtyard that makes the outdoors a central part of your home. Just minutes from downtown Matthews, local parks, shopping and dining, The Courtyards at Quail Park offers easy access to everything that keeps you close, connected and free to enjoy each day. Community highlights include: Clubhouse with fitness center for wellness, gatherings and everyday connection Resort-style pool and pickleball court for relaxation and friendly competition Scenic walking trails and a pedestrian walkway to Mint Hill Veterans Memorial Park Low-maintenance lifestyle with lawn care and exterior upkeep included At Epcon Communities, we believe where you live should support how you want to live. From casual front porch conversations to shared moments at the clubhouse, this is a close, connected community designed to help you live well every day. Explore The Courtyards at Quail Park and imagine a lifestyle that feels just right. Schedule your visit today and discover a community created for living now and in the future.","This luxury home highlights the thoughtfully designed Portico floor plan with two spacious bedrooms and a versatile den with glass doors. A gourmet kitchen with GE Profile appliances enhances everyday living, while the deluxe owners suite features a large walk-in closet and serene retreat. Bright, open living areas and a private garden courtyard create the perfect balance of comfort and style.",,Y,Front,Y,,,2026-05-04T15:48:24.344Z
https://www.epconcommunities.com/find-your-home/communities/north-carolina/charlotte/mecklenburg/mint-hill/the-courtyards-at-quail-park/quick-move-in-homes/7415-purple-martin-way-48,The Courtyards at Quail Park,"7415 Purple Martin Way, Mint Hill, NC 28227",Mint Hill,NC,28227,Mecklenburg County,,35.1744,-80.6363,704-457-1569,Sun-Mon: 12pm - 6pm | Tue-Sat: 10am - 6pm,https://www.epconcommunities.com,available,Epcon Communities,,,,,,,,,,,,,,,Y,Y,Promenade,Promenade,2.5,2.5,2,2,0,2,2,0,1,,1,SFD,2183,2183,,794285,794285,,2026-02-11,,,,,Courtyard: side | Attachment: detached | Garage detached: not_applicable | Dining areas: 0 | Bonus suite: N | HERS: 0,,,"Welcome to The Courtyards at Quail Park, a 55+ Active Lifestyle Community thoughtfully located in the heart of Mint Hill. This boutique Epcon community is designed for those ready to rightsize without compromise, offering a low-maintenance lifestyle paired with beautifully crafted home designs. Each luxury ranch home features single-level living, first-floor owner’s suites, abundant natural light and a private garden courtyard that makes the outdoors a central part of your home. Just minutes from downtown Matthews, local parks, shopping and dining, The Courtyards at Quail Park offers easy access to everything that keeps you close, connected and free to enjoy each day. Community highlights include: Clubhouse with fitness center for wellness, gatherings and everyday connection Resort-style pool and pickleball court for relaxation and friendly competition Scenic walking trails and a pedestrian walkway to Mint Hill Veterans Memorial Park Low-maintenance lifestyle with lawn care and exterior upkeep included At Epcon Communities, we believe where you live should support how you want to live. From casual front porch conversations to shared moments at the clubhouse, this is a close, connected community designed to help you live well every day. Explore The Courtyards at Quail Park and imagine a lifestyle that feels just right. Schedule your visit today and discover a community created for living now and in the future.","This luxury home showcases the expertly designed Promenade floor plan with two spacious bedrooms and a versatile den with glass doors. A gourmet kitchen with Café appliances sets the stage for effortless entertaining, while the bright second bedroom offers comfort for guests. The deluxe owners suite features a large walk-in closet and serene retreat, all complemented by a gorgeous private garden courtyard at the heart of the home.",,Y,Front,Y,,,2026-05-04T12:52:21.420Z
https://www.epconcommunities.com/find-your-home/communities/north-carolina/charlotte/mecklenburg/mint-hill/the-courtyards-at-quail-park/quick-move-in-homes/7411-purple-martin-way-49,The Courtyards at Quail Park,"7411 Purple Martin Way, Mint Hill, NC 28227",Mint Hill,NC,28227,Mecklenburg County,,35.1746,-80.6363,704-457-1569,Sun-Mon: 12pm - 6pm | Tue-Sat: 10am - 6pm,https://www.epconcommunities.com,available,Epcon Communities,,,,,,,,,,,,,,,Y,Y,Promenade,Promenade,2.5,2.5,3,3,0,3,3,0,1,,1,SFD,2973,2973,,968930,968930,,2026-02-12,,,,,Courtyard: side | Attachment: detached | Garage detached: not_applicable | Dining areas: 0 | Bonus suite: Y | HERS: 0,,,"Welcome to The Courtyards at Quail Park, a 55+ Active Lifestyle Community thoughtfully located in the heart of Mint Hill. This boutique Epcon community is designed for those ready to rightsize without compromise, offering a low-maintenance lifestyle paired with beautifully crafted home designs. Each luxury ranch home features single-level living, first-floor owner’s suites, abundant natural light and a private garden courtyard that makes the outdoors a central part of your home. Just minutes from downtown Matthews, local parks, shopping and dining, The Courtyards at Quail Park offers easy access to everything that keeps you close, connected and free to enjoy each day. Community highlights include: Clubhouse with fitness center for wellness, gatherings and everyday connection Resort-style pool and pickleball court for relaxation and friendly competition Scenic walking trails and a pedestrian walkway to Mint Hill Veterans Memorial Park Low-maintenance lifestyle with lawn care and exterior upkeep included At Epcon Communities, we believe where you live should support how you want to live. From casual front porch conversations to shared moments at the clubhouse, this is a close, connected community designed to help you live well every day. Explore The Courtyards at Quail Park and imagine a lifestyle that feels just right. Schedule your visit today and discover a community created for living now and in the future.","This thoughtfully designed Promenade plan is perfect for entertaining! Featuring a deluxe owners' suite with a zero-entry shower, vaulted ceiling, and access to a private garden courtyard, gourmet kitchen, and den. This beautiful home also features a bonus suite with a large living area, a private bedroom and bath, perfect for guests/family on an extended stay.",,Y,Front,Y,,,2026-05-04T12:53:28.105Z
https://www.epconcommunities.com/find-your-home/communities/north-carolina/charlotte/mecklenburg/mint-hill/the-courtyards-at-quail-park/quick-move-in-homes/7407-purple-martin-way-50,The Courtyards at Quail Park,"7407 Purple Martin Way, Mint Hill, NC 28227",Mint Hill,NC,28227,Mecklenburg County,,35.1739,-80.6350,704-457-1569,Sun-Mon: 12pm - 6pm | Tue-Sat: 10am - 6pm,https://www.epconcommunities.com,available,Epcon Communities,,,,,,,,,,,,,,,Y,Y,Portico,Portico,2.5,2.5,3,3,0,3,3,0,2,,2,SFD,2571,2571,,876535,876535,,2026-02-11,,,,,Courtyard: side | Attachment: detached | Garage detached: not_applicable | Dining areas: 0 | Bonus suite: Y | HERS: 0,,,"Welcome to The Courtyards at Quail Park, a 55+ Active Lifestyle Community thoughtfully located in the heart of Mint Hill. This boutique Epcon community is designed for those ready to rightsize without compromise, offering a low-maintenance lifestyle paired with beautifully crafted home designs. Each luxury ranch home features single-level living, first-floor owner’s suites, abundant natural light and a private garden courtyard that makes the outdoors a central part of your home. Just minutes from downtown Matthews, local parks, shopping and dining, The Courtyards at Quail Park offers easy access to everything that keeps you close, connected and free to enjoy each day. Community highlights include: Clubhouse with fitness center for wellness, gatherings and everyday connection Resort-style pool and pickleball court for relaxation and friendly competition Scenic walking trails and a pedestrian walkway to Mint Hill Veterans Memorial Park Low-maintenance lifestyle with lawn care and exterior upkeep included At Epcon Communities, we believe where you live should support how you want to live. From casual front porch conversations to shared moments at the clubhouse, this is a close, connected community designed to help you live well every day. Explore The Courtyards at Quail Park and imagine a lifestyle that feels just right. Schedule your visit today and discover a community created for living now and in the future.","This brilliantly designed Portico plan offers a deluxe owners suite with a zero-entry shower and direct access to a private garden courtyard, plus a light-filled kitchen and inviting den. The bonus suite adds exceptional flexibility with its own spacious living area, bedroom and bath, creating the perfect private retreat for visiting family or friends on an extended stay. Experience the convenience of single-level living with the added comfort of thoughtfully designed spaces for every chapter of life.",,Y,Front,Y,,,2026-05-04T12:52:54.304Z
https://www.epconcommunities.com/find-your-home/communities/north-carolina/charlotte/mecklenburg/charlotte/the-courtyards-at-hodges-farm/quick-move-in-homes/4185-creek-bridge-circle-45,The Courtyards at Hodges Farm,"4185 Creek Bridge Circle, Charlotte, NC 28213",Charlotte,NC,28213,Mecklenburg County,,35.2810,-80.7005,704-389-3443,Sun-Mon: 12pm - 6pm | Tue-Sat: 10am - 6pm,https://www.epconcommunities.com,available,Epcon Communities,,,,,,,,,,,,,,,Y,Y,Portico,Portico,2.5,2.5,2,2,0,2,2,0,1,,1,SFD,1886,1886,,657095,657095,,2025-10-30,,,,,Courtyard: side | Attachment: detached | Garage detached: not_applicable | Dining areas: 0 | Bonus suite: N | HERS: 0,,,"Life at The Courtyards at Hodges Farm is designed to feel comfortable, connected, and refreshingly easy. Picture starting your morning with sunlight filling your living space, stepping into your private garden courtyard with a cup of coffee, and knowing your day is truly your own. This is a community created for people who want a home that fits how they live now, without unnecessary rules or upkeep. The neighborhood itself is intentionally smaller and welcoming, making it easy to connect with neighbors while still enjoying your privacy. With a low-maintenance lifestyle, there is no need to think about yard work or exterior chores. Instead, your time opens up for walks, hobbies, travel, and time with family and friends. Luxury ranch homes designed for single-level living First-floor owner’s suites in every home for everyday comfort and ease Open, light-filled living spaces that feel welcoming and easy to live in Private garden courtyards that make the outdoors a natural extension of your home A low-maintenance community lifestyle with no more yard maintenance Future resort-style amenities including a clubhouse, fitness center, pool, pickleball, and green space for gathering Close to Reedy Creek Park , just two miles away, with trails, nature preserves, and outdoor recreation At The Courtyards at Hodges Farm, the focus is on living well every day in a community that feels relaxed, connected, and thoughtfully planned. It is a place to rightsize, simplify, and enjoy life in a way that feels natural, confident, and entirely your own.","Step into refined living with this quick move-in Portico. This home is designed for comfort and style and features a deluxe kitchen with quartz countertops, a tile backsplash, and elegant finishes. The deluxe owner’s suite boasts a tray ceiling and a zero-entry shower, blending luxury with accessibility. A cozy fireplace with a tile surround adds warmth and charm, while tile flooring in baths and an upgraded trim package enhance the home’s sophisticated appeal. Experience effortless, low-maintenance living in this beautifully crafted home.",,Y,Front,Y,,,2026-05-01T20:28:02.106Z
https://www.epconcommunities.com/find-your-home/communities/north-carolina/charlotte/mecklenburg/charlotte/the-courtyards-at-hodges-farm/quick-move-in-homes/3060-five-creek-road-34,The Courtyards at Hodges Farm,"3060 Five Creek Road, Charlotte, NC 28213",Charlotte,NC,28213,Mecklenburg County,,35.2810,-80.7007,704-389-3443,Sun-Mon: 12pm - 6pm | Tue-Sat: 10am - 6pm,https://www.epconcommunities.com,available,Epcon Communities,,,,,,,,,,,,,,,Y,Y,Promenade,Promenade,2.5,2.5,2,2,0,2,2,0,1,,1,SFD,2179,2179,,683300,683300,,2025-12-28,,,,,Courtyard: side | Attachment: detached | Garage detached: not_applicable | Dining areas: 0 | Bonus suite: N | HERS: 0,,,"Life at The Courtyards at Hodges Farm is designed to feel comfortable, connected, and refreshingly easy. Picture starting your morning with sunlight filling your living space, stepping into your private garden courtyard with a cup of coffee, and knowing your day is truly your own. This is a community created for people who want a home that fits how they live now, without unnecessary rules or upkeep. The neighborhood itself is intentionally smaller and welcoming, making it easy to connect with neighbors while still enjoying your privacy. With a low-maintenance lifestyle, there is no need to think about yard work or exterior chores. Instead, your time opens up for walks, hobbies, travel, and time with family and friends. Luxury ranch homes designed for single-level living First-floor owner’s suites in every home for everyday comfort and ease Open, light-filled living spaces that feel welcoming and easy to live in Private garden courtyards that make the outdoors a natural extension of your home A low-maintenance community lifestyle with no more yard maintenance Future resort-style amenities including a clubhouse, fitness center, pool, pickleball, and green space for gathering Close to Reedy Creek Park , just two miles away, with trails, nature preserves, and outdoor recreation At The Courtyards at Hodges Farm, the focus is on living well every day in a community that feels relaxed, connected, and thoughtfully planned. It is a place to rightsize, simplify, and enjoy life in a way that feels natural, confident, and entirely your own.","This luxury ranch home features the expertly curated Portico floor plan. Spacious owner's suite, large closet, bright second bedroom, den with glass doors and a gorgeous private courtyard. Our homes are designed to make your life easier and more enjoyable. The Courtyards at Hodges Farm has quick roadway access to nearby I-485 and I-85. Located near UNC Charlotte and University Research Park. The majority of the homes back up to a mature tree line or green open space. This quick move in home will be available in December.",,Y,Front,Y,,,2026-05-01T20:27:19.378Z
https://www.epconcommunities.com/find-your-home/communities/north-carolina/charlotte/mecklenburg/charlotte/the-courtyards-at-hodges-farm/quick-move-in-homes/3048-five-creek-road-37,The Courtyards at Hodges Farm,"3048 Five Creek Road, Charlotte, NC 28213",Charlotte,NC,28213,Mecklenburg County,,35.2814,-80.7009,704-389-3443,Sun-Mon: 12pm - 6pm | Tue-Sat: 10am - 6pm,https://www.epconcommunities.com,sold,Epcon Communities,,,,,,,,,,,,,,,Y,Y,Portico,Portico,2,2,2,2,0,2,2,0,1,,1,SFD,1769,1769,,554925,554925,,2026-04-30,,,,,Courtyard: side | Attachment: detached | Garage detached: not_applicable | Dining areas: 0 | Bonus suite: N | HERS: 0,,,"Life at The Courtyards at Hodges Farm is designed to feel comfortable, connected, and refreshingly easy. Picture starting your morning with sunlight filling your living space, stepping into your private garden courtyard with a cup of coffee, and knowing your day is truly your own. This is a community created for people who want a home that fits how they live now, without unnecessary rules or upkeep. The neighborhood itself is intentionally smaller and welcoming, making it easy to connect with neighbors while still enjoying your privacy. With a low-maintenance lifestyle, there is no need to think about yard work or exterior chores. Instead, your time opens up for walks, hobbies, travel, and time with family and friends. Luxury ranch homes designed for single-level living First-floor owner’s suites in every home for everyday comfort and ease Open, light-filled living spaces that feel welcoming and easy to live in Private garden courtyards that make the outdoors a natural extension of your home A low-maintenance community lifestyle with no more yard maintenance Future resort-style amenities including a clubhouse, fitness center, pool, pickleball, and green space for gathering Close to Reedy Creek Park , just two miles away, with trails, nature preserves, and outdoor recreation At The Courtyards at Hodges Farm, the focus is on living well every day in a community that feels relaxed, connected, and thoughtfully planned. It is a place to rightsize, simplify, and enjoy life in a way that feels natural, confident, and entirely your own.","Looking for a luxurious yet practical home that caters to your lifestyle needs? The Portico is the perfect choice for you. This single-level home features a functional yet elegant design emphasizing manageability and convenience. Here are some of the highlights of the Portico: A grand entrance that leads to an efficient, open layout Luxurious amenities, such as an optional gourmet kitchen and a private den Spacious owner's suite with a beautiful bathroom and ample storage space Convenient features include a centrally located laundry room and a flexible bonus suite that can serve as a guest room The Portico offers an unmatched blend of luxury and comfort. It's a home designed to make your life easier and more enjoyable.",,Y,Front,Y,,,2026-05-04T15:49:09.813Z
https://www.epconcommunities.com/find-your-home/communities/north-carolina/charlotte/mecklenburg/charlotte/the-courtyards-at-hodges-farm/quick-move-in-homes/3044-five-creek-road-38,The Courtyards at Hodges Farm,"3044 Five Creek Road, Charlotte, NC 28213",Charlotte,NC,28213,Mecklenburg County,,35.2810,-80.7005,704-389-3443,Sun-Mon: 12pm - 6pm | Tue-Sat: 10am - 6pm,https://www.epconcommunities.com,available,Epcon Communities,,,,,,,,,,,,,,,Y,Y,Promenade,Promenade,2,2,3,3,0,3,3,0,2,,2,SFD,2969,2969,,783605,783605,,2025-10-30,,,,,Courtyard: side | Attachment: detached | Garage detached: not_applicable | Dining areas: 0 | Bonus suite: Y | HERS: 0,,,"Life at The Courtyards at Hodges Farm is designed to feel comfortable, connected, and refreshingly easy. Picture starting your morning with sunlight filling your living space, stepping into your private garden courtyard with a cup of coffee, and knowing your day is truly your own. This is a community created for people who want a home that fits how they live now, without unnecessary rules or upkeep. The neighborhood itself is intentionally smaller and welcoming, making it easy to connect with neighbors while still enjoying your privacy. With a low-maintenance lifestyle, there is no need to think about yard work or exterior chores. Instead, your time opens up for walks, hobbies, travel, and time with family and friends. Luxury ranch homes designed for single-level living First-floor owner’s suites in every home for everyday comfort and ease Open, light-filled living spaces that feel welcoming and easy to live in Private garden courtyards that make the outdoors a natural extension of your home A low-maintenance community lifestyle with no more yard maintenance Future resort-style amenities including a clubhouse, fitness center, pool, pickleball, and green space for gathering Close to Reedy Creek Park , just two miles away, with trails, nature preserves, and outdoor recreation At The Courtyards at Hodges Farm, the focus is on living well every day in a community that feels relaxed, connected, and thoughtfully planned. It is a place to rightsize, simplify, and enjoy life in a way that feels natural, confident, and entirely your own.","Experience the perfect blend of luxury and comfort in this quick move-in Promenade with Bonus Suite. Designed for effortless living, this home features an inviting sitting room, a gourmet kitchen with quartz countertops, and an elegant fireplace with a tile surround. Universal design elements, including widened hallways and doors, ensure accessibility, while the owner’s suite bath offers a zero-threshold entry for added ease. Thoughtful upgrades, including an enhanced trim package, elevate the home's sophisticated style. Move in and start enjoying a low-maintenance lifestyle today.",,Y,Front,Y,,,2026-05-01T20:27:41.387Z
https://www.epconcommunities.com/find-your-home/communities/north-carolina/charlotte/mecklenburg/charlotte/the-courtyards-at-hodges-farm/quick-move-in-homes/3027-five-creek-road-4,The Courtyards at Hodges Farm,"3027 Five Creek Road, Charlotte, NC 28213",Charlotte,NC,28213,Mecklenburg County,,35.2810,-80.7005,704-389-3443,Sun-Mon: 12pm - 6pm | Tue-Sat: 10am - 6pm,https://www.epconcommunities.com,available,Epcon Communities,,,,,,,,,,,,,,,Y,Y,Palazzo,Palazzo,2.5,2.5,2,2,0,2,2,0,1,,1,SFD,1826,1826,,664445,664445,,2024-12-31,,,,,Courtyard: side | Attachment: detached | Garage detached: not_applicable | Dining areas: 0 | Bonus suite: N | HERS: 0,,,"Life at The Courtyards at Hodges Farm is designed to feel comfortable, connected, and refreshingly easy. Picture starting your morning with sunlight filling your living space, stepping into your private garden courtyard with a cup of coffee, and knowing your day is truly your own. This is a community created for people who want a home that fits how they live now, without unnecessary rules or upkeep. The neighborhood itself is intentionally smaller and welcoming, making it easy to connect with neighbors while still enjoying your privacy. With a low-maintenance lifestyle, there is no need to think about yard work or exterior chores. Instead, your time opens up for walks, hobbies, travel, and time with family and friends. Luxury ranch homes designed for single-level living First-floor owner’s suites in every home for everyday comfort and ease Open, light-filled living spaces that feel welcoming and easy to live in Private garden courtyards that make the outdoors a natural extension of your home A low-maintenance community lifestyle with no more yard maintenance Future resort-style amenities including a clubhouse, fitness center, pool, pickleball, and green space for gathering Close to Reedy Creek Park , just two miles away, with trails, nature preserves, and outdoor recreation At The Courtyards at Hodges Farm, the focus is on living well every day in a community that feels relaxed, connected, and thoughtfully planned. It is a place to rightsize, simplify, and enjoy life in a way that feels natural, confident, and entirely your own.","Sophisticated style meets effortless living in this quick move-in Palazzo. Designed with comfort and accessibility in mind, this home features a deluxe owner’s suite with a tray ceiling and a zero-entry universal shower for ease and elegance. Enjoy year-round relaxation in the Four Seasons Room, and entertain effortlessly in the deluxe kitchen with quartz countertops, a tile backsplash, and upgraded finishes. A cozy fireplace, ceramic tile flooring in baths, and an upgraded trim package add to the home’s refined details. Universal design elements, including widened hallways and doors, ensure a seamless living experience.",,Y,Front,Y,,,2026-05-01T20:30:52.904Z
https://www.epconcommunities.com/find-your-home/communities/north-carolina/charlotte/mecklenburg/charlotte/the-courtyards-at-hodges-farm/quick-move-in-homes/3015-five-creek-road-1,The Courtyards at Hodges Farm,"3015 Five Creek Road, Charlotte, NC 28213",Charlotte,NC,28213,Mecklenburg County,,35.2827,-80.7007,704-389-3443,Sun-Mon: 12pm - 6pm | Tue-Sat: 10am - 6pm,https://www.epconcommunities.com,available,Epcon Communities,,,,,,,,,,,,,,,Y,Y,Provenance,Provenance,3,3,2,2,1,2,2,1,1,,1,SFD,2949,2949,,932758,932758,,2026-03-28,,,,,Courtyard: side | Attachment: detached | Garage detached: not_applicable | Dining areas: 0 | Bonus suite: N | HERS: 0,,,"Life at The Courtyards at Hodges Farm is designed to feel comfortable, connected, and refreshingly easy. Picture starting your morning with sunlight filling your living space, stepping into your private garden courtyard with a cup of coffee, and knowing your day is truly your own. This is a community created for people who want a home that fits how they live now, without unnecessary rules or upkeep. The neighborhood itself is intentionally smaller and welcoming, making it easy to connect with neighbors while still enjoying your privacy. With a low-maintenance lifestyle, there is no need to think about yard work or exterior chores. Instead, your time opens up for walks, hobbies, travel, and time with family and friends. Luxury ranch homes designed for single-level living First-floor owner’s suites in every home for everyday comfort and ease Open, light-filled living spaces that feel welcoming and easy to live in Private garden courtyards that make the outdoors a natural extension of your home A low-maintenance community lifestyle with no more yard maintenance Future resort-style amenities including a clubhouse, fitness center, pool, pickleball, and green space for gathering Close to Reedy Creek Park , just two miles away, with trails, nature preserves, and outdoor recreation At The Courtyards at Hodges Farm, the focus is on living well every day in a community that feels relaxed, connected, and thoughtfully planned. It is a place to rightsize, simplify, and enjoy life in a way that feels natural, confident, and entirely your own.","This stunning 2,949 sq. ft. single-level ranch perfectly blends luxury and convenience in a thoughtfully designed, model-like layout. From the moment you step inside, you’ll be captivated by the grand feel of the home, enhanced by abundant natural light flowing throughout the open living spaces. The gourmet kitchen is ideal for entertaining, featuring an impressive 12-foot island, built-in oven and microwave, and a 36-inch gas cooktop—perfect for hosting family and friends. This home offers two spacious primary suites, each with walk-in closets and private spa-like bathrooms with zero-threshold shower entrances, providing both comfort and accessibility. Additional spaces include a dedicated office/den and a versatile flex room tucked just behind the kitchen wall. Enjoy seamless indoor-outdoor living with a 12-foot sliding glass door that opens to your private side courtyard—an ideal space to relax or entertain. Hodges Farm is an intimate, boutique-style community with only 140 homes, offering true low-maintenance living—no mowing, no exterior upkeep, and no constant maintenance worries. Community amenities include two clubhouses, two fitness centers, two saltwater pools, and two pickleball courts. This home is a true example of luxury living that works for you. The Provenance invites you to live larger.",,Y,Front,Y,,,2026-05-01T20:26:29.388Z
https://www.epconcommunities.com/find-your-home/communities/north-carolina/charlotte/iredell/mooresville/the-courtyards-at-lake-davidson/quick-move-in-homes/243-alenda-lux-circle-76,The Courtyards at Lake Davidson,"243 Alenda Lux Circle, Mooresville, NC 28115",Mooresville,NC,28115,Iredell County,,35.5183,-80.8433,704-850-5648,Sun-Mon: 12pm - 6pm | Tue-Sat: 10am - 6pm,https://www.epconcommunities.com,sold,Epcon Communities,,,,,,,,,,,,,,,Y,Y,Promenade,Promenade,2.5,2.5,3,3,0,3,3,0,1,,1,SFD,2969,2969,,870410,870410,,2025-09-25,,,,,Courtyard: side | Attachment: detached | Garage detached: not_applicable | Dining areas: 0 | Bonus suite: Y | HERS: 0,,,"FINAL OPPORTUNITIES: Only 8 Homes Remaining! Discover a boutique, active lifestyle community in one of the most desirable areas near Charlotte. At The Courtyards at Lake Davidson, you’ll experience single-level living, private garden courtyards and a low-maintenance lifestyle, all just moments from Lake Norman and the conveniences of Mooresville. Whether you’re local or relocating, this is where comfort, connection and location come together. Why Home Buyers Are Drawn to This Location: Minutes from Lake Norman for boating, dining and recreation Close to shopping, healthcare and major routes Ideal for relocation buyers seeking a connected community near Charlotte A Community Designed for Connection and Ease: Boutique layout with shared green spaces and gathering areas Low-maintenance lifestyle: we mow. we mulch. we rake. you have more fun Lock & leave lifestyle for travel and flexibility Homes That Live the Way You Do: Single-level living with open, light-filled floor plans First-floor owner suites and easy access throughout Flexible spaces to personalize for guests, hobbies or a home office Private garden courtyards that bring the outdoors into everyday living Lifestyle Highlights: Kayak launch with access to Lake Davidson Select home sites with lake views Walking paths and natural surroundings Learn More About the Lifestyle: Explore insights on what to look for in a 55+ community, the benefits of single-level living , and how to rightsize your home . Ready to explore life near the water? Discover how you can live well every day at The Courtyards at Lake Davidson.","The Promenade offers generous living space designed for comfort, flexibility, and entertaining—perfect for oversized furniture and gatherings with family and friends. This home features a deluxe owner’s suite, an optional gourmet kitchen, a private courtyard, and a secluded den for quiet moments. The included bonus suite adds even more versatility with an additional bedroom and full bath, ideal for guests or extended stays.",,Y,Front,Y,,,2026-04-20T13:39:28.398Z
https://www.epconcommunities.com/find-your-home/communities/north-carolina/charlotte/iredell/mooresville/the-courtyards-at-lake-davidson/quick-move-in-homes/235-alenda-lux-circle-80,The Courtyards at Lake Davidson,"235 Alenda Lux Circle, Mooresville, NC 28115",Mooresville,NC,28115,Iredell County,,35.5178,-80.8428,704-850-5648,Sun-Mon: 12pm - 6pm | Tue-Sat: 10am - 6pm,https://www.epconcommunities.com,available,Epcon Communities,,,,,,,,,,,,,,,Y,Y,Promenade,Promenade,2.5,2.5,3,3,0,3,3,0,1,,1,SFD,2969,2969,,965915,965915,,2025-09-25,,,,,Courtyard: side | Attachment: detached | Garage detached: not_applicable | Dining areas: 0 | Bonus suite: Y | HERS: 0,,,"FINAL OPPORTUNITIES: Only 8 Homes Remaining! Discover a boutique, active lifestyle community in one of the most desirable areas near Charlotte. At The Courtyards at Lake Davidson, you’ll experience single-level living, private garden courtyards and a low-maintenance lifestyle, all just moments from Lake Norman and the conveniences of Mooresville. Whether you’re local or relocating, this is where comfort, connection and location come together. Why Home Buyers Are Drawn to This Location: Minutes from Lake Norman for boating, dining and recreation Close to shopping, healthcare and major routes Ideal for relocation buyers seeking a connected community near Charlotte A Community Designed for Connection and Ease: Boutique layout with shared green spaces and gathering areas Low-maintenance lifestyle: we mow. we mulch. we rake. you have more fun Lock & leave lifestyle for travel and flexibility Homes That Live the Way You Do: Single-level living with open, light-filled floor plans First-floor owner suites and easy access throughout Flexible spaces to personalize for guests, hobbies or a home office Private garden courtyards that bring the outdoors into everyday living Lifestyle Highlights: Kayak launch with access to Lake Davidson Select home sites with lake views Walking paths and natural surroundings Learn More About the Lifestyle: Explore insights on what to look for in a 55+ community, the benefits of single-level living , and how to rightsize your home . Ready to explore life near the water? Discover how you can live well every day at The Courtyards at Lake Davidson.","The Promenade offers generous living space designed for comfort, flexibility, and entertaining—perfect for oversized furniture and gatherings with family and friends. This home features a deluxe owner’s suite, an optional gourmet kitchen, a private courtyard, and a secluded den for quiet moments. The included bonus suite adds even more versatility with an additional bedroom and full bath, ideal for guests or extended stays.",,Y,Front,Y,,,2026-05-04T12:59:32.295Z
https://www.epconcommunities.com/find-your-home/communities/north-carolina/charlotte/iredell/mooresville/the-courtyards-at-lake-davidson/quick-move-in-homes/114-alenda-lux-circle-3,The Courtyards at Lake Davidson,"114 Alenda Lux Circle, Mooresville, NC 28115",Mooresville,NC,28115,Iredell County,,35.5200,-80.8436,704-850-5648,Sun-Mon: 12pm - 6pm | Tue-Sat: 10am - 6pm,https://www.epconcommunities.com,sold,Epcon Communities,,,,,,,,,,,,,,,Y,Y,Palazzo,Palazzo,2.5,2.5,3,3,0,3,3,0,1,,1,SFD,2080,2080,,795945,795945,,2025-06-23,,,,,Courtyard: side | Attachment: detached | Garage detached: no | Dining areas: 0 | Bonus suite: Y | HERS: 0,,,"FINAL OPPORTUNITIES: Only 8 Homes Remaining! Discover a boutique, active lifestyle community in one of the most desirable areas near Charlotte. At The Courtyards at Lake Davidson, you’ll experience single-level living, private garden courtyards and a low-maintenance lifestyle, all just moments from Lake Norman and the conveniences of Mooresville. Whether you’re local or relocating, this is where comfort, connection and location come together. Why Home Buyers Are Drawn to This Location: Minutes from Lake Norman for boating, dining and recreation Close to shopping, healthcare and major routes Ideal for relocation buyers seeking a connected community near Charlotte A Community Designed for Connection and Ease: Boutique layout with shared green spaces and gathering areas Low-maintenance lifestyle: we mow. we mulch. we rake. you have more fun Lock & leave lifestyle for travel and flexibility Homes That Live the Way You Do: Single-level living with open, light-filled floor plans First-floor owner suites and easy access throughout Flexible spaces to personalize for guests, hobbies or a home office Private garden courtyards that bring the outdoors into everyday living Lifestyle Highlights: Kayak launch with access to Lake Davidson Select home sites with lake views Walking paths and natural surroundings Learn More About the Lifestyle: Explore insights on what to look for in a 55+ community, the benefits of single-level living , and how to rightsize your home . Ready to explore life near the water? Discover how you can live well every day at The Courtyards at Lake Davidson.","Discover luxury and accessibility in this quick move-in Palazzo home with Bonus Suite. Enjoy the perfect blend of comfort and style with a spacious screen porch and four-season room, ideal for year-round relaxation. The gourmet kitchen features quartz countertops and a fireplace adds warmth to the living space. Designed for convenience, the home boasts universal design features including a universal design shower in the owner's suite, as well as throughout with widened interior doors and hallways. Additional upgrades include tile flooring and surround in baths, and an upgraded trim package. Don't miss your chance to experience effortless elegance at its finest.",,Y,Front,Y,,,2026-04-13T14:51:17.433Z
https://www.epconcommunities.com/find-your-home/communities/north-carolina/charlotte/cabarrus/harrisburg/the-courtyards-on-robinson-church/quick-move-in-homes/8135-stillhouse-ln-28,The Courtyards on Robinson Church,"8135 Stillhouse Ln, Harrisburg, NC 28075",Harrisburg,NC,28075,Cabarrus County,,35.3081,-80.6558,704-610-4277,Sun-Mon: 12pm - 6pm | Tue-Sat: 10am - 6pm,https://www.epconcommunities.com,available,Epcon Communities,,,,,,,,,,,,,,,Y,Y,Promenade,Promenade,2,2,3,3,0,3,3,0,1,,1,SFD,2850,2850,,733860,733860,,2025-05-28,,,,,Courtyard: side | Attachment: detached | Garage detached: not_applicable | Dining areas: 0 | Bonus suite: Y | HERS: 0,,,"Welcome to The Courtyards on Robinson Church: a thoughtfully designed 55+ active lifestyle community in the vibrant town of Harrisburg, NC. This boutique neighborhood will feature 77 home sites and beautifully crafted ranch homes designed for comfort, connection and single-level living. With a newly decorated Promenade model home now open, you can explore firsthand how Epcon helps you live well every day in a setting that feels both refined and welcoming. • Discover open, light-filled home designs with abundant natural light, first-floor owner suites and flexible spaces that fit the way you live now and in the future. • Experience your own private garden courtyard: a signature outdoor space that makes the outdoors a central part of your home, perfect for relaxing mornings or gathering with friends. • Enjoy a low-maintenance lifestyle with no more yard maintenance. we mow. we mulch. we rake. you have more fun. • Look ahead to future amenities including a clubhouse with fitness center, a sparkling pool and scenic walking trails that invite you to stay active and connected. At The Courtyards on Robinson Church, every detail is designed to support your next chapter. Here, you can rightsize without compromise, embrace a lock & leave lifestyle and enjoy the ease of living in a close, connected community near everything Harrisburg has to offer. Explore the new Promenade model home today and imagine the possibilities. Can’t wait to start loving life every day? Live well today, tomorrow and for years to come.","Close by 3.31.26 Looking for a spacious home that can comfortably accommodate your oversized furniture and host your family and friends? The Promenade is the ideal option - This expertly designed house offers ample space for all your needs, along with a range of features to help you relax and recharge. Here are some of the highlights: Deluxe kitchen with center island and walk-in pantry Secluded den and private courtyard for peaceful moments Spacious owner's suite with screened porch and Universal shower in the bath for ultimate relaxation Mudroom with additional storage space for easy organization For those who believe that the home is where the heart is, look no further than the Promenade. Come see it for yourself and experience the best of modern living.",,Y,Front,Y,,,2026-04-09T16:56:19.911Z
https://www.epconcommunities.com/find-your-home/communities/north-carolina/charlotte/cabarrus/harrisburg/the-courtyards-on-robinson-church/quick-move-in-homes/8129-stillhouse-ln-27,The Courtyards on Robinson Church,"8129 Stillhouse Ln, Harrisburg, NC 28075",Harrisburg,NC,28075,Cabarrus County,,35.3075,-80.6557,704-610-4277,Sun-Mon: 12pm - 6pm | Tue-Sat: 10am - 6pm,https://www.epconcommunities.com,available,Epcon Communities,,,,,,,,,,,,,,,Y,Y,Promenade,Promenade,2,2,2,2,0,2,2,0,1,,1,SFD,2179,2179,,720810,720810,,2025-05-28,,,,,Courtyard: side | Attachment: detached | Garage detached: not_applicable | Dining areas: 0 | Bonus suite: N | HERS: 0,,,"Welcome to The Courtyards on Robinson Church: a thoughtfully designed 55+ active lifestyle community in the vibrant town of Harrisburg, NC. This boutique neighborhood will feature 77 home sites and beautifully crafted ranch homes designed for comfort, connection and single-level living. With a newly decorated Promenade model home now open, you can explore firsthand how Epcon helps you live well every day in a setting that feels both refined and welcoming. • Discover open, light-filled home designs with abundant natural light, first-floor owner suites and flexible spaces that fit the way you live now and in the future. • Experience your own private garden courtyard: a signature outdoor space that makes the outdoors a central part of your home, perfect for relaxing mornings or gathering with friends. • Enjoy a low-maintenance lifestyle with no more yard maintenance. we mow. we mulch. we rake. you have more fun. • Look ahead to future amenities including a clubhouse with fitness center, a sparkling pool and scenic walking trails that invite you to stay active and connected. At The Courtyards on Robinson Church, every detail is designed to support your next chapter. Here, you can rightsize without compromise, embrace a lock & leave lifestyle and enjoy the ease of living in a close, connected community near everything Harrisburg has to offer. Explore the new Promenade model home today and imagine the possibilities. Can’t wait to start loving life every day? Live well today, tomorrow and for years to come.","Looking for a spacious home that can comfortably accommodate your oversized furniture and host your family and friends? The Promenade is the ideal option - This expertly designed house offers ample space for all your needs, along with a range of features to help you relax and recharge. Here are some of the highlights: Gourmet kitchen with center island, Cafe appliances and walk-in pantry Secluded den and private courtyard for peaceful moments Spacious Deluxe owner's suite and bath with Universal shower for ultimate relaxation Mudroom with additional storage space for easy organization For those who believe that the home is where the heart is, look no further than the Promenade. Come see it for yourself and experience the best of modern living.",,Y,Front,Y,,,2026-04-09T16:55:29.997Z
https://www.epconcommunities.com/find-your-home/communities/north-carolina/charlotte/cabarrus/harrisburg/the-courtyards-on-robinson-church/quick-move-in-homes/8123-stillhouse-ln-26,The Courtyards on Robinson Church,"8123 Stillhouse Ln, Harrisburg, NC 28075",Harrisburg,NC,28075,Cabarrus County,,35.3062,-80.6561,704-610-4277,Sun-Mon: 12pm - 6pm | Tue-Sat: 10am - 6pm,https://www.epconcommunities.com,sold,Epcon Communities,,,,,,,,,,,,,,,Y,Y,Portico,Portico,2,2,2,2,0,2,2,0,1,,1,SFD,1886,1886,,633000,633000,,2025-11-08,,,,,Courtyard: side | Attachment: detached | Garage detached: not_applicable | Dining areas: 0 | Bonus suite: N | HERS: 0,,,"Welcome to The Courtyards on Robinson Church: a thoughtfully designed 55+ active lifestyle community in the vibrant town of Harrisburg, NC. This boutique neighborhood will feature 77 home sites and beautifully crafted ranch homes designed for comfort, connection and single-level living. With a newly decorated Promenade model home now open, you can explore firsthand how Epcon helps you live well every day in a setting that feels both refined and welcoming. • Discover open, light-filled home designs with abundant natural light, first-floor owner suites and flexible spaces that fit the way you live now and in the future. • Experience your own private garden courtyard: a signature outdoor space that makes the outdoors a central part of your home, perfect for relaxing mornings or gathering with friends. • Enjoy a low-maintenance lifestyle with no more yard maintenance. we mow. we mulch. we rake. you have more fun. • Look ahead to future amenities including a clubhouse with fitness center, a sparkling pool and scenic walking trails that invite you to stay active and connected. At The Courtyards on Robinson Church, every detail is designed to support your next chapter. Here, you can rightsize without compromise, embrace a lock & leave lifestyle and enjoy the ease of living in a close, connected community near everything Harrisburg has to offer. Explore the new Promenade model home today and imagine the possibilities. Can’t wait to start loving life every day? Live well today, tomorrow and for years to come.","Looking for a luxurious yet practical home that caters to your lifestyle needs? The Portico is the perfect choice for you. This single-level home features a functional yet elegant design emphasizing manageability and convenience. Here are some of the highlights of the Portico: A grand entrance that leads to an efficient, open layout Luxurious amenities, such as a deluxe kitchen and a private den Spacious owner's suite with sitting room and a beautiful bathroom Convenient features include a centrally located laundry room The Portico offers an unmatched blend of luxury and comfort. It's a home designed to make your life easier and more enjoyable.",,Y,Front,Y,,,2026-04-20T13:39:45.667Z
https://www.epconcommunities.com/find-your-home/communities/north-carolina/charlotte/cabarrus/harrisburg/the-courtyards-on-robinson-church/quick-move-in-homes/8117-stillhouse-lane-25,The Courtyards on Robinson Church,"8117 Stillhouse Lane, Harrisburg, NC 28075",Harrisburg,NC,28075,Cabarrus County,,35.3054,-80.6557,704-610-4277,Sun-Mon: 12pm - 6pm | Tue-Sat: 10am - 6pm,https://www.epconcommunities.com,sold,Epcon Communities,,,,,,,,,,,,,,,Y,Y,Portico,Portico,2,2,3,3,0,3,3,0,1,,1,SFD,2590,2590,,724901,724901,,2025-05-25,,,,,Courtyard: side | Attachment: detached | Garage detached: not_applicable | Dining areas: 0 | Bonus suite: Y | HERS: 0,,,"Welcome to The Courtyards on Robinson Church: a thoughtfully designed 55+ active lifestyle community in the vibrant town of Harrisburg, NC. This boutique neighborhood will feature 77 home sites and beautifully crafted ranch homes designed for comfort, connection and single-level living. With a newly decorated Promenade model home now open, you can explore firsthand how Epcon helps you live well every day in a setting that feels both refined and welcoming. • Discover open, light-filled home designs with abundant natural light, first-floor owner suites and flexible spaces that fit the way you live now and in the future. • Experience your own private garden courtyard: a signature outdoor space that makes the outdoors a central part of your home, perfect for relaxing mornings or gathering with friends. • Enjoy a low-maintenance lifestyle with no more yard maintenance. we mow. we mulch. we rake. you have more fun. • Look ahead to future amenities including a clubhouse with fitness center, a sparkling pool and scenic walking trails that invite you to stay active and connected. At The Courtyards on Robinson Church, every detail is designed to support your next chapter. Here, you can rightsize without compromise, embrace a lock & leave lifestyle and enjoy the ease of living in a close, connected community near everything Harrisburg has to offer. Explore the new Promenade model home today and imagine the possibilities. Can’t wait to start loving life every day? Live well today, tomorrow and for years to come.","Looking for a luxurious yet practical home that caters to your lifestyle needs? The Portico is the perfect choice for you. This single-level home with an upstairs bonus suite features a functional yet elegant design emphasizing manageability and convenience. Here are some of the highlights of the Portico: A grand entrance that leads to an efficient, open layout Luxurious amenities, such as a gourmet kitchen and Cafe appliances Spacious Deluxe owner's suite with a Universal-designed shower Convenient features include a centrally located laundry room and a flexible bonus suite that can serve as a guest room The Portico offers an unmatched blend of luxury and comfort. It's a home designed to make your life easier and more enjoyable.",,Y,Front,Y,,,2026-04-13T16:14:47.053Z
https://www.epconcommunities.com/find-your-home/communities/north-carolina/charlotte/cabarrus/harrisburg/the-courtyards-on-robinson-church/quick-move-in-homes/7548-baybrooke-lane-76,The Courtyards on Robinson Church,"7548 Baybrooke Lane, Harrisburg, NC 28075",Harrisburg,NC,28075,Cabarrus County,,35.3050,-80.6559,704-610-4277,Sun-Mon: 12pm - 6pm | Tue-Sat: 10am - 6pm,https://www.epconcommunities.com,sold,Epcon Communities,,,,,,,,,,,,,,,Y,Y,Palazzo,Palazzo,2.5,2.5,3,3,0,3,3,0,1,,1,SFD,2257,2257,,592535,592535,,2025-11-26,,,,,Courtyard: side | Attachment: detached | Garage detached: not_applicable | Dining areas: 0 | Bonus suite: Y | HERS: 0,,,"Welcome to The Courtyards on Robinson Church: a thoughtfully designed 55+ active lifestyle community in the vibrant town of Harrisburg, NC. This boutique neighborhood will feature 77 home sites and beautifully crafted ranch homes designed for comfort, connection and single-level living. With a newly decorated Promenade model home now open, you can explore firsthand how Epcon helps you live well every day in a setting that feels both refined and welcoming. • Discover open, light-filled home designs with abundant natural light, first-floor owner suites and flexible spaces that fit the way you live now and in the future. • Experience your own private garden courtyard: a signature outdoor space that makes the outdoors a central part of your home, perfect for relaxing mornings or gathering with friends. • Enjoy a low-maintenance lifestyle with no more yard maintenance. we mow. we mulch. we rake. you have more fun. • Look ahead to future amenities including a clubhouse with fitness center, a sparkling pool and scenic walking trails that invite you to stay active and connected. At The Courtyards on Robinson Church, every detail is designed to support your next chapter. Here, you can rightsize without compromise, embrace a lock & leave lifestyle and enjoy the ease of living in a close, connected community near everything Harrisburg has to offer. Explore the new Promenade model home today and imagine the possibilities. Can’t wait to start loving life every day? Live well today, tomorrow and for years to come.","This Palazzo with Bonus Suite is a beautifully designed Quick Move-In home that offers both comfort and style. Enjoy a private courtyard centrally located in the heart of the home, with multiple access points for seamless indoor-outdoor living. Thoughtful universal design features include widened interior doors and hallways for enhanced accessibility. The bonus suite with full bath adds flexible space for guests or hobbies, while quartz countertops, laminate plank flooring, and an upgraded trim package elevate the finishes throughout. Relax on the covered porch and enjoy low-maintenance living at its finest.",,Y,Front,Y,,,2026-04-24T16:56:29.319Z
https://www.epconcommunities.com/find-your-home/communities/missouri/st-louis/st-charles/dardenne-prairie/the-courtyards-at-barathaven/quick-move-in-homes/149-haven-ridge-ct-32,The Courtyards at BaratHaven,"149 Haven Ridge Ct, Dardenne Prairie, MO 63368",Dardenne Prairie,MO,63368,St. Charles County,,38.7298,-90.7335,636-630-8560,Mon-Fri: 12pm-5pm | Sat: 11am-5pm | Sun: 12pm-5pm,https://www.epconcommunities.com,available,Epcon Communities,,,,,,,,,,,,,,,Y,Y,Portico,Portico,3,3,3,3,0,3,3,0,1,,1,SFD,2430,2430,,645000,645000,,2025-04-18,,,,,Courtyard: side | Attachment: detached | Garage detached: no | Dining areas: 0 | Bonus suite: N | HERS: 0,,,"Welcome to The Courtyards at BaratHaven, a premier community designed for luxury living and low-maintenance lifestyles. This unique neighborhood combines elegance, comfort, and convenience to provide an unparalleled living experience for all, especially active adults. Our villas feature signature side courtyards, flooding interiors with natural light and creating bright, inviting living spaces. High-end finishes and superior construction are evident in every detail, ensuring the highest standards of quality and craftsmanship. At The Courtyards at BaratHaven, carefree living is a priority. The dedicated Homeowners Association takes care of all exterior maintenance, including lawn care, landscaping, irrigation, and snow removal. This allows residents to focus on enjoying life to the fullest, whether it’s spending time with loved ones, pursuing hobbies, or simply relaxing in a beautiful home. Choose from three distinct floor plans, each designed to offer spacious and flexible living spaces that can be customized to your unique tastes and needs. Premium upgrade options are available, allowing you to personalize your villa to reflect your individual style and preferences. Nestled in a serene and scenic area, The Courtyards at BaratHaven provides easy access to nearby amenities, including shopping, dining, parks, and recreational facilities. This prime location ensures that everything you need is just a short drive away, enhancing the convenience and appeal of your new home. Experience the exceptional lifestyle offered at The Courtyards at BaratHaven, where luxury, convenience, and quality come together to create the perfect place to call home. Discover your dream villa in this exclusive community and enjoy a new standard of living.","The Portico is a beautiful and striking home designed with functional excellence to promote easy manageability. Dramatic transitions like the formal entryway highlight the elegance and quality of the open, efficient design. Complementing the exquisiteness of the home are such amenities as the gourmet kitchen and private den that allow you to live in comfort with all the conveniences you desire. Enjoy the private owner’s suite nicely designed with spacious bath Take advantage of abundant storage and organizational spaces Gather with friends and family in the home's large, centrally located kitchen Additionally, the Portico offers intelligent features including a conveniently located laundry room, generous storage space, and the added versatility of a bonus suite perfect for a guest room. All things considered, the Portico provides a luxurious yet casual living experience that caters to your lifestyle desires.","The Courtyards at BaratHaven offer a blend of luxury, convenience, and natural beauty, making it the perfect place to call home. Residents enjoy features designed to enhance their lifestyle and provide unparalleled comfort. Located in Dardenne Prairie, the community boasts 4.5 miles of walking trails and a 15-acre recreational lake. Three trailheads provide easy access to the trails and lake, allowing residents to explore the greenway in their backyard. The community includes two parks: BaratHaven Park, a 94-acre park with 3 miles of trails, a 15-acre lake, soccer fields, and a cricket pitch; and Bluebird Meadow Park, which spans 74 acres and features 1.5 miles of trails, a soccer field, and ""Prairie In Progress"" areas. To promote a low-maintenance lifestyle, the community offers professional management through the Homeowners Association, ensuring all services are managed properly. Residents benefit from services such as lawn care, landscaping, irrigation, and snow removal, allowing them to focus on enjoying life. The Courtyards at BaratHaven feature three distinct floorplans, each with multiple upscale, low-maintenance front elevations, allowing homeowners to customize their homes to reflect their personal style. The community is pet-friendly, with fencing options available for homeowners with pets. The extensive walking trails and open spaces provide plenty of opportunities for exercise and play for your furry friends. Additionally, residents of The Courtyards at BaratHaven enjoy easy access to nearby shopping, entertainment, highways, and healthcare facilities, ensuring that everything you need is just a short drive away. Experience the exceptional lifestyle at The Courtyards at BaratHaven, where luxury, convenience, and natural beauty come together to create the perfect living environment. Discover your dream villa in this exclusive community and enjoy a new standard of living.",Y,Front,Y,,,2025-03-26T21:22:45.120Z
https://www.epconcommunities.com/find-your-home/communities/missouri/st-louis/st-charles/dardenne-prairie/the-courtyards-at-barathaven/quick-move-in-homes/146-haven-ridge-ct-24,The Courtyards at BaratHaven,"146 Haven Ridge Ct., Dardenne Prairie, MO 63368",Dardenne Prairie,MO,63368,St. Charles County,,38.7297,-90.7341,636-630-8560,Mon-Fri: 12pm-5pm | Sat: 11am-5pm | Sun: 12pm-5pm,https://www.epconcommunities.com,available,Epcon Communities,,,,,,,,,,,,,,,Y,Y,Palazzo,Palazzo,2,2,2,2,0,2,2,0,1,,1,SFD,1590,1590,,535000,535000,,2025-06-29,,,,,Courtyard: side | Attachment: detached | Garage detached: not_applicable | Dining areas: 0 | Bonus suite: N | HERS: 0,,,"Welcome to The Courtyards at BaratHaven, a premier community designed for luxury living and low-maintenance lifestyles. This unique neighborhood combines elegance, comfort, and convenience to provide an unparalleled living experience for all, especially active adults. Our villas feature signature side courtyards, flooding interiors with natural light and creating bright, inviting living spaces. High-end finishes and superior construction are evident in every detail, ensuring the highest standards of quality and craftsmanship. At The Courtyards at BaratHaven, carefree living is a priority. The dedicated Homeowners Association takes care of all exterior maintenance, including lawn care, landscaping, irrigation, and snow removal. This allows residents to focus on enjoying life to the fullest, whether it’s spending time with loved ones, pursuing hobbies, or simply relaxing in a beautiful home. Choose from three distinct floor plans, each designed to offer spacious and flexible living spaces that can be customized to your unique tastes and needs. Premium upgrade options are available, allowing you to personalize your villa to reflect your individual style and preferences. Nestled in a serene and scenic area, The Courtyards at BaratHaven provides easy access to nearby amenities, including shopping, dining, parks, and recreational facilities. This prime location ensures that everything you need is just a short drive away, enhancing the convenience and appeal of your new home. Experience the exceptional lifestyle offered at The Courtyards at BaratHaven, where luxury, convenience, and quality come together to create the perfect place to call home. Discover your dream villa in this exclusive community and enjoy a new standard of living.","The Palazzo is built to please and empower the lifestyle you crave. Whether you enjoy relaxing by a warm fireplace, reading a good book in a comfortable sitting room, or entertaining guests in a lively sunroom, the Palazzo grants you the authority to build the home of your dreams, piece by piece. Choose an extra room that can become a multipurpose sunroom Host guests upstairs in the bonus suite, which includes an optional kitchenette or wet bar Cook in style in the gourmet kitchen designed to accommodate double ovens and more Regardless of the options you choose, the Palazzo is a warm and lively home energized by abundant living space, contemporary amenities, and natural light. Thanks to its flexibility and elegance, the Palazzo is the perfect fit for all personalities and lifestyles.","The Courtyards at BaratHaven offer a blend of luxury, convenience, and natural beauty, making it the perfect place to call home. Residents enjoy features designed to enhance their lifestyle and provide unparalleled comfort. Located in Dardenne Prairie, the community boasts 4.5 miles of walking trails and a 15-acre recreational lake. Three trailheads provide easy access to the trails and lake, allowing residents to explore the greenway in their backyard. The community includes two parks: BaratHaven Park, a 94-acre park with 3 miles of trails, a 15-acre lake, soccer fields, and a cricket pitch; and Bluebird Meadow Park, which spans 74 acres and features 1.5 miles of trails, a soccer field, and ""Prairie In Progress"" areas. To promote a low-maintenance lifestyle, the community offers professional management through the Homeowners Association, ensuring all services are managed properly. Residents benefit from services such as lawn care, landscaping, irrigation, and snow removal, allowing them to focus on enjoying life. The Courtyards at BaratHaven feature three distinct floorplans, each with multiple upscale, low-maintenance front elevations, allowing homeowners to customize their homes to reflect their personal style. The community is pet-friendly, with fencing options available for homeowners with pets. The extensive walking trails and open spaces provide plenty of opportunities for exercise and play for your furry friends. Additionally, residents of The Courtyards at BaratHaven enjoy easy access to nearby shopping, entertainment, highways, and healthcare facilities, ensuring that everything you need is just a short drive away. Experience the exceptional lifestyle at The Courtyards at BaratHaven, where luxury, convenience, and natural beauty come together to create the perfect living environment. Discover your dream villa in this exclusive community and enjoy a new standard of living.",Y,Front,Y,,,2025-11-26T20:45:43.933Z
https://www.epconcommunities.com/find-your-home/communities/missouri/st-louis/st-charles/dardenne-prairie/the-courtyards-at-barathaven/quick-move-in-homes/101-haven-ridge-ct-47,The Courtyards at BaratHaven,"101 Haven Ridge Ct, Dardenne Prairie, MO 63368",Dardenne Prairie,MO,63368,St. Charles County,,38.7295,-90.7327,636-630-8560,Mon-Fri: 12pm-5pm | Sat: 11am-5pm | Sun: 12pm-5pm,https://www.epconcommunities.com,available,Epcon Communities,,,,,,,,,,,,,,,Y,Y,Portico,Portico,2,2,3,3,0,3,3,0,1,,1,SFD,2430,2430,,672170,672170,,2026-01-01,,,,,Courtyard: side | Attachment: detached | Garage detached: not_applicable | Dining areas: 0 | Bonus suite: N | HERS: 0,,,"Welcome to The Courtyards at BaratHaven, a premier community designed for luxury living and low-maintenance lifestyles. This unique neighborhood combines elegance, comfort, and convenience to provide an unparalleled living experience for all, especially active adults. Our villas feature signature side courtyards, flooding interiors with natural light and creating bright, inviting living spaces. High-end finishes and superior construction are evident in every detail, ensuring the highest standards of quality and craftsmanship. At The Courtyards at BaratHaven, carefree living is a priority. The dedicated Homeowners Association takes care of all exterior maintenance, including lawn care, landscaping, irrigation, and snow removal. This allows residents to focus on enjoying life to the fullest, whether it’s spending time with loved ones, pursuing hobbies, or simply relaxing in a beautiful home. Choose from three distinct floor plans, each designed to offer spacious and flexible living spaces that can be customized to your unique tastes and needs. Premium upgrade options are available, allowing you to personalize your villa to reflect your individual style and preferences. Nestled in a serene and scenic area, The Courtyards at BaratHaven provides easy access to nearby amenities, including shopping, dining, parks, and recreational facilities. This prime location ensures that everything you need is just a short drive away, enhancing the convenience and appeal of your new home. Experience the exceptional lifestyle offered at The Courtyards at BaratHaven, where luxury, convenience, and quality come together to create the perfect place to call home. Discover your dream villa in this exclusive community and enjoy a new standard of living.","The Portico is a beautiful and striking home designed with functional excellence to promote easy manageability. Dramatic transitions like the formal entryway highlight the elegance and quality of the open, efficient design. Complementing the exquisiteness of the home are such amenities as the gourmet kitchen and private den that allow you to live in comfort with all the conveniences you desire. Enjoy the private owner’s suite nicely designed with spacious bath Take advantage of abundant storage and organizational spaces Gather with friends and family in the home's large, centrally located kitchen Additionally, the Portico offers intelligent features including a conveniently located laundry room, generous storage space, and the added versatility of a bonus suite perfect for a guest room. All things considered, the Portico provides a luxurious yet casual living experience that caters to your lifestyle desires.","The Courtyards at BaratHaven offer a blend of luxury, convenience, and natural beauty, making it the perfect place to call home. Residents enjoy features designed to enhance their lifestyle and provide unparalleled comfort. Located in Dardenne Prairie, the community boasts 4.5 miles of walking trails and a 15-acre recreational lake. Three trailheads provide easy access to the trails and lake, allowing residents to explore the greenway in their backyard. The community includes two parks: BaratHaven Park, a 94-acre park with 3 miles of trails, a 15-acre lake, soccer fields, and a cricket pitch; and Bluebird Meadow Park, which spans 74 acres and features 1.5 miles of trails, a soccer field, and ""Prairie In Progress"" areas. To promote a low-maintenance lifestyle, the community offers professional management through the Homeowners Association, ensuring all services are managed properly. Residents benefit from services such as lawn care, landscaping, irrigation, and snow removal, allowing them to focus on enjoying life. The Courtyards at BaratHaven feature three distinct floorplans, each with multiple upscale, low-maintenance front elevations, allowing homeowners to customize their homes to reflect their personal style. The community is pet-friendly, with fencing options available for homeowners with pets. The extensive walking trails and open spaces provide plenty of opportunities for exercise and play for your furry friends. Additionally, residents of The Courtyards at BaratHaven enjoy easy access to nearby shopping, entertainment, highways, and healthcare facilities, ensuring that everything you need is just a short drive away. Experience the exceptional lifestyle at The Courtyards at BaratHaven, where luxury, convenience, and natural beauty come together to create the perfect living environment. Discover your dream villa in this exclusive community and enjoy a new standard of living.",Y,Front,Y,,,2026-04-17T19:49:04.460Z
https://www.epconcommunities.com/find-your-home/communities/kentucky/louisville/jefferson/louisville/the-courtyards-at-oakland-hills/quick-move-in-homes/12515-oakland-hills-trails-3,The Courtyards at Oakland Hills,"12515 Oakland Hills Trails, Louisville, KY 40291",Louisville,KY,40291,Jefferson County,,38.0848,-85.5465,502-735-1709,Call for Appointment,https://www.epconcommunities.com,available,Epcon Communities,,,,,,,,,,,,,,,Y,Y,Verona,Verona,3,3,2,2,0,2,2,0,1,,1,SFD,2114,2114,,755695,755695,,2025-01-30,,,,,Courtyard: rear | Attachment: detached | Garage detached: no | Dining areas: 0 | Bonus suite: N | HERS: 0,,,"Welcome to The Courtyards at Oakland Hills , a thoughtfully designed low-maintenance patio home neighborhood created for active adults who want to live well every day. Located near the scenic beauty of Broad Run Park, this welcoming neighborhood offers the perfect balance of recreation, relaxation, and connection. Here, homeowners enjoy beautifully crafted new homes paired with a lifestyle designed around comfort and convenience. With lawn care and exterior maintenance handled, residents have more time to explore nearby parks, take walks through the neighborhood, or gather with neighbors and friends. The Courtyards at Oakland Hills is more than a place to live. It’s a neighborhood where everyday moments feel a little easier, where nature is close by, and where an active, connected lifestyle comes naturally.","Verona Floorplan with Unfinished Walk-Out This stunning 2,114 sq. ft. home features an oversized screened porch with Trex decking, offering breathtaking views of Broad Run Park. The interior boasts 8’ solid core doors, a deluxe-style kitchen, and a cozy fireplace with custom built-in shelving. The spacious primary suite includes a large walk-in closet and a luxurious en-suite bath with direct access to the laundry room. Unfinished walk-out basement provides endless potential. Invite guests into your home with a welcoming front porch and large entry foyer Enjoy an intuitive floor plan that makes entertaining easy and relaxing a breeze Experience the satisfaction of having smart storage features always within reach From preparing delicious meals in the modern kitchen to entertaining your closest friends in the open living room, you will enjoy life’s everyday moments in a comfort you have never known before. When you desire a home to feature the finest, look no further than the Verona. The Verona is an inviting, comfortable home hallmarked by its functional layout and endless options.",,Y,Front,Y,,,2025-12-03T20:24:48.729Z
https://www.epconcommunities.com/find-your-home/communities/kentucky/louisville/jefferson/louisville/the-courtyards-at-curry-farms/quick-move-in-homes/1900-dressage-40,The Courtyards at Curry Farms,"1900 Dressage, Louisville, KY 40245",Louisville,KY,40245,Jefferson County,,38.2601,-85.4479,502-535-2305,Mon: Call for Appointment | Tues-Sun: 12pm-5pm,https://www.epconcommunities.com,available,Epcon Communities,,,,,,,,,,,,,,,Y,Y,Promenade,Promenade,2,2,3,3,0,3,3,0,0,,0,SFD,2765,2765,,690000,690000,,2024-07-27,,,,,Courtyard: side | Attachment: detached | Garage detached: not_applicable | Dining areas: 0 | Bonus suite: N | HERS: 0,,,"Experience the freedom of low-maintenance living at The Courtyards at Curry Farm , where life is designed to be simple, comfortable, and connected. Here, you can enjoy a lifestyle free from yard work and everyday upkeep, giving you more time to travel, stay active, and spend meaningful time with friends and family. This thoughtfully planned patio home neighborhood features luxury garden homes designed for comfort, privacy, and convenience . Each award-winning floor plan includes zero-step entry, open living spaces, a private outdoor courtyard, and premium standard features that blend beauty with everyday functionality. Homeowners can personalize their space with a curated selection of high-quality finishes and design options , creating a home that reflects their style while maintaining the elegance and craftsmanship expected in a Perfection Builders neighborhood. Beyond your front door, residents enjoy exclusive community amenities designed for recreation and connection . Gather with neighbors at the private clubhouse, stay active in the fitness center, relax by the heated pool, or enjoy a friendly match on the pickleball courts. Surrounded by a 16-acre nature conservatory and scenic lake with walking trails , The Courtyards at Curry Farm offers a peaceful setting where natural beauty meets vibrant neighborhood living. At The Courtyards at Curry Farm, it’s more than a home. It’s a lifestyle designed to help you live well every day .","Welcome to the Promenade, our largest and most spectacular home. With plenty of room for your oversized sofas, dining room hutch, and large dining room table, this elegant and wide open home allows you to easily and comfortably host friends and family. When you desire a home to satisfy your engaging lifestyle, look no further than the Promenade. Relax in peace and quiet or get some work done in the secluded, private den Upgrade your delightful owner’s suite with optional screened porch or sitting room Welcome your guests in grand fashion thanks to the special front entry porch Like the rest of the home, the gourmet kitchen with center island offers plenty of room, making it the ideal place to have a quick meal or prepare a grand feast for family and friends. An optional bonus suite adds even greater flexibility and comfort for those dear guests that come to visit. For those who believe that the home is where the heart is, rejoice with the Promenade. Currently this model is used as a sales office.",,Y,Front,Y,,,2026-03-13T17:40:07.921Z
https://www.epconcommunities.com/find-your-home/communities/kentucky/louisville/jefferson/louisville/the-courtyards-at-curry-farms/quick-move-in-homes/17024-farrier-dr-118-c,The Courtyards at Curry Farms,"17024 Farrier Dr, Louisville, KY 40245",Louisville,KY,40245,Jefferson County,,38.2670,-85.4489,502-535-2305,Mon: Call for Appointment | Tues-Sun: 12pm-5pm,https://www.epconcommunities.com,available,Epcon Communities,,,,,,,,,,,,,,,Y,Y,Portico,Portico,2,2,2,2,0,2,2,0,0,,0,SFD,1776,1776,,565000,565000,,2025-11-20,,,,,Courtyard: side | Attachment: detached | Garage detached: not_applicable | Dining areas: 0 | Bonus suite: N | HERS: 0,,,"Experience the freedom of low-maintenance living at The Courtyards at Curry Farm , where life is designed to be simple, comfortable, and connected. Here, you can enjoy a lifestyle free from yard work and everyday upkeep, giving you more time to travel, stay active, and spend meaningful time with friends and family. This thoughtfully planned patio home neighborhood features luxury garden homes designed for comfort, privacy, and convenience . Each award-winning floor plan includes zero-step entry, open living spaces, a private outdoor courtyard, and premium standard features that blend beauty with everyday functionality. Homeowners can personalize their space with a curated selection of high-quality finishes and design options , creating a home that reflects their style while maintaining the elegance and craftsmanship expected in a Perfection Builders neighborhood. Beyond your front door, residents enjoy exclusive community amenities designed for recreation and connection . Gather with neighbors at the private clubhouse, stay active in the fitness center, relax by the heated pool, or enjoy a friendly match on the pickleball courts. Surrounded by a 16-acre nature conservatory and scenic lake with walking trails , The Courtyards at Curry Farm offers a peaceful setting where natural beauty meets vibrant neighborhood living. At The Courtyards at Curry Farm, it’s more than a home. It’s a lifestyle designed to help you live well every day .","The Portico is a beautiful and striking home designed with functional excellence to promote easy manageability. Dramatic transitions like the formal entryway highlight the elegance and quality of the open, efficient design. Complementing the exquisiteness of the home are such amenities as the gourmet kitchen and private den that allow you to live in comfort with all the conveniences you desire. Enjoy the private owner’s suite nicely designed with spacious bath Take advantage of abundant storage and organizational spaces Gather with friends and family in the home's large, centrally located kitchen Additionally, the Portico offers intelligent features including a conveniently located laundry room, generous storage space, and the added versatility of a bonus suite perfect for a guest room. All things considered, the Portico provides a luxurious yet casual living experience that caters to your lifestyle desires.",,Y,Front,Y,,,2026-01-16T14:57:02.517Z
https://www.epconcommunities.com/find-your-home/communities/kansas/wichita/sedgwick/wichita/the-courtyards-at-the-moorings/quick-move-in-homes/4550-sandkey-st-lot-3-blk-1,The Courtyards at The Moorings,"4550 Sandkey St., Wichita, KS 67204",Wichita,KS,67204,Sedgwick County,,37.7724,-97.3763,316-395-5855,"Sun, Mon, Wed, Thur, Fri: 1 PM – 5 PM | Tue: Call for Appointment | Sat: 1 PM - 5 PM",https://www.epconcommunities.com,available,Epcon Communities,,,,,,,,,,,,,,,Y,Y,Verona,Verona,3,3,2,2,0,2,2,0,1,,1,SFD,2250,2250,,558990,558990,,2025-02-18,,,,,Courtyard: rear | Attachment: attached | Garage detached: not_applicable | Dining areas: 0 | Bonus suite: N | HERS: 0,,,"The Courtyards at The Moorings will offer beautifully designed luxury patio homes in a new neighborhood located in Wichita, Kansas. Thoughtfully planned around scenic lake views and tranquil waterfront surroundings, this neighborhood is designed for those who value refined architecture, privacy, and an elevated, low-maintenance lifestyle. Residents will enjoy low-maintenance living paired with lifestyle-focused amenities designed to encourage connection, wellness, and relaxation. A planned clubhouse and fitness center will provide welcoming spaces to gather and stay active, while the community pool and pickleball courts are planned to offer opportunities to enjoy time outdoors. Select homesites feature lake views, creating a peaceful backdrop for everyday living. Ideally located just minutes north of Highway K-96, The Moorings offers convenient access to shopping, dining, medical services, and entertainment, allowing residents to reach anywhere in Wichita within minutes. The Courtyards at The Moorings blends luxury design, water-inspired living, and effortless convenience.","In the Verona, everything is exactly where you want it. An integrated living space provides the room you want with the flexibility you need. Two bedrooms, two bathrooms, a den, and an optional bonus suite enable you to grow into your new home without the fuss and frustration of conventional homes. Invite guests into your home with a welcoming front porch and large entry foyer Enjoy an intuitive floor plan that makes entertaining easy and relaxing a breeze Experience the satisfaction of having smart storage features always within reach From preparing delicious meals in the modern kitchen to entertaining your closest friends in the open living room, you will enjoy life’s everyday moments in a comfort you have never known before. When you desire a home to feature the finest, look no further than the Verona.",,Y,Front,Y,,,2026-04-29T18:22:34.380Z
https://www.epconcommunities.com/find-your-home/communities/kansas/wichita/sedgwick/wichita/the-courtyards-at-the-moorings/quick-move-in-homes/4542-sandkey-st-lot-5-blk-1,The Courtyards at The Moorings,"4542 Sandkey St., Wichita, KS 67204",Wichita,KS,67204,Sedgwick County,,37.7724,-97.3763,316-395-5855,"Sun, Mon, Wed, Thur, Fri: 1 PM – 5 PM | Tue: Call for Appointment | Sat: 1 PM - 5 PM",https://www.epconcommunities.com,available,Epcon Communities,,,,,,,,,,,,,,,Y,Y,Casina,Casina,3,3,2,2,1,2,2,1,0,,0,SFD,2386,2386,,597990,597990,,2025-02-20,,,,,Courtyard: rear | Attachment: detached | Garage detached: not_applicable | Dining areas: 0 | Bonus suite: N | HERS: 0,,,"The Courtyards at The Moorings will offer beautifully designed luxury patio homes in a new neighborhood located in Wichita, Kansas. Thoughtfully planned around scenic lake views and tranquil waterfront surroundings, this neighborhood is designed for those who value refined architecture, privacy, and an elevated, low-maintenance lifestyle. Residents will enjoy low-maintenance living paired with lifestyle-focused amenities designed to encourage connection, wellness, and relaxation. A planned clubhouse and fitness center will provide welcoming spaces to gather and stay active, while the community pool and pickleball courts are planned to offer opportunities to enjoy time outdoors. Select homesites feature lake views, creating a peaceful backdrop for everyday living. Ideally located just minutes north of Highway K-96, The Moorings offers convenient access to shopping, dining, medical services, and entertainment, allowing residents to reach anywhere in Wichita within minutes. The Courtyards at The Moorings blends luxury design, water-inspired living, and effortless convenience.","The Casina was designed with luxury, flexibility, and convenience in mind. With an impressive entry gallery, spacious butler's pantry, large flex room and easy access from the owner's suite through to laundry room, the Casina makes the perfect home to enjoy your privacy while entertaining your loved ones. Enhance your outdoor experience by adding a fireplace or grill station area. Turn your utility room into a doggie spa by adding a wash station and other options. Add a bonus suite to expand your livable space Truly smart living, the Casina can be personalized to fit all of your needs in luxury, style and convenience.",,Y,Front,Y,,,2026-04-29T18:22:07.859Z
https://www.epconcommunities.com/find-your-home/communities/kansas/wichita/sedgwick/wichita/the-courtyards-at-the-moorings/quick-move-in-homes/4538-n-sandkey-st-lot-6-blk-1,The Courtyards at The Moorings,"4538 N Sandkey St., Wichita, KS 67204",Wichita,KS,67204,Sedgwick County,,37.7655,-97.3746,316-395-5855,"Sun, Mon, Wed, Thur, Fri: 1 PM – 5 PM | Tue: Call for Appointment | Sat: 1 PM - 5 PM",https://www.epconcommunities.com,contract_pending,Epcon Communities,,,,,,,,,,,,,,,Y,Y,Palazzo,Palazzo,2,2,2,2,0,2,2,0,1,,1,SFD,1822,1822,,430000,430000,,2025-02-21,,,,,Courtyard: side | Attachment: detached | Garage detached: not_applicable | Dining areas: 1 | Bonus suite: N | HERS: 0,,,"The Courtyards at The Moorings will offer beautifully designed luxury patio homes in a new neighborhood located in Wichita, Kansas. Thoughtfully planned around scenic lake views and tranquil waterfront surroundings, this neighborhood is designed for those who value refined architecture, privacy, and an elevated, low-maintenance lifestyle. Residents will enjoy low-maintenance living paired with lifestyle-focused amenities designed to encourage connection, wellness, and relaxation. A planned clubhouse and fitness center will provide welcoming spaces to gather and stay active, while the community pool and pickleball courts are planned to offer opportunities to enjoy time outdoors. Select homesites feature lake views, creating a peaceful backdrop for everyday living. Ideally located just minutes north of Highway K-96, The Moorings offers convenient access to shopping, dining, medical services, and entertainment, allowing residents to reach anywhere in Wichita within minutes. The Courtyards at The Moorings blends luxury design, water-inspired living, and effortless convenience.","The Palazzo is revered for its design flexibility, luxurious options, and standard comforts. Possibilities abound from an upstairs bonus suite, walk-in spa shower, private den, restful sitting room, and much more. Take control of your lifestyle with the Palazzo, a contemporary and dynamic home like no other. Choose an extra room that can become a multipurpose sunroom Host guests upstairs in the bonus suite, which includes an optional kitchenette or wet bar Cook in style in the gourmet kitchen designed to accommodate double ovens and more Regardless of the options you choose, the Palazzo is a warm and lively home energized by abundant living space, contemporary amenities, and natural light. Thanks to its flexibility and elegance, the Palazzo is the perfect fit for all personalities and lifestyles.",,Y,Front,Y,,,2026-04-24T16:26:13.166Z
https://www.epconcommunities.com/find-your-home/communities/kansas/wichita/sedgwick/wichita/the-courtyards-at-the-moorings/quick-move-in-homes/4534-sandkey-st--sales-office-lot-7-blk-1,The Courtyards at The Moorings,"4534 Sandkey St. - SALES OFFICE, Wichita, KS 67204",Wichita,KS,67204,Sedgwick County,,37.7724,-97.3763,316-395-5855,"Sun, Mon, Wed, Thur, Fri: 1 PM – 5 PM | Tue: Call for Appointment | Sat: 1 PM - 5 PM",https://www.epconcommunities.com,available,Epcon Communities,,,,,,,,,,,,,,,Y,Y,Casina,Casina,3,3,2,2,1,2,2,1,1,,1,SFD,2386,2386,,679990,679990,,2025-12-25,,,,,Courtyard: rear | Attachment: detached | Garage detached: not_applicable | Dining areas: 0 | Bonus suite: N | HERS: 0,,,"The Courtyards at The Moorings will offer beautifully designed luxury patio homes in a new neighborhood located in Wichita, Kansas. Thoughtfully planned around scenic lake views and tranquil waterfront surroundings, this neighborhood is designed for those who value refined architecture, privacy, and an elevated, low-maintenance lifestyle. Residents will enjoy low-maintenance living paired with lifestyle-focused amenities designed to encourage connection, wellness, and relaxation. A planned clubhouse and fitness center will provide welcoming spaces to gather and stay active, while the community pool and pickleball courts are planned to offer opportunities to enjoy time outdoors. Select homesites feature lake views, creating a peaceful backdrop for everyday living. Ideally located just minutes north of Highway K-96, The Moorings offers convenient access to shopping, dining, medical services, and entertainment, allowing residents to reach anywhere in Wichita within minutes. The Courtyards at The Moorings blends luxury design, water-inspired living, and effortless convenience.","The Casina was designed with luxury, flexibility, and convenience in mind. With an impressive entry gallery, spacious butler's pantry, large flex room and easy access from the owner's suite through to laundry room, the Casina makes the perfect home to enjoy your privacy while entertaining your loved ones. Enhance your outdoor experience by adding a fireplace or grill station area. Turn your utility room into a doggie spa by adding a wash station and other options. Add a bonus suite to expand your livable space Truly smart living, the Casina can be personalized to fit all of your needs in luxury, style and convenience.",,Y,Front,Y,,,2026-04-29T18:21:39.017Z
https://www.epconcommunities.com/find-your-home/communities/kansas/wichita/sedgwick/wichita/the-courtyards-at-the-moorings/quick-move-in-homes/4512-n-harborside-lot-8-blk-7,The Courtyards at The Moorings,"4512 N Harborside, Wichita, KS 67204",Wichita,KS,67204,Sedgwick County,,37.7726,-97.3787,316-395-5855,"Sun, Mon, Wed, Thur, Fri: 1 PM – 5 PM | Tue: Call for Appointment | Sat: 1 PM - 5 PM",https://www.epconcommunities.com,available,Epcon Communities,,,,,,,,,,,,,,,Y,Y,Acadia Plus - Perfection Builders,Acadia Plus - Perfection Builders,2,2,2,2,0,2,2,0,1,,1,SFD,1468,1468,,349990,349990,,2025-06-30,,,,,Courtyard: side | Attachment: attached | Garage detached: not_applicable | Dining areas: 0 | Bonus suite: N | HERS: 0,,,"The Courtyards at The Moorings will offer beautifully designed luxury patio homes in a new neighborhood located in Wichita, Kansas. Thoughtfully planned around scenic lake views and tranquil waterfront surroundings, this neighborhood is designed for those who value refined architecture, privacy, and an elevated, low-maintenance lifestyle. Residents will enjoy low-maintenance living paired with lifestyle-focused amenities designed to encourage connection, wellness, and relaxation. A planned clubhouse and fitness center will provide welcoming spaces to gather and stay active, while the community pool and pickleball courts are planned to offer opportunities to enjoy time outdoors. Select homesites feature lake views, creating a peaceful backdrop for everyday living. Ideally located just minutes north of Highway K-96, The Moorings offers convenient access to shopping, dining, medical services, and entertainment, allowing residents to reach anywhere in Wichita within minutes. The Courtyards at The Moorings blends luxury design, water-inspired living, and effortless convenience.",The Acadia Plus offers two bedrooms and plenty of space for guests. The first-floor owner's suite features a large walk-in closet with beautiful views of the courtyard.,,Y,Rear,Y,,,2026-04-29T18:21:10.559Z
https://www.epconcommunities.com/find-your-home/communities/kansas/wichita/sedgwick/wichita/the-courtyards-at-the-moorings/quick-move-in-homes/4508-n-harborside-dr-lot-7-blk-7,The Courtyards at The Moorings,"4508 N Harborside Dr., Wichita, KS 67204",Wichita,KS,67204,Sedgwick County,,37.7726,-97.3787,316-395-5855,"Sun, Mon, Wed, Thur, Fri: 1 PM – 5 PM | Tue: Call for Appointment | Sat: 1 PM - 5 PM",https://www.epconcommunities.com,available,Epcon Communities,,,,,,,,,,,,,,,Y,Y,Acadia - Perfection Builders,Acadia - Perfection Builders,2,2,2,2,0,2,2,0,1,,1,SFD,1391,1391,,339990,339990,,2025-07-01,,,,,Courtyard: side | Attachment: attached | Garage detached: not_applicable | Dining areas: 0 | Bonus suite: N | HERS: 0,,,"The Courtyards at The Moorings will offer beautifully designed luxury patio homes in a new neighborhood located in Wichita, Kansas. Thoughtfully planned around scenic lake views and tranquil waterfront surroundings, this neighborhood is designed for those who value refined architecture, privacy, and an elevated, low-maintenance lifestyle. Residents will enjoy low-maintenance living paired with lifestyle-focused amenities designed to encourage connection, wellness, and relaxation. A planned clubhouse and fitness center will provide welcoming spaces to gather and stay active, while the community pool and pickleball courts are planned to offer opportunities to enjoy time outdoors. Select homesites feature lake views, creating a peaceful backdrop for everyday living. Ideally located just minutes north of Highway K-96, The Moorings offers convenient access to shopping, dining, medical services, and entertainment, allowing residents to reach anywhere in Wichita within minutes. The Courtyards at The Moorings blends luxury design, water-inspired living, and effortless convenience.","The Acadia offers a seamless blend of single-level living and a connection to the outdoors with a private, garden courtyard. The spacious kitchen opens to the dining and living rooms so you're never separated from your guests. The first-floor owner's suite is your own private retreat complete with a large walk-in closet.",,Y,Rear,Y,,,2026-04-29T18:20:44.352Z
https://www.epconcommunities.com/find-your-home/communities/kansas/wichita/sedgwick/wichita/the-courtyards-at-the-moorings/quick-move-in-homes/2834-shearwater-st-lot-1-blk-8,The Courtyards at The Moorings,"2834 Shearwater St, Wichita, KS 67204",Wichita,KS,67204,Sedgwick County,,37.7803,-97.3625,316-395-5855,"Sun, Mon, Wed, Thur, Fri: 1 PM – 5 PM | Tue: Call for Appointment | Sat: 1 PM - 5 PM",https://www.epconcommunities.com,available,Epcon Communities,,,,,,,,,,,,,,,Y,Y,Haven,Haven,3,3,3,3,0,3,3,0,2,,2,SFD,2678,2678,,594990,594990,,2025-03-02,,,,,Courtyard: side | Attachment: detached | Garage detached: not_applicable | Dining areas: 0 | Bonus suite: N | HERS: 0,,,"The Courtyards at The Moorings will offer beautifully designed luxury patio homes in a new neighborhood located in Wichita, Kansas. Thoughtfully planned around scenic lake views and tranquil waterfront surroundings, this neighborhood is designed for those who value refined architecture, privacy, and an elevated, low-maintenance lifestyle. Residents will enjoy low-maintenance living paired with lifestyle-focused amenities designed to encourage connection, wellness, and relaxation. A planned clubhouse and fitness center will provide welcoming spaces to gather and stay active, while the community pool and pickleball courts are planned to offer opportunities to enjoy time outdoors. Select homesites feature lake views, creating a peaceful backdrop for everyday living. Ideally located just minutes north of Highway K-96, The Moorings offers convenient access to shopping, dining, medical services, and entertainment, allowing residents to reach anywhere in Wichita within minutes. The Courtyards at The Moorings blends luxury design, water-inspired living, and effortless convenience.","The Haven, part of the Celebration Series, includes a 2 1/2 rear-entry garage providing enhanced curb appeal and opportunity for additional storage. The Haven offers an open, light-filled floorplan featuring two bedrooms on the first floor, a den, and a private, outdoor courtyard. The spacious kitchen includes a large center island offering views to the living and dining rooms. The first-floor owner's suite features an optional sitting room with access to the outdoor courtyard and a large walk-in closet. Other highlights include a den and a first-floor laundry room and mud room.",,Y,Front,Y,,,2026-04-29T18:20:16.183Z
https://www.epconcommunities.com/find-your-home/communities/kansas/wichita/sedgwick/wichita/the-courtyards-at-the-moorings/quick-move-in-homes/2830-shearwater-st-lot-2-blk-8,The Courtyards at The Moorings,"2830 Shearwater St., Wichita, KS 67204",Wichita,KS,67204,Sedgwick County,,37.7803,-97.3625,316-395-5855,"Sun, Mon, Wed, Thur, Fri: 1 PM – 5 PM | Tue: Call for Appointment | Sat: 1 PM - 5 PM",https://www.epconcommunities.com,available,Epcon Communities,,,,,,,,,,,,,,,Y,Y,Clay,Clay,2,2,2,2,0,2,2,0,1,,1,SFD,1846,1846,,464990,464990,,2025-03-25,,,,,Courtyard: side | Attachment: detached | Garage detached: no | Dining areas: 1 | Bonus suite: N | HERS: 0,,,"The Courtyards at The Moorings will offer beautifully designed luxury patio homes in a new neighborhood located in Wichita, Kansas. Thoughtfully planned around scenic lake views and tranquil waterfront surroundings, this neighborhood is designed for those who value refined architecture, privacy, and an elevated, low-maintenance lifestyle. Residents will enjoy low-maintenance living paired with lifestyle-focused amenities designed to encourage connection, wellness, and relaxation. A planned clubhouse and fitness center will provide welcoming spaces to gather and stay active, while the community pool and pickleball courts are planned to offer opportunities to enjoy time outdoors. Select homesites feature lake views, creating a peaceful backdrop for everyday living. Ideally located just minutes north of Highway K-96, The Moorings offers convenient access to shopping, dining, medical services, and entertainment, allowing residents to reach anywhere in Wichita within minutes. The Courtyards at The Moorings blends luxury design, water-inspired living, and effortless convenience.","The Clay, part of the Celebration Series, includes a 2 1/2 car rear-entry garage providing enhanced curb appeal and opportunity for additional storage space. With two bedrooms on the first floor, a den and a third bedroom upstairs in the optional bonus suite, you'll have plenty of space for guests. The den allows for the flexibility of a home office or separate living area. The first-floor owner's suite features a large walk-in closet with beautiful views of the courtyard.",,Y,Front,Y,,,2026-04-29T18:19:52.066Z
https://www.epconcommunities.com/find-your-home/communities/kansas/wichita/sedgwick/wichita/the-courtyards-at-the-moorings/quick-move-in-homes/2722-shearwater-st-lot-3-blk-8,The Courtyards at The Moorings,"2722 Shearwater St., Wichita, KS 67204",Wichita,KS,67204,Sedgwick County,,37.7803,-97.3625,316-395-5855,"Sun, Mon, Wed, Thur, Fri: 1 PM – 5 PM | Tue: Call for Appointment | Sat: 1 PM - 5 PM",https://www.epconcommunities.com,available,Epcon Communities,,,,,,,,,,,,,,,Y,Y,Bedford,Bedford,2.5,2.5,2,2,0,2,2,0,1,,1,SFD,1712,1712,,469990,469990,,2025-03-20,,,,,Courtyard: side | Attachment: detached | Garage detached: not_applicable | Dining areas: 0 | Bonus suite: N | HERS: 0,,,"The Courtyards at The Moorings will offer beautifully designed luxury patio homes in a new neighborhood located in Wichita, Kansas. Thoughtfully planned around scenic lake views and tranquil waterfront surroundings, this neighborhood is designed for those who value refined architecture, privacy, and an elevated, low-maintenance lifestyle. Residents will enjoy low-maintenance living paired with lifestyle-focused amenities designed to encourage connection, wellness, and relaxation. A planned clubhouse and fitness center will provide welcoming spaces to gather and stay active, while the community pool and pickleball courts are planned to offer opportunities to enjoy time outdoors. Select homesites feature lake views, creating a peaceful backdrop for everyday living. Ideally located just minutes north of Highway K-96, The Moorings offers convenient access to shopping, dining, medical services, and entertainment, allowing residents to reach anywhere in Wichita within minutes. The Courtyards at The Moorings blends luxury design, water-inspired living, and effortless convenience.","The Bedford, part of the Celebration Series, includes a 2 1/2 car rear-entry garage providing enhanced curb appeal and additional storage space. This home offers a seamless blend of single-level living and a connection to the outdoors with a private, garden courtyard. The spacious kitchen opens to the dining and living rooms so you're never separated from your guests. The first-floor owner's suite is your own private retreat complete with a large walk-in closet. The optional 2nd-level bonus suite provides the perfect space for family or friends.",,Y,Front,Y,,,2026-04-29T18:19:17.904Z
https://www.epconcommunities.com/find-your-home/communities/kansas/wichita/sedgwick/wichita/the-courtyards-at-the-moorings/quick-move-in-homes/2718-shearwater-st-lot-4-blk-8,The Courtyards at The Moorings,"2718 Shearwater St, Wichita, KS 67204",Wichita,KS,67204,Sedgwick County,,37.7803,-97.3625,316-395-5855,"Sun, Mon, Wed, Thur, Fri: 1 PM – 5 PM | Tue: Call for Appointment | Sat: 1 PM - 5 PM",https://www.epconcommunities.com,available,Epcon Communities,,,,,,,,,,,,,,,Y,Y,Haven,Haven,3,3,2,2,0,2,2,0,0,,0,SFD,2079,2079,,559990,559990,,2025-03-03,,,,,Courtyard: side | Attachment: detached | Garage detached: not_applicable | Dining areas: 0 | Bonus suite: N | HERS: 0,,,"The Courtyards at The Moorings will offer beautifully designed luxury patio homes in a new neighborhood located in Wichita, Kansas. Thoughtfully planned around scenic lake views and tranquil waterfront surroundings, this neighborhood is designed for those who value refined architecture, privacy, and an elevated, low-maintenance lifestyle. Residents will enjoy low-maintenance living paired with lifestyle-focused amenities designed to encourage connection, wellness, and relaxation. A planned clubhouse and fitness center will provide welcoming spaces to gather and stay active, while the community pool and pickleball courts are planned to offer opportunities to enjoy time outdoors. Select homesites feature lake views, creating a peaceful backdrop for everyday living. Ideally located just minutes north of Highway K-96, The Moorings offers convenient access to shopping, dining, medical services, and entertainment, allowing residents to reach anywhere in Wichita within minutes. The Courtyards at The Moorings blends luxury design, water-inspired living, and effortless convenience.","The Haven, part of the Celebration Series, includes a 2 1/2 rear-entry garage providing enhanced curb appeal and opportunity for additional storage. The Haven offers an open, light-filled floorplan featuring two bedrooms on the first floor, a den, and a private, outdoor courtyard. The spacious kitchen includes a large center island offering views to the living and dining rooms. The first-floor owner's suite features an optional sitting room with access to the outdoor courtyard and a large walk-in closet. Other highlights include a den and a first-floor laundry room and mud room.",,Y,Front,Y,,,2026-04-29T18:18:42.681Z
https://www.epconcommunities.com/find-your-home/communities/kansas/wichita/sedgwick/wichita/the-courtyards-at-the-moorings/quick-move-in-homes/2628-shearwater-st-lot-10-blk-1,The Courtyards at The Moorings,"2628 Shearwater St., Wichita, KS 67204",Wichita,KS,67204,Sedgwick County,,37.7803,-97.3625,316-395-5855,"Sun, Mon, Wed, Thur, Fri: 1 PM – 5 PM | Tue: Call for Appointment | Sat: 1 PM - 5 PM",https://www.epconcommunities.com,available,Epcon Communities,,,,,,,,,,,,,,,Y,Y,Clay,Clay,3,3,2,2,0,2,2,0,1,,1,SFD,1846,1846,,484990,484990,,2025-02-22,,,,,Courtyard: side | Attachment: detached | Garage detached: not_applicable | Dining areas: 0 | Bonus suite: N | HERS: 0,,,"The Courtyards at The Moorings will offer beautifully designed luxury patio homes in a new neighborhood located in Wichita, Kansas. Thoughtfully planned around scenic lake views and tranquil waterfront surroundings, this neighborhood is designed for those who value refined architecture, privacy, and an elevated, low-maintenance lifestyle. Residents will enjoy low-maintenance living paired with lifestyle-focused amenities designed to encourage connection, wellness, and relaxation. A planned clubhouse and fitness center will provide welcoming spaces to gather and stay active, while the community pool and pickleball courts are planned to offer opportunities to enjoy time outdoors. Select homesites feature lake views, creating a peaceful backdrop for everyday living. Ideally located just minutes north of Highway K-96, The Moorings offers convenient access to shopping, dining, medical services, and entertainment, allowing residents to reach anywhere in Wichita within minutes. The Courtyards at The Moorings blends luxury design, water-inspired living, and effortless convenience.","The Clay, part of the Celebration Series, includes a 2 1/2 car rear-entry garage providing enhanced curb appeal and opportunity for additional storage space. With two bedrooms on the first floor, a den and a third bedroom upstairs in the optional bonus suite, you'll have plenty of space for guests. The den allows for the flexibility of a home office or separate living area. The first-floor owner's suite features a large walk-in closet with beautiful views of the courtyard.",,Y,Front,Y,,,2026-04-29T18:18:07.862Z
https://www.epconcommunities.com/find-your-home/communities/kansas/wichita/sedgwick/wichita/the-courtyards-at-the-moorings/quick-move-in-homes/2624-shearwater-st-lot-9-blk-1,The Courtyards at The Moorings,"2624 Shearwater St, Wichita, KS 67204",Wichita,KS,67204,Sedgwick County,,37.7803,-97.3625,316-395-5855,"Sun, Mon, Wed, Thur, Fri: 1 PM – 5 PM | Tue: Call for Appointment | Sat: 1 PM - 5 PM",https://www.epconcommunities.com,available,Epcon Communities,,,,,,,,,,,,,,,Y,Y,Haven,Haven,3,3,2,2,0,2,2,0,0,,0,SFD,2079,2079,,524990,524990,,2025-02-08,,,,,Courtyard: side | Attachment: attached | Garage detached: not_applicable | Dining areas: 1 | Bonus suite: N | HERS: 0,,,"The Courtyards at The Moorings will offer beautifully designed luxury patio homes in a new neighborhood located in Wichita, Kansas. Thoughtfully planned around scenic lake views and tranquil waterfront surroundings, this neighborhood is designed for those who value refined architecture, privacy, and an elevated, low-maintenance lifestyle. Residents will enjoy low-maintenance living paired with lifestyle-focused amenities designed to encourage connection, wellness, and relaxation. A planned clubhouse and fitness center will provide welcoming spaces to gather and stay active, while the community pool and pickleball courts are planned to offer opportunities to enjoy time outdoors. Select homesites feature lake views, creating a peaceful backdrop for everyday living. Ideally located just minutes north of Highway K-96, The Moorings offers convenient access to shopping, dining, medical services, and entertainment, allowing residents to reach anywhere in Wichita within minutes. The Courtyards at The Moorings blends luxury design, water-inspired living, and effortless convenience.","The Haven, part of the Celebration Series, includes a 2 1/2 rear-entry garage providing enhanced curb appeal and opportunity for additional storage. The Haven offers an open, light-filled floorplan featuring two bedrooms on the first floor, a den, and a private, outdoor courtyard. The spacious kitchen includes a large center island offering views to the living and dining rooms. The first-floor owner's suite features an optional sitting room with access to the outdoor courtyard and a large walk-in closet. Other highlights include a den and a first-floor laundry room and mud room.",,Y,Rear,Y,,,2026-04-29T18:17:36.735Z
https://www.epconcommunities.com/find-your-home/communities/kansas/wichita/sedgwick/wichita/the-courtyards-at-the-moorings/quick-move-in-homes/2620-shearwater-st-81,The Courtyards at The Moorings,"2620 Shearwater St., Wichita, KS 67204",Wichita,KS,67204,Sedgwick County,,37.7803,-97.3625,316-395-5855,"Sun, Mon, Wed, Thur, Fri: 1 PM – 5 PM | Tue: Call for Appointment | Sat: 1 PM - 5 PM",https://www.epconcommunities.com,contract_pending,Epcon Communities,,,,,,,,,,,,,,,Y,Y,Bedford,Bedford,2,2,2,2,0,2,2,0,1,,1,SFD,1712,1712,,451865,451865,,2025-02-20,,,,,Courtyard: side | Attachment: detached | Garage detached: not_applicable | Dining areas: 1 | Bonus suite: N | HERS: 0,,,"The Courtyards at The Moorings will offer beautifully designed luxury patio homes in a new neighborhood located in Wichita, Kansas. Thoughtfully planned around scenic lake views and tranquil waterfront surroundings, this neighborhood is designed for those who value refined architecture, privacy, and an elevated, low-maintenance lifestyle. Residents will enjoy low-maintenance living paired with lifestyle-focused amenities designed to encourage connection, wellness, and relaxation. A planned clubhouse and fitness center will provide welcoming spaces to gather and stay active, while the community pool and pickleball courts are planned to offer opportunities to enjoy time outdoors. Select homesites feature lake views, creating a peaceful backdrop for everyday living. Ideally located just minutes north of Highway K-96, The Moorings offers convenient access to shopping, dining, medical services, and entertainment, allowing residents to reach anywhere in Wichita within minutes. The Courtyards at The Moorings blends luxury design, water-inspired living, and effortless convenience.","The Bedford, part of the Celebration Series, includes a 2 1/2 car rear-entry garage providing enhanced curb appeal and additional storage space. This home offers a seamless blend of single-level living and a connection to the outdoors with a private, garden courtyard. The spacious kitchen opens to the dining and living rooms so you're never separated from your guests. The first-floor owner's suite is your own private retreat complete with a large walk-in closet. The optional 2nd-level bonus suite provides the perfect space for family or friends.",,Y,Rear,Y,,,2025-09-02T16:58:33.696Z
https://www.epconcommunities.com/find-your-home/communities/kansas/wichita/sedgwick/wichita/the-courtyards-at-jacobs-farm/quick-move-in-homes/14224-w-barn-owl-ct-lot-41-blk-1,The Courtyards at Jacobs Farm,"14224 W Barn Owl Ct, Wichita, KS 67235",Wichita,KS,67235,Sedgwick County,,37.6664,-97.4922,316-368-2828,"Sun, Mon, Wed, Thur, Fri: 1 PM – 5 PM | Tue: Call for Appointment | Sat: 1 PM - 5 PM",https://www.epconcommunities.com,available,Epcon Communities,,,,,,,,,,,,,,,Y,Y,Promenade,Promenade,2,2,3,2,0,3,2,0,1,,1,SFD,2068,2068,,514990,514990,,2026-01-28,,,,,Courtyard: side | Attachment: detached | Garage detached: not_applicable | Dining areas: 0 | Bonus suite: N | HERS: 0,,,"The Courtyards at Jacobs Farm is thoughtfully situated on the historic grounds of a more than 100-year-old, 160-acre farm, creating a neighborhood rich in character and natural beauty. Carefully planned to preserve the land’s legacy, the neighborhood is surrounded by multiple lakes and mature native trees that provide a peaceful, scenic backdrop for everyday living. Residents enjoy low-maintenance living paired with an unparalleled collection of lifestyle amenities designed to encourage connection, wellness, and relaxation. Community gathering spaces, walking trails, and resort-style amenities create a true destination neighborhood—one where neighbors connect and daily life feels intentionally elevated. Located in a highly desirable west Wichita setting, Jacobs Farm offers convenient access to shopping, dining, medical facilities, and daily essentials, while maintaining a sense of privacy and retreat. Blending history, natural beauty, and thoughtfully designed living, The Courtyards at Jacobs Farm delivers a lifestyle that feels both timeless and distinctly refined.","Looking for a spacious home that can comfortably accommodate your oversized furniture and host your family and friends? The Promenade is the ideal option - This expertly designed house offers ample space for all your needs, along with a range of features to help you relax and recharge. Here are some of the highlights: Optional gourmet kitchen with center island and walk-in pantry Secluded den and private courtyard for peaceful moments Spacious owner's suite and bath for ultimate relaxation Mudroom with additional storage space for easy organization For those who believe that the home is where the heart is, look no further than the Promenade. Come see it for yourself and experience the best of modern living. The Promenade is an elegant, open home with plenty of room for you.",,Y,Front,Y,,,2026-04-29T18:00:58.471Z
https://www.epconcommunities.com/find-your-home/communities/kansas/wichita/sedgwick/wichita/the-courtyards-at-jacobs-farm/quick-move-in-homes/14113-barn-owl-lot-17-blk-2,The Courtyards at Jacobs Farm,"14113 Barn Owl, Wichita, KS 67235",Wichita,KS,67235,Sedgwick County,,37.6664,-97.4922,316-368-2828,"Sun, Mon, Wed, Thur, Fri: 1 PM – 5 PM | Tue: Call for Appointment | Sat: 1 PM - 5 PM",https://www.epconcommunities.com,available,Epcon Communities,,,,,,,,,,,,,,,Y,Y,Clay,Clay,3,3,2,2,0,2,2,0,1,,1,SFD,1839,1839,,494490,494490,,2026-01-28,,,,,Courtyard: side | Attachment: detached | Garage detached: not_applicable | Dining areas: 0 | Bonus suite: N | HERS: 0,,,"The Courtyards at Jacobs Farm is thoughtfully situated on the historic grounds of a more than 100-year-old, 160-acre farm, creating a neighborhood rich in character and natural beauty. Carefully planned to preserve the land’s legacy, the neighborhood is surrounded by multiple lakes and mature native trees that provide a peaceful, scenic backdrop for everyday living. Residents enjoy low-maintenance living paired with an unparalleled collection of lifestyle amenities designed to encourage connection, wellness, and relaxation. Community gathering spaces, walking trails, and resort-style amenities create a true destination neighborhood—one where neighbors connect and daily life feels intentionally elevated. Located in a highly desirable west Wichita setting, Jacobs Farm offers convenient access to shopping, dining, medical facilities, and daily essentials, while maintaining a sense of privacy and retreat. Blending history, natural beauty, and thoughtfully designed living, The Courtyards at Jacobs Farm delivers a lifestyle that feels both timeless and distinctly refined.","The Clay includes a 2 1/2 car rear-entry garage providing enhanced curb appeal and opportunity for additional storage space. With two bedrooms on the first floor, a den and a third bedroom upstairs in the optional bonus suite, you'll have plenty of space for guests. The den allows for the flexibility of a home office or separate living area. The first-floor owner's suite features a large walk-in closet with beautiful views of the courtyard. The Clay features an expansive kitchen with an angled island.",,Y,Front,Y,,,2026-04-29T18:00:26.957Z
https://www.epconcommunities.com/find-your-home/communities/kansas/wichita/sedgwick/wichita/the-courtyards-at-jacobs-farm/quick-move-in-homes/14024-barn-owl-22-1,The Courtyards at Jacobs Farm,"14024 Barn Owl, Wichita, KS 67235",Wichita,KS,67235,Sedgwick County,,37.6664,-97.4922,316-368-2828,"Sun, Mon, Wed, Thur, Fri: 1 PM – 5 PM | Tue: Call for Appointment | Sat: 1 PM - 5 PM",https://www.epconcommunities.com,contract_pending,Epcon Communities,,,,,,,,,,,,,,,Y,Y,Salerno,Salerno,2,2,2,2,0,2,2,0,1,,1,SFD,1831,1831,,458000,458000,,2024-11-12,,,,,Courtyard: rear | Attachment: detached | Garage detached: not_applicable | Dining areas: 0 | Bonus suite: N | HERS: 0,,,"The Courtyards at Jacobs Farm is thoughtfully situated on the historic grounds of a more than 100-year-old, 160-acre farm, creating a neighborhood rich in character and natural beauty. Carefully planned to preserve the land’s legacy, the neighborhood is surrounded by multiple lakes and mature native trees that provide a peaceful, scenic backdrop for everyday living. Residents enjoy low-maintenance living paired with an unparalleled collection of lifestyle amenities designed to encourage connection, wellness, and relaxation. Community gathering spaces, walking trails, and resort-style amenities create a true destination neighborhood—one where neighbors connect and daily life feels intentionally elevated. Located in a highly desirable west Wichita setting, Jacobs Farm offers convenient access to shopping, dining, medical facilities, and daily essentials, while maintaining a sense of privacy and retreat. Blending history, natural beauty, and thoughtfully designed living, The Courtyards at Jacobs Farm delivers a lifestyle that feels both timeless and distinctly refined.","The Salerno is a beautiful and striking home designed with functional excellence and an open floor plan. Dramatic features like the nine-foot ceilings highlight the elegance and quality of the design. The large, centrally located kitchen is truly the heart of the home. An expansive, open dining room and living room with access to the private outdoor courtyard allow you to live in comfort with all the conveniences you desire. Enjoy the spacious owner's suite with access to the private courtyard Take advantage of the abundant storage space Gather with friends and family in the open kitchen Additionally, the Salerno offers the added versatility of a bonus suite perfect for a guest room. All things considered, the Salerno provides a luxurious yet casual living experience that caters to your lifestyle desires. The Salerno is a beautiful, single-level home designed for your lifestyle now and for years.",,Y,Front,Y,,,2025-08-29T19:02:49.925Z
https://www.epconcommunities.com/find-your-home/communities/kansas/wichita/sedgwick/wichita/the-courtyards-at-jacobs-farm/quick-move-in-homes/14015-barn-owl-lot-12-blk-2,The Courtyards at Jacobs Farm,"14015 Barn Owl, Wichita, KS 67235",Wichita,KS,67235,Sedgwick County,,37.6664,-97.4922,316-368-2828,"Sun, Mon, Wed, Thur, Fri: 1 PM – 5 PM | Tue: Call for Appointment | Sat: 1 PM - 5 PM",https://www.epconcommunities.com,contract_pending,Epcon Communities,,,,,,,,,,,,,,,Y,Y,Haven,Haven,3,3,3,3,0,3,3,0,2,,2,SFD,2678,2678,,591600,591600,,2024-11-19,,,,,Courtyard: side | Attachment: attached | Garage detached: yes | Dining areas: 1 | Bonus suite: Y | HERS: 0,,,"The Courtyards at Jacobs Farm is thoughtfully situated on the historic grounds of a more than 100-year-old, 160-acre farm, creating a neighborhood rich in character and natural beauty. Carefully planned to preserve the land’s legacy, the neighborhood is surrounded by multiple lakes and mature native trees that provide a peaceful, scenic backdrop for everyday living. Residents enjoy low-maintenance living paired with an unparalleled collection of lifestyle amenities designed to encourage connection, wellness, and relaxation. Community gathering spaces, walking trails, and resort-style amenities create a true destination neighborhood—one where neighbors connect and daily life feels intentionally elevated. Located in a highly desirable west Wichita setting, Jacobs Farm offers convenient access to shopping, dining, medical facilities, and daily essentials, while maintaining a sense of privacy and retreat. Blending history, natural beauty, and thoughtfully designed living, The Courtyards at Jacobs Farm delivers a lifestyle that feels both timeless and distinctly refined.","The Haven includes a 3 car rear-entry garage providing enhanced curb appeal and opportunity for additional storage. The Haven offers an open, light-filled floor plan featuring two bedrooms on the first floor, a den, and a private, outdoor courtyard. The spacious kitchen includes a large center island offering views to the living and dining rooms. The first-floor owner's suite features an optional sitting room with access to the outdoor courtyard and a large walk-in closet. Other highlights include a den and a first-floor laundry room and mud room. Welcome to the Haven, a large and expansive home.",,Y,Rear,Y,,,2026-04-24T16:22:20.147Z
https://www.epconcommunities.com/find-your-home/communities/kansas/wichita/sedgwick/wichita/the-courtyards-at-jacobs-farm/quick-move-in-homes/14011-barn-owl-lot-13-blk-2,The Courtyards at Jacobs Farm,"14011 Barn Owl, Wichita, KS 67235",Wichita,KS,67235,Sedgwick County,,37.6664,-97.4922,316-368-2828,"Sun, Mon, Wed, Thur, Fri: 1 PM – 5 PM | Tue: Call for Appointment | Sat: 1 PM - 5 PM",https://www.epconcommunities.com,available,Epcon Communities,,,,,,,,,,,,,,,Y,Y,Bedford,Bedford,2,2,2,2,0,2,2,0,1,,1,SFD,1712,1712,,414990,414990,,2024-11-12,,,,,Courtyard: side | Attachment: attached | Garage detached: no | Dining areas: 1 | Bonus suite: N | HERS: 0,,,"The Courtyards at Jacobs Farm is thoughtfully situated on the historic grounds of a more than 100-year-old, 160-acre farm, creating a neighborhood rich in character and natural beauty. Carefully planned to preserve the land’s legacy, the neighborhood is surrounded by multiple lakes and mature native trees that provide a peaceful, scenic backdrop for everyday living. Residents enjoy low-maintenance living paired with an unparalleled collection of lifestyle amenities designed to encourage connection, wellness, and relaxation. Community gathering spaces, walking trails, and resort-style amenities create a true destination neighborhood—one where neighbors connect and daily life feels intentionally elevated. Located in a highly desirable west Wichita setting, Jacobs Farm offers convenient access to shopping, dining, medical facilities, and daily essentials, while maintaining a sense of privacy and retreat. Blending history, natural beauty, and thoughtfully designed living, The Courtyards at Jacobs Farm delivers a lifestyle that feels both timeless and distinctly refined.","The Bedford includes a 2 1/2 car rear-entry garage providing enhanced curb appeal and additional storage space. This home offers a seamless blend of single-level living and a connection to the outdoors with a private, garden courtyard. The spacious kitchen opens to the dining and living rooms so you're never separated from your guests. The first-floor owner's suite is your own private retreat complete with a large walk-in closet. The optional 2nd-level bonus suite provides the perfect space for family or friends. The Bedford includes a 2.5 car rear-entry garage providing curb appeal and additional storage space.",,Y,Rear,Y,,,2026-04-29T17:59:38.145Z
https://www.epconcommunities.com/find-your-home/communities/kansas/wichita/sedgwick/wichita/the-courtyards-at-jacobs-farm/quick-move-in-homes/14007-barn-owl-lot-14blk-2,The Courtyards at Jacobs Farm,"14007 Barn Owl, Wichita, KS 67235",Wichita,KS,67235,Sedgwick County,,37.6664,-97.4922,316-368-2828,"Sun, Mon, Wed, Thur, Fri: 1 PM – 5 PM | Tue: Call for Appointment | Sat: 1 PM - 5 PM",https://www.epconcommunities.com,available,Epcon Communities,,,,,,,,,,,,,,,Y,Y,Haven,Haven,3,3,2,2,0,2,2,0,1,,1,SFD,2079,2079,,529990,529990,,2024-11-10,,,,,Courtyard: side | Attachment: attached | Garage detached: not_applicable | Dining areas: 0 | Bonus suite: N | HERS: 0,,,"The Courtyards at Jacobs Farm is thoughtfully situated on the historic grounds of a more than 100-year-old, 160-acre farm, creating a neighborhood rich in character and natural beauty. Carefully planned to preserve the land’s legacy, the neighborhood is surrounded by multiple lakes and mature native trees that provide a peaceful, scenic backdrop for everyday living. Residents enjoy low-maintenance living paired with an unparalleled collection of lifestyle amenities designed to encourage connection, wellness, and relaxation. Community gathering spaces, walking trails, and resort-style amenities create a true destination neighborhood—one where neighbors connect and daily life feels intentionally elevated. Located in a highly desirable west Wichita setting, Jacobs Farm offers convenient access to shopping, dining, medical facilities, and daily essentials, while maintaining a sense of privacy and retreat. Blending history, natural beauty, and thoughtfully designed living, The Courtyards at Jacobs Farm delivers a lifestyle that feels both timeless and distinctly refined.","The Haven includes a 3 car rear-entry garage providing enhanced curb appeal and opportunity for additional storage. The Haven offers an open, light-filled floor plan featuring two bedrooms on the first floor, a den, and a private, outdoor courtyard. The spacious kitchen includes a large center island offering views to the living and dining rooms. The first-floor owner's suite features an optional sitting room with access to the outdoor courtyard and a large walk-in closet. Other highlights include a den and a first-floor laundry room and mud room. Welcome to the Haven, a large and expansive home.",,Y,Rear,Y,,,2026-04-29T17:58:45.123Z
https://www.epconcommunities.com/find-your-home/communities/kansas/wichita/sedgwick/wichita/the-courtyards-at-jacobs-farm/quick-move-in-homes/13926-barn-owl-lot-19-blk-1,The Courtyards at Jacobs Farm,"13926 Barn Owl, Wichita, KS 67235",Wichita,KS,67235,Sedgwick County,,37.6664,-97.4922,316-368-2828,"Sun, Mon, Wed, Thur, Fri: 1 PM – 5 PM | Tue: Call for Appointment | Sat: 1 PM - 5 PM",https://www.epconcommunities.com,contract_pending,Epcon Communities,,,,,,,,,,,,,,,Y,Y,Torino,Torino,2,2,2,2,0,2,2,0,1,,1,SFD,2171,2171,,526000,526000,,2024-11-21,,,,,Courtyard: rear | Attachment: attached | Garage detached: no | Dining areas: 0 | Bonus suite: N | HERS: 0,,,"The Courtyards at Jacobs Farm is thoughtfully situated on the historic grounds of a more than 100-year-old, 160-acre farm, creating a neighborhood rich in character and natural beauty. Carefully planned to preserve the land’s legacy, the neighborhood is surrounded by multiple lakes and mature native trees that provide a peaceful, scenic backdrop for everyday living. Residents enjoy low-maintenance living paired with an unparalleled collection of lifestyle amenities designed to encourage connection, wellness, and relaxation. Community gathering spaces, walking trails, and resort-style amenities create a true destination neighborhood—one where neighbors connect and daily life feels intentionally elevated. Located in a highly desirable west Wichita setting, Jacobs Farm offers convenient access to shopping, dining, medical facilities, and daily essentials, while maintaining a sense of privacy and retreat. Blending history, natural beauty, and thoughtfully designed living, The Courtyards at Jacobs Farm delivers a lifestyle that feels both timeless and distinctly refined.","The Torino is an incredible, expansive home with features built to your exact specifications. With plenty of room for your oversized sofas, large dining room table, and room to spare, this elegant and wide open home allows you to easily and comfortably host friends and family. When you desire a home that can be built to satisfy your entertaining lifestyle, but also keep you in mind with the addition of thoughtfully-planned privacy features, look no further than the Torino. Relax in peace and enjoy the view of the private courtyard Enjoy your delightful owner’s suite with a custom walk-in shower and double sinks with granite counters Welcome your guests in grand fashion thanks to the special front entry porch Like the rest of the home, the gourmet kitchen offers plenty of room, making it the ideal place to have a quick meal or prepare a grand feast for family and friends. An optional bonus suite adds even greater flexibility and comfort for those dear guests that come to visit. For those who believe that the home is where the heart is, rejoice with the Torino. The Torino is an incredible, expansive home with features built to your exact specifications.",,Y,Front,Y,,,2026-04-24T16:21:32.042Z
https://www.epconcommunities.com/find-your-home/communities/kansas/wichita/sedgwick/wichita/the-courtyards-at-jacobs-farm/quick-move-in-homes/13917-barn-owl-lot-9-blk-2,The Courtyards at Jacobs Farm,"13917 Barn Owl, Wichita, KS 67235",Wichita,KS,67235,Sedgwick County,,37.6664,-97.4922,316-368-2828,"Sun, Mon, Wed, Thur, Fri: 1 PM – 5 PM | Tue: Call for Appointment | Sat: 1 PM - 5 PM",https://www.epconcommunities.com,available,Epcon Communities,,,,,,,,,,,,,,,Y,Y,Haven,Haven,2,2,2,2,0,2,2,0,1,,1,SFD,2079,2079,,499490,499490,,2024-11-14,,,,,Courtyard: side | Attachment: attached | Garage detached: no | Dining areas: 0 | Bonus suite: N | HERS: 0,,,"The Courtyards at Jacobs Farm is thoughtfully situated on the historic grounds of a more than 100-year-old, 160-acre farm, creating a neighborhood rich in character and natural beauty. Carefully planned to preserve the land’s legacy, the neighborhood is surrounded by multiple lakes and mature native trees that provide a peaceful, scenic backdrop for everyday living. Residents enjoy low-maintenance living paired with an unparalleled collection of lifestyle amenities designed to encourage connection, wellness, and relaxation. Community gathering spaces, walking trails, and resort-style amenities create a true destination neighborhood—one where neighbors connect and daily life feels intentionally elevated. Located in a highly desirable west Wichita setting, Jacobs Farm offers convenient access to shopping, dining, medical facilities, and daily essentials, while maintaining a sense of privacy and retreat. Blending history, natural beauty, and thoughtfully designed living, The Courtyards at Jacobs Farm delivers a lifestyle that feels both timeless and distinctly refined.","The Haven includes a 2 rear-entry garage providing enhanced curb appeal and opportunity for additional storage. The Haven offers an open, light-filled floor plan featuring two bedrooms on the first floor, a den, and a private, outdoor courtyard. The spacious kitchen includes a large center island offering views to the living and dining rooms. The first-floor owner's suite features an optional sitting room with access to the outdoor courtyard and a large walk-in closet. Other highlights include a den and a first-floor laundry room and mud room. Welcome to the Haven, a large and expansive home.",,Y,Rear,Y,,,2026-04-29T17:58:15.668Z
https://www.epconcommunities.com/find-your-home/communities/kansas/wichita/sedgwick/wichita/the-courtyards-at-jacobs-farm/quick-move-in-homes/13913-barn-owl-st-lot-6-blk-2,The Courtyards at Jacobs Farm,"13913 Barn Owl St, Wichita, KS 67235",Wichita,KS,67235,Sedgwick County,,37.6939,-97.5035,316-368-2828,"Sun, Mon, Wed, Thur, Fri: 1 PM – 5 PM | Tue: Call for Appointment | Sat: 1 PM - 5 PM",https://www.epconcommunities.com,contract_pending,Epcon Communities,,,,,,,,,,,,,,,Y,Y,Bedford,Bedford,3,3,2,2,0,2,2,0,1,,1,SFD,1860,1860,,471000,471000,,2024-11-12,,,,,Courtyard: side | Attachment: attached | Garage detached: no | Dining areas: 0 | Bonus suite: N | HERS: 0,,,"The Courtyards at Jacobs Farm is thoughtfully situated on the historic grounds of a more than 100-year-old, 160-acre farm, creating a neighborhood rich in character and natural beauty. Carefully planned to preserve the land’s legacy, the neighborhood is surrounded by multiple lakes and mature native trees that provide a peaceful, scenic backdrop for everyday living. Residents enjoy low-maintenance living paired with an unparalleled collection of lifestyle amenities designed to encourage connection, wellness, and relaxation. Community gathering spaces, walking trails, and resort-style amenities create a true destination neighborhood—one where neighbors connect and daily life feels intentionally elevated. Located in a highly desirable west Wichita setting, Jacobs Farm offers convenient access to shopping, dining, medical facilities, and daily essentials, while maintaining a sense of privacy and retreat. Blending history, natural beauty, and thoughtfully designed living, The Courtyards at Jacobs Farm delivers a lifestyle that feels both timeless and distinctly refined.","The Bedford includes a 2 1/2 car rear-entry garage providing enhanced curb appeal and additional storage space. This home offers a seamless blend of single-level living and a connection to the outdoors with a private, garden courtyard. The spacious kitchen opens to the dining and living rooms so you're never separated from your guests. The first-floor owner's suite is your own private retreat complete with a large walk-in closet. The optional 2nd-level bonus suite provides the perfect space for family or friends. The Bedford includes a 2.5 car rear-entry garage providing curb appeal and additional storage space.",,Y,Rear,Y,,,2026-03-16T14:02:36.983Z
https://www.epconcommunities.com/find-your-home/communities/kansas/wichita/sedgwick/wichita/the-courtyards-at-jacobs-farm/quick-move-in-homes/13909-barn-owl-lot-7-blk-2,The Courtyards at Jacobs Farm,"13909 Barn Owl, Wichita, KS 67235",Wichita,KS,67235,Sedgwick County,,37.6664,-97.4922,316-368-2828,"Sun, Mon, Wed, Thur, Fri: 1 PM – 5 PM | Tue: Call for Appointment | Sat: 1 PM - 5 PM",https://www.epconcommunities.com,available,Epcon Communities,,,,,,,,,,,,,,,Y,Y,Haven,Haven,2,2,2,2,0,2,2,0,1,,1,SFD,2079,2079,,479490,479490,,2024-11-12,,,,,Courtyard: side | Attachment: attached | Garage detached: not_applicable | Dining areas: 0 | Bonus suite: N | HERS: 0,,,"The Courtyards at Jacobs Farm is thoughtfully situated on the historic grounds of a more than 100-year-old, 160-acre farm, creating a neighborhood rich in character and natural beauty. Carefully planned to preserve the land’s legacy, the neighborhood is surrounded by multiple lakes and mature native trees that provide a peaceful, scenic backdrop for everyday living. Residents enjoy low-maintenance living paired with an unparalleled collection of lifestyle amenities designed to encourage connection, wellness, and relaxation. Community gathering spaces, walking trails, and resort-style amenities create a true destination neighborhood—one where neighbors connect and daily life feels intentionally elevated. Located in a highly desirable west Wichita setting, Jacobs Farm offers convenient access to shopping, dining, medical facilities, and daily essentials, while maintaining a sense of privacy and retreat. Blending history, natural beauty, and thoughtfully designed living, The Courtyards at Jacobs Farm delivers a lifestyle that feels both timeless and distinctly refined.","The Haven includes a 2 1/2 rear-entry garage providing enhanced curb appeal and opportunity for additional storage. The Haven offers an open, light-filled floor plan featuring two bedrooms on the first floor, a den, and a private, outdoor courtyard. The spacious kitchen includes a large center island offering views to the living and dining rooms. The first-floor owner's suite features an optional sitting room with access to the outdoor courtyard and a large walk-in closet. Other highlights include a den and a first-floor laundry room and mud room. Welcome to the Haven, a large and expansive home.",,Y,Rear,Y,,,2026-04-29T17:57:47.274Z
https://www.epconcommunities.com/find-your-home/communities/kansas/wichita/sedgwick/wichita/the-courtyards-at-jacobs-farm/quick-move-in-homes/13807-w-barn-owl-st-lot-1-blk-2,The Courtyards at Jacobs Farm,"13807 W Barn Owl St, Wichita, KS 67235",Wichita,KS,67235,Sedgwick County,,37.6664,-97.4922,316-368-2828,"Sun, Mon, Wed, Thur, Fri: 1 PM – 5 PM | Tue: Call for Appointment | Sat: 1 PM - 5 PM",https://www.epconcommunities.com,contract_pending,Epcon Communities,,,,,,,,,,,,,,,Y,Y,Acadia Plus - Perfection Builders,Acadia Plus - Perfection Builders,3,3,2,2,0,2,2,0,1,,1,SFD,1456,1456,,387000,387000,,2025-05-12,,,,,Courtyard: side | Attachment: attached | Garage detached: not_applicable | Dining areas: 1 | Bonus suite: N | HERS: 0,,,"The Courtyards at Jacobs Farm is thoughtfully situated on the historic grounds of a more than 100-year-old, 160-acre farm, creating a neighborhood rich in character and natural beauty. Carefully planned to preserve the land’s legacy, the neighborhood is surrounded by multiple lakes and mature native trees that provide a peaceful, scenic backdrop for everyday living. Residents enjoy low-maintenance living paired with an unparalleled collection of lifestyle amenities designed to encourage connection, wellness, and relaxation. Community gathering spaces, walking trails, and resort-style amenities create a true destination neighborhood—one where neighbors connect and daily life feels intentionally elevated. Located in a highly desirable west Wichita setting, Jacobs Farm offers convenient access to shopping, dining, medical facilities, and daily essentials, while maintaining a sense of privacy and retreat. Blending history, natural beauty, and thoughtfully designed living, The Courtyards at Jacobs Farm delivers a lifestyle that feels both timeless and distinctly refined.",The Acadia Plus offers two bedrooms and plenty of space for guests. The first-floor owner's suite features a large walk-in closet with beautiful views of the courtyard.,,Y,Rear,Y,,,2026-03-16T14:02:11.887Z
https://www.epconcommunities.com/find-your-home/communities/kansas/wichita/butler/andover/the-courtyards-at-the-heritage/quick-move-in-homes/727-lexington-lot-13-blk-2,The Courtyards at The Heritage,"727 Lexington, Andover, KS 67002",Andover,KS,67002,Butler County,,38.0406,-84.5037,316-844-7735,"Sun, Mon, Wed, Thur, Fri: 1 PM – 5 PM | Tue: Call for Appointment | Sat: 1 PM - 5 PM",https://www.epconcommunities.com,available,Epcon Communities,,,,,,,,,,,,,,,Y,Y,Promenade III,Promenade III,3,3,2,2,0,2,2,0,1,,1,SFD,2158,2158,,499000,499000,,2024-07-26,,,,,Courtyard: side | Attachment: detached | Garage detached: not_applicable | Dining areas: 1 | Bonus suite: N | HERS: 0,,,"Located in the heart of Andover, The Courtyards at The Heritage offers a refined, low-maintenance lifestyle in a setting designed for comfort, connection, and everyday ease. This thoughtfully planned neighborhood features beautifully designed homes with private courtyards and inviting streetscapes that create a welcoming, neighborhood feel. Residents enjoy low-maintenance living paired with lifestyle-focused amenities that encourage both relaxation and activity. The community clubhouse provides a space to gather with friends, family and neighbors, while amenities such as a pool, fitness center, and pickleball courts offer opportunities to stay active and engaged. With less time spent on upkeep and maintenance, Homeowners can focus on their travel, hobbies, and time spent with new friends. Conveniently located near shopping, dining, medical services, and everyday essentials, with easy access to major roadways, The Courtyards at The Heritage blends thoughtful design, modern convenience, and an elevated neighborhood lifestyle in a setting that feels both connected and comfortably private.","Welcome to the Promenade III, one of our largest and most spectacular homes. The Promenade III is an elegant, open home with plenty of room for your oversized sofas and dining room furniture. The gourmet kitchen with center island and walk-in pantry make it the ideal place to have a quick meal or prepare a grand feast for family and friends. An optional bonus suite adds flexibility and comfort for guests that visit. Relax in the secluded den or the private courtyard Relish in the spacious owner's suite Easily corral your belongings in the mudroom and additional storage space This expertly designed wide open home allows you to easily and comfortably host friends and family and steal away to enjoy a moment of peaceful privacy. For those who believe that the home is where the heart is, rejoice with the Promenade III.",,Y,Front,Y,,,2026-02-20T21:59:21.657Z
https://www.epconcommunities.com/find-your-home/communities/kansas/wichita/butler/andover/the-courtyards-at-the-heritage/quick-move-in-homes/727-lexington-ln-lot-13-blk-2,The Courtyards at The Heritage,"727 Lexington Ln, Andover, KS 67002",Andover,KS,67002,Butler County,,37.6846,-97.1284,316-844-7735,"Sun, Mon, Wed, Thur, Fri: 1 PM – 5 PM | Tue: Call for Appointment | Sat: 1 PM - 5 PM",https://www.epconcommunities.com,available,Epcon Communities,,,,,,,,,,,,,,,Y,Y,Promenade III,Promenade III,3,3,2,2,0,2,2,0,0,,0,SFD,2158,2158,,499990,499990,,2026-04-29,,,,,Courtyard: side | Attachment: detached | Garage detached: not_applicable | Dining areas: 1 | Bonus suite: N | HERS: 0,,,"Located in the heart of Andover, The Courtyards at The Heritage offers a refined, low-maintenance lifestyle in a setting designed for comfort, connection, and everyday ease. This thoughtfully planned neighborhood features beautifully designed homes with private courtyards and inviting streetscapes that create a welcoming, neighborhood feel. Residents enjoy low-maintenance living paired with lifestyle-focused amenities that encourage both relaxation and activity. The community clubhouse provides a space to gather with friends, family and neighbors, while amenities such as a pool, fitness center, and pickleball courts offer opportunities to stay active and engaged. With less time spent on upkeep and maintenance, Homeowners can focus on their travel, hobbies, and time spent with new friends. Conveniently located near shopping, dining, medical services, and everyday essentials, with easy access to major roadways, The Courtyards at The Heritage blends thoughtful design, modern convenience, and an elevated neighborhood lifestyle in a setting that feels both connected and comfortably private.","Welcome to the Promenade III, one of our largest and most spectacular homes. The Promenade III is an elegant, open home with plenty of room for your oversized sofas and dining room furniture. The gourmet kitchen with center island and walk-in pantry make it the ideal place to have a quick meal or prepare a grand feast for family and friends. An optional bonus suite adds flexibility and comfort for guests that visit. Relax in the secluded den or the private courtyard Relish in the spacious owner's suite Easily corral your belongings in the mudroom and additional storage space This expertly designed wide open home allows you to easily and comfortably host friends and family and steal away to enjoy a moment of peaceful privacy. For those who believe that the home is where the heart is, rejoice with the Promenade III.",,Y,Front,Y,,,2026-04-29T18:16:55.786Z
https://www.epconcommunities.com/find-your-home/communities/kansas/wichita/butler/andover/the-courtyards-at-the-heritage/quick-move-in-homes/207-s-legacy-way-lot-2-blk-2,The Courtyards at The Heritage,"207 S Legacy Way, Andover, KS 67002",Andover,KS,67002,Butler County,,37.6815,-97.1294,316-844-7735,"Sun, Mon, Wed, Thur, Fri: 1 PM – 5 PM | Tue: Call for Appointment | Sat: 1 PM - 5 PM",https://www.epconcommunities.com,sold,Epcon Communities,,,,,,,,,,,,,,,Y,Y,Capri IV,Capri IV,2,2,2,2,0,2,2,0,0,,0,SFD,1429,1429,,388213,388213,,2025-11-06,,,,,Courtyard: rear | Attachment: detached | Garage detached: not_applicable | Dining areas: 0 | Bonus suite: N | HERS: 0,,,"Located in the heart of Andover, The Courtyards at The Heritage offers a refined, low-maintenance lifestyle in a setting designed for comfort, connection, and everyday ease. This thoughtfully planned neighborhood features beautifully designed homes with private courtyards and inviting streetscapes that create a welcoming, neighborhood feel. Residents enjoy low-maintenance living paired with lifestyle-focused amenities that encourage both relaxation and activity. The community clubhouse provides a space to gather with friends, family and neighbors, while amenities such as a pool, fitness center, and pickleball courts offer opportunities to stay active and engaged. With less time spent on upkeep and maintenance, Homeowners can focus on their travel, hobbies, and time spent with new friends. Conveniently located near shopping, dining, medical services, and everyday essentials, with easy access to major roadways, The Courtyards at The Heritage blends thoughtful design, modern convenience, and an elevated neighborhood lifestyle in a setting that feels both connected and comfortably private.","With an updated spin on previous Capri models, The Capri IV provides even more flexibility, functionality and additional space to fit your needs. Complete with multiple large bedrooms and flexible living rooms, The Capri IV allows you to live your lifestyle without limits. Choose from multiple outdoor living space layouts to maximize your private courtyard Host guests in the large extra room, separated from the Owner’s suite for additional privacy Cook in style in the gourmet kitchen with an open view to the dining and family rooms Regardless of the extra amenities you choose, The Capri IV is a true single-level, open architecture home that makes efficient use of space and channels natural light. Thanks to its flexibility and elegance, The Capri IV is the perfect fit for all personalities and lifestyles.",,Y,Front,Y,,,2026-04-24T16:28:15.414Z
https://www.epconcommunities.com/find-your-home/communities/kansas/wichita/butler/andover/the-courtyards-at-the-heritage/quick-move-in-homes/205-heritage-way-lot-2-blk-3,The Courtyards at The Heritage,"205 Heritage Way, Andover, KS 67002",Andover,KS,67002,Butler County,,37.7004,-97.1144,316-844-7735,"Sun, Mon, Wed, Thur, Fri: 1 PM – 5 PM | Tue: Call for Appointment | Sat: 1 PM - 5 PM",https://www.epconcommunities.com,available,Epcon Communities,,,,,,,,,,,,,,,Y,Y,Torino II,Torino II,2,2,2,2,0,2,2,0,1,,1,SFD,2035,2035,,484590,484590,,2024-07-25,,,,,Courtyard: rear | Attachment: detached | Garage detached: not_applicable | Dining areas: 1 | Bonus suite: N | HERS: 0,,,"Located in the heart of Andover, The Courtyards at The Heritage offers a refined, low-maintenance lifestyle in a setting designed for comfort, connection, and everyday ease. This thoughtfully planned neighborhood features beautifully designed homes with private courtyards and inviting streetscapes that create a welcoming, neighborhood feel. Residents enjoy low-maintenance living paired with lifestyle-focused amenities that encourage both relaxation and activity. The community clubhouse provides a space to gather with friends, family and neighbors, while amenities such as a pool, fitness center, and pickleball courts offer opportunities to stay active and engaged. With less time spent on upkeep and maintenance, Homeowners can focus on their travel, hobbies, and time spent with new friends. Conveniently located near shopping, dining, medical services, and everyday essentials, with easy access to major roadways, The Courtyards at The Heritage blends thoughtful design, modern convenience, and an elevated neighborhood lifestyle in a setting that feels both connected and comfortably private.","The Torino is an incredible, expansive home with features built to your exact specifications. With plenty of room for your oversized sofas, large dining room table, and room to spare, this elegant and wide open home allows you to easily and comfortably host friends and family. When you desire a home that can be built to to satisfy your entertaining lifestyle, but also keep you in mind with the addition of thoughtfully-planned privacy features, look no further than the Torino. Relax in peace and enjoy the view of the private courtyard Enjoy your delightful owner’s suite with a custom walk-in shower and double sinks with granite counters Welcome your guests in grand fashion thanks to the special front entry porch Like the rest of the home, the gourmet kitchen offers plenty of room, making it the ideal place to have a quick meal or prepare a grand feast for family and friends. An optional bonus suite adds even greater flexibility and comfort for those dear guests that come to visit. For those who believe that the home is where the heart is, rejoice with the Torino.",,Y,Front,Y,,,2026-04-29T18:05:37.869Z
https://www.epconcommunities.com/find-your-home/communities/kansas/wichita/butler/andover/the-courtyards-at-the-heritage/quick-move-in-homes/201-s-heritage-way-lot-2-blk-3,The Courtyards at The Heritage,"201 S Heritage Way, Andover, KS 67002",Andover,KS,67002,Butler County,,37.6842,-97.1285,316-844-7735,"Sun, Mon, Wed, Thur, Fri: 1 PM – 5 PM | Tue: Call for Appointment | Sat: 1 PM - 5 PM",https://www.epconcommunities.com,available,Epcon Communities,,,,,,,,,,,,,,,Y,Y,Verona,Verona,2,2,2,2,0,2,2,0,0,,0,SFD,2248,2248,,624990,624990,,2025-05-31,,,,,Courtyard: rear | Attachment: detached | Garage detached: not_applicable | Dining areas: 1 | Bonus suite: N | HERS: 0,,,"Located in the heart of Andover, The Courtyards at The Heritage offers a refined, low-maintenance lifestyle in a setting designed for comfort, connection, and everyday ease. This thoughtfully planned neighborhood features beautifully designed homes with private courtyards and inviting streetscapes that create a welcoming, neighborhood feel. Residents enjoy low-maintenance living paired with lifestyle-focused amenities that encourage both relaxation and activity. The community clubhouse provides a space to gather with friends, family and neighbors, while amenities such as a pool, fitness center, and pickleball courts offer opportunities to stay active and engaged. With less time spent on upkeep and maintenance, Homeowners can focus on their travel, hobbies, and time spent with new friends. Conveniently located near shopping, dining, medical services, and everyday essentials, with easy access to major roadways, The Courtyards at The Heritage blends thoughtful design, modern convenience, and an elevated neighborhood lifestyle in a setting that feels both connected and comfortably private.","In the Verona, everything is exactly where you want it. An integrated living space provides the room you want with the flexibility you need. Two bedrooms, two bathrooms, a den, and an optional bonus suite enable you to grow into your new home without the fuss and frustration of conventional homes. Invite guests into your home with a welcoming front porch and large entry foyer Enjoy an intuitive floor plan that makes entertaining easy and relaxing a breeze Experience the satisfaction of having smart storage features always within reach From preparing delicious meals in the modern kitchen to entertaining your closest friends in the open living room, you will enjoy life’s everyday moments in a comfort you have never known before. When you desire a home to feature the finest, look no further than the Verona.",,Y,Front,Y,,,2026-04-29T18:05:05.920Z
https://www.epconcommunities.com/find-your-home/communities/kansas/wichita/butler/andover/the-courtyards-at-cornerstone/quick-move-in-homes/328-pepper-tree-lot-6-blk-3,The Courtyards at Cornerstone,"328 Pepper Tree, Andover, KS 67002",Andover,KS,67002,Butler County,,37.7237,-97.1379,316-202-9689,"Sun, Mon, Wed, Thur, Fri: 1 PM – 5 PM | Tue: Call for Appointment | Sat: 1 PM - 5 PM",https://www.epconcommunities.com,available,Epcon Communities,,,,,,,,,,,,,,,Y,Y,Clay,Clay,2,2,2,2,0,2,2,0,0,,0,SFD,1846,1846,,429990,429990,,2023-11-21,,,,,Courtyard: side | Attachment: detached | Garage detached: no | Dining areas: 0 | Bonus suite: N | HERS: 0,,,"Located in the coveted north Andover area and surrounded by established, upscale neighborhoods, The Courtyards at Cornerstone offers an elevated, low-maintenance lifestyle designed for those who appreciate thoughtful design and everyday ease. This beautifully planned neighborhood features manicured streetscapes and private courtyards that create a refined sense of retreat while remaining close to modern conveniences. Residents enjoy a lifestyle enriched by amenity-driven living. The neighborhood clubhouse provides an inviting setting for gathering and connection, while the resort-style pool and pickleball courts offer opportunities to unwind, stay active, and enjoy time outdoors. With low-maintenance living freeing you from routine upkeep, there’s more time for travel, hobbies, and life well lived. Ideally located near shopping, dining, medical services, and major highways, The Courtyards at Cornerstone blends luxury, comfort, and convenience in a setting that feels both private and effortlessly connected.","The Clay includes a 2 1/2 car rear-entry garage providing enhanced curb appeal and opportunity for additional storage space. With two bedrooms on the first floor, a den and a third bedroom upstairs in the optional bonus suite, you'll have plenty of space for guests. The den allows for the flexibility of a home office or separate living area. The first-floor owner's suite features a large walk-in closet with beautiful views of the courtyard.",,Y,Front,Y,,,2026-04-29T17:57:00.858Z
https://www.epconcommunities.com/find-your-home/communities/kansas/wichita/butler/andover/the-courtyards-at-cornerstone/quick-move-in-homes/322-pepper-tree-lot-5-blk-3,The Courtyards at Cornerstone,"322 Pepper Tree, Andover, KS 67002",Andover,KS,67002,Butler County,,37.7240,-97.1379,316-202-9689,"Sun, Mon, Wed, Thur, Fri: 1 PM – 5 PM | Tue: Call for Appointment | Sat: 1 PM - 5 PM",https://www.epconcommunities.com,available,Epcon Communities,,,,,,,,,,,,,,,Y,Y,Bedford,Bedford,2,2,2,2,0,2,2,0,1,,1,SFD,1712,1712,,419990,419990,,2023-11-19,,,,,Courtyard: side | Attachment: detached | Garage detached: not_applicable | Dining areas: 0 | Bonus suite: N | HERS: 0,,,"Located in the coveted north Andover area and surrounded by established, upscale neighborhoods, The Courtyards at Cornerstone offers an elevated, low-maintenance lifestyle designed for those who appreciate thoughtful design and everyday ease. This beautifully planned neighborhood features manicured streetscapes and private courtyards that create a refined sense of retreat while remaining close to modern conveniences. Residents enjoy a lifestyle enriched by amenity-driven living. The neighborhood clubhouse provides an inviting setting for gathering and connection, while the resort-style pool and pickleball courts offer opportunities to unwind, stay active, and enjoy time outdoors. With low-maintenance living freeing you from routine upkeep, there’s more time for travel, hobbies, and life well lived. Ideally located near shopping, dining, medical services, and major highways, The Courtyards at Cornerstone blends luxury, comfort, and convenience in a setting that feels both private and effortlessly connected.","The Bedford, part of the Celebration Series, includes a 2 1/2 car rear-entry garage providing enhanced curb appeal and additional storage space. This home offers a seamless blend of single-level living and a connection to the outdoors with a private, garden courtyard. The spacious kitchen opens to the dining and living rooms so you're never separated from your guests. The first-floor owner's suite is your own private retreat complete with a large walk-in closet. The optional 2nd-level bonus suite provides the perfect space for family or friends.",,Y,Front,Y,,,2026-04-29T17:56:28.325Z
https://www.epconcommunities.com/find-your-home/communities/kansas/wichita/butler/andover/the-courtyards-at-cornerstone/quick-move-in-homes/319-boxthorn-dr-lot-5-blk-3,The Courtyards at Cornerstone,"319 Boxthorn Dr, Andover, KS 67002",Andover,KS,67002,Butler County,,37.7004,-97.1144,316-202-9689,"Sun, Mon, Wed, Thur, Fri: 1 PM – 5 PM | Tue: Call for Appointment | Sat: 1 PM - 5 PM",https://www.epconcommunities.com,contract_pending,Epcon Communities,,,,,,,,,,,,,,,Y,Y,Acadia - Perfection Builders,Acadia - Perfection Builders,2,2,2,2,0,2,2,0,1,,1,SFD,1357,1357,,335551,335551,,2025-06-11,,,,,Courtyard: side | Attachment: attached | Garage detached: not_applicable | Dining areas: 0 | Bonus suite: N | HERS: 0,,,"Located in the coveted north Andover area and surrounded by established, upscale neighborhoods, The Courtyards at Cornerstone offers an elevated, low-maintenance lifestyle designed for those who appreciate thoughtful design and everyday ease. This beautifully planned neighborhood features manicured streetscapes and private courtyards that create a refined sense of retreat while remaining close to modern conveniences. Residents enjoy a lifestyle enriched by amenity-driven living. The neighborhood clubhouse provides an inviting setting for gathering and connection, while the resort-style pool and pickleball courts offer opportunities to unwind, stay active, and enjoy time outdoors. With low-maintenance living freeing you from routine upkeep, there’s more time for travel, hobbies, and life well lived. Ideally located near shopping, dining, medical services, and major highways, The Courtyards at Cornerstone blends luxury, comfort, and convenience in a setting that feels both private and effortlessly connected.",The Acadia Plus offers two bedrooms and plenty of space for guests. The first-floor owner's suite features a large walk-in closet with beautiful views of the courtyard.,,Y,Rear,Y,,,2026-03-16T14:03:07.270Z
https://www.epconcommunities.com/find-your-home/communities/kansas/wichita/butler/andover/the-courtyards-at-cornerstone/quick-move-in-homes/318-boxthorn-dr-lot-16-blk-1,The Courtyards at Cornerstone,"318 Boxthorn Dr, Andover, KS 67002",Andover,KS,67002,Butler County,,37.7240,-97.1381,316-202-9689,"Sun, Mon, Wed, Thur, Fri: 1 PM – 5 PM | Tue: Call for Appointment | Sat: 1 PM - 5 PM",https://www.epconcommunities.com,available,Epcon Communities,,,,,,,,,,,,,,,Y,Y,Palazzo,Palazzo,2,2,2,2,0,2,2,0,1,,1,SFD,1822,1822,,403990,403990,,2023-11-20,,,,,Courtyard: side | Attachment: detached | Garage detached: not_applicable | Dining areas: 0 | Bonus suite: N | HERS: 0,,,"Located in the coveted north Andover area and surrounded by established, upscale neighborhoods, The Courtyards at Cornerstone offers an elevated, low-maintenance lifestyle designed for those who appreciate thoughtful design and everyday ease. This beautifully planned neighborhood features manicured streetscapes and private courtyards that create a refined sense of retreat while remaining close to modern conveniences. Residents enjoy a lifestyle enriched by amenity-driven living. The neighborhood clubhouse provides an inviting setting for gathering and connection, while the resort-style pool and pickleball courts offer opportunities to unwind, stay active, and enjoy time outdoors. With low-maintenance living freeing you from routine upkeep, there’s more time for travel, hobbies, and life well lived. Ideally located near shopping, dining, medical services, and major highways, The Courtyards at Cornerstone blends luxury, comfort, and convenience in a setting that feels both private and effortlessly connected.","The Palazzo is revered for its design flexibility, luxurious options, and standard comforts. Possibilities abound from an upstairs bonus suite, walk-in spa shower, private den, restful sitting room, and much more. Take control of your lifestyle with the Palazzo, a contemporary and dynamic home like no other. Choose an extra room that can become a multipurpose sunroom Host guests upstairs in the bonus suite, which includes an optional kitchenette or wet bar Cook in style in the gourmet kitchen designed to accommodate double ovens and more Regardless of the options you choose, the Palazzo is a warm and lively home energized by abundant living space, contemporary amenities, and natural light. Thanks to its flexibility and elegance, the Palazzo is the perfect fit for all personalities and lifestyles.",,Y,Front,Y,,,2026-04-29T17:55:58.925Z
https://www.epconcommunities.com/find-your-home/communities/kansas/wichita/butler/andover/the-courtyards-at-cornerstone/quick-move-in-homes/316-w-pepper-tree-rd-lot-4-blk-2,The Courtyards at Cornerstone,"316 W Pepper Tree Rd., Andover, KS 67002",Andover,KS,67002,Butler County,,37.7249,-97.1378,316-202-9689,"Sun, Mon, Wed, Thur, Fri: 1 PM – 5 PM | Tue: Call for Appointment | Sat: 1 PM - 5 PM",https://www.epconcommunities.com,available,Epcon Communities,,,,,,,,,,,,,,,Y,Y,Haven,Haven,2,2,2,2,0,2,2,0,1,,1,SFD,2054,2054,,479490,479490,,2024-08-11,,,,,Courtyard: side | Attachment: attached | Garage detached: not_applicable | Dining areas: 1 | Bonus suite: N | HERS: 0,,,"Located in the coveted north Andover area and surrounded by established, upscale neighborhoods, The Courtyards at Cornerstone offers an elevated, low-maintenance lifestyle designed for those who appreciate thoughtful design and everyday ease. This beautifully planned neighborhood features manicured streetscapes and private courtyards that create a refined sense of retreat while remaining close to modern conveniences. Residents enjoy a lifestyle enriched by amenity-driven living. The neighborhood clubhouse provides an inviting setting for gathering and connection, while the resort-style pool and pickleball courts offer opportunities to unwind, stay active, and enjoy time outdoors. With low-maintenance living freeing you from routine upkeep, there’s more time for travel, hobbies, and life well lived. Ideally located near shopping, dining, medical services, and major highways, The Courtyards at Cornerstone blends luxury, comfort, and convenience in a setting that feels both private and effortlessly connected.","The Haven, part of the Celebration Series, includes a 2 1/2 rear-entry garage providing enhanced curb appeal and opportunity for additional storage. The Haven offers an open, light-filled floorplan featuring two bedrooms on the first floor, a den, and a private, outdoor courtyard. The spacious kitchen includes a large center island offering views to the living and dining rooms. The first-floor owner's suite features an optional sitting room with access to the outdoor courtyard and a large walk-in closet. Other highlights include a den and a first-floor laundry room and mud room. Welcome to the Haven, the largest and most expansive home in the Celebration Series.",,Y,Rear,Y,,,2026-04-29T17:55:24.890Z
https://www.epconcommunities.com/find-your-home/communities/kansas/wichita/butler/andover/the-courtyards-at-cornerstone/quick-move-in-homes/304-w-pepper-tree-rd-lot-2-blk-2,The Courtyards at Cornerstone,"304 W Pepper Tree Rd., Andover, KS 67002",Andover,KS,67002,Butler County,,37.7249,-97.1374,316-202-9689,"Sun, Mon, Wed, Thur, Fri: 1 PM – 5 PM | Tue: Call for Appointment | Sat: 1 PM - 5 PM",https://www.epconcommunities.com,available,Epcon Communities,,,,,,,,,,,,,,,Y,Y,Haven,Haven,2,2,2,2,0,2,2,0,1,,1,SFD,2054,2054,,514990,514990,,2024-08-11,,,,,Courtyard: side | Attachment: attached | Garage detached: not_applicable | Dining areas: 0 | Bonus suite: N | HERS: 0,,,"Located in the coveted north Andover area and surrounded by established, upscale neighborhoods, The Courtyards at Cornerstone offers an elevated, low-maintenance lifestyle designed for those who appreciate thoughtful design and everyday ease. This beautifully planned neighborhood features manicured streetscapes and private courtyards that create a refined sense of retreat while remaining close to modern conveniences. Residents enjoy a lifestyle enriched by amenity-driven living. The neighborhood clubhouse provides an inviting setting for gathering and connection, while the resort-style pool and pickleball courts offer opportunities to unwind, stay active, and enjoy time outdoors. With low-maintenance living freeing you from routine upkeep, there’s more time for travel, hobbies, and life well lived. Ideally located near shopping, dining, medical services, and major highways, The Courtyards at Cornerstone blends luxury, comfort, and convenience in a setting that feels both private and effortlessly connected.","The Haven, part of the Celebration Series, includes a 2 1/2 rear-entry garage providing enhanced curb appeal and opportunity for additional storage. The Haven offers an open, light-filled floorplan featuring two bedrooms on the first floor, a den, and a private, outdoor courtyard. The spacious kitchen includes a large center island offering views to the living and dining rooms. The first-floor owner's suite features an optional sitting room with access to the outdoor courtyard and a large walk-in closet. Other highlights include a den and a first-floor laundry room and mud room. Welcome to the Haven, the largest and most expansive home in the Celebration Series.",,Y,Rear,Y,,,2026-04-29T17:54:57.167Z
https://www.epconcommunities.com/find-your-home/communities/kansas/wichita/butler/andover/the-courtyards-at-cornerstone/quick-move-in-homes/300-pepper-tree-lot-1-blk-2,The Courtyards at Cornerstone,"300 Pepper Tree, Andover, KS 67002",Andover,KS,67002,Butler County,,37.7239,-97.1365,316-202-9689,"Sun, Mon, Wed, Thur, Fri: 1 PM – 5 PM | Tue: Call for Appointment | Sat: 1 PM - 5 PM",https://www.epconcommunities.com,available,Epcon Communities,,,,,,,,,,,,,,,Y,Y,Bedford,Bedford,2,2,2,2,0,2,2,0,1,,1,SFD,1860,1860,,425000,425000,,2023-11-19,,,,,Courtyard: side | Attachment: detached | Garage detached: not_applicable | Dining areas: 2 | Bonus suite: N | HERS: 0,,,"Located in the coveted north Andover area and surrounded by established, upscale neighborhoods, The Courtyards at Cornerstone offers an elevated, low-maintenance lifestyle designed for those who appreciate thoughtful design and everyday ease. This beautifully planned neighborhood features manicured streetscapes and private courtyards that create a refined sense of retreat while remaining close to modern conveniences. Residents enjoy a lifestyle enriched by amenity-driven living. The neighborhood clubhouse provides an inviting setting for gathering and connection, while the resort-style pool and pickleball courts offer opportunities to unwind, stay active, and enjoy time outdoors. With low-maintenance living freeing you from routine upkeep, there’s more time for travel, hobbies, and life well lived. Ideally located near shopping, dining, medical services, and major highways, The Courtyards at Cornerstone blends luxury, comfort, and convenience in a setting that feels both private and effortlessly connected.","The Bedford, part of the Celebration Series, includes a 2 1/2 car rear-entry garage providing enhanced curb appeal and additional storage space. This home offers a seamless blend of single-level living and a connection to the outdoors with a private, garden courtyard. The spacious kitchen opens to the dining and living rooms so you're never separated from your guests. The first-floor owner's suite is your own private retreat complete with a large walk-in closet. The optional 2nd-level bonus suite provides the perfect space for family or friends.",,Y,Front,Y,,,2026-02-19T16:20:45.923Z
https://www.epconcommunities.com/find-your-home/communities/kansas/wichita/butler/andover/the-courtyards-at-cornerstone/quick-move-in-homes/200-boxthorn-lot-9blk-1,The Courtyards at Cornerstone,"200 Boxthorn, Andover, KS 67002",Andover,KS,67002,Butler County,,37.7004,-97.1144,316-202-9689,"Sun, Mon, Wed, Thur, Fri: 1 PM – 5 PM | Tue: Call for Appointment | Sat: 1 PM - 5 PM",https://www.epconcommunities.com,available,Epcon Communities,,,,,,,,,,,,,,,Y,Y,Verona,Verona,3,3,2,2,0,2,2,0,1,,1,SFD,2250,2250,,679990,679990,,2025-02-16,,,,,Courtyard: rear | Attachment: detached | Garage detached: not_applicable | Dining areas: 0 | Bonus suite: N | HERS: 0,,,"Located in the coveted north Andover area and surrounded by established, upscale neighborhoods, The Courtyards at Cornerstone offers an elevated, low-maintenance lifestyle designed for those who appreciate thoughtful design and everyday ease. This beautifully planned neighborhood features manicured streetscapes and private courtyards that create a refined sense of retreat while remaining close to modern conveniences. Residents enjoy a lifestyle enriched by amenity-driven living. The neighborhood clubhouse provides an inviting setting for gathering and connection, while the resort-style pool and pickleball courts offer opportunities to unwind, stay active, and enjoy time outdoors. With low-maintenance living freeing you from routine upkeep, there’s more time for travel, hobbies, and life well lived. Ideally located near shopping, dining, medical services, and major highways, The Courtyards at Cornerstone blends luxury, comfort, and convenience in a setting that feels both private and effortlessly connected.","In the Verona, everything is exactly where you want it. An integrated living space provides the room you want with the flexibility you need. Two bedrooms, two bathrooms, a den, and an optional bonus suite enable you to grow into your new home without the fuss and frustration of conventional homes. Invite guests into your home with a welcoming front porch and large entry foyer Enjoy an intuitive floor plan that makes entertaining easy and relaxing a breeze Experience the satisfaction of having smart storage features always within reach From preparing delicious meals in the modern kitchen to entertaining your closest friends in the open living room, you will enjoy life’s everyday moments in a comfort you have never known before. When you desire a home to feature the finest, look no further than the Verona. SALES OFFICE",,Y,Front,Y,,,2026-04-29T17:54:13.085Z
https://www.epconcommunities.com/find-your-home/communities/kansas/kansas-city/wyandotte/kansas-city/villas-of-piper-valley/quick-move-in-homes/2919-n-114th-ct-17,Villas of Piper Valley,"2919 N 114th Ct., Kansas City, KS 66109",Kansas City,KS,66109,Wyandotte County,,39.1401,-94.8444,913-395-8629,Mon-Sun: Call for Appointment,https://www.epconcommunities.com,sold,Epcon Communities,,,,,,,,,,,,,,,Y,Y,Portico,Portico,2.5,2.5,3,3,0,3,3,0,1,,1,SFD,2576,2576,,629000,629000,,2025-02-28,,,,,Courtyard: side | Attachment: detached | Garage detached: no | Dining areas: 0 | Bonus suite: N | HERS: 0,,,"Villas of Piper Valley is a 55+ Epcon community located in Kansas City, KS offering luxury patio homes with private courtyards. This community is the only 55+ masterplanned community in the greater Kansas City area offering detached homes! Whether you're looking to build and customize your dream home or purchase one of our newly constructed move in ready homes, we've got you covered! We have a community expert on site several days a week and by appointment!","LOCK IT, LEAVE IT, TRAVEL AND EXPLORE! Welcome to paradise in the heart of a new 55+ active adult community with access to a range of amenities including a clubhouse, fitness studio, walking trails, pickleball courts & social activities designed to enhance your life! This stunning model home offers an exceptional blend of luxury, convenience, and elegance, perfect for those seeking a maintenance-free lifestyle. With 3 bedrooms, 3 bathrooms, a dedicated office, and a versatile walk-out basement, this villa is designed for both comfort and sophistication. With easy access to 435 and KCI International Airport, a quick drive to downtown KCMO, this villa is perfectly located between 4 major hospitals, with plenty of shopping, lots of restaurants and both public & private golf courses. This community is such an incredible hub for spectating with Sporting KC, NASCAR, Monarchs Baseball, Home Field, movie theaters and an epic amphitheater just down the street! If you want to relax & step out of the hustle, the peace and quiet of Wyandotte County Lake and Park provides a 1,500-acre wooded wonder and a 400-acre lake around the corner. Schedule a showing today to experience this close-knit boutique community that encourages ACTIVITY and CONNECTION. New Home Inventory is hard to find in Kansas City and this one is a WINNER! Each Epcon home is carefully designed with uncompromising standards. From award-winning floor plan layouts to state-of-the-art amenities, Epcon homes and communities are the perfect places to entertain friends, relax with family, and cherish time. Custom build your OWN Villa on one of the remaining homesites. Ask the seller how to qualify for a LIFESTYLE LOAN, making it possible for you to BUY NOW and have NO monthly mortgage payments --- EVER! Portico - 3 bed + Den/Office! Fully Finished Basement!",,Y,Front,Y,,,2026-04-02T18:30:11.712Z
https://www.epconcommunities.com/find-your-home/communities/kansas/kansas-city/wyandotte/kansas-city/villas-of-piper-valley/quick-move-in-homes/11471-webster-ave-1,Villas of Piper Valley,"11471 Webster Ave, Kansas City, KS 66109",Kansas City,KS,66109,Wyandotte County,,39.1398,-94.8451,913-395-8629,Mon-Sun: Call for Appointment,https://www.epconcommunities.com,contract_pending,Epcon Communities,,,,,,,,,,,,,,,Y,Y,Palazzo,Palazzo,2.5,2.5,3,2,0,3,2,0,1,,1,SFD,1640,1640,,439950,439950,,2025-02-28,,,,,Courtyard: side | Attachment: detached | Garage detached: not_applicable | Dining areas: 0 | Bonus suite: N | HERS: 0,,,"Villas of Piper Valley is a 55+ Epcon community located in Kansas City, KS offering luxury patio homes with private courtyards. This community is the only 55+ masterplanned community in the greater Kansas City area offering detached homes! Whether you're looking to build and customize your dream home or purchase one of our newly constructed move in ready homes, we've got you covered! We have a community expert on site several days a week and by appointment!","WOW! NEW & READY NOW!!! This maintenance free 3-bedroom 2 bath single family detached villa with 2 1/2 car garage is located in the heart of KCK at The Legends in a 55+ Active Adult Community! This floorplan delivers HUGE value offering excellent space for LIVING your BEST life! Use the space for an office, guest room, game room or studio with tons of natural light ALL on ONE LEVEL! The owner’s suite boasts a HUGE walk-in closet, that also serves as your storm shelter for extra peace of mind with bonus storage and a zero-entry walk-in shower! This home is easy to navigate & fully accessible with tons of kitchen cabinets, full pantry, center island with seating and stylish pendant lighting with awesome courtyard views from your “spacious” dining & hearth room! You will love the bonus sized laundry room with storage nook. The Villas at Piper Valley community is nestled next to a winery right off 115th & Leavenworth Rd, with walking trails and planned clubhouse, fitness center and Pickleball Courts! With arched hallways & elevated finishes you will quickly see why Epcon has been nationally recognized as a trusted builder for over 35 years prior to arriving in KC, giving you confidence of a NEW single-family home where the landscaping is covered as you bridge into a new season of life! Perfectly located between 4 major hospitals and KCI. With access to plenty of shopping, restaurants, public & private golf courses. This is such an incredible hub for LIFE with Sporting KC, NASCAR, Monarchs, Home Field, movie theaters & an amphitheater down the street! If you desire PEACE & QUIET, then Wyandotte County Lake & Park provides a 1,500-acre wooded wonder and a 400-acre lake just around the corner. This premier location is ideal for any active adult and still within arm’s reach of Parkville, Weston, Fort Leavenworth Overland Park & Lawrence! Come and SEE for yourself the VALUE today! Palazzo - 3 Bedroom!",,Y,Front,Y,,,2026-04-02T18:27:03.753Z
https://www.epconcommunities.com/find-your-home/communities/kansas/kansas-city/wyandotte/kansas-city/villas-of-piper-valley/quick-move-in-homes/11465-webster-ave-2,Villas of Piper Valley,"11465 Webster Ave, Kansas City, KS 66109",Kansas City,KS,66109,Wyandotte County,,39.1398,-94.8448,913-395-8629,Mon-Sun: Call for Appointment,https://www.epconcommunities.com,sold,Epcon Communities,,,,,,,,,,,,,,,Y,Y,Portico,Portico,2.5,2.5,3,3,0,3,3,0,2,,2,SFD,2585,2585,,599000,599000,,2025-02-27,,,,,Courtyard: side | Attachment: detached | Garage detached: no | Dining areas: 0 | Bonus suite: N | HERS: 0,,,"Villas of Piper Valley is a 55+ Epcon community located in Kansas City, KS offering luxury patio homes with private courtyards. This community is the only 55+ masterplanned community in the greater Kansas City area offering detached homes! Whether you're looking to build and customize your dream home or purchase one of our newly constructed move in ready homes, we've got you covered! We have a community expert on site several days a week and by appointment!","NOW AVAILABLE for immediate move-in! This stunning PORTICO floorplan (former Model Home) showcases the pinnacle of luxury living—a 3-bedroom, 3-bath villa with dedicated office space and a versatile bonus suite with a wet bar, making it perfect for both everyday living and entertaining guests. The gorgeous courtyard patio perfectly combines elegance and functionality for indoor / outdoor living in the heart of KC at the Legends. Engineered hardwood floors throughout that offer both beauty and durability. The rich, natural tones and smooth finish enhance the home’s aesthetic, adding warmth and elegance. The arched hallways not only enhance the aesthetic appeal but the graceful curves are fully compliant with ADA standards, ensuring they are accessible for all seasons of life. This owner’s suite is set apart luxurious retreat designed for comfort and privacy, featuring a lovely sitting room, spacious closet that doubles as a safe room, and a spa-like bathroom with zero entry walk-in shower! The Villas at Piper Valley is the latest in luxurious, maintenance-free living for active adults aged 55 and older. This community is designed to blend convenience, comfort, and excitement into one exceptional lifestyle with walking trails and planned amenities of a clubhouse, fitness studio and Pickleball Courts. With easy access to 435 and KCI International Airport, a quick drive to downtown KCMO, located between 4 major hospitals, with plenty of shopping, lots of restaurants, public & private golf courses. Spectating hub with Sporting KC, NASCAR, Baseball, movie theaters & amphitheater down the street! If you’d rather relax & step out of the hustle of KCK, the peace and quiet of Wyandotte County Lake & Park provides a 1,500-acre wooded wonder and a 400-acre lake around the corner. This premier location is ideal for any active adult and within arm’s reach of Parkville, Weston, Fort Leavenworth Overland Park & Lawrence! Portico - W/ Additional Bonus Suite + Den!",,Y,Front,Y,,,2026-04-02T18:19:02.315Z
https://www.epconcommunities.com/find-your-home/communities/iowa/des-moines/polk/johnston/the-courtyards-at-windsor/quick-move-in-homes/5839-nw-90th-st-2,The Courtyards at Windsor,"5839 NW 90th St, Johnston, IA 50131",Johnston,IA,50131,Polk County,,41.6667,-93.7385,515-310-4404,Mon: 10am-5pm | Tue: 12pm-5pm | Wed-Fri: 10am-5pm | Sat-Sun: 12pm-5pm,https://www.epconcommunities.com,available,Epcon Communities,,,,,,,,,,,,,,,Y,Y,Promenade,Promenade,2,2,3,3,0,3,3,0,2,,2,SFD,2858,2858,,696900,696900,,2025-03-25,,,,,Courtyard: side | Attachment: attached | Garage detached: no | Dining areas: 0 | Bonus suite: Y | HERS: 0,,,"Welcome to The Courtyards at Windsor, Johnston's prime destination for active adults! Nestled just west of 86th Street and adjacent to Windsor Parkway, our community offers unbeatable convenience. Located in a sought-after neighborhood at the heart of the Des Moines Metro, you'll find yourself surrounded by amenities. With restaurants, shopping areas and easy access to Interstate 80/35 just minutes away, everything you need is within reach. Experience the epitome of luxury living at The Courtyards at Windsor!","Welcome to the pinnacle of modern living in The Courtyards at Windsor — where luxury, comfort, and thoughtful design converge in this brand-new Promenade plan home built by Clarity Construction. No waiting — this exceptional residence is move-in ready! Step inside and be greeted by 2,858 sq ft of beautifully crafted living space designed for both everyday ease and memorable entertaining. Gleaming quartz countertops throughout , double wall ovens , and painted wood cabinetry elevate the heart of the home, while luxury vinyl plank flooring ties the space together in style. Perfectly blending open spaces with intimate retreats, this home’s layout includes 3 spacious bedrooms and 3 full baths , plus a second-level bonus suite — complete with its own living room, full bath, and third bedroom — ideal for guests or multi-purpose living space. Unwind in your private partially covered courtyard patio , a serene outdoor oasis that expands your living space and invites al fresco moments year-round. The sitting room off the master suite offers calming views — your personal retreat at day’s end. Located in a vibrant, active adult community with premium amenities including a clubhouse, swimming pool, fitness center, scenic ponds, and walking trails , this home delivers a lifestyle of comfort, convenience, and connection. This is more than a home — it’s the lifestyle you’ve been dreaming about in one of Johnston’s most desirable settings. The Promenade delivers a grand and elegant living experience","Welcome to The Courtyards at Windsor , a premier 55+ community designed for comfort, convenience, and connection. This low-maintenance neighborhood offers beautifully crafted homes with modern, open-concept designs and private courtyards , creating the perfect blend of indoor and outdoor living. Community Highlights: ✔ Low-Maintenance Homes – Enjoy a worry-free lifestyle with exterior upkeep taken care of. ✔ Private Courtyards – A personal outdoor retreat for relaxation and entertaining. ✔ Spacious, Modern Floor Plans – Thoughtfully designed with high-end finishes. ✔ Prime Location – Close to shopping, dining, and walking trails. ✔ Vibrant Community – Connect with like-minded neighbors in a welcoming environment.",Y,Front,Y,,,2026-01-12T21:27:16.279Z
https://www.epconcommunities.com/find-your-home/communities/iowa/des-moines/polk/johnston/the-courtyards-at-windsor/quick-move-in-homes/5831-nw-90th-street-4,The Courtyards at Windsor,"5831 NW 90th Street, Johnston, IA 50131",Johnston,IA,50131,Polk County,,41.6670,-93.7432,515-310-4404,Mon: 10am-5pm | Tue: 12pm-5pm | Wed-Fri: 10am-5pm | Sat-Sun: 12pm-5pm,https://www.epconcommunities.com,available,Epcon Communities,,,,,,,,,,,,,,,Y,Y,Portico,Portico,2,2,3,2,0,3,2,0,2,,2,SFD,2612,2612,,634990,634990,,2024-01-04,,,,,Courtyard: side | Attachment: detached | Garage detached: not_applicable | Dining areas: 1 | Bonus suite: Y,,,"Welcome to The Courtyards at Windsor, Johnston's prime destination for active adults! Nestled just west of 86th Street and adjacent to Windsor Parkway, our community offers unbeatable convenience. Located in a sought-after neighborhood at the heart of the Des Moines Metro, you'll find yourself surrounded by amenities. With restaurants, shopping areas and easy access to Interstate 80/35 just minutes away, everything you need is within reach. Experience the epitome of luxury living at The Courtyards at Windsor!","Epcon Communities and Clarity Construction, Iowa’s Premier Active Adult Communities, presents the Portico in The Courtyards at Windsor. A Spacious 3 BD, 3 BA Home in a Vibrant 55+ Community. This stunning 2,612 sqft home offers three bedrooms and three baths, perfect for those who love space and comfort. This Luxurious Open-Concept Layout floorplan is is loaded with upgrades including Quartz counters throughout, luxury vinyl plank flooring, plumbing and lighting fixture packages, Deluxe Kitchen layout with upgraded painted wood cabinetry, double wall ovens, and much more. The open-concept layout includes a Signature Courtyard, creating a private outdoor oasis, ideal for outdoor living and entertaining. Nestled in a sought-after 55+ active adult community, enjoy access to a luxurious clubhouse complete with a pool, modern gym, and bocce ball courts. This home provides the perfect blend of elegance, low-maintenance living, and an active, social lifestyle! Luxury Meets Simplicity in the Beautifully Designed Portico Home","Welcome to The Courtyards at Windsor , a premier 55+ community designed for comfort, convenience, and connection. This low-maintenance neighborhood offers beautifully crafted homes with modern, open-concept designs and private courtyards , creating the perfect blend of indoor and outdoor living. Community Highlights: ✔ Low-Maintenance Homes – Enjoy a worry-free lifestyle with exterior upkeep taken care of. ✔ Private Courtyards – A personal outdoor retreat for relaxation and entertaining. ✔ Spacious, Modern Floor Plans – Thoughtfully designed with high-end finishes. ✔ Prime Location – Close to shopping, dining, and walking trails. ✔ Vibrant Community – Connect with like-minded neighbors in a welcoming environment.",Y,Front,Y,,,2026-01-12T21:44:26.558Z
https://www.epconcommunities.com/find-your-home/communities/iowa/des-moines/polk/johnston/the-courtyards-at-windsor/quick-move-in-homes/5823-nw-90th-street-6,The Courtyards at Windsor,"5823 NW 90th Street, Johnston, IA 50131",Johnston,IA,50131,Polk County,,41.6667,-93.7440,515-310-4404,Mon: 10am-5pm | Tue: 12pm-5pm | Wed-Fri: 10am-5pm | Sat-Sun: 12pm-5pm,https://www.epconcommunities.com,available,Epcon Communities,,,,,,,,,,,,,,,Y,Y,Promenade,Promenade,2,2,3,3,0,3,3,0,2,,2,SFD,2858,2858,,647990,647990,,2024-01-03,,,,,Courtyard: side | Attachment: attached | Garage detached: not_applicable | Dining areas: 1 | Bonus suite: Y | HERS: 0,,,"Welcome to The Courtyards at Windsor, Johnston's prime destination for active adults! Nestled just west of 86th Street and adjacent to Windsor Parkway, our community offers unbeatable convenience. Located in a sought-after neighborhood at the heart of the Des Moines Metro, you'll find yourself surrounded by amenities. With restaurants, shopping areas and easy access to Interstate 80/35 just minutes away, everything you need is within reach. Experience the epitome of luxury living at The Courtyards at Windsor!","Experience elevated living in this upgraded Promenade floor plan, thoughtfully designed with high-end finishes throughout. Enjoy quartz countertops, luxury vinyl plank flooring, and designer lighting and plumbing fixtures that bring a refined touch to every space. The gourmet kitchen is a true showpiece, featuring painted wood cabinetry, double wall ovens, and an open-concept layout perfect for entertaining. A private second-level bonus suite offers a spacious living area, full bath, and third bedroom—ideal for guests or a secluded retreat. The primary suite is a serene escape, complete with a cozy sitting area overlooking the private courtyard patio. Step outside to your partially covered courtyard, perfect for relaxing or hosting in a peaceful, private setting. Located in a low-maintenance, amenity-rich community, residents enjoy lawn care, snow removal, and access to a clubhouse, pool, fitness center, walking trails, and scenic ponds. Currently under construction with anticipated completion in late 2023. A Grand and Elegant Living Experience","Welcome to The Courtyards at Windsor , a premier 55+ community designed for comfort, convenience, and connection. This low-maintenance neighborhood offers beautifully crafted homes with modern, open-concept designs and private courtyards , creating the perfect blend of indoor and outdoor living. Community Highlights: ✔ Low-Maintenance Homes – Enjoy a worry-free lifestyle with exterior upkeep taken care of. ✔ Private Courtyards – A personal outdoor retreat for relaxation and entertaining. ✔ Spacious, Modern Floor Plans – Thoughtfully designed with high-end finishes. ✔ Prime Location – Close to shopping, dining, and walking trails. ✔ Vibrant Community – Connect with like-minded neighbors in a welcoming environment.",Y,Front,Y,,,2026-03-20T18:47:46.490Z
https://www.epconcommunities.com/find-your-home/communities/iowa/des-moines/polk/johnston/the-courtyards-at-windsor/quick-move-in-homes/5814-nw-90th-st-78,The Courtyards at Windsor,"5814 NW 90th St, Johnston, IA 50131",Johnston,IA,50131,Polk County,,41.6667,-93.7385,515-310-4404,Mon: 10am-5pm | Tue: 12pm-5pm | Wed-Fri: 10am-5pm | Sat-Sun: 12pm-5pm,https://www.epconcommunities.com,available,Epcon Communities,,,,,,,,,,,,,,,Y,Y,Palazzo,Palazzo,2,2,2,2,0,2,2,0,1,,1,SFD,1511,1511,,463000,463000,,2025-10-12,,,,,Courtyard: side | Attachment: attached | Garage detached: not_applicable | Dining areas: 0 | Bonus suite: N | HERS: 0,,,"Welcome to The Courtyards at Windsor, Johnston's prime destination for active adults! Nestled just west of 86th Street and adjacent to Windsor Parkway, our community offers unbeatable convenience. Located in a sought-after neighborhood at the heart of the Des Moines Metro, you'll find yourself surrounded by amenities. With restaurants, shopping areas and easy access to Interstate 80/35 just minutes away, everything you need is within reach. Experience the epitome of luxury living at The Courtyards at Windsor!","The Courtyards at Windsor offers residents a true ""staycation"" lifestyle. The HOA provides lawn care, snow removal, and common area upkeep, along with access to a clubhouse featuring a swimming pool, fitness center and outdoor activites. The Palazzo floor plan is one of seven available home designs and is known for its flexible, open-concept layout that fits a variety of lifestyles. With hundreds of finish options, each home can be personalized to reflect your unique style. Built on a concrete slab, the Palazzo also offers several structural options such as a screened-in porch, four-season sunroom, or a second-level bonus suite. Every detail of the design emphasizes comfort, convenience, and low-maintenance living. Build-to-order and move-in-ready opportunities are available! This community is open to tour on Tuesdays, Saturdays, and Sundays from 12 PM–5 PM, and Wednesdays through Fridays from 10 AM–5 PM. Proposed listing for builder's smaller unit ""Palazzo"" with base level finishes. Home has not started construction. Please consult with LA for more details on finishes, construction timeline, and any additional questions. The Palazzo is built to please and empower the lifestyle you crave.","Welcome to The Courtyards at Windsor , a premier 55+ community designed for comfort, convenience, and connection. This low-maintenance neighborhood offers beautifully crafted homes with modern, open-concept designs and private courtyards , creating the perfect blend of indoor and outdoor living. Community Highlights: ✔ Low-Maintenance Homes – Enjoy a worry-free lifestyle with exterior upkeep taken care of. ✔ Private Courtyards – A personal outdoor retreat for relaxation and entertaining. ✔ Spacious, Modern Floor Plans – Thoughtfully designed with high-end finishes. ✔ Prime Location – Close to shopping, dining, and walking trails. ✔ Vibrant Community – Connect with like-minded neighbors in a welcoming environment.",Y,Front,Y,,,2025-10-27T16:28:32.111Z
https://www.epconcommunities.com/find-your-home/communities/iowa/des-moines/polk/ankeny/the-courtyards-at-harvest-ridge/quick-move-in-homes/6207-ne-oak-ln-2,The Courtyards at Harvest Ridge,"6207 NE Oak Ln, Ankeny, IA 50021",Ankeny,IA,50021,Polk County,,41.7726,-93.5993,515-579-5920,Mon: 10am-5pm | Tuesday: 12pm-5pm | Wednesday -Fri: 10am-5pm | Sat-Sun: 12pm-5pm,https://www.epconcommunities.com,available,Epcon Communities,,,,,,,,,,,,,,,Y,Y,Palazzo,Palazzo,2,2,2,2,0,2,2,0,1,,1,SFD,1511,1511,,425000,425000,,2025-10-12,,,,,Courtyard: side | Attachment: attached | Garage detached: not_applicable | Dining areas: 0 | Bonus suite: N | HERS: 0,,,"Located on the north side of Ankeny, The Courtyards at Harvest Ridge provides a true “Iowa” feel while also providing a strong sense of community. A central sanctuary area, pickleball court, and clubhouse are just a few amenities available. Take a swim on a hot summer day or start your day off with a workout in the fitness center. Everything you need is just steps away from your front door!","The Courtyards at The Courtyards at Harvest Ridge offers residents a true ""staycation"" lifestyle. The HOA provides lawn care, snow removal, and common area upkeep, along with access to a clubhouse featuring a swimming pool, fitness center and outdoor activites. The Palazzo floor plan is one of seven available home designs and is known for its flexible, open-concept layout that fits a variety of lifestyles. With hundreds of finish options, each home can be personalized to reflect your unique style. Built on a concrete slab, the Palazzo also offers several structural options such as a screened-in porch, four-season sunroom, or a second-level bonus suite. Every detail of the design emphasizes comfort, convenience, and low-maintenance living. Build-to-order and move-in-ready opportunities are available! This community is open to tour on Tuesdays, Saturdays, and Sundays from 12 PM–5 PM, and Wednesdays through Fridays from 10 AM–5 PM. Proposed listing for builder's smaller unit ""Palazzo"" with base level finishes. Home has not started construction. Please consult with LA for more details on finishes, construction timeline, and any additional questions. The Palazzo is built to please and empower the lifestyle you crave.",Resort- style clubhouse with fitness center and gathering spaces Sparkling outdoor pool Pickleball courts Scenic walking trails Outdoor seating and gathering areas Active social calendar and welcoming community atmosphere,Y,Front,Y,,,2025-10-27T16:27:11.720Z
https://www.epconcommunities.com/find-your-home/communities/iowa/des-moines/polk/ankeny/the-courtyards-at-harvest-ridge/quick-move-in-homes/6201-ne-grant-ln-38,The Courtyards at Harvest Ridge,"6201 NE Grant Ln, Ankeny, IA 50021",Ankeny,IA,50021,Polk County,,41.7825,-93.5992,515-579-5920,Mon: 10am-5pm | Tuesday: 12pm-5pm | Wednesday -Fri: 10am-5pm | Sat-Sun: 12pm-5pm,https://www.epconcommunities.com,available,Epcon Communities,,,,,,,,,,,,,,,Y,Y,Portico,Portico,2,2,3,3,0,3,3,0,2,,2,SFD,2513,2513,,630000,630000,,2025-10-12,,,,,Courtyard: side | Attachment: attached | Garage detached: not_applicable | Dining areas: 1 | Bonus suite: Y | HERS: 0,,,"Located on the north side of Ankeny, The Courtyards at Harvest Ridge provides a true “Iowa” feel while also providing a strong sense of community. A central sanctuary area, pickleball court, and clubhouse are just a few amenities available. Take a swim on a hot summer day or start your day off with a workout in the fitness center. Everything you need is just steps away from your front door!","The Portico is a beautiful and striking home designed with functional excellence to promote easy manageability. Dramatic transitions like the formal entryway highlight the elegance and quality of the open, efficient design. Complementing the exquisiteness of the home are such amenities as the gourmet kitchen and private den that allow you to live in comfort with all the conveniences you desire. ● Enjoy the private owner’s suite nicely designed with spacious bath ● Take advantage of abundant storage and organizational spaces ● Gather with friends and family in the home's large, centrally located kitchen Additionally, the Portico offers intelligent features including a conveniently located laundry room, generous storage space, and the added versatility of a bonus suite perfect for a guest room. All things considered, the Portico provides a luxurious yet casual living experience that caters to your lifestyle desires. The Portico is a stunning freestanding home designed for today's casual lifestyle.",Resort- style clubhouse with fitness center and gathering spaces Sparkling outdoor pool Pickleball courts Scenic walking trails Outdoor seating and gathering areas Active social calendar and welcoming community atmosphere,Y,Front,Y,,,2026-01-21T17:58:09.838Z
https://www.epconcommunities.com/find-your-home/communities/iowa/des-moines/dallas/waukee/the-courtyards-at-parkside/quick-move-in-homes/598-nw-creekside-dr-27,The Courtyards at Parkside,"598 NW Creekside Dr, Waukee, IA 50263",Waukee,IA,50263,Dallas County,,41.6313,-93.8863,515-585-3951,Mon: 10am-5pm | Tuesday: 12pm-5pm | Wednesday -Fri: 10am-5pm | Sat-Sun: 12pm-5pm,https://www.epconcommunities.com,available,Epcon Communities,,,,,,,,,,,,,,,Y,Y,Palazzo,Palazzo,2,2,2,2,0,2,2,0,1,,1,SFD,1511,1511,,447000,447000,,2025-10-12,,,,,Courtyard: side | Attachment: attached | Garage detached: not_applicable | Dining areas: 0 | Bonus suite: N | HERS: 0,,,"Welcome to The Courtyards at Parkside, Waukee's ultimate destination for active adults! Situated just north of Triumph Park and Waukee Northwest High School, our community offers unparalleled convenience. With easy access to restaurants, shopping areas and more, you'll find everything you need right at your doorstep. Plus, this area of Waukee is primed for residential and commercial expansion, making it an exciting place to call home. Enjoy serene views backing up to wooded areas and two large ponds, creating a tranquil oasis right in your backyard.","The Courtyards at Parkside offers residents a true ""staycation"" lifestyle. The HOA provides lawn care, snow removal, and common area upkeep, along with access to a clubhouse featuring a swimming pool, fitness center and outdoor activites. The Palazzo floor plan is one of seven available home designs and is known for its flexible, open-concept layout that fits a variety of lifestyles. With hundreds of finish options, each home can be personalized to reflect your unique style. Built on a concrete slab, the Palazzo also offers several structural options such as a screened-in porch, four-season sunroom, or a second-level bonus suite. Every detail of the design emphasizes comfort, convenience, and low-maintenance living. Build-to-order and move-in-ready opportunities are available! This community is open to tour on Tuesdays, Saturdays, and Sundays from 12 PM–5 PM, and Wednesdays through Fridays from 10 AM–5 PM. Proposed listing for builder's smaller unit ""Palazzo"" with base level finishes. Home has not started construction. Please consult with LA for more details on finishes, construction timeline, and any additional questions. The Palazzo is built to please and empower the lifestyle you crave.","Located in a prime setting, The Courtyards at Parkside provides easy access to parks, walking trails, shopping, and dining , making it the perfect place to enjoy an active and social lifestyle. Whether you're looking to relax in your private outdoor space or connect with neighbors in a welcoming environment, this community is built for you. Key Features: ✔ Low-Maintenance Living – Spend less time on upkeep and more time enjoying life. ✔ Modern, Open-Concept Homes – Designed with high-end finishes and smart layouts. ✔ Private Courtyards – Your own outdoor oasis for relaxation and entertaining. ✔ Prime Location – Close to nature, amenities, and everything you love.",Y,Front,Y,,,2025-10-27T16:38:56.075Z
https://www.epconcommunities.com/find-your-home/communities/iowa/des-moines/dallas/waukee/the-courtyards-at-parkside/quick-move-in-homes/1032-nw-creekside-dr-5,The Courtyards at Parkside,"1032 NW Creekside Dr, Waukee, IA 50263",Waukee,IA,50263,Dallas County,,41.6304,-93.8828,515-585-3951,Mon: 10am-5pm | Tuesday: 12pm-5pm | Wednesday -Fri: 10am-5pm | Sat-Sun: 12pm-5pm,https://www.epconcommunities.com,available,Epcon Communities,,,,,,,,,,,,,,,,Y,Verona,Verona,2,2,3,3,0,3,3,0,2,,2,SFD,3082,3082,,706000,706000,,2025-10-12,,,,,Courtyard: rear | Attachment: attached | Garage detached: not_applicable | Dining areas: 0 | Bonus suite: Y | HERS: 0,,,"Welcome to The Courtyards at Parkside, Waukee's ultimate destination for active adults! Situated just north of Triumph Park and Waukee Northwest High School, our community offers unparalleled convenience. With easy access to restaurants, shopping areas and more, you'll find everything you need right at your doorstep. Plus, this area of Waukee is primed for residential and commercial expansion, making it an exciting place to call home. Enjoy serene views backing up to wooded areas and two large ponds, creating a tranquil oasis right in your backyard.","The Courtyards at Parkside provides its residents with a true ""staycation"" lifestyle. The HOA provides lawn care, snow removal, common area upkeep as well as a clubhouse facility with swimming pool and fitness center. There are six plans available with hundreds of finish options available to select from. All homes are built on a concrete slab and do offer several structural features such as screened-in porches, sitting rooms, second level bonus suites, and more! Build-to-Order and Spec options available! This Verona model home showcases several of the options and upgrades available to potential buyers including the second level bonus suite, master bedroom sitting room, and more. This listing is the model home for the community. This home is open and available to view on Tuesdays, Saturdays, and Sundays from 12pm-5pm as well as Wednesdays, Thursdays, and Fridays from 10am-5pm. The Verona is an inviting, comfortable home hallmarked by its functional layout and endless options.","Located in a prime setting, The Courtyards at Parkside provides easy access to parks, walking trails, shopping, and dining , making it the perfect place to enjoy an active and social lifestyle. Whether you're looking to relax in your private outdoor space or connect with neighbors in a welcoming environment, this community is built for you. Key Features: ✔ Low-Maintenance Living – Spend less time on upkeep and more time enjoying life. ✔ Modern, Open-Concept Homes – Designed with high-end finishes and smart layouts. ✔ Private Courtyards – Your own outdoor oasis for relaxation and entertaining. ✔ Prime Location – Close to nature, amenities, and everything you love.",Y,Front,Y,,,2026-01-21T17:38:03.736Z
https://www.epconcommunities.com/find-your-home/communities/iowa/des-moines/dallas/waukee/the-courtyards-at-parkside/quick-move-in-homes/1018-nw-creekside-drive-2,The Courtyards at Parkside,"1018 NW Creekside Drive, Waukee, IA 50263",Waukee,IA,50263,Dallas County,,41.6300,-93.8831,515-585-3951,Mon: 10am-5pm | Tuesday: 12pm-5pm | Wednesday -Fri: 10am-5pm | Sat-Sun: 12pm-5pm,https://www.epconcommunities.com,available,Epcon Communities,,,,,,,,,,,,,,,Y,Y,Portico,Portico,2,2,3,3,0,3,3,0,2,,2,SFD,2496,2496,,614900,614900,,2023-12-29,,,,,Garage detached: no | Dining areas: 0 | Bonus suite: Y,,,"Welcome to The Courtyards at Parkside, Waukee's ultimate destination for active adults! Situated just north of Triumph Park and Waukee Northwest High School, our community offers unparalleled convenience. With easy access to restaurants, shopping areas and more, you'll find everything you need right at your doorstep. Plus, this area of Waukee is primed for residential and commercial expansion, making it an exciting place to call home. Enjoy serene views backing up to wooded areas and two large ponds, creating a tranquil oasis right in your backyard.","Epcon Communities and Clarity Construction, Iowa’s Premier Active Adult Communities, presents the Portico lll in The Courtyards at Parkside. Spacious 3 BD, 3 BA Home in a Premier 55+ Community. This 2,496 sqft home offers generous living space with a thoughtful layout perfect for comfort and entertaining. A view of the gorgeous central pond behind the home is visible from the living room, kitchen, master bedroom, and private courtyard patio! Inside this home you will find several options and features including a deluxe kitchen with cabinetry and appliance upgrades, lighting and plumbing fixture packages, and a stunning stone fireplace. The Signature Courtyard provides a private outdoor retreat, ideal for relaxing or hosting gatherings. This home has an impeccable view of the centrally located pond. Located in a vibrant 55+ active adult community, residents enjoy access to top-notch amenities, including a clubhouse with a pool, state-of-the-art gym, and bocce ball courts. This home combines low-maintenance living with a dynamic lifestyle, offering endless opportunities for leisure and social connection! Luxury Living Meets Low Maintenance | The Portico","Located in a prime setting, The Courtyards at Parkside provides easy access to parks, walking trails, shopping, and dining , making it the perfect place to enjoy an active and social lifestyle. Whether you're looking to relax in your private outdoor space or connect with neighbors in a welcoming environment, this community is built for you. Key Features: ✔ Low-Maintenance Living – Spend less time on upkeep and more time enjoying life. ✔ Modern, Open-Concept Homes – Designed with high-end finishes and smart layouts. ✔ Private Courtyards – Your own outdoor oasis for relaxation and entertaining. ✔ Prime Location – Close to nature, amenities, and everything you love.",Y,Front,Y,,,2026-01-12T21:55:29.512Z
https://www.epconcommunities.com/find-your-home/communities/indiana/lafayette/tippecanoe/west-lafayette/the-courtyards-at-belle-terra/quick-move-in-homes/641-tamarind-dr-40,The Courtyards at Belle Terra,"641 Tamarind Dr, West Lafayette, IN 47906",West Lafayette,IN,47906,Tippecanoe County,,40.5043,-86.8941,765-248-3151,"Wednesday to Sunday 12PM - 5PM, Monday and Tuesday By Appointment Only",https://www.epconcommunities.com,available,Epcon Communities,,,,,,,,,,,,,,,Y,Y,Promenade,Promenade,2,2,2,2,0,2,2,0,0,,0,SFD,2200,2200,,549900,549900,,2026-04-01,,,,,Courtyard: side | Attachment: detached | Garage detached: not_applicable | Dining areas: 0 | Bonus suite: N | HERS: 0,,,"The Courtyards at Belle Terra will feature 79 beautifully designed, luxury ranch homes in desirable West Lafayette, Indiana. A private retreat surrounded by modern conveniences, the community is directly across the street from Coyote Crossing Golf Club , conveniently located within minutes of I-65, less than two miles from Prophetstown State Park, just minutes from Purdue University and a short distance to shopping and dining. Homeowners also enjoy private amenities, including the grand clubhouse with interior and exterior space to relax, exercise and entertain, including a fitness center, outdoor swimming pool and sun deck, and pickleball courts. In addition to the allure of living in a brand new home without the worries of yard work and lawn maintenance, Epcon homeowners are drawn to the private courtyard that is the unique focal point of every home. Each open, light-filled home is designed around the courtyard so that it can be enjoyed from just about any room.","Welcome to the Promenade, one of our largest and most spectacular homes. The Promenade III is an elegant, open home with plenty of room for your oversized sofas and dining room furniture. The gourmet kitchen with center island and walk-in pantry make it the ideal place to have a quick meal or prepare a grand feast for family and friends. Relax in the secluded den or the private courtyard Relish in the spacious owner's suite Easily corral your belongings in the mudroom and additional storage space This expertly designed wide open home allows you to easily and comfortably host friends and family and steal away to enjoy a moment of peaceful privacy. For those who believe that the home is where the heart is, rejoice with the Promenade III.",,Y,Front,Y,,,2026-04-22T19:59:04.827Z
https://www.epconcommunities.com/find-your-home/communities/indiana/indianapolis/hamilton/westfield/the-courtyards-of-westfield/quick-move-in-homes/2684-town-run-ct-99,The Courtyards of Westfield,"2684 Town Run Ct, Westfield, IN 46074",Westfield,IN,46074,Hamilton County,,40.0027,-86.2054,463-583-4051,Sun-Mon: 12pm-6pm | Tue-Wed: 11am-6pm |  Thu-Fri: By Appt. | Sat: 10am-6pm,https://www.epconcommunities.com,available,Epcon Communities,,,,,,,,,,,,,,,Y,Y,Promenade Craftsman,Promenade Craftsman,2.5,2.5,3,3,0,3,3,0,2,,2,SFD,2961,2961,,724188,724188,,2026-06-28,,,,,Courtyard: side | Attachment: detached | Garage detached: not_applicable | Dining areas: 1 | Bonus suite: Y | HERS: 0,,,"Final opportunities! This beautiful final phase offers exclusive cul-de-sac home sites nestled among tree-lined streets with water views. The Courtyards of Westfield, Epcon's low-maintenance community in Westfield, IN, offers luxury ranch homes filled with abundant natural light, private garden courtyards and everything you need on one level. We invite you to drop by the community Welcome Center to experience everything this boutique community features including: a centrally located pond; tree-lined parklike setting; resort-style amenities such as a clubhouse, fitness center, outdoor heated pool and pickleball; and a low-maintenance lifestyle that provides you with more time to do the things that matter most. Surrounded by the best of Westfield, Carmel and Zionsville, and with easy access to Indianapolis, you'll have plenty of entertainment, dining, parks and sports destinations just minutes away. Ask about our quick move-in home opportunities! Interested in learning more? Visit the on-site community Welcome Center at 2419 Collins Drive, Westfield, IN 46074.","Looking for a spacious home that can comfortably accommodate your oversized furniture and host your family and friends? The Promenade is the ideal option - This expertly designed house offers ample space for all your needs, along with a range of features to help you relax and recharge. Here are some of the highlights: Optional gourmet kitchen with center island and walk-in pantry Secluded den and private courtyard for peaceful moments Spacious owner's suite and bath for ultimate relaxation Mudroom with additional storage space for easy organization For those who believe that the home is where the heart is, look no further than the Promenade. Come see it for yourself and experience the best of modern living. The Promenade is an elegant, open home with plenty of room for you.",,Y,Front,Y,,,2026-04-15T13:11:43.357Z
https://www.epconcommunities.com/find-your-home/communities/indiana/indianapolis/hamilton/westfield/the-courtyards-of-westfield/quick-move-in-homes/2683-towne-run-ct-107,The Courtyards of Westfield,"2683 Towne Run Ct., Westfield, IN 46074",Westfield,IN,46074,Hamilton County,,40.0027,-86.2054,463-583-4051,Sun-Mon: 12pm-6pm | Tue-Wed: 11am-6pm |  Thu-Fri: By Appt. | Sat: 10am-6pm,https://www.epconcommunities.com,available,Epcon Communities,,,,,,,,,,,,,,,Y,Y,Portico,Portico,2.5,2.5,3,3,0,3,3,0,2,,2,SFD,2617,2617,,681995,681995,,2026-06-28,,,,,Courtyard: side | Attachment: detached | Garage detached: not_applicable | Dining areas: 1 | Bonus suite: Y | HERS: 0,,,"Final opportunities! This beautiful final phase offers exclusive cul-de-sac home sites nestled among tree-lined streets with water views. The Courtyards of Westfield, Epcon's low-maintenance community in Westfield, IN, offers luxury ranch homes filled with abundant natural light, private garden courtyards and everything you need on one level. We invite you to drop by the community Welcome Center to experience everything this boutique community features including: a centrally located pond; tree-lined parklike setting; resort-style amenities such as a clubhouse, fitness center, outdoor heated pool and pickleball; and a low-maintenance lifestyle that provides you with more time to do the things that matter most. Surrounded by the best of Westfield, Carmel and Zionsville, and with easy access to Indianapolis, you'll have plenty of entertainment, dining, parks and sports destinations just minutes away. Ask about our quick move-in home opportunities! Interested in learning more? Visit the on-site community Welcome Center at 2419 Collins Drive, Westfield, IN 46074.","Looking for a luxurious yet practical home that caters to your lifestyle needs? The Portico is the perfect choice for you. This single-level home features a functional yet elegant design emphasizing manageability and convenience. Here are some of the highlights of the Portico: A grand entrance that leads to an efficient, open layout Luxurious amenities, such as an optional gourmet kitchen and a private den Spacious owner's suite with a beautiful bathroom and ample storage space Convenient features include a centrally located laundry room and a flexible bonus suite that can serve as a guest room The Portico offers an unmatched blend of luxury and comfort. It's a home designed to make your life easier and more enjoyable. The Portico is a stunning freestanding home designed for today's casual lifestyle.",,Y,Front,Y,,,2026-03-23T18:57:51.754Z
https://www.epconcommunities.com/find-your-home/communities/indiana/indianapolis/hamilton/westfield/the-courtyards-of-westfield/quick-move-in-homes/2564-towne-run-ct-94,The Courtyards of Westfield,"2564 Towne Run Ct., Westfield, IN 46074",Westfield,IN,46074,Hamilton County,,40.0027,-86.2054,463-583-4051,Sun-Mon: 12pm-6pm | Tue-Wed: 11am-6pm |  Thu-Fri: By Appt. | Sat: 10am-6pm,https://www.epconcommunities.com,sold,Epcon Communities,,,,,,,,,,,,,,,Y,Y,Portico,Portico,2.5,2.5,2,2,0,2,2,0,1,,1,SFD,1894,1894,,618392,618392,,2026-08-10,,,,,Courtyard: side | Attachment: detached | Garage detached: not_applicable | Dining areas: 1 | Bonus suite: N | HERS: 0,,,"Final opportunities! This beautiful final phase offers exclusive cul-de-sac home sites nestled among tree-lined streets with water views. The Courtyards of Westfield, Epcon's low-maintenance community in Westfield, IN, offers luxury ranch homes filled with abundant natural light, private garden courtyards and everything you need on one level. We invite you to drop by the community Welcome Center to experience everything this boutique community features including: a centrally located pond; tree-lined parklike setting; resort-style amenities such as a clubhouse, fitness center, outdoor heated pool and pickleball; and a low-maintenance lifestyle that provides you with more time to do the things that matter most. Surrounded by the best of Westfield, Carmel and Zionsville, and with easy access to Indianapolis, you'll have plenty of entertainment, dining, parks and sports destinations just minutes away. Ask about our quick move-in home opportunities! Interested in learning more? Visit the on-site community Welcome Center at 2419 Collins Drive, Westfield, IN 46074.","Looking for a luxurious yet practical home that caters to your lifestyle needs? The Portico is the perfect choice for you. This single-level home features a functional yet elegant design emphasizing manageability and convenience. Here are some of the highlights of the Portico: A grand entrance that leads to an efficient, open layout Luxurious amenities, such as an optional gourmet kitchen and a private den Spacious owner's suite with a beautiful bathroom and ample storage space Convenient features include a centrally located laundry room and a flexible bonus suite that can serve as a guest room The Portico offers an unmatched blend of luxury and comfort. It's a home designed to make your life easier and more enjoyable. The Portico is a stunning freestanding home designed for today's casual lifestyle.",,Y,Front,Y,,,2026-04-16T17:23:42.650Z
https://www.epconcommunities.com/find-your-home/communities/indiana/indianapolis/hamilton/westfield/the-courtyards-of-westfield/quick-move-in-homes/14832-higgins-dr-93,The Courtyards of Westfield,"14832 Higgins Dr, Westfield, IN 46074",Westfield,IN,46074,Hamilton County,,40.0027,-86.2054,463-583-4051,Sun-Mon: 12pm-6pm | Tue-Wed: 11am-6pm |  Thu-Fri: By Appt. | Sat: 10am-6pm,https://www.epconcommunities.com,available,Epcon Communities,,,,,,,,,,,,,,,Y,Y,Portico,Portico,2.5,2.5,3,3,0,3,3,0,2,,2,SFD,2567,2567,,681200,681200,,2025-09-19,,,,,Courtyard: side | Attachment: detached | Garage detached: no | Dining areas: 1 | Bonus suite: Y | HERS: 0,,,"Final opportunities! This beautiful final phase offers exclusive cul-de-sac home sites nestled among tree-lined streets with water views. The Courtyards of Westfield, Epcon's low-maintenance community in Westfield, IN, offers luxury ranch homes filled with abundant natural light, private garden courtyards and everything you need on one level. We invite you to drop by the community Welcome Center to experience everything this boutique community features including: a centrally located pond; tree-lined parklike setting; resort-style amenities such as a clubhouse, fitness center, outdoor heated pool and pickleball; and a low-maintenance lifestyle that provides you with more time to do the things that matter most. Surrounded by the best of Westfield, Carmel and Zionsville, and with easy access to Indianapolis, you'll have plenty of entertainment, dining, parks and sports destinations just minutes away. Ask about our quick move-in home opportunities! Interested in learning more? Visit the on-site community Welcome Center at 2419 Collins Drive, Westfield, IN 46074.","Looking for a luxurious yet practical home that caters to your lifestyle needs? The Portico is the perfect choice for you. This single-level home features a functional yet elegant design emphasizing manageability and convenience. Here are some of the highlights of the Portico: A grand entrance that leads to an efficient, open layout Luxurious amenities, such as an optional gourmet kitchen and a private den Spacious owner's suite with a beautiful bathroom and ample storage space Convenient features include a centrally located laundry room and a flexible bonus suite that can serve as a guest room The Portico offers an unmatched blend of luxury and comfort. It's a home designed to make your life easier and more enjoyable. The Portico is a stunning freestanding home designed for today's casual lifestyle.",,Y,Front,Y,,,2026-01-05T19:17:09.135Z
https://www.epconcommunities.com/find-your-home/communities/indiana/indianapolis/hamilton/westfield/the-courtyards-of-townerun/quick-move-in-homes/2412-n-keenan-circle-23,The Courtyards of TowneRun,"2412 N Keenan Circle, Westfield, IN 46074",Westfield,IN,46074,Hamilton County,,40.0215,-86.1955,463-287-5195,Sun-Mon: 12pm-6pm | Tue-Wed: 11am-6pm |  Thu-Fri: By Appt. | Sat: 10am-6pm,https://www.epconcommunities.com,available,Epcon Communities,,,,,,,,,,,,,,,Y,Y,Oxford,Oxford,2,2,3,2,1,3,2,1,2,,2,SFA,1966,1966,,462841,462841,,2026-03-26,,,,,Courtyard: rear | Attachment: attached | Garage detached: not_applicable | Dining areas: 1 | Bonus suite: N | HERS: 0,,,"NEW MODEL NOW OPEN Discover a new standard of luxury living at The Courtyards of TowneRun, a low-maintenance Epcon community in Westfield featuring beautifully crafted two-story attached townhomes designed for comfort, elegance, and ease. Each home offers the convenience of a first-floor owner’s suite, blending the simplicity of single-level living with the added flexibility of thoughtfully designed second-story space. Private outdoor courtyards create a seamless connection to nature—perfect for relaxing, entertaining, or simply enjoying your own peaceful retreat. Life at TowneRun is intentionally designed to be effortless. With low-maintenance living, you can spend less time on yard work and more time enjoying what matters most. Homeowners will enjoy private community amenities including a welcoming lounge with a covered porch and firepit, along with expansive green spaces that invite connection and relaxation. Perfectly positioned, The Courtyards of TowneRun offers walkable access to future retail and the planned Life Time Athletic Country Club, while placing you just minutes from the vibrant destinations of Westfield, Carmel, and Zionsville. At The Courtyards of TowneRun, every detail is thoughtfully curated to enrich your lifestyle. Live well every day in your new Epcon townhome.",The Oxford is a stunning townhome with single-level living in mind. The kitchen's large island creates a gathering place for friends and family. The family room seamlessly leads to the covered porch and patio. The first-floor owner's suite includes a spacious bath and walk-in closet. Upstairs includes a secondary bedroom suite and the option to add an additional bedroom and bonus room. Stunning townhome with single-level living in mind,,Y,Front,Y,,,2026-04-02T18:46:53.223Z
https://www.epconcommunities.com/find-your-home/communities/indiana/indianapolis/hamilton/westfield/the-courtyards-of-townerun/quick-move-in-homes/14902-e-keenan-cir-34,The Courtyards of TowneRun,"14902 E Keenan Cir, Westfield, IN 46074",Westfield,IN,46074,Hamilton County,,40.0040,-86.2035,463-287-5195,Sun-Mon: 12pm-6pm | Tue-Wed: 11am-6pm |  Thu-Fri: By Appt. | Sat: 10am-6pm,https://www.epconcommunities.com,available,Epcon Communities,,,,,,,,,,,,,,,Y,Y,Oxford,Oxford,2,2,2,2,1,2,2,1,2,,2,SFA,1966,1966,,471746,471746,,2025-11-15,,,,,Courtyard: rear | Attachment: attached | Garage detached: no | Dining areas: 1 | Bonus suite: N | HERS: 0,,,"NEW MODEL NOW OPEN Discover a new standard of luxury living at The Courtyards of TowneRun, a low-maintenance Epcon community in Westfield featuring beautifully crafted two-story attached townhomes designed for comfort, elegance, and ease. Each home offers the convenience of a first-floor owner’s suite, blending the simplicity of single-level living with the added flexibility of thoughtfully designed second-story space. Private outdoor courtyards create a seamless connection to nature—perfect for relaxing, entertaining, or simply enjoying your own peaceful retreat. Life at TowneRun is intentionally designed to be effortless. With low-maintenance living, you can spend less time on yard work and more time enjoying what matters most. Homeowners will enjoy private community amenities including a welcoming lounge with a covered porch and firepit, along with expansive green spaces that invite connection and relaxation. Perfectly positioned, The Courtyards of TowneRun offers walkable access to future retail and the planned Life Time Athletic Country Club, while placing you just minutes from the vibrant destinations of Westfield, Carmel, and Zionsville. At The Courtyards of TowneRun, every detail is thoughtfully curated to enrich your lifestyle. Live well every day in your new Epcon townhome.",The Oxford is a stunning townhome with single-level living in mind. The kitchen's large island creates a gathering place for friends and family. The family room seamlessly leads to the covered porch and patio. The first-floor owner's suite includes a spacious bath and walk-in closet. Upstairs includes a secondary bedroom suite and the option to add an additional bedroom and bonus room. Stunning townhome with single-level living in mind,,Y,Front,Y,,,2026-03-26T19:28:22.797Z
https://www.epconcommunities.com/find-your-home/communities/indiana/indianapolis/hamilton/westfield/the-courtyards-of-townerun/quick-move-in-homes/14896-e-keenan-cir-35,The Courtyards of TowneRun,"14896 E Keenan Cir, Westfield, IN 46074",Westfield,IN,46074,Hamilton County,,40.0040,-86.2035,463-287-5195,Sun-Mon: 12pm-6pm | Tue-Wed: 11am-6pm |  Thu-Fri: By Appt. | Sat: 10am-6pm,https://www.epconcommunities.com,available,Epcon Communities,,,,,,,,,,,,,,,Y,Y,Oxford,Oxford,2,2,2,2,1,2,2,1,2,,2,SFA,1853,1853,,449900,449900,,2025-11-11,,,,,Courtyard: rear | Attachment: attached | Garage detached: not_applicable | Dining areas: 1 | Bonus suite: N | HERS: 0,,,"NEW MODEL NOW OPEN Discover a new standard of luxury living at The Courtyards of TowneRun, a low-maintenance Epcon community in Westfield featuring beautifully crafted two-story attached townhomes designed for comfort, elegance, and ease. Each home offers the convenience of a first-floor owner’s suite, blending the simplicity of single-level living with the added flexibility of thoughtfully designed second-story space. Private outdoor courtyards create a seamless connection to nature—perfect for relaxing, entertaining, or simply enjoying your own peaceful retreat. Life at TowneRun is intentionally designed to be effortless. With low-maintenance living, you can spend less time on yard work and more time enjoying what matters most. Homeowners will enjoy private community amenities including a welcoming lounge with a covered porch and firepit, along with expansive green spaces that invite connection and relaxation. Perfectly positioned, The Courtyards of TowneRun offers walkable access to future retail and the planned Life Time Athletic Country Club, while placing you just minutes from the vibrant destinations of Westfield, Carmel, and Zionsville. At The Courtyards of TowneRun, every detail is thoughtfully curated to enrich your lifestyle. Live well every day in your new Epcon townhome.",The Oxford is a stunning townhome with single-level living in mind. The kitchen's large island creates a gathering place for friends and family. The family room seamlessly leads to the covered porch and patio. The first-floor owner's suite includes a spacious bath and walk-in closet. Upstairs includes a secondary bedroom suite and the option to add an additional bedroom and bonus room. Stunning townhome with single-level living in mind,,Y,Front,Y,,,2026-02-10T18:50:09.913Z
https://www.epconcommunities.com/find-your-home/communities/indiana/indianapolis/hamilton/westfield/the-courtyards-of-townerun/quick-move-in-homes/14890-e-keenan-cir-36,The Courtyards of TowneRun,"14890 E Keenan Cir, Westfield, IN 46074",Westfield,IN,46074,Hamilton County,,40.0040,-86.2035,463-287-5195,Sun-Mon: 12pm-6pm | Tue-Wed: 11am-6pm |  Thu-Fri: By Appt. | Sat: 10am-6pm,https://www.epconcommunities.com,available,Epcon Communities,,,,,,,,,,,,,,,Y,Y,Cambridge,Cambridge,2,2,2,2,1,2,2,1,2,,2,SFA,1785,1785,,478280,478280,,2025-11-14,,,,,Courtyard: rear | Attachment: attached | Garage detached: no | Dining areas: 1 | Bonus suite: N | HERS: 0,,,"NEW MODEL NOW OPEN Discover a new standard of luxury living at The Courtyards of TowneRun, a low-maintenance Epcon community in Westfield featuring beautifully crafted two-story attached townhomes designed for comfort, elegance, and ease. Each home offers the convenience of a first-floor owner’s suite, blending the simplicity of single-level living with the added flexibility of thoughtfully designed second-story space. Private outdoor courtyards create a seamless connection to nature—perfect for relaxing, entertaining, or simply enjoying your own peaceful retreat. Life at TowneRun is intentionally designed to be effortless. With low-maintenance living, you can spend less time on yard work and more time enjoying what matters most. Homeowners will enjoy private community amenities including a welcoming lounge with a covered porch and firepit, along with expansive green spaces that invite connection and relaxation. Perfectly positioned, The Courtyards of TowneRun offers walkable access to future retail and the planned Life Time Athletic Country Club, while placing you just minutes from the vibrant destinations of Westfield, Carmel, and Zionsville. At The Courtyards of TowneRun, every detail is thoughtfully curated to enrich your lifestyle. Live well every day in your new Epcon townhome.",The Cambridge is designed with you in mind and features an open floorplan with abundant natural light. The kitchen features a spacious island and dining area that flows into the covered porch and courtyard perfect for morning coffee. The first owner's suite includes a large walk-in shower and spacious closet. Upstairs includes a secondary bedroom suite and the option to add an additional bedroom and bonus room. Abundant Natural Light,,Y,Front,Y,,,2026-02-10T18:50:42.285Z
https://www.epconcommunities.com/find-your-home/communities/indiana/indianapolis/hamilton/westfield/the-courtyards-of-townerun/quick-move-in-homes/14866-e-keenan-circle-38,The Courtyards of TowneRun,"14866 E Keenan Circle, Westfield, IN 46074",Westfield,IN,46074,Hamilton County,,40.0040,-86.2035,463-287-5195,Sun-Mon: 12pm-6pm | Tue-Wed: 11am-6pm |  Thu-Fri: By Appt. | Sat: 10am-6pm,https://www.epconcommunities.com,available,Epcon Communities,,,,,,,,,,,,,,,Y,Y,Oxford,Oxford,2,2,3,2,1,3,2,1,2,,2,SFA,1966,1966,,448501,448501,,2025-10-13,,,,,Courtyard: rear | Attachment: attached | Garage detached: no | Dining areas: 1 | Bonus suite: N | HERS: 0,,,"NEW MODEL NOW OPEN Discover a new standard of luxury living at The Courtyards of TowneRun, a low-maintenance Epcon community in Westfield featuring beautifully crafted two-story attached townhomes designed for comfort, elegance, and ease. Each home offers the convenience of a first-floor owner’s suite, blending the simplicity of single-level living with the added flexibility of thoughtfully designed second-story space. Private outdoor courtyards create a seamless connection to nature—perfect for relaxing, entertaining, or simply enjoying your own peaceful retreat. Life at TowneRun is intentionally designed to be effortless. With low-maintenance living, you can spend less time on yard work and more time enjoying what matters most. Homeowners will enjoy private community amenities including a welcoming lounge with a covered porch and firepit, along with expansive green spaces that invite connection and relaxation. Perfectly positioned, The Courtyards of TowneRun offers walkable access to future retail and the planned Life Time Athletic Country Club, while placing you just minutes from the vibrant destinations of Westfield, Carmel, and Zionsville. At The Courtyards of TowneRun, every detail is thoughtfully curated to enrich your lifestyle. Live well every day in your new Epcon townhome.",The Oxford is a stunning townhome with single-level living in mind. The kitchen's large island creates a gathering place for friends and family. The family room seamlessly leads to the covered porch and patio. The first-floor owner's suite includes a spacious bath and walk-in closet. Upstairs includes a secondary bedroom suite and the option to add an additional bedroom and bonus room. Stunning townhome with single-level living in mind,,Y,Front,Y,,,2026-01-02T17:59:40.627Z
https://www.epconcommunities.com/find-your-home/communities/indiana/indianapolis/hamilton/westfield/the-courtyards-of-cielo-ranch/quick-move-in-homes/16292-canterwood-ct-32,The Courtyards of Cielo Ranch,"16292 Canterwood Ct., Westfield, IN 46074",Westfield,IN,46074,Hamilton County,,40.0225,-86.1399,317-342-1969,Sun-Mon: 12pm-6pm | Tue-Fri: 11am-6pm | Sat: 10am-6pm,https://www.epconcommunities.com,available,Epcon Communities,,,,,,,,,,,,,,,Y,Y,Verona,Verona,2.5,2.5,3,3,0,3,3,0,1,,1,SFD,3843,3843,,997602,997602,,2026-07-30,,,,,Courtyard: rear | Attachment: detached | Garage detached: not_applicable | Dining areas: 1 | Bonus suite: N | HERS: 0,,,"New Promenade Model Now Open Welcome to The Courtyards of Cielo Ranch, Epcon’s newest 55+ active lifestyle community in Westfield, where refined living and everyday tranquility come together in perfect balance. Tucked within a peaceful, boutique setting, this thoughtfully designed community offers luxury ranch homes that are as inviting as they are elegant, filled with abundant natural light and open living spaces. Luxury Ranch Homes Expertly crafted for both comfort and style, each home features spacious, open-concept layouts complemented by high-end finishes and timeless design details. Private Outdoor Retreats Enjoy your own secluded courtyard - a signature feature that creates a seamless extension of your living space and a perfect setting for quiet mornings or evening gatherings. Effortless, Low-Maintenance Living With lawn care professionally managed, you’ll have more time to focus on what matters most- living fully and enjoying each day. At The Courtyards of Cielo Ranch, lifestyle is at the heart of everything. Imagine mornings that begin with a walk along scenic trails connected to the Monon, afternoons spent poolside, and evenings shared with neighbors who quickly become friends. Residents enjoy access to a beautifully appointed clubhouse with a fitness center, pickleball courts, and inviting social spaces designed to foster connection and well-being. Ideally located near US 31, with convenient access to downtown Westfield, Carmel, and Indianapolis, you’re never far from dining, shopping, and entertainment - yet always close to home. This is more than a place to live—it’s a place to thrive. Discover The Courtyards of Cielo Ranch, where every detail is designed so you can truly Live Well Every Day .","Now Selling - Limited Opportunities! In the Verona, you'll find a unique blend of comfort and flexibility. The integrated living space offers the perfect balance of roominess and adaptability. With two bedrooms, two bathrooms, a den, a finished basement and an optional bonus suite, this home is designed to fit your needs now and into the future. Welcome guests with a spacious front porch and an inviting entry foyer Enjoy an intuitive floor plan that makes entertaining easy and relaxing a breeze Experience the satisfaction of having innovative storage features always within reach From the modern kitchen to the open living room, the Verona offers a level of comfort and luxury that sets it apart. This is the home for those who appreciate the finest things in life, where every detail is designed for your indulgence. The Verona is an inviting, comfortable home hallmarked by its functional layout and endless options.",,Y,Front,Y,,,2026-03-23T19:03:17.008Z
https://www.epconcommunities.com/find-your-home/communities/indiana/indianapolis/hamilton/westfield/the-courtyards-of-cielo-ranch/quick-move-in-homes/16195-quarter-pole-lane-21,The Courtyards of Cielo Ranch,"16195 Quarter Pole Lane, Westfield, IN 46074",Westfield,IN,46074,Hamilton County,,40.0228,-86.1417,317-342-1969,Sun-Mon: 12pm-6pm | Tue-Fri: 11am-6pm | Sat: 10am-6pm,https://www.epconcommunities.com,available,Epcon Communities,,,,,,,,,,,,,,,Y,Y,Promenade,Promenade,2.5,2.5,3,3,0,3,3,0,2,,2,SFD,2961,2961,,767650,767650,,2026-06-15,,,,,Courtyard: side | Attachment: detached | Garage detached: not_applicable | Dining areas: 1 | Bonus suite: Y | HERS: 0,,,"New Promenade Model Now Open Welcome to The Courtyards of Cielo Ranch, Epcon’s newest 55+ active lifestyle community in Westfield, where refined living and everyday tranquility come together in perfect balance. Tucked within a peaceful, boutique setting, this thoughtfully designed community offers luxury ranch homes that are as inviting as they are elegant, filled with abundant natural light and open living spaces. Luxury Ranch Homes Expertly crafted for both comfort and style, each home features spacious, open-concept layouts complemented by high-end finishes and timeless design details. Private Outdoor Retreats Enjoy your own secluded courtyard - a signature feature that creates a seamless extension of your living space and a perfect setting for quiet mornings or evening gatherings. Effortless, Low-Maintenance Living With lawn care professionally managed, you’ll have more time to focus on what matters most- living fully and enjoying each day. At The Courtyards of Cielo Ranch, lifestyle is at the heart of everything. Imagine mornings that begin with a walk along scenic trails connected to the Monon, afternoons spent poolside, and evenings shared with neighbors who quickly become friends. Residents enjoy access to a beautifully appointed clubhouse with a fitness center, pickleball courts, and inviting social spaces designed to foster connection and well-being. Ideally located near US 31, with convenient access to downtown Westfield, Carmel, and Indianapolis, you’re never far from dining, shopping, and entertainment - yet always close to home. This is more than a place to live—it’s a place to thrive. Discover The Courtyards of Cielo Ranch, where every detail is designed so you can truly Live Well Every Day .","Looking for a spacious home that can comfortably accommodate your oversized furniture and host your family and friends? The Promenade is the ideal option - This expertly designed house offers ample space for all your needs, along with a range of features to help you relax and recharge. Here are some of the highlights: Optional gourmet kitchen with center island and walk-in pantry Secluded den and private courtyard for peaceful moments Spacious owner's suite and bath for ultimate relaxation Mudroom with additional storage space for easy organization For those who believe that the home is where the heart is, look no further than the Promenade. Come see it for yourself and experience the best of modern living. The Promenade is an elegant, open home with plenty of room for you.",,Y,Front,Y,,,2026-04-29T18:57:08.826Z
https://www.epconcommunities.com/find-your-home/communities/indiana/indianapolis/hamilton/westfield/the-courtyards-of-cielo-ranch/quick-move-in-homes/16184-canterwood-ct-26,The Courtyards of Cielo Ranch,"16184 Canterwood Ct, Westfield, IN 46074",Westfield,IN,46074,Hamilton County,,40.0225,-86.1399,317-342-1969,Sun-Mon: 12pm-6pm | Tue-Fri: 11am-6pm | Sat: 10am-6pm,https://www.epconcommunities.com,sold,Epcon Communities,,,,,,,,,,,,,,,Y,Y,Promenade,Promenade,2.5,2.5,3,3,0,3,3,0,2,,2,SFD,2969,2969,,778222,778222,,2026-05-14,,,,,Courtyard: side | Attachment: detached | Garage detached: not_applicable | Dining areas: 1 | Bonus suite: Y | HERS: 0,,,"New Promenade Model Now Open Welcome to The Courtyards of Cielo Ranch, Epcon’s newest 55+ active lifestyle community in Westfield, where refined living and everyday tranquility come together in perfect balance. Tucked within a peaceful, boutique setting, this thoughtfully designed community offers luxury ranch homes that are as inviting as they are elegant, filled with abundant natural light and open living spaces. Luxury Ranch Homes Expertly crafted for both comfort and style, each home features spacious, open-concept layouts complemented by high-end finishes and timeless design details. Private Outdoor Retreats Enjoy your own secluded courtyard - a signature feature that creates a seamless extension of your living space and a perfect setting for quiet mornings or evening gatherings. Effortless, Low-Maintenance Living With lawn care professionally managed, you’ll have more time to focus on what matters most- living fully and enjoying each day. At The Courtyards of Cielo Ranch, lifestyle is at the heart of everything. Imagine mornings that begin with a walk along scenic trails connected to the Monon, afternoons spent poolside, and evenings shared with neighbors who quickly become friends. Residents enjoy access to a beautifully appointed clubhouse with a fitness center, pickleball courts, and inviting social spaces designed to foster connection and well-being. Ideally located near US 31, with convenient access to downtown Westfield, Carmel, and Indianapolis, you’re never far from dining, shopping, and entertainment - yet always close to home. This is more than a place to live—it’s a place to thrive. Discover The Courtyards of Cielo Ranch, where every detail is designed so you can truly Live Well Every Day .","Looking for a spacious home that can comfortably accommodate your oversized furniture and host your family and friends? The Promenade is the ideal option - This expertly designed house offers ample space for all your needs, along with a range of features to help you relax and recharge. Here are some of the highlights: Optional gourmet kitchen with center island and walk-in pantry Secluded den and private courtyard for peaceful moments Spacious owner's suite and bath for ultimate relaxation Mudroom with additional storage space for easy organization For those who believe that the home is where the heart is, look no further than the Promenade. Come see it for yourself and experience the best of modern living. The Promenade is an elegant, open home with plenty of room for you.",,Y,Front,Y,,,2026-03-23T19:02:21.272Z
https://www.epconcommunities.com/find-your-home/communities/indiana/indianapolis/hamilton/westfield/the-courtyards-of-cielo-ranch/quick-move-in-homes/16175-quarter-pole-lane-22,The Courtyards of Cielo Ranch,"16175 Quarter Pole Lane, Westfield, IN 46074",Westfield,IN,46074,Hamilton County,,40.0227,-86.1418,317-342-1969,Sun-Mon: 12pm-6pm | Tue-Fri: 11am-6pm | Sat: 10am-6pm,https://www.epconcommunities.com,available,Epcon Communities,,,,,,,,,,,,,,,Y,Y,Promenade,Promenade,2.5,2.5,2,2,0,2,2,0,1,,1,SFD,2188,2188,,713616,713616,,2026-08-13,,,,,Courtyard: side | Attachment: detached | Garage detached: not_applicable | Dining areas: 1 | Bonus suite: N | HERS: 0,,,"New Promenade Model Now Open Welcome to The Courtyards of Cielo Ranch, Epcon’s newest 55+ active lifestyle community in Westfield, where refined living and everyday tranquility come together in perfect balance. Tucked within a peaceful, boutique setting, this thoughtfully designed community offers luxury ranch homes that are as inviting as they are elegant, filled with abundant natural light and open living spaces. Luxury Ranch Homes Expertly crafted for both comfort and style, each home features spacious, open-concept layouts complemented by high-end finishes and timeless design details. Private Outdoor Retreats Enjoy your own secluded courtyard - a signature feature that creates a seamless extension of your living space and a perfect setting for quiet mornings or evening gatherings. Effortless, Low-Maintenance Living With lawn care professionally managed, you’ll have more time to focus on what matters most- living fully and enjoying each day. At The Courtyards of Cielo Ranch, lifestyle is at the heart of everything. Imagine mornings that begin with a walk along scenic trails connected to the Monon, afternoons spent poolside, and evenings shared with neighbors who quickly become friends. Residents enjoy access to a beautifully appointed clubhouse with a fitness center, pickleball courts, and inviting social spaces designed to foster connection and well-being. Ideally located near US 31, with convenient access to downtown Westfield, Carmel, and Indianapolis, you’re never far from dining, shopping, and entertainment - yet always close to home. This is more than a place to live—it’s a place to thrive. Discover The Courtyards of Cielo Ranch, where every detail is designed so you can truly Live Well Every Day .","Looking for a spacious home that can comfortably accommodate your oversized furniture and host your family and friends? The Promenade is the ideal option - This expertly designed house offers ample space for all your needs, along with a range of features to help you relax and recharge. Here are some of the highlights: Optional gourmet kitchen with center island and walk-in pantry Secluded den and private courtyard for peaceful moments Spacious owner's suite and bath for ultimate relaxation Mudroom with additional storage space for easy organization For those who believe that the home is where the heart is, look no further than the Promenade. Come see it for yourself and experience the best of modern living. The Promenade is an elegant, open home with plenty of room for you.",,Y,Front,Y,,,2026-04-15T14:26:52.620Z
https://www.epconcommunities.com/find-your-home/communities/indiana/indianapolis/hamilton/westfield/the-courtyards-of-cielo-ranch/quick-move-in-homes/16170-canterwood-ct-25,The Courtyards of Cielo Ranch,"16170 Canterwood Ct., Westfield, IN 46074",Westfield,IN,46074,Hamilton County,,40.0227,-86.1411,317-342-1969,Sun-Mon: 12pm-6pm | Tue-Fri: 11am-6pm | Sat: 10am-6pm,https://www.epconcommunities.com,available,Epcon Communities,,,,,,,,,,,,,,,Y,Y,Portico,Portico,2.5,2.5,3,3,0,3,3,0,2,,2,SFD,2599,2599,,723425,723425,,2026-08-11,,,,,Courtyard: side | Attachment: detached | Garage detached: not_applicable | Dining areas: 1 | Bonus suite: Y | HERS: 0,,,"New Promenade Model Now Open Welcome to The Courtyards of Cielo Ranch, Epcon’s newest 55+ active lifestyle community in Westfield, where refined living and everyday tranquility come together in perfect balance. Tucked within a peaceful, boutique setting, this thoughtfully designed community offers luxury ranch homes that are as inviting as they are elegant, filled with abundant natural light and open living spaces. Luxury Ranch Homes Expertly crafted for both comfort and style, each home features spacious, open-concept layouts complemented by high-end finishes and timeless design details. Private Outdoor Retreats Enjoy your own secluded courtyard - a signature feature that creates a seamless extension of your living space and a perfect setting for quiet mornings or evening gatherings. Effortless, Low-Maintenance Living With lawn care professionally managed, you’ll have more time to focus on what matters most- living fully and enjoying each day. At The Courtyards of Cielo Ranch, lifestyle is at the heart of everything. Imagine mornings that begin with a walk along scenic trails connected to the Monon, afternoons spent poolside, and evenings shared with neighbors who quickly become friends. Residents enjoy access to a beautifully appointed clubhouse with a fitness center, pickleball courts, and inviting social spaces designed to foster connection and well-being. Ideally located near US 31, with convenient access to downtown Westfield, Carmel, and Indianapolis, you’re never far from dining, shopping, and entertainment - yet always close to home. This is more than a place to live—it’s a place to thrive. Discover The Courtyards of Cielo Ranch, where every detail is designed so you can truly Live Well Every Day .","Looking for a luxurious yet practical home that caters to your lifestyle needs? The Portico is the perfect choice for you. This single-level home features a functional yet elegant design emphasizing manageability and convenience. Here are some of the highlights of the Portico: A grand entrance that leads to an efficient, open layout Luxurious amenities, such as an optional gourmet kitchen and a private den Spacious owner's suite with a beautiful bathroom and ample storage space Convenient features include a centrally located laundry room and a flexible bonus suite that can serve as a guest room The Portico offers an unmatched blend of luxury and comfort. It's a home designed to make your life easier and more enjoyable. The Portico is a stunning freestanding home designed for today's casual lifestyle.",,Y,Front,Y,,,2026-04-15T14:27:21.316Z
https://www.epconcommunities.com/find-your-home/communities/indiana/indianapolis/hamilton/westfield/the-courtyards-of-cielo-ranch/quick-move-in-homes/16098-quarter-pole-lane-7,The Courtyards of Cielo Ranch,"16098 Quarter Pole Lane, Westfield, IN 46074",Westfield,IN,46074,Hamilton County,,40.0225,-86.1399,317-342-1969,Sun-Mon: 12pm-6pm | Tue-Fri: 11am-6pm | Sat: 10am-6pm,https://www.epconcommunities.com,available,Epcon Communities,,,,,,,,,,,,,,,Y,Y,Portico,Portico,2.5,2.5,3,3,0,3,3,0,2,,2,SFD,2571,2571,,709934,709934,,2026-02-26,,,,,Courtyard: side | Attachment: detached | Garage detached: not_applicable | Dining areas: 1 | Bonus suite: Y | HERS: 0,,,"New Promenade Model Now Open Welcome to The Courtyards of Cielo Ranch, Epcon’s newest 55+ active lifestyle community in Westfield, where refined living and everyday tranquility come together in perfect balance. Tucked within a peaceful, boutique setting, this thoughtfully designed community offers luxury ranch homes that are as inviting as they are elegant, filled with abundant natural light and open living spaces. Luxury Ranch Homes Expertly crafted for both comfort and style, each home features spacious, open-concept layouts complemented by high-end finishes and timeless design details. Private Outdoor Retreats Enjoy your own secluded courtyard - a signature feature that creates a seamless extension of your living space and a perfect setting for quiet mornings or evening gatherings. Effortless, Low-Maintenance Living With lawn care professionally managed, you’ll have more time to focus on what matters most- living fully and enjoying each day. At The Courtyards of Cielo Ranch, lifestyle is at the heart of everything. Imagine mornings that begin with a walk along scenic trails connected to the Monon, afternoons spent poolside, and evenings shared with neighbors who quickly become friends. Residents enjoy access to a beautifully appointed clubhouse with a fitness center, pickleball courts, and inviting social spaces designed to foster connection and well-being. Ideally located near US 31, with convenient access to downtown Westfield, Carmel, and Indianapolis, you’re never far from dining, shopping, and entertainment - yet always close to home. This is more than a place to live—it’s a place to thrive. Discover The Courtyards of Cielo Ranch, where every detail is designed so you can truly Live Well Every Day .","Looking for a luxurious yet practical home that caters to your lifestyle needs? The Portico is the perfect choice for you. This single-level home features a functional yet elegant design emphasizing manageability and convenience. Here are some of the highlights of the Portico: A grand entrance that leads to an efficient, open layout Luxurious amenities, such as an optional gourmet kitchen and a private den Spacious owner's suite with a beautiful bathroom and ample storage space Convenient features include a centrally located laundry room and a flexible bonus suite that can serve as a guest room The Portico offers an unmatched blend of luxury and comfort. It's a home designed to make your life easier and more enjoyable. The Portico is a stunning freestanding home designed for today's casual lifestyle.",,Y,Front,Y,,,2026-04-02T18:50:44.471Z
https://www.epconcommunities.com/find-your-home/communities/indiana/indianapolis/hamilton/noblesville/the-courtyards-of-hazel-dell/quick-move-in-homes/5945-maple-glen-dr-22,The Courtyards of Hazel Dell,"5945 Maple Glen Dr, Noblesville, IN 46062",Noblesville,IN,46062,Hamilton County,,40.0380,-86.0689,463-363-1528,Sun-Mon: 12pm-6pm | Tue-Fri: 11am-6pm | Sat: 10am-6pm,https://www.epconcommunities.com,available,Epcon Communities,,,,,,,,,,,,,,,Y,Y,Portico,Portico,2.5,2.5,2,2,0,2,2,0,1,,1,SFD,1894,1894,,648605,648605,,2026-08-19,,,,,Courtyard: side | Attachment: detached | Garage detached: not_applicable | Dining areas: 1 | Bonus suite: N | HERS: 0,,,"Now Selling On-Site Welcome to The Courtyards of Hazel Dell, a thoughtfully designed, low-maintenance community in the heart of Noblesville, Indiana. Here, luxury ranch homes blend timeless style with modern comfort, featuring first-floor owner’s suites, light-filled living spaces, and open-concept designs ideal for both everyday living and entertaining. At The Courtyards of Hazel Dell, every detail has been carefully considered to enhance your lifestyle. Homeowners enjoy an exceptional collection of amenities, including a beautifully appointed clubhouse, fitness center, outdoor pool, pickleball courts, and direct access to the scenic Midland Trace Trail creating endless opportunities for recreation, relaxation, and connection. Recognized as one of America’s most welcoming communities*, Noblesville offers the perfect backdrop for your next chapter. Discover a place where comfort, convenience, and community come together so you can live well every day. *Most welcoming places winner","Looking for a luxurious yet practical home that caters to your lifestyle needs? The Portico is the perfect choice for you. This single-level home features a functional yet elegant design emphasizing manageability and convenience. Here are some of the highlights of the Portico: A grand entrance that leads to an efficient, open layout Luxurious amenities, such as an optional gourmet kitchen and a private den Spacious owner's suite with a beautiful bathroom and ample storage space Convenient features include a centrally located laundry room and a flexible bonus suite that can serve as a guest room The Portico offers an unmatched blend of luxury and comfort. It's a home designed to make your life easier and more enjoyable. The Portico is a stunning freestanding home designed for today's casual lifestyle.",,Y,Front,Y,,,2026-04-15T14:35:44.674Z
https://www.epconcommunities.com/find-your-home/communities/indiana/indianapolis/hamilton/noblesville/the-courtyards-of-hazel-dell/quick-move-in-homes/5918-maple-glen-dr-28,The Courtyards of Hazel Dell,"5918 Maple Glen Dr, Noblesville, IN 46062",Noblesville,IN,46062,Hamilton County,,40.0380,-86.0689,463-363-1528,Sun-Mon: 12pm-6pm | Tue-Fri: 11am-6pm | Sat: 10am-6pm,https://www.epconcommunities.com,available,Epcon Communities,,,,,,,,,,,,,,,Y,Y,Promenade,Promenade,2.5,2.5,3,3,0,3,3,0,2,,2,SFD,2969,2969,,725099,725099,,2026-05-20,,,,,Courtyard: side | Attachment: detached | Garage detached: not_applicable | Dining areas: 1 | Bonus suite: Y | HERS: 0,,,"Now Selling On-Site Welcome to The Courtyards of Hazel Dell, a thoughtfully designed, low-maintenance community in the heart of Noblesville, Indiana. Here, luxury ranch homes blend timeless style with modern comfort, featuring first-floor owner’s suites, light-filled living spaces, and open-concept designs ideal for both everyday living and entertaining. At The Courtyards of Hazel Dell, every detail has been carefully considered to enhance your lifestyle. Homeowners enjoy an exceptional collection of amenities, including a beautifully appointed clubhouse, fitness center, outdoor pool, pickleball courts, and direct access to the scenic Midland Trace Trail creating endless opportunities for recreation, relaxation, and connection. Recognized as one of America’s most welcoming communities*, Noblesville offers the perfect backdrop for your next chapter. Discover a place where comfort, convenience, and community come together so you can live well every day. *Most welcoming places winner","Looking for a spacious home that can comfortably accommodate your oversized furniture and host your family and friends? The Promenade is the ideal option - This expertly designed house offers ample space for all your needs, along with a range of features to help you relax and recharge. Here are some of the highlights: Optional gourmet kitchen with center island and walk-in pantry Secluded den and private courtyard for peaceful moments Spacious owner's suite and bath for ultimate relaxation Mudroom with additional storage space for easy organization For those who believe that the home is where the heart is, look no further than the Promenade. Come see it for yourself and experience the best of modern living. The Promenade is an elegant, open home with plenty of room for you.",,Y,Front,Y,,,2026-04-15T14:49:23.992Z
https://www.epconcommunities.com/find-your-home/communities/indiana/indianapolis/hamilton/noblesville/the-courtyards-of-hazel-dell/quick-move-in-homes/5915-maple-glen-drive-19,The Courtyards of Hazel Dell,"5915 Maple Glen Drive, Noblesville, IN 46062",Noblesville,IN,46062,Hamilton County,,40.0380,-86.0689,463-363-1528,Sun-Mon: 12pm-6pm | Tue-Fri: 11am-6pm | Sat: 10am-6pm,https://www.epconcommunities.com,sold,Epcon Communities,,,,,,,,,,,,,,,Y,Y,Palazzo,Palazzo,2.5,2.5,2,2,0,2,2,0,1,,1,SFD,1826,1826,,654255,654255,,2026-07-14,,,,,Courtyard: side | Attachment: detached | Garage detached: not_applicable | Dining areas: 1 | Bonus suite: N | HERS: 0,,,"Now Selling On-Site Welcome to The Courtyards of Hazel Dell, a thoughtfully designed, low-maintenance community in the heart of Noblesville, Indiana. Here, luxury ranch homes blend timeless style with modern comfort, featuring first-floor owner’s suites, light-filled living spaces, and open-concept designs ideal for both everyday living and entertaining. At The Courtyards of Hazel Dell, every detail has been carefully considered to enhance your lifestyle. Homeowners enjoy an exceptional collection of amenities, including a beautifully appointed clubhouse, fitness center, outdoor pool, pickleball courts, and direct access to the scenic Midland Trace Trail creating endless opportunities for recreation, relaxation, and connection. Recognized as one of America’s most welcoming communities*, Noblesville offers the perfect backdrop for your next chapter. Discover a place where comfort, convenience, and community come together so you can live well every day. *Most welcoming places winner","Looking for a home that offers a comfortable and luxurious living experience? Look no further than the Palazzo! This welcoming and vibrant home is filled with natural light and offers adaptable living spaces that cater to your needs. Here are some of the features that make the Palazzo stand out: A multipurpose sunroom where you can relax and enjoy the beautiful natural surroundings An upstairs bonus suite with an optional kitchenette or wet bar, perfect for hosting guests An optional gourmet kitchen designed to accommodate double ovens, making cooking a breeze The Palazzo's flexibility and modern comforts make it a perfect fit for all personalities and lifestyles. Welcome to the Palazzo– where timeless elegance meets modern functionality.",,Y,Front,Y,,,2026-04-01T20:58:02.072Z
https://www.epconcommunities.com/find-your-home/communities/indiana/indianapolis/hamilton/noblesville/the-courtyards-of-hazel-dell/quick-move-in-homes/5903-maple-glen-dr-18,The Courtyards of Hazel Dell,"5903 Maple Glen Dr, Noblesville, IN 46062",Noblesville,IN,46062,Hamilton County,,40.0395,-86.0700,463-363-1528,Sun-Mon: 12pm-6pm | Tue-Fri: 11am-6pm | Sat: 10am-6pm,https://www.epconcommunities.com,available,Epcon Communities,,,,,,,,,,,,,,,Y,Y,Provenance,Provenance,3,3,3,3,1,3,3,1,2,,2,SFD,3802,3802,,962974,962974,,2026-07-14,,,,,Courtyard: side | Attachment: detached | Garage detached: not_applicable | Dining areas: 1 | Bonus suite: Y | HERS: 0,,,"Now Selling On-Site Welcome to The Courtyards of Hazel Dell, a thoughtfully designed, low-maintenance community in the heart of Noblesville, Indiana. Here, luxury ranch homes blend timeless style with modern comfort, featuring first-floor owner’s suites, light-filled living spaces, and open-concept designs ideal for both everyday living and entertaining. At The Courtyards of Hazel Dell, every detail has been carefully considered to enhance your lifestyle. Homeowners enjoy an exceptional collection of amenities, including a beautifully appointed clubhouse, fitness center, outdoor pool, pickleball courts, and direct access to the scenic Midland Trace Trail creating endless opportunities for recreation, relaxation, and connection. Recognized as one of America’s most welcoming communities*, Noblesville offers the perfect backdrop for your next chapter. Discover a place where comfort, convenience, and community come together so you can live well every day. *Most welcoming places winner","Looking for a spacious and luxurious home that offers convenience and flexibility? The Provenance might be just what you need. With the most square footage of our luxury ranch floor plans, the Provenance allows you to tailor your home to your liking. This home provides an easy, low-maintenance lifestyle that's perfect for hosting loved ones and impressing guests. Here are some of the features that make the Provenance stand out: Two first-floor owner's suites with impressive lavish bathrooms You can take outdoor living and luxury to a new level with two private garden courtyards and an optional two-sided fireplace. Unique finishes and sought-after features including an entry gallery and a dramatic living room with a vaulted ceiling 3-car garage with additional storage space Whether you're looking for a place to unwind or a space to entertain, the Provenance has the options – and the space – to bring living well to life. The Provenance invites you to live larger.",,Y,Front,Y,,,2026-04-15T14:31:17.486Z
https://www.epconcommunities.com/find-your-home/communities/indiana/indianapolis/hamilton/noblesville/the-courtyards-of-hazel-dell/quick-move-in-homes/17345-hickory-hollow-rdg-3,The Courtyards of Hazel Dell,"17345 Hickory Hollow Rdg, Noblesville, IN 46062",Noblesville,IN,46062,Hamilton County,,40.0395,-86.0700,463-363-1528,Sun-Mon: 12pm-6pm | Tue-Fri: 11am-6pm | Sat: 10am-6pm,https://www.epconcommunities.com,available,Epcon Communities,,,,,,,,,,,,,,,Y,Y,Promenade,Promenade,2.5,2.5,2,2,0,2,2,0,1,,1,SFD,2188,2188,,678760,678760,,2026-09-15,,,,,Courtyard: side | Attachment: detached | Garage detached: not_applicable | Dining areas: 1 | Bonus suite: N | HERS: 0,,,"Now Selling On-Site Welcome to The Courtyards of Hazel Dell, a thoughtfully designed, low-maintenance community in the heart of Noblesville, Indiana. Here, luxury ranch homes blend timeless style with modern comfort, featuring first-floor owner’s suites, light-filled living spaces, and open-concept designs ideal for both everyday living and entertaining. At The Courtyards of Hazel Dell, every detail has been carefully considered to enhance your lifestyle. Homeowners enjoy an exceptional collection of amenities, including a beautifully appointed clubhouse, fitness center, outdoor pool, pickleball courts, and direct access to the scenic Midland Trace Trail creating endless opportunities for recreation, relaxation, and connection. Recognized as one of America’s most welcoming communities*, Noblesville offers the perfect backdrop for your next chapter. Discover a place where comfort, convenience, and community come together so you can live well every day. *Most welcoming places winner","Looking for a spacious home that can comfortably accommodate your oversized furniture and host your family and friends? The Promenade is the ideal option - This expertly designed house offers ample space for all your needs, along with a range of features to help you relax and recharge. Here are some of the highlights: Optional gourmet kitchen with center island and walk-in pantry Secluded den and private courtyard for peaceful moments Spacious owner's suite and bath for ultimate relaxation Mudroom with additional storage space for easy organization For those who believe that the home is where the heart is, look no further than the Promenade. Come see it for yourself and experience the best of modern living. The Promenade is an elegant, open home with plenty of room for you.",,Y,Front,Y,,,2026-04-21T19:44:00.431Z
https://www.epconcommunities.com/find-your-home/communities/indiana/indianapolis/hamilton/noblesville/the-courtyards-of-hazel-dell/quick-move-in-homes/17306--hickory-rdg-32,The Courtyards of Hazel Dell,"17306  Hickory Rdg, Noblesville, IN 46062",Noblesville,IN,46062,Hamilton County,,40.0380,-86.0689,463-363-1528,Sun-Mon: 12pm-6pm | Tue-Fri: 11am-6pm | Sat: 10am-6pm,https://www.epconcommunities.com,available,Epcon Communities,,,,,,,,,,,,,,,Y,Y,Portico,Portico,2.5,2.5,3,3,0,3,3,0,2,,2,SFD,2617,2617,,719595,719595,,2026-07-14,,,,,Courtyard: side | Attachment: detached | Garage detached: not_applicable | Dining areas: 1 | Bonus suite: Y | HERS: 0,,,"Now Selling On-Site Welcome to The Courtyards of Hazel Dell, a thoughtfully designed, low-maintenance community in the heart of Noblesville, Indiana. Here, luxury ranch homes blend timeless style with modern comfort, featuring first-floor owner’s suites, light-filled living spaces, and open-concept designs ideal for both everyday living and entertaining. At The Courtyards of Hazel Dell, every detail has been carefully considered to enhance your lifestyle. Homeowners enjoy an exceptional collection of amenities, including a beautifully appointed clubhouse, fitness center, outdoor pool, pickleball courts, and direct access to the scenic Midland Trace Trail creating endless opportunities for recreation, relaxation, and connection. Recognized as one of America’s most welcoming communities*, Noblesville offers the perfect backdrop for your next chapter. Discover a place where comfort, convenience, and community come together so you can live well every day. *Most welcoming places winner","Looking for a luxurious yet practical home that caters to your lifestyle needs? The Portico is the perfect choice for you. This single-level home features a functional yet elegant design emphasizing manageability and convenience. Here are some of the highlights of the Portico: A grand entrance that leads to an efficient, open layout Luxurious amenities, such as an optional gourmet kitchen and a private den Spacious owner's suite with a beautiful bathroom and ample storage space Convenient features include a centrally located laundry room and a flexible bonus suite that can serve as a guest room The Portico offers an unmatched blend of luxury and comfort. It's a home designed to make your life easier and more enjoyable. The Portico is a stunning freestanding home designed for today's casual lifestyle.",,Y,Front,Y,,,2026-03-23T19:05:54.789Z
https://www.epconcommunities.com/find-your-home/communities/indiana/indianapolis/hamilton/fishers/the-courtyards-of-fishers/quick-move-in-homes/16743-sunland-farm-drive-50,The Courtyards of Fishers,"16743 Sunland Farm Drive, Fishers, IN 46040",Fishers,IN,46040,Hamilton County,,39.9566,-85.8743,463-229-3708,By Appointment Only,https://www.epconcommunities.com,available,Epcon Communities,,,,,,,,,,,,,,,Y,Y,Palazzo,Palazzo,2.5,2.5,3,3,0,3,3,0,2,,2,SFD,2255,2255,,608298,608298,,2026-06-29,,,,,Courtyard: side | Attachment: detached | Garage detached: not_applicable | Dining areas: 1 | Bonus suite: Y | HERS: 0,,,"Don't miss your opportunity to secure a spot in this desirable low-maintenance community! At the Courtyards of Fishers, you don't have to choose between an active hub in the center of it all, or a sanctuary surrounded by natural beauty. Spend your days with the best of both worlds. This incredible community is just a short drive from the best of Fishers, but also maintains a rural setting that captures the peaceful forests of the Geist area. A short drive into the heart of Fishers orders shopping, dining and entertainment, you’ll be able to run some errands, take a yoga class or grab lunch with friends. If time allows, catch some rays at Geist Reservoir before watching the sunset on the water over beverages and dinner at the marina. And at the end of the day, return to a personal oasis that truly feels like home at The Courtyards of Fishers. Experience everything this boutique community features including a community gathering area complete with a lounge and firepit, walking trails, a pond and a tree-lined preservation area. Plus, enjoy a low-maintenance lifestyle that provides you with more time to do the things that matter most. Learn more about what it means to live well every day!","Looking for a home that offers a comfortable and luxurious living experience? Look no further than the Palazzo! This welcoming and vibrant home is filled with natural light and offers adaptable living spaces that cater to your needs. Here are some of the features that make the Palazzo stand out: A multipurpose sunroom where you can relax and enjoy the beautiful natural surroundings An upstairs bonus suite with an optional kitchenette or wet bar, perfect for hosting guests An optional gourmet kitchen designed to accommodate double ovens, making cooking a breeze The Palazzo's flexibility and modern comforts make it a perfect fit for all personalities and lifestyles. The Palazzo is built to please and empower the lifestyle you crave.",,Y,Front,Y,,,2026-03-02T14:40:52.196Z
https://www.epconcommunities.com/find-your-home/communities/indiana/indianapolis/hamilton/fishers/the-courtyards-of-fishers/quick-move-in-homes/16742-sunland-farm-drive-1,The Courtyards of Fishers,"16742 Sunland Farm Drive, Fishers, IN 46040",Fishers,IN,46040,Hamilton County,,39.9583,-85.8736,463-229-3708,By Appointment Only,https://www.epconcommunities.com,sold,Epcon Communities,,,,,,,,,,,,,,,Y,Y,Portico,Portico,2.5,2.5,3,3,0,3,3,0,2,,2,SFD,2567,2567,,642156,642156,,2026-03-12,,,,,Courtyard: side | Attachment: detached | Garage detached: not_applicable | Dining areas: 1 | Bonus suite: Y | HERS: 0,,,"Don't miss your opportunity to secure a spot in this desirable low-maintenance community! At the Courtyards of Fishers, you don't have to choose between an active hub in the center of it all, or a sanctuary surrounded by natural beauty. Spend your days with the best of both worlds. This incredible community is just a short drive from the best of Fishers, but also maintains a rural setting that captures the peaceful forests of the Geist area. A short drive into the heart of Fishers orders shopping, dining and entertainment, you’ll be able to run some errands, take a yoga class or grab lunch with friends. If time allows, catch some rays at Geist Reservoir before watching the sunset on the water over beverages and dinner at the marina. And at the end of the day, return to a personal oasis that truly feels like home at The Courtyards of Fishers. Experience everything this boutique community features including a community gathering area complete with a lounge and firepit, walking trails, a pond and a tree-lined preservation area. Plus, enjoy a low-maintenance lifestyle that provides you with more time to do the things that matter most. Learn more about what it means to live well every day!","Looking for a luxurious yet practical home that caters to your lifestyle needs? The Portico is the perfect choice for you. This single-level home features a functional yet elegant design emphasizing manageability and convenience. Here are some of the highlights of the Portico: A grand entrance that leads to an efficient, open layout Luxurious amenities, such as an optional gourmet kitchen and a private den Spacious owner's suite with a beautiful bathroom and ample storage space Convenient features include a centrally located laundry room and a flexible bonus suite that can serve as a guest room The Portico offers an unmatched blend of luxury and comfort. It's a home designed to make your life easier and more enjoyable. The Portico is a stunning freestanding home designed for today's casual lifestyle.",,Y,Front,Y,,,2026-04-22T16:49:36.357Z
https://www.epconcommunities.com/find-your-home/communities/indiana/indianapolis/hamilton/fishers/the-courtyards-of-fishers/quick-move-in-homes/16695-sunland-farm-dr-48,The Courtyards of Fishers,"16695 Sunland Farm Dr, Fishers, IN 46040",Fishers,IN,46040,Hamilton County,,39.9566,-85.8743,463-229-3708,By Appointment Only,https://www.epconcommunities.com,available,Epcon Communities,,,,,,,,,,,,,,,Y,Y,Portico,Portico,2.5,2.5,3,3,0,3,3,0,2,,2,SFD,2567,2567,,638912,638912,,2026-05-29,,,,,Courtyard: side | Attachment: detached | Garage detached: not_applicable | Dining areas: 1 | Bonus suite: Y | HERS: 0,,,"Don't miss your opportunity to secure a spot in this desirable low-maintenance community! At the Courtyards of Fishers, you don't have to choose between an active hub in the center of it all, or a sanctuary surrounded by natural beauty. Spend your days with the best of both worlds. This incredible community is just a short drive from the best of Fishers, but also maintains a rural setting that captures the peaceful forests of the Geist area. A short drive into the heart of Fishers orders shopping, dining and entertainment, you’ll be able to run some errands, take a yoga class or grab lunch with friends. If time allows, catch some rays at Geist Reservoir before watching the sunset on the water over beverages and dinner at the marina. And at the end of the day, return to a personal oasis that truly feels like home at The Courtyards of Fishers. Experience everything this boutique community features including a community gathering area complete with a lounge and firepit, walking trails, a pond and a tree-lined preservation area. Plus, enjoy a low-maintenance lifestyle that provides you with more time to do the things that matter most. Learn more about what it means to live well every day!","Looking for a luxurious yet practical home that caters to your lifestyle needs? The Portico is the perfect choice for you. This single-level home features a functional yet elegant design emphasizing manageability and convenience. Here are some of the highlights of the Portico: A grand entrance that leads to an efficient, open layout Luxurious amenities, such as an optional gourmet kitchen and a private den Spacious owner's suite with a beautiful bathroom and ample storage space Convenient features include a centrally located laundry room and a flexible bonus suite that can serve as a guest room The Portico offers an unmatched blend of luxury and comfort. It's a home designed to make your life easier and more enjoyable. The Portico is a stunning freestanding home designed for today's casual lifestyle.",,Y,Front,Y,,,2026-01-28T14:50:37.017Z
https://www.epconcommunities.com/find-your-home/communities/indiana/indianapolis/boone/zionsville/the-courtyards-of-russell-oaks/quick-move-in-homes/7116-yosemite-drive-75,The Courtyards of Russell Oaks,"7116 Yosemite Drive, Zionsville, IN 46077",Zionsville,IN,46077,Boone County,,39.9498,-86.2967,463-255-4903,Sun-Mon: 12pm-6pm | Tue-Fri: 11am-6pm | Sat: 10am-6pm,https://www.epconcommunities.com,available,Epcon Communities,,,,,,,,,,,,,,,Y,Y,Torino,Torino,2.5,2.5,3,3,0,3,3,0,2,,2,SFD,2745,2745,,920379,920379,,2026-08-10,,,,,Courtyard: rear | Attachment: detached | Garage detached: not_applicable | Dining areas: 1 | Bonus suite: Y | HERS: 0,,,"We invite you to visit our on-site Welcome Center, located in our Promenade model, to learn more about our low-maintenance community, The Courtyards of Russell Oaks, as well as The Reserve at Russell Oaks , our newest collection of luxury ranch homes surrounding Russell Lake. Nestled in a serene setting, and conveniently located just minutes from the heart of downtown Zionsville, this community offers new luxury ranch homes, designed and built for your lifestyle now and for years to come, featuring open, light-filled interiors and private, outdoor courtyards. Plus, The Courtyards of Russell Oaks features resort-style amenities, including a clubhouse with fitness center and heated pool, bocce and pickleball and the low-maintenance lifestyle that you deserve. Learn more about what it means to live well every day!","Now Selling - Limited Opportunities! Introducing the Torino, a versatile home designed to fit your personal style. This luxury home boasts ample space for oversized furniture and a large dining area, making it perfect for hosting large gatherings with ease and comfort. The home offers a perfect blend of entertainment and privacy, and is an ideal choice for those who value both. Experience a luxurious owner's suite that’s a haven of comfort and convenience Enjoy an oasis with a tranquil private courtyard, providing the perfect peaceful retreat right at your doorstep Cook in the kitchen at the heart of the home, perfect for a quiet dinner or a big gathering For added flexibility, the Torino offers a finished basement and an optional bonus suite. Perfect for accommodating visiting guests or serving as a private office, it adapts to your needs. If you believe that home is where the heart is, then the Torino warmly invites you to make it your own. The Torino is an incredible, expansive home with features built to your exact specifications.",,Y,Front,Y,,,2026-04-28T20:46:52.562Z
https://www.epconcommunities.com/find-your-home/communities/indiana/indianapolis/boone/zionsville/the-courtyards-of-russell-oaks/quick-move-in-homes/7086-yosemite-dr-70,The Courtyards of Russell Oaks,"7086 Yosemite Dr, Zionsville, IN 46077",Zionsville,IN,46077,Boone County,,39.9498,-86.2967,463-255-4903,Sun-Mon: 12pm-6pm | Tue-Fri: 11am-6pm | Sat: 10am-6pm,https://www.epconcommunities.com,available,Epcon Communities,,,,,,,,,,,,,,,Y,Y,Promenade,Promenade,2.5,2.5,3,3,0,3,3,0,2,,2,SFD,2979,2979,,887705,887705,,2026-06-27,,,,,Courtyard: side | Attachment: detached | Garage detached: not_applicable | Dining areas: 1 | Bonus suite: Y | HERS: 0,,,"We invite you to visit our on-site Welcome Center, located in our Promenade model, to learn more about our low-maintenance community, The Courtyards of Russell Oaks, as well as The Reserve at Russell Oaks , our newest collection of luxury ranch homes surrounding Russell Lake. Nestled in a serene setting, and conveniently located just minutes from the heart of downtown Zionsville, this community offers new luxury ranch homes, designed and built for your lifestyle now and for years to come, featuring open, light-filled interiors and private, outdoor courtyards. Plus, The Courtyards of Russell Oaks features resort-style amenities, including a clubhouse with fitness center and heated pool, bocce and pickleball and the low-maintenance lifestyle that you deserve. Learn more about what it means to live well every day!","Looking for a spacious home that can comfortably accommodate your oversized furniture and host your family and friends? The Promenade is the ideal option - This expertly designed house offers ample space for all your needs, along with a range of features to help you relax and recharge. Here are some of the highlights: Optional gourmet kitchen with center island and walk-in pantry Secluded den and private courtyard for peaceful moments Spacious owner's suite and bath for ultimate relaxation Mudroom with additional storage space for easy organization For those who believe that the home is where the heart is, look no further than the Promenade. Come see it for yourself and experience the best of modern living. The Promenade is an elegant, open home with plenty of room for you.",,Y,Front,Y,,,2026-03-23T19:00:00.603Z
https://www.epconcommunities.com/find-your-home/communities/indiana/indianapolis/boone/zionsville/the-courtyards-of-russell-oaks/quick-move-in-homes/7073-yosemite-dr-114,The Courtyards of Russell Oaks,"7073 Yosemite Dr, Zionsville, IN 46077",Zionsville,IN,46077,Boone County,,39.9498,-86.2967,463-255-4903,Sun-Mon: 12pm-6pm | Tue-Fri: 11am-6pm | Sat: 10am-6pm,https://www.epconcommunities.com,available,Epcon Communities,,,,,,,,,,,,,,,Y,Y,Promenade,Promenade,2.5,2.5,2,2,0,2,2,0,1,,1,SFD,2188,2188,,755562,755562,,2026-07-13,,,,,Courtyard: side | Attachment: detached | Garage detached: not_applicable | Dining areas: 1 | Bonus suite: N | HERS: 0,,,"We invite you to visit our on-site Welcome Center, located in our Promenade model, to learn more about our low-maintenance community, The Courtyards of Russell Oaks, as well as The Reserve at Russell Oaks , our newest collection of luxury ranch homes surrounding Russell Lake. Nestled in a serene setting, and conveniently located just minutes from the heart of downtown Zionsville, this community offers new luxury ranch homes, designed and built for your lifestyle now and for years to come, featuring open, light-filled interiors and private, outdoor courtyards. Plus, The Courtyards of Russell Oaks features resort-style amenities, including a clubhouse with fitness center and heated pool, bocce and pickleball and the low-maintenance lifestyle that you deserve. Learn more about what it means to live well every day!","Looking for a spacious home that can comfortably accommodate your oversized furniture and host your family and friends? The Promenade is the ideal option - This expertly designed house offers ample space for all your needs, along with a range of features to help you relax and recharge. Here are some of the highlights: Optional gourmet kitchen with center island and walk-in pantry Secluded den and private courtyard for peaceful moments Spacious owner's suite and bath for ultimate relaxation Mudroom with additional storage space for easy organization For those who believe that the home is where the heart is, look no further than the Promenade. Come see it for yourself and experience the best of modern living. The Promenade is an elegant, open home with plenty of room for you.",,Y,Front,Y,,,2026-04-08T14:23:43.397Z
https://www.epconcommunities.com/find-your-home/communities/indiana/indianapolis/boone/zionsville/the-courtyards-of-russell-oaks/quick-move-in-homes/7066-shenandoah-st-125,The Courtyards of Russell Oaks,"7066 Shenandoah St, Zionsville, IN 46077",Zionsville,IN,46077,Boone County,,39.9498,-86.2967,463-255-4903,Sun-Mon: 12pm-6pm | Tue-Fri: 11am-6pm | Sat: 10am-6pm,https://www.epconcommunities.com,sold,Epcon Communities,,,,,,,,,,,,,,,Y,Y,Promenade,Promenade,2.5,2.5,3,3,0,3,3,0,2,,2,SFD,2969,2969,,790855,790855,,2026-03-30,,,,,Courtyard: side | Attachment: detached | Garage detached: not_applicable | Dining areas: 1 | Bonus suite: Y | HERS: 0,,,"We invite you to visit our on-site Welcome Center, located in our Promenade model, to learn more about our low-maintenance community, The Courtyards of Russell Oaks, as well as The Reserve at Russell Oaks , our newest collection of luxury ranch homes surrounding Russell Lake. Nestled in a serene setting, and conveniently located just minutes from the heart of downtown Zionsville, this community offers new luxury ranch homes, designed and built for your lifestyle now and for years to come, featuring open, light-filled interiors and private, outdoor courtyards. Plus, The Courtyards of Russell Oaks features resort-style amenities, including a clubhouse with fitness center and heated pool, bocce and pickleball and the low-maintenance lifestyle that you deserve. Learn more about what it means to live well every day!","Looking for a spacious home that can comfortably accommodate your oversized furniture and host your family and friends? The Promenade is the ideal option - This expertly designed house offers ample space for all your needs, along with a range of features to help you relax and recharge. Here are some of the highlights: Optional gourmet kitchen with center island and walk-in pantry Secluded den and private courtyard for peaceful moments Spacious owner's suite and bath for ultimate relaxation Mudroom with additional storage space for easy organization For those who believe that the home is where the heart is, look no further than the Promenade. Come see it for yourself and experience the best of modern living. The Promenade is an elegant, open home with plenty of room for you.",,Y,Front,Y,,,2026-04-29T20:48:41.192Z
https://www.epconcommunities.com/find-your-home/communities/indiana/indianapolis/boone/zionsville/the-courtyards-of-russell-oaks/quick-move-in-homes/7054-shenandoah-st-123,The Courtyards of Russell Oaks,"7054 Shenandoah St, Zionsville, IN 46077",Zionsville,IN,46077,Boone County,,39.9498,-86.2967,463-255-4903,Sun-Mon: 12pm-6pm | Tue-Fri: 11am-6pm | Sat: 10am-6pm,https://www.epconcommunities.com,sold,Epcon Communities,,,,,,,,,,,,,,,Y,Y,Portico,Portico,2.5,2.5,3,3,0,3,3,0,2,,2,SFD,2571,2571,,748590,748590,,2026-03-30,,,,,Courtyard: side | Attachment: detached | Garage detached: not_applicable | Dining areas: 1 | Bonus suite: Y | HERS: 0,,,"We invite you to visit our on-site Welcome Center, located in our Promenade model, to learn more about our low-maintenance community, The Courtyards of Russell Oaks, as well as The Reserve at Russell Oaks , our newest collection of luxury ranch homes surrounding Russell Lake. Nestled in a serene setting, and conveniently located just minutes from the heart of downtown Zionsville, this community offers new luxury ranch homes, designed and built for your lifestyle now and for years to come, featuring open, light-filled interiors and private, outdoor courtyards. Plus, The Courtyards of Russell Oaks features resort-style amenities, including a clubhouse with fitness center and heated pool, bocce and pickleball and the low-maintenance lifestyle that you deserve. Learn more about what it means to live well every day!","Looking for a luxurious yet practical home that caters to your lifestyle needs? The Portico is the perfect choice for you. This single-level home features a functional yet elegant design emphasizing manageability and convenience. Here are some of the highlights of the Portico: A grand entrance that leads to an efficient, open layout Luxurious amenities, such as an optional gourmet kitchen and a private den Spacious owner's suite with a beautiful bathroom and ample storage space Convenient features include a centrally located laundry room and a flexible bonus suite that can serve as a guest room The Portico offers an unmatched blend of luxury and comfort. It's a home designed to make your life easier and more enjoyable. The Portico is a stunning freestanding home designed for today's casual lifestyle.",,Y,Front,Y,,,2026-03-16T15:02:07.375Z
https://www.epconcommunities.com/find-your-home/communities/indiana/indianapolis/boone/zionsville/the-courtyards-of-russell-oaks/quick-move-in-homes/7051-shenandoah-st-144,The Courtyards of Russell Oaks,"7051 Shenandoah St, Zionsville, IN 46077",Zionsville,IN,46077,Boone County,,39.9498,-86.2967,463-255-4903,Sun-Mon: 12pm-6pm | Tue-Fri: 11am-6pm | Sat: 10am-6pm,https://www.epconcommunities.com,available,Epcon Communities,,,,,,,,,,,,,,,Y,Y,Torino,Torino,2.5,2.5,3,3,0,3,3,0,1,,1,SFD,3756,3756,,1077520,1077520,,2026-09-14,,,,,Courtyard: rear | Attachment: detached | Garage detached: not_applicable | Dining areas: 0 | Bonus suite: N | HERS: 0,,,"We invite you to visit our on-site Welcome Center, located in our Promenade model, to learn more about our low-maintenance community, The Courtyards of Russell Oaks, as well as The Reserve at Russell Oaks , our newest collection of luxury ranch homes surrounding Russell Lake. Nestled in a serene setting, and conveniently located just minutes from the heart of downtown Zionsville, this community offers new luxury ranch homes, designed and built for your lifestyle now and for years to come, featuring open, light-filled interiors and private, outdoor courtyards. Plus, The Courtyards of Russell Oaks features resort-style amenities, including a clubhouse with fitness center and heated pool, bocce and pickleball and the low-maintenance lifestyle that you deserve. Learn more about what it means to live well every day!","Now Selling - Limited Opportunities! Introducing the Torino, a versatile home designed to fit your personal style. This luxury home boasts ample space for oversized furniture and a large dining area, making it perfect for hosting large gatherings with ease and comfort. The home offers a perfect blend of entertainment and privacy, and is an ideal choice for those who value both. Experience a luxurious owner's suite that’s a haven of comfort and convenience Enjoy an oasis with a tranquil private courtyard, providing the perfect peaceful retreat right at your doorstep Cook in the kitchen at the heart of the home, perfect for a quiet dinner or a big gathering For added flexibility, the Torino offers a finished basement and an optional bonus suite. Perfect for accommodating visiting guests or serving as a private office, it adapts to your needs. If you believe that home is where the heart is, then the Torino warmly invites you to make it your own. The Torino is an incredible, expansive home with features built to your exact specifications.",,Y,Front,Y,,,2026-04-28T20:46:20.504Z
https://www.epconcommunities.com/find-your-home/communities/indiana/indianapolis/boone/zionsville/the-courtyards-of-russell-oaks/quick-move-in-homes/7031-yosemite-drive-121,The Courtyards of Russell Oaks,"7031 Yosemite Drive, Zionsville, IN 46077",Zionsville,IN,46077,Boone County,,39.9498,-86.2967,463-255-4903,Sun-Mon: 12pm-6pm | Tue-Fri: 11am-6pm | Sat: 10am-6pm,https://www.epconcommunities.com,sold,Epcon Communities,,,,,,,,,,,,,,,Y,Y,Palazzo,Palazzo,2.5,2.5,2,2,0,2,2,0,1,,1,SFD,1818,1818,,649900,649900,,2025-12-10,,,,,Courtyard: side | Attachment: detached | Garage detached: no | Dining areas: 1 | Bonus suite: N | HERS: 0,,,"We invite you to visit our on-site Welcome Center, located in our Promenade model, to learn more about our low-maintenance community, The Courtyards of Russell Oaks, as well as The Reserve at Russell Oaks , our newest collection of luxury ranch homes surrounding Russell Lake. Nestled in a serene setting, and conveniently located just minutes from the heart of downtown Zionsville, this community offers new luxury ranch homes, designed and built for your lifestyle now and for years to come, featuring open, light-filled interiors and private, outdoor courtyards. Plus, The Courtyards of Russell Oaks features resort-style amenities, including a clubhouse with fitness center and heated pool, bocce and pickleball and the low-maintenance lifestyle that you deserve. Learn more about what it means to live well every day!","Looking for a home that offers a comfortable and luxurious living experience? Look no further than the Palazzo! This welcoming and vibrant home is filled with natural light and offers adaptable living spaces that cater to your needs. Here are some of the features that make the Palazzo stand out: A multipurpose sunroom where you can relax and enjoy the beautiful natural surroundings An upstairs bonus suite with an optional kitchenette or wet bar, perfect for hosting guests An optional gourmet kitchen designed to accommodate double ovens, making cooking a breeze The Palazzo's flexibility and modern comforts make it a perfect fit for all personalities and lifestyles. Welcome to the Palazzo– where timeless elegance meets modern functionality.",,Y,Front,Y,,,2026-03-23T18:58:58.396Z
https://www.epconcommunities.com/find-your-home/communities/georgia/atlanta/gwinnett/dacula/the-courtyards-at-bailey-farms/quick-move-in-homes/3557-fishpond-circle-95,The Courtyards at Bailey Farms,"3557 Fishpond Circle, Dacula, GA 30019",Dacula,GA,30019,Gwinnett County,,34.0147,-83.8913,678-336-1417,Sun-Mon: 12pm-6pm  |  Tue-Sat: 10am-6pm,https://www.epconcommunities.com,sold,Epcon Communities,,,,,,,,,,,,,,,Y,Y,Portico,Portico,2.5,2.5,2,2,0,2,2,0,1,,1,SFD,1886,1886,,577679,577679,,2026-03-25,,,,,Courtyard: side | Attachment: detached | Garage detached: no | Dining areas: 0 | Bonus suite: N | HERS: 0,,,"NOW SELLING PHASE II Welcome to The Courtyards at Bailey Farms, a 55+ Active Lifestyle community located in Dacula, GA. This boutique community offers an exceptional living experience that embraces the ease of single-level living and the freedom of a lock & leave lifestyle. At The Courtyards at Bailey Farms, our homes are thoughtfully designed to support you today and into the future, featuring first-floor owner's suites, spacious hallways and open floor plans that make everyday living both comfortable and convenient. Single-Level Living Say goodbye to stairs and embrace the simplicity of single-level living. Each home is designed with all essential living spaces on one floor, making daily life more accessible and enjoyable. Private, Garden Courtyards Enjoy the serenity of your own private, garden courtyard, a peaceful outdoor retreat where you can relax, entertain or simply unwind in your personal oasis. Lock & Leave Lifestyle With landscape maintenance included, you’re free to travel, visit family or enjoy more of what the Atlanta area has to offer, knowing your home is well cared for while you’re away. The Courtyards at Bailey Farms is more than just a place to live, it’s a place to thrive. Discover a new level of comfort, convenience and connection in this amenity-rich community. Your future begins here, and we invite you to schedule an appointment to experience Explore the final phase of this vibrant community and be among the first to claim your spot!","Looking for a luxurious yet practical home that caters to your lifestyle needs? The Portico is the perfect choice for you. This single-level home features a functional yet elegant design emphasizing manageability and convenience. Here are some of the highlights of the Portico: A grand entrance that leads to an efficient, open layout Luxurious amenities, such as an optional gourmet kitchen and a private den Spacious owner's suite with a beautiful bathroom and ample storage space Convenient features include a centrally located laundry room and a flexible bonus suite that can serve as a guest room The Portico offers an unmatched blend of luxury and comfort. It's a home designed to make your life easier and more enjoyable. The Portico is a stunning freestanding home designed for today's casual lifestyle.",,Y,Front,Y,,,2026-04-01T19:35:59.102Z
https://www.epconcommunities.com/find-your-home/communities/georgia/atlanta/gwinnett/dacula/the-courtyards-at-bailey-farms/quick-move-in-homes/3507-fishpond-circle-100,The Courtyards at Bailey Farms,"3507 Fishpond Circle, Dacula, GA 30019",Dacula,GA,30019,Gwinnett County,,34.0117,-83.8910,678-336-1417,Sun-Mon: 12pm-6pm  |  Tue-Sat: 10am-6pm,https://www.epconcommunities.com,available,Epcon Communities,,,,,,,,,,,,,,,Y,Y,Portico,Portico,2.5,2.5,3,3,0,3,3,0,2,,2,SFD,2454,2454,,631088,631088,,2025-09-27,,,,,Courtyard: side | Attachment: detached | Garage detached: no | Dining areas: 0 | Bonus suite: Y | HERS: 0,,,"NOW SELLING PHASE II Welcome to The Courtyards at Bailey Farms, a 55+ Active Lifestyle community located in Dacula, GA. This boutique community offers an exceptional living experience that embraces the ease of single-level living and the freedom of a lock & leave lifestyle. At The Courtyards at Bailey Farms, our homes are thoughtfully designed to support you today and into the future, featuring first-floor owner's suites, spacious hallways and open floor plans that make everyday living both comfortable and convenient. Single-Level Living Say goodbye to stairs and embrace the simplicity of single-level living. Each home is designed with all essential living spaces on one floor, making daily life more accessible and enjoyable. Private, Garden Courtyards Enjoy the serenity of your own private, garden courtyard, a peaceful outdoor retreat where you can relax, entertain or simply unwind in your personal oasis. Lock & Leave Lifestyle With landscape maintenance included, you’re free to travel, visit family or enjoy more of what the Atlanta area has to offer, knowing your home is well cared for while you’re away. The Courtyards at Bailey Farms is more than just a place to live, it’s a place to thrive. Discover a new level of comfort, convenience and connection in this amenity-rich community. Your future begins here, and we invite you to schedule an appointment to experience Explore the final phase of this vibrant community and be among the first to claim your spot!","Looking for a luxurious yet practical home that caters to your lifestyle needs? The Portico Bonus is the perfect choice for you. This home features a functional yet elegant design emphasizing manageability and convenience. Here are some of the highlights of the Portico Bonus: A grand entrance that leads to an efficient, open layout Spacious owner's suite with a beautiful bathroom and ample storage space Convenient features include a centrally located laundry room and a flexible bonus suite that can serve as a guest room The Portico Bonus offers an unmatched blend of luxury and comfort. It's a home designed to make your life easier and more enjoyable. The Portico Bonus is a stunning freestanding home designed for today's casual lifestyle.",,Y,Front,Y,,,2026-03-09T19:29:53.060Z
https://www.epconcommunities.com/find-your-home/communities/georgia/atlanta/gwinnett/dacula/the-courtyards-at-bailey-farms/quick-move-in-homes/3472-fishpond-circle-8,The Courtyards at Bailey Farms,"3472 Fishpond Circle, Dacula, GA 30019",Dacula,GA,30019,Gwinnett County,,34.0139,-83.8922,678-336-1417,Sun-Mon: 12pm-6pm  |  Tue-Sat: 10am-6pm,https://www.epconcommunities.com,available,Epcon Communities,,,,,,,,,,,,,,,Y,Y,Palazzo,Palazzo,2.5,2.5,2,2,0,2,2,0,1,,1,SFD,1818,1818,,575699,575699,,2025-07-26,,,,,Courtyard: side | Attachment: detached | Garage detached: no | Dining areas: 0 | Bonus suite: N | HERS: 0,,,"NOW SELLING PHASE II Welcome to The Courtyards at Bailey Farms, a 55+ Active Lifestyle community located in Dacula, GA. This boutique community offers an exceptional living experience that embraces the ease of single-level living and the freedom of a lock & leave lifestyle. At The Courtyards at Bailey Farms, our homes are thoughtfully designed to support you today and into the future, featuring first-floor owner's suites, spacious hallways and open floor plans that make everyday living both comfortable and convenient. Single-Level Living Say goodbye to stairs and embrace the simplicity of single-level living. Each home is designed with all essential living spaces on one floor, making daily life more accessible and enjoyable. Private, Garden Courtyards Enjoy the serenity of your own private, garden courtyard, a peaceful outdoor retreat where you can relax, entertain or simply unwind in your personal oasis. Lock & Leave Lifestyle With landscape maintenance included, you’re free to travel, visit family or enjoy more of what the Atlanta area has to offer, knowing your home is well cared for while you’re away. The Courtyards at Bailey Farms is more than just a place to live, it’s a place to thrive. Discover a new level of comfort, convenience and connection in this amenity-rich community. Your future begins here, and we invite you to schedule an appointment to experience Explore the final phase of this vibrant community and be among the first to claim your spot!","Looking for a home that offers a comfortable and luxurious living experience? Look no further than the Palazzo! This welcoming and vibrant home is filled with natural light and offers adaptable living spaces that cater to your needs. Here are some of the features that make the Palazzo stand out: A multipurpose four seasons room where you can relax and enjoy the beautiful natural surroundings An optional gourmet kitchen designed to accommodate double ovens, making cooking a breeze The Palazzo's flexibility and modern comforts make it a perfect fit for all personalities and lifestyles. Welcome to the Palazzo– where timeless elegance meets modern functionality.",,Y,Front,Y,,,2026-04-01T21:19:57.068Z
https://www.epconcommunities.com/find-your-home/communities/georgia/atlanta/gwinnett/dacula/the-courtyards-at-bailey-farms/quick-move-in-homes/3422-fishpond-circle-13,The Courtyards at Bailey Farms,"3422 Fishpond Circle, Dacula, GA 30019",Dacula,GA,30019,Gwinnett County,,34.0116,-83.8896,678-336-1417,Sun-Mon: 12pm-6pm  |  Tue-Sat: 10am-6pm,https://www.epconcommunities.com,sold,Epcon Communities,,,,,,,,,,,,,,,Y,Y,Portico,Portico,2.5,2.5,3,3,0,3,3,0,2,,2,SFD,2597,2597,,646237,646237,,2026-03-26,,,,,Courtyard: side | Attachment: detached | Garage detached: not_applicable | Dining areas: 0 | Bonus suite: Y | HERS: 0,,,"NOW SELLING PHASE II Welcome to The Courtyards at Bailey Farms, a 55+ Active Lifestyle community located in Dacula, GA. This boutique community offers an exceptional living experience that embraces the ease of single-level living and the freedom of a lock & leave lifestyle. At The Courtyards at Bailey Farms, our homes are thoughtfully designed to support you today and into the future, featuring first-floor owner's suites, spacious hallways and open floor plans that make everyday living both comfortable and convenient. Single-Level Living Say goodbye to stairs and embrace the simplicity of single-level living. Each home is designed with all essential living spaces on one floor, making daily life more accessible and enjoyable. Private, Garden Courtyards Enjoy the serenity of your own private, garden courtyard, a peaceful outdoor retreat where you can relax, entertain or simply unwind in your personal oasis. Lock & Leave Lifestyle With landscape maintenance included, you’re free to travel, visit family or enjoy more of what the Atlanta area has to offer, knowing your home is well cared for while you’re away. The Courtyards at Bailey Farms is more than just a place to live, it’s a place to thrive. Discover a new level of comfort, convenience and connection in this amenity-rich community. Your future begins here, and we invite you to schedule an appointment to experience Explore the final phase of this vibrant community and be among the first to claim your spot!",Looking for a luxurious yet practical home that caters to your lifestyle needs? The Portico Bonus is the perfect choice for you. This home features a functional yet elegant design emphasizing manageability and convenience. Here are some of the highlights of the Portico Bonus: Spacious bonus bedroom with walk-in closet Cozy sitting room off the owner’s suite Beautiful courtyard with paver patio Private backyard for added seclusion Deluxe kitchen with premium finishes Elegant French doors on the den Zero-entry universal shower for easy access Bonus room with its own walk-in shower The Portico Bonus offers an unmatched blend of luxury and comfort. It's a home designed to make your life easier and more enjoyable. The Portico Bonus is a stunning freestanding home designed for today's casual lifestyle.,,Y,Front,Y,,,2026-04-01T19:36:32.080Z
https://www.epconcommunities.com/find-your-home/communities/georgia/atlanta/gwinnett/dacula/the-courtyards-at-bailey-farms/quick-move-in-homes/3347-fishpond-circle-123,The Courtyards at Bailey Farms,"3347 Fishpond Circle, Dacula, GA 30019",Dacula,GA,30019,Gwinnett County,,34.0125,-83.8893,678-336-1417,Sun-Mon: 12pm-6pm  |  Tue-Sat: 10am-6pm,https://www.epconcommunities.com,available,Epcon Communities,,,,,,,,,,,,,,,Y,Y,Portico,Portico,2.5,2.5,2,2,0,2,2,0,1,,1,SFD,1894,1894,,581423,581423,,2025-11-29,,,,,Courtyard: side | Attachment: detached | Garage detached: not_applicable | Dining areas: 0 | Bonus suite: N | HERS: 0,,,"NOW SELLING PHASE II Welcome to The Courtyards at Bailey Farms, a 55+ Active Lifestyle community located in Dacula, GA. This boutique community offers an exceptional living experience that embraces the ease of single-level living and the freedom of a lock & leave lifestyle. At The Courtyards at Bailey Farms, our homes are thoughtfully designed to support you today and into the future, featuring first-floor owner's suites, spacious hallways and open floor plans that make everyday living both comfortable and convenient. Single-Level Living Say goodbye to stairs and embrace the simplicity of single-level living. Each home is designed with all essential living spaces on one floor, making daily life more accessible and enjoyable. Private, Garden Courtyards Enjoy the serenity of your own private, garden courtyard, a peaceful outdoor retreat where you can relax, entertain or simply unwind in your personal oasis. Lock & Leave Lifestyle With landscape maintenance included, you’re free to travel, visit family or enjoy more of what the Atlanta area has to offer, knowing your home is well cared for while you’re away. The Courtyards at Bailey Farms is more than just a place to live, it’s a place to thrive. Discover a new level of comfort, convenience and connection in this amenity-rich community. Your future begins here, and we invite you to schedule an appointment to experience Explore the final phase of this vibrant community and be among the first to claim your spot!","Looking for a luxurious yet practical home that caters to your lifestyle needs? The Portico is the perfect choice for you. This single-level home features a functional yet elegant design emphasizing manageability and convenience. Here are some of the highlights of the Portico: Portico Ranch with sitting room off the owner’s suite Homesite 123 located at the highest point in the community with beautiful views Deluxe kitchen with upgraded finishes No carpet throughout the home 2 bedrooms, 2 bathrooms, plus a versatile flex room The Portico offers an unmatched blend of luxury and comfort. It's a home designed to make your life easier and more enjoyable. The Portico is a stunning freestanding home designed for today's casual lifestyle.",,Y,Front,Y,,,2026-03-09T15:24:52.763Z
https://www.epconcommunities.com/find-your-home/communities/georgia/atlanta/gwinnett/dacula/the-courtyards-at-bailey-farms/quick-move-in-homes/3322-fishpond-circle-22,The Courtyards at Bailey Farms,"3322 Fishpond Circle, Dacula, GA 30019",Dacula,GA,30019,Gwinnett County,,34.0128,-83.8888,678-336-1417,Sun-Mon: 12pm-6pm  |  Tue-Sat: 10am-6pm,https://www.epconcommunities.com,available,Epcon Communities,,,,,,,,,,,,,,,Y,Y,Promenade,Promenade,2.5,2.5,3,3,0,3,3,0,2,,2,SFD,2826,2826,,703983,703983,,2025-11-29,,,,,Courtyard: side | Attachment: detached | Garage detached: not_applicable | Dining areas: 0 | Bonus suite: Y | HERS: 0,,,"NOW SELLING PHASE II Welcome to The Courtyards at Bailey Farms, a 55+ Active Lifestyle community located in Dacula, GA. This boutique community offers an exceptional living experience that embraces the ease of single-level living and the freedom of a lock & leave lifestyle. At The Courtyards at Bailey Farms, our homes are thoughtfully designed to support you today and into the future, featuring first-floor owner's suites, spacious hallways and open floor plans that make everyday living both comfortable and convenient. Single-Level Living Say goodbye to stairs and embrace the simplicity of single-level living. Each home is designed with all essential living spaces on one floor, making daily life more accessible and enjoyable. Private, Garden Courtyards Enjoy the serenity of your own private, garden courtyard, a peaceful outdoor retreat where you can relax, entertain or simply unwind in your personal oasis. Lock & Leave Lifestyle With landscape maintenance included, you’re free to travel, visit family or enjoy more of what the Atlanta area has to offer, knowing your home is well cared for while you’re away. The Courtyards at Bailey Farms is more than just a place to live, it’s a place to thrive. Discover a new level of comfort, convenience and connection in this amenity-rich community. Your future begins here, and we invite you to schedule an appointment to experience Explore the final phase of this vibrant community and be among the first to claim your spot!","Looking for a spacious home that can comfortably accommodate your oversized furniture and host your family and friends? The Promenade Bonus is the ideal option - This expertly designed house offers ample space for all your needs, along with a range of features to help you relax and recharge. Here are some of the highlights: 3 bedrooms, 3.5 bathrooms Screened porch with skylights and beautiful wooded views Den/formal dining room plus two living areas for flexible living Large covered porch overlooking the courtyard Deluxe kitchen with upgraded finishes Carpet only upstairs for added comfort For those who believe that the home is where the heart is, look no further than the Promenade Bonus. Come see it for yourself and experience the best of modern living. The Promenade Bonus is an elegant, open home with plenty of room for you.",,Y,Front,Y,,,2026-03-09T15:24:21.065Z
https://www.epconcommunities.com/find-your-home/communities/georgia/atlanta/gwinnett/dacula/the-courtyards-at-bailey-farms/quick-move-in-homes/3302-fishpond-circle-24,The Courtyards at Bailey Farms,"3302 Fishpond Circle, Dacula, GA 30019",Dacula,GA,30019,Gwinnett County,,34.0131,-83.8888,678-336-1417,Sun-Mon: 12pm-6pm  |  Tue-Sat: 10am-6pm,https://www.epconcommunities.com,available,Epcon Communities,,,,,,,,,,,,,,,Y,Y,Portico,Portico,2.5,2.5,3,3,0,3,3,0,2,,2,SFD,2461,2461,,642983,642983,,2025-10-30,,,,,Courtyard: side | Attachment: detached | Garage detached: not_applicable | Dining areas: 0 | Bonus suite: Y | HERS: 0,,,"NOW SELLING PHASE II Welcome to The Courtyards at Bailey Farms, a 55+ Active Lifestyle community located in Dacula, GA. This boutique community offers an exceptional living experience that embraces the ease of single-level living and the freedom of a lock & leave lifestyle. At The Courtyards at Bailey Farms, our homes are thoughtfully designed to support you today and into the future, featuring first-floor owner's suites, spacious hallways and open floor plans that make everyday living both comfortable and convenient. Single-Level Living Say goodbye to stairs and embrace the simplicity of single-level living. Each home is designed with all essential living spaces on one floor, making daily life more accessible and enjoyable. Private, Garden Courtyards Enjoy the serenity of your own private, garden courtyard, a peaceful outdoor retreat where you can relax, entertain or simply unwind in your personal oasis. Lock & Leave Lifestyle With landscape maintenance included, you’re free to travel, visit family or enjoy more of what the Atlanta area has to offer, knowing your home is well cared for while you’re away. The Courtyards at Bailey Farms is more than just a place to live, it’s a place to thrive. Discover a new level of comfort, convenience and connection in this amenity-rich community. Your future begins here, and we invite you to schedule an appointment to experience Explore the final phase of this vibrant community and be among the first to claim your spot!",Looking for a luxurious yet practical home that caters to your lifestyle needs? The Portico Bonus is the perfect choice for you. This home features a functional yet elegant design emphasizing manageability and convenience. Here are some of the highlights of the Portico: Screened porch off the owner’s suite with serene tree views Private backyard for added privacy Carpet exclusively upstairs for comfort and quiet Deluxe kitchen with high-end finishes The Portico Bonus offers an unmatched blend of luxury and comfort. It's a home designed to make your life easier and more enjoyable. The Portico Bonus is a stunning freestanding home designed for today's casual lifestyle.,,Y,Front,Y,,,2026-03-09T15:23:14.391Z
https://www.epconcommunities.com/find-your-home/communities/georgia/atlanta/forsyth/cumming/the-courtyards-of-franklin-goldmine/quick-move-in-homes/5245-maggie-mae-lane-6,The Courtyards of Franklin Goldmine,"5245 Maggie Mae Lane, Cumming, GA 30028",Cumming,GA,30028,Forsyth County,,34.2435,-84.2503,678-252-6957,Sun-Mon: 12pm-6pm  |  Tue-Sat: 10am-6pm,https://www.epconcommunities.com,available,Epcon Communities,,,,,,,,,,,,,,,Y,Y,Promenade,Promenade,2.5,2.5,2,2,1,2,2,1,1,,1,SFD,2179,2179,,760155,760155,,2024-11-09,,,,,Courtyard: side | Attachment: detached | Garage detached: not_applicable | Dining areas: 0 | Bonus suite: N | HERS: 0,,,"FINAL OPPORTUNITY! Welcome to The Courtyards of Franklin Goldmine in Cumming, Georgia – a charming boutique community of 27 home sites designed for those seeking a low-maintenance lifestyle. Say goodbye to the hassle of yard work and embrace the ease of living. Discover thoughtfully designed homes flooded with abundant natural light to support you today and into the future, boasting features like first-floor owner's suites, spacious hallways and open floor plans. The highlight of Epcon's homes are private, garden courtyards providing you with your own oasis to relax and unwind. Low-maintenance lifestyle : Spend more time doing what you love, as yard work becomes a thing of the past. Abundant natural light : Homes designed to make the most of the beautiful Georgia sunshine. Convenient location : Within easy reach of excellent shopping, dining and entertainment options, including the Hawks Ridge Golf Club and Shawnee Mountain Preserve. Plus, quick and hassle-free access to Highway 20 makes commuting a breeze. Discover The Courtyards of Franklin Goldmine, where you can experience a serene and elegant way of life, while still being connected to the best of Cumming. Your future begins here, and we invite you to schedule an appointment to see for yourself what it means to live well every day!","Looking for a spacious home that can comfortably accommodate your oversized furniture and host your family and friends? The Promenade is the ideal option - This expertly designed house offers ample space for all your needs, along with a range of features to help you relax and recharge. Here are some of the highlights: Optional gourmet kitchen with center island and walk-in pantry Secluded den and private courtyard for peaceful moments Spacious owner's suite and bath for ultimate relaxation Mudroom with additional storage space for easy organization For those who believe that the home is where the heart is, look no further than the Promenade. Come see it for yourself and experience the best of modern living. The Promenade is an elegant, open home with plenty of room for you.",,Y,Front,Y,,,2026-03-11T16:34:51.021Z
https://www.epconcommunities.com/find-your-home/communities/georgia/atlanta/forsyth/cumming/the-courtyards-of-franklin-goldmine/quick-move-in-homes/5235-maggie-mae-lane-5,The Courtyards of Franklin Goldmine,"5235 Maggie Mae Lane, Cumming, GA 30028",Cumming,GA,30028,Forsyth County,,34.2435,-84.2503,678-252-6957,Sun-Mon: 12pm-6pm  |  Tue-Sat: 10am-6pm,https://www.epconcommunities.com,available,Epcon Communities,,,,,,,,,,,,,,,Y,Y,Portico Bonus,Portico Bonus,2.5,2.5,3,3,0,3,3,0,2,,2,SFD,2590,2590,,757255,757255,,2025-11-30,,,,,Courtyard: side | Attachment: attached | Garage detached: not_applicable | Dining areas: 0 | Bonus suite: Y | HERS: 0,,,"FINAL OPPORTUNITY! Welcome to The Courtyards of Franklin Goldmine in Cumming, Georgia – a charming boutique community of 27 home sites designed for those seeking a low-maintenance lifestyle. Say goodbye to the hassle of yard work and embrace the ease of living. Discover thoughtfully designed homes flooded with abundant natural light to support you today and into the future, boasting features like first-floor owner's suites, spacious hallways and open floor plans. The highlight of Epcon's homes are private, garden courtyards providing you with your own oasis to relax and unwind. Low-maintenance lifestyle : Spend more time doing what you love, as yard work becomes a thing of the past. Abundant natural light : Homes designed to make the most of the beautiful Georgia sunshine. Convenient location : Within easy reach of excellent shopping, dining and entertainment options, including the Hawks Ridge Golf Club and Shawnee Mountain Preserve. Plus, quick and hassle-free access to Highway 20 makes commuting a breeze. Discover The Courtyards of Franklin Goldmine, where you can experience a serene and elegant way of life, while still being connected to the best of Cumming. Your future begins here, and we invite you to schedule an appointment to see for yourself what it means to live well every day!","Looking for a luxurious yet practical home that caters to your lifestyle needs? The Portico is the perfect choice for you. This single-level home features a functional yet elegant design emphasizing manageability and convenience. Here are some of the highlights of the Portico: A grand entrance that leads to an efficient, open layout Luxurious amenities, such as an optional gourmet kitchen and a private den Spacious owner's suite with a beautiful bathroom and ample storage space Convenient features include a centrally located laundry room and a flexible bonus suite that can serve as a guest room The Portico offers an unmatched blend of luxury and comfort. It's a home designed to make your life easier and more enjoyable. The Portico is a stunning freestanding home designed for today's casual lifestyle.",,Y,Front,Y,,,2026-04-30T13:13:25.358Z
https://www.epconcommunities.com/find-your-home/communities/georgia/atlanta/forsyth/cumming/the-courtyards-of-franklin-goldmine/quick-move-in-homes/5225-ginger-rose-court-19,The Courtyards of Franklin Goldmine,"5225 Ginger Rose Court, Cumming, GA 30028",Cumming,GA,30028,Forsyth County,,34.2435,-84.2503,678-252-6957,Sun-Mon: 12pm-6pm  |  Tue-Sat: 10am-6pm,https://www.epconcommunities.com,contract_pending,Epcon Communities,,,,,,,,,,,,,,,Y,Y,Promenade,Promenade,2.5,2.5,3,3,0,3,3,0,1,,1,SFD,2969,2969,,816342,816342,,2025-12-01,,,,,Courtyard: side | Attachment: detached | Garage detached: not_applicable | Dining areas: 0 | Bonus suite: Y | HERS: 0,,,"FINAL OPPORTUNITY! Welcome to The Courtyards of Franklin Goldmine in Cumming, Georgia – a charming boutique community of 27 home sites designed for those seeking a low-maintenance lifestyle. Say goodbye to the hassle of yard work and embrace the ease of living. Discover thoughtfully designed homes flooded with abundant natural light to support you today and into the future, boasting features like first-floor owner's suites, spacious hallways and open floor plans. The highlight of Epcon's homes are private, garden courtyards providing you with your own oasis to relax and unwind. Low-maintenance lifestyle : Spend more time doing what you love, as yard work becomes a thing of the past. Abundant natural light : Homes designed to make the most of the beautiful Georgia sunshine. Convenient location : Within easy reach of excellent shopping, dining and entertainment options, including the Hawks Ridge Golf Club and Shawnee Mountain Preserve. Plus, quick and hassle-free access to Highway 20 makes commuting a breeze. Discover The Courtyards of Franklin Goldmine, where you can experience a serene and elegant way of life, while still being connected to the best of Cumming. Your future begins here, and we invite you to schedule an appointment to see for yourself what it means to live well every day!","Looking for a spacious home that can comfortably accommodate your oversized furniture and host your family and friends? The Promenade is the ideal option - This expertly designed house offers ample space for all your needs, along with a range of features to help you relax and recharge. Here are some of the highlights: Optional gourmet kitchen with center island and walk-in pantry Secluded den and private courtyard for peaceful moments Spacious owner's suite and bath for ultimate relaxation Mudroom with additional storage space for easy organization For those who believe that the home is where the heart is, look no further than the Promenade. Come see it for yourself and experience the best of modern living. The Promenade is an elegant, open home with plenty of room for you.",,Y,Front,Y,,,2026-04-30T13:12:44.806Z
https://www.epconcommunities.com/find-your-home/communities/georgia/atlanta/forsyth/cumming/the-courtyards-of-franklin-goldmine/quick-move-in-homes/5210-ginger-rose-court-27,The Courtyards of Franklin Goldmine,"5210 Ginger Rose Court, Cumming, GA 30028",Cumming,GA,30028,Forsyth County,,34.2435,-84.2503,678-252-6957,Sun-Mon: 12pm-6pm  |  Tue-Sat: 10am-6pm,https://www.epconcommunities.com,contract_pending,Epcon Communities,,,,,,,,,,,,,,,Y,Y,Portico Bonus,Portico Bonus,2.5,2.5,3,3,0,3,3,0,2,,2,SFD,2590,2590,,722100,722100,,2026-04-01,,,,,Courtyard: side | Attachment: detached | Garage detached: not_applicable | Dining areas: 0 | Bonus suite: Y | HERS: 0,,,"FINAL OPPORTUNITY! Welcome to The Courtyards of Franklin Goldmine in Cumming, Georgia – a charming boutique community of 27 home sites designed for those seeking a low-maintenance lifestyle. Say goodbye to the hassle of yard work and embrace the ease of living. Discover thoughtfully designed homes flooded with abundant natural light to support you today and into the future, boasting features like first-floor owner's suites, spacious hallways and open floor plans. The highlight of Epcon's homes are private, garden courtyards providing you with your own oasis to relax and unwind. Low-maintenance lifestyle : Spend more time doing what you love, as yard work becomes a thing of the past. Abundant natural light : Homes designed to make the most of the beautiful Georgia sunshine. Convenient location : Within easy reach of excellent shopping, dining and entertainment options, including the Hawks Ridge Golf Club and Shawnee Mountain Preserve. Plus, quick and hassle-free access to Highway 20 makes commuting a breeze. Discover The Courtyards of Franklin Goldmine, where you can experience a serene and elegant way of life, while still being connected to the best of Cumming. Your future begins here, and we invite you to schedule an appointment to see for yourself what it means to live well every day!","Looking for a luxurious yet practical home that caters to your lifestyle needs? The Portico is the perfect choice for you. This single-level home features a functional yet elegant design emphasizing manageability and convenience. Here are some of the highlights of the Portico: A grand entrance that leads to an efficient, open layout Luxurious amenities, such as an optional gourmet kitchen and a private den Spacious owner's suite with a beautiful bathroom and ample storage space Convenient features include a centrally located laundry room and a flexible bonus suite that can serve as a guest room The Portico offers an unmatched blend of luxury and comfort. It's a home designed to make your life easier and more enjoyable. The Portico is a stunning freestanding home designed for today's casual lifestyle.",,Y,Front,Y,,,2026-04-13T13:51:38.460Z
https://www.epconcommunities.com/find-your-home/communities/georgia/atlanta/forsyth/cumming/the-courtyards-at-post-road/quick-move-in-homes/4220-provenance-trail-3,The Courtyards at Post Road,"4220 Provenance Trail, Cumming, GA 30040",Cumming,GA,30040,Forsyth County,,34.2259,-84.2261,678-737-4652,Sun-Mon: 12pm-6pm  |  Tue-Sat: 10am-6pm,https://www.epconcommunities.com,available,Epcon Communities,,,,,,,,,,,,,,,Y,Y,Portico Bonus,Portico Bonus,2.5,2.5,3,3,0,3,3,0,2,,2,SFD,2571,2571,,806275,806275,,2025-07-01,,,,,Courtyard: side | Attachment: detached | Garage detached: no | Dining areas: 0 | Bonus suite: Y | HERS: 0,,,"MODEL HOME NOW OPEN! Nestled in the heart of Cumming, GA, The Courtyards at Post Road offers an unbeatable location just minutes from the area's best shopping, dining, entertainment and everything else that makes Cumming such a desirable place to call home. This low-maintenance, 55+ active lifestyle community features thoughtfully designed luxury ranch homes with 2 and 3 bedroom floor plans, all with single-level living at the core. Each home is filled with abundant natural light, open-concept layouts and a private, garden courtyard, offering the perfect blend of style, comfort and functionality. Whether you’re relaxing in your courtyard, meeting neighbors at the fire pit or letting your pup run at the community dog park, The Courtyards at Post Road makes it easy to live well every day. And with lawn care taken care of for you, you’ll have more time to focus on the things you love. The Courtyards at Post Road is more than a place to live, it’s a lifestyle. Schedule your appointment today and see for yourself what it means to enjoy luxury, convenience and community in one of Cumming’s most sought-after locations.","Looking for a luxurious yet practical home that caters to your lifestyle needs? The Portico Bonus is the perfect choice for you. This single-level home features a functional yet elegant design emphasizing manageability and convenience. Here are some of the highlights of the Portico Bonus: A grand entrance that leads to an efficient, open layout Luxurious amenities, such as an optional gourmet kitchen and a private den Spacious owner's suite with a beautiful bathroom and ample storage space Convenient features include a centrally located laundry room and a flexible bonus suite that can serve as a guest room The Portico Bonus offers an unmatched blend of luxury and comfort. It's a home designed to make your life easier and more enjoyable. The Portico Bonus is a stunning freestanding home designed for today's casual lifestyle.",,Y,Front,Y,,,2026-04-01T21:23:28.580Z
https://www.epconcommunities.com/find-your-home/communities/georgia/atlanta/forsyth/cumming/the-courtyards-at-post-road/quick-move-in-homes/4210-provenance-trail-2,The Courtyards at Post Road,"4210 Provenance Trail, Cumming, GA 30040",Cumming,GA,30040,Forsyth County,,34.2259,-84.2261,678-737-4652,Sun-Mon: 12pm-6pm  |  Tue-Sat: 10am-6pm,https://www.epconcommunities.com,available,Epcon Communities,,,,,,,,,,,,,,,Y,Y,Provenance,Provenance,3,3,2,2,1,2,2,1,1,,1,SFD,2821,2821,,938651,938651,,2025-07-28,,,,,Courtyard: side | Attachment: detached | Garage detached: no | Dining areas: 0 | Bonus suite: N | HERS: 0,,,"MODEL HOME NOW OPEN! Nestled in the heart of Cumming, GA, The Courtyards at Post Road offers an unbeatable location just minutes from the area's best shopping, dining, entertainment and everything else that makes Cumming such a desirable place to call home. This low-maintenance, 55+ active lifestyle community features thoughtfully designed luxury ranch homes with 2 and 3 bedroom floor plans, all with single-level living at the core. Each home is filled with abundant natural light, open-concept layouts and a private, garden courtyard, offering the perfect blend of style, comfort and functionality. Whether you’re relaxing in your courtyard, meeting neighbors at the fire pit or letting your pup run at the community dog park, The Courtyards at Post Road makes it easy to live well every day. And with lawn care taken care of for you, you’ll have more time to focus on the things you love. The Courtyards at Post Road is more than a place to live, it’s a lifestyle. Schedule your appointment today and see for yourself what it means to enjoy luxury, convenience and community in one of Cumming’s most sought-after locations.","Looking for a spacious and luxurious home that offers convenience and flexibility? The Provenance might be just what you need. With the most square footage of our luxury ranch floor plans, the Provenance allows you to tailor your home to your liking. This home provides an easy, low-maintenance lifestyle that's perfect for hosting loved ones and impressing guests. Here are some of the features that make the Provenance stand out: Two first-floor owner's suites with impressive lavish bathrooms Take outdoor living and luxury to a new level with two private garden courtyards. Unique finishes and sought-after features including an entry gallery and a dramatic living room with a vaulted ceiling 3-car garage with additional storage space Whether you're looking for a place to unwind or a space to entertain, the Provenance has the options – and the space – to bring living well to life. The Provenance invites you to live larger.",,Y,Front,Y,,,2026-01-02T17:02:32.433Z
https://www.epconcommunities.com/find-your-home/communities/georgia/atlanta/forsyth/alpharetta/the-courtyards-by-the-manor/quick-move-in-homes/3580-manor-court-drive-1,The Courtyards by The Manor,"3580 Manor Court Drive, Alpharetta, GA 30004",Alpharetta,GA,30004,Forsyth County,,34.1788,-84.2572,706-909-8351,Call for Appointment,https://www.epconcommunities.com,available,Epcon Communities,,,,,,,,,,,,,,,Y,Y,Palazzo,Palazzo,2.5,2.5,3,3,0,3,3,0,2,,2,SFD,2202,2202,,776488,776488,,2025-09-22,,,,,Courtyard: side | Attachment: detached | Garage detached: no | Dining areas: 0 | Bonus suite: Y | HERS: 0,,,"NOW SELLING PHASE II Welcome to The Courtyards by The Manor, a 55+ Active Lifestyle community nestled in the coveted area of West Forsyth County. Tucked away among picturesque tree-lined streets and rolling hills, this gated community offers luxury ranch homes that are designed to enhance your lifestyle, now and into the future, with features like first-floor owner's suites, spacious hallways and open floor plans that make everyday living more accessible and enjoyable. Single-Level Living : Say goodbye to stairs and embrace the convenience of single-level living. Our homes are designed to provide all your essential living spaces on one floor, making daily life more accessible and enjoyable. Private, Garden Courtyards : Enjoy the serenity of our private, garden courtyards, where you can savor outdoor moments in your own oasis. Resort-Style Amenities: Enjoy access to impressive amenities such as a clubhouse with a fitness center and pool, 2 pickleball courts, dog park and walking trails, all just steps from your front door. Low-Maintenance Lifestyle : Embrace a life free from the hassles of lawn maintenance, and spend your time doing the things you love while we take care of the rest. The Courtyards by The Manor isn’t just a place to live, it’s a place to thrive. Surrounded by scenic beauty, this amenity-rich community offers the perfect balance of comfort, convenience and peace of mind. Your future begins here, and we invite you to experience this community for yourself, and learn more about what it means to live well every day!","Looking for a home that offers a comfortable and luxurious living experience? Look no further than the Palazzo Bonus! This welcoming and vibrant home is filled with natural light and offers adaptable living spaces that cater to your needs. Here are some of the features that make the Palazzo Bonus stand out: A multipurpose sunroom where you can relax and enjoy the beautiful natural surroundings An upstairs bonus suite with an optional kitchenette or wet bar, perfect for hosting guests An optional gourmet kitchen designed to accommodate double ovens, making cooking a breeze The Palazzo Bonus' flexibility and modern comforts make it a perfect fit for all personalities and lifestyles. Welcome to the Palazzo Bonus– where timeless elegance meets modern functionality.",,Y,Front,Y,,,2026-04-01T21:24:38.207Z
https://www.epconcommunities.com/find-your-home/communities/georgia/atlanta/cherokee/holly-springs/the-courtyards-at-redbud-lane/quick-move-in-homes/454-sugarberry-lane-42,The Courtyards at Redbud Lane,"454 Sugarberry Lane, Holly Springs, GA 30115",Holly Springs,GA,30115,Cherokee County,,34.1738,-84.4909,678-974-1481,Sun-Mon: 12pm-6pm  |  Tue-Sat: 10am-6pm,https://www.epconcommunities.com,available,Epcon Communities,,,,,,,,,,,,,,,Y,Y,Promenade,Promenade,2.5,2.5,2,2,1,2,2,1,1,,1,SFD,2060,2060,,661909,661909,,2026-03-13,,,,,Courtyard: side | Attachment: detached | Garage detached: not_applicable | Dining areas: 0 | Bonus suite: N | HERS: 0,,,"Welcome to The Courtyards at Redbud Lane in Holly Springs, GA, a charming boutique community designed for those seeking a low-maintenance lifestyle, allowing you to bid farewell to the hassles of yard work. Our homes are thoughtfully crafted to provide abundant natural light, featuring single-level living and private, garden courtyards that create a tranquil oasis. Abundant Natural Light : Our homes are designed to maximize natural light, creating a warm and inviting atmosphere. Single-Level Living : Enjoy the convenience of single-level living, ensuring that every aspect of your home is easily accessible. Private, Garden Courtyards : Experience the serenity of private courtyard homes, perfect for relaxation. Community Amenities : Our community boasts an array of amenities, including a clubhouse, fitness center, pool, pickleball courts, a dog park and a fire pit, providing endless opportunities for recreation and social gatherings. With easy access to excellent shopping, dining, and entertainment options at the Holly Springs Town Center, local golf courses, and nearby parks, our location offers convenience and leisure. Plus, with easy access to I-575, you're just moments away from wherever you need to go. Discover a vibrant, welcoming community that balances convenience, tranquility, and social connection. Schedule an appointment at The Courtyards at Redbud Lane, and learn more about what it means to live well every day!","Looking for a spacious home that can comfortably accommodate your oversized furniture and host your family and friends? The Promenade is the ideal option - This expertly designed house offers ample space for all your needs, along with a range of features to help you relax and recharge. Here are some of the highlights: Promenade ranch floor plan featuring a covered porch off the primary suite 2.5 baths for added convenience and functionality Spacious kitchen with a large island and deluxe stained cabinets Secluded den and private courtyard for peaceful moments Expansive owner’s suite and bath for ultimate relaxation Mudroom with additional storage space for easy organization For those who believe that the home is where the heart is, look no further than the Promenade. Come see it for yourself and experience the best of modern living. The Promenade is an elegant, open home with plenty of room for you.",,Y,Front,Y,,,2026-04-30T13:09:10.654Z
https://www.epconcommunities.com/find-your-home/communities/georgia/atlanta/cherokee/holly-springs/the-courtyards-at-redbud-lane/quick-move-in-homes/330-sassafras-way-20,The Courtyards at Redbud Lane,"330 Sassafras Way, Holly Springs, GA 30115",Holly Springs,GA,30115,Cherokee County,,34.1742,-84.4918,678-974-1481,Sun-Mon: 12pm-6pm  |  Tue-Sat: 10am-6pm,https://www.epconcommunities.com,available,Epcon Communities,,,,,,,,,,,,,,,Y,Y,Palazzo,Palazzo,2,2,2,3,0,2,3,0,2,,2,SFD,2069,2069,,670828,670828,,2025-12-31,,,,,Courtyard: side | Attachment: detached | Garage detached: not_applicable | Dining areas: 0 | Bonus suite: Y | HERS: 0,,,"Welcome to The Courtyards at Redbud Lane in Holly Springs, GA, a charming boutique community designed for those seeking a low-maintenance lifestyle, allowing you to bid farewell to the hassles of yard work. Our homes are thoughtfully crafted to provide abundant natural light, featuring single-level living and private, garden courtyards that create a tranquil oasis. Abundant Natural Light : Our homes are designed to maximize natural light, creating a warm and inviting atmosphere. Single-Level Living : Enjoy the convenience of single-level living, ensuring that every aspect of your home is easily accessible. Private, Garden Courtyards : Experience the serenity of private courtyard homes, perfect for relaxation. Community Amenities : Our community boasts an array of amenities, including a clubhouse, fitness center, pool, pickleball courts, a dog park and a fire pit, providing endless opportunities for recreation and social gatherings. With easy access to excellent shopping, dining, and entertainment options at the Holly Springs Town Center, local golf courses, and nearby parks, our location offers convenience and leisure. Plus, with easy access to I-575, you're just moments away from wherever you need to go. Discover a vibrant, welcoming community that balances convenience, tranquility, and social connection. Schedule an appointment at The Courtyards at Redbud Lane, and learn more about what it means to live well every day!","Looking for a home that offers a comfortable and luxurious living experience? Look no further than the Palazzo! This welcoming and vibrant home is filled with natural light and offers adaptable living spaces that cater to your needs. Here are some of the features that make the Palazzo stand out: A multipurpose sunroom where you can relax and enjoy the beautiful natural surroundings An upstairs bonus suite with an optional kitchenette or wet bar, perfect for hosting guests An optional deluxe kitchen designed to accommodate double ovens, making cooking a breeze The Palazzo's flexibility and modern comforts make it a perfect fit for all personalities and lifestyles. Welcome to the Palazzo– where timeless elegance meets modern functionality.",,Y,Front,Y,,,2026-04-01T21:21:20.288Z
https://www.epconcommunities.com/find-your-home/communities/georgia/atlanta/cherokee/holly-springs/the-courtyards-at-redbud-lane/quick-move-in-homes/236-persimmon-drive-10,The Courtyards at Redbud Lane,"236 Persimmon Drive, Holly Springs, GA 30115",Holly Springs,GA,30115,Cherokee County,,34.1751,-84.4925,678-974-1481,Sun-Mon: 12pm-6pm  |  Tue-Sat: 10am-6pm,https://www.epconcommunities.com,sold,Epcon Communities,,,,,,,,,,,,,,,Y,Y,Portico,Portico,2.5,2.5,3,3,0,3,3,0,2,,2,SFD,2571,2571,,691611,691611,,2026-03-14,,,,,Courtyard: side | Attachment: detached | Garage detached: no | Dining areas: 0 | Bonus suite: Y | HERS: 0,,,"Welcome to The Courtyards at Redbud Lane in Holly Springs, GA, a charming boutique community designed for those seeking a low-maintenance lifestyle, allowing you to bid farewell to the hassles of yard work. Our homes are thoughtfully crafted to provide abundant natural light, featuring single-level living and private, garden courtyards that create a tranquil oasis. Abundant Natural Light : Our homes are designed to maximize natural light, creating a warm and inviting atmosphere. Single-Level Living : Enjoy the convenience of single-level living, ensuring that every aspect of your home is easily accessible. Private, Garden Courtyards : Experience the serenity of private courtyard homes, perfect for relaxation. Community Amenities : Our community boasts an array of amenities, including a clubhouse, fitness center, pool, pickleball courts, a dog park and a fire pit, providing endless opportunities for recreation and social gatherings. With easy access to excellent shopping, dining, and entertainment options at the Holly Springs Town Center, local golf courses, and nearby parks, our location offers convenience and leisure. Plus, with easy access to I-575, you're just moments away from wherever you need to go. Discover a vibrant, welcoming community that balances convenience, tranquility, and social connection. Schedule an appointment at The Courtyards at Redbud Lane, and learn more about what it means to live well every day!","Live Effortlessly in the Portico Bonus Looking for a home that offers both luxury and everyday practicality? The Portico Bonus is thoughtfully designed to complement your lifestyle with elegant spaces, smart features, and a focus on comfort and convenience. Highlights of the Portico Bonus include: A grand entrance that opens to a spacious, light-filled floor plan Luxurious amenities , including an optional gourmet kitchen and a private den for work or relaxation A spacious owner’s suite featuring a beautifully appointed bathroom and generous storage A centrally located laundry room for everyday ease A flexible bonus suite , ideal as a guest room, home office, or additional living space The Portico Bonus offers the perfect blend of style and function — a home designed to simplify your life while elevating your everyday experience. The Portico Bonus is a stunning freestanding home designed for today's casual lifestyle.",,Y,Front,Y,,,2026-04-30T13:08:38.621Z
https://www.epconcommunities.com/find-your-home/communities/georgia/atlanta/cherokee/holly-springs/the-courtyards-at-redbud-lane/quick-move-in-homes/216-persimmon-drive-5,The Courtyards at Redbud Lane,"216 Persimmon Drive, Holly Springs, GA 30115",Holly Springs,GA,30115,Cherokee County,,34.1755,-84.4918,678-974-1481,Sun-Mon: 12pm-6pm  |  Tue-Sat: 10am-6pm,https://www.epconcommunities.com,available,Epcon Communities,,,,,,,,,,,,,,,Y,Y,Promenade,Promenade,2.5,2.5,3,3,0,3,3,0,2,,2,SFD,2053,2053,,704933,704933,,2026-03-08,,,,,Courtyard: side | Attachment: detached | Garage detached: not_applicable | Dining areas: 0 | Bonus suite: Y | HERS: 0,,,"Welcome to The Courtyards at Redbud Lane in Holly Springs, GA, a charming boutique community designed for those seeking a low-maintenance lifestyle, allowing you to bid farewell to the hassles of yard work. Our homes are thoughtfully crafted to provide abundant natural light, featuring single-level living and private, garden courtyards that create a tranquil oasis. Abundant Natural Light : Our homes are designed to maximize natural light, creating a warm and inviting atmosphere. Single-Level Living : Enjoy the convenience of single-level living, ensuring that every aspect of your home is easily accessible. Private, Garden Courtyards : Experience the serenity of private courtyard homes, perfect for relaxation. Community Amenities : Our community boasts an array of amenities, including a clubhouse, fitness center, pool, pickleball courts, a dog park and a fire pit, providing endless opportunities for recreation and social gatherings. With easy access to excellent shopping, dining, and entertainment options at the Holly Springs Town Center, local golf courses, and nearby parks, our location offers convenience and leisure. Plus, with easy access to I-575, you're just moments away from wherever you need to go. Discover a vibrant, welcoming community that balances convenience, tranquility, and social connection. Schedule an appointment at The Courtyards at Redbud Lane, and learn more about what it means to live well every day!","Looking for a spacious home that can comfortably accommodate your oversized furniture and host your family and friends? The Promenade is the ideal option - This expertly designed house offers ample space for all your needs, along with a range of features to help you relax and recharge. Here are some of the highlights: Optional gourmet kitchen with center island and walk-in pantry Secluded den and private courtyard for peaceful moments Spacious owner's suite and bath for ultimate relaxation Mudroom with additional storage space for easy organization For those who believe that the home is where the heart is, look no further than the Promenade. Come see it for yourself and experience the best of modern living. The Promenade is an elegant, open home with plenty of room for you.",,Y,Front,Y,,,2026-04-30T13:09:59.022Z
https://www.epconcommunities.com/find-your-home/communities/colorado/grand-junction/mesa/grand-junction/chipeta-hollows/quick-move-in-homes/2984-spirit-ct-5,Chipeta Hollows,"2984 Spirit Ct, Grand Junction, CO 81503",Grand Junction,CO,81503,Mesa County,,39.0408,-108.4987,970-500-1322,"Sun-Mon: 12-4pm | Tue, Wed & Sat: 9am-5pm | Thur & Fri: By Appt",https://www.epconcommunities.com,available,Epcon Communities,,,,,,,,,,,,,,,Y,Y,Gladstone,Gladstone,1,1,3,3,0,3,3,0,2,,2,SFD,1687,1687,,534298,534298,,2026-06-08,,,,,Courtyard: rear | Attachment: detached | Garage detached: not_applicable | Dining areas: 1 | Bonus suite: Y | HERS: 0,,,"Discover Chipeta Hollows, an exclusive neighborhood designed for those who seek a vibrant, active, and low-maintenance lifestyle. Built by BOA Builders, known for their commitment to quality craftsmanship, energy efficiency, and sustainable living, Chipeta Hollows redefines a lifestyle of living in Grand Junction, CO. This thoughtfully designed community offers resort-style amenities to enhance your daily life. Enjoy the beautifully designed clubhouse, perfect for social gatherings, fitness activities, and relaxation. Stay active with a pickleball court, a sparkling pool, and scenic walking trails, all set against the breathtaking backdrop of Western Colorado. For pet lovers, the dog park and dog wash station ensure that your furry companions feel just as at home as you do. Every home in Chipeta Hollows is built with high-performance materials and cutting-edge energy-efficient technology, ensuring comfort and sustainability without compromise. Whether you're looking to downsize, embrace a maintenance-free lifestyle, or connect with a welcoming community, Chipeta Hollows offers an unparalleled living experience. With its luxury ranch style homes, modern amenities, and high-quality construction, Chipeta Hollows is truly unlike anything else in Grand Junction. This is more than a place to live—it’s life, lived your way. Come experience the next best place to call home.","The Gladstone features a distinctive, open-concept design that feels bright, welcoming, and thoughtfully laid out. Two spacious bedrooms on the main level include a generous owner’s suite with a double vanity and walk-in closet. Upstairs, a private bonus suite offers the ideal retreat for guests to relax and enjoy time in Grand Junction. Upgraded transom windows throughout fill the home with natural light, while the covered patio is the perfect place to take in Western Slope mornings and unwind in the evenings. The Gladstone is designed with a distinctive layout that opens up spaces.",,Y,Front,Y,,,2026-01-29T23:05:35.057Z
https://www.epconcommunities.com/find-your-home/communities/colorado/grand-junction/mesa/grand-junction/chipeta-hollows/quick-move-in-homes/2980-getaway-ave-16,Chipeta Hollows,"2980 Getaway Ave, Grand Junction, CO 81503",Grand Junction,CO,81503,Mesa County,,39.0405,-108.4978,970-500-1322,"Sun-Mon: 12-4pm | Tue, Wed & Sat: 9am-5pm | Thur & Fri: By Appt",https://www.epconcommunities.com,available,Epcon Communities,,,,,,,,,,,,,,,Y,Y,Palazzo,Palazzo,2,2,3,2,0,3,2,0,1,,1,SFD,1708,1708,,605246,605246,,2026-06-22,,,,,Courtyard: side | Attachment: detached | Garage detached: not_applicable | Dining areas: 1 | Bonus suite: N | HERS: 0,,,"Discover Chipeta Hollows, an exclusive neighborhood designed for those who seek a vibrant, active, and low-maintenance lifestyle. Built by BOA Builders, known for their commitment to quality craftsmanship, energy efficiency, and sustainable living, Chipeta Hollows redefines a lifestyle of living in Grand Junction, CO. This thoughtfully designed community offers resort-style amenities to enhance your daily life. Enjoy the beautifully designed clubhouse, perfect for social gatherings, fitness activities, and relaxation. Stay active with a pickleball court, a sparkling pool, and scenic walking trails, all set against the breathtaking backdrop of Western Colorado. For pet lovers, the dog park and dog wash station ensure that your furry companions feel just as at home as you do. Every home in Chipeta Hollows is built with high-performance materials and cutting-edge energy-efficient technology, ensuring comfort and sustainability without compromise. Whether you're looking to downsize, embrace a maintenance-free lifestyle, or connect with a welcoming community, Chipeta Hollows offers an unparalleled living experience. With its luxury ranch style homes, modern amenities, and high-quality construction, Chipeta Hollows is truly unlike anything else in Grand Junction. This is more than a place to live—it’s life, lived your way. Come experience the next best place to call home.",Looking for a home that offers a comfortable and luxurious living experience? Look no further than the Palazzo! This welcoming and vibrant home is filled with natural light and offers living spaces that cater to your needs. Here are some of the features that make the Palazzo at 2984 Getway Ave. stand out: A multipurpose den/office where you can relax and enjoy the beautiful natural surroundings Transom windows to bring in an abundance of light An Owner's Suite patio Pass through Owner's Suite closet to Laundry Room The Palazzo's flexibility and modern comforts make it a perfect fit for all personalities and lifestyles. Welcome to the Palazzo– where timeless elegance meets modern functionality,,Y,Front,Y,,,2026-01-29T21:58:56.775Z
https://www.epconcommunities.com/find-your-home/communities/colorado/denver/weld/fort-lupton/the-courtyards-at-lupton-village/quick-move-in-homes/308-josef-circle-lot-26,The Courtyards at Lupton Village,"308 Josef Circle, Fort Lupton, CO 80621",Fort Lupton,CO,80621,Weld County,,40.0767,-104.8052,970-690-3579,Mon-Sat: 10am-5pm | Sun: 1pm-5pm,https://www.epconcommunities.com,available,Epcon Communities,,,,,,,,,,,,,,,Y,Y,Capri,Capri,2,2,2,2,0,2,2,0,1,,1,SFD,1418,1418,,519000,519000,,2025-11-12,,,,,Courtyard: rear | Attachment: detached | Garage detached: not_applicable | Dining areas: 1 | Bonus suite: N | HERS: 0,,,"Don't miss your opportunity to secure a spot in this desirable low-maintenance community! Our homes are designed and built to connect you to the outdoors and your community. A private courtyard forms the centerpiece of your home, allowing you access to a quiet, peaceful, private oasis just steps from anywhere in your home. And with open floor plans, luxurious kitchens and baths, and versatile room arrangements, the only limit to making our homes truly yours is your imagination. The 55 and better community is centrally located at the end of South Rollie Avenue, steps away from the city center, local shopping and grocery. We look forward to sharing more information about our community!","AVAILABLE NOW! UPGRADES INCLUDE LUXURY FINISHES THROUGHOUT INCLUDING QUARTZ COUNTERS, PREMIUM CABINETRY, ZERO THRESHOLD SHOWER IN THE PRIMARY BATHROOM & WALK IN SHOWER W/ GLASS DOOR IN GUEST BATHROOM. ENJOY YOUR NEW LOW MAINTENANCE LIFESTYLE TODAY! ASK ABOUT OUR LENDER & BUILDER INCENTIVES! QUICK MOVE IN",,Y,Front,Y,,,2026-01-12T20:11:11.733Z
