url,Community Details,Community Name,latitude,longitude,Street Address,City,State,Zip Code,County,Model hours,Phone number,Website,status,Builder,Product Type (SFD/SFA/CO),Model/Product Types Available,Avg Lot Size,Avg Lot - Width/Depth,Garages (Y/N),# of Garages,Adult Community (Y/N),Amenities Available,Amenity Type,Attributes/Features,Overall Description of the Community,Foundation Type,Exterior Specifications Available,Interior Specifications Available,HOA Fee,HOA Services,Other Fees (i.e. CDD),City/Town/Property Tax %,Sales Start Date,Sold Out Date,Total Lots Sold,Incentives,QMI Incentives,QMI Model Name,QMI # of Garages,QMI # of BR,QMI # of BA,QMI # of 1/2 BA,QMI Model SQFT,QMI Model Price,QMI Availability Date,QMI Lot SQFT,QMI Interior/Exterior Attributes,Model Details,Model Name,Plan Description,# BR,# BA,# 1/2 BA,# of Floors,Parking Type,Plan Garage Entry (Front load),# Garages,Minimum SQFT,Maximum SQFT,Minimum Base Price (Current),Maximum Base Price/All In Price,Previous Price,Last Updated,Plan Features,Interior Specifications Descriptions,First Floor Master (Y/N),images
https://www.truehomes.com/new-construction-homes/move-in-ready/425-myers-mayo-road-ridgeville-sc-29472,,Charleston True Lot,33.1081,-80.2660,"425 Myers Mayo Road, Ridgeville, SC 29472",Ridgeville,SC,29472,,,,https://www.truehomes.com,Available,True Homes,,,,,,,,,,,,,,,,,,,,,,,,The Wakefield - Lot #35,,4,3,1,3511,674900,,,,,,"This beautifully designed Wakefield offers 4 spacious bedrooms and 3.5 baths, with the primary suite and laundry conveniently located on the main level. The open floor plan is complemented by 10-foot ceilings on the first floor and 9-foot ceilings upstairs, creating an airy and elegant atmosphere. Enjoy the convenience of a 3-car garage and the sophistication of a private study and formal dining room. The gourmet kitchen features stainless steel appliances, gas cooktop, vented canopy hood, wall oven, drawer microwave, and a cozy nook. The primary suite includes a tray ceiling and a luxurious ensuite bath, designed for comfort and relaxation. Upstairs, you'll find three generously sized secondary bedrooms, a Jack-and-Jill bathroom, an additional full bath, game room, and media room.",4,3,1,2,,,,3511,,674900,,,,,,,"https://irp.cdn-website.com/28156074/dms3rep/multi/EWH_837_Wakefield_3271_ED2_EO+%281%29-01REP.jpg,https://irp.cdn-website.com/28156074/dms3rep/multi/EWH_837_Wakefield_3271_ED2_EO+%284%29-04REP.jpg,https://irp.cdn-website.com/28156074/dms3rep/multi/EWH_837_Wakefield_3271_ED2_EO+%285%29-05REP.jpg,https://irp.cdn-website.com/28156074/dms3rep/multi/EWH_837_Wakefield_3271_ED2_EO+%286%29-06REP.jpg,https://irp.cdn-website.com/28156074/dms3rep/multi/EWH_837_Wakefield_3271_ED2_EO+%289%29-09REP.jpg,https://irp.cdn-website.com/28156074/dms3rep/multi/EWH_837_Wakefield_3271_ED2_EO+%288%29-08REP.jpg,https://irp.cdn-website.com/28156074/dms3rep/multi/EWH_837_Wakefield_3271_ED2_EO+%2812%29-12REP.jpg,https://irp.cdn-website.com/28156074/dms3rep/multi/EWH_837_Wakefield_3271_ED2_EO+%2811%29-11REP.jpg,https://irp.cdn-website.com/28156074/dms3rep/multi/EWH_837_Wakefield_3271_ED2_EO+%2813%29-13REP.jpg,https://irp.cdn-website.com/28156074/dms3rep/multi/EWH_837_Wakefield_3271_ED2_EO+%2814%29-14REP.jpg,https://irp.cdn-website.com/28156074/dms3rep/multi/EWH_837_Wakefield_3271_ED2_EO+%2817%29-17REP.jpg,https://irp.cdn-website.com/28156074/dms3rep/multi/EWH_837_Wakefield_3271_ED2_EO+%2818%29-18REP.jpg,https://irp.cdn-website.com/28156074/dms3rep/multi/EWH_837_Wakefield_3271_ED2_EO+%2819%29-19REP.jpg,https://irp.cdn-website.com/28156074/dms3rep/multi/EWH_837_Wakefield_3271_ED2_EO+%2820%29-20REP.jpg,https://irp.cdn-website.com/28156074/dms3rep/multi/EWH_837_Wakefield_3271_ED2_EO+%2821%29-21REP.jpg,https://irp.cdn-website.com/28156074/dms3rep/multi/EWH_837_Wakefield_3271_ED2_EO+%2823%29-23REP.jpg,https://irp.cdn-website.com/28156074/dms3rep/multi/EWH_837_Wakefield_3271_ED2_EO+%2824%29-24REP.jpg,https://irp.cdn-website.com/28156074/dms3rep/multi/EWH_837_Wakefield_3271_ED2_EO+%2826%29-26REP.jpg,https://irp.cdn-website.com/28156074/dms3rep/multi/EWH_837_Wakefield_3271_ED2_EO+%2827%29-27REP.jpg,https://irp.cdn-website.com/28156074/dms3rep/multi/EWH_837_Wakefield_3271_ED2_EO+%2828%29-28REP.jpg,https://irp.cdn-website.com/28156074/dms3rep/multi/EWH_837_Wakefield_3271_ED2_EO+%2829%29-29REP.jpg,https://irp.cdn-website.com/28156074/dms3rep/multi/EWH_837_Wakefield_3271_ED2_EO+%2830%29-30REP.jpg,https://irp.cdn-website.com/28156074/dms3rep/multi/EWH_837_Wakefield_3271_ED2_EO+%2832%29-32REP.jpg,https://irp.cdn-website.com/28156074/dms3rep/multi/EWH_837_Wakefield_3271_ED2_EO+%2833%29-33REP.jpg,https://irp.cdn-website.com/28156074/dms3rep/multi/EWH_837_Wakefield_3271_ED2_EO+%2834%29-34REP.jpg,https://irp.cdn-website.com/28156074/dms3rep/multi/EWH_837_Wakefield_3271_ED2_EO+%2835%29-35REP.jpg,https://irp.cdn-website.com/28156074/dms3rep/multi/EWH_837_Wakefield_3271_ED2_EO+%2837%29-37REP.jpg,https://irp.cdn-website.com/28156074/dms3rep/multi/EWH_837_Wakefield_3271_ED2_EO+%2838%29-38REP.jpg,https://irp.cdn-website.com/28156074/dms3rep/multi/EWH_837_Wakefield_3271_ED2_EO+%2839%29-39REP.jpg"
https://www.truehomes.com/new-construction-homes/move-in-ready/1211-links-crossing-drive-monroe-nc-28112,,Stonebridge Fairways,34.9448,-80.6286,"1211 Links Crossing Drive, Monroe, NC 28112",Monroe,NC,28112,,,,https://www.truehomes.com,Sold,True Homes,,,,,,,,,,,,,,,,,,,,,,,,The Lenox - Lot #208,,4,2,1,2568,509400,,,,,,"Welcome to The Lenox—a spacious 2,568 sq ft semi-custom home featuring 4 bedrooms, 2.5 baths, and flexible living spaces designed for today’s lifestyle. The main level includes a private home office/study, a formal dining area, and an open-concept kitchen and oversized great room with a cozy gas fireplace—ideal for entertaining or relaxing. Upstairs, the luxurious primary suite offers a tray ceiling, large walk-in closet, and a spa-inspired ensuite with a garden tub. Three additional bedrooms provide generous closet space, while the expansive loft is perfect for a media room, play area, or second living room. Enjoy outdoor living with a covered rear porch and patio. This upgraded home is ready for a quick move-in and is located in a desirable community with convenient access to local amenities, schools, and commuter routes. *Please note, pool, exercise, and tennis facilities are not owned by the HOA; membership is required for access.",4,2,1,2,,,,2568,,509400,,,,,,,"https://irp.cdn-website.com/28156074/dms3rep/multi/SBF+208+Lenox+2475+EA6+EC+%284%29.jpg,https://irp.cdn-website.com/28156074/dms3rep/multi/SBF+208+Lenox+2475+EA6+EC+%285%29.jpg,https://irp.cdn-website.com/28156074/dms3rep/multi/SBF+208+Lenox+2475+EA6+EC+%286%29.jpg,https://irp.cdn-website.com/28156074/dms3rep/multi/SBF+208+Lenox+2475+EA6+EC+%287%29.jpg,https://irp.cdn-website.com/28156074/dms3rep/multi/SBF+208+Lenox+2475+EA6+EC+%288%29.jpg,https://irp.cdn-website.com/28156074/dms3rep/multi/SBF+208+Lenox+2475+EA6+EC+%289%29.jpg,https://irp.cdn-website.com/28156074/dms3rep/multi/SBF+208+Lenox+2475+EA6+EC+%2810%29.jpg,https://irp.cdn-website.com/28156074/dms3rep/multi/SBF+208+Lenox+2475+EA6+EC+%2811%29.jpg,https://irp.cdn-website.com/28156074/dms3rep/multi/SBF+208+Lenox+2475+EA6+EC+%2812%29.jpg,https://irp.cdn-website.com/28156074/dms3rep/multi/SBF+208+Lenox+2475+EA6+EC+%2813%29.jpg,https://irp.cdn-website.com/28156074/dms3rep/multi/SBF+208+Lenox+2475+EA6+EC+%2814%29.jpg,https://irp.cdn-website.com/28156074/dms3rep/multi/SBF+208+Lenox+2475+EA6+EC+%2815%29.jpg,https://irp.cdn-website.com/28156074/dms3rep/multi/SBF+208+Lenox+2475+EA6+EC+%2816%29.jpg,https://irp.cdn-website.com/28156074/dms3rep/multi/SBF+208+Lenox+2475+EA6+EC+%2817%29.jpg,https://irp.cdn-website.com/28156074/dms3rep/multi/SBF+208+Lenox+2475+EA6+EC+%2818%29.jpg,https://irp.cdn-website.com/28156074/dms3rep/multi/SBF+208+Lenox+2475+EA6+EC+%2819%29.jpg,https://irp.cdn-website.com/28156074/dms3rep/multi/SBF+208+Lenox+2475+EA6+EC+%2820%29.jpg,https://irp.cdn-website.com/28156074/dms3rep/multi/SBF+208+Lenox+2475+EA6+EC+%2821%29.jpg,https://irp.cdn-website.com/28156074/dms3rep/multi/SBF+208+Lenox+2475+EA6+EC+%2822%29.jpg,https://irp.cdn-website.com/28156074/dms3rep/multi/SBF+208+Lenox+2475+EA6+EC+%2823%29.jpg,https://irp.cdn-website.com/28156074/dms3rep/multi/SBF+208+Lenox+2475+EA6+EC+%2824%29.jpg,https://irp.cdn-website.com/28156074/dms3rep/multi/SBF+208+Lenox+2475+EA6+EC+%2825%29.jpg,https://irp.cdn-website.com/28156074/dms3rep/multi/SBF+208+Lenox+2475+EA6+EC+%2826%29.jpg,https://irp.cdn-website.com/28156074/dms3rep/multi/SBF+208+Lenox+2475+EA6+EC+%2827%29.jpg,https://irp.cdn-website.com/28156074/dms3rep/multi/SBF+208+Lenox+2475+EA6+EC+%2828%29.jpg,https://irp.cdn-website.com/28156074/dms3rep/multi/SBF+208+Lenox+2475+EA6+EC+%2829%29.jpg,https://irp.cdn-website.com/28156074/dms3rep/multi/SBF+208+Lenox+2475+EA6+EC+%2830%29.jpg,https://irp.cdn-website.com/28156074/dms3rep/multi/SBF+208+Lenox+2475+EA6+EC+%2831%29.jpg,https://irp.cdn-website.com/28156074/dms3rep/multi/SBF+208+Lenox+2475+EA6+EC+%2832%29.jpg"
https://www.truehomes.com/new-construction-homes/move-in-ready/11735-avocet-street-charlotte-nc-28215,,Village at Reedy Creek Townhomes,35.2589,-80.6757,"11735 Avocet Street, Charlotte, NC 28215",Charlotte,NC,28215,,,,https://www.truehomes.com,Sold,True Homes,,,,,,,,,,,,,,,,,,,,,,,,The Myka TH - Lot #21,,3,2,1,1451,299900,,,,,,"Discover Village at Reedy Creek, a charming new townhome community by True Homes, nestled in the heart of Charlotte, NC. This community offers a perfect blend of modern convenience and tranquil living, with thoughtfully designed townhomes and amenities that cater to your lifestyle. This versatile 1,451 ft Myka 3-story townhome features 3 Bedrooms, 2.5 Bathrooms, and a convenient 1st-floor foyer and access to oversized 1-car garage. The main floor boasts 1/2 bath, large great room overlooking kitchen and eat-in nook with access to rear deck. The 3rd floor boasts a spacious Primary Bedroom with a private Bath, plus 2 additional Bedrooms, another full Bath, and Laundry closet. Ask us about zero down financing options!",3,2,1,3,,,,1451,,299900,,,,,,,"https://irp.cdn-website.com/28156074/dms3rep/multi/VRCT+7+Myka+TH+Model+%283%29-04REP.jpg,https://irp.cdn-website.com/28156074/dms3rep/multi/VRCT+7+Myka+TH+Model+%284%29-05REP.jpg,https://irp.cdn-website.com/28156074/dms3rep/multi/VRCT+7+Myka+TH+Model+%285%29-06REP.jpg,https://irp.cdn-website.com/28156074/dms3rep/multi/VRCT+7+Myka+TH+Model+%286%29-07REP.jpg,https://irp.cdn-website.com/28156074/dms3rep/multi/VRCT+7+Myka+TH+Model+%287%29-08REP.jpg,https://irp.cdn-website.com/28156074/dms3rep/multi/VRCT+7+Myka+TH+Model+%288%29-09REP.jpg,https://irp.cdn-website.com/28156074/dms3rep/multi/VRCT+7+Myka+TH+Model+%289%29-10REP.jpg,https://irp.cdn-website.com/28156074/dms3rep/multi/VRCT+7+Myka+TH+Model+%2810%29-11REP.jpg,https://irp.cdn-website.com/28156074/dms3rep/multi/VRCT+7+Myka+TH+Model+%2811%29-12REP.jpg,https://irp.cdn-website.com/28156074/dms3rep/multi/VRCT+7+Myka+TH+Model+%2812%29-13REP.jpg,https://irp.cdn-website.com/28156074/dms3rep/multi/VRCT+7+Myka+TH+Model+%2813%29-14REP.jpg,https://irp.cdn-website.com/28156074/dms3rep/multi/VRCT+7+Myka+TH+Model+%2814%29-15REP.jpg,https://irp.cdn-website.com/28156074/dms3rep/multi/VRCT+7+Myka+TH+Model+%2815%29-16REP.jpg,https://irp.cdn-website.com/28156074/dms3rep/multi/VRCT+7+Myka+TH+Model+%2816%29-17REP.jpg,https://irp.cdn-website.com/28156074/dms3rep/multi/VRCT+7+Myka+TH+Model+%2817%29-18REP.jpg,https://irp.cdn-website.com/28156074/dms3rep/multi/VRCT+7+Myka+TH+Model+%2818%29-19REP.jpg,https://irp.cdn-website.com/28156074/dms3rep/multi/VRCT+7+Myka+TH+Model+%2819%29-20REP.jpg,https://irp.cdn-website.com/28156074/dms3rep/multi/VRCT+7+Myka+TH+Model+%2821%29-22REP.jpg,https://irp.cdn-website.com/28156074/dms3rep/multi/VRCT+7+Myka+TH+Model+%2820%29-21REP.jpg,https://irp.cdn-website.com/28156074/dms3rep/multi/VRCT+7+Myka+TH+Model+%2822%29-23REP.jpg,https://irp.cdn-website.com/28156074/dms3rep/multi/VRCT+7+Myka+TH+Model+%2823%29-01REP.jpg"
https://www.truehomes.com/new-construction-homes/move-in-ready/205-cliffwood-st-nw-unit-c-concord-nc-28027,,Towns at Cliffwood (Condos),35.4127,-80.6170,"205 Cliffwood St NW - Unit C, Concord, NC 28027",Concord,NC,28027,,,,https://www.truehomes.com,Available,True Homes,,,,,,,,,,,,,,,,,,,,,,,,The Lucas TH - Lot #3,,3,2,1,1338,245000,,,,,,"Discover the Lucas Townhome, a versatile floorplan featuring 1,338 square feet, offering 3 Bedrooms and 2.5 Bathrooms to accommodate diverse family needs. This floorplan provides ample space for comfortable living, catering to smaller or larger families alike. On the First Floor, you'll find an open Great Room, Kitchen, and Dining Nook with a Powder Room attached. The Second Floor offers a Primary Suite, two additional Bedrooms, an additional Bathroom, and Laundry space. The property's design is highly adaptable, with various customization options to align with your personal preferences. Create a home that suits your lifestyle and family dynamics, tailoring it with The Lucas Townhome, your perfect space to call home.",3,2,1,2,,,,1338,,245000,,,,,,,"https://irp.cdn-website.com/28156074/dms3rep/multi/TCTH+5+Lucas+TH+1340+EA1+%281%29-01REP.jpg,https://irp.cdn-website.com/28156074/dms3rep/multi/TCTH+5+Lucas+TH+1340+EA1+%283%29-03REP.jpg,https://irp.cdn-website.com/28156074/dms3rep/multi/TCTH+5+Lucas+TH+1340+EA1+%285%29-05REP.jpg,https://irp.cdn-website.com/28156074/dms3rep/multi/TCTH+5+Lucas+TH+1340+EA1+%282%29-02REP.jpg,https://irp.cdn-website.com/28156074/dms3rep/multi/TCTH+5+Lucas+TH+1340+EA1+%284%29-04REP.jpg,https://irp.cdn-website.com/28156074/dms3rep/multi/TCTH+5+Lucas+TH+1340+EA1+%286%29-06REP.jpg,https://irp.cdn-website.com/28156074/dms3rep/multi/TCTH+5+Lucas+TH+1340+EA1+%287%29-07REP.jpg,https://irp.cdn-website.com/28156074/dms3rep/multi/TCTH+5+Lucas+TH+1340+EA1+%288%29-08REP.jpg,https://irp.cdn-website.com/28156074/dms3rep/multi/TCTH+5+Lucas+TH+1340+EA1+%289%29-09REP.jpg,https://irp.cdn-website.com/28156074/dms3rep/multi/TCTH+5+Lucas+TH+1340+EA1+%2810%29-10REP.jpg,https://irp.cdn-website.com/28156074/dms3rep/multi/TCTH+5+Lucas+TH+1340+EA1+%2811%29-11REP.jpg,https://irp.cdn-website.com/28156074/dms3rep/multi/TCTH+5+Lucas+TH+1340+EA1+%2812%29-12REP.jpg,https://irp.cdn-website.com/28156074/dms3rep/multi/TCTH+5+Lucas+TH+1340+EA1+%2813%29-13REP.jpg,https://irp.cdn-website.com/28156074/dms3rep/multi/TCTH+5+Lucas+TH+1340+EA1+%2814%29-14REP.jpg,https://irp.cdn-website.com/28156074/dms3rep/multi/TCTH+5+Lucas+TH+1340+EA1+%2815%29-15REP.jpg,https://irp.cdn-website.com/28156074/dms3rep/multi/TCTH+5+Lucas+TH+1340+EA1+%2816%29-16REP.jpg,https://irp.cdn-website.com/28156074/dms3rep/multi/TCTH+5+Lucas+TH+1340+EA1+%2817%29-17REP.jpg,https://irp.cdn-website.com/28156074/dms3rep/multi/TCTH+5+Lucas+TH+1340+EA1+%2818%29-18REP.jpg,https://irp.cdn-website.com/28156074/dms3rep/multi/TCTH+5+Lucas+TH+1340+EA1+%2819%29-19REP.jpg,https://irp.cdn-website.com/28156074/dms3rep/multi/TCTH+5+Lucas+TH+1340+EA1+%2820%29-20REP.jpg"
https://www.truehomes.com/new-construction-homes/move-in-ready/181-n-district-avenue-clayton-nc-27527,,North District at Flowers Plantation Townhomes,35.6590,-78.3431,"181 N. District Avenue, Clayton, NC 27527",Clayton,NC,27527,,,,https://www.truehomes.com,Sold,True Homes,,,,,,,,,,,,,,,,,,,,,,,,The Longfield TH - Lot #286,,3,2,1,1762,304900,,,,,,"Quick Move-In Opportunity at Townhomes at North District! Don't miss your chance to own in the only community directly connected to the waterfront district! The Longfield floorplan offers 3 bedrooms, 2.5 bathrooms, and a beautifully appointed kitchen, perfect for cooking and entertaining. The spacious great room and dining area provide plenty of space to relax and enjoy time with family and friends. The owner's suite is a true retreat, featuring a private ensuite and a large walk-in closet. Contact us today for more details and to schedule your tour!",3,2,1,2,,,,1762,,304900,,,,,,,"https://irp.cdn-website.com/28156074/dms3rep/multi/NDFT+7+Longfield+TH+1775+EA1+IO+%283%29_REP.jpg,https://irp.cdn-website.com/28156074/dms3rep/multi/NDFT+7+Longfield+TH+1775+EA1+IO+%284%29_REP.jpg,https://irp.cdn-website.com/28156074/dms3rep/multi/NDFT+7+Longfield+TH+1775+EA1+IO+%285%29_REP.jpg,https://irp.cdn-website.com/28156074/dms3rep/multi/NDFT+7+Longfield+TH+1775+EA1+IO+%286%29_REP.jpg,https://irp.cdn-website.com/28156074/dms3rep/multi/NDFT+7+Longfield+TH+1775+EA1+IO+%287%29_REP.jpg,https://irp.cdn-website.com/28156074/dms3rep/multi/NDFT+7+Longfield+TH+1775+EA1+IO+%288%29_REP.jpg,https://irp.cdn-website.com/28156074/dms3rep/multi/NDFT+7+Longfield+TH+1775+EA1+IO+%289%29_REP.jpg,https://irp.cdn-website.com/28156074/dms3rep/multi/NDFT+7+Longfield+TH+1775+EA1+IO+%2810%29_REP.jpg,https://irp.cdn-website.com/28156074/dms3rep/multi/NDFT+7+Longfield+TH+1775+EA1+IO+%2811%29_REP.jpg,https://irp.cdn-website.com/28156074/dms3rep/multi/NDFT+7+Longfield+TH+1775+EA1+IO+%2812%29_REP.jpg,https://irp.cdn-website.com/28156074/dms3rep/multi/NDFT+7+Longfield+TH+1775+EA1+IO+%2813%29_REP.jpg,https://irp.cdn-website.com/28156074/dms3rep/multi/NDFT+7+Longfield+TH+1775+EA1+IO+%2814%29_REP.jpg,https://irp.cdn-website.com/28156074/dms3rep/multi/NDFT+7+Longfield+TH+1775+EA1+IO+%2815%29_REP.jpg,https://irp.cdn-website.com/28156074/dms3rep/multi/NDFT+7+Longfield+TH+1775+EA1+IO+%2816%29_REP.jpg,https://irp.cdn-website.com/28156074/dms3rep/multi/NDFT+7+Longfield+TH+1775+EA1+IO+%2817%29_REP.jpg,https://irp.cdn-website.com/28156074/dms3rep/multi/NDFT+7+Longfield+TH+1775+EA1+IO+%2818%29_REP.jpg,https://irp.cdn-website.com/28156074/dms3rep/multi/NDFT+7+Longfield+TH+1775+EA1+IO+%2819%29_REP.jpg,https://irp.cdn-website.com/28156074/dms3rep/multi/NDFT+7+Longfield+TH+1775+EA1+IO+%2820%29_REP.jpg,https://irp.cdn-website.com/28156074/dms3rep/multi/NDFT+7+Longfield+TH+1775+EA1+IO+%2821%29_REP.jpg,https://irp.cdn-website.com/28156074/dms3rep/multi/NDFT+7+Longfield+TH+1775+EA1+IO+%2822%29_REP.jpg,https://irp.cdn-website.com/28156074/dms3rep/multi/NDFT+7+Longfield+TH+1775+EA1+IO+%2823%29_REP.jpg"
https://www.truehomes.com/new-construction-homes/move-in-ready/114-crimson-drive-pageland-sc-29728,,Eagles Crest,34.7595,-80.3587,"114 Crimson Drive, Pageland, SC 29728",Pageland,SC,29728,,,,https://www.truehomes.com,Available,True Homes,,,,,,,,,,,,,,,,,,,,,,,,The Shaw - Lot #50,,3,2,,1530,299900,,,,,,"Immediate Move-In Opportunity! The Shaw 3BR / 2 BA ranch floorplan with 1530 square feet, features private study, open kitchen, separate dining, large open great room, and spacious bedrooms, including large primary with tray ceiling and ensuite. Eagle's Crest combines the best of modern living with an unbeatable central location – all at an irresistible price point. Don't miss your chance to secure a spot in what promises to be a fast-selling community in Chesterfield County. Call us today to be a part of this exciting new chapter in Pageland, SC.",3,2,,1,,,,1530,,299900,,,,,,,
https://www.truehomes.com/new-construction-homes/move-in-ready/225-cliffwood-st-nw-unit-b-concord-nc-28027,,Towns at Cliffwood (Condos),35.4125,-80.6170,"225 Cliffwood St NW - Unit B, Concord, NC 28027",Concord,NC,28027,,,,https://www.truehomes.com,Sold,True Homes,,,,,,,,,,,,,,,,,,,,,,,,The Lucas TH - Lot #7,,3,2,1,1338,245000,,,,,,,3,2,1,2,,,,1338,,245000,,,,,,,"https://irp.cdn-website.com/28156074/dms3rep/multi/TCTH+5+Lucas+TH+1340+EA1+%286%29-06REP.jpg,https://irp.cdn-website.com/28156074/dms3rep/multi/TCTH+5+Lucas+TH+1340+EA1+%287%29-07REP.jpg,https://irp.cdn-website.com/28156074/dms3rep/multi/TCTH+5+Lucas+TH+1340+EA1+%288%29-08REP.jpg,https://irp.cdn-website.com/28156074/dms3rep/multi/TCTH+5+Lucas+TH+1340+EA1+%289%29-09REP.jpg,https://irp.cdn-website.com/28156074/dms3rep/multi/TCTH+5+Lucas+TH+1340+EA1+%2810%29-10REP.jpg,https://irp.cdn-website.com/28156074/dms3rep/multi/TCTH+5+Lucas+TH+1340+EA1+%2811%29-11REP.jpg,https://irp.cdn-website.com/28156074/dms3rep/multi/TCTH+5+Lucas+TH+1340+EA1+%2812%29-12REP.jpg,https://irp.cdn-website.com/28156074/dms3rep/multi/TCTH+5+Lucas+TH+1340+EA1+%2813%29-13REP.jpg,https://irp.cdn-website.com/28156074/dms3rep/multi/TCTH+5+Lucas+TH+1340+EA1+%2814%29-14REP.jpg,https://irp.cdn-website.com/28156074/dms3rep/multi/TCTH+5+Lucas+TH+1340+EA1+%2815%29-15REP.jpg,https://irp.cdn-website.com/28156074/dms3rep/multi/TCTH+5+Lucas+TH+1340+EA1+%2816%29-16REP.jpg,https://irp.cdn-website.com/28156074/dms3rep/multi/TCTH+5+Lucas+TH+1340+EA1+%2817%29-17REP.jpg,https://irp.cdn-website.com/28156074/dms3rep/multi/TCTH+5+Lucas+TH+1340+EA1+%2818%29-18REP.jpg,https://irp.cdn-website.com/28156074/dms3rep/multi/TCTH+5+Lucas+TH+1340+EA1+%2819%29-19REP.jpg,https://irp.cdn-website.com/28156074/dms3rep/multi/TCTH+5+Lucas+TH+1340+EA1+%2820%29-20REP.jpg,https://irp.cdn-website.com/28156074/dms3rep/multi/TCTH+5+Lucas+TH+1340+EA1+%2821%29-21REP.jpg,https://irp.cdn-website.com/28156074/dms3rep/multi/TCTH+5+Lucas+TH+1340+EA1+%2822%29-22REP.jpg,https://irp.cdn-website.com/28156074/dms3rep/multi/TCTH+5+Lucas+TH+1340+EA1+%2823%29-23REP.jpg,https://irp.cdn-website.com/28156074/dms3rep/multi/TCTH+5+Lucas+TH+1340+EA1+%2824%29-24REP.jpg,https://irp.cdn-website.com/28156074/dms3rep/multi/TCTH+5+Lucas+TH+1340+EA1+%2825%29-25REP.jpg,https://irp.cdn-website.com/28156074/dms3rep/multi/TCTH+5+Lucas+TH+1340+EA1+%2826%29-26REP.jpg"
https://www.truehomes.com/new-construction-homes/move-in-ready/1422-serrulata-drive-se-bolivia-nc-28422,,True Homes Build OYL - Wilmington,34.0025,-78.2262,"1422 Serrulata Drive SE, Bolivia, NC 28422",Bolivia,NC,28422,,,,https://www.truehomes.com,Sold,True Homes,,,,,,,,,,,,,,,,,,,,,,,,The Bayside - Lot #83,,4,3,,2342,434900,,,,,,"Discover this beautifully upgraded 4-bedroom, 3-bath semi-custom home featuring an inviting open-concept design and an upstairs guest suite ideal for extended stays. The chef-inspired kitchen showcases quartz countertops, a spacious island, designer lighting, and abundant cabinetry—perfect for entertaining or everyday living. Elegant ceramic tile flooring and thoughtful finishes create a seamless blend of comfort and style. Located in a premier gated community, residents enjoy resort-style amenities including a clubhouse, fitness center, tennis courts, walking and biking trails, kayak and canoe launch, putting green, outdoor pavilion, and scenic ponds and lakes. Experience luxury living and a quick move-in opportunity in this exceptional home.",4,3,,1,,,,2342,,434900,,,,,,,"https://irp.cdn-website.com/28156074/dms3rep/multi/CTL+83+Bayside+1620+EF3+EC+%285%29.jpg,https://irp.cdn-website.com/28156074/dms3rep/multi/CTL+83+Bayside+1620+EF3+EC+%286%29.jpg,https://irp.cdn-website.com/28156074/dms3rep/multi/CTL+83+Bayside+1620+EF3+EC+%287%29.jpg,https://irp.cdn-website.com/28156074/dms3rep/multi/CTL+83+Bayside+1620+EF3+EC+%288%29.jpg,https://irp.cdn-website.com/28156074/dms3rep/multi/CTL+83+Bayside+1620+EF3+EC+%289%29.jpg,https://irp.cdn-website.com/28156074/dms3rep/multi/CTL+83+Bayside+1620+EF3+EC+%2810%29.jpg,https://irp.cdn-website.com/28156074/dms3rep/multi/CTL+83+Bayside+1620+EF3+EC+%2811%29.jpg,https://irp.cdn-website.com/28156074/dms3rep/multi/CTL+83+Bayside+1620+EF3+EC+%2812%29.jpg,https://irp.cdn-website.com/28156074/dms3rep/multi/CTL+83+Bayside+1620+EF3+EC+%2813%29.jpg,https://irp.cdn-website.com/28156074/dms3rep/multi/CTL+83+Bayside+1620+EF3+EC+%2814%29.jpg,https://irp.cdn-website.com/28156074/dms3rep/multi/CTL+83+Bayside+1620+EF3+EC+%2815%29.jpg,https://irp.cdn-website.com/28156074/dms3rep/multi/CTL+83+Bayside+1620+EF3+EC+%2816%29.jpg,https://irp.cdn-website.com/28156074/dms3rep/multi/CTL+83+Bayside+1620+EF3+EC+%2817%29.jpg,https://irp.cdn-website.com/28156074/dms3rep/multi/CTL+83+Bayside+1620+EF3+EC+%2818%29.jpg,https://irp.cdn-website.com/28156074/dms3rep/multi/CTL+83+Bayside+1620+EF3+EC+%2819%29.jpg,https://irp.cdn-website.com/28156074/dms3rep/multi/CTL+83+Bayside+1620+EF3+EC+%2820%29.jpg,https://irp.cdn-website.com/28156074/dms3rep/multi/CTL+83+Bayside+1620+EF3+EC+%2821%29.jpg,https://irp.cdn-website.com/28156074/dms3rep/multi/CTL+83+Bayside+1620+EF3+EC+%2822%29.jpg,https://irp.cdn-website.com/28156074/dms3rep/multi/CTL+83+Bayside+1620+EF3+EC+%2823%29.jpg,https://irp.cdn-website.com/28156074/dms3rep/multi/CTL+83+Bayside+1620+EF3+EC+%2824%29.jpg,https://irp.cdn-website.com/28156074/dms3rep/multi/CTL+83+Bayside+1620+EF3+EC+%2825%29.jpg,https://irp.cdn-website.com/28156074/dms3rep/multi/CTL+83+Bayside+1620+EF3+EC+%2826%29.jpg,https://irp.cdn-website.com/28156074/dms3rep/multi/CTL+83+Bayside+1620+EF3+EC+%2827%29.jpg,https://irp.cdn-website.com/28156074/dms3rep/multi/CTL+83+Bayside+1620+EF3+EC+%2828%29.jpg,https://irp.cdn-website.com/28156074/dms3rep/multi/CTL+83+Bayside+1620+EF3+EC+%2831%29.jpg,https://irp.cdn-website.com/28156074/dms3rep/multi/CTL+83+Bayside+1620+EF3+EC+%2832%29.jpg,https://irp.cdn-website.com/28156074/dms3rep/multi/CTL+83+Bayside+1620+EF3+EC+%2833%29.jpg,https://irp.cdn-website.com/28156074/dms3rep/multi/CTL+83+Bayside+1620+EF3+EC+%2834%29.jpg,https://irp.cdn-website.com/28156074/dms3rep/multi/CTL+83+Bayside+1620+EF3+EC+%2835%29.jpg,https://irp.cdn-website.com/28156074/dms3rep/multi/CTL+83+Bayside+1620+EF3+EC+%2839%29.jpg"
https://www.truehomes.com/new-construction-homes/move-in-ready/8817-cranesbill-ave-colfax-nc-27235,,Westbrook Falls Townhomes,36.1080,-79.9892,"8817 CRANESBILL AVE, Colfax, NC 27235",Colfax,NC,27235,,,,https://www.truehomes.com,Sold,True Homes,,,,,,,,,,,,,,,,,,,,,,,,The Alexandria TH - Lot #77,,3,2,1,1762,299500,,,,,,"Discover the Alexandria, a 3BR/2.5BA semi-custom townhome designed for comfort and style. The main level features an open layout that connects the kitchen, dining, and living areas, while the second floor includes a primary suite with ensuite, spacious secondary bedrooms, a full bath, and a convenient laundry room. Enjoy upgraded features throughout, including quartz countertops, stainless steel appliances, tile backsplash, and enhanced cabinetry. Located in Westbrook Falls, this community offers modern living in a peaceful Guilford County setting with easy access to Greensboro, Winston-Salem, and nearby attractions such as the Piedmont Triad Farmers Market, Greensboro Arboretum, and Greensboro Science Center. A fantastic opportunity in a thoughtfully designed neighborhood.",3,2,1,2,,,,1762,,299500,,,,,,,"https://irp.cdn-website.com/28156074/dms3rep/multi/GVV+63+Alexandria+TH+1765+EA3+IO+%284%29_REP.JPG,https://irp.cdn-website.com/28156074/dms3rep/multi/GVV+63+Alexandria+TH+1765+EA3+IO+%285%29_REP.JPG,https://irp.cdn-website.com/28156074/dms3rep/multi/GVV+63+Alexandria+TH+1765+EA3+IO+%286%29_REP.JPG,https://irp.cdn-website.com/28156074/dms3rep/multi/GVV+63+Alexandria+TH+1765+EA3+IO+%287%29_REP.JPG,https://irp.cdn-website.com/28156074/dms3rep/multi/GVV+63+Alexandria+TH+1765+EA3+IO+%288%29_REP.JPG,https://irp.cdn-website.com/28156074/dms3rep/multi/GVV+63+Alexandria+TH+1765+EA3+IO+%289%29_REP.JPG,https://irp.cdn-website.com/28156074/dms3rep/multi/GVV+63+Alexandria+TH+1765+EA3+IO+%2810%29_REP.JPG,https://irp.cdn-website.com/28156074/dms3rep/multi/GVV+63+Alexandria+TH+1765+EA3+IO+%2811%29_REP.JPG,https://irp.cdn-website.com/28156074/dms3rep/multi/GVV+63+Alexandria+TH+1765+EA3+IO+%2812%29_REP.JPG,https://irp.cdn-website.com/28156074/dms3rep/multi/GVV+63+Alexandria+TH+1765+EA3+IO+%2813%29_REP.JPG,https://irp.cdn-website.com/28156074/dms3rep/multi/GVV+63+Alexandria+TH+1765+EA3+IO+%2814%29_REP.JPG,https://irp.cdn-website.com/28156074/dms3rep/multi/GVV+63+Alexandria+TH+1765+EA3+IO+%2815%29_REP.JPG,https://irp.cdn-website.com/28156074/dms3rep/multi/GVV+63+Alexandria+TH+1765+EA3+IO+%2816%29_REP.JPG,https://irp.cdn-website.com/28156074/dms3rep/multi/GVV+63+Alexandria+TH+1765+EA3+IO+%2817%29_REP.JPG,https://irp.cdn-website.com/28156074/dms3rep/multi/GVV+63+Alexandria+TH+1765+EA3+IO+%2818%29_REP.JPG,https://irp.cdn-website.com/28156074/dms3rep/multi/GVV+63+Alexandria+TH+1765+EA3+IO+%2819%29_REP.JPG,https://irp.cdn-website.com/28156074/dms3rep/multi/GVV+63+Alexandria+TH+1765+EA3+IO+%2820%29_REP.JPG,https://irp.cdn-website.com/28156074/dms3rep/multi/GVV+63+Alexandria+TH+1765+EA3+IO+%2821%29_REP.JPG,https://irp.cdn-website.com/28156074/dms3rep/multi/GVV+63+Alexandria+TH+1765+EA3+IO+%2822%29_REP.JPG,https://irp.cdn-website.com/28156074/dms3rep/multi/GVV+63+Alexandria+TH+1765+EA3+IO+%2823%29_REP.JPG"
https://www.truehomes.com/new-construction-homes/move-in-ready/292-nathan-dr-lillington-nc-27546,,Nathans Ridge,35.4399,-78.8009,"292 Nathan Dr, Lillington, NC 27546",Lillington,NC,27546,,,,https://www.truehomes.com,Sold,True Homes,,,,,,,,,,,,,,,,,,,,,,,,The Shepherd - Lot #46,,4,2,1,2081,294900,,,,,,"The Shepherd—a semi-custom home by True Homes in the scenic Nathan's Ridge community. Offering over 2,000 sq ft of thoughtfully designed space, this home features an open-concept layout with a spacious great room, dining area, and a well-appointed kitchen with modern finishes. Upstairs, enjoy a versatile loft ideal for work or relaxation, a luxurious primary suite with ensuite bath, generous secondary bedrooms, and a convenient laundry room. Nestled in a community known for its rolling landscapes, quality craftsmanship, and peaceful setting, Nathan's Ridge blends comfort, style, and smart design.",4,2,1,2,,,,2081,,294900,,,,,,,"https://irp.cdn-website.com/28156074/dms3rep/multi/NTR+46+Shepherd+2041+EC1+IO+%283%29.jpg,https://irp.cdn-website.com/28156074/dms3rep/multi/NTR+46+Shepherd+2041+EC1+IO+%284%29.jpg,https://irp.cdn-website.com/28156074/dms3rep/multi/NTR+46+Shepherd+2041+EC1+IO+%285%29.jpg,https://irp.cdn-website.com/28156074/dms3rep/multi/NTR+46+Shepherd+2041+EC1+IO+%286%29.jpg,https://irp.cdn-website.com/28156074/dms3rep/multi/NTR+46+Shepherd+2041+EC1+IO+%287%29.jpg,https://irp.cdn-website.com/28156074/dms3rep/multi/NTR+46+Shepherd+2041+EC1+IO+%288%29.jpg,https://irp.cdn-website.com/28156074/dms3rep/multi/NTR+46+Shepherd+2041+EC1+IO+%289%29.jpg,https://irp.cdn-website.com/28156074/dms3rep/multi/NTR+46+Shepherd+2041+EC1+IO+%2810%29.jpg,https://irp.cdn-website.com/28156074/dms3rep/multi/NTR+46+Shepherd+2041+EC1+IO+%2811%29.jpg,https://irp.cdn-website.com/28156074/dms3rep/multi/NTR+46+Shepherd+2041+EC1+IO+%2812%29.jpg,https://irp.cdn-website.com/28156074/dms3rep/multi/NTR+46+Shepherd+2041+EC1+IO+%2813%29.jpg,https://irp.cdn-website.com/28156074/dms3rep/multi/NTR+46+Shepherd+2041+EC1+IO+%2814%29.jpg,https://irp.cdn-website.com/28156074/dms3rep/multi/NTR+46+Shepherd+2041+EC1+IO+%2815%29.jpg,https://irp.cdn-website.com/28156074/dms3rep/multi/NTR+46+Shepherd+2041+EC1+IO+%2816%29.jpg,https://irp.cdn-website.com/28156074/dms3rep/multi/NTR+46+Shepherd+2041+EC1+IO+%2817%29.jpg,https://irp.cdn-website.com/28156074/dms3rep/multi/NTR+46+Shepherd+2041+EC1+IO+%2818%29.jpg,https://irp.cdn-website.com/28156074/dms3rep/multi/NTR+46+Shepherd+2041+EC1+IO+%2819%29.jpg,https://irp.cdn-website.com/28156074/dms3rep/multi/NTR+46+Shepherd+2041+EC1+IO+%2820%29.jpg,https://irp.cdn-website.com/28156074/dms3rep/multi/NTR+46+Shepherd+2041+EC1+IO+%2821%29.jpg,https://irp.cdn-website.com/28156074/dms3rep/multi/NTR+46+Shepherd+2041+EC1+IO+%2822%29.jpg,https://irp.cdn-website.com/28156074/dms3rep/multi/NTR+46+Shepherd+2041+EC1+IO+%2823%29.jpg,https://irp.cdn-website.com/28156074/dms3rep/multi/NTR+46+Shepherd+2041+EC1+IO+%2824%29.jpg,https://irp.cdn-website.com/28156074/dms3rep/multi/NTR+46+Shepherd+2041+EC1+IO+%2825%29.jpg,https://irp.cdn-website.com/28156074/dms3rep/multi/NTR+46+Shepherd+2041+EC1+IO+%2826%29.jpg,https://irp.cdn-website.com/28156074/dms3rep/multi/NTR+46+Shepherd+2041+EC1+IO+%2827%29.jpg,https://irp.cdn-website.com/28156074/dms3rep/multi/NTR+46+Shepherd+2041+EC1+IO+%2828%29.jpg,https://irp.cdn-website.com/28156074/dms3rep/multi/NTR+46+Shepherd+2041+EC1+IO+%2829%29.jpg,https://irp.cdn-website.com/28156074/dms3rep/multi/NTR+46+Shepherd+2041+EC1+IO+%2830%29.jpg,https://irp.cdn-website.com/28156074/dms3rep/multi/NTR+46+Shepherd+2041+EC1+IO+%2831%29.jpg"
https://www.truehomes.com/new-construction-homes/move-in-ready/1042-marsh-harrier-dr-ravenel-sc-29470,,Homecoming,32.8873,-80.2614,"1042 Marsh Harrier Dr, Ravenel, SC 29470",Ravenel,SC,29470,,,,https://www.truehomes.com,Sold,True Homes,,,,,,,,,,,,,,,,,,,,,,,,The Arden P - Lot #-CC3-4-7,,4,2,1,2914,411500,,,,,,"Discover the perfect blend of charm and modern living in this beautiful 4-bedroom, 2.5-bath home with 2,914 square feet of thoughtfully designed space. The open-concept layout welcomes you with hard surface flooring on the first floor, open kitchen, and primary bedroom with large walk-in closet on the first floor. Upstairs you will find 3 bedrooms with walk-in closets, open loft, and finished room over the garage. Talk about storage. Nestled in Homecoming, a quiet master plan community in the highly sought-after DD2 school district, this home combines style, comfort, and location -- everything you've been searching for in one perfect package.",4,2,1,2,,,,2914,,411500,,,,,,,
https://www.truehomes.com/new-construction-homes/move-in-ready/1007-toland-dr-saint-george-sc-29477,,Reeves Crossing,33.1921,-80.5560,"1007 Toland Dr, Saint George, SC 29477",Saint George,SC,29477,,,,https://www.truehomes.com,Sold,True Homes,,,,,,,,,,,,,,,,,,,,,,,,The Lenox - Lot #45,,3,2,1,2403,329900,,,,,,"Discover the perfect blend of charm and modern living in this beautiful 3-bedroom, 2.5-bath home with 2,403 square feet of thoughtfully designed space. The open-concept layout welcomes you with hard surface flooring on the first floor and a beautiful kitchen with a large and extended island. Upstairs you will find 3 generous bedrooms, huge bonus room, and the primary suite with a luxury shower and garden tub. Nestled in Reeves Crossing, a quiet community minutes from the heart of St. George. This home combines style, comfort, and location -- everything you've been searching for in one perfect package.",3,2,1,2,,,,2403,,329900,,,,,,,"https://irp.cdn-website.com/28156074/dms3rep/multi/RSC+45+Lenox+2472+E01+IO+%282%29.jpg,https://irp.cdn-website.com/28156074/dms3rep/multi/RSC+45+Lenox+2472+E01+IO+%283%29.jpg,https://irp.cdn-website.com/28156074/dms3rep/multi/RSC+45+Lenox+2472+E01+IO+%284%29.jpg,https://irp.cdn-website.com/28156074/dms3rep/multi/RSC+45+Lenox+2472+E01+IO+%285%29.jpg,https://irp.cdn-website.com/28156074/dms3rep/multi/RSC+45+Lenox+2472+E01+IO+%286%29.jpg,https://irp.cdn-website.com/28156074/dms3rep/multi/RSC+45+Lenox+2472+E01+IO+%287%29.jpg,https://irp.cdn-website.com/28156074/dms3rep/multi/RSC+45+Lenox+2472+E01+IO+%288%29.jpg,https://irp.cdn-website.com/28156074/dms3rep/multi/RSC+45+Lenox+2472+E01+IO+%289%29.jpg,https://irp.cdn-website.com/28156074/dms3rep/multi/RSC+45+Lenox+2472+E01+IO+%2810%29.jpg,https://irp.cdn-website.com/28156074/dms3rep/multi/RSC+45+Lenox+2472+E01+IO+%2811%29.jpg,https://irp.cdn-website.com/28156074/dms3rep/multi/RSC+45+Lenox+2472+E01+IO+%2812%29.jpg,https://irp.cdn-website.com/28156074/dms3rep/multi/RSC+45+Lenox+2472+E01+IO+%2813%29.jpg,https://irp.cdn-website.com/28156074/dms3rep/multi/RSC+45+Lenox+2472+E01+IO+%2814%29.jpg,https://irp.cdn-website.com/28156074/dms3rep/multi/RSC+45+Lenox+2472+E01+IO+%2815%29.jpg,https://irp.cdn-website.com/28156074/dms3rep/multi/RSC+45+Lenox+2472+E01+IO+%2816%29.jpg,https://irp.cdn-website.com/28156074/dms3rep/multi/RSC+45+Lenox+2472+E01+IO+%2817%29.jpg"
https://www.truehomes.com/new-construction-homes/move-in-ready/2401-morgan-hills-drive-albemarle-nc-28001,,Morgan Hills,35.3325,-80.2096,"2401 Morgan Hills Drive, Albemarle, NC 28001",Albemarle,NC,28001,,,,https://www.truehomes.com,Available,True Homes,,,,,,,,,,,,,,,,,,,,,,,,The Shepherd - Lot #310,,3,2,1,2081,329900,,,,,,"Quick Move-In at Morgan Hills by True Homes! This semi-custom Shepherd plan offers 3BR/2.5BTH with a bright, open layout designed for comfort and functionality. Enjoy spacious main-level living areas with stylish modern finishes throughout. Upstairs features a generous owner's suite with ensuite bath and walk-in closet, two additional well-sized bedrooms, a versatile loft space, and a convenient laundry room. Located in the sought-after Morgan Hills community—don’t miss the chance to own a thoughtfully designed semi-custom home with upgraded features, ready when you are!",3,2,1,2,,,,2081,,329900,,,,,,,"https://irp.cdn-website.com/28156074/dms3rep/multi/3-web-or-mls-003_REP.jpg,https://irp.cdn-website.com/28156074/dms3rep/multi/5-web-or-mls-005_REP-5efa180e.jpg,https://irp.cdn-website.com/28156074/dms3rep/multi/6-web-or-mls-006_REP-c7f3a8de.jpg,https://irp.cdn-website.com/28156074/dms3rep/multi/7-web-or-mls-007_REP-7acb24a4.jpg,https://irp.cdn-website.com/28156074/dms3rep/multi/8-web-or-mls-008_REP-9a639871.jpg,https://irp.cdn-website.com/28156074/dms3rep/multi/9-web-or-mls-009_REP-d711391a.jpg,https://irp.cdn-website.com/28156074/dms3rep/multi/10-web-or-mls-010_REP-1fa1cc2e.jpg,https://irp.cdn-website.com/28156074/dms3rep/multi/11-web-or-mls-011_REP-f0e520fd.jpg,https://irp.cdn-website.com/28156074/dms3rep/multi/12-web-or-mls-012_REP-5b4543d2.jpg,https://irp.cdn-website.com/28156074/dms3rep/multi/13-web-or-mls-013_REP-53ccc449.jpg,https://irp.cdn-website.com/28156074/dms3rep/multi/14-web-or-mls-014_REP-cfcfcc7b.jpg,https://irp.cdn-website.com/28156074/dms3rep/multi/15-web-or-mls-015_REP-3469feb1.jpg,https://irp.cdn-website.com/28156074/dms3rep/multi/16-web-or-mls-016_REP-5fc8a77e.jpg,https://irp.cdn-website.com/28156074/dms3rep/multi/17-web-or-mls-017_REP-cb77c2c3.jpg,https://irp.cdn-website.com/28156074/dms3rep/multi/18-web-or-mls-018_REP-024679fa.jpg,https://irp.cdn-website.com/28156074/dms3rep/multi/19-web-or-mls-019_REP-3911f5c7.jpg,https://irp.cdn-website.com/28156074/dms3rep/multi/20-web-or-mls-020_REP-2a21d78f.jpg,https://irp.cdn-website.com/28156074/dms3rep/multi/21-web-or-mls-021_REP-0aaeffe0.jpg,https://irp.cdn-website.com/28156074/dms3rep/multi/22-web-or-mls-022_REP-1dc134e7.jpg"
https://www.truehomes.com/new-construction-homes/move-in-ready/415-myers-mayo-road-ridgeville-sc-29472,,Charleston True Lot,33.1075,-80.2664,"415 Myers Mayo Road, Ridgeville, SC 29472",Ridgeville,SC,29472,,,,https://www.truehomes.com,Available,True Homes,,,,,,,,,,,,,,,,,,,,,,,,The Bedford - Lot #33,,4,3,1,3147,629900,,,,,,"Discover this stunning quick move-in semi-custom home thoughtfully designed with elevated finishes and functional living spaces. The main level features 10-foot ceilings, a private study with beamed ceilings, and a formal dining room connected to the kitchen via a convenient butler's pantry. The well-appointed kitchen opens to a spacious Great Room with a gas log fireplace, ideal for everyday living and entertaining. Enjoy outdoor living on the rear screened porch. Upstairs, the primary suite includes a spa-inspired ensuite with a garden tub and tiled walk-in shower. A versatile game room, three secondary bedrooms, and two additional full baths provide flexible living space. A 3-car side-load garage completes this must-see home.",4,3,1,2,,,,3147,,629900,,,,,,,"https://irp.cdn-website.com/28156074/dms3rep/multi/EWH+833+Bedford+3150+TD2+EO+%281%29-02REP-bdb13b22.jpg,https://irp.cdn-website.com/28156074/dms3rep/multi/EWH+833+Bedford+3150+TD2+EO+%285%29-06REP-06cddee9.jpg,https://irp.cdn-website.com/28156074/dms3rep/multi/EWH+833+Bedford+3150+TD2+EO+%286%29-07REP-fa7c0147.jpg,https://irp.cdn-website.com/28156074/dms3rep/multi/EWH+833+Bedford+3150+TD2+EO+%287%29-08REP-dcbf1b20.jpg,https://irp.cdn-website.com/28156074/dms3rep/multi/EWH+833+Bedford+3150+TD2+EO+%288%29-09REP-df6f53df.jpg,https://irp.cdn-website.com/28156074/dms3rep/multi/EWH+833+Bedford+3150+TD2+EO+%2810%29-11REP-7259de54.jpg,https://irp.cdn-website.com/28156074/dms3rep/multi/EWH+833+Bedford+3150+TD2+EO+%2811%29-12REP-3102d926.jpg,https://irp.cdn-website.com/28156074/dms3rep/multi/EWH+833+Bedford+3150+TD2+EO+%2813%29-14REP-0682490b.jpg,https://irp.cdn-website.com/28156074/dms3rep/multi/EWH+833+Bedford+3150+TD2+EO+%2814%29-15REP-bc0a007f.jpg,https://irp.cdn-website.com/28156074/dms3rep/multi/EWH+833+Bedford+3150+TD2+EO+%2815%29-16REP-28625b8f.jpg,https://irp.cdn-website.com/28156074/dms3rep/multi/EWH+833+Bedford+3150+TD2+EO+%2817%29-18REP-4049d83a.jpg,https://irp.cdn-website.com/28156074/dms3rep/multi/EWH+833+Bedford+3150+TD2+EO+%2818%29-19REP-4ee740e6.jpg,https://irp.cdn-website.com/28156074/dms3rep/multi/EWH+833+Bedford+3150+TD2+EO+%2819%29-20REP-b34d6471.jpg,https://irp.cdn-website.com/28156074/dms3rep/multi/EWH+833+Bedford+3150+TD2+EO+%2820%29-21REP-a592cb37.jpg,https://irp.cdn-website.com/28156074/dms3rep/multi/EWH+833+Bedford+3150+TD2+EO+%2821%29-22REP-12b16e98.jpg,https://irp.cdn-website.com/28156074/dms3rep/multi/EWH+833+Bedford+3150+TD2+EO+%2822%29-23REP-1afe6de3.jpg,https://irp.cdn-website.com/28156074/dms3rep/multi/EWH+833+Bedford+3150+TD2+EO+%2823%29-24REP-ba847b40.jpg,https://irp.cdn-website.com/28156074/dms3rep/multi/EWH+833+Bedford+3150+TD2+EO+%2824%29-25REP-e9d3904b.jpg,https://irp.cdn-website.com/28156074/dms3rep/multi/EWH+833+Bedford+3150+TD2+EO+%2825%29-26REP-e4a2b1b6.jpg,https://irp.cdn-website.com/28156074/dms3rep/multi/EWH+833+Bedford+3150+TD2+EO+%2826%29-27REP-4b6b5035.jpg,https://irp.cdn-website.com/28156074/dms3rep/multi/EWH+833+Bedford+3150+TD2+EO+%2827%29-28REP-cd21dd35.jpg,https://irp.cdn-website.com/28156074/dms3rep/multi/EWH+833+Bedford+3150+TD2+EO+%2828%29-29REP-e686951c.jpg,https://irp.cdn-website.com/28156074/dms3rep/multi/EWH+833+Bedford+3150+TD2+EO+%2829%29-30REP-a937e9ba.jpg,https://irp.cdn-website.com/28156074/dms3rep/multi/EWH+833+Bedford+3150+TD2+EO+%2830%29-31REP-9b07454d.jpg,https://irp.cdn-website.com/28156074/dms3rep/multi/EWH+833+Bedford+3150+TD2+EO+%2831%29-32REP-8585b704.jpg,https://irp.cdn-website.com/28156074/dms3rep/multi/EWH+833+Bedford+3150+TD2+EO+%2832%29-33REP-45b713a2.jpg,https://irp.cdn-website.com/28156074/dms3rep/multi/EWH+833+Bedford+3150+TD2+EO+%2833%29-34REP-14d2620f.jpg,https://irp.cdn-website.com/28156074/dms3rep/multi/EWH+833+Bedford+3150+TD2+EO+%2834%29-35REP-95e356d2.jpg,https://irp.cdn-website.com/28156074/dms3rep/multi/EWH+833+Bedford+3150+TD2+EO+%2835%29-36REP-a58bf1e1.jpg,https://irp.cdn-website.com/28156074/dms3rep/multi/EWH+833+Bedford+3150+TD2+EO+%2836%29-37REP-3a4e9465.jpg,https://irp.cdn-website.com/28156074/dms3rep/multi/EWH+833+Bedford+3150+TD2+EO+%2837%29-38REP-078fe16f.jpg"
https://www.truehomes.com/new-construction-homes/move-in-ready/419-myers-mayo-road-ridgeville-sc-29472,,Charleston True Lot,33.1078,-80.2661,"419 Myers Mayo Road, Ridgeville, SC 29472",Ridgeville,SC,29472,,,,https://www.truehomes.com,Available,True Homes,,,,,,,,,,,,,,,,,,,,,,,,The Brodrick - Lot #34,,4,3,,3295,639900,,,,,,"This quick move-in semi-custom home offers a thoughtfully designed layout with upgraded features throughout. The Brodrick plan includes 4 bedrooms and 3 full baths, with a primary suite on the main level featuring a spa-inspired ensuite. The well-appointed kitchen showcases a gas cooktop, wall oven and microwave, upgraded quartz countertops, and designer finishes. Enhanced lighting upgrades add style and function throughout the home.The spacious Great Room features an LP gas fireplace and opens to a rear screened porch, ideal for everyday enjoyment and entertaining. Upstairs offers a private guest bedroom, additional full bath, and versatile loft space. A 3-car side-load garage completes this exceptional home designed for comfort, quality, and convenience.",4,3,,1,,,,3295,,639900,,,,,,,"https://irp.cdn-website.com/28156074/dms3rep/multi/EWLNK+903+Brodrick+2154+EA1+EC+%281%29-01REP.JPG,https://irp.cdn-website.com/28156074/dms3rep/multi/EWLNK+903+Brodrick+2154+EA1+EC+%284%29-04REP.jpg,https://irp.cdn-website.com/28156074/dms3rep/multi/EWLNK+903+Brodrick+2154+EA1+EC+%285%29-05REP.JPG,https://irp.cdn-website.com/28156074/dms3rep/multi/EWLNK+903+Brodrick+2154+EA1+EC+%286%29-06REP.JPG,https://irp.cdn-website.com/28156074/dms3rep/multi/EWLNK+903+Brodrick+2154+EA1+EC+%287%29-07REP.JPG,https://irp.cdn-website.com/28156074/dms3rep/multi/EWLNK+903+Brodrick+2154+EA1+EC+%288%29-08REP.JPG,https://irp.cdn-website.com/28156074/dms3rep/multi/EWLNK+903+Brodrick+2154+EA1+EC+%289%29-09REP.JPG,https://irp.cdn-website.com/28156074/dms3rep/multi/EWLNK+903+Brodrick+2154+EA1+EC+%2810%29-10REP.JPG,https://irp.cdn-website.com/28156074/dms3rep/multi/EWLNK+903+Brodrick+2154+EA1+EC+%2811%29-11REP.JPG,https://irp.cdn-website.com/28156074/dms3rep/multi/EWLNK+903+Brodrick+2154+EA1+EC+%2812%29-12REP.JPG,https://irp.cdn-website.com/28156074/dms3rep/multi/EWLNK+903+Brodrick+2154+EA1+EC+%2813%29-13REP.JPG,https://irp.cdn-website.com/28156074/dms3rep/multi/EWLNK+903+Brodrick+2154+EA1+EC+%2814%29-14REP.JPG,https://irp.cdn-website.com/28156074/dms3rep/multi/EWLNK+903+Brodrick+2154+EA1+EC+%2815%29-15REP.JPG,https://irp.cdn-website.com/28156074/dms3rep/multi/EWLNK+903+Brodrick+2154+EA1+EC+%2816%29-16REP.JPG,https://irp.cdn-website.com/28156074/dms3rep/multi/EWLNK+903+Brodrick+2154+EA1+EC+%2817%29-17REP.JPG,https://irp.cdn-website.com/28156074/dms3rep/multi/EWLNK+903+Brodrick+2154+EA1+EC+%2818%29-18REP.JPG,https://irp.cdn-website.com/28156074/dms3rep/multi/EWLNK+903+Brodrick+2154+EA1+EC+%2819%29-19REP.JPG,https://irp.cdn-website.com/28156074/dms3rep/multi/EWLNK+903+Brodrick+2154+EA1+EC+%2820%29-20REP.JPG,https://irp.cdn-website.com/28156074/dms3rep/multi/EWLNK+903+Brodrick+2154+EA1+EC+%2821%29-21REP.JPG,https://irp.cdn-website.com/28156074/dms3rep/multi/EWLNK+903+Brodrick+2154+EA1+EC+%2822%29-22REP.JPG,https://irp.cdn-website.com/28156074/dms3rep/multi/EWLNK+903+Brodrick+2154+EA1+EC+%2823%29-23REP.JPG,https://irp.cdn-website.com/28156074/dms3rep/multi/EWLNK+903+Brodrick+2154+EA1+EC+%2824%29-24REP.JPG,https://irp.cdn-website.com/28156074/dms3rep/multi/EWLNK+903+Brodrick+2154+EA1+EC+%2825%29-25REP.JPG,https://irp.cdn-website.com/28156074/dms3rep/multi/EWLNK+903+Brodrick+2154+EA1+EC+%2826%29-26REP.JPG,https://irp.cdn-website.com/28156074/dms3rep/multi/EWLNK+903+Brodrick+2154+EA1+EC+%2827%29-27REP.JPG,https://irp.cdn-website.com/28156074/dms3rep/multi/EWLNK+903+Brodrick+2154+EA1+EC+%2828%29-28REP.JPG,https://irp.cdn-website.com/28156074/dms3rep/multi/EWLNK+903+Brodrick+2154+EA1+EC+%2829%29-29REP.JPG,https://irp.cdn-website.com/28156074/dms3rep/multi/EWLNK+903+Brodrick+2154+EA1+EC+%2830%29-30REP.JPG"
https://www.truehomes.com/new-construction-homes/move-in-ready/225-cliffwood-st-nw-unit-d-concord-nc-28027,,Towns at Cliffwood (Condos),35.4125,-80.6170,"225 Cliffwood St NW - Unit D, Concord, NC 28027",Concord,NC,28027,,,,https://www.truehomes.com,Sold,True Homes,,,,,,,,,,,,,,,,,,,,,,,,The Lucas TH - Lot #9,,3,2,1,1338,245000,,,,,,"Welcome to The Towns at Cliffwood – the Lucas plan, a stunning 3BR / 2.5BA home designed for modern living. Step into the expansive great room, ideal for both relaxing and entertaining, flowing seamlessly into the inviting dining area and beautifully appointed kitchen. Enjoy the elegance of quartz countertops and stainless steel appliances, perfect for the home chef. The spacious primary suite offers a private retreat with a luxurious ensuite, while the additional bedrooms feature generous closet space and their own ensuite bathrooms for added comfort and convenience.",3,2,1,2,,,,1338,,245000,,,,,,,"https://irp.cdn-website.com/28156074/dms3rep/multi/TCTH+5+Lucas+TH+1340+EA1+%286%29-06REP.jpg,https://irp.cdn-website.com/28156074/dms3rep/multi/TCTH+5+Lucas+TH+1340+EA1+%287%29-07REP.jpg,https://irp.cdn-website.com/28156074/dms3rep/multi/TCTH+5+Lucas+TH+1340+EA1+%288%29-08REP.jpg,https://irp.cdn-website.com/28156074/dms3rep/multi/TCTH+5+Lucas+TH+1340+EA1+%289%29-09REP.jpg,https://irp.cdn-website.com/28156074/dms3rep/multi/TCTH+5+Lucas+TH+1340+EA1+%2810%29-10REP.jpg,https://irp.cdn-website.com/28156074/dms3rep/multi/TCTH+5+Lucas+TH+1340+EA1+%2811%29-11REP.jpg,https://irp.cdn-website.com/28156074/dms3rep/multi/TCTH+5+Lucas+TH+1340+EA1+%2812%29-12REP.jpg,https://irp.cdn-website.com/28156074/dms3rep/multi/TCTH+5+Lucas+TH+1340+EA1+%2813%29-13REP.jpg,https://irp.cdn-website.com/28156074/dms3rep/multi/TCTH+5+Lucas+TH+1340+EA1+%2814%29-14REP.jpg,https://irp.cdn-website.com/28156074/dms3rep/multi/TCTH+5+Lucas+TH+1340+EA1+%2815%29-15REP.jpg,https://irp.cdn-website.com/28156074/dms3rep/multi/TCTH+5+Lucas+TH+1340+EA1+%2816%29-16REP.jpg,https://irp.cdn-website.com/28156074/dms3rep/multi/TCTH+5+Lucas+TH+1340+EA1+%2817%29-17REP.jpg,https://irp.cdn-website.com/28156074/dms3rep/multi/TCTH+5+Lucas+TH+1340+EA1+%2818%29-18REP.jpg,https://irp.cdn-website.com/28156074/dms3rep/multi/TCTH+5+Lucas+TH+1340+EA1+%2819%29-19REP.jpg,https://irp.cdn-website.com/28156074/dms3rep/multi/TCTH+5+Lucas+TH+1340+EA1+%2820%29-20REP.jpg,https://irp.cdn-website.com/28156074/dms3rep/multi/TCTH+5+Lucas+TH+1340+EA1+%2821%29-21REP.jpg,https://irp.cdn-website.com/28156074/dms3rep/multi/TCTH+5+Lucas+TH+1340+EA1+%2822%29-22REP.jpg,https://irp.cdn-website.com/28156074/dms3rep/multi/TCTH+5+Lucas+TH+1340+EA1+%2823%29-23REP.jpg,https://irp.cdn-website.com/28156074/dms3rep/multi/TCTH+5+Lucas+TH+1340+EA1+%2824%29-24REP.jpg,https://irp.cdn-website.com/28156074/dms3rep/multi/TCTH+5+Lucas+TH+1340+EA1+%2825%29-25REP.jpg,https://irp.cdn-website.com/28156074/dms3rep/multi/TCTH+5+Lucas+TH+1340+EA1+%2826%29-26REP.jpg"
https://www.truehomes.com/new-construction-homes/move-in-ready/13124-arnold-palmer-cir-lancaster-sc-29720,,Edgewater - Harbor Pointe,34.6436,-80.8865,"13124 ARNOLD PALMER CIR, Lancaster, SC 29720",Lancaster,SC,29720,,,,https://www.truehomes.com,Available,True Homes,,,,,,,,,,,,,,,,,,,,,,,,The Kensington - Lot #766,,4,3,1,4147,929900,,,,,,"Discover the Kensington plan, a stunning semi-custom home offering over 4,100 sq. ft. of thoughtfully designed living space on a near half-acre, lakefront, dockable homesite. This quick move-in opportunity features 4 bedrooms, 3.5 baths, and extensive upgraded features throughout. The main level showcases a private study with beamed ceiling, formal dining with tray ceiling, and an open-concept great room with gas fireplace. The gourmet kitchen is equipped with a quartz island, porcelain farmhouse sink, stainless steel appliances, vented canopy hood, and butler’s pantry. Enjoy seamless indoor-outdoor living on the rear screened porch. The primary suite on the main level offers a spa-inspired bath with garden tub, tiled shower, dual vanities, and walk-in closets. Upstairs includes two additional bedrooms, a game room, bonus room, and two full baths. Located in the Edgewater Golf Course Community with pool, clubhouse, boat docks, and walking and biking trails—an exceptional opportunity for comfort, flexibility, and lifestyle.",4,3,1,2,,,,4147,,929900,,,,,,,"https://irp.cdn-website.com/28156074/dms3rep/multi/EWH+766+Kensington+3120+TC2+EO+%282%29.jpg,https://irp.cdn-website.com/28156074/dms3rep/multi/EWH+766+Kensington+3120+TC2+EO+%282a%29.jpg,https://irp.cdn-website.com/28156074/dms3rep/multi/EWH+766+Kensington+3120+TC2+EO+%283%29.jpg,https://irp.cdn-website.com/28156074/dms3rep/multi/EWH+766+Kensington+3120+TC2+EO+%286%29.jpg,https://irp.cdn-website.com/28156074/dms3rep/multi/EWH+766+Kensington+3120+TC2+EO+%285%29.jpg,https://irp.cdn-website.com/28156074/dms3rep/multi/EWH+766+Kensington+3120+TC2+EO+%287%29.jpg,https://irp.cdn-website.com/28156074/dms3rep/multi/EWH+766+Kensington+3120+TC2+EO+%284%29.jpg,https://irp.cdn-website.com/28156074/dms3rep/multi/EWH+766+Kensington+3120+TC2+EO+%288%29.jpg,https://irp.cdn-website.com/28156074/dms3rep/multi/EWH+766+Kensington+3120+TC2+EO+%289%29.jpg,https://irp.cdn-website.com/28156074/dms3rep/multi/EWH+766+Kensington+3120+TC2+EO+%2810%29.jpg,https://irp.cdn-website.com/28156074/dms3rep/multi/EWH+766+Kensington+3120+TC2+EO+%2811%29.jpg,https://irp.cdn-website.com/28156074/dms3rep/multi/EWH+766+Kensington+3120+TC2+EO+%2813%29.jpg,https://irp.cdn-website.com/28156074/dms3rep/multi/EWH+766+Kensington+3120+TC2+EO+%2814%29.jpg,https://irp.cdn-website.com/28156074/dms3rep/multi/EWH+766+Kensington+3120+TC2+EO+%2815%29.jpg,https://irp.cdn-website.com/28156074/dms3rep/multi/EWH+766+Kensington+3120+TC2+EO+%2816%29.jpg,https://irp.cdn-website.com/28156074/dms3rep/multi/EWH+766+Kensington+3120+TC2+EO+%2817%29.jpg,https://irp.cdn-website.com/28156074/dms3rep/multi/EWH+766+Kensington+3120+TC2+EO+%2818%29.jpg,https://irp.cdn-website.com/28156074/dms3rep/multi/EWH+766+Kensington+3120+TC2+EO+%2821%29.jpg,https://irp.cdn-website.com/28156074/dms3rep/multi/EWH+766+Kensington+3120+TC2+EO+%2822%29.jpg,https://irp.cdn-website.com/28156074/dms3rep/multi/EWH+766+Kensington+3120+TC2+EO+%2823%29.jpg,https://irp.cdn-website.com/28156074/dms3rep/multi/EWH+766+Kensington+3120+TC2+EO+%2824%29.jpg,https://irp.cdn-website.com/28156074/dms3rep/multi/EWH+766+Kensington+3120+TC2+EO+%2825%29.jpg,https://irp.cdn-website.com/28156074/dms3rep/multi/EWH+766+Kensington+3120+TC2+EO+%2826%29.jpg,https://irp.cdn-website.com/28156074/dms3rep/multi/EWH+766+Kensington+3120+TC2+EO+%2828%29.jpg,https://irp.cdn-website.com/28156074/dms3rep/multi/EWH+766+Kensington+3120+TC2+EO+%2832%29.jpg,https://irp.cdn-website.com/28156074/dms3rep/multi/EWH+766+Kensington+3120+TC2+EO+%2833%29.jpg,https://irp.cdn-website.com/28156074/dms3rep/multi/EWH+766+Kensington+3120+TC2+EO+%2834%29.jpg,https://irp.cdn-website.com/28156074/dms3rep/multi/EWH+766+Kensington+3120+TC2+EO+%2835%29.jpg,https://irp.cdn-website.com/28156074/dms3rep/multi/EWH+766+Kensington+3120+TC2+EO+%2837%29.jpg,https://irp.cdn-website.com/28156074/dms3rep/multi/EWH+766+Kensington+3120+TC2+EO+%2841%29.jpg,https://irp.cdn-website.com/28156074/dms3rep/multi/EWH+766+Kensington+3120+TC2+EO+%2842%29.jpg"
https://www.truehomes.com/new-construction-homes/move-in-ready/2410-stonehaven-dr-albemarle-nc-28001,,Grandview,35.3333,-80.1601,"2410 STONEHAVEN DR, Albemarle, NC 28001",Albemarle,NC,28001,,,,https://www.truehomes.com,Available,True Homes,,,,,,,,,,,,,,,,,,,,,,,,The Shepherd - Lot #56,,5,3,1,2812,379900,,,,,,"Quick Move-In Opportunity in Grandview – Albemarle, NC! This newly built semi-custom 5 BR/3.5BA home with basement situated on nearly a half-acre, offers upgraded features and a modern open floor plan designed for comfort and functionality. The spacious main level includes a bright great room and a stylish kitchen with quartz countertops, tile backsplash, and upgraded cabinetry. Upstairs, enjoy a large loft, convenient laundry room, and generously sized bedrooms. The luxurious primary suite boasts a tiled walk-in shower and a spacious walk-in closet. Basement features finished rec room, bedroom, and additional full bath. Residents enjoy scenic surroundings, nearby parks, and easy access to shopping, dining, and downtown Albemarle. With its blend of quality construction and thoughtful design, this quick move-in home is the perfect fit for modern living in a growing area!",5,3,1,2,,,,2812,,379900,,,,,,,"https://irp.cdn-website.com/28156074/dms3rep/multi/GRV+56+Shepherd+2041+EA2+IO+v2+%282%29.jpg,https://irp.cdn-website.com/28156074/dms3rep/multi/GRV+56+Shepherd+2041+EA2+IO+v2+%283%29.jpg,https://irp.cdn-website.com/28156074/dms3rep/multi/GRV+56+Shepherd+2041+EA2+IO+v2+%281%29.jpg,https://irp.cdn-website.com/28156074/dms3rep/multi/GRV+56+Shepherd+2041+EA2+IO+v2+%284%29.jpg,https://irp.cdn-website.com/28156074/dms3rep/multi/GRV+56+Shepherd+2041+EA2+IO+v2+%285%29.jpg,https://irp.cdn-website.com/28156074/dms3rep/multi/GRV+56+Shepherd+2041+EA2+IO+v2+%286%29.jpg,https://irp.cdn-website.com/28156074/dms3rep/multi/GRV+56+Shepherd+2041+EA2+IO+v2+%287%29.jpg,https://irp.cdn-website.com/28156074/dms3rep/multi/GRV+56+Shepherd+2041+EA2+IO+v2+%288%29.jpg,https://irp.cdn-website.com/28156074/dms3rep/multi/GRV+56+Shepherd+2041+EA2+IO+v2+%289%29.jpg,https://irp.cdn-website.com/28156074/dms3rep/multi/GRV+56+Shepherd+2041+EA2+IO+v2+%2811%29.jpg,https://irp.cdn-website.com/28156074/dms3rep/multi/GRV+56+Shepherd+2041+EA2+IO+v2+%2812%29.jpg,https://irp.cdn-website.com/28156074/dms3rep/multi/GRV+56+Shepherd+2041+EA2+IO+v2+%2813%29.jpg,https://irp.cdn-website.com/28156074/dms3rep/multi/GRV+56+Shepherd+2041+EA2+IO+v2+%2814%29.jpg,https://irp.cdn-website.com/28156074/dms3rep/multi/GRV+56+Shepherd+2041+EA2+IO+v2+%2815%29.jpg,https://irp.cdn-website.com/28156074/dms3rep/multi/GRV+56+Shepherd+2041+EA2+IO+v2+%2816%29.jpg,https://irp.cdn-website.com/28156074/dms3rep/multi/GRV+56+Shepherd+2041+EA2+IO+v2+%2817%29.jpg,https://irp.cdn-website.com/28156074/dms3rep/multi/GRV+56+Shepherd+2041+EA2+IO+v2+%2818%29.jpg,https://irp.cdn-website.com/28156074/dms3rep/multi/GRV+56+Shepherd+2041+EA2+IO+v2+%2820%29.jpg,https://irp.cdn-website.com/28156074/dms3rep/multi/GRV+56+Shepherd+2041+EA2+IO+v2+%2821%29.jpg,https://irp.cdn-website.com/28156074/dms3rep/multi/GRV+56+Shepherd+2041+EA2+IO+v2+%2823%29.jpg,https://irp.cdn-website.com/28156074/dms3rep/multi/GRV+56+Shepherd+2041+EA2+IO+v2+%2824%29.jpg,https://irp.cdn-website.com/28156074/dms3rep/multi/GRV+56+Shepherd+2041+EA2+IO+v2+%2826%29.jpg,https://irp.cdn-website.com/28156074/dms3rep/multi/GRV+56+Shepherd+2041+EA2+IO+v2+%2827%29.jpg,https://irp.cdn-website.com/28156074/dms3rep/multi/GRV+56+Shepherd+2041+EA2+IO+v2+%2828%29.jpg,https://irp.cdn-website.com/28156074/dms3rep/multi/GRV+56+Shepherd+2041+EA2+IO+v2+%2829%29.jpg,https://irp.cdn-website.com/28156074/dms3rep/multi/GRV+56+Shepherd+2041+EA2+IO+v2+%2831%29.jpg,https://irp.cdn-website.com/28156074/dms3rep/multi/GRV+56+Shepherd+2041+EA2+IO+v2+%2832%29.jpg,https://irp.cdn-website.com/28156074/dms3rep/multi/GRV+56+Shepherd+2041+EA2+IO+v2+%2833%29.jpg,https://irp.cdn-website.com/28156074/dms3rep/multi/GRV+56+Shepherd+2041+EA2+IO+v2+%2835%29.jpg,https://irp.cdn-website.com/28156074/dms3rep/multi/GRV+56+Shepherd+2041+EA2+IO+v2+%2836%29.jpg,https://irp.cdn-website.com/28156074/dms3rep/multi/GRV+56+Shepherd+2041+EA2+IO+v2+%2837%29.jpg"
https://www.truehomes.com/new-construction-homes/move-in-ready/708-grove-street-whiteville-nc-28472,,True Homes Build OYL - Wilmington,34.3372,-78.7115,"708 Grove Street, Whiteville, NC 28472",Whiteville,NC,28472,,,,https://www.truehomes.com,Sold,True Homes,,,,,,,,,,,,,,,,,,,,,,,,The Devin - Lot #82,,3,2,1,2098,299900,,,,,,"Quick move-in semi-custom home featuring the popular Devin plan, thoughtfully designed for modern living. The main-level owner's suite offers comfort and convenience, while two additional bedrooms and a spacious loft upstairs provide flexible living space. This home showcases upgraded features throughout, including quartz countertops, a ceramic tile backsplash, and designer lighting that enhance both style and functionality. Situated on a large homesite, there is ample outdoor space for relaxing or entertaining. Conveniently located near schools, shopping, and dining, this home combines quality craftsmanship, smart design, and an excellent location. A great opportunity to own a move-in ready semi-custom home with upgraded finishes.",3,2,1,2,,,,2098,,299900,,,,,,,"https://irp.cdn-website.com/28156074/dms3rep/multi/NTR+22+Devin+2098+EB3+IO+%284%29-04REP-a2c62cce.JPG,https://irp.cdn-website.com/28156074/dms3rep/multi/NTR+22+Devin+2098+EB3+IO+%285%29-05REP-2b8ed00c.JPG,https://irp.cdn-website.com/28156074/dms3rep/multi/NTR+22+Devin+2098+EB3+IO+%286%29-06REP-a3173e3e.JPG,https://irp.cdn-website.com/28156074/dms3rep/multi/NTR+22+Devin+2098+EB3+IO+%287%29-07REP-9c7bc0a4.JPG,https://irp.cdn-website.com/28156074/dms3rep/multi/NTR+22+Devin+2098+EB3+IO+%288%29-08REP-93eff7c1.JPG,https://irp.cdn-website.com/28156074/dms3rep/multi/NTR+22+Devin+2098+EB3+IO+%289%29-09REP-b4605d92.JPG,https://irp.cdn-website.com/28156074/dms3rep/multi/NTR+22+Devin+2098+EB3+IO+%2810%29-10REP-3b7091af.JPG,https://irp.cdn-website.com/28156074/dms3rep/multi/NTR+22+Devin+2098+EB3+IO+%2811%29-11REP-260e469b.JPG,https://irp.cdn-website.com/28156074/dms3rep/multi/NTR+22+Devin+2098+EB3+IO+%2812%29-12REP-09caffb3.JPG,https://irp.cdn-website.com/28156074/dms3rep/multi/NTR+22+Devin+2098+EB3+IO+%2813%29-13REP-163cf89a.JPG,https://irp.cdn-website.com/28156074/dms3rep/multi/NTR+22+Devin+2098+EB3+IO+%2814%29-14REP-063ea1b6.JPG,https://irp.cdn-website.com/28156074/dms3rep/multi/NTR+22+Devin+2098+EB3+IO+%2815%29-15REP-8c2f68f9.JPG,https://irp.cdn-website.com/28156074/dms3rep/multi/NTR+22+Devin+2098+EB3+IO+%2816%29-16REP-123aca7d.JPG,https://irp.cdn-website.com/28156074/dms3rep/multi/NTR+22+Devin+2098+EB3+IO+%2817%29-17REP-593aa655.JPG,https://irp.cdn-website.com/28156074/dms3rep/multi/NTR+22+Devin+2098+EB3+IO+%2818%29-18REP-fae1956f.JPG,https://irp.cdn-website.com/28156074/dms3rep/multi/NTR+22+Devin+2098+EB3+IO+%2819%29-19REP-f3660363.JPG,https://irp.cdn-website.com/28156074/dms3rep/multi/NTR+22+Devin+2098+EB3+IO+%2820%29-20REP-38514f87.JPG,https://irp.cdn-website.com/28156074/dms3rep/multi/NTR+22+Devin+2098+EB3+IO+%2821%29-21REP-3991c5c4.JPG,https://irp.cdn-website.com/28156074/dms3rep/multi/NTR+22+Devin+2098+EB3+IO+%2822%29-22REP-96fb5343.JPG,https://irp.cdn-website.com/28156074/dms3rep/multi/NTR+22+Devin+2098+EB3+IO+%2823%29-23REP-a1175489.JPG,https://irp.cdn-website.com/28156074/dms3rep/multi/NTR+22+Devin+2098+EB3+IO+%2824%29-24REP-f5c619ce.JPG,https://irp.cdn-website.com/28156074/dms3rep/multi/NTR+22+Devin+2098+EB3+IO+%2825%29-25REP.JPG"
https://www.truehomes.com/new-construction-homes/move-in-ready/63-silent-bend-dr-clayton-nc-27527,,Copper Ridge at Flowers Plantation,35.6645,-78.3663,"63 Silent Bend Dr, Clayton, NC 27527",Clayton,NC,27527,,,,https://www.truehomes.com,Sold,True Homes,,,,,,,,,,,,,,,,,,,,,,,,The TA4000 - Lot #260,,5,3,,3945,479900,,,,,,"The TA4000 is a 5-bedroom, 3 bathroom open-concept home with a great room, dining area, and kitchen with oversized island, walk-in pantry. First-floor study, Bedroom 5 with Bath 3, drop zone, and outdoor living options with rear covered porch. Second floor features primary suite with walk-in closet and spa-style bath, plus secondary bedrooms and game room. Pre-slab inventory home with predetermined structural features. The listed price includes all standard interior selections. Interior personalization available if the buyer is under contract by the builder's deadline. The final price will remain as listed unless the buyer elects optional upgrades beyond the included selections, subject to builder approval.",5,3,,2,,,,3945,,479900,,,,,,,
https://www.truehomes.com/new-construction-homes/move-in-ready/1205-hackney-dr-elon-nc-27244,,Parc Northwest,36.1117,-79.5167,"1205 Hackney Dr, Elon, NC 27244",Elon,NC,27244,,,,https://www.truehomes.com,Available,True Homes,,,,,,,,,,,,,,,,,,,,,,,,The Jasper - Lot #134,,3,2,1,2454,449700,,,,,,"New Community – Parc Northwest | Quick Move-In Opportunity - Special lender incentive available. Discover the Jasper plan in the new Parc Northwest community, a thoughtfully designed semi-custom home offering approximately 2,454 square feet of living space with 4 bedrooms and 2.5 baths. The main level features a private study, a separate dining room, and a well-appointed kitchen with upgraded features including quartz countertops, an upgraded tile backsplash, stainless steel farmhouse sink, gas range, and stainless steel appliances—ideal for everyday living and entertaining. Upstairs, the spacious primary suite includes a luxury shower and a large walk-in closet, providing a comfortable retreat. Additional bedrooms offer flexible use for guests or home office needs. Conveniently located near Elon University, dining, and shopping, this quick move-in home combines quality construction, and modern design.",3,2,1,2,,,,2454,,449700,,,,,,,"https://irp.cdn-website.com/28156074/dms3rep/multi/CRF+68+Jasper+2313+ED2P+%282%29_REP.jpg,https://irp.cdn-website.com/28156074/dms3rep/multi/CRF+68+Jasper+2313+ED2P+%283%29_REP.jpg,https://irp.cdn-website.com/28156074/dms3rep/multi/CRF+68+Jasper+2313+ED2P+%284%29_REP.jpg,https://irp.cdn-website.com/28156074/dms3rep/multi/CRF+68+Jasper+2313+ED2P+%285%29_REP.jpg,https://irp.cdn-website.com/28156074/dms3rep/multi/CRF+68+Jasper+2313+ED2P+%286%29_REP.jpg,https://irp.cdn-website.com/28156074/dms3rep/multi/CRF+68+Jasper+2313+ED2P+%287%29_REP.jpg,https://irp.cdn-website.com/28156074/dms3rep/multi/CRF+68+Jasper+2313+ED2P+%288%29_REP.jpg,https://irp.cdn-website.com/28156074/dms3rep/multi/CRF+68+Jasper+2313+ED2P+%289%29_REP.jpg,https://irp.cdn-website.com/28156074/dms3rep/multi/CRF+68+Jasper+2313+ED2P+%2810%29_REP.jpg,https://irp.cdn-website.com/28156074/dms3rep/multi/CRF+68+Jasper+2313+ED2P+%2811%29_REP.jpg,https://irp.cdn-website.com/28156074/dms3rep/multi/CRF+68+Jasper+2313+ED2P+%2812%29_REP.jpg,https://irp.cdn-website.com/28156074/dms3rep/multi/CRF+68+Jasper+2313+ED2P+%2813%29_REP.jpg,https://irp.cdn-website.com/28156074/dms3rep/multi/CRF+68+Jasper+2313+ED2P+%2814%29_REP.jpg,https://irp.cdn-website.com/28156074/dms3rep/multi/CRF+68+Jasper+2313+ED2P+%2815%29_REP.jpg,https://irp.cdn-website.com/28156074/dms3rep/multi/CRF+68+Jasper+2313+ED2P+%2816%29_REP.jpg,https://irp.cdn-website.com/28156074/dms3rep/multi/CRF+68+Jasper+2313+ED2P+%2817%29_REP.jpg,https://irp.cdn-website.com/28156074/dms3rep/multi/CRF+68+Jasper+2313+ED2P+%2818%29_REP.jpg,https://irp.cdn-website.com/28156074/dms3rep/multi/CRF+68+Jasper+2313+ED2P+%2819%29_REP.jpg,https://irp.cdn-website.com/28156074/dms3rep/multi/CRF+68+Jasper+2313+ED2P+%2820%29_REP.jpg,https://irp.cdn-website.com/28156074/dms3rep/multi/CRF+68+Jasper+2313+ED2P+%2821%29_REP.jpg,https://irp.cdn-website.com/28156074/dms3rep/multi/CRF+68+Jasper+2313+ED2P+%2822%29_REP.jpg"
https://www.truehomes.com/new-construction-homes/move-in-ready/126-tillery-ln-mount-gilead-nc-27306,,Tillery Tradition,35.2858,-80.0803,"126 Tillery Ln, Mount Gilead, NC 27306",Mount Gilead,NC,27306,,,,https://www.truehomes.com,Available,True Homes,,,,,,,,,,,,,,,,,,,,,,,,The Montcrest - Lot #703,,3,2,,1847,374900,,,,,,"The Montcrest, is a thoughtfully designed semi-custom ranch home offering approximately 1,847 sq. ft. with 3 bedrooms and 3 bathrooms, delivering flexibility for a range of living needs. The foyer opens to a secondary bedroom and full bath, followed by a formal dining room that connects to a Butler’s Pantry and a designer kitchen with nook—ideal for daily living and entertaining. The spacious Great Room offers an optional fireplace and seamless flow to the rear of the home. The primary suite is privately positioned and includes a well-appointed bath and large walk-in closet. A versatile third bedroom at the rear may also serve as a home office or flex space. Outdoor living is enhanced by a covered lanai, creating an inviting extension of the home. Set in the desirable Tillery Tradition community in Mt. Gilead—minutes from Lake Tillery, golf, parks, and trails—this home blends peaceful living with modern convenience. Don’t miss this chance to own an upgraded home in a sought-after lakeside golf course community. Schedule your private tour today!",3,2,,1,,,,1847,,374900,,,,,,,"https://irp.cdn-website.com/28156074/dms3rep/multi/NC+618+Montcrest+1755+EA2+EO+%283%29_REP.jpg,https://irp.cdn-website.com/28156074/dms3rep/multi/NC+618+Montcrest+1755+EA2+EO+%287%29_REP.jpg,https://irp.cdn-website.com/28156074/dms3rep/multi/NC+618+Montcrest+1755+EA2+EO+%288%29_REP.jpg,https://irp.cdn-website.com/28156074/dms3rep/multi/NC+618+Montcrest+1755+EA2+EO+%289%29_REP.jpg,https://irp.cdn-website.com/28156074/dms3rep/multi/NC+618+Montcrest+1755+EA2+EO+%2810%29_REP.jpg,https://irp.cdn-website.com/28156074/dms3rep/multi/NC+618+Montcrest+1755+EA2+EO+%2811%29_REP.jpg,https://irp.cdn-website.com/28156074/dms3rep/multi/NC+618+Montcrest+1755+EA2+EO+%2812%29_REP.jpg,https://irp.cdn-website.com/28156074/dms3rep/multi/NC+618+Montcrest+1755+EA2+EO+%2813%29_REP.jpg,https://irp.cdn-website.com/28156074/dms3rep/multi/NC+618+Montcrest+1755+EA2+EO+%2814%29_REP.jpg,https://irp.cdn-website.com/28156074/dms3rep/multi/NC+618+Montcrest+1755+EA2+EO+%2815%29_REP.jpg,https://irp.cdn-website.com/28156074/dms3rep/multi/NC+618+Montcrest+1755+EA2+EO+%2816%29_REP.jpg,https://irp.cdn-website.com/28156074/dms3rep/multi/NC+618+Montcrest+1755+EA2+EO+%2817%29_REP.jpg,https://irp.cdn-website.com/28156074/dms3rep/multi/NC+618+Montcrest+1755+EA2+EO+%2818%29_REP.jpg,https://irp.cdn-website.com/28156074/dms3rep/multi/NC+618+Montcrest+1755+EA2+EO+%2819%29_REP.jpg,https://irp.cdn-website.com/28156074/dms3rep/multi/NC+618+Montcrest+1755+EA2+EO+%2820%29_REP.jpg,https://irp.cdn-website.com/28156074/dms3rep/multi/NC+618+Montcrest+1755+EA2+EO+%2821%29_REP.jpg,https://irp.cdn-website.com/28156074/dms3rep/multi/NC+618+Montcrest+1755+EA2+EO+%2822%29_REP.jpg,https://irp.cdn-website.com/28156074/dms3rep/multi/NC+618+Montcrest+1755+EA2+EO+%2823%29_REP.jpg,https://irp.cdn-website.com/28156074/dms3rep/multi/NC+618+Montcrest+1755+EA2+EO+%2824%29_REP.jpg,https://irp.cdn-website.com/28156074/dms3rep/multi/NC+618+Montcrest+1755+EA2+EO+%2825%29_REP.jpg,https://irp.cdn-website.com/28156074/dms3rep/multi/NC+618+Montcrest+1755+EA2+EO+%2826%29_REP.jpg,https://irp.cdn-website.com/28156074/dms3rep/multi/NC+618+Montcrest+1755+EA2+EO+%2827%29_REP.jpg,https://irp.cdn-website.com/28156074/dms3rep/multi/NC+618+Montcrest+1755+EA2+EO+%2828%29_REP.jpg,https://irp.cdn-website.com/28156074/dms3rep/multi/NC+618+Montcrest+1755+EA2+EO+%2829%29_REP.jpg,https://irp.cdn-website.com/28156074/dms3rep/multi/NC+618+Montcrest+1755+EA2+EO+%2830%29_REP.jpg,https://irp.cdn-website.com/28156074/dms3rep/multi/NC+618+Montcrest+1755+EA2+EO+%2831%29_REP.jpg,https://irp.cdn-website.com/28156074/dms3rep/multi/NC+618+Montcrest+1755+EA2+EO+%2832%29_REP.jpg,https://irp.cdn-website.com/28156074/dms3rep/multi/NC+618+Montcrest+1755+EA2+EO+%2833%29_REP.jpg,https://irp.cdn-website.com/28156074/dms3rep/multi/NC+618+Montcrest+1755+EA2+EO+%2834%29_REP.jpg"
https://www.truehomes.com/new-construction-homes/move-in-ready/32-gobbler-ct-lillington-nc-27546,,Nathans Ridge,35.4386,-78.8026,"32 Gobbler Ct, Lillington, NC 27546",Lillington,NC,27546,,,,https://www.truehomes.com,Sold,True Homes,,,,,,,,,,,,,,,,,,,,,,,,The Montcrest - Lot #60,,4,3,,2784,399900,,,,,,"Welcome to the Montcrest in Nathan's Ridge, offering over 2700 sq ft of thoughtfully designed living space. This home features an inviting extended foyer, a convenient laundry room, and a separate dining area perfect for gatherings. The well-appointed kitchen with an eat-in nook opens to an expansive great room, ideal for both relaxation and entertaining. Enjoy outdoor living on the covered rear porch. The spacious secondary bedrooms provide comfort and privacy, while the luxurious primary suite boasts luxury ensuite. The second level features a guest bedroom, additional full bath and loft space with media closet.",4,3,,1,,,,2784,,399900,,,,,,,"https://irp.cdn-website.com/28156074/dms3rep/multi/NTR+60+Montcrest+1755+EJ2+IO+%284%29.jpg,https://irp.cdn-website.com/28156074/dms3rep/multi/NTR+60+Montcrest+1755+EJ2+IO+%285%29.jpg,https://irp.cdn-website.com/28156074/dms3rep/multi/NTR+60+Montcrest+1755+EJ2+IO+%286%29.jpg,https://irp.cdn-website.com/28156074/dms3rep/multi/NTR+60+Montcrest+1755+EJ2+IO+%287%29.jpg,https://irp.cdn-website.com/28156074/dms3rep/multi/NTR+60+Montcrest+1755+EJ2+IO+%288%29.jpg,https://irp.cdn-website.com/28156074/dms3rep/multi/NTR+60+Montcrest+1755+EJ2+IO+%289%29.jpg,https://irp.cdn-website.com/28156074/dms3rep/multi/NTR+60+Montcrest+1755+EJ2+IO+%2810%29.jpg,https://irp.cdn-website.com/28156074/dms3rep/multi/NTR+60+Montcrest+1755+EJ2+IO+%2811%29.jpg,https://irp.cdn-website.com/28156074/dms3rep/multi/NTR+60+Montcrest+1755+EJ2+IO+%2812%29.jpg,https://irp.cdn-website.com/28156074/dms3rep/multi/NTR+60+Montcrest+1755+EJ2+IO+%2813%29.jpg,https://irp.cdn-website.com/28156074/dms3rep/multi/NTR+60+Montcrest+1755+EJ2+IO+%2814%29.jpg,https://irp.cdn-website.com/28156074/dms3rep/multi/NTR+60+Montcrest+1755+EJ2+IO+%2815%29.jpg,https://irp.cdn-website.com/28156074/dms3rep/multi/NTR+60+Montcrest+1755+EJ2+IO+%2816%29.jpg,https://irp.cdn-website.com/28156074/dms3rep/multi/NTR+60+Montcrest+1755+EJ2+IO+%2817%29.jpg,https://irp.cdn-website.com/28156074/dms3rep/multi/NTR+60+Montcrest+1755+EJ2+IO+%2818%29.jpg,https://irp.cdn-website.com/28156074/dms3rep/multi/NTR+60+Montcrest+1755+EJ2+IO+%2819%29.jpg,https://irp.cdn-website.com/28156074/dms3rep/multi/NTR+60+Montcrest+1755+EJ2+IO+%2820%29.jpg,https://irp.cdn-website.com/28156074/dms3rep/multi/NTR+60+Montcrest+1755+EJ2+IO+%2821%29.jpg,https://irp.cdn-website.com/28156074/dms3rep/multi/NTR+60+Montcrest+1755+EJ2+IO+%2822%29.jpg,https://irp.cdn-website.com/28156074/dms3rep/multi/NTR+60+Montcrest+1755+EJ2+IO+%2823%29.jpg,https://irp.cdn-website.com/28156074/dms3rep/multi/NTR+60+Montcrest+1755+EJ2+IO+%2824%29.jpg,https://irp.cdn-website.com/28156074/dms3rep/multi/NTR+60+Montcrest+1755+EJ2+IO+%2825%29.jpg,https://irp.cdn-website.com/28156074/dms3rep/multi/NTR+60+Montcrest+1755+EJ2+IO+%2826%29.jpg,https://irp.cdn-website.com/28156074/dms3rep/multi/NTR+60+Montcrest+1755+EJ2+IO+%2827%29.jpg,https://irp.cdn-website.com/28156074/dms3rep/multi/NTR+60+Montcrest+1755+EJ2+IO+%2828%29.jpg,https://irp.cdn-website.com/28156074/dms3rep/multi/NTR+60+Montcrest+1755+EJ2+IO+%2829%29.jpg,https://irp.cdn-website.com/28156074/dms3rep/multi/NTR+60+Montcrest+1755+EJ2+IO+%2830%29.jpg,https://irp.cdn-website.com/28156074/dms3rep/multi/NTR+60+Montcrest+1755+EJ2+IO+%2831%29.jpg,https://irp.cdn-website.com/28156074/dms3rep/multi/NTR+60+Montcrest+1755+EJ2+IO+%2833%29.jpg,https://irp.cdn-website.com/28156074/dms3rep/multi/NTR+60+Montcrest+1755+EJ2+IO+%2834%29.jpg"
https://www.truehomes.com/new-construction-homes/move-in-ready/3805-biddle-street-greensboro-nc-27405,,Village Heights TH,36.1155,-79.7512,"3805 Biddle Street, Greensboro, NC 27405",Greensboro,NC,27405,,,,https://www.truehomes.com,Available,True Homes,,,,,,,,,,,,,,,,,,,,,,,,The Haven TH - Lot #79,,3,2,1,1651,259000,,,,,,"Special lender incentive available. Introducing The Haven Townhome, a thoughtfully designed semi-custom home offering 1,651 square feet with 3 bedrooms and 2.5 bathrooms. Available as a quick move-in opportunity, this home includes upgraded finishes and a functional layout for modern, low-maintenance living. The main level features a welcoming entry, powder room, multiple storage closets, and direct garage access. An open-concept Kitchen with pantry flows into the Great Room and Dining Area, creating flexible space for daily living and entertaining. Upstairs offers a spacious Loft, a private Primary Suite with a walk-in shower and expansive walk-in closet, two additional bedrooms, a full bath, a dedicated Laundry Room, and ample storage. Located in Village Heights in Greensboro, NC, this townhome community provides convenient access to downtown Greensboro, LeBauer Park, shopping, grocery stores, and major roadways, and offers modern townhome designs with quality construction.",3,2,1,2,,,,1651,,259000,,,,,,,"https://irp.cdn-website.com/28156074/dms3rep/multi/VHTH+xx+Haven+TH+%281%29-01REP.jpg,https://irp.cdn-website.com/28156074/dms3rep/multi/VHTH+xx+Haven+TH+%282%29-02REP.jpg,https://irp.cdn-website.com/28156074/dms3rep/multi/VHTH+xx+Haven+TH+%283%29-03REP.jpg,https://irp.cdn-website.com/28156074/dms3rep/multi/VHTH+xx+Haven+TH+%284%29-04REP.jpg,https://irp.cdn-website.com/28156074/dms3rep/multi/VHTH+xx+Haven+TH+%285%29-05REP.jpg,https://irp.cdn-website.com/28156074/dms3rep/multi/VHTH+xx+Haven+TH+%286%29-06REP.jpg,https://irp.cdn-website.com/28156074/dms3rep/multi/VHTH+xx+Haven+TH+%287%29-07REP.jpg,https://irp.cdn-website.com/28156074/dms3rep/multi/VHTH+xx+Haven+TH+%288%29-08REP.jpg,https://irp.cdn-website.com/28156074/dms3rep/multi/VHTH+xx+Haven+TH+%289%29-09REP.jpg,https://irp.cdn-website.com/28156074/dms3rep/multi/VHTH+xx+Haven+TH+%2810%29-10REP.jpg,https://irp.cdn-website.com/28156074/dms3rep/multi/VHTH+xx+Haven+TH+%2811%29-11REP.jpg,https://irp.cdn-website.com/28156074/dms3rep/multi/VHTH+xx+Haven+TH+%2812%29-12REP.jpg,https://irp.cdn-website.com/28156074/dms3rep/multi/VHTH+xx+Haven+TH+%2813%29-13REP.jpg,https://irp.cdn-website.com/28156074/dms3rep/multi/VHTH+xx+Haven+TH+%2814%29-14REP.jpg,https://irp.cdn-website.com/28156074/dms3rep/multi/VHTH+xx+Haven+TH+%2815%29-15REP.jpg,https://irp.cdn-website.com/28156074/dms3rep/multi/VHTH+xx+Haven+TH+%2816%29-16REP.jpg,https://irp.cdn-website.com/28156074/dms3rep/multi/VHTH+xx+Haven+TH+%2817%29-17REP.jpg"
https://www.truehomes.com/new-construction-homes/move-in-ready/8819-cranesbill-ave-colfax-nc-27235,,Westbrook Falls Townhomes,36.1080,-79.9892,"8819 CRANESBILL AVE, Colfax, NC 27235",Colfax,NC,27235,,,,https://www.truehomes.com,Sold,True Homes,,,,,,,,,,,,,,,,,,,,,,,,The Karver TH - Lot #76,,3,2,1,2120,352500,,,,,,"Special lender incentive available. Quick Move-In Opportunity! Discover the Karver Townhome—offering 2,120 sq. ft. of maintenance-free living with 3 bedrooms, 2.5 baths, and upgraded features throughout. The open-concept main level includes an inviting foyer, half bath, spacious kitchen with dining nook, and a bright great room—perfect for entertaining. A rare first-floor primary suite features a private bath and walk-in closet, providing comfort and convenience not often found in townhome living. Upstairs, enjoy a versatile loft ideal for a home office or lounge, plus two additional bedrooms—each with walk-in closets—and a full bath. Located in Westbrook Falls, this community offers easy access to shopping, dining, and major highways. Just 10 minutes to Kernersville, 11 minutes to Piedmont Triad International Airport, 19 minutes to Greensboro, and 21 minutes to Downtown Winston-Salem.",3,2,1,2,,,,2120,,352500,,,,,,,"https://irp.cdn-website.com/28156074/dms3rep/multi/NDFT+214+Karver+TH+2130+A1+IO+Jackson_Rep+%289%29-b5061902.jpg,https://irp.cdn-website.com/28156074/dms3rep/multi/NDFT+214+Karver+TH+2130+A1+IO+Jackson_Rep+%2810%29-988eb732.jpg,https://irp.cdn-website.com/28156074/dms3rep/multi/NDFT+214+Karver+TH+2130+A1+IO+Jackson_Rep+%2811%29-a19d3545.jpg,https://irp.cdn-website.com/28156074/dms3rep/multi/NDFT+214+Karver+TH+2130+A1+IO+Jackson_Rep+%2812%29-a5a4590f.jpg,https://irp.cdn-website.com/28156074/dms3rep/multi/NDFT+214+Karver+TH+2130+A1+IO+Jackson_Rep+%2813%29-3582b568.jpg,https://irp.cdn-website.com/28156074/dms3rep/multi/NDFT+214+Karver+TH+2130+A1+IO+Jackson_Rep+%2814%29-c7077153.jpg,https://irp.cdn-website.com/28156074/dms3rep/multi/NDFT+214+Karver+TH+2130+A1+IO+Jackson_Rep+%2815%29-818cdd30.jpg,https://irp.cdn-website.com/28156074/dms3rep/multi/NDFT+214+Karver+TH+2130+A1+IO+Jackson_Rep+%2816%29-ef7155f2.jpg,https://irp.cdn-website.com/28156074/dms3rep/multi/NDFT+214+Karver+TH+2130+A1+IO+Jackson_Rep+%2817%29-a5e2baf8.jpg,https://irp.cdn-website.com/28156074/dms3rep/multi/NDFT+214+Karver+TH+2130+A1+IO+Jackson_Rep+%2818%29-93c515e1.jpg,https://irp.cdn-website.com/28156074/dms3rep/multi/NDFT+214+Karver+TH+2130+A1+IO+Jackson_Rep+%2819%29-4c243ada.jpg,https://irp.cdn-website.com/28156074/dms3rep/multi/NDFT+214+Karver+TH+2130+A1+IO+Jackson_Rep+%2820%29-4089642e.jpg,https://irp.cdn-website.com/28156074/dms3rep/multi/NDFT+214+Karver+TH+2130+A1+IO+Jackson_Rep+%2821%29-ebb901d1.jpg,https://irp.cdn-website.com/28156074/dms3rep/multi/NDFT+214+Karver+TH+2130+A1+IO+Jackson_Rep+%2822%29-d279f8fe.jpg,https://irp.cdn-website.com/28156074/dms3rep/multi/NDFT+214+Karver+TH+2130+A1+IO+Jackson_Rep+%2823%29-ed3f3f33.jpg,https://irp.cdn-website.com/28156074/dms3rep/multi/NDFT+214+Karver+TH+2130+A1+IO+Jackson_Rep+%2824%29-43373d5e.jpg,https://irp.cdn-website.com/28156074/dms3rep/multi/NDFT+214+Karver+TH+2130+A1+IO+Jackson_Rep+%2825%29-370b1360.jpg,https://irp.cdn-website.com/28156074/dms3rep/multi/NDFT+214+Karver+TH+2130+A1+IO+Jackson_Rep+%2826%29-b8ea120f.jpg,https://irp.cdn-website.com/28156074/dms3rep/multi/NDFT+214+Karver+TH+2130+A1+IO+Jackson_Rep+%2827%29-d3961ef3.jpg,https://irp.cdn-website.com/28156074/dms3rep/multi/NDFT+214+Karver+TH+2130+A1+IO+Jackson_Rep+%2828%29.jpg"
https://www.truehomes.com/new-construction-homes/move-in-ready/1552-moorings-circle-sw-ocean-isle-beach-nc-28469,,True Homes Build OYL - Wilmington,33.9095,-78.4188,"1552 Moorings Circle SW, Ocean Isle Beach, NC 28469",Ocean Isle Beach,NC,28469,,,,https://www.truehomes.com,Sold,True Homes,,,,,,,,,,,,,,,,,,,,,,,,The Durell - Lot #67,,3,3,,2319,389900,,,,,,"Introducing this thoughtfully designed Durell semi-custom home offering three bedrooms and a flexible open-concept layout with private office and full bath on second level, available as a quick move-in opportunity with upgraded features throughout. The main living area is ideal for everyday living and entertaining, highlighted by quartz countertops, designer lighting, and luxury ceramic tile flooring. A screened porch provides an inviting outdoor living space to enjoy coastal air throughout the year. The upper level includes a private guest suite, offering flexibility for visitors, work-from-home needs, or additional living space. Located in Ocean Isle, this home provides convenient access to nearby beaches, shopping, dining, and everyday amenities. Quality construction, modern finishes, and functional design come together in a home tailored for today's coastal lifestyle.",3,3,,1,,,,2319,,389900,,,,,,,"https://irp.cdn-website.com/28156074/dms3rep/multi/CTL+67+Durell+1415+EA1B+%282%29.jpg,https://irp.cdn-website.com/28156074/dms3rep/multi/CTL+67+Durell+1415+EA1B+%283%29.jpg,https://irp.cdn-website.com/28156074/dms3rep/multi/CTL+67+Durell+1415+EA1B+%284%29.jpg,https://irp.cdn-website.com/28156074/dms3rep/multi/CTL+67+Durell+1415+EA1B+%285%29.jpg,https://irp.cdn-website.com/28156074/dms3rep/multi/CTL+67+Durell+1415+EA1B+%286%29.jpg,https://irp.cdn-website.com/28156074/dms3rep/multi/CTL+67+Durell+1415+EA1B+%287%29.jpg,https://irp.cdn-website.com/28156074/dms3rep/multi/CTL+67+Durell+1415+EA1B+%288%29.jpg,https://irp.cdn-website.com/28156074/dms3rep/multi/CTL+67+Durell+1415+EA1B+%289%29.jpg,https://irp.cdn-website.com/28156074/dms3rep/multi/CTL+67+Durell+1415+EA1B+%2810%29.jpg,https://irp.cdn-website.com/28156074/dms3rep/multi/CTL+67+Durell+1415+EA1B+%2811%29.jpg,https://irp.cdn-website.com/28156074/dms3rep/multi/CTL+67+Durell+1415+EA1B+%2812%29.jpg,https://irp.cdn-website.com/28156074/dms3rep/multi/CTL+67+Durell+1415+EA1B+%2813%29.jpg,https://irp.cdn-website.com/28156074/dms3rep/multi/CTL+67+Durell+1415+EA1B+%2814%29.jpg,https://irp.cdn-website.com/28156074/dms3rep/multi/CTL+67+Durell+1415+EA1B+%2815%29.jpg,https://irp.cdn-website.com/28156074/dms3rep/multi/CTL+67+Durell+1415+EA1B+%2816%29.jpg,https://irp.cdn-website.com/28156074/dms3rep/multi/CTL+67+Durell+1415+EA1B+%2817%29.jpg,https://irp.cdn-website.com/28156074/dms3rep/multi/CTL+67+Durell+1415+EA1B+%2818%29.jpg,https://irp.cdn-website.com/28156074/dms3rep/multi/CTL+67+Durell+1415+EA1B+%2819%29.jpg,https://irp.cdn-website.com/28156074/dms3rep/multi/CTL+67+Durell+1415+EA1B+%2820%29.jpg,https://irp.cdn-website.com/28156074/dms3rep/multi/CTL+67+Durell+1415+EA1B+%2821%29.jpg,https://irp.cdn-website.com/28156074/dms3rep/multi/CTL+67+Durell+1415+EA1B+%2823%29.jpg,https://irp.cdn-website.com/28156074/dms3rep/multi/CTL+67+Durell+1415+EA1B+%2824%29.jpg,https://irp.cdn-website.com/28156074/dms3rep/multi/CTL+67+Durell+1415+EA1B+%2825%29.jpg,https://irp.cdn-website.com/28156074/dms3rep/multi/CTL+67+Durell+1415+EA1B+%2826%29.jpg,https://irp.cdn-website.com/28156074/dms3rep/multi/CTL+67+Durell+1415+EA1B+%2827%29.jpg,https://irp.cdn-website.com/28156074/dms3rep/multi/CTL+67+Durell+1415+EA1B+%2831%29.jpg,https://irp.cdn-website.com/28156074/dms3rep/multi/CTL+67+Durell+1415+EA1B+%2832%29.jpg,https://irp.cdn-website.com/28156074/dms3rep/multi/CTL+67+Durell+1415+EA1B+%2833%29.jpg"
https://www.truehomes.com/new-construction-homes/move-in-ready/155-soft-breeze-bend-locust-nc-28097,,Whispering Hills,44.0582,-121.3153,"155 Soft Breeze Bend, Locust, NC 28097",Locust,NC,28097,,,,https://www.truehomes.com,Sold,True Homes,,,,,,,,,,,,,,,,,,,,,,,,The Hudson - Lot #286B,,4,2,1,2201,399900,,,,,,"The Hudson, a thoughtfully designed semi-custom home offering 4 bedrooms, 2.5 bathrooms, and approximately 2,200 square feet, presented as a quick move-in opportunity with upgraded features throughout. The main level includes a private Study ideal for remote work, a well-appointed Kitchen with an extended island, an open Great Room, and a separate Dining Area designed for comfortable daily living and entertaining. Upstairs, the spacious Primary Suite features a sitting area and a luxury en-suite bath with a garden tub and tiled walk-in shower. Three additional bedrooms, a full bath, and a conveniently located Laundry Room complete the second level. Located in Whispering Hills in Locust, NC, residents enjoy access to a new community pool amenity and convenient proximity to nearby retail, grocery stores, dining options, and everyday services in Locust, Midland, and Albemarle, with easy access to major roadways for commuting and regional travel.",4,2,1,2,,,,2201,,399900,,,,,,,"https://irp.cdn-website.com/28156074/dms3rep/multi/NTR+5+Hudson+2013+EB5+IC+%283%29-21REP-7c8aee4f.jpg,https://irp.cdn-website.com/28156074/dms3rep/multi/NTR+5+Hudson+2013+EB5+IC+%284%29-22REP-54fc095b.jpg,https://irp.cdn-website.com/28156074/dms3rep/multi/NTR+5+Hudson+2013+EB5+IC+%285%29-23REP-c51e3a70.jpg,https://irp.cdn-website.com/28156074/dms3rep/multi/NTR+5+Hudson+2013+EB5+IC+%286%29-24REP-b399f960.jpg,https://irp.cdn-website.com/28156074/dms3rep/multi/NTR+5+Hudson+2013+EB5+IC+%287%29-25REP-60bf8ba1.jpg,https://irp.cdn-website.com/28156074/dms3rep/multi/NTR+5+Hudson+2013+EB5+IC+%288%29-26REP-6211e9b5.jpg,https://irp.cdn-website.com/28156074/dms3rep/multi/NTR+5+Hudson+2013+EB5+IC+%289%29-27REP-5a628602.jpg,https://irp.cdn-website.com/28156074/dms3rep/multi/NTR+5+Hudson+2013+EB5+IC+%2810%29-28REP-2a0f7fde.jpg,https://irp.cdn-website.com/28156074/dms3rep/multi/NTR+5+Hudson+2013+EB5+IC+%2811%29-29REP-92c2d768.jpg,https://irp.cdn-website.com/28156074/dms3rep/multi/NTR+5+Hudson+2013+EB5+IC+%2812%29-30REP-76e83529.jpg,https://irp.cdn-website.com/28156074/dms3rep/multi/NTR+5+Hudson+2013+EB5+IC+%2813%29-31REP-50d413cd.jpg,https://irp.cdn-website.com/28156074/dms3rep/multi/NTR+5+Hudson+2013+EB5+IC+%2814%29-32REP-4b7e1407.jpg,https://irp.cdn-website.com/28156074/dms3rep/multi/NTR+5+Hudson+2013+EB5+IC+%2815%29-33REP-990ac083.jpg,https://irp.cdn-website.com/28156074/dms3rep/multi/NTR+5+Hudson+2013+EB5+IC+%2816%29-34REP-a717ec69.jpg,https://irp.cdn-website.com/28156074/dms3rep/multi/NTR+5+Hudson+2013+EB5+IC+%2817%29-01REP-7951b197.jpg,https://irp.cdn-website.com/28156074/dms3rep/multi/NTR+5+Hudson+2013+EB5+IC+%2818%29-02REP-f5caf047.jpg,https://irp.cdn-website.com/28156074/dms3rep/multi/NTR+5+Hudson+2013+EB5+IC+%2819%29-03REP-21ad2b9f.jpg,https://irp.cdn-website.com/28156074/dms3rep/multi/NTR+5+Hudson+2013+EB5+IC+%2820%29-04REP-6bb54953.jpg,https://irp.cdn-website.com/28156074/dms3rep/multi/NTR+5+Hudson+2013+EB5+IC+%2821%29-05REP-85360acd.jpg,https://irp.cdn-website.com/28156074/dms3rep/multi/NTR+5+Hudson+2013+EB5+IC+%2822%29-06REP-69e36165.jpg,https://irp.cdn-website.com/28156074/dms3rep/multi/NTR+5+Hudson+2013+EB5+IC+%2823%29-07REP-30afeffd.jpg,https://irp.cdn-website.com/28156074/dms3rep/multi/NTR+5+Hudson+2013+EB5+IC+%2824%29-08REP-6da2bd5f.jpg,https://irp.cdn-website.com/28156074/dms3rep/multi/NTR+5+Hudson+2013+EB5+IC+%2825%29-09REP-d66fb471.jpg,https://irp.cdn-website.com/28156074/dms3rep/multi/NTR+5+Hudson+2013+EB5+IC+%2826%29-10REP-a4f6301c.jpg,https://irp.cdn-website.com/28156074/dms3rep/multi/NTR+5+Hudson+2013+EB5+IC+%2827%29-11REP-9e0353f6.jpg,https://irp.cdn-website.com/28156074/dms3rep/multi/NTR+5+Hudson+2013+EB5+IC+%2828%29-12REP-fbc9ab1b.jpg,https://irp.cdn-website.com/28156074/dms3rep/multi/NTR+5+Hudson+2013+EB5+IC+%2829%29-13REP-20011252.jpg"
https://www.truehomes.com/new-construction-homes/move-in-ready/1815-hunter-oaks-ln-lincolnton-nc-28092,,Huntington Hills,35.5051,-81.2614,"1815 Hunter Oaks Ln, Lincolnton, NC 28092",Lincolnton,NC,28092,,,,https://www.truehomes.com,Sold,True Homes,,,,,,,,,,,,,,,,,,,,,,,,The Kensington - Lot #60,,4,3,1,3756,519900,,,,,,"Presenting The Kensington, a thoughtfully designed semi-custom home offering 4 bedrooms, 3.5 bathrooms, and 3,700+ square feet of well-planned living space on a nearly half-acre homesite, available as a quick move-in opportunity with upgraded features throughout. The main level includes a private Study and Formal Dining Room, leading into an open Great Room and a Designer Kitchen with quartz countertops, upgraded tile backsplash, porcelain farmhouse sink, and a Butler’s Pantry connecting to the Dining Room. Additional first-floor highlights include a Laundry Room with folding table and cabinetry, an entry bench off the garage, and a spacious Primary Suite with tray ceiling, garden tub, tiled walk-in shower, water closet, dual vanities, and dual walk-in closets. The second level offers three additional bedrooms, including a Jack-and-Jill bath, a private en-suite bedroom, and a large Game Room. Located in Huntington Hills in Lincolnton, NC, this home provides convenient access to nearby retail centers, grocery stores, dining options, downtown Lincolnton shopping, and major roadways for everyday travel.",4,3,1,2,,,,3756,,519900,,,,,,,
https://www.truehomes.com/new-construction-homes/move-in-ready/1823-hunter-oaks-ln-lincolnton-nc-28092,,Huntington Hills,35.5051,-81.2614,"1823 Hunter Oaks Ln, Lincolnton, NC 28092",Lincolnton,NC,28092,,,,https://www.truehomes.com,Available,True Homes,,,,,,,,,,,,,,,,,,,,,,,,The Riley - Lot #61,,5,3,,3163,479900,,,,,,"Introducing the Riley, a versatile semi-custom home offering a flexible layout with a guest bedroom and full bath on the main level, available as a quick move-in opportunity with upgraded features throughout. The first floor includes a private Study ideal for remote work, a spacious Great Room, a well-appointed Kitchen, and a separate Dining Room designed for everyday living and entertaining. The second level features a large Primary Suite with tray ceiling and sitting area, complemented by a luxury en-suite bath with a rain-head shower. A versatile Bonus Room, three additional bedrooms, and a conveniently located Laundry Room complete the upper level. Located in Huntington Hills in Lincolnton, NC, this home offers convenient access to nearby retail centers, grocery stores, dining options, and everyday services, with close proximity to downtown Lincolnton shopping and major roadways for commuting and regional travel.",5,3,,2,,,,3163,,479900,,,,,,,"https://irp.cdn-website.com/28156074/dms3rep/multi/CRF+160+Riley+2915+EE2P+EC+%2801%29-02REP.JPG,https://irp.cdn-website.com/28156074/dms3rep/multi/CRF+160+Riley+2915+EE2P+EC+%283%29-05REP.JPG,https://irp.cdn-website.com/28156074/dms3rep/multi/CRF+160+Riley+2915+EE2P+EC+%284%29-06REP.JPG,https://irp.cdn-website.com/28156074/dms3rep/multi/CRF+160+Riley+2915+EE2P+EC+%285%29-07REP.JPG,https://irp.cdn-website.com/28156074/dms3rep/multi/CRF+160+Riley+2915+EE2P+EC+%286%29-08REP.JPG,https://irp.cdn-website.com/28156074/dms3rep/multi/CRF+160+Riley+2915+EE2P+EC+%287%29-09REP.JPG,https://irp.cdn-website.com/28156074/dms3rep/multi/CRF+160+Riley+2915+EE2P+EC+%288%29-10REP.JPG,https://irp.cdn-website.com/28156074/dms3rep/multi/CRF+160+Riley+2915+EE2P+EC+%289%29-11REP.JPG,https://irp.cdn-website.com/28156074/dms3rep/multi/CRF+160+Riley+2915+EE2P+EC+%2810%29-12REP.JPG,https://irp.cdn-website.com/28156074/dms3rep/multi/CRF+160+Riley+2915+EE2P+EC+%2811%29-13REP.JPG,https://irp.cdn-website.com/28156074/dms3rep/multi/CRF+160+Riley+2915+EE2P+EC+%2812%29-14REP.JPG,https://irp.cdn-website.com/28156074/dms3rep/multi/CRF+160+Riley+2915+EE2P+EC+%2813%29-15REP.JPG,https://irp.cdn-website.com/28156074/dms3rep/multi/CRF+160+Riley+2915+EE2P+EC+%2814%29-16REP.JPG,https://irp.cdn-website.com/28156074/dms3rep/multi/CRF+160+Riley+2915+EE2P+EC+%2815%29-17REP.JPG,https://irp.cdn-website.com/28156074/dms3rep/multi/CRF+160+Riley+2915+EE2P+EC+%2816%29-18REP.JPG,https://irp.cdn-website.com/28156074/dms3rep/multi/CRF+160+Riley+2915+EE2P+EC+%2817%29-19REP.JPG,https://irp.cdn-website.com/28156074/dms3rep/multi/CRF+160+Riley+2915+EE2P+EC+%2818%29-20REP.JPG,https://irp.cdn-website.com/28156074/dms3rep/multi/CRF+160+Riley+2915+EE2P+EC+%2819%29-21REP.JPG,https://irp.cdn-website.com/28156074/dms3rep/multi/CRF+160+Riley+2915+EE2P+EC+%2820%29-22REP.JPG,https://irp.cdn-website.com/28156074/dms3rep/multi/CRF+160+Riley+2915+EE2P+EC+%2821%29-23REP.JPG,https://irp.cdn-website.com/28156074/dms3rep/multi/CRF+160+Riley+2915+EE2P+EC+%2822%29-24REP.JPG,https://irp.cdn-website.com/28156074/dms3rep/multi/CRF+160+Riley+2915+EE2P+EC+%2823%29-25REP.JPG,https://irp.cdn-website.com/28156074/dms3rep/multi/CRF+160+Riley+2915+EE2P+EC+%2824%29-26REP.JPG,https://irp.cdn-website.com/28156074/dms3rep/multi/CRF+160+Riley+2915+EE2P+EC+%2825%29-27REP.JPG,https://irp.cdn-website.com/28156074/dms3rep/multi/CRF+160+Riley+2915+EE2P+EC+%2826%29-28REP.JPG,https://irp.cdn-website.com/28156074/dms3rep/multi/CRF+160+Riley+2915+EE2P+EC+%2827%29-29REP.JPG,https://irp.cdn-website.com/28156074/dms3rep/multi/CRF+160+Riley+2915+EE2P+EC+%2828%29-30REP.JPG,https://irp.cdn-website.com/28156074/dms3rep/multi/CRF+160+Riley+2915+EE2P+EC+%2829%29-31REP.JPG"
https://www.truehomes.com/new-construction-homes/move-in-ready/3434-clark-farm-rd-charlotte-nc-28213,,Clark Village Townhomes,35.2824,-80.7466,"3434 Clark Farm Rd, Charlotte, NC 28213",Charlotte,NC,28213,,,,https://www.truehomes.com,Sold,True Homes,,,,,,,,,,,,,,,,,,,,,,,,The Lynwood TH - Lot #147,,3,2,1,1648,314900,,,,,,"Discover Doorway to Prosperity at Clark Village Townhomes—The Lynwood offers 3 bedrooms, 2.5 baths, and over 1,600 sq ft of thoughtfully designed living space. Enjoy an open-concept main level with a stylish kitchen flowing seamlessly into the great room and dining area—perfect for everyday living or entertaining. Upstairs, the spacious layout continues with a private primary suite, two versatile secondary bedrooms, and a full bath. Clark Village Townhomes blend modern living with lasting value in a growing community. Income eligibility required. Deed restrictions apply. Not available to investors. Down payment assistance may be available for qualified buyers.",3,2,1,2,,,,1648,,314900,,,,,,,
https://www.truehomes.com/new-construction-homes/move-in-ready/1025-mourning-warbler-way-ravenel-sc-29470,,Homecoming,32.8882,-80.2599,"1025 Mourning Warbler Way, Ravenel, SC 29470",Ravenel,SC,29470,,,,https://www.truehomes.com,Sold,True Homes,,,,,,,,,,,,,,,,,,,,,,,,The Tanner P - Lot #-CC3-17-11,,3,2,1,2318,402400,,,,,,"The Tanner P plan offers convenient main-level living with a spacious Primary suite and nearby laundry room. The well-designed kitchen features stainless steel appliances, modern finishes, and a separate but open dining area that seamlessly flows into the kitchen and Great Room, creating an ideal space for entertaining. Upstairs, you'll find two generously sized secondary bedrooms, a full bath, and a large loft area perfect for relaxation or additional living space. The second floor also includes a storage area and utility room, adding to the home's functionality. This thoughtfully designed home combines comfort and modern style in every detail. Lot boasts a gorgeous view of the 2-acre park from front porch!",3,2,1,2,,,,2318,,402400,,,,,,,"https://irp.cdn-website.com/28156074/dms3rep/multi/HCM+CC3-17-11+Tanner+P+2120+EPA1+IO+%284%29.jpg,https://irp.cdn-website.com/28156074/dms3rep/multi/HCM+CC3-17-11+Tanner+P+2120+EPA1+IO+%285%29.jpg,https://irp.cdn-website.com/28156074/dms3rep/multi/HCM+CC3-17-11+Tanner+P+2120+EPA1+IO+%286%29.jpg,https://irp.cdn-website.com/28156074/dms3rep/multi/HCM+CC3-17-11+Tanner+P+2120+EPA1+IO+%287%29.jpg,https://irp.cdn-website.com/28156074/dms3rep/multi/HCM+CC3-17-11+Tanner+P+2120+EPA1+IO+%288%29.jpg,https://irp.cdn-website.com/28156074/dms3rep/multi/HCM+CC3-17-11+Tanner+P+2120+EPA1+IO+%289%29.jpg,https://irp.cdn-website.com/28156074/dms3rep/multi/HCM+CC3-17-11+Tanner+P+2120+EPA1+IO+%2810%29.jpg,https://irp.cdn-website.com/28156074/dms3rep/multi/HCM+CC3-17-11+Tanner+P+2120+EPA1+IO+%2811%29.jpg,https://irp.cdn-website.com/28156074/dms3rep/multi/HCM+CC3-17-11+Tanner+P+2120+EPA1+IO+%2812%29.jpg,https://irp.cdn-website.com/28156074/dms3rep/multi/HCM+CC3-17-11+Tanner+P+2120+EPA1+IO+%2813%29.jpg,https://irp.cdn-website.com/28156074/dms3rep/multi/HCM+CC3-17-11+Tanner+P+2120+EPA1+IO+%2814%29.jpg,https://irp.cdn-website.com/28156074/dms3rep/multi/HCM+CC3-17-11+Tanner+P+2120+EPA1+IO+%2815%29.jpg,https://irp.cdn-website.com/28156074/dms3rep/multi/HCM+CC3-17-11+Tanner+P+2120+EPA1+IO+%2816%29.jpg,https://irp.cdn-website.com/28156074/dms3rep/multi/HCM+CC3-17-11+Tanner+P+2120+EPA1+IO+%2817%29.jpg,https://irp.cdn-website.com/28156074/dms3rep/multi/HCM+CC3-17-11+Tanner+P+2120+EPA1+IO+%2818%29.jpg,https://irp.cdn-website.com/28156074/dms3rep/multi/HCM+CC3-17-11+Tanner+P+2120+EPA1+IO+%2819%29.jpg,https://irp.cdn-website.com/28156074/dms3rep/multi/HCM+CC3-17-11+Tanner+P+2120+EPA1+IO+%2820%29.jpg,https://irp.cdn-website.com/28156074/dms3rep/multi/HCM+CC3-17-11+Tanner+P+2120+EPA1+IO+%2821%29.jpg,https://irp.cdn-website.com/28156074/dms3rep/multi/HCM+CC3-17-11+Tanner+P+2120+EPA1+IO+%2822%29.jpg,https://irp.cdn-website.com/28156074/dms3rep/multi/HCM+CC3-17-11+Tanner+P+2120+EPA1+IO+%2823%29.jpg,https://irp.cdn-website.com/28156074/dms3rep/multi/HCM+CC3-17-11+Tanner+P+2120+EPA1+IO+%2824%29.jpg,https://irp.cdn-website.com/28156074/dms3rep/multi/HCM+CC3-17-11+Tanner+P+2120+EPA1+IO+%2825%29.jpg,https://irp.cdn-website.com/28156074/dms3rep/multi/HCM+CC3-17-11+Tanner+P+2120+EPA1+IO+%2826%29.jpg,https://irp.cdn-website.com/28156074/dms3rep/multi/HCM+CC3-17-11+Tanner+P+2120+EPA1+IO+%2827%29.jpg,https://irp.cdn-website.com/28156074/dms3rep/multi/HCM+CC3-17-11+Tanner+P+2120+EPA1+IO+%2828%29.jpg,https://irp.cdn-website.com/28156074/dms3rep/multi/HCM+CC3-17-11+Tanner+P+2120+EPA1+IO+%2829%29.jpg,https://irp.cdn-website.com/28156074/dms3rep/multi/HCM+CC3-17-11+Tanner+P+2120+EPA1+IO+%2830%29.jpg,https://irp.cdn-website.com/28156074/dms3rep/multi/HCM+CC3-17-11+Tanner+P+2120+EPA1+IO+%2831%29.jpg"
https://www.truehomes.com/new-construction-homes/move-in-ready/1005-aubrieta-st-colfax-nc-27235,,Westbrook Falls Townhomes,36.1080,-79.9901,"1005 AUBRIETA ST, Colfax, NC 27235",Colfax,NC,27235,,,,https://www.truehomes.com,Pending,True Homes,,,,,,,,,,,,,,,,,,,,,,,,The Alexandria TH - Lot #107,,3,2,1,1762,299800,,,,,,"Special lender incentive available. Discover the Alexandria, a 3BR/2.5BA semi-custom townhome designed for comfort and style. The main level features an open layout that connects the kitchen, dining, and living areas, while the second floor includes a primary suite with ensuite, spacious secondary bedrooms, a full bath, and a convenient laundry room. Enjoy upgraded features throughout, including quartz countertops, stainless steel appliances, tile backsplash, and enhanced cabinetry. Located in Westbrook Falls, this community offers modern living in a peaceful Guilford County setting with easy access to Greensboro, Winston-Salem, and nearby attractions such as the Piedmont Triad Farmers Market, Greensboro Arboretum, and Greensboro Science Center. A fantastic opportunity in a thoughtfully designed neighborhood.",3,2,1,2,,,,1762,,299800,,,,,,,"https://irp.cdn-website.com/28156074/dms3rep/multi/GVV+63+Alexandria+TH+1765+EA3+IO+%281%29_REP.JPG,https://irp.cdn-website.com/28156074/dms3rep/multi/GVV+63+Alexandria+TH+1765+EA3+IO+%284%29_REP.JPG,https://irp.cdn-website.com/28156074/dms3rep/multi/GVV+63+Alexandria+TH+1765+EA3+IO+%285%29_REP.JPG,https://irp.cdn-website.com/28156074/dms3rep/multi/GVV+63+Alexandria+TH+1765+EA3+IO+%286%29_REP.JPG,https://irp.cdn-website.com/28156074/dms3rep/multi/GVV+63+Alexandria+TH+1765+EA3+IO+%287%29_REP.JPG,https://irp.cdn-website.com/28156074/dms3rep/multi/GVV+63+Alexandria+TH+1765+EA3+IO+%288%29_REP.JPG,https://irp.cdn-website.com/28156074/dms3rep/multi/GVV+63+Alexandria+TH+1765+EA3+IO+%289%29_REP.JPG,https://irp.cdn-website.com/28156074/dms3rep/multi/GVV+63+Alexandria+TH+1765+EA3+IO+%2810%29_REP.JPG,https://irp.cdn-website.com/28156074/dms3rep/multi/GVV+63+Alexandria+TH+1765+EA3+IO+%2811%29_REP.JPG,https://irp.cdn-website.com/28156074/dms3rep/multi/GVV+63+Alexandria+TH+1765+EA3+IO+%2812%29_REP.JPG,https://irp.cdn-website.com/28156074/dms3rep/multi/GVV+63+Alexandria+TH+1765+EA3+IO+%2813%29_REP.JPG,https://irp.cdn-website.com/28156074/dms3rep/multi/GVV+63+Alexandria+TH+1765+EA3+IO+%2814%29_REP.JPG,https://irp.cdn-website.com/28156074/dms3rep/multi/GVV+63+Alexandria+TH+1765+EA3+IO+%2815%29_REP.JPG,https://irp.cdn-website.com/28156074/dms3rep/multi/GVV+63+Alexandria+TH+1765+EA3+IO+%2816%29_REP.JPG,https://irp.cdn-website.com/28156074/dms3rep/multi/GVV+63+Alexandria+TH+1765+EA3+IO+%2817%29_REP.JPG,https://irp.cdn-website.com/28156074/dms3rep/multi/GVV+63+Alexandria+TH+1765+EA3+IO+%2818%29_REP.JPG,https://irp.cdn-website.com/28156074/dms3rep/multi/GVV+63+Alexandria+TH+1765+EA3+IO+%2819%29_REP.JPG,https://irp.cdn-website.com/28156074/dms3rep/multi/GVV+63+Alexandria+TH+1765+EA3+IO+%2820%29_REP.JPG,https://irp.cdn-website.com/28156074/dms3rep/multi/GVV+63+Alexandria+TH+1765+EA3+IO+%2821%29_REP.JPG,https://irp.cdn-website.com/28156074/dms3rep/multi/GVV+63+Alexandria+TH+1765+EA3+IO+%2822%29_REP.JPG,https://irp.cdn-website.com/28156074/dms3rep/multi/GVV+63+Alexandria+TH+1765+EA3+IO+%2823%29_REP.JPG"
https://www.truehomes.com/new-construction-homes/move-in-ready/1031-drakeford-st-saint-george-sc-29477,,Reeves Crossing,33.1929,-80.5551,"1031 Drakeford St, Saint George, SC 29477",Saint George,SC,29477,,,,https://www.truehomes.com,Sold,True Homes,,,,,,,,,,,,,,,,,,,,,,,,The Charlotte - Lot #30,,3,2,1,1626,299900,,,,,,"The Charlotte at Reeves Crossing is a semi-custom home offering approximately 1,626 square feet of open-concept living with 3 bedrooms and 2.5 bathrooms. This quick move-in opportunity features a welcoming first-floor layout with a spacious Great Room, dining area, and a well-appointed L-shaped kitchen with a large island designed for everyday living and entertaining. The second floor includes an oversized primary suite with a walk-in closet and a luxury bath featuring a garden tub. Two additional bedrooms, a full secondary bath, and a convenient upstairs laundry room complete the design. Upgraded features and efficient use of space make The Charlotte a flexible and functional home option.",3,2,1,2,,,,1626,,299900,,,,,,,"https://irp.cdn-website.com/28156074/dms3rep/multi/MR+145+Charlotte+1630+EA3+%283%29_REP.JPG,https://irp.cdn-website.com/28156074/dms3rep/multi/MR+145+Charlotte+1630+EA3+%284%29_REP.JPG,https://irp.cdn-website.com/28156074/dms3rep/multi/MR+145+Charlotte+1630+EA3+%285%29_REP.jpg,https://irp.cdn-website.com/28156074/dms3rep/multi/MR+145+Charlotte+1630+EA3+%286%29_REP.JPG,https://irp.cdn-website.com/28156074/dms3rep/multi/MR+145+Charlotte+1630+EA3+%287%29_REP.jpg,https://irp.cdn-website.com/28156074/dms3rep/multi/MR+145+Charlotte+1630+EA3+%288%29_REP.JPG,https://irp.cdn-website.com/28156074/dms3rep/multi/MR+145+Charlotte+1630+EA3+%289%29_REP.JPG,https://irp.cdn-website.com/28156074/dms3rep/multi/MR+145+Charlotte+1630+EA3+%2810%29_REP.JPG,https://irp.cdn-website.com/28156074/dms3rep/multi/MR+145+Charlotte+1630+EA3+%2811%29_REP.jpg,https://irp.cdn-website.com/28156074/dms3rep/multi/MR+145+Charlotte+1630+EA3+%2812%29_REP.JPG,https://irp.cdn-website.com/28156074/dms3rep/multi/MR+145+Charlotte+1630+EA3+%2813%29_REP.JPG,https://irp.cdn-website.com/28156074/dms3rep/multi/MR+145+Charlotte+1630+EA3+%2814%29_REP.JPG,https://irp.cdn-website.com/28156074/dms3rep/multi/MR+145+Charlotte+1630+EA3+%2815%29_REP.JPG,https://irp.cdn-website.com/28156074/dms3rep/multi/MR+145+Charlotte+1630+EA3+%2816%29_REP.JPG,https://irp.cdn-website.com/28156074/dms3rep/multi/MR+145+Charlotte+1630+EA3+%2817%29_REP.JPG,https://irp.cdn-website.com/28156074/dms3rep/multi/MR+145+Charlotte+1630+EA3+%2818%29_REP.JPG,https://irp.cdn-website.com/28156074/dms3rep/multi/MR+145+Charlotte+1630+EA3+%2819%29_REP.JPG,https://irp.cdn-website.com/28156074/dms3rep/multi/MR+145+Charlotte+1630+EA3+%2820%29_REP.jpg,https://irp.cdn-website.com/28156074/dms3rep/multi/MR+145+Charlotte+1630+EA3+%2821%29_REP.JPG,https://irp.cdn-website.com/28156074/dms3rep/multi/MR+145+Charlotte+1630+EA3+%2822%29_REP.JPG"
https://www.truehomes.com/new-construction-homes/move-in-ready/1551-autumn-banks-way-high-shoals-nc-28077,,Autumn Ridge,35.4069,-81.1984,"1551 Autumn Banks Way, High Shoals, NC 28077",High Shoals,NC,28077,,,,https://www.truehomes.com,Available,True Homes,,,,,,,,,,,,,,,,,,,,,,,,The Shepherd - Lot #23,,4,2,1,2081,339900,,,,,,"The Shepherd is a thoughtfully designed semi-custom home offering approximately 2,080 square feet with 4 bedrooms and 2.5 bathrooms, available as a quick move-in opportunity with select upgraded features. The main level includes a spacious entry, powder room, and an open Great Room that connects seamlessly to the dining area and well-appointed kitchen, creating an efficient layout for daily living. A pantry located near the 2-car garage adds functional storage. Upstairs, a large loft provides flexible space for a variety of uses. The primary suite features a walk-in shower and a generous walk-in closet, while three additional bedrooms, a full bath, and a convenient laundry room complete the second floor. Located in Autumn Ridge, this home offers convenient access to nearby retail, dining, and major highways.",4,2,1,2,,,,2081,,339900,,,,,,,"https://irp.cdn-website.com/28156074/dms3rep/multi/CRF+242+Shepherd+2041+EC1+EO+%281%29-01REP-e4e6fac3.jpg,https://irp.cdn-website.com/28156074/dms3rep/multi/CRF+242+Shepherd+2041+EC1+EO+%285%29-05REP-03e71600.jpg,https://irp.cdn-website.com/28156074/dms3rep/multi/CRF+242+Shepherd+2041+EC1+EO+%286%29-06REP-47150ab6.jpg,https://irp.cdn-website.com/28156074/dms3rep/multi/CRF+242+Shepherd+2041+EC1+EO+%287%29-07REP-a385fe4b.jpg,https://irp.cdn-website.com/28156074/dms3rep/multi/CRF+242+Shepherd+2041+EC1+EO+%288%29-08REP-63696005.jpg,https://irp.cdn-website.com/28156074/dms3rep/multi/CRF+242+Shepherd+2041+EC1+EO+%289%29-09REP-bd47e314.jpg,https://irp.cdn-website.com/28156074/dms3rep/multi/CRF+242+Shepherd+2041+EC1+EO+%2810%29-10REP-7ca24ae2.jpg,https://irp.cdn-website.com/28156074/dms3rep/multi/CRF+242+Shepherd+2041+EC1+EO+%2811%29-11REP-b6eaf3a8.jpg,https://irp.cdn-website.com/28156074/dms3rep/multi/CRF+242+Shepherd+2041+EC1+EO+%2812%29-12REP-719232ee.jpg,https://irp.cdn-website.com/28156074/dms3rep/multi/CRF+242+Shepherd+2041+EC1+EO+%2813%29-13REP-83da94b7.jpg,https://irp.cdn-website.com/28156074/dms3rep/multi/CRF+242+Shepherd+2041+EC1+EO+%2814%29-14REP-af74a5e8.jpg,https://irp.cdn-website.com/28156074/dms3rep/multi/CRF+242+Shepherd+2041+EC1+EO+%2815%29-15REP-0afcb319.jpg,https://irp.cdn-website.com/28156074/dms3rep/multi/CRF+242+Shepherd+2041+EC1+EO+%2816%29-16REP-1f5257e9.jpg,https://irp.cdn-website.com/28156074/dms3rep/multi/CRF+242+Shepherd+2041+EC1+EO+%2817%29-17REP-ee3237c2.jpg,https://irp.cdn-website.com/28156074/dms3rep/multi/CRF+242+Shepherd+2041+EC1+EO+%2818%29-18REP-658d7389.jpg,https://irp.cdn-website.com/28156074/dms3rep/multi/CRF+242+Shepherd+2041+EC1+EO+%2819%29-19REP-ab377950.jpg,https://irp.cdn-website.com/28156074/dms3rep/multi/CRF+242+Shepherd+2041+EC1+EO+%2820%29-20REP-1ecb320e.jpg,https://irp.cdn-website.com/28156074/dms3rep/multi/CRF+242+Shepherd+2041+EC1+EO+%2821%29-21REP-b979ab01.jpg,https://irp.cdn-website.com/28156074/dms3rep/multi/CRF+242+Shepherd+2041+EC1+EO+%2822%29-22REP-e0858780.jpg,https://irp.cdn-website.com/28156074/dms3rep/multi/CRF+242+Shepherd+2041+EC1+EO+%2823%29-23REP-fc33da22.jpg,https://irp.cdn-website.com/28156074/dms3rep/multi/CRF+242+Shepherd+2041+EC1+EO+%2825%29-25REP-efbc1c57.jpg,https://irp.cdn-website.com/28156074/dms3rep/multi/CRF+242+Shepherd+2041+EC1+EO+%2824%29-24REP-239c5bc4.jpg,https://irp.cdn-website.com/28156074/dms3rep/multi/CRF+242+Shepherd+2041+EC1+EO+%2826%29-26REP-28b49142.jpg,https://irp.cdn-website.com/28156074/dms3rep/multi/CRF+242+Shepherd+2041+EC1+EO+%2827%29-27REP-6f8aad7d.jpg"
https://www.truehomes.com/new-construction-homes/move-in-ready/1541-autumn-banks-way-high-shoals-nc-28077,,Autumn Ridge,35.4072,-81.1994,"1541 Autumn Banks Way, High Shoals, NC 28077",High Shoals,NC,28077,,,,https://www.truehomes.com,Available,True Homes,,,,,,,,,,,,,,,,,,,,,,,,The TA4000 - Lot #18,,5,3,,3943,424900,,,,,,"The TA4000 by True Homes is a thoughtfully designed semi-custom home offering 3,945 sq. ft. of flexible living space and available as a quick move-in opportunity mid-March. This open-concept floor plan includes 5 bedrooms and 3 full bathrooms, supporting a variety of living needs. The main level features a dining area that flows into a well-appointed kitchen with a large island, walk-in pantry, and generous cabinetry, all overlooking the expansive great room. A private study provides dedicated workspace, while a main-level guest suite with full bath adds convenience and flexibility. Upstairs, the primary suite includes a spacious, spa-style bath, complemented by three additional bedrooms and a versatile game room. Located in Autumn Ridge, this home offers convenient access to nearby shopping, dining, and major highways.",5,3,,2,,,,3943,,424900,,,,,,,https://irp.cdn-website.com/28156074/dms3rep/multi/HDL+286+TA4000+3940+EB3+IO+%281%29-02REP.JPG
https://www.truehomes.com/new-construction-homes/move-in-ready/240-periwinkle-place-clayton-nc-27527,,North District at Flowers Plantation Townhomes,35.6575,-78.3451,"240 Periwinkle Place, Clayton, NC 27527",Clayton,NC,27527,,,,https://www.truehomes.com,Available,True Homes,,,,,,,,,,,,,,,,,,,,,,,,The Hollis TH - Lot #41,,3,4,1,2322,429900,,,,,,"Introducing the Hollis TH, a modern semi-custom townhome and quick move-in opportunity with upgraded features throughout. This four-story floor plan includes 3 bedrooms, 4.5 bathrooms, and a rear-entry two-car garage with direct lower-level access. The entry level features a defined foyer, a secondary bedroom, and a full bath—ideal for flexible living needs. The main living level centers around a well-appointed kitchen positioned between the great room and dining area, creating an efficient, open layout. The great room opens to a cantilevered deck, extending the living space outdoors, while a conveniently located powder room completes this level. The upper level hosts the primary suite with walk-in closet and private bath, along with an additional bedroom, full bath, and laundry area. The terrace level adds versatility with a media room, full bath, and access to a private terrace, supporting a variety of lifestyle needs.",3,4,1,3,,,,2322,,429900,,,,,,,"https://irp.cdn-website.com/28156074/dms3rep/multi/NDFT+39+Hollis+TH+1970+A1+IO+Model+%281%29-01REP.jpg,https://irp.cdn-website.com/28156074/dms3rep/multi/NDFT+39+Hollis+TH+1970+A1+IO+Model+%282%29-02REP.jpg,https://irp.cdn-website.com/28156074/dms3rep/multi/NDFT+39+Hollis+TH+1970+A1+IO+Model+%283%29-03REP.jpg,https://irp.cdn-website.com/28156074/dms3rep/multi/NDFT+39+Hollis+TH+1970+A1+IO+Model+%284%29-04REP.jpg,https://irp.cdn-website.com/28156074/dms3rep/multi/NDFT+39+Hollis+TH+1970+A1+IO+Model+%285%29-05REP.jpg,https://irp.cdn-website.com/28156074/dms3rep/multi/NDFT+39+Hollis+TH+1970+A1+IO+Model+%286%29-06REP.jpg,https://irp.cdn-website.com/28156074/dms3rep/multi/NDFT+39+Hollis+TH+1970+A1+IO+Model+%287%29-07REP.jpg,https://irp.cdn-website.com/28156074/dms3rep/multi/NDFT+39+Hollis+TH+1970+A1+IO+Model+%288%29-08REP.jpg,https://irp.cdn-website.com/28156074/dms3rep/multi/NDFT+39+Hollis+TH+1970+A1+IO+Model+%289%29-09REP.jpg,https://irp.cdn-website.com/28156074/dms3rep/multi/NDFT+39+Hollis+TH+1970+A1+IO+Model+%2810%29-10REP.jpg,https://irp.cdn-website.com/28156074/dms3rep/multi/NDFT+39+Hollis+TH+1970+A1+IO+Model+%2811%29-11REP.jpg,https://irp.cdn-website.com/28156074/dms3rep/multi/NDFT+39+Hollis+TH+1970+A1+IO+Model+%2812%29-12REP.jpg,https://irp.cdn-website.com/28156074/dms3rep/multi/NDFT+39+Hollis+TH+1970+A1+IO+Model+%2813%29-13REP.jpg,https://irp.cdn-website.com/28156074/dms3rep/multi/NDFT+39+Hollis+TH+1970+A1+IO+Model+%2814%29-14REP.jpg,https://irp.cdn-website.com/28156074/dms3rep/multi/NDFT+39+Hollis+TH+1970+A1+IO+Model+%2816%29-16REP.jpg,https://irp.cdn-website.com/28156074/dms3rep/multi/NDFT+39+Hollis+TH+1970+A1+IO+Model+%2817%29-17REP.jpg,https://irp.cdn-website.com/28156074/dms3rep/multi/NDFT+39+Hollis+TH+1970+A1+IO+Model+%2819%29-19REP.jpg,https://irp.cdn-website.com/28156074/dms3rep/multi/NDFT+39+Hollis+TH+1970+A1+IO+Model+%2820%29-20REP.jpg,https://irp.cdn-website.com/28156074/dms3rep/multi/NDFT+39+Hollis+TH+1970+A1+IO+Model+%2821%29-21REP.jpg,https://irp.cdn-website.com/28156074/dms3rep/multi/NDFT+39+Hollis+TH+1970+A1+IO+Model+%2822%29-22REP.jpg,https://irp.cdn-website.com/28156074/dms3rep/multi/NDFT+39+Hollis+TH+1970+A1+IO+Model+%2823%29-23REP.jpg,https://irp.cdn-website.com/28156074/dms3rep/multi/NDFT+39+Hollis+TH+1970+A1+IO+Model+%2824%29-24REP.jpg,https://irp.cdn-website.com/28156074/dms3rep/multi/NDFT+39+Hollis+TH+1970+A1+IO+Model+%2825%29-25REP.jpg,https://irp.cdn-website.com/28156074/dms3rep/multi/NDFT+39+Hollis+TH+1970+A1+IO+Model+%2826%29-26REP.jpg,https://irp.cdn-website.com/28156074/dms3rep/multi/NDFT+39+Hollis+TH+1970+A1+IO+Model+%2827%29-27REP.jpg,https://irp.cdn-website.com/28156074/dms3rep/multi/NDFT+39+Hollis+TH+1970+A1+IO+Model+%2828%29-28REP.jpg,https://irp.cdn-website.com/28156074/dms3rep/multi/NDFT+39+Hollis+TH+1970+A1+IO+Model+%2829%29-29REP.jpg,https://irp.cdn-website.com/28156074/dms3rep/multi/NDFT+39+Hollis+TH+1970+A1+IO+Model+%2830%29-30REP.jpg,https://irp.cdn-website.com/28156074/dms3rep/multi/NDFT+39+Hollis+TH+1970+A1+IO+Model+%2831%29-31REP.jpg,https://irp.cdn-website.com/28156074/dms3rep/multi/NDFT+39+Hollis+TH+1970+A1+IO+Model+%2833%29-33REP.jpg,https://irp.cdn-website.com/28156074/dms3rep/multi/NDFT+39+Hollis+TH+1970+A1+IO+Model+%2835%29-35REP.jpg"
https://www.truehomes.com/new-construction-homes/move-in-ready/245-cliffwood-st-nw-unit-b-concord-nc-28027,,Towns at Cliffwood (Condos),35.4122,-80.6169,"245 Cliffwood St NW - Unit B, Concord, NC 28027",Concord,NC,28027,,,,https://www.truehomes.com,Available,True Homes,,,,,,,,,,,,,,,,,,,,,,,,The Lucas TH - Lot #12,,3,2,1,1338,245000,,,,,,,3,2,1,2,,,,1338,,245000,,,,,,,"https://irp.cdn-website.com/28156074/dms3rep/multi/TCTH+5+Lucas+TH+1340+EA1+%282%29-02REP.jpg,https://irp.cdn-website.com/28156074/dms3rep/multi/TCTH+5+Lucas+TH+1340+EA1+%284%29-04REP.jpg,https://irp.cdn-website.com/28156074/dms3rep/multi/TCTH+5+Lucas+TH+1340+EA1+%286%29-06REP.jpg,https://irp.cdn-website.com/28156074/dms3rep/multi/TCTH+5+Lucas+TH+1340+EA1+%287%29-07REP.jpg,https://irp.cdn-website.com/28156074/dms3rep/multi/TCTH+5+Lucas+TH+1340+EA1+%288%29-08REP.jpg,https://irp.cdn-website.com/28156074/dms3rep/multi/TCTH+5+Lucas+TH+1340+EA1+%289%29-09REP.jpg,https://irp.cdn-website.com/28156074/dms3rep/multi/TCTH+5+Lucas+TH+1340+EA1+%2810%29-10REP.jpg,https://irp.cdn-website.com/28156074/dms3rep/multi/TCTH+5+Lucas+TH+1340+EA1+%2811%29-11REP.jpg,https://irp.cdn-website.com/28156074/dms3rep/multi/TCTH+5+Lucas+TH+1340+EA1+%2812%29-12REP.jpg,https://irp.cdn-website.com/28156074/dms3rep/multi/TCTH+5+Lucas+TH+1340+EA1+%2813%29-13REP.jpg,https://irp.cdn-website.com/28156074/dms3rep/multi/TCTH+5+Lucas+TH+1340+EA1+%2814%29-14REP.jpg,https://irp.cdn-website.com/28156074/dms3rep/multi/TCTH+5+Lucas+TH+1340+EA1+%2815%29-15REP.jpg,https://irp.cdn-website.com/28156074/dms3rep/multi/TCTH+5+Lucas+TH+1340+EA1+%2816%29-16REP.jpg,https://irp.cdn-website.com/28156074/dms3rep/multi/TCTH+5+Lucas+TH+1340+EA1+%2817%29-17REP.jpg,https://irp.cdn-website.com/28156074/dms3rep/multi/TCTH+5+Lucas+TH+1340+EA1+%2818%29-18REP.jpg,https://irp.cdn-website.com/28156074/dms3rep/multi/TCTH+5+Lucas+TH+1340+EA1+%2819%29-19REP.jpg,https://irp.cdn-website.com/28156074/dms3rep/multi/TCTH+5+Lucas+TH+1340+EA1+%2820%29-20REP.jpg,https://irp.cdn-website.com/28156074/dms3rep/multi/TCTH+5+Lucas+TH+1340+EA1+%2821%29-21REP.jpg,https://irp.cdn-website.com/28156074/dms3rep/multi/TCTH+5+Lucas+TH+1340+EA1+%2822%29-22REP.jpg,https://irp.cdn-website.com/28156074/dms3rep/multi/TCTH+5+Lucas+TH+1340+EA1+%2823%29-23REP.jpg,https://irp.cdn-website.com/28156074/dms3rep/multi/TCTH+5+Lucas+TH+1340+EA1+%2824%29-24REP.jpg,https://irp.cdn-website.com/28156074/dms3rep/multi/TCTH+5+Lucas+TH+1340+EA1+%2825%29-25REP.jpg,https://irp.cdn-website.com/28156074/dms3rep/multi/TCTH+5+Lucas+TH+1340+EA1+%2826%29-26REP.jpg"
https://www.truehomes.com/new-construction-homes/move-in-ready/7142-commodity-ct-mebane-nc-27302,,Bowman Place,36.0681,-79.2432,"7142 COMMODITY CT, Mebane, NC 27302",Mebane,NC,27302,,,,https://www.truehomes.com,Sold,True Homes,,,,,,,,,,,,,,,,,,,,,,,,The Milo - Lot #49,,3,2,1,2056,387900,,,,,,"The Milo, a versatile floorplan with 2056 square feet, offering 3 Bedrooms and 2.5 Bathrooms to accommodate diverse needs. On the First Floor, The Milo welcomes you with Large Bedrooms 2 & 3 and a Full Bath, creating a spacious and welcoming entry. As you continue, you'll find an open Dining Room area leading into the Oversized L-Shaped Kitchen. The kitchen boasts an impressive sizeable island, perfect for culinary adventures. The kitchen opens into a massive Great Room area. Also featured on the first floor is a large Primary Suite with a sizeable Primary Bathroom featuring garden tub, tiled walk-in shower, and a generously sized walk-in closet for your convenience. The second floor features a large bonus room and half-bath.",3,2,1,1,,,,2056,,387900,,,,,,,"https://irp.cdn-website.com/28156074/dms3rep/multi/BMP+49+Milo+1551+RB2B+EO+%283%29.jpg,https://irp.cdn-website.com/28156074/dms3rep/multi/BMP+49+Milo+1551+RB2B+EO+%284%29.jpg,https://irp.cdn-website.com/28156074/dms3rep/multi/BMP+49+Milo+1551+RB2B+EO+%285%29.jpg,https://irp.cdn-website.com/28156074/dms3rep/multi/BMP+49+Milo+1551+RB2B+EO+%286%29.jpg,https://irp.cdn-website.com/28156074/dms3rep/multi/BMP+49+Milo+1551+RB2B+EO+%287%29.jpg,https://irp.cdn-website.com/28156074/dms3rep/multi/BMP+49+Milo+1551+RB2B+EO+%288%29.jpg,https://irp.cdn-website.com/28156074/dms3rep/multi/BMP+49+Milo+1551+RB2B+EO+%289%29.jpg,https://irp.cdn-website.com/28156074/dms3rep/multi/BMP+49+Milo+1551+RB2B+EO+%2810%29.jpg,https://irp.cdn-website.com/28156074/dms3rep/multi/BMP+49+Milo+1551+RB2B+EO+%2811%29.jpg,https://irp.cdn-website.com/28156074/dms3rep/multi/BMP+49+Milo+1551+RB2B+EO+%2812%29.jpg,https://irp.cdn-website.com/28156074/dms3rep/multi/BMP+49+Milo+1551+RB2B+EO+%2813%29.jpg,https://irp.cdn-website.com/28156074/dms3rep/multi/BMP+49+Milo+1551+RB2B+EO+%2814%29.jpg,https://irp.cdn-website.com/28156074/dms3rep/multi/BMP+49+Milo+1551+RB2B+EO+%2815%29.jpg,https://irp.cdn-website.com/28156074/dms3rep/multi/BMP+49+Milo+1551+RB2B+EO+%2816%29.jpg,https://irp.cdn-website.com/28156074/dms3rep/multi/BMP+49+Milo+1551+RB2B+EO+%2817%29.jpg,https://irp.cdn-website.com/28156074/dms3rep/multi/BMP+49+Milo+1551+RB2B+EO+%2818%29.jpg,https://irp.cdn-website.com/28156074/dms3rep/multi/BMP+49+Milo+1551+RB2B+EO+%2819%29.jpg,https://irp.cdn-website.com/28156074/dms3rep/multi/BMP+49+Milo+1551+RB2B+EO+%2820%29.jpg,https://irp.cdn-website.com/28156074/dms3rep/multi/BMP+49+Milo+1551+RB2B+EO+%2821%29.jpg,https://irp.cdn-website.com/28156074/dms3rep/multi/BMP+49+Milo+1551+RB2B+EO+%2822%29.jpg,https://irp.cdn-website.com/28156074/dms3rep/multi/BMP+49+Milo+1551+RB2B+EO+%2823%29.jpg,https://irp.cdn-website.com/28156074/dms3rep/multi/BMP+49+Milo+1551+RB2B+EO+%2824%29.jpg,https://irp.cdn-website.com/28156074/dms3rep/multi/BMP+49+Milo+1551+RB2B+EO+%2825%29.jpg,https://irp.cdn-website.com/28156074/dms3rep/multi/BMP+49+Milo+1551+RB2B+EO+%2826%29.jpg,https://irp.cdn-website.com/28156074/dms3rep/multi/BMP+49+Milo+1551+RB2B+EO+%2827%29.jpg,https://irp.cdn-website.com/28156074/dms3rep/multi/BMP+49+Milo+1551+RB2B+EO+%2828%29.jpg,https://irp.cdn-website.com/28156074/dms3rep/multi/BMP+49+Milo+1551+RB2B+EO+%2829%29.jpg"
https://www.truehomes.com/new-construction-homes/move-in-ready/11812-avocet-street-charlotte-nc-28215,,Village at Reedy Creek Townhomes,35.2588,-80.6751,"11812 Avocet Street, Charlotte, NC 28215",Charlotte,NC,28215,,,,https://www.truehomes.com,Sold,True Homes,,,,,,,,,,,,,,,,,,,,,,,,The Myka TH - Lot #54,,3,2,1,1451,309900,,,,,,"Discover The Myka Townhome, a versatile floorplan offering 1,451 square feet of well-designed space, featuring 3 Bedrooms and 2.5 Bathrooms to accommodate diverse family needs. This floorplan provides ample room for comfortable living, catering to both smaller and larger families alike. On the First Floor, you're welcomed by a Covered Porch leading into the Entry and a 1-Car Garage. A Coat Closet and optional windows enhance functionality and natural light. The Second Floor opens up to a spacious Great Room, perfect for relaxing or entertaining. Adjacent is a Nook for casual dining, and an Open Deck that extends your living space outdoors. Optional windows and a flush countertop complete this level with thoughtful touches. The Third Floor offers a well-appointed Primary Suite with an optional door for added privacy. Two additional Bedrooms and a second full Bathroom make this level ideal for family living or guests. The property's design is highly adaptable, with various customization options to align with your personal preferences. Create a home that suits your lifestyle and family dynamics, making The Myka Townhome your perfect space to call home",3,2,1,3,,,,1451,,309900,,,,,,,"https://irp.cdn-website.com/28156074/dms3rep/multi/VRCT+74+Myka+TH+Model+%286%29-06REP.jpg,https://irp.cdn-website.com/28156074/dms3rep/multi/VRCT+74+Myka+TH+Model+%287%29-07REP.jpg,https://irp.cdn-website.com/28156074/dms3rep/multi/VRCT+74+Myka+TH+Model+%288%29-08REP.jpg,https://irp.cdn-website.com/28156074/dms3rep/multi/VRCT+74+Myka+TH+Model+%289%29-09REP.jpg,https://irp.cdn-website.com/28156074/dms3rep/multi/VRCT+74+Myka+TH+Model+%2810%29-10REP.jpg,https://irp.cdn-website.com/28156074/dms3rep/multi/VRCT+74+Myka+TH+Model+%2811%29-11REP.jpg,https://irp.cdn-website.com/28156074/dms3rep/multi/VRCT+74+Myka+TH+Model+%2812%29-12REP.jpg,https://irp.cdn-website.com/28156074/dms3rep/multi/VRCT+74+Myka+TH+Model+%2813%29-13REP.jpg,https://irp.cdn-website.com/28156074/dms3rep/multi/VRCT+74+Myka+TH+Model+%2814%29-14REP.jpg,https://irp.cdn-website.com/28156074/dms3rep/multi/VRCT+74+Myka+TH+Model+%2815%29-15REP.jpg,https://irp.cdn-website.com/28156074/dms3rep/multi/VRCT+74+Myka+TH+Model+%2816%29-16REP.jpg,https://irp.cdn-website.com/28156074/dms3rep/multi/VRCT+74+Myka+TH+Model+%2817%29-17REP.jpg,https://irp.cdn-website.com/28156074/dms3rep/multi/VRCT+74+Myka+TH+Model+%2818%29-18REP.jpg,https://irp.cdn-website.com/28156074/dms3rep/multi/VRCT+74+Myka+TH+Model+%2819%29-19REP.jpg,https://irp.cdn-website.com/28156074/dms3rep/multi/VRCT+74+Myka+TH+Model+%2820%29-20REP.jpg,https://irp.cdn-website.com/28156074/dms3rep/multi/VRCT+74+Myka+TH+Model+%2821%29-21REP.jpg,https://irp.cdn-website.com/28156074/dms3rep/multi/VRCT+74+Myka+TH+Model+%2822%29-22REP.jpg,https://irp.cdn-website.com/28156074/dms3rep/multi/VRCT+74+Myka+TH+Model+%2823%29-23REP.jpg,https://irp.cdn-website.com/28156074/dms3rep/multi/VRCT+74+Myka+TH+Model+%2824%29-24REP.jpg,https://irp.cdn-website.com/28156074/dms3rep/multi/VRCT+74+Myka+TH+Model+%2825%29-25REP.jpg,https://irp.cdn-website.com/28156074/dms3rep/multi/VRCT+74+Myka+TH+Model+%2826%29-26REP.jpg,https://irp.cdn-website.com/28156074/dms3rep/multi/VRCT+74+Myka+TH+Model+%2827%29-27REP.jpg,https://irp.cdn-website.com/28156074/dms3rep/multi/VRCT+74+Myka+TH+Model+%2828%29-28REP.jpg,https://irp.cdn-website.com/28156074/dms3rep/multi/VRCT+74+Myka+TH+Model+%2829%29-29REP.jpg,https://irp.cdn-website.com/28156074/dms3rep/multi/VRCT+74+Myka+TH+Model+%2830%29-30REP.jpg,https://irp.cdn-website.com/28156074/dms3rep/multi/VRCT+74+Myka+TH+Model+%2831%29-31REP.jpg,https://irp.cdn-website.com/28156074/dms3rep/multi/VRCT+74+Myka+TH+Model+%2832%29-32REP.jpg,https://irp.cdn-website.com/28156074/dms3rep/multi/VRCT+74+Myka+TH+Model+%2834%29-34REP.jpg,https://irp.cdn-website.com/28156074/dms3rep/multi/VRCT+74+Myka+TH+Model+%2835%29-35REP.jpg,https://irp.cdn-website.com/28156074/dms3rep/multi/VRCT+74+Myka+TH+Model+%2836%29-36REP.jpg"
https://www.truehomes.com/new-construction-homes/move-in-ready/3430-clark-farm-rd-charlotte-nc-28213,,Clark Village Townhomes,35.2823,-80.7466,"3430 Clark Farm Rd, Charlotte, NC 28213",Charlotte,NC,28213,,,,https://www.truehomes.com,Sold,True Homes,,,,,,,,,,,,,,,,,,,,,,,,The Lynwood TH - Lot #148,,3,2,1,1648,284900,,,,,,"Discover Doorway to Prosperity at Clark Village Townhomes—The Lynwood offers 3 bedrooms, 2.5 baths, and over 1,600 sq ft of thoughtfully designed living space. Enjoy an open-concept main level with a stylish kitchen flowing seamlessly into the great room and dining area—perfect for everyday living or entertaining. Upstairs, the spacious layout continues with a private primary suite, two versatile secondary bedrooms, and a full bath. Clark Village Townhomes blend modern living with lasting value in a growing community. Income eligibility required. Deed restrictions apply. Not available to investors. Down payment assistance may be available for qualified buyers.",3,2,1,2,,,,1648,,284900,,,,,,,
https://www.truehomes.com/new-construction-homes/move-in-ready/11742-avocet-street-charlotte-nc-28215,,Village at Reedy Creek Townhomes,35.2587,-80.6754,"11742 Avocet Street, Charlotte, NC 28215",Charlotte,NC,28215,,,,https://www.truehomes.com,Sold,True Homes,,,,,,,,,,,,,,,,,,,,,,,,The Myka TH - Lot #58,,3,2,1,1451,330000,,,,,,"Welcome to Village at Reedy Creek, a vibrant new townhome community by True Homes ideally located in Charlotte, NC. Experience the perfect balance of comfort and convenience in this semi-custom, quick move-in townhome featuring 1,451 sq. ft., 3 bedrooms, and 2.5 baths across three thoughtfully designed levels. The main floor showcases an open-concept Great Room, a stylish Kitchen with eat-in nook, and access to a private rear deck—perfect for relaxing or entertaining. Enjoy the functionality of a 550+ sq. ft. tandem garage, providing ample parking and storage space. The upper level includes a spacious Primary Suite with private bath, two additional bedrooms, and a convenient laundry area. Upgraded features and flexible design options make this home ideal for modern living. Community amenities include a dog park and more—creating the perfect place to call home in Charlotte’s thriving northeast corridor. Up to $20k in Seller Incentives for Qualified Buyers!",3,2,1,3,,,,1451,,330000,,,,,,,"https://irp.cdn-website.com/28156074/dms3rep/multi/VRCT+74+Myka+TH+Model+%286%29-06REP.jpg,https://irp.cdn-website.com/28156074/dms3rep/multi/VRCT+74+Myka+TH+Model+%287%29-07REP.jpg,https://irp.cdn-website.com/28156074/dms3rep/multi/VRCT+74+Myka+TH+Model+%288%29-08REP.jpg,https://irp.cdn-website.com/28156074/dms3rep/multi/VRCT+74+Myka+TH+Model+%289%29-09REP.jpg,https://irp.cdn-website.com/28156074/dms3rep/multi/VRCT+74+Myka+TH+Model+%2810%29-10REP.jpg,https://irp.cdn-website.com/28156074/dms3rep/multi/VRCT+74+Myka+TH+Model+%2811%29-11REP.jpg,https://irp.cdn-website.com/28156074/dms3rep/multi/VRCT+74+Myka+TH+Model+%2812%29-12REP.jpg,https://irp.cdn-website.com/28156074/dms3rep/multi/VRCT+74+Myka+TH+Model+%2813%29-13REP.jpg,https://irp.cdn-website.com/28156074/dms3rep/multi/VRCT+74+Myka+TH+Model+%2814%29-14REP.jpg,https://irp.cdn-website.com/28156074/dms3rep/multi/VRCT+74+Myka+TH+Model+%2815%29-15REP.jpg,https://irp.cdn-website.com/28156074/dms3rep/multi/VRCT+74+Myka+TH+Model+%2816%29-16REP.jpg,https://irp.cdn-website.com/28156074/dms3rep/multi/VRCT+74+Myka+TH+Model+%2817%29-17REP.jpg,https://irp.cdn-website.com/28156074/dms3rep/multi/VRCT+74+Myka+TH+Model+%2818%29-18REP.jpg,https://irp.cdn-website.com/28156074/dms3rep/multi/VRCT+74+Myka+TH+Model+%2819%29-19REP.jpg,https://irp.cdn-website.com/28156074/dms3rep/multi/VRCT+74+Myka+TH+Model+%2820%29-20REP.jpg,https://irp.cdn-website.com/28156074/dms3rep/multi/VRCT+74+Myka+TH+Model+%2821%29-21REP.jpg,https://irp.cdn-website.com/28156074/dms3rep/multi/VRCT+74+Myka+TH+Model+%2822%29-22REP.jpg,https://irp.cdn-website.com/28156074/dms3rep/multi/VRCT+74+Myka+TH+Model+%2823%29-23REP.jpg,https://irp.cdn-website.com/28156074/dms3rep/multi/VRCT+74+Myka+TH+Model+%2824%29-24REP.jpg,https://irp.cdn-website.com/28156074/dms3rep/multi/VRCT+74+Myka+TH+Model+%2825%29-25REP.jpg,https://irp.cdn-website.com/28156074/dms3rep/multi/VRCT+74+Myka+TH+Model+%2826%29-26REP.jpg,https://irp.cdn-website.com/28156074/dms3rep/multi/VRCT+74+Myka+TH+Model+%2827%29-27REP.jpg,https://irp.cdn-website.com/28156074/dms3rep/multi/VRCT+74+Myka+TH+Model+%2828%29-28REP.jpg,https://irp.cdn-website.com/28156074/dms3rep/multi/VRCT+74+Myka+TH+Model+%2829%29-29REP.jpg,https://irp.cdn-website.com/28156074/dms3rep/multi/VRCT+74+Myka+TH+Model+%2830%29-30REP.jpg,https://irp.cdn-website.com/28156074/dms3rep/multi/VRCT+74+Myka+TH+Model+%2831%29-31REP.jpg,https://irp.cdn-website.com/28156074/dms3rep/multi/VRCT+74+Myka+TH+Model+%2832%29-32REP.jpg,https://irp.cdn-website.com/28156074/dms3rep/multi/VRCT+74+Myka+TH+Model+%2834%29-34REP.jpg,https://irp.cdn-website.com/28156074/dms3rep/multi/VRCT+74+Myka+TH+Model+%2835%29-35REP.jpg,https://irp.cdn-website.com/28156074/dms3rep/multi/VRCT+74+Myka+TH+Model+%2836%29-36REP.jpg"
https://www.truehomes.com/new-construction-homes/move-in-ready/1008-house-finch-ave-ravenel-sc-29470,,Homecoming,32.8886,-80.2629,"1008 House Finch Ave, Ravenel, SC 29470",Ravenel,SC,29470,,,,https://www.truehomes.com,Available,True Homes,,,,,,,,,,,,,,,,,,,,,,,,The Riley P - Lot #-CC3-22-4,,5,4,,3153,524900,,,,,,"The Riley is a quick move-in semi-custom home offering over 3,100 sq ft with 5 bedrooms and 4 full bathrooms. The main level features an open Dining Room with a Butler's Pantry leading to a gourmet Kitchen with eat-in nook, porcelain farmhouse sink, quartz countertops, upgraded cabinetry, and tile backsplash. The Kitchen opens to a spacious Great Room with fireplace. A main-level guest bedroom and full bath add flexibility. Upstairs includes a versatile Bonus Room, convenient Laundry Room, and an oversized Primary Suite with private ensuite and expansive walk-in closet. Three additional bedrooms and two full baths complete this well-designed layout.",5,4,,2,,,,3153,,524900,,,,,,,"https://irp.cdn-website.com/28156074/dms3rep/multi/1008+House+Finch+-Tidalcreekphoto-+%282%29.jpg,https://irp.cdn-website.com/28156074/dms3rep/multi/1008+House+Finch+-Tidalcreekphoto-+%283%29.jpg,https://irp.cdn-website.com/28156074/dms3rep/multi/1008+House+Finch+-Tidalcreekphoto-+%284%29.jpg,https://irp.cdn-website.com/28156074/dms3rep/multi/1008+House+Finch+-Tidalcreekphoto-+%286%29.jpg,https://irp.cdn-website.com/28156074/dms3rep/multi/1008+House+Finch+-Tidalcreekphoto-+%287%29.jpg,https://irp.cdn-website.com/28156074/dms3rep/multi/1008+House+Finch+-Tidalcreekphoto-+%289%29.jpg,https://irp.cdn-website.com/28156074/dms3rep/multi/1008+House+Finch+-Tidalcreekphoto-+%2812%29.jpg,https://irp.cdn-website.com/28156074/dms3rep/multi/1008+House+Finch+-Tidalcreekphoto-+%2813%29.jpg,https://irp.cdn-website.com/28156074/dms3rep/multi/1008+House+Finch+-Tidalcreekphoto-+%2815%29.jpg,https://irp.cdn-website.com/28156074/dms3rep/multi/1008+House+Finch+-Tidalcreekphoto-+%2819%29.jpg,https://irp.cdn-website.com/28156074/dms3rep/multi/1008+House+Finch+-Tidalcreekphoto-+%2820%29.jpg,https://irp.cdn-website.com/28156074/dms3rep/multi/1008+House+Finch+-Tidalcreekphoto-+%2821%29.jpg,https://irp.cdn-website.com/28156074/dms3rep/multi/1008+House+Finch+-Tidalcreekphoto-+%2818%29.jpg,https://irp.cdn-website.com/28156074/dms3rep/multi/1008+House+Finch+-Tidalcreekphoto-+%2817%29.jpg,https://irp.cdn-website.com/28156074/dms3rep/multi/1008+House+Finch+-Tidalcreekphoto-+%2822%29.jpg,https://irp.cdn-website.com/28156074/dms3rep/multi/1008+House+Finch+-Tidalcreekphoto-+%2823%29.jpg,https://irp.cdn-website.com/28156074/dms3rep/multi/1008+House+Finch+-Tidalcreekphoto-+%2824%29.jpg,https://irp.cdn-website.com/28156074/dms3rep/multi/1008+House+Finch+-Tidalcreekphoto-+%2827%29.jpg,https://irp.cdn-website.com/28156074/dms3rep/multi/1008+House+Finch+-Tidalcreekphoto-+%2828%29.jpg,https://irp.cdn-website.com/28156074/dms3rep/multi/1008+House+Finch+-Tidalcreekphoto-+%2829%29.jpg,https://irp.cdn-website.com/28156074/dms3rep/multi/1008+House+Finch+-Tidalcreekphoto-+%2830%29.jpg,https://irp.cdn-website.com/28156074/dms3rep/multi/1008+House+Finch+-Tidalcreekphoto-+%2831%29.jpg,https://irp.cdn-website.com/28156074/dms3rep/multi/1008+House+Finch+-Tidalcreekphoto-+%2833%29.jpg,https://irp.cdn-website.com/28156074/dms3rep/multi/1008+House+Finch+-Tidalcreekphoto-+%2832%29.jpg,https://irp.cdn-website.com/28156074/dms3rep/multi/1008+House+Finch+-Tidalcreekphoto-+%2834%29.jpg,https://irp.cdn-website.com/28156074/dms3rep/multi/1008+House+Finch+-Tidalcreekphoto-+%2835%29.jpg,https://irp.cdn-website.com/28156074/dms3rep/multi/1008+House+Finch+-Tidalcreekphoto-+%2838%29.jpg,https://irp.cdn-website.com/28156074/dms3rep/multi/1008+House+Finch+-Tidalcreekphoto-+%2837%29.jpg,https://irp.cdn-website.com/28156074/dms3rep/multi/1008+House+Finch+-Tidalcreekphoto-+%2843%29.jpg,https://irp.cdn-website.com/28156074/dms3rep/multi/1008+House+Finch+-Tidalcreekphoto-+%2845%29.jpg"
https://www.truehomes.com/new-construction-homes/move-in-ready/306-park-blvd-winston-salem-nc-27127,,True Homes Build OYL - Triad,36.0726,-80.2476,"306 Park Blvd, Winston Salem, NC 27127",Winston Salem,NC,27127,,,,https://www.truehomes.com,Available,True Homes,,,,,,,,,,,,,,,,,,,,,,,,The Charlotte II - Lot #1029,,5,3,1,2618,559500,,,,,,"Discover a rare quick move-in semi-custom home by True Homes, offering new construction in an established setting. The popular Charlotte floorplan features approximately 2,618 sq ft, 5 bedrooms, and 3.5 bathrooms, with upgraded selections throughout. The main level offers an open-concept layout with a spacious Great Room, Dining Area, and a well-appointed Kitchen featuring a large island, quartz countertops, tile backsplash, stainless steel appliances, and abundant cabinetry. A main-level bedroom with full bath provides flexible use for guests, workspace, or multigenerational living. Upstairs, the Primary Suite includes a luxury bath with dual vanities, tiled walk-in shower, and a generous walk-in closet. Additional bedrooms and baths complete the second floor. Nine-foot ceilings on both levels enhance the open feel. Enjoy the benefits of new construction with nearby access to trails and green space.",5,3,1,2,,,,2618,,559500,,,,,,,"https://irp.cdn-website.com/28156074/dms3rep/multi/TTLA+1029+Charlotte+II+2610+EC2P+EO+%284%29-b77f575b.jpg,https://irp.cdn-website.com/28156074/dms3rep/multi/TTLA+1029+Charlotte+II+2610+EC2P+EO+%285%29-d2247474.jpg,https://irp.cdn-website.com/28156074/dms3rep/multi/TTLA+1029+Charlotte+II+2610+EC2P+EO+%282%29-3c71d7c6.jpg,https://irp.cdn-website.com/28156074/dms3rep/multi/TTLA+1029+Charlotte+II+2610+EC2P+EO+%287%29-c23780aa.jpg,https://irp.cdn-website.com/28156074/dms3rep/multi/TTLA+1029+Charlotte+II+2610+EC2P+EO+%288%29-395df710.jpg,https://irp.cdn-website.com/28156074/dms3rep/multi/TTLA+1029+Charlotte+II+2610+EC2P+EO+%289%29-6a5fb3c9.jpg,https://irp.cdn-website.com/28156074/dms3rep/multi/TTLA+1029+Charlotte+II+2610+EC2P+EO+%2810%29-bca3a810.jpg,https://irp.cdn-website.com/28156074/dms3rep/multi/TTLA+1029+Charlotte+II+2610+EC2P+EO+%2811%29-b8a18a33.jpg,https://irp.cdn-website.com/28156074/dms3rep/multi/TTLA+1029+Charlotte+II+2610+EC2P+EO+%2812%29-1e1e2120.jpg,https://irp.cdn-website.com/28156074/dms3rep/multi/TTLA+1029+Charlotte+II+2610+EC2P+EO+%2813%29-3ff844c3.jpg,https://irp.cdn-website.com/28156074/dms3rep/multi/TTLA+1029+Charlotte+II+2610+EC2P+EO+%2814%29-c212e5f9.jpg,https://irp.cdn-website.com/28156074/dms3rep/multi/TTLA+1029+Charlotte+II+2610+EC2P+EO+%2815%29-ef438c91.jpg,https://irp.cdn-website.com/28156074/dms3rep/multi/TTLA+1029+Charlotte+II+2610+EC2P+EO+%2816%29-e79ce857.jpg,https://irp.cdn-website.com/28156074/dms3rep/multi/TTLA+1029+Charlotte+II+2610+EC2P+EO+%2817%29-a3d7c1fa.jpg,https://irp.cdn-website.com/28156074/dms3rep/multi/TTLA+1029+Charlotte+II+2610+EC2P+EO+%2818%29-8bdbd077.jpg,https://irp.cdn-website.com/28156074/dms3rep/multi/TTLA+1029+Charlotte+II+2610+EC2P+EO+%2819%29-fc719470.jpg,https://irp.cdn-website.com/28156074/dms3rep/multi/TTLA+1029+Charlotte+II+2610+EC2P+EO+%2820%29-5e08b251.jpg,https://irp.cdn-website.com/28156074/dms3rep/multi/TTLA+1029+Charlotte+II+2610+EC2P+EO+%2821%29-1e8701eb.jpg,https://irp.cdn-website.com/28156074/dms3rep/multi/TTLA+1029+Charlotte+II+2610+EC2P+EO+%2822%29-4a2ed55a.jpg,https://irp.cdn-website.com/28156074/dms3rep/multi/TTLA+1029+Charlotte+II+2610+EC2P+EO+%2823%29-22dd5fdc.jpg,https://irp.cdn-website.com/28156074/dms3rep/multi/TTLA+1029+Charlotte+II+2610+EC2P+EO+%2824%29-8865f965.jpg,https://irp.cdn-website.com/28156074/dms3rep/multi/TTLA+1029+Charlotte+II+2610+EC2P+EO+%2825%29-431b748a.jpg,https://irp.cdn-website.com/28156074/dms3rep/multi/TTLA+1029+Charlotte+II+2610+EC2P+EO+%2826%29-a1ce2fd1.jpg,https://irp.cdn-website.com/28156074/dms3rep/multi/TTLA+1029+Charlotte+II+2610+EC2P+EO+%2827%29-e01e897a.jpg,https://irp.cdn-website.com/28156074/dms3rep/multi/TTLA+1029+Charlotte+II+2610+EC2P+EO+%2828%29-1f4e5f0f.jpg,https://irp.cdn-website.com/28156074/dms3rep/multi/TTLA+1029+Charlotte+II+2610+EC2P+EO+%2829%29-e589aa79.jpg,https://irp.cdn-website.com/28156074/dms3rep/multi/TTLA+1029+Charlotte+II+2610+EC2P+EO+%2830%29-93181055.jpg,https://irp.cdn-website.com/28156074/dms3rep/multi/TTLA+1029+Charlotte+II+2610+EC2P+EO+%2834%29.jpg,https://irp.cdn-website.com/28156074/dms3rep/multi/TTLA+1029+Charlotte+II+2610+EC2P+EO+%2835%29.jpg"
https://www.truehomes.com/new-construction-homes/move-in-ready/264-camel-crazies-pl-lillington-nc-27546,,Buies Creek Townhomes,35.4178,-78.7443,"264 Camel Crazies Pl, Lillington, NC 27546",Lillington,NC,27546,,,,https://www.truehomes.com,Available,True Homes,,,,,,,,,,,,,,,,,,,,,,,,The Lucas TH - Lot #10,,3,2,1,1360,199900,,,,,,"Welcome to Buies Creek Townhomes in Lillington, NC—just minutes from Campbell University and centrally located between Raleigh and Fayetteville. Enjoy quick access to local dining, shopping, and outdoor adventures like Raven Rock State Park and the Cape Fear River, all within a short drive. These stylish, low-maintenance townhomes by True Homes offer 3 bedrooms, 2.5 baths, and 1,360 sq ft of smart, open-concept living space. Priced in the low-to-mid $200s, each home features upscale finishes and a modern design built for comfort and convenience. With 72 homes total, this thoughtfully planned community is ideal for those seeking space, quality, and a stress-free lifestyle—all in a location that keeps you connected without the hustle. Schedule your tour today and discover why Buies Creek Townhomes is the perfect place to call home.",3,2,1,2,,,,1360,,199900,,,,,,,"https://irp.cdn-website.com/28156074/dms3rep/multi/BCTH-50-Lucas-TH--281-29.jpg,https://irp.cdn-website.com/28156074/dms3rep/multi/BCTH+61+Lucas+TH+1340+EC1+IO+%283%29_REP.jpg,https://irp.cdn-website.com/28156074/dms3rep/multi/BCTH+61+Lucas+TH+1340+EC1+IO+%284%29_REP.jpg,https://irp.cdn-website.com/28156074/dms3rep/multi/BCTH+61+Lucas+TH+1340+EC1+IO+%285%29_REP.jpg,https://irp.cdn-website.com/28156074/dms3rep/multi/BCTH+61+Lucas+TH+1340+EC1+IO+%286%29_REP.jpg,https://irp.cdn-website.com/28156074/dms3rep/multi/BCTH+61+Lucas+TH+1340+EC1+IO+%287%29_REP.jpg,https://irp.cdn-website.com/28156074/dms3rep/multi/BCTH+61+Lucas+TH+1340+EC1+IO+%288%29_REP.jpg,https://irp.cdn-website.com/28156074/dms3rep/multi/BCTH+61+Lucas+TH+1340+EC1+IO+%289%29_REP.jpg,https://irp.cdn-website.com/28156074/dms3rep/multi/BCTH+61+Lucas+TH+1340+EC1+IO+%2810%29_REP.jpg,https://irp.cdn-website.com/28156074/dms3rep/multi/BCTH+61+Lucas+TH+1340+EC1+IO+%2811%29_REP.jpg,https://irp.cdn-website.com/28156074/dms3rep/multi/BCTH+61+Lucas+TH+1340+EC1+IO+%2812%29_REP.jpg,https://irp.cdn-website.com/28156074/dms3rep/multi/BCTH+61+Lucas+TH+1340+EC1+IO+%2813%29_REP.jpg,https://irp.cdn-website.com/28156074/dms3rep/multi/BCTH+61+Lucas+TH+1340+EC1+IO+%2814%29_REP.jpg,https://irp.cdn-website.com/28156074/dms3rep/multi/BCTH+61+Lucas+TH+1340+EC1+IO+%2815%29_REP.jpg,https://irp.cdn-website.com/28156074/dms3rep/multi/BCTH+61+Lucas+TH+1340+EC1+IO+%2816%29_REP.jpg,https://irp.cdn-website.com/28156074/dms3rep/multi/BCTH+61+Lucas+TH+1340+EC1+IO+%2817%29_REP.jpg,https://irp.cdn-website.com/28156074/dms3rep/multi/BCTH+61+Lucas+TH+1340+EC1+IO+%2818%29_REP.jpg,https://irp.cdn-website.com/28156074/dms3rep/multi/BCTH+61+Lucas+TH+1340+EC1+IO+%2819%29_REP.jpg,https://irp.cdn-website.com/28156074/dms3rep/multi/BCTH+61+Lucas+TH+1340+EC1+IO+%2820%29_REP.jpg,https://irp.cdn-website.com/28156074/dms3rep/multi/BCTH+61+Lucas+TH+1340+EC1+IO+%2821%29_REP.jpg,https://irp.cdn-website.com/28156074/dms3rep/multi/BCTH+61+Lucas+TH+1340+EC1+IO+%2822%29_REP.jpg"
https://www.truehomes.com/new-construction-homes/move-in-ready/129-s-buggy-dr-benson-nc-27504,,Benson Village,35.3805,-78.5588,"129 S Buggy Dr, Benson, NC 27504",Benson,NC,27504,,,,https://www.truehomes.com,Sold,True Homes,,,,,,,,,,,,,,,,,,,,,,,,The TA3000 - Lot #157,,4,3,1,2970,399900,,,,,,"Quick Move-In | Semi-Custom TA3000 - Estimated April Completion The TA3000 is a quick move-in semi-custom home offering approximately 2,970 sq ft, 4 bedrooms, 3.5 bathrooms, and a 3-car garage. This thoughtfully designed layout begins with a welcoming foyer and formal dining room, leading to an open living area ideal for everyday living and entertaining. The kitchen features a large island, quartz countertops, tile backsplash, and stainless steel appliances, overlooking the spacious great room. A flexible main-level suite with full bath provides added functionality. Upstairs includes a generous game room, convenient laundry, two secondary bedrooms with shared full bath, and a private primary suite with dual walk-in closets and a bath featuring a dual-bowl vanity and walk-in shower. High-quality finishes and flexible living spaces complete this well-appointed home.",4,3,1,2,,,,2970,,399900,,,,,,,"https://irp.cdn-website.com/28156074/dms3rep/multi/CRF+159+Gideon+2980+EC3+EO+%284%29-05REP.jpg,https://irp.cdn-website.com/28156074/dms3rep/multi/CRF+159+Gideon+2980+EC3+EO+%285%29-06REP.jpg,https://irp.cdn-website.com/28156074/dms3rep/multi/CRF+159+Gideon+2980+EC3+EO+%286%29-07REP.jpg,https://irp.cdn-website.com/28156074/dms3rep/multi/CRF+159+Gideon+2980+EC3+EO+%287%29-08REP.jpg,https://irp.cdn-website.com/28156074/dms3rep/multi/CRF+159+Gideon+2980+EC3+EO+%288%29-09REP.jpg,https://irp.cdn-website.com/28156074/dms3rep/multi/CRF+159+Gideon+2980+EC3+EO+%289%29-10REP.jpg,https://irp.cdn-website.com/28156074/dms3rep/multi/CRF+159+Gideon+2980+EC3+EO+%2810%29-11REP.jpg,https://irp.cdn-website.com/28156074/dms3rep/multi/CRF+159+Gideon+2980+EC3+EO+%2811%29-12REP.jpg,https://irp.cdn-website.com/28156074/dms3rep/multi/CRF+159+Gideon+2980+EC3+EO+%2812%29-13REP.jpg,https://irp.cdn-website.com/28156074/dms3rep/multi/CRF+159+Gideon+2980+EC3+EO+%2813%29-14REP.jpg,https://irp.cdn-website.com/28156074/dms3rep/multi/CRF+159+Gideon+2980+EC3+EO+%2814%29-15REP.jpg,https://irp.cdn-website.com/28156074/dms3rep/multi/CRF+159+Gideon+2980+EC3+EO+%2815%29-16REP.jpg,https://irp.cdn-website.com/28156074/dms3rep/multi/CRF+159+Gideon+2980+EC3+EO+%2816%29-17REP.jpg,https://irp.cdn-website.com/28156074/dms3rep/multi/CRF+159+Gideon+2980+EC3+EO+%2817%29-18REP.jpg,https://irp.cdn-website.com/28156074/dms3rep/multi/CRF+159+Gideon+2980+EC3+EO+%2818%29-19REP.jpg,https://irp.cdn-website.com/28156074/dms3rep/multi/CRF+159+Gideon+2980+EC3+EO+%2819%29-20REP.jpg,https://irp.cdn-website.com/28156074/dms3rep/multi/CRF+159+Gideon+2980+EC3+EO+%2820%29-21REP.jpg,https://irp.cdn-website.com/28156074/dms3rep/multi/CRF+159+Gideon+2980+EC3+EO+%2821%29-22REP.jpg,https://irp.cdn-website.com/28156074/dms3rep/multi/CRF+159+Gideon+2980+EC3+EO+%2822%29-23REP.jpg,https://irp.cdn-website.com/28156074/dms3rep/multi/CRF+159+Gideon+2980+EC3+EO+%2823%29-24REP.jpg,https://irp.cdn-website.com/28156074/dms3rep/multi/CRF+159+Gideon+2980+EC3+EO+%2824%29-25REP.jpg,https://irp.cdn-website.com/28156074/dms3rep/multi/CRF+159+Gideon+2980+EC3+EO+%2825%29-26REP.jpg,https://irp.cdn-website.com/28156074/dms3rep/multi/CRF+159+Gideon+2980+EC3+EO+%2826%29-27REP.jpg,https://irp.cdn-website.com/28156074/dms3rep/multi/CRF+159+Gideon+2980+EC3+EO+%2827%29-28REP.jpg,https://irp.cdn-website.com/28156074/dms3rep/multi/CRF+159+Gideon+2980+EC3+EO+%2828%29-29REP.jpg,https://irp.cdn-website.com/28156074/dms3rep/multi/CRF+159+Gideon+2980+EC3+EO+%2829%29-30REP.jpg,https://irp.cdn-website.com/28156074/dms3rep/multi/CRF+159+Gideon+2980+EC3+EO+%2830%29-31REP.jpg"
https://www.truehomes.com/new-construction-homes/move-in-ready/182-nashua-dr-louisburg-nc-27549,,Lake Royale,35.9790,-78.1925,"182 Nashua Dr, Louisburg, NC 27549",Louisburg,NC,27549,,,,https://www.truehomes.com,Sold,True Homes,,,,,,,,,,,,,,,,,,,,,,,,The Kipling - Lot #2567,,3,2,1,2931,414900,,,,,,"This semi-custom 2-car garage Kipling floorplan offers nearly 3,000 sq. ft. of flexible living space with upgraded features throughout. The main level welcomes you with a private study, separate dining, well-appointed kitchen, and large great room. Upstairs includes a bonus room, convenient laundry room, two secondary bedrooms, and a full bath. The expansive primary suite features a generous luxury bathroom with garden tub and separate walk-in shower. . Located within the gated Lake Royale community—known for its lake amenities, outdoor recreation, and resort-style setting—this home offers comfort, versatility, and modern style in a sought-after location.",3,2,1,2,,,,2931,,414900,,,,,,,"https://irp.cdn-website.com/28156074/dms3rep/multi/Kipling+2813+EL2+CKL+%283%29.jpg,https://irp.cdn-website.com/28156074/dms3rep/multi/Kipling+2813+EL2+CKL+%284%29.jpg,https://irp.cdn-website.com/28156074/dms3rep/multi/Kipling+2813+EL2+CKL+%285%29.jpg,https://irp.cdn-website.com/28156074/dms3rep/multi/Kipling+2813+EL2+CKL+%286%29.jpg,https://irp.cdn-website.com/28156074/dms3rep/multi/Kipling+2813+EL2+CKL+%287%29.jpg,https://irp.cdn-website.com/28156074/dms3rep/multi/Kipling+2813+EL2+CKL+%288%29.jpg,https://irp.cdn-website.com/28156074/dms3rep/multi/Kipling+2813+EL2+CKL+%289%29.jpg,https://irp.cdn-website.com/28156074/dms3rep/multi/Kipling+2813+EL2+CKL+%2810%29.jpg,https://irp.cdn-website.com/28156074/dms3rep/multi/Kipling+2813+EL2+CKL+%2811%29.jpg,https://irp.cdn-website.com/28156074/dms3rep/multi/Kipling+2813+EL2+CKL+%2812%29.jpg,https://irp.cdn-website.com/28156074/dms3rep/multi/Kipling+2813+EL2+CKL+%2813%29.jpg,https://irp.cdn-website.com/28156074/dms3rep/multi/Kipling+2813+EL2+CKL+%2814%29.jpg,https://irp.cdn-website.com/28156074/dms3rep/multi/Kipling+2813+EL2+CKL+%2815%29.jpg,https://irp.cdn-website.com/28156074/dms3rep/multi/Kipling+2813+EL2+CKL+%2816%29.jpg,https://irp.cdn-website.com/28156074/dms3rep/multi/Kipling+2813+EL2+CKL+%2817%29.jpg,https://irp.cdn-website.com/28156074/dms3rep/multi/Kipling+2813+EL2+CKL+%2818%29.jpg,https://irp.cdn-website.com/28156074/dms3rep/multi/Kipling+2813+EL2+CKL+%2819%29.jpg,https://irp.cdn-website.com/28156074/dms3rep/multi/Kipling+2813+EL2+CKL+%2820%29.jpg,https://irp.cdn-website.com/28156074/dms3rep/multi/Kipling+2813+EL2+CKL+%2821%29.jpg,https://irp.cdn-website.com/28156074/dms3rep/multi/Kipling+2813+EL2+CKL+%2822%29.jpg,https://irp.cdn-website.com/28156074/dms3rep/multi/Kipling+2813+EL2+CKL+%2823%29.jpg,https://irp.cdn-website.com/28156074/dms3rep/multi/Kipling+2813+EL2+CKL+%2824%29.jpg,https://irp.cdn-website.com/28156074/dms3rep/multi/Kipling+2813+EL2+CKL+%2825%29.jpg,https://irp.cdn-website.com/28156074/dms3rep/multi/Kipling+2813+EL2+CKL+%2826%29.jpg,https://irp.cdn-website.com/28156074/dms3rep/multi/Kipling+2813+EL2+CKL+%2827%29.jpg"
https://www.truehomes.com/new-construction-homes/move-in-ready/175-nathan-dr-lillington-nc-27546,,Nathans Ridge,35.4398,-78.8030,"175 Nathan Dr, Lillington, NC 27546",Lillington,NC,27546,,,,https://www.truehomes.com,Sold,True Homes,,,,,,,,,,,,,,,,,,,,,,,,The Kipling - Lot #30,,5,3,,2820,384900,,,,,,"Experience the spacious 5 BR / 3 Bath Kipling plan, a quick move-in opportunity completing in March. Offering modern comfort and flexibility, this semi-custom home showcases an open-concept great room, a chef-inspired kitchen with quartz counters, and a convenient guest bedroom on the main level. Upstairs features a large game room, well-designed secondary bedrooms, and a private primary suite with an expansive walk-in closet and ensuite. With thoughtful upgrades, ample storage, and a 2-car garage, this home delivers exceptional functionality for today's lifestyle.",5,3,,2,,,,2820,,384900,,,,,,,"https://irp.cdn-website.com/28156074/dms3rep/multi/NTR+30+Kipling+2817+EL1+IC+%283%29.jpg,https://irp.cdn-website.com/28156074/dms3rep/multi/NTR+30+Kipling+2817+EL1+IC+%286%29.jpg,https://irp.cdn-website.com/28156074/dms3rep/multi/NTR+30+Kipling+2817+EL1+IC+%287%29.jpg,https://irp.cdn-website.com/28156074/dms3rep/multi/NTR+30+Kipling+2817+EL1+IC+%288%29.jpg,https://irp.cdn-website.com/28156074/dms3rep/multi/NTR+30+Kipling+2817+EL1+IC+%289%29.jpg,https://irp.cdn-website.com/28156074/dms3rep/multi/NTR+30+Kipling+2817+EL1+IC+%2810%29.jpg,https://irp.cdn-website.com/28156074/dms3rep/multi/NTR+30+Kipling+2817+EL1+IC+%2811%29.jpg,https://irp.cdn-website.com/28156074/dms3rep/multi/NTR+30+Kipling+2817+EL1+IC+%2812%29.jpg,https://irp.cdn-website.com/28156074/dms3rep/multi/NTR+30+Kipling+2817+EL1+IC+%2813%29.jpg,https://irp.cdn-website.com/28156074/dms3rep/multi/NTR+30+Kipling+2817+EL1+IC+%2814%29.jpg,https://irp.cdn-website.com/28156074/dms3rep/multi/NTR+30+Kipling+2817+EL1+IC+%2815%29.jpg,https://irp.cdn-website.com/28156074/dms3rep/multi/NTR+30+Kipling+2817+EL1+IC+%2816%29.jpg,https://irp.cdn-website.com/28156074/dms3rep/multi/NTR+30+Kipling+2817+EL1+IC+%2817%29.jpg,https://irp.cdn-website.com/28156074/dms3rep/multi/NTR+30+Kipling+2817+EL1+IC+%2818%29.jpg,https://irp.cdn-website.com/28156074/dms3rep/multi/NTR+30+Kipling+2817+EL1+IC+%2819%29.jpg,https://irp.cdn-website.com/28156074/dms3rep/multi/NTR+30+Kipling+2817+EL1+IC+%2820%29.jpg,https://irp.cdn-website.com/28156074/dms3rep/multi/NTR+30+Kipling+2817+EL1+IC+%2821%29.jpg,https://irp.cdn-website.com/28156074/dms3rep/multi/NTR+30+Kipling+2817+EL1+IC+%2822%29.jpg,https://irp.cdn-website.com/28156074/dms3rep/multi/NTR+30+Kipling+2817+EL1+IC+%2823%29.jpg,https://irp.cdn-website.com/28156074/dms3rep/multi/NTR+30+Kipling+2817+EL1+IC+%2824%29.jpg,https://irp.cdn-website.com/28156074/dms3rep/multi/NTR+30+Kipling+2817+EL1+IC+%2825%29.jpg,https://irp.cdn-website.com/28156074/dms3rep/multi/NTR+30+Kipling+2817+EL1+IC+%2826%29.jpg,https://irp.cdn-website.com/28156074/dms3rep/multi/NTR+30+Kipling+2817+EL1+IC+%2827%29.jpg,https://irp.cdn-website.com/28156074/dms3rep/multi/NTR+30+Kipling+2817+EL1+IC+%2828%29.jpg,https://irp.cdn-website.com/28156074/dms3rep/multi/NTR+30+Kipling+2817+EL1+IC+%2829%29.jpg,https://irp.cdn-website.com/28156074/dms3rep/multi/NTR+30+Kipling+2817+EL1+IC+%2830%29.jpg,https://irp.cdn-website.com/28156074/dms3rep/multi/NTR+30+Kipling+2817+EL1+IC+%2831%29.jpg,https://irp.cdn-website.com/28156074/dms3rep/multi/NTR+30+Kipling+2817+EL1+IC+%2832%29.jpg,https://irp.cdn-website.com/28156074/dms3rep/multi/NTR+30+Kipling+2817+EL1+IC+%2833%29.jpg,https://irp.cdn-website.com/28156074/dms3rep/multi/NTR+30+Kipling+2817+EL1+IC+%2834%29.jpg"
https://www.truehomes.com/new-construction-homes/move-in-ready/127-s-buggy-dr-benson-nc-27504,,Benson Village,35.3807,-78.5588,"127 S Buggy Dr, Benson, NC 27504",Benson,NC,27504,,,,https://www.truehomes.com,Sold,True Homes,,,,,,,,,,,,,,,,,,,,,,,,The Whitney - Lot #158,,5,3,,2300,359900,,,,,,"Quick Move-In | The Whitney - Available April The Whitney is a quick move-in home offering approximately 2,300 sq ft, 5 bedrooms, and 3 full bathrooms. This versatile layout is designed for flexibility and everyday functionality. The first floor features a private secondary bedroom suite near the entry, along with an open Dining Area, well-appointed Kitchen, and expansive Great Room. A built-in pantry and bench are conveniently located near the entry from the 2-car garage. Upstairs, a spacious Loft provides additional living space. The Primary Suite includes a generous bath and walk-in closet. Three additional bedrooms, a full bath, and a dedicated Laundry Room complete the second floor, offering practical design and comfortable living throughout.",5,3,,2,,,,2300,,359900,,,,,,,"https://irp.cdn-website.com/28156074/dms3rep/multi/CRF+38+Whitney+2290+EA2+%283%29_REP.jpg,https://irp.cdn-website.com/28156074/dms3rep/multi/CRF+38+Whitney+2290+EA2+%284%29_REP.jpg,https://irp.cdn-website.com/28156074/dms3rep/multi/CRF+38+Whitney+2290+EA2+%285%29_REP.jpg,https://irp.cdn-website.com/28156074/dms3rep/multi/CRF+38+Whitney+2290+EA2+%286%29_REP.jpg,https://irp.cdn-website.com/28156074/dms3rep/multi/CRF+38+Whitney+2290+EA2+%287%29_REP.jpg,https://irp.cdn-website.com/28156074/dms3rep/multi/CRF+38+Whitney+2290+EA2+%288%29_REP.jpg,https://irp.cdn-website.com/28156074/dms3rep/multi/CRF+38+Whitney+2290+EA2+%289%29_REP.jpg,https://irp.cdn-website.com/28156074/dms3rep/multi/CRF+38+Whitney+2290+EA2+%2810%29_REP.jpg,https://irp.cdn-website.com/28156074/dms3rep/multi/CRF+38+Whitney+2290+EA2+%2811%29_REP.jpg,https://irp.cdn-website.com/28156074/dms3rep/multi/CRF+38+Whitney+2290+EA2+%2812%29_REP.jpg,https://irp.cdn-website.com/28156074/dms3rep/multi/CRF+38+Whitney+2290+EA2+%2813%29_REP.jpg,https://irp.cdn-website.com/28156074/dms3rep/multi/CRF+38+Whitney+2290+EA2+%2814%29_REP.jpg,https://irp.cdn-website.com/28156074/dms3rep/multi/CRF+38+Whitney+2290+EA2+%2815%29_REP.jpg,https://irp.cdn-website.com/28156074/dms3rep/multi/CRF+38+Whitney+2290+EA2+%2816%29_REP.jpg,https://irp.cdn-website.com/28156074/dms3rep/multi/CRF+38+Whitney+2290+EA2+%2817%29_REP.jpg,https://irp.cdn-website.com/28156074/dms3rep/multi/CRF+38+Whitney+2290+EA2+%2818%29_REP.jpg,https://irp.cdn-website.com/28156074/dms3rep/multi/CRF+38+Whitney+2290+EA2+%2819%29_REP.jpg,https://irp.cdn-website.com/28156074/dms3rep/multi/CRF+38+Whitney+2290+EA2+%2820%29_REP.jpg,https://irp.cdn-website.com/28156074/dms3rep/multi/CRF+38+Whitney+2290+EA2+%2821%29_REP.jpg,https://irp.cdn-website.com/28156074/dms3rep/multi/CRF+38+Whitney+2290+EA2+%2822%29_REP.jpg,https://irp.cdn-website.com/28156074/dms3rep/multi/CRF+38+Whitney+2290+EA2+%2823%29_REP.jpg,https://irp.cdn-website.com/28156074/dms3rep/multi/CRF+38+Whitney+2290+EA2+%2824%29_REP.jpg"
https://www.truehomes.com/new-construction-homes/move-in-ready/147-tangle-river-dr-statesville-nc-28677,,Wheatfield Estates,35.6980,-80.8076,"147 Tangle River Dr, Statesville, NC 28677",Statesville,NC,28677,,,,https://www.truehomes.com,Sold,True Homes,,,,,,,,,,,,,,,,,,,,,,,,The TA4000 - Lot #46,,5,4,,3945,539900,,,,,,"The TA4000 in the sought-after Wheatfield community. This spacious 3,945 sq. ft. floor plan offers 5 bedrooms, 4 bathrooms, and an open-concept design perfect for various lifestyles. The dining room seamlessly connects to the well-appointed Kitchen, featuring a large extended island, walk-in pantry, and ample storage, as well as the grand great room with electric fireplace. A private Study provides a quiet workspace, while a guest suite on the main floor and full bath provides a retreat for guests. The second floor boasts a luxurious Primary Suite with a spa-inspired bath, plus 2 additional bedrooms, separate office with closet that could be used as another bedroom, and a versatile Game Room.",5,4,,2,,,,3945,,539900,,,,,,,"https://irp.cdn-website.com/28156074/dms3rep/multi/HDL+286+TA4000+3940+EB3+IO+%284%29-05REP.JPG,https://irp.cdn-website.com/28156074/dms3rep/multi/HDL+286+TA4000+3940+EB3+IO+%285%29-06REP.JPG,https://irp.cdn-website.com/28156074/dms3rep/multi/HDL+286+TA4000+3940+EB3+IO+%286%29-07REP.JPG,https://irp.cdn-website.com/28156074/dms3rep/multi/HDL+286+TA4000+3940+EB3+IO+%287%29-08REP.JPG,https://irp.cdn-website.com/28156074/dms3rep/multi/HDL+286+TA4000+3940+EB3+IO+%288%29-09REP.JPG,https://irp.cdn-website.com/28156074/dms3rep/multi/HDL+286+TA4000+3940+EB3+IO+%289%29-11REP.JPG,https://irp.cdn-website.com/28156074/dms3rep/multi/HDL+286+TA4000+3940+EB3+IO+%2811%29-13REP.JPG,https://irp.cdn-website.com/28156074/dms3rep/multi/HDL+286+TA4000+3940+EB3+IO+%2812%29-14REP.JPG,https://irp.cdn-website.com/28156074/dms3rep/multi/HDL+286+TA4000+3940+EB3+IO+%2813%29-15REP.JPG,https://irp.cdn-website.com/28156074/dms3rep/multi/HDL+286+TA4000+3940+EB3+IO+%2814%29-16REP.JPG,https://irp.cdn-website.com/28156074/dms3rep/multi/HDL+286+TA4000+3940+EB3+IO+%2815%29-17REP.JPG,https://irp.cdn-website.com/28156074/dms3rep/multi/HDL+286+TA4000+3940+EB3+IO+%2816%29-18REP.JPG,https://irp.cdn-website.com/28156074/dms3rep/multi/HDL+286+TA4000+3940+EB3+IO+%2818%29-20REP.JPG,https://irp.cdn-website.com/28156074/dms3rep/multi/HDL+286+TA4000+3940+EB3+IO+%2819%29-21REP.JPG,https://irp.cdn-website.com/28156074/dms3rep/multi/HDL+286+TA4000+3940+EB3+IO+%2820%29-22REP.JPG,https://irp.cdn-website.com/28156074/dms3rep/multi/HDL+286+TA4000+3940+EB3+IO+%2821%29-23REP.JPG,https://irp.cdn-website.com/28156074/dms3rep/multi/HDL+286+TA4000+3940+EB3+IO+%2822%29-25REP.JPG,https://irp.cdn-website.com/28156074/dms3rep/multi/HDL+286+TA4000+3940+EB3+IO+%2824%29-27REP.JPG,https://irp.cdn-website.com/28156074/dms3rep/multi/HDL+286+TA4000+3940+EB3+IO+%2826%29-29REP.JPG,https://irp.cdn-website.com/28156074/dms3rep/multi/HDL+286+TA4000+3940+EB3+IO+%2827%29-30REP.JPG,https://irp.cdn-website.com/28156074/dms3rep/multi/HDL+286+TA4000+3940+EB3+IO+%2828%29-31REP.JPG,https://irp.cdn-website.com/28156074/dms3rep/multi/HDL+286+TA4000+3940+EB3+IO+%2829%29-32REP.JPG,https://irp.cdn-website.com/28156074/dms3rep/multi/HDL+286+TA4000+3940+EB3+IO+%2830%29-33REP.JPG,https://irp.cdn-website.com/28156074/dms3rep/multi/HDL+286+TA4000+3940+EB3+IO+%2831%29-34REP.JPG,https://irp.cdn-website.com/28156074/dms3rep/multi/HDL+286+TA4000+3940+EB3+IO+%2832%29-35REP.JPG,https://irp.cdn-website.com/28156074/dms3rep/multi/HDL+286+TA4000+3940+EB3+IO+%2834%29-37REP.JPG,https://irp.cdn-website.com/28156074/dms3rep/multi/HDL+286+TA4000+3940+EB3+IO+%2837%29-38REP.JPG,https://irp.cdn-website.com/28156074/dms3rep/multi/HDL+286+TA4000+3940+EB3+IO+%2838%29-39REP.JPG,https://irp.cdn-website.com/28156074/dms3rep/multi/HDL+286+TA4000+3940+EB3+IO+%2839%29-40REP.JPG,https://irp.cdn-website.com/28156074/dms3rep/multi/HDL+286+TA4000+3940+EB3+IO+%2840%29-41REP.JPG"
https://www.truehomes.com/new-construction-homes/move-in-ready/66-cedarbranch-way-erwin-nc-28339,,Masons Mill,35.3268,-78.6761,"66 CEDARBRANCH WAY, Erwin, NC 28339",Erwin,NC,28339,,,,https://www.truehomes.com,Available,True Homes,,,,,,,,,,,,,,,,,,,,,,,,The Shepherd - Lot #192,,4,2,1,2078,299900,,,,,,"This home is based on the Shepherd plan. Discover The Shepherd, a versatile floorplan ranging in size from 2,078 square feet, featuring 4 Bedrooms and 2.5 Bathrooms to accommodate diverse family needs. On the first floor, you'll find a spacious entryway, a convenient Half Bathroom, an expansive Great Room, a Dining Area, and a well-appointed Kitchen. Additionally, a Pantry is conveniently located near the entry to your 2-car Garage, providing ample storage space. On the second floor, you are welcomed into a large Loft area, which offers a flexible space for various activities. Heading into the Primary Bedroom, you'll discover a spacious Bathroom with a Walk-In Shower and an expansive Walk-In Closet, creating a personal oasis for homeowners. You'll also find three more Bedrooms and an additional Bathroom on this floor, as well as a dedicated Laundry Room for added convenience. The Shepherd design is highly adaptable, with various customization options to align with your personal preferences. Create a home that suits your lifestyle and family dynamics, tailoring it with the features and options that make The Shepherd your perfect space to call home.",4,2,1,2,,,,2078,,299900,,,,,,,"https://irp.cdn-website.com/28156074/dms3rep/multi/3-web-or-mls-003_REP-7c339a84.jpg,https://irp.cdn-website.com/28156074/dms3rep/multi/5-web-or-mls-005_REP-8b14f030.jpg,https://irp.cdn-website.com/28156074/dms3rep/multi/6-web-or-mls-006_REP-6e3e01a7.jpg,https://irp.cdn-website.com/28156074/dms3rep/multi/7-web-or-mls-007_REP-bf9755f8.jpg,https://irp.cdn-website.com/28156074/dms3rep/multi/8-web-or-mls-008_REP-8283505e.jpg,https://irp.cdn-website.com/28156074/dms3rep/multi/9-web-or-mls-009_REP-af83f7f3.jpg,https://irp.cdn-website.com/28156074/dms3rep/multi/10-web-or-mls-010_REP-a2d7afad.jpg,https://irp.cdn-website.com/28156074/dms3rep/multi/11-web-or-mls-011_REP-a733d284.jpg,https://irp.cdn-website.com/28156074/dms3rep/multi/12-web-or-mls-012_REP-36d55a21.jpg,https://irp.cdn-website.com/28156074/dms3rep/multi/13-web-or-mls-013_REP-e0669752.jpg,https://irp.cdn-website.com/28156074/dms3rep/multi/14-web-or-mls-014_REP-a017d986.jpg,https://irp.cdn-website.com/28156074/dms3rep/multi/15-web-or-mls-015_REP-505f0566.jpg,https://irp.cdn-website.com/28156074/dms3rep/multi/16-web-or-mls-016_REP-fe48a959.jpg,https://irp.cdn-website.com/28156074/dms3rep/multi/17-web-or-mls-017_REP-d8c7eb44.jpg,https://irp.cdn-website.com/28156074/dms3rep/multi/18-web-or-mls-018_REP-c0e40bc8.jpg,https://irp.cdn-website.com/28156074/dms3rep/multi/19-web-or-mls-019_REP-9ce1ecb7.jpg,https://irp.cdn-website.com/28156074/dms3rep/multi/20-web-or-mls-020_REP-66b32b07.jpg,https://irp.cdn-website.com/28156074/dms3rep/multi/21-web-or-mls-021_REP-5110f09b.jpg,https://irp.cdn-website.com/28156074/dms3rep/multi/22-web-or-mls-022_REP-44c7850f.jpg"
https://www.truehomes.com/new-construction-homes/move-in-ready/319-jubilee-way-pageland-sc-29728,,Eagles Crest,34.7592,-80.3579,"319 Jubilee Way, Pageland, SC 29728",Pageland,SC,29728,,,,https://www.truehomes.com,Sold,True Homes,,,,,,,,,,,,,,,,,,,,,,,,The Hudson - Lot #67,,3,2,1,2201,324900,,,,,,"Quick Move-In Ready Now! The semi-custom Hudson plan offers 3 bedrooms, 2.5 baths, and 2,201 square feet of open living space with modern finishes throughout. The large great room flows seamlessly into the dining area and kitchen, creating a perfect space for relaxation and entertaining. Work from home in your private study on the main floor. Upstairs, the spacious primary bedroom with ensuite features a sitting room, two additional bedrooms, a full bath, convenient laundry room, and versatile game room. Located at Eagle’s Crest, just 50 minutes from Charlotte, NC, and 28 minutes from Monroe, NC, this community provides the ideal mix of small-town charm and easy access to shopping, dining, and entertainment, making it a prime location for today’s lifestyle.",3,2,1,2,,,,2201,,324900,,,,,,,"https://irp.cdn-website.com/28156074/dms3rep/multi/HRB+2+Model+Hudson+2013+EF2P+I+%283%29_REP.jpg,https://irp.cdn-website.com/28156074/dms3rep/multi/HRB+2+Model+Hudson+2013+EF2P+I+%284%29_REP.jpg,https://irp.cdn-website.com/28156074/dms3rep/multi/HRB+2+Model+Hudson+2013+EF2P+I+%285%29_REP.jpg,https://irp.cdn-website.com/28156074/dms3rep/multi/HRB+2+Model+Hudson+2013+EF2P+I+%286%29_REP.jpg,https://irp.cdn-website.com/28156074/dms3rep/multi/HRB+2+Model+Hudson+2013+EF2P+I+%287%29_REP.jpg,https://irp.cdn-website.com/28156074/dms3rep/multi/HRB+2+Model+Hudson+2013+EF2P+I+%288%29_REP-87dbd3ec.jpg,https://irp.cdn-website.com/28156074/dms3rep/multi/HRB+2+Model+Hudson+2013+EF2P+I+%289%29_REP-e2ac5f2a.jpg,https://irp.cdn-website.com/28156074/dms3rep/multi/HRB+2+Model+Hudson+2013+EF2P+I+%2810%29_REP-d66bf947.jpg,https://irp.cdn-website.com/28156074/dms3rep/multi/HRB+2+Model+Hudson+2013+EF2P+I+%2811%29_REP-8e383e60.jpg,https://irp.cdn-website.com/28156074/dms3rep/multi/HRB+2+Model+Hudson+2013+EF2P+I+%2812%29_REP-9190ed81.jpg,https://irp.cdn-website.com/28156074/dms3rep/multi/HRB+2+Model+Hudson+2013+EF2P+I+%2813%29_REP-4acff1bd.jpg,https://irp.cdn-website.com/28156074/dms3rep/multi/HRB+2+Model+Hudson+2013+EF2P+I+%2814%29_REP-3b079b4d.jpg,https://irp.cdn-website.com/28156074/dms3rep/multi/HRB+2+Model+Hudson+2013+EF2P+I+%2815%29_REP-2ada9412.jpg,https://irp.cdn-website.com/28156074/dms3rep/multi/HRB+2+Model+Hudson+2013+EF2P+I+%2816%29_REP-90026418.jpg,https://irp.cdn-website.com/28156074/dms3rep/multi/HRB+2+Model+Hudson+2013+EF2P+I+%2817%29_REP-4f929e5b.jpg,https://irp.cdn-website.com/28156074/dms3rep/multi/HRB+2+Model+Hudson+2013+EF2P+I+%2818%29_REP-2039c372.jpg,https://irp.cdn-website.com/28156074/dms3rep/multi/HRB+2+Model+Hudson+2013+EF2P+I+%2819%29_REP-2c138e17.jpg,https://irp.cdn-website.com/28156074/dms3rep/multi/HRB+2+Model+Hudson+2013+EF2P+I+%2820%29_REP-04782d94.jpg,https://irp.cdn-website.com/28156074/dms3rep/multi/HRB+2+Model+Hudson+2013+EF2P+I+%2821%29_REP-72b9a778.jpg,https://irp.cdn-website.com/28156074/dms3rep/multi/HRB+2+Model+Hudson+2013+EF2P+I+%2822%29_REP-670ae9f8.jpg"
https://www.truehomes.com/new-construction-homes/move-in-ready/310-jubilee-way-pageland-sc-29728,,Eagles Crest,34.7586,-80.3586,"310 Jubilee Way, Pageland, SC 29728",Pageland,SC,29728,,,,https://www.truehomes.com,Sold,True Homes,,,,,,,,,,,,,,,,,,,,,,,,The Shaw - Lot #76,,3,2,,1454,314900,,,,,,"Immediate Move-In Opportunity! The Shaw 3BR / 2 BA ranch floorplan with 1,454 square feet, features open kitchen with combined dining, large open great room, and spacious bedrooms, including large primary with tray ceiling and ensuite. Eagle's Crest combines the best of modern living with an unbeatable central location – all at an irresistible price point. Don't miss your chance to secure a spot in what promises to be a fast-selling community in Chesterfield County. Call us today to be a part of this exciting new chapter in Pageland, SC.",3,2,,1,,,,1454,,314900,,,,,,,"https://irp.cdn-website.com/28156074/dms3rep/multi/ECT+33+Shaw+1461+HCMA3+IO+%285%29_REP-09295538.jpg,https://irp.cdn-website.com/28156074/dms3rep/multi/ECT+33+Shaw+1461+HCMA3+IO+%286%29_REP-dd3b4554.jpg,https://irp.cdn-website.com/28156074/dms3rep/multi/ECT+33+Shaw+1461+HCMA3+IO+%287%29_REP-5ec0ade0.jpg,https://irp.cdn-website.com/28156074/dms3rep/multi/ECT+33+Shaw+1461+HCMA3+IO+%288%29_REP-b497aeac.jpg,https://irp.cdn-website.com/28156074/dms3rep/multi/ECT+33+Shaw+1461+HCMA3+IO+%289%29_REP-678496e8.jpg,https://irp.cdn-website.com/28156074/dms3rep/multi/ECT+33+Shaw+1461+HCMA3+IO+%2810%29_REP-41f64f5c.jpg,https://irp.cdn-website.com/28156074/dms3rep/multi/ECT+33+Shaw+1461+HCMA3+IO+%2811%29_REP-2af07298.jpg,https://irp.cdn-website.com/28156074/dms3rep/multi/ECT+33+Shaw+1461+HCMA3+IO+%2812%29_REP-4811bd21.jpg,https://irp.cdn-website.com/28156074/dms3rep/multi/ECT+33+Shaw+1461+HCMA3+IO+%2813%29_REP-9b9cb59d.jpg,https://irp.cdn-website.com/28156074/dms3rep/multi/ECT+33+Shaw+1461+HCMA3+IO+%2814%29_REP-4421c6a4.jpg,https://irp.cdn-website.com/28156074/dms3rep/multi/ECT+33+Shaw+1461+HCMA3+IO+%2815%29_REP-4682a7e2.jpg,https://irp.cdn-website.com/28156074/dms3rep/multi/ECT+33+Shaw+1461+HCMA3+IO+%2816%29_REP-1fafb9d9.jpg,https://irp.cdn-website.com/28156074/dms3rep/multi/ECT+33+Shaw+1461+HCMA3+IO+%2817%29_REP-4ae941df.jpg,https://irp.cdn-website.com/28156074/dms3rep/multi/ECT+33+Shaw+1461+HCMA3+IO+%2818%29_REP-a4141829.jpg,https://irp.cdn-website.com/28156074/dms3rep/multi/ECT+33+Shaw+1461+HCMA3+IO+%2819%29_REP-8658e853.jpg,https://irp.cdn-website.com/28156074/dms3rep/multi/ECT+33+Shaw+1461+HCMA3+IO+%2820%29_REP-1e43a06a.jpg,https://irp.cdn-website.com/28156074/dms3rep/multi/ECT+33+Shaw+1461+HCMA3+IO+%2821%29_REP-5ac167e3.jpg,https://irp.cdn-website.com/28156074/dms3rep/multi/ECT+33+Shaw+1461+HCMA3+IO+%2822%29_REP-e36ce779.jpg,https://irp.cdn-website.com/28156074/dms3rep/multi/ECT+33+Shaw+1461+HCMA3+IO+%2823%29_REP-92e369e1.jpg,https://irp.cdn-website.com/28156074/dms3rep/multi/ECT+33+Shaw+1461+HCMA3+IO+%2824%29_REP-13a76678.jpg"
https://www.truehomes.com/new-construction-homes/move-in-ready/2413-morgan-hills-drive-albemarle-nc-28001,,Morgan Hills,35.3321,-80.2104,"2413 Morgan Hills Drive, Albemarle, NC 28001",Albemarle,NC,28001,,,,https://www.truehomes.com,Available,True Homes,,,,,,,,,,,,,,,,,,,,,,,,The Aria - Lot #304,,3,2,1,1723,319900,,,,,,"Quick Move-In Home! This Aria 3BR / 2.5 BA features 1723 square feet of open living. Main level features great room, open dining area, and well-appointed kitchen with upgraded tile backsplash, quartz counters, and cabinetry. The second level features large primary with ensuite, loft, spacious secondary bedrooms, additional bath, and laundry. Home also features 2-car garage.",3,2,1,2,,,,1723,,319900,,,,,,,"https://irp.cdn-website.com/28156074/dms3rep/multi/MR179+Aria1720+%281%29-13REP-13bc5d60.jpg,https://irp.cdn-website.com/28156074/dms3rep/multi/MR179+Aria1720+%284%29-16REP-fb3cb51d.JPG,https://irp.cdn-website.com/28156074/dms3rep/multi/MR179+Aria1720+%285%29-17REP-52615996.JPG,https://irp.cdn-website.com/28156074/dms3rep/multi/MR179+Aria1720+%286%29-18REP-c7ba0453.JPG,https://irp.cdn-website.com/28156074/dms3rep/multi/MR179+Aria1720+%287%29-19REP-af154a71.JPG,https://irp.cdn-website.com/28156074/dms3rep/multi/MR179+Aria1720+%288%29-20REP-e3a3dabc.JPG,https://irp.cdn-website.com/28156074/dms3rep/multi/MR179+Aria1720+%289%29-01REP-f180e76d.JPG,https://irp.cdn-website.com/28156074/dms3rep/multi/MR179+Aria1720+%2810%29-02REP-be746ef7.JPG,https://irp.cdn-website.com/28156074/dms3rep/multi/MR179+Aria1720+%2811%29-03REP-d2384905.JPG,https://irp.cdn-website.com/28156074/dms3rep/multi/MR179+Aria1720+%2812%29-04REP-8ae2f1ec.JPG,https://irp.cdn-website.com/28156074/dms3rep/multi/MR179+Aria1720+%2813%29-05REP-380c1fcc.JPG,https://irp.cdn-website.com/28156074/dms3rep/multi/MR179+Aria1720+%2814%29-06REP-c1376e04.JPG,https://irp.cdn-website.com/28156074/dms3rep/multi/MR179+Aria1720+%2815%29-07REP-3e48bb87.JPG,https://irp.cdn-website.com/28156074/dms3rep/multi/MR179+Aria1720+%2816%29-08REP-a1ce0e29.JPG,https://irp.cdn-website.com/28156074/dms3rep/multi/MR179+Aria1720+%2817%29-09REP-89df3f02.JPG,https://irp.cdn-website.com/28156074/dms3rep/multi/MR179+Aria1720+%2818%29-10REP-50cbccd5.JPG"
https://www.truehomes.com/new-construction-homes/move-in-ready/2402-morgan-hills-drive-albemarle-nc-28001,,Morgan Hills,35.3328,-80.2098,"2402 Morgan Hills Drive, Albemarle, NC 28001",Albemarle,NC,28001,,,,https://www.truehomes.com,Sold,True Homes,,,,,,,,,,,,,,,,,,,,,,,,The TA1800 - Lot #290,,3,2,1,1843,319900,,,,,,"Quick Move-In Home! 3BR / 2.5 BA features 1843 square feet of open living. Main level features great room, open dining area, and well-appointed kitchen with upgraded tile backsplash, quartz counters, and cabinetry. The second level features large primary with ensuite, loft, spacious secondary bedrooms, additional bath, and laundry. Home also features 2-car garage.",3,2,1,2,,,,1843,,319900,,,,,,,"https://irp.cdn-website.com/28156074/dms3rep/multi/TGWE_25_Aria_1720_ID3_IO+%283%29_REP-4df292d4.jpg,https://irp.cdn-website.com/28156074/dms3rep/multi/TGWE_25_Aria_1720_ID3_IO+%284%29_REP-1cb5a903.jpg,https://irp.cdn-website.com/28156074/dms3rep/multi/TGWE_25_Aria_1720_ID3_IO+%285%29_REP-47f8ee16.jpg,https://irp.cdn-website.com/28156074/dms3rep/multi/TGWE_25_Aria_1720_ID3_IO+%286%29_REP-142dfdbe.jpg,https://irp.cdn-website.com/28156074/dms3rep/multi/TGWE_25_Aria_1720_ID3_IO+%287%29_REP-13cfb3d7.jpg,https://irp.cdn-website.com/28156074/dms3rep/multi/TGWE_25_Aria_1720_ID3_IO+%288%29_REP-7aac050f.jpg,https://irp.cdn-website.com/28156074/dms3rep/multi/TGWE_25_Aria_1720_ID3_IO+%289%29_REP-4487bce9.jpg,https://irp.cdn-website.com/28156074/dms3rep/multi/TGWE_25_Aria_1720_ID3_IO+%2810%29_REP-ce69bd68.jpg,https://irp.cdn-website.com/28156074/dms3rep/multi/TGWE_25_Aria_1720_ID3_IO+%2811%29_REP-10bce2b9.jpg,https://irp.cdn-website.com/28156074/dms3rep/multi/TGWE_25_Aria_1720_ID3_IO+%2812%29_REP-eab0f098.jpg,https://irp.cdn-website.com/28156074/dms3rep/multi/TGWE_25_Aria_1720_ID3_IO+%2813%29_REP-1e92d9d3.jpg,https://irp.cdn-website.com/28156074/dms3rep/multi/TGWE_25_Aria_1720_ID3_IO+%2814%29_REP-a68a6b9e.jpg,https://irp.cdn-website.com/28156074/dms3rep/multi/TGWE_25_Aria_1720_ID3_IO+%2815%29_REP-3b9bcc41.jpg,https://irp.cdn-website.com/28156074/dms3rep/multi/TGWE_25_Aria_1720_ID3_IO+%2816%29_REP-d8f1beb9.jpg,https://irp.cdn-website.com/28156074/dms3rep/multi/TGWE_25_Aria_1720_ID3_IO+%2817%29_REP-f710d5a3.jpg,https://irp.cdn-website.com/28156074/dms3rep/multi/TGWE_25_Aria_1720_ID3_IO+%2818%29_REP-50764f4b.jpg,https://irp.cdn-website.com/28156074/dms3rep/multi/TGWE_25_Aria_1720_ID3_IO+%2819%29_REP-42bc39ac.jpg,https://irp.cdn-website.com/28156074/dms3rep/multi/TGWE_25_Aria_1720_ID3_IO+%2820%29_REP-cbc37f07.jpg,https://irp.cdn-website.com/28156074/dms3rep/multi/TGWE_25_Aria_1720_ID3_IO+%2821%29_REP-1c63a7ed.jpg,https://irp.cdn-website.com/28156074/dms3rep/multi/TGWE_25_Aria_1720_ID3_IO+%2822%29_REP-32897978.jpg,https://irp.cdn-website.com/28156074/dms3rep/multi/TGWE_25_Aria_1720_ID3_IO+%2823%29_REP-8d8332ad.jpg"
https://www.truehomes.com/new-construction-homes/move-in-ready/1012-toland-dr-saint-george-sc-29477,,Reeves Crossing,33.1927,-80.5557,"1012 Toland Dr, Saint George, SC 29477",Saint George,SC,29477,,,,https://www.truehomes.com,Available,True Homes,,,,,,,,,,,,,,,,,,,,,,,,The TA3000 - Lot #36,,4,2,1,2970,374900,,,,,,"This thoughtfully designed semi-custom home offers approximately 2,970 sq ft with 4 bedrooms and 2.5 baths. The main level features a welcoming foyer with built-in bench, formal dining area, and Butler's pantry leading to a spacious kitchen with center island open to the Great Room, ideal for daily living and entertaining. A private study provides flexible workspace. Upstairs, a versatile loft, three secondary bedrooms, and full bath complement the luxurious primary suite with garden tub and walk-in closet. Upgraded features include quartz countertops, enhanced cabinetry, and a 3-car garage, creating a functional, stylish home.",4,2,1,2,,,,2970,,374900,,,,,,,"https://irp.cdn-website.com/28156074/dms3rep/multi/RSC+36+TA3000+2981+IO+%281%29.jpg,https://irp.cdn-website.com/28156074/dms3rep/multi/RSC+36+TA3000+2981+IO+%282%29.jpg,https://irp.cdn-website.com/28156074/dms3rep/multi/RSC+36+TA3000+2981+IO+%283%29.jpg,https://irp.cdn-website.com/28156074/dms3rep/multi/RSC+36+TA3000+2981+IO+%284%29.jpg,https://irp.cdn-website.com/28156074/dms3rep/multi/RSC+36+TA3000+2981+IO+%285%29.jpg,https://irp.cdn-website.com/28156074/dms3rep/multi/RSC+36+TA3000+2981+IO+%286%29.jpg,https://irp.cdn-website.com/28156074/dms3rep/multi/RSC+36+TA3000+2981+IO+%287%29.jpg,https://irp.cdn-website.com/28156074/dms3rep/multi/RSC+36+TA3000+2981+IO+%288%29.jpg,https://irp.cdn-website.com/28156074/dms3rep/multi/RSC+36+TA3000+2981+IO+%289%29.jpg,https://irp.cdn-website.com/28156074/dms3rep/multi/RSC+36+TA3000+2981+IO+%2810%29.jpg,https://irp.cdn-website.com/28156074/dms3rep/multi/RSC+36+TA3000+2981+IO+%2811%29.jpg,https://irp.cdn-website.com/28156074/dms3rep/multi/RSC+36+TA3000+2981+IO+%2812%29.jpg,https://irp.cdn-website.com/28156074/dms3rep/multi/RSC+36+TA3000+2981+IO+%2813%29.jpg,https://irp.cdn-website.com/28156074/dms3rep/multi/RSC+36+TA3000+2981+IO+%2814%29.jpg,https://irp.cdn-website.com/28156074/dms3rep/multi/RSC+36+TA3000+2981+IO+%2815%29.jpg,https://irp.cdn-website.com/28156074/dms3rep/multi/RSC+36+TA3000+2981+IO+%2816%29.jpg,https://irp.cdn-website.com/28156074/dms3rep/multi/RSC+36+TA3000+2981+IO+%2817%29.jpg"
https://www.truehomes.com/new-construction-homes/move-in-ready/2407-morgan-hills-drive-albemarle-nc-28001,,Morgan Hills,35.3323,-80.2100,"2407 Morgan Hills Drive, Albemarle, NC 28001",Albemarle,NC,28001,,,,https://www.truehomes.com,Sold,True Homes,,,,,,,,,,,,,,,,,,,,,,,,The TA1800 - Lot #307,,3,2,1,1843,314900,,,,,,"Quick Move-In Home! 3BR / 2.5 BA features 1843 square feet of open living. Main level features great room, open dining area, and well-appointed kitchen with upgraded tile backsplash, quartz counters, and cabinetry. The second level features large primary with ensuite, loft, spacious secondary bedrooms, additional bath, and laundry. Home also features 2-car garage.",3,2,1,2,,,,1843,,314900,,,,,,,"https://irp.cdn-website.com/28156074/dms3rep/multi/MR179+Aria1720+%284%29-16REP-fb3cb51d.JPG,https://irp.cdn-website.com/28156074/dms3rep/multi/MR179+Aria1720+%285%29-17REP-52615996.JPG,https://irp.cdn-website.com/28156074/dms3rep/multi/MR179+Aria1720+%286%29-18REP-c7ba0453.JPG,https://irp.cdn-website.com/28156074/dms3rep/multi/MR179+Aria1720+%287%29-19REP-af154a71.JPG,https://irp.cdn-website.com/28156074/dms3rep/multi/MR179+Aria1720+%288%29-20REP-e3a3dabc.JPG,https://irp.cdn-website.com/28156074/dms3rep/multi/MR179+Aria1720+%289%29-01REP-f180e76d.JPG,https://irp.cdn-website.com/28156074/dms3rep/multi/MR179+Aria1720+%2810%29-02REP-be746ef7.JPG,https://irp.cdn-website.com/28156074/dms3rep/multi/MR179+Aria1720+%2811%29-03REP-d2384905.JPG,https://irp.cdn-website.com/28156074/dms3rep/multi/MR179+Aria1720+%2812%29-04REP-8ae2f1ec.JPG,https://irp.cdn-website.com/28156074/dms3rep/multi/MR179+Aria1720+%2813%29-05REP-380c1fcc.JPG,https://irp.cdn-website.com/28156074/dms3rep/multi/MR179+Aria1720+%2814%29-06REP-c1376e04.JPG,https://irp.cdn-website.com/28156074/dms3rep/multi/MR179+Aria1720+%2815%29-07REP-3e48bb87.JPG,https://irp.cdn-website.com/28156074/dms3rep/multi/MR179+Aria1720+%2816%29-08REP-a1ce0e29.JPG,https://irp.cdn-website.com/28156074/dms3rep/multi/MR179+Aria1720+%2817%29-09REP-89df3f02.JPG,https://irp.cdn-website.com/28156074/dms3rep/multi/MR179+Aria1720+%2818%29-10REP-50cbccd5.JPG"
https://www.truehomes.com/new-construction-homes/move-in-ready/2405-morgan-hills-drive-albemarle-nc-28001,,Morgan Hills,35.3324,-80.2099,"2405 Morgan Hills Drive, Albemarle, NC 28001",Albemarle,NC,28001,,,,https://www.truehomes.com,Sold,True Homes,,,,,,,,,,,,,,,,,,,,,,,,The Aria - Lot #308,,3,2,1,1723,309900,,,,,,"Quick Move-In Home! This Aria 3BR / 2.5 BA features 1723 square feet of open living. Main level features great room, open dining area, and well-appointed kitchen with upgraded tile backsplash, quartz counters, and cabinetry. The second level features large primary with ensuite, loft, spacious secondary bedrooms, additional bath, and laundry. Home also features 2-car garage.",3,2,1,2,,,,1723,,309900,,,,,,,"https://irp.cdn-website.com/28156074/dms3rep/multi/MR179+Aria1720+%284%29-16REP-fb3cb51d.JPG,https://irp.cdn-website.com/28156074/dms3rep/multi/MR179+Aria1720+%285%29-17REP-52615996.JPG,https://irp.cdn-website.com/28156074/dms3rep/multi/MR179+Aria1720+%286%29-18REP-c7ba0453.JPG,https://irp.cdn-website.com/28156074/dms3rep/multi/MR179+Aria1720+%287%29-19REP-af154a71.JPG,https://irp.cdn-website.com/28156074/dms3rep/multi/MR179+Aria1720+%288%29-20REP-e3a3dabc.JPG,https://irp.cdn-website.com/28156074/dms3rep/multi/MR179+Aria1720+%289%29-01REP-f180e76d.JPG,https://irp.cdn-website.com/28156074/dms3rep/multi/MR179+Aria1720+%2810%29-02REP-be746ef7.JPG,https://irp.cdn-website.com/28156074/dms3rep/multi/MR179+Aria1720+%2811%29-03REP-d2384905.JPG,https://irp.cdn-website.com/28156074/dms3rep/multi/MR179+Aria1720+%2812%29-04REP-8ae2f1ec.JPG,https://irp.cdn-website.com/28156074/dms3rep/multi/MR179+Aria1720+%2813%29-05REP-380c1fcc.JPG,https://irp.cdn-website.com/28156074/dms3rep/multi/MR179+Aria1720+%2814%29-06REP-c1376e04.JPG,https://irp.cdn-website.com/28156074/dms3rep/multi/MR179+Aria1720+%2815%29-07REP-3e48bb87.JPG,https://irp.cdn-website.com/28156074/dms3rep/multi/MR179+Aria1720+%2816%29-08REP-a1ce0e29.JPG,https://irp.cdn-website.com/28156074/dms3rep/multi/MR179+Aria1720+%2817%29-09REP-89df3f02.JPG,https://irp.cdn-website.com/28156074/dms3rep/multi/MR179+Aria1720+%2818%29-10REP-50cbccd5.JPG"
https://www.truehomes.com/new-construction-homes/move-in-ready/220-n-district-avenue-clayton-nc-27527,,North District at Flowers Plantation Townhomes,35.6588,-78.3423,"220 N. District Avenue, Clayton, NC 27527",Clayton,NC,27527,,,,https://www.truehomes.com,Available,True Homes,,,,,,,,,,,,,,,,,,,,,,,,The Karver TH - Lot #271,,3,2,1,2120,339900,,,,,,"TOWNHOMES at North District - The only community connected to the waterfront district! The Karver features 3BR/2.5BTH with primary and laundry on main, nicely appointed eat-in kitchen with quartz counters and porcelain farm sink, and spacious great room! Second level boasts large game room, additional full bath, and spacious secondary bedrooms.",3,2,1,2,,,,2120,,339900,,,,,,,"https://irp.cdn-website.com/28156074/dms3rep/multi/NDFT+214+Karver+TH+2130+A1+IO+Jackson_Rep+%281%29-bf4bd4e0.jpg,https://irp.cdn-website.com/28156074/dms3rep/multi/NDFT+214+Karver+TH+2130+A1+IO+Jackson_Rep+%289%29-b5061902.jpg,https://irp.cdn-website.com/28156074/dms3rep/multi/NDFT+214+Karver+TH+2130+A1+IO+Jackson_Rep+%2810%29-988eb732.jpg,https://irp.cdn-website.com/28156074/dms3rep/multi/NDFT+214+Karver+TH+2130+A1+IO+Jackson_Rep+%2811%29-a19d3545.jpg,https://irp.cdn-website.com/28156074/dms3rep/multi/NDFT+214+Karver+TH+2130+A1+IO+Jackson_Rep+%2812%29-a5a4590f.jpg,https://irp.cdn-website.com/28156074/dms3rep/multi/NDFT+214+Karver+TH+2130+A1+IO+Jackson_Rep+%2813%29-3582b568.jpg,https://irp.cdn-website.com/28156074/dms3rep/multi/NDFT+214+Karver+TH+2130+A1+IO+Jackson_Rep+%2814%29-c7077153.jpg,https://irp.cdn-website.com/28156074/dms3rep/multi/NDFT+214+Karver+TH+2130+A1+IO+Jackson_Rep+%2815%29-818cdd30.jpg,https://irp.cdn-website.com/28156074/dms3rep/multi/NDFT+214+Karver+TH+2130+A1+IO+Jackson_Rep+%2816%29-ef7155f2.jpg,https://irp.cdn-website.com/28156074/dms3rep/multi/NDFT+214+Karver+TH+2130+A1+IO+Jackson_Rep+%2817%29-a5e2baf8.jpg,https://irp.cdn-website.com/28156074/dms3rep/multi/NDFT+214+Karver+TH+2130+A1+IO+Jackson_Rep+%2818%29-93c515e1.jpg,https://irp.cdn-website.com/28156074/dms3rep/multi/NDFT+214+Karver+TH+2130+A1+IO+Jackson_Rep+%2819%29-4c243ada.jpg,https://irp.cdn-website.com/28156074/dms3rep/multi/NDFT+214+Karver+TH+2130+A1+IO+Jackson_Rep+%2820%29-4089642e.jpg,https://irp.cdn-website.com/28156074/dms3rep/multi/NDFT+214+Karver+TH+2130+A1+IO+Jackson_Rep+%2821%29-ebb901d1.jpg,https://irp.cdn-website.com/28156074/dms3rep/multi/NDFT+214+Karver+TH+2130+A1+IO+Jackson_Rep+%2822%29-d279f8fe.jpg,https://irp.cdn-website.com/28156074/dms3rep/multi/NDFT+214+Karver+TH+2130+A1+IO+Jackson_Rep+%2823%29-ed3f3f33.jpg,https://irp.cdn-website.com/28156074/dms3rep/multi/NDFT+214+Karver+TH+2130+A1+IO+Jackson_Rep+%2824%29-43373d5e.jpg,https://irp.cdn-website.com/28156074/dms3rep/multi/NDFT+214+Karver+TH+2130+A1+IO+Jackson_Rep+%2825%29-370b1360.jpg,https://irp.cdn-website.com/28156074/dms3rep/multi/NDFT+214+Karver+TH+2130+A1+IO+Jackson_Rep+%2826%29-b8ea120f.jpg,https://irp.cdn-website.com/28156074/dms3rep/multi/NDFT+214+Karver+TH+2130+A1+IO+Jackson_Rep+%2827%29-d3961ef3.jpg,https://irp.cdn-website.com/28156074/dms3rep/multi/NDFT+214+Karver+TH+2130+A1+IO+Jackson_Rep+%2828%29.jpg"
https://www.truehomes.com/new-construction-homes/move-in-ready/1020-toland-dr-saint-george-sc-29477,,Reeves Crossing,33.1932,-80.5559,"1020 Toland Dr, Saint George, SC 29477",Saint George,SC,29477,,,,https://www.truehomes.com,Available,True Homes,,,,,,,,,,,,,,,,,,,,,,,,The Lenox - Lot #39,,4,2,1,2403,364900,,,,,,"This home is based on the Lenox plan. Introducing The Lenox, an all-time favorite floorplan that has captured the hearts of many. The Lenox boasts a size range of 2,429 to 2,541 square feet, offering the flexibility of 3 to 4 Bedrooms and 2.5 Bathrooms. This well-loved design is a testament to spacious and open living areas at a price that will delight you. As you step into the Lenox, you're welcomed by a spacious and open Living Room and Dining Room. The journey continues as you pass through an Oversized Great Room leading to the L-shaped Kitchen, making it a hub for family gatherings and entertaining. Upstairs, you'll discover an Owner's Bedroom with generous proportions, featuring a long corridor walkway that leads to the Owner's Bath and an Oversized Walk-In Closet. Two additional Bedrooms offer ample space, each with large individual closets. Entering a large open bonus room on the upper floor opens up possibilities for a media room or an upstairs living room/TV area. The Lenox offers additional customization options for those seeking personalization to make this floorplan uniquely yours. Embrace the opportunity to create a home that perfectly aligns with your lifestyle and preferences, tailoring it with your features and finishes. The Lenox is more than just a house; it's the canvas upon which you can paint your dream home and create the ideal space for you and your family.",4,2,1,2,,,,2403,,364900,,,,,,,"https://irp.cdn-website.com/28156074/dms3rep/multi/RSC+39+Lenox+2472+E01+IO+%281%29.jpg,https://irp.cdn-website.com/28156074/dms3rep/multi/RSC+39+Lenox+2472+E01+IO+%282%29.jpg,https://irp.cdn-website.com/28156074/dms3rep/multi/RSC+39+Lenox+2472+E01+IO+%283%29.jpg,https://irp.cdn-website.com/28156074/dms3rep/multi/RSC+39+Lenox+2472+E01+IO+%284%29.jpg,https://irp.cdn-website.com/28156074/dms3rep/multi/RSC+39+Lenox+2472+E01+IO+%285%29.jpg,https://irp.cdn-website.com/28156074/dms3rep/multi/RSC+39+Lenox+2472+E01+IO+%286%29.jpg,https://irp.cdn-website.com/28156074/dms3rep/multi/RSC+39+Lenox+2472+E01+IO+%287%29.jpg,https://irp.cdn-website.com/28156074/dms3rep/multi/RSC+39+Lenox+2472+E01+IO+%288%29.jpg,https://irp.cdn-website.com/28156074/dms3rep/multi/RSC+39+Lenox+2472+E01+IO+%289%29.jpg,https://irp.cdn-website.com/28156074/dms3rep/multi/RSC+39+Lenox+2472+E01+IO+%2810%29.jpg,https://irp.cdn-website.com/28156074/dms3rep/multi/RSC+39+Lenox+2472+E01+IO+%2811%29.jpg,https://irp.cdn-website.com/28156074/dms3rep/multi/RSC+39+Lenox+2472+E01+IO+%2812%29.jpg,https://irp.cdn-website.com/28156074/dms3rep/multi/RSC+39+Lenox+2472+E01+IO+%2813%29.jpg,https://irp.cdn-website.com/28156074/dms3rep/multi/RSC+39+Lenox+2472+E01+IO+%2814%29.jpg"
https://www.truehomes.com/new-construction-homes/move-in-ready/114-silent-bend-dr-clayton-nc-27527,,Copper Ridge at Flowers Plantation,35.6648,-78.3655,"114 Silent Bend Dr, Clayton, NC 27527",Clayton,NC,27527,,,,https://www.truehomes.com,Sold,True Homes,,,,,,,,,,,,,,,,,,,,,,,,The TA3000 - Lot #244,,3,2,1,2970,449900,,,,,,"This home is based on the TA3000 plan. Welcome to the TA3000, a thoughtfully designed and highly versatile floor plan starting at 2,983 square feet, offering 3 to 4 Bedrooms and 2.5 to 3.5 Bathrooms to suit a wide range of lifestyle needs. The TA3000 floor plan is built for flexibility, with numerous layout options and design upgrades to make your home truly yours. Whether you're expanding your living space or tailoring it to your lifestyle, True Homes allows you to customize every step of the way. Need more space for vehicles, storage, or hobbies? The TA3000 also offers an optional 3-Car Garage, adding both convenience and value.",3,2,1,2,,,,2970,,449900,,,,,,,"https://irp.cdn-website.com/28156074/dms3rep/multi/CRF+244+TA3000+2981+EA1+IO+%282%29.jpg,https://irp.cdn-website.com/28156074/dms3rep/multi/CRF+244+TA3000+2981+EA1+IO+%283%29.jpg,https://irp.cdn-website.com/28156074/dms3rep/multi/CRF+244+TA3000+2981+EA1+IO+%285%29.jpg,https://irp.cdn-website.com/28156074/dms3rep/multi/CRF+244+TA3000+2981+EA1+IO+%286%29.jpg,https://irp.cdn-website.com/28156074/dms3rep/multi/CRF+244+TA3000+2981+EA1+IO+%287%29.jpg,https://irp.cdn-website.com/28156074/dms3rep/multi/CRF+244+TA3000+2981+EA1+IO+%288%29.jpg,https://irp.cdn-website.com/28156074/dms3rep/multi/CRF+244+TA3000+2981+EA1+IO+%289%29.jpg,https://irp.cdn-website.com/28156074/dms3rep/multi/CRF+244+TA3000+2981+EA1+IO+%2810%29.jpg,https://irp.cdn-website.com/28156074/dms3rep/multi/CRF+244+TA3000+2981+EA1+IO+%2811%29.jpg,https://irp.cdn-website.com/28156074/dms3rep/multi/CRF+244+TA3000+2981+EA1+IO+%2812%29.jpg,https://irp.cdn-website.com/28156074/dms3rep/multi/CRF+244+TA3000+2981+EA1+IO+%2813%29.jpg,https://irp.cdn-website.com/28156074/dms3rep/multi/CRF+244+TA3000+2981+EA1+IO+%2814%29.jpg,https://irp.cdn-website.com/28156074/dms3rep/multi/CRF+244+TA3000+2981+EA1+IO+%2815%29.jpg,https://irp.cdn-website.com/28156074/dms3rep/multi/CRF+244+TA3000+2981+EA1+IO+%2817%29.jpg,https://irp.cdn-website.com/28156074/dms3rep/multi/CRF+244+TA3000+2981+EA1+IO+%2818%29.jpg,https://irp.cdn-website.com/28156074/dms3rep/multi/CRF+244+TA3000+2981+EA1+IO+%2819%29.jpg,https://irp.cdn-website.com/28156074/dms3rep/multi/CRF+244+TA3000+2981+EA1+IO+%2820%29.jpg,https://irp.cdn-website.com/28156074/dms3rep/multi/CRF+244+TA3000+2981+EA1+IO+%2821%29.jpg,https://irp.cdn-website.com/28156074/dms3rep/multi/CRF+244+TA3000+2981+EA1+IO+%2822%29.jpg,https://irp.cdn-website.com/28156074/dms3rep/multi/CRF+244+TA3000+2981+EA1+IO+%2825%29.jpg,https://irp.cdn-website.com/28156074/dms3rep/multi/CRF+244+TA3000+2981+EA1+IO+%2826%29.jpg,https://irp.cdn-website.com/28156074/dms3rep/multi/CRF+244+TA3000+2981+EA1+IO+%2827%29.jpg,https://irp.cdn-website.com/28156074/dms3rep/multi/CRF+244+TA3000+2981+EA1+IO+%2828%29.jpg,https://irp.cdn-website.com/28156074/dms3rep/multi/CRF+244+TA3000+2981+EA1+IO+%2829%29.jpg,https://irp.cdn-website.com/28156074/dms3rep/multi/CRF+244+TA3000+2981+EA1+IO+%2830%29.jpg,https://irp.cdn-website.com/28156074/dms3rep/multi/CRF+244+TA3000+2981+EA1+IO+%2831%29.jpg,https://irp.cdn-website.com/28156074/dms3rep/multi/CRF+244+TA3000+2981+EA1+IO+%2832%29.jpg,https://irp.cdn-website.com/28156074/dms3rep/multi/CRF+244+TA3000+2981+EA1+IO+%2833%29.jpg,https://irp.cdn-website.com/28156074/dms3rep/multi/CRF+244+TA3000+2981+EA1+IO+%2834%29.jpg,https://irp.cdn-website.com/28156074/dms3rep/multi/CRF+244+TA3000+2981+EA1+IO+%2835%29.jpg"
https://www.truehomes.com/new-construction-homes/move-in-ready/929-gondola-court-salisbury-nc-28146,,Shay Crossing,35.6423,-80.4396,"929 Gondola Court, Salisbury, NC 28146",Salisbury,NC,28146,,,,https://www.truehomes.com,Available,True Homes,,,,,,,,,,,,,,,,,,,,,,,,The Alder - Lot #15A,,3,2,1,1732,318900,,,,,,"This home is based on the Alder plan. Discover The Alder Floorplan-a versatile home ranging from 1,505 to 1,732 sq. ft., designed for modern living. With 3 Bedrooms, 2.5 Bathrooms, and a spacious Loft, this floorplan offers ample space for comfort and functionality. On the First Floor, enjoy an open-concept layout featuring a welcoming Great Room, a Dining Area, and a well-appointed Kitchen with a Pantry. A Covered Porch extends the living space outdoors, and an optional Screened Porch adds extra flexibility. The 2-Car Garage offers expansion options for additional storage or workspace. The Second Floor includes a generous Primary Suite with multiple bath configurations, including a Luxury Shower or Garden Tub option. Two additional Bedrooms, a Loft, and a Second Bathroom ensure space for family and guests. With various customization options, The Alder Floorplan adapts to your lifestyle, making it the perfect place to call home.",3,2,1,2,,,,1732,,318900,,,,,,,https://irp.cdn-website.com/28156074/dms3rep/multi/Alder+Rendering+-+10.11.2024.jpg
https://www.truehomes.com/new-construction-homes/move-in-ready/935-gondola-court-salisbury-nc-28146,,Shay Crossing,35.6423,-80.4396,"935 Gondola Court, Salisbury, NC 28146",Salisbury,NC,28146,,,,https://www.truehomes.com,Sold,True Homes,,,,,,,,,,,,,,,,,,,,,,,,The Abigale - Lot #16A,,4,3,,2473,354900,,,,,,"Quick Move-In Opportunity! Your semi-custom Abigale is ready for you! This two-story floorplan features approximately 2,473 sq ft, with 4 bedrooms, and 3 full bathrooms. Designed for functional living, the first floor features an open-concept layout that connects the Kitchen, Dining Area, and Great Room, creating a seamless space for everyday activities and entertaining. A private Study and main-level guest bedroom add flexibility for a variety of needs. Upstairs, you’ll find spacious secondary bedrooms, a full bath, convenient Laundry Room, and a versatile Loft. The Primary Suite includes a well-appointed bath and walk-in closet, offering comfortable separation and storage. Located in the sought-after Shay Crossing community near I-85, with easy access to downtown Salisbury, shopping, dining, and local attractions—this home offers the perfect blend of convenience.",4,3,,2,,,,2473,,354900,,,,,,,"https://irp.cdn-website.com/28156074/dms3rep/multi/CRF+194+Abigale+2471+EC3+EO+%283%29_REP.jpg,https://irp.cdn-website.com/28156074/dms3rep/multi/CRF+194+Abigale+2471+EC3+EO+%284%29_REP.jpg,https://irp.cdn-website.com/28156074/dms3rep/multi/CRF+194+Abigale+2471+EC3+EO+%285%29_REP.jpg,https://irp.cdn-website.com/28156074/dms3rep/multi/CRF+194+Abigale+2471+EC3+EO+%286%29_REP.jpg,https://irp.cdn-website.com/28156074/dms3rep/multi/CRF+194+Abigale+2471+EC3+EO+%287%29_REP.jpg,https://irp.cdn-website.com/28156074/dms3rep/multi/CRF+194+Abigale+2471+EC3+EO+%288%29_REP.jpg,https://irp.cdn-website.com/28156074/dms3rep/multi/CRF+194+Abigale+2471+EC3+EO+%289%29_REP.jpg,https://irp.cdn-website.com/28156074/dms3rep/multi/CRF+194+Abigale+2471+EC3+EO+%2810%29_REP.jpg,https://irp.cdn-website.com/28156074/dms3rep/multi/CRF+194+Abigale+2471+EC3+EO+%2811%29_REP.jpg,https://irp.cdn-website.com/28156074/dms3rep/multi/CRF+194+Abigale+2471+EC3+EO+%2812%29_REP.jpg,https://irp.cdn-website.com/28156074/dms3rep/multi/CRF+194+Abigale+2471+EC3+EO+%2813%29_REP.jpg,https://irp.cdn-website.com/28156074/dms3rep/multi/CRF+194+Abigale+2471+EC3+EO+%2814%29_REP.jpg,https://irp.cdn-website.com/28156074/dms3rep/multi/CRF+194+Abigale+2471+EC3+EO+%2815%29_REP.jpg,https://irp.cdn-website.com/28156074/dms3rep/multi/CRF+194+Abigale+2471+EC3+EO+%2816%29_REP.jpg,https://irp.cdn-website.com/28156074/dms3rep/multi/CRF+194+Abigale+2471+EC3+EO+%2817%29_REP.jpg,https://irp.cdn-website.com/28156074/dms3rep/multi/CRF+194+Abigale+2471+EC3+EO+%2818%29_REP.jpg,https://irp.cdn-website.com/28156074/dms3rep/multi/CRF+194+Abigale+2471+EC3+EO+%2819%29_REP.jpg,https://irp.cdn-website.com/28156074/dms3rep/multi/CRF+194+Abigale+2471+EC3+EO+%2820%29_REP.jpg,https://irp.cdn-website.com/28156074/dms3rep/multi/CRF+194+Abigale+2471+EC3+EO+%2821%29_REP.jpg,https://irp.cdn-website.com/28156074/dms3rep/multi/CRF+194+Abigale+2471+EC3+EO+%2822%29_REP.jpg,https://irp.cdn-website.com/28156074/dms3rep/multi/CRF+194+Abigale+2471+EC3+EO+%2823%29_REP.jpg"
https://www.truehomes.com/new-construction-homes/move-in-ready/1329-stork-drive-salisbury-nc-28146,,Shay Crossing,35.6710,-80.4742,"1329 Stork Drive, Salisbury, NC 28146",Salisbury,NC,28146,,,,https://www.truehomes.com,Sold,True Homes,,,,,,,,,,,,,,,,,,,,,,,,The Coronado - Lot #63A,,3,2,1,2130,334900,,,,,,"Quick Move-In | The Coronado – Available Now The Coronado offers approximately 2,130 sq ft with 3 bedrooms and 2.5 bathrooms in a thoughtfully designed layout. The main level features a formal Dining Room that flows into the Kitchen and spacious Great Room, creating an open living area ideal for everyday living and entertaining. The Primary Suite is conveniently located on the first floor and includes a private bath. Upstairs, two additional bedrooms, a full bath, a versatile Game Room, and a flexible Bonus Room provide adaptable living space. Located in Shay Crossing near Interstate 85 with access to Salisbury, shopping, dining, and local destinations.",3,2,1,2,,,,2130,,334900,,,,,,,"https://irp.cdn-website.com/28156074/dms3rep/multi/2-8bac9dbc.jpg,https://irp.cdn-website.com/28156074/dms3rep/multi/4-955f1da6.jpg,https://irp.cdn-website.com/28156074/dms3rep/multi/3-495870fc.jpg,https://irp.cdn-website.com/28156074/dms3rep/multi/5-f61fa138.jpg,https://irp.cdn-website.com/28156074/dms3rep/multi/6-e9c3755d.jpg,https://irp.cdn-website.com/28156074/dms3rep/multi/7-5cb0c09e.jpg,https://irp.cdn-website.com/28156074/dms3rep/multi/910+Canopy+Falls+Ln-+York-+SC-1.jpg,https://irp.cdn-website.com/28156074/dms3rep/multi/910+Canopy+Falls+Ln-+York-+SC-2.jpg,https://irp.cdn-website.com/28156074/dms3rep/multi/910+Canopy+Falls+Ln-+York-+SC-3.jpg,https://irp.cdn-website.com/28156074/dms3rep/multi/910+Canopy+Falls+Ln-+York-+SC-4.jpg,https://irp.cdn-website.com/28156074/dms3rep/multi/910+Canopy+Falls+Ln-+York-+SC-5.jpg,https://irp.cdn-website.com/28156074/dms3rep/multi/910+Canopy+Falls+Ln-+York-+SC-6.jpg,https://irp.cdn-website.com/28156074/dms3rep/multi/910+Canopy+Falls+Ln-+York-+SC-13.jpg,https://irp.cdn-website.com/28156074/dms3rep/multi/910+Canopy+Falls+Ln-+York-+SC-14.jpg,https://irp.cdn-website.com/28156074/dms3rep/multi/910+Canopy+Falls+Ln-+York-+SC15.jpg,https://irp.cdn-website.com/28156074/dms3rep/multi/910+Canopy+Falls+Ln-+York-+SC-16.jpg,https://irp.cdn-website.com/28156074/dms3rep/multi/910+Canopy+Falls+Ln-+York-+SC-17.jpg,https://irp.cdn-website.com/28156074/dms3rep/multi/910+Canopy+Falls+Ln-+York-+SC-18.jpg,https://irp.cdn-website.com/28156074/dms3rep/multi/910+Canopy+Falls+Ln-+York-+SC-19.jpg,https://irp.cdn-website.com/28156074/dms3rep/multi/910+Canopy+Falls+Ln-+York-+SC-20.jpg,https://irp.cdn-website.com/28156074/dms3rep/multi/910+Canopy+Falls+Ln-+York-+SC-21.jpg,https://irp.cdn-website.com/28156074/dms3rep/multi/910+Canopy+Falls+Ln-+York-+SC-22.jpg"
https://www.truehomes.com/new-construction-homes/move-in-ready/149-soft-breeze-bend-locust-nc-28097,,Whispering Hills,44.0582,-121.3153,"149 Soft Breeze Bend, Locust, NC 28097",Locust,NC,28097,,,,https://www.truehomes.com,Sold,True Homes,,,,,,,,,,,,,,,,,,,,,,,,The Kipling - Lot #285B,,4,2,1,2820,442400,,,,,,"Move-In Ready! The Kipling, a thoughtfully designed semi-custom home offering 4 bedrooms, 2.5 bathrooms, and approximately 2,800 square feet, presented as a quick move-in opportunity with upgraded features throughout. The main level includes a private Study ideal for remote work, a well-appointed Kitchen with an extended island, an open Great Room, and a separate Dining Room with butler pantry pass through. Upstairs, the spacious Primary Suite features a luxury en-suite with tiled walk-in shower. Three additional bedrooms, a full bath, and a conveniently located Laundry Room complete the second level. Located in Whispering Hills in Locust, NC, residents enjoy access to a new community pool amenity and convenient proximity to nearby retail, grocery stores, dining options, and everyday services in Locust, Midland, and Albemarle, with easy access to major roadways for commuting and regional travel.",4,2,1,2,,,,2820,,442400,,,,,,,"https://irp.cdn-website.com/28156074/dms3rep/multi/Kipling+2813+EL2+CKL+%283%29-0c590241.jpg,https://irp.cdn-website.com/28156074/dms3rep/multi/Kipling+2813+EL2+CKL+%284%29-15eb027a.jpg,https://irp.cdn-website.com/28156074/dms3rep/multi/Kipling+2813+EL2+CKL+%285%29-3ec793f7.jpg,https://irp.cdn-website.com/28156074/dms3rep/multi/Kipling+2813+EL2+CKL+%286%29-8fa9090b.jpg,https://irp.cdn-website.com/28156074/dms3rep/multi/Kipling+2813+EL2+CKL+%287%29-f386b82c.jpg,https://irp.cdn-website.com/28156074/dms3rep/multi/Kipling+2813+EL2+CKL+%288%29-a3bd5b0e.jpg,https://irp.cdn-website.com/28156074/dms3rep/multi/Kipling+2813+EL2+CKL+%289%29-7d89ff09.jpg,https://irp.cdn-website.com/28156074/dms3rep/multi/Kipling+2813+EL2+CKL+%2810%29-cc43eed4.jpg,https://irp.cdn-website.com/28156074/dms3rep/multi/Kipling+2813+EL2+CKL+%2811%29-f0146625.jpg,https://irp.cdn-website.com/28156074/dms3rep/multi/Kipling+2813+EL2+CKL+%2812%29-8352f92d.jpg,https://irp.cdn-website.com/28156074/dms3rep/multi/Kipling+2813+EL2+CKL+%2813%29-367fc671.jpg,https://irp.cdn-website.com/28156074/dms3rep/multi/Kipling+2813+EL2+CKL+%2814%29-1d42d04d.jpg,https://irp.cdn-website.com/28156074/dms3rep/multi/Kipling+2813+EL2+CKL+%2815%29-347f6dfc.jpg,https://irp.cdn-website.com/28156074/dms3rep/multi/Kipling+2813+EL2+CKL+%2816%29-2ea0894a.jpg,https://irp.cdn-website.com/28156074/dms3rep/multi/Kipling+2813+EL2+CKL+%2817%29-cb4d6fed.jpg,https://irp.cdn-website.com/28156074/dms3rep/multi/Kipling+2813+EL2+CKL+%2818%29-6bc00f6f.jpg,https://irp.cdn-website.com/28156074/dms3rep/multi/Kipling+2813+EL2+CKL+%2819%29-51248710.jpg,https://irp.cdn-website.com/28156074/dms3rep/multi/Kipling+2813+EL2+CKL+%2820%29-79728304.jpg,https://irp.cdn-website.com/28156074/dms3rep/multi/Kipling+2813+EL2+CKL+%2821%29-9f12428b.jpg,https://irp.cdn-website.com/28156074/dms3rep/multi/Kipling+2813+EL2+CKL+%2822%29-e0301776.jpg,https://irp.cdn-website.com/28156074/dms3rep/multi/Kipling+2813+EL2+CKL+%2823%29-858bd935.jpg,https://irp.cdn-website.com/28156074/dms3rep/multi/Kipling+2813+EL2+CKL+%2824%29-18564f82.jpg,https://irp.cdn-website.com/28156074/dms3rep/multi/Kipling+2813+EL2+CKL+%2825%29-289c6dd1.jpg,https://irp.cdn-website.com/28156074/dms3rep/multi/Kipling+2813+EL2+CKL+%2826%29-4df25610.jpg,https://irp.cdn-website.com/28156074/dms3rep/multi/Kipling+2813+EL2+CKL+%2827%29-a5ce7008.jpg"
https://www.truehomes.com/new-construction-homes/move-in-ready/104-white-horse-drive-louisburg-nc-27549,,Lake Royale,35.9465,-78.1861,"104 White Horse Drive, Louisburg, NC 27549",Louisburg,NC,27549,,,,https://www.truehomes.com,Sold,True Homes,,,,,,,,,,,,,,,,,,,,,,,,The Kipling - Lot #2962,,3,2,1,2931,414900,,,,,,"NEW Construction! Kipling 3BR / 2.5 BA plan with 2-car garage features private study, open great room, dining room, well-appointed kitchen with SS appliances. Upstairs features primary suite with luxury ensuite, complete with garden tub, dual vanities, and large walk-in closet. Spacious secondary bedrooms, additional full bath, laundry room, and finished bonus room complete the second level of this home. Home also features rear deck, perfect for entertaining! Lake Royale is a resort community with boating, fishing, swimming and water sports. Within the community are a variety of amenities for the private use of community members and their guests: a community swimming pool, tennis court, basketball court, a lakeside clubhouse for meetings and community events, an open-air Pavilion for gatherings, two beaches, multiple docks, boat launches, outdoor fitness park, a campground suitable for large RV's or motor homes, parks, playgrounds and acres of wooded areas. The River Golf Course is an 18 hole golf course located at The River entrance and open to the public.",3,2,1,2,,,,2931,,414900,,,,,,,"https://irp.cdn-website.com/28156074/dms3rep/multi/LRY+2962+Kipling+2808+EL1+ITrad+%283%29.jpg,https://irp.cdn-website.com/28156074/dms3rep/multi/LRY+2962+Kipling+2808+EL1+ITrad+%284%29.jpg,https://irp.cdn-website.com/28156074/dms3rep/multi/LRY+2962+Kipling+2808+EL1+ITrad+%285%29.jpg,https://irp.cdn-website.com/28156074/dms3rep/multi/LRY+2962+Kipling+2808+EL1+ITrad+%286%29.jpg,https://irp.cdn-website.com/28156074/dms3rep/multi/LRY+2962+Kipling+2808+EL1+ITrad+%287%29.jpg,https://irp.cdn-website.com/28156074/dms3rep/multi/LRY+2962+Kipling+2808+EL1+ITrad+%288%29.jpg,https://irp.cdn-website.com/28156074/dms3rep/multi/LRY+2962+Kipling+2808+EL1+ITrad+%289%29.jpg,https://irp.cdn-website.com/28156074/dms3rep/multi/LRY+2962+Kipling+2808+EL1+ITrad+%2810%29.jpg,https://irp.cdn-website.com/28156074/dms3rep/multi/LRY+2962+Kipling+2808+EL1+ITrad+%2811%29.jpg,https://irp.cdn-website.com/28156074/dms3rep/multi/LRY+2962+Kipling+2808+EL1+ITrad+%2812%29.jpg,https://irp.cdn-website.com/28156074/dms3rep/multi/LRY+2962+Kipling+2808+EL1+ITrad+%2813%29.jpg,https://irp.cdn-website.com/28156074/dms3rep/multi/LRY+2962+Kipling+2808+EL1+ITrad+%2814%29.jpg,https://irp.cdn-website.com/28156074/dms3rep/multi/LRY+2962+Kipling+2808+EL1+ITrad+%2815%29.jpg,https://irp.cdn-website.com/28156074/dms3rep/multi/LRY+2962+Kipling+2808+EL1+ITrad+%2816%29.jpg,https://irp.cdn-website.com/28156074/dms3rep/multi/LRY+2962+Kipling+2808+EL1+ITrad+%2817%29.jpg,https://irp.cdn-website.com/28156074/dms3rep/multi/LRY+2962+Kipling+2808+EL1+ITrad+%2818%29.jpg,https://irp.cdn-website.com/28156074/dms3rep/multi/LRY+2962+Kipling+2808+EL1+ITrad+%2819%29.jpg,https://irp.cdn-website.com/28156074/dms3rep/multi/LRY+2962+Kipling+2808+EL1+ITrad+%2820%29.jpg,https://irp.cdn-website.com/28156074/dms3rep/multi/LRY+2962+Kipling+2808+EL1+ITrad+%2821%29.jpg,https://irp.cdn-website.com/28156074/dms3rep/multi/LRY+2962+Kipling+2808+EL1+ITrad+%2822%29.jpg,https://irp.cdn-website.com/28156074/dms3rep/multi/LRY+2962+Kipling+2808+EL1+ITrad+%2823%29.jpg,https://irp.cdn-website.com/28156074/dms3rep/multi/LRY+2962+Kipling+2808+EL1+ITrad+%2824%29.jpg,https://irp.cdn-website.com/28156074/dms3rep/multi/LRY+2962+Kipling+2808+EL1+ITrad+%2825%29.jpg,https://irp.cdn-website.com/28156074/dms3rep/multi/LRY+2962+Kipling+2808+EL1+ITrad+%2826%29.jpg,https://irp.cdn-website.com/28156074/dms3rep/multi/LRY+2962+Kipling+2808+EL1+ITrad+%2827%29.jpg,https://irp.cdn-website.com/28156074/dms3rep/multi/LRY+2962+Kipling+2808+EL1+ITrad+%2829%29.jpg,https://irp.cdn-website.com/28156074/dms3rep/multi/LRY+2962+Kipling+2808+EL1+ITrad+%2830%29.jpg,https://irp.cdn-website.com/28156074/dms3rep/multi/LRY+2962+Kipling+2808+EL1+ITrad+%2831%29.jpg,https://irp.cdn-website.com/28156074/dms3rep/multi/LRY+2962+Kipling+2808+EL1+ITrad+%2832%29.jpg,https://irp.cdn-website.com/28156074/dms3rep/multi/LRY+2962+Kipling+2808+EL1+ITrad+%2833%29.jpg"
https://www.truehomes.com/new-construction-homes/move-in-ready/124-tillery-ln-mount-gilead-nc-27306,,Tillery Tradition,35.2858,-80.0803,"124 Tillery Ln, Mount Gilead, NC 27306",Mount Gilead,NC,27306,,,,https://www.truehomes.com,Sold,True Homes,,,,,,,,,,,,,,,,,,,,,,,,The Montcrest - Lot #702,,3,2,,1847,369900,,,,,,"Discover the Montcrest Ranch Plan—a new 3BR/2 BA semi-custom home featuring upgraded finishes throughout. The designer kitchen boasts an extended quartz island, wall oven, canopy hood, stainless steel appliances, and upgraded tile backsplash. Enjoy the open-concept great room with raised beamed ceilings, perfect for entertaining. The spacious primary suite offers a separate sitting room and luxury ensuite with tiled walk-in shower, garden tub, dual vanities, private water closet, and large walk-in closet. Two generous secondary bedrooms, a full bath, laundry with folding station, and a covered lanai with rear patio complete the layout. Set in the desirable Tillery Tradition community in Mt. Gilead—minutes from Lake Tillery, golf, parks, and trails—this home blends peaceful living with modern convenience. Don’t miss this chance to own an upgraded home in a sought-after lakeside golf course community. Schedule your private tour today! Enjoy optional golf course access, clubhouse amenities, and all that Lake Tillery has to offer—boating, fishing, and scenic views. Golf membership requires separate fee. Contact us today to make this semi-custom home yours.",3,2,,1,,,,1847,,369900,,,,,,,"https://irp.cdn-website.com/28156074/dms3rep/multi/NTR+6+Montcrest+1754+EH2+IO+REP+%284%29.jpg,https://irp.cdn-website.com/28156074/dms3rep/multi/NTR+6+Montcrest+1754+EH2+IO+REP+%285%29.jpg,https://irp.cdn-website.com/28156074/dms3rep/multi/NTR+6+Montcrest+1754+EH2+IO+REP+%286%29.jpg,https://irp.cdn-website.com/28156074/dms3rep/multi/NTR+6+Montcrest+1754+EH2+IO+REP+%287%29.jpg,https://irp.cdn-website.com/28156074/dms3rep/multi/NTR+6+Montcrest+1754+EH2+IO+REP+%288%29.jpg,https://irp.cdn-website.com/28156074/dms3rep/multi/NTR+6+Montcrest+1754+EH2+IO+REP+%289%29.jpg,https://irp.cdn-website.com/28156074/dms3rep/multi/NTR+6+Montcrest+1754+EH2+IO+REP+%2810%29.jpg,https://irp.cdn-website.com/28156074/dms3rep/multi/NTR+6+Montcrest+1754+EH2+IO+REP+%2811%29.jpg,https://irp.cdn-website.com/28156074/dms3rep/multi/NTR+6+Montcrest+1754+EH2+IO+REP+%2812%29.jpg,https://irp.cdn-website.com/28156074/dms3rep/multi/NTR+6+Montcrest+1754+EH2+IO+REP+%2813%29.jpg,https://irp.cdn-website.com/28156074/dms3rep/multi/NTR+6+Montcrest+1754+EH2+IO+REP+%2814%29.jpg,https://irp.cdn-website.com/28156074/dms3rep/multi/NTR+6+Montcrest+1754+EH2+IO+REP+%2815%29.jpg,https://irp.cdn-website.com/28156074/dms3rep/multi/NTR+6+Montcrest+1754+EH2+IO+REP+%2816%29.jpg,https://irp.cdn-website.com/28156074/dms3rep/multi/NTR+6+Montcrest+1754+EH2+IO+REP+%2817%29.jpg,https://irp.cdn-website.com/28156074/dms3rep/multi/NTR+6+Montcrest+1754+EH2+IO+REP+%2818%29.jpg,https://irp.cdn-website.com/28156074/dms3rep/multi/NTR+6+Montcrest+1754+EH2+IO+REP+%2819%29.jpg,https://irp.cdn-website.com/28156074/dms3rep/multi/NTR+6+Montcrest+1754+EH2+IO+REP+%2820%29.jpg,https://irp.cdn-website.com/28156074/dms3rep/multi/NTR+6+Montcrest+1754+EH2+IO+REP+%2821%29.jpg,https://irp.cdn-website.com/28156074/dms3rep/multi/NTR+6+Montcrest+1754+EH2+IO+REP+%2822%29.jpg,https://irp.cdn-website.com/28156074/dms3rep/multi/NTR+6+Montcrest+1754+EH2+IO+REP+%2823%29.jpg,https://irp.cdn-website.com/28156074/dms3rep/multi/NTR+6+Montcrest+1754+EH2+IO+REP+%2824%29.jpg,https://irp.cdn-website.com/28156074/dms3rep/multi/NTR+6+Montcrest+1754+EH2+IO+REP+%2825%29.jpg"
https://www.truehomes.com/new-construction-homes/move-in-ready/1039-house-finch-ave-ravenel-sc-29470,,Homecoming,32.8892,-80.2603,"1039 House Finch Ave, Ravenel, SC 29470",Ravenel,SC,29470,,,,https://www.truehomes.com,Sold,True Homes,,,,,,,,,,,,,,,,,,,,,,,,The Calloway P - Lot #-CC3-21-11,,5,4,1,3992,569900,,,,,,"This quick move-in semi-custom home offers approximately 3,992 sq ft, 5 bedrooms, and 4.5 bathrooms with upgraded features throughout. The open-concept main level includes a spacious Great Room connecting to the Dining Room and gourmet Kitchen, walk-in pantry, and built-in wall oven. A private Study and a main-level bedroom with full bath provide flexible living options. Upstairs, the expansive Primary Suite features an ensuite. Additional bedrooms, full bath, and a versatile Game Room complete this well-designed layout.",5,4,1,2,,,,3992,,569900,,,,,,,
https://www.truehomes.com/new-construction-homes/move-in-ready/1017-mourning-warbler-way-ravenel-sc-29470,,Homecoming,32.8884,-80.2605,"1017 Mourning Warbler Way, Ravenel, SC 29470",Ravenel,SC,29470,,,,https://www.truehomes.com,Sold,True Homes,,,,,,,,,,,,,,,,,,,,,,,,The Durell P - Lot #-CC3-17-8,,3,2,,1604,385355,,,,,,"Quick Move-In | Semi-Custom The Durell - HomecomingDiscover the Durell, a quick move-in semi-custom ranch offering approximately 1,604 sq ft, 3 bedrooms, and 2 bathrooms. This thoughtfully designed home features an open-concept layout ideal for modern living, with the Kitchen, Dining Area, and Great Room seamlessly connected beneath raised beamed ceilings. The spacious design creates a functional environment for everyday living and entertaining.Additional highlights include a 2-car garage and a covered rear porch, providing inviting outdoor living space. Located in the Homecoming community, this move-in ready home offers comfortable single-level living with upgraded features and a well-planned layout.",3,2,,1,,,,1604,,385355,,,,,,,"https://irp.cdn-website.com/28156074/dms3rep/multi/HCM+CC3-17-8+Durell+P+1412+EPB1+IO+%282%29.jpg,https://irp.cdn-website.com/28156074/dms3rep/multi/HCM+CC3-17-8+Durell+P+1412+EPB1+IO+%283%29.jpg,https://irp.cdn-website.com/28156074/dms3rep/multi/HCM+CC3-17-8+Durell+P+1412+EPB1+IO+%284%29.jpg,https://irp.cdn-website.com/28156074/dms3rep/multi/HCM+CC3-17-8+Durell+P+1412+EPB1+IO+%285%29.jpg,https://irp.cdn-website.com/28156074/dms3rep/multi/HCM+CC3-17-8+Durell+P+1412+EPB1+IO+%286%29.jpg,https://irp.cdn-website.com/28156074/dms3rep/multi/HCM+CC3-17-8+Durell+P+1412+EPB1+IO+%287%29.jpg,https://irp.cdn-website.com/28156074/dms3rep/multi/HCM+CC3-17-8+Durell+P+1412+EPB1+IO+%288%29.jpg,https://irp.cdn-website.com/28156074/dms3rep/multi/HCM+CC3-17-8+Durell+P+1412+EPB1+IO+%289%29.jpg,https://irp.cdn-website.com/28156074/dms3rep/multi/HCM+CC3-17-8+Durell+P+1412+EPB1+IO+%2810%29.jpg,https://irp.cdn-website.com/28156074/dms3rep/multi/HCM+CC3-17-8+Durell+P+1412+EPB1+IO+%2811%29.jpg"
https://www.truehomes.com/new-construction-homes/move-in-ready/1030-house-finch-ave-ravenel-sc-29470,,Homecoming,32.8888,-80.2610,"1030 House Finch Ave, Ravenel, SC 29470",Ravenel,SC,29470,,,,https://www.truehomes.com,Sold,True Homes,,,,,,,,,,,,,,,,,,,,,,,,The Hope P - Lot #-CC3-22-14,,4,3,1,3229,474500,,,,,,"Quick Move-In | Semi-Custom The HopeMove-in ready, the Hope offers approximately 3,229 sq ft, 4 bedrooms, and 3.5 bathrooms with spacious, well-designed living areas. The main level features a private Study, formal Dining Room, and a large Great Room that flows into the Breakfast Nook and well-appointed Kitchen, creating an ideal space for everyday living and entertaining. A convenient half bath and generous pantry complete the first floor.Upstairs, an open Loft connects to the Laundry Room, storage closets, and three secondary bedrooms with two additional bathrooms. The expansive Primary Suite includes dual walk-in closets and a luxury bath with garden tub and tiled walk-in shower, providing a comfortable retreat.",4,3,1,2,,,,3229,,474500,,,,,,,"https://irp.cdn-website.com/28156074/dms3rep/multi/HCM+CC3-22-14+Hope+P+2996+EB1+IO+%281%29-7ca1dcd8.jpg,https://irp.cdn-website.com/28156074/dms3rep/multi/HCM+CC3-22-14+Hope+P+2996+EB1+IO+%284%29-1cf2d5be.jpg,https://irp.cdn-website.com/28156074/dms3rep/multi/HCM+CC3-22-14+Hope+P+2996+EB1+IO+%286%29-bff81fa6.jpg,https://irp.cdn-website.com/28156074/dms3rep/multi/HCM+CC3-22-14+Hope+P+2996+EB1+IO+%2810%29-6707d157.jpg,https://irp.cdn-website.com/28156074/dms3rep/multi/HCM+CC3-22-14+Hope+P+2996+EB1+IO+%2812%29-fea24cc0.jpg,https://irp.cdn-website.com/28156074/dms3rep/multi/HCM+CC3-22-14+Hope+P+2996+EB1+IO+%2813%29-75cf2b3e.jpg,https://irp.cdn-website.com/28156074/dms3rep/multi/HCM+CC3-22-14+Hope+P+2996+EB1+IO+%2815%29-9024cf89.jpg,https://irp.cdn-website.com/28156074/dms3rep/multi/HCM+CC3-22-14+Hope+P+2996+EB1+IO+%2816%29-1f3576c3.jpg,https://irp.cdn-website.com/28156074/dms3rep/multi/HCM+CC3-22-14+Hope+P+2996+EB1+IO+%2817%29.jpg,https://irp.cdn-website.com/28156074/dms3rep/multi/HCM+CC3-22-14+Hope+P+2996+EB1+IO+%2820%29.jpg,https://irp.cdn-website.com/28156074/dms3rep/multi/HCM+CC3-22-14+Hope+P+2996+EB1+IO+%2821%29.jpg,https://irp.cdn-website.com/28156074/dms3rep/multi/HCM+CC3-22-14+Hope+P+2996+EB1+IO+%2822%29.jpg,https://irp.cdn-website.com/28156074/dms3rep/multi/HCM+CC3-22-14+Hope+P+2996+EB1+IO+%2823%29.jpg,https://irp.cdn-website.com/28156074/dms3rep/multi/HCM+CC3-22-14+Hope+P+2996+EB1+IO+%2824%29.jpg,https://irp.cdn-website.com/28156074/dms3rep/multi/HCM+CC3-22-14+Hope+P+2996+EB1+IO+%2825%29.jpg,https://irp.cdn-website.com/28156074/dms3rep/multi/HCM+CC3-22-14+Hope+P+2996+EB1+IO+%2826%29.jpg,https://irp.cdn-website.com/28156074/dms3rep/multi/HCM+CC3-22-14+Hope+P+2996+EB1+IO+%2827%29.jpg,https://irp.cdn-website.com/28156074/dms3rep/multi/HCM+CC3-22-14+Hope+P+2996+EB1+IO+%2828%29.jpg,https://irp.cdn-website.com/28156074/dms3rep/multi/HCM+CC3-22-14+Hope+P+2996+EB1+IO+%2829%29.jpg,https://irp.cdn-website.com/28156074/dms3rep/multi/HCM+CC3-22-14+Hope+P+2996+EB1+IO+%2830%29.jpg,https://irp.cdn-website.com/28156074/dms3rep/multi/HCM+CC3-22-14+Hope+P+2996+EB1+IO+%2831%29.jpg,https://irp.cdn-website.com/28156074/dms3rep/multi/HCM+CC3-22-14+Hope+P+2996+EB1+IO+%2832%29.jpg,https://irp.cdn-website.com/28156074/dms3rep/multi/HCM+CC3-22-14+Hope+P+2996+EB1+IO+%2833%29.jpg,https://irp.cdn-website.com/28156074/dms3rep/multi/HCM+CC3-22-14+Hope+P+2996+EB1+IO+%2834%29.jpg,https://irp.cdn-website.com/28156074/dms3rep/multi/HCM+CC3-22-14+Hope+P+2996+EB1+IO+%2835%29.jpg,https://irp.cdn-website.com/28156074/dms3rep/multi/HCM+CC3-22-14+Hope+P+2996+EB1+IO+%2836%29.jpg,https://irp.cdn-website.com/28156074/dms3rep/multi/HCM+CC3-22-14+Hope+P+2996+EB1+IO+%2837%29.jpg,https://irp.cdn-website.com/28156074/dms3rep/multi/HCM+CC3-22-14+Hope+P+2996+EB1+IO+%2838%29.jpg,https://irp.cdn-website.com/28156074/dms3rep/multi/HCM+CC3-22-14+Hope+P+2996+EB1+IO+%2839%29.jpg,https://irp.cdn-website.com/28156074/dms3rep/multi/HCM+CC3-22-14+Hope+P+2996+EB1+IO+%2841%29.jpg"
https://www.truehomes.com/new-construction-homes/move-in-ready/169-surfbird-road-summerville-sc-29486,,North Creek at Nexton,33.1100,-80.1402,"169 Surfbird Road, Summerville, SC 29486",Summerville,SC,29486,,,,https://www.truehomes.com,Sold,True Homes,,,,,,,,,,,,,,,,,,,,,,,,The Brant - Lot #514,,3,2,1,1912,349900,,,,,,"Quick Move-In | Semi-Custom The BrantThis quick move-in Brant offers approximately 1,912 sq ft, 3 bedrooms, and 2.5 bathrooms with a thoughtfully designed two-story layout. The main level features an open-concept design where the Great Room flows into the Dining Area and a modern Kitchen with a flush countertop, creating a functional space for everyday living and entertaining.Upstairs, the spacious Primary Suite provides a comfortable retreat. Two additional bedrooms, a full bath, and a versatile Loft offer flexible living space for work, recreation, or additional living needs. Designed with efficiency and comfort in mind, this home delivers modern living with well-planned spaces throughout.",3,2,1,2,,,,1912,,349900,,,,,,,
https://www.truehomes.com/new-construction-homes/move-in-ready/851-gumtree-road-winston-salem-nc-27107,,True Homes Build OYL - Triad,35.9810,-80.2157,"851 Gumtree Road, Winston Salem, NC 27107",Winston Salem,NC,27107,,,,https://www.truehomes.com,Available,True Homes,,,,,,,,,,,,,,,,,,,,,,,,The Lenox - Lot #1027,,3,2,1,2548,549500,,,,,,"Gorgeous newly built 3BR/2.5BTH home off Gumtree Road! Fantastic Lenox plan with 2,548 SF heated living area and oversized 2-car garage. Open plan with great room, dining area, private study, kitchen with huge island and tons of cabinets! 9' ceilings on first & second floor; large owner’s suite with gorgeous bathroom including dual bowl vanity, large tiled shower with transom window and separate garden tub, water closet, and large walk-in closet. Secondary bathroom includes transom window in shower/tub. Laundry with folding table on 2nd floor. Screened in back porch with beautiful view! Options/Upgrades include garage door opener with glass and hardware on garage doors, stainless steel appliances, upgraded tile backsplash, quartz countertop, and much more! Large 0.85 acre lot. Must see to appreciate!",3,2,1,2,,,,2548,,549500,,,,,,,"https://irp.cdn-website.com/28156074/dms3rep/multi/TTLA+1027+Lenox+2475+EL3+EC+%281%29.jpg,https://irp.cdn-website.com/28156074/dms3rep/multi/TTLA+1027+Lenox+2475+EL3+EC+%282%29.jpg,https://irp.cdn-website.com/28156074/dms3rep/multi/TTLA+1027+Lenox+2475+EL3+EC+%283%29.jpg,https://irp.cdn-website.com/28156074/dms3rep/multi/TTLA+1027+Lenox+2475+EL3+EC+%284%29.jpg,https://irp.cdn-website.com/28156074/dms3rep/multi/TTLA+1027+Lenox+2475+EL3+EC+%285%29.jpg,https://irp.cdn-website.com/28156074/dms3rep/multi/TTLA+1027+Lenox+2475+EL3+EC+%286%29.jpg,https://irp.cdn-website.com/28156074/dms3rep/multi/TTLA+1027+Lenox+2475+EL3+EC+%287%29.jpg,https://irp.cdn-website.com/28156074/dms3rep/multi/TTLA+1027+Lenox+2475+EL3+EC+%288%29.jpg,https://irp.cdn-website.com/28156074/dms3rep/multi/TTLA+1027+Lenox+2475+EL3+EC+%289%29.jpg,https://irp.cdn-website.com/28156074/dms3rep/multi/TTLA+1027+Lenox+2475+EL3+EC+%2810%29.jpg,https://irp.cdn-website.com/28156074/dms3rep/multi/TTLA+1027+Lenox+2475+EL3+EC+%2811%29.jpg,https://irp.cdn-website.com/28156074/dms3rep/multi/TTLA+1027+Lenox+2475+EL3+EC+%2812%29.jpg,https://irp.cdn-website.com/28156074/dms3rep/multi/TTLA+1027+Lenox+2475+EL3+EC+%2813%29.jpg,https://irp.cdn-website.com/28156074/dms3rep/multi/TTLA+1027+Lenox+2475+EL3+EC+%2814%29.jpg,https://irp.cdn-website.com/28156074/dms3rep/multi/TTLA+1027+Lenox+2475+EL3+EC+%2815%29.jpg,https://irp.cdn-website.com/28156074/dms3rep/multi/TTLA+1027+Lenox+2475+EL3+EC+%2816%29.jpg,https://irp.cdn-website.com/28156074/dms3rep/multi/TTLA+1027+Lenox+2475+EL3+EC+%2817%29.jpg,https://irp.cdn-website.com/28156074/dms3rep/multi/TTLA+1027+Lenox+2475+EL3+EC+%2818%29.jpg,https://irp.cdn-website.com/28156074/dms3rep/multi/TTLA+1027+Lenox+2475+EL3+EC+%2819%29.jpg,https://irp.cdn-website.com/28156074/dms3rep/multi/TTLA+1027+Lenox+2475+EL3+EC+%2822%29.jpg,https://irp.cdn-website.com/28156074/dms3rep/multi/TTLA+1027+Lenox+2475+EL3+EC+%2824%29.jpg,https://irp.cdn-website.com/28156074/dms3rep/multi/TTLA+1027+Lenox+2475+EL3+EC+%2825%29.jpg,https://irp.cdn-website.com/28156074/dms3rep/multi/TTLA+1027+Lenox+2475+EL3+EC+%2826%29.jpg,https://irp.cdn-website.com/28156074/dms3rep/multi/TTLA+1027+Lenox+2475+EL3+EC+%2828%29.jpg,https://irp.cdn-website.com/28156074/dms3rep/multi/TTLA+1027+Lenox+2475+EL3+EC+%2829%29.jpg,https://irp.cdn-website.com/28156074/dms3rep/multi/TTLA+1027+Lenox+2475+EL3+EC+%2830%29.jpg,https://irp.cdn-website.com/28156074/dms3rep/multi/TTLA+1027+Lenox+2475+EL3+EC+%2831%29.jpg,https://irp.cdn-website.com/28156074/dms3rep/multi/TTLA+1027+Lenox+2475+EL3+EC+%2832%29.jpg,https://irp.cdn-website.com/28156074/dms3rep/multi/TTLA+1027+Lenox+2475+EL3+EC+%2834%29.jpg,https://irp.cdn-website.com/28156074/dms3rep/multi/TTLA+1027+Lenox+2475+EL3+EC+%2835%29.jpg,https://irp.cdn-website.com/28156074/dms3rep/multi/TTLA+1027+Lenox+2475+EL3+EC+%2836%29.jpg"
https://www.truehomes.com/new-construction-homes/move-in-ready/2130-e-holly-grove-road-lexington-nc-27292,,True Homes Build OYL - Triad,35.8159,-80.1884,"2130 E Holly Grove Road, Lexington, NC 27292",Lexington,NC,27292,,,,https://www.truehomes.com,Sold,True Homes,,,,,,,,,,,,,,,,,,,,,,,,The Durell - Lot #1028,,3,2,1,1939,399500,,,,,,"True Homes is proud to present the beautiful Durrell plan, a thoughtfully designed 1-story home with an upstairs bonus room, offering 1,939 sq ft of living space on a spacious 0.78-acre lot. This 3-bedroom, 2.5 -bath home features an open layout with granite countertops, stainless steel appliances, a large kitchen island, and raised coffered ceilings. The primary suite includes a walk-in closet and custom tile shower for a spa-like retreat. Additional highlights include a spacious upstairs bonus room with half bath, and a large back patio perfect for outdoor living. Conveniently located near everyday amenities in Lexington, including shopping, dining, and easy access to town, while still offering the privacy and space of a large homesite. Don’t miss this opportunity to own a beautiful new construction home with modern finishes and room to enjoy both indoors and out!",3,2,1,1,,,,1939,,399500,,,,,,,
https://www.truehomes.com/new-construction-homes/move-in-ready/2342-jons-creek-ln-charlotte-nc-28213,,Clark Village Townhomes,35.2820,-80.7469,"2342 Jons Creek Ln, Charlotte, NC 28213",Charlotte,NC,28213,,,,https://www.truehomes.com,Sold,True Homes,,,,,,,,,,,,,,,,,,,,,,,,The Lynwood TH - Lot #2,,3,2,1,1648,289900,,,,,,"Discover Doorway to Prosperity at Clark Village Townhomes—The Lynwood offers 3 bedrooms, 2.5 baths, and over 1,600 sq ft of thoughtfully designed living space. Enjoy an open-concept main level with a stylish kitchen flowing seamlessly into the great room and dining area—perfect for everyday living or entertaining. Upstairs, the spacious layout continues with a private primary suite, two versatile secondary bedrooms, and a full bath. Clark Village Townhomes blend modern living with lasting value in a growing community. Income eligibility required. Deed restrictions apply. Not available to investors. Down payment assistance may be available for qualified buyers.",3,2,1,2,,,,1648,,289900,,,,,,,
https://www.truehomes.com/new-construction-homes/move-in-ready/1468-equality-ave-rock-hill-sc-29730,,Colvin Park,34.9037,-81.0092,"1468 Equality Ave, Rock Hill, SC 29730",Rock Hill,SC,29730,,,,https://www.truehomes.com,Sold,True Homes,,,,,,,,,,,,,,,,,,,,,,,,The Miles II - Lot #60,,3,2,1,1600,410000,,,,,,"Quick Move-In Opportunity! This thoughtfully designed semi-custom Miles II plan offers approximately 1,600 sq. ft. with 3 bedrooms and 2.5 baths, blending efficiency, comfort, and upgraded features. The first floor features a private study, a spacious kitchen and a dining area overlooking the great room. A convenient half bath completes the main level. Upstairs, the private primary suite features a large walk-in shower, generous walk-in closet, two additional bedrooms, a full bath, and an upstairs laundry closet provide everyday practicality. Home includes covered patio with 2-car detached garage. Special financing available; visit today for more information.",3,2,1,2,,,,1600,,410000,,,,,,,"https://irp.cdn-website.com/28156074/dms3rep/multi/WKP+130+Miles+II+1613+EB1+%282%29_REP.jpg,https://irp.cdn-website.com/28156074/dms3rep/multi/WKP+130+Miles+II+1613+EB1+%283%29_REP.jpg,https://irp.cdn-website.com/28156074/dms3rep/multi/WKP+130+Miles+II+1613+EB1+%284%29_REP.JPG,https://irp.cdn-website.com/28156074/dms3rep/multi/WKP+130+Miles+II+1613+EB1+%285%29_REP.JPG,https://irp.cdn-website.com/28156074/dms3rep/multi/WKP+130+Miles+II+1613+EB1+%286%29_REP.JPG,https://irp.cdn-website.com/28156074/dms3rep/multi/WKP+130+Miles+II+1613+EB1+%287%29_REP.JPG,https://irp.cdn-website.com/28156074/dms3rep/multi/WKP+130+Miles+II+1613+EB1+%288%29_REP.JPG,https://irp.cdn-website.com/28156074/dms3rep/multi/WKP+130+Miles+II+1613+EB1+%289%29_REP.JPG,https://irp.cdn-website.com/28156074/dms3rep/multi/WKP+130+Miles+II+1613+EB1+%2810%29_REP.JPG,https://irp.cdn-website.com/28156074/dms3rep/multi/WKP+130+Miles+II+1613+EB1+%2811%29_REP.JPG,https://irp.cdn-website.com/28156074/dms3rep/multi/WKP+130+Miles+II+1613+EB1+%2812%29_REP.JPG,https://irp.cdn-website.com/28156074/dms3rep/multi/WKP+130+Miles+II+1613+EB1+%2813%29_REP.JPG,https://irp.cdn-website.com/28156074/dms3rep/multi/WKP+130+Miles+II+1613+EB1+%2814%29_REP.JPG,https://irp.cdn-website.com/28156074/dms3rep/multi/WKP+130+Miles+II+1613+EB1+%2815%29_REP.JPG,https://irp.cdn-website.com/28156074/dms3rep/multi/WKP+130+Miles+II+1613+EB1+%2816%29_REP.JPG,https://irp.cdn-website.com/28156074/dms3rep/multi/WKP+130+Miles+II+1613+EB1+%2817%29_REP.JPG,https://irp.cdn-website.com/28156074/dms3rep/multi/WKP+130+Miles+II+1613+EB1+%2818%29_REP.JPG,https://irp.cdn-website.com/28156074/dms3rep/multi/WKP+130+Miles+II+1613+EB1+%2819%29_REP.JPG,https://irp.cdn-website.com/28156074/dms3rep/multi/WKP+130+Miles+II+1613+EB1+%2820%29_REP.JPG,https://irp.cdn-website.com/28156074/dms3rep/multi/WKP+130+Miles+II+1613+EB1+%2821%29_REP.JPG,https://irp.cdn-website.com/28156074/dms3rep/multi/WKP+130+Miles+II+1613+EB1+%2822%29_REP.JPG,https://irp.cdn-website.com/28156074/dms3rep/multi/WKP+130+Miles+II+1613+EB1+%2823%29_REP.JPG,https://irp.cdn-website.com/28156074/dms3rep/multi/WKP+130+Miles+II+1613+EB1+%2824%29_REP.jpg,https://irp.cdn-website.com/28156074/dms3rep/multi/WKP+130+Miles+II+1613+EB1+%2825%29_REP.jpg,https://irp.cdn-website.com/28156074/dms3rep/multi/WKP+130+Miles+II+1613+EB1+%2826%29_REP.jpg,https://irp.cdn-website.com/28156074/dms3rep/multi/WKP+130+Miles+II+1613+EB1+%2827%29_REP.jpg"
https://www.truehomes.com/new-construction-homes/move-in-ready/1456-equality-ave-rock-hill-sc-29730,,Colvin Park,34.9037,-81.0092,"1456 Equality Ave, Rock Hill, SC 29730",Rock Hill,SC,29730,,,,https://www.truehomes.com,Available,True Homes,,,,,,,,,,,,,,,,,,,,,,,,The Charlotte - Lot #66,,3,2,1,1626,399900,,,,,,"The Charlotte, a quick-move-in, semi-custom home offering approximately 1,626 sq. ft. of thoughtfully designed space. This versatile 3-bedroom, 2.5-bath floor plan features an open-concept Great Room and Dining Area, flowing seamlessly into an upgraded Kitchen with a spacious island—perfect for everyday living and entertaining. Upstairs, enjoy a large Primary Suite with a private bath and walk-in closet, plus two additional bedrooms and a convenient laundry room. Special financing available; visit us for details.",3,2,1,2,,,,1626,,399900,,,,,,,"https://irp.cdn-website.com/28156074/dms3rep/multi/TCB_8242_Charlotte_1631_EE1_EO+%282%29-02REP.JPG,https://irp.cdn-website.com/28156074/dms3rep/multi/TCB_8242_Charlotte_1631_EE1_EO+%284%29-04REP.jpg,https://irp.cdn-website.com/28156074/dms3rep/multi/TCB_8242_Charlotte_1631_EE1_EO+%285%29-05REP.jpg,https://irp.cdn-website.com/28156074/dms3rep/multi/TCB_8242_Charlotte_1631_EE1_EO+%286%29-06REP.jpg,https://irp.cdn-website.com/28156074/dms3rep/multi/TCB_8242_Charlotte_1631_EE1_EO+%287%29-07REP.jpg,https://irp.cdn-website.com/28156074/dms3rep/multi/TCB_8242_Charlotte_1631_EE1_EO+%288%29-08REP.jpg,https://irp.cdn-website.com/28156074/dms3rep/multi/TCB_8242_Charlotte_1631_EE1_EO+%289%29-09REP.jpg,https://irp.cdn-website.com/28156074/dms3rep/multi/TCB_8242_Charlotte_1631_EE1_EO+%2810%29-10REP.jpg,https://irp.cdn-website.com/28156074/dms3rep/multi/TCB_8242_Charlotte_1631_EE1_EO+%2811%29-11REP.jpg,https://irp.cdn-website.com/28156074/dms3rep/multi/TCB_8242_Charlotte_1631_EE1_EO+%2812%29-12REP.jpg,https://irp.cdn-website.com/28156074/dms3rep/multi/TCB_8242_Charlotte_1631_EE1_EO+%2813%29-13REP.jpg,https://irp.cdn-website.com/28156074/dms3rep/multi/TCB_8242_Charlotte_1631_EE1_EO+%2814%29-14REP.jpg,https://irp.cdn-website.com/28156074/dms3rep/multi/TCB_8242_Charlotte_1631_EE1_EO+%2815%29-15REP.jpg,https://irp.cdn-website.com/28156074/dms3rep/multi/TCB_8242_Charlotte_1631_EE1_EO+%2816%29-16REP.jpg,https://irp.cdn-website.com/28156074/dms3rep/multi/TCB_8242_Charlotte_1631_EE1_EO+%2817%29-17REP.jpg,https://irp.cdn-website.com/28156074/dms3rep/multi/TCB_8242_Charlotte_1631_EE1_EO+%2818%29-18REP.JPG,https://irp.cdn-website.com/28156074/dms3rep/multi/TCB_8242_Charlotte_1631_EE1_EO+%2819%29-19REP.JPG,https://irp.cdn-website.com/28156074/dms3rep/multi/TCB_8242_Charlotte_1631_EE1_EO+%2820%29-20REP.JPG,https://irp.cdn-website.com/28156074/dms3rep/multi/TCB_8242_Charlotte_1631_EE1_EO+%2821%29-21REP.JPG,https://irp.cdn-website.com/28156074/dms3rep/multi/TCB_8242_Charlotte_1631_EE1_EO+%2822%29-22REP.JPG,https://irp.cdn-website.com/28156074/dms3rep/multi/TCB_8242_Charlotte_1631_EE1_EO+%2823%29-23REP.JPG,https://irp.cdn-website.com/28156074/dms3rep/multi/TCB_8242_Charlotte_1631_EE1_EO+%2824%29-24REP.JPG"
https://www.truehomes.com/new-construction-homes/move-in-ready/184-n-district-avenue-clayton-nc-27527,,North District at Flowers Plantation Townhomes,35.6587,-78.3429,"184 N. District Avenue, Clayton, NC 27527",Clayton,NC,27527,,,,https://www.truehomes.com,Sold,True Homes,,,,,,,,,,,,,,,,,,,,,,,,The Advent TH - Lot #266,,3,2,1,2174,339900,,,,,,"Special lender incentive available. Be part of the only community connected to the vibrant waterfront district. This semi-custom home—the Advent floorplan—offers 3 bedrooms, 2.5 bathrooms, and nearly 2,200 sq ft of modern living. Enjoy a spacious great room, open dining area, and a beautifully designed kitchen with quartz countertops, contemporary cabinetry, and designer backsplash—perfect for entertaining or unwinding. A convenient tech center adds everyday functionality. Upstairs, the expansive private suite features an ensuite bath and walk-in closet. Two additional bedrooms, a flexible game room, and laundry room provide plenty of space for work, play, or relaxation. With a 2-car garage and thoughtful upgrades throughout, this home is move-in ready.",3,2,1,2,,,,2174,,339900,,,,,,,"https://irp.cdn-website.com/28156074/dms3rep/multi/NDFT+216+Advent+TH+2175+EA+IO+Jackson+%2810%29_REP.jpg,https://irp.cdn-website.com/28156074/dms3rep/multi/NDFT+216+Advent+TH+2175+EA+IO+Jackson+%2811%29_REP.jpg,https://irp.cdn-website.com/28156074/dms3rep/multi/NDFT+216+Advent+TH+2175+EA+IO+Jackson+%2812%29_REP.jpg,https://irp.cdn-website.com/28156074/dms3rep/multi/NDFT+216+Advent+TH+2175+EA+IO+Jackson+%2813%29_REP.jpg,https://irp.cdn-website.com/28156074/dms3rep/multi/NDFT+216+Advent+TH+2175+EA+IO+Jackson+%2814%29_REP.jpg,https://irp.cdn-website.com/28156074/dms3rep/multi/NDFT+216+Advent+TH+2175+EA+IO+Jackson+%2815%29_REP.jpg,https://irp.cdn-website.com/28156074/dms3rep/multi/NDFT+216+Advent+TH+2175+EA+IO+Jackson+%2816%29_REP.jpg,https://irp.cdn-website.com/28156074/dms3rep/multi/NDFT+216+Advent+TH+2175+EA+IO+Jackson+%2817%29_REP.jpg,https://irp.cdn-website.com/28156074/dms3rep/multi/NDFT+216+Advent+TH+2175+EA+IO+Jackson+%2818%29_REP.jpg,https://irp.cdn-website.com/28156074/dms3rep/multi/NDFT+216+Advent+TH+2175+EA+IO+Jackson+%2819%29_REP.jpg,https://irp.cdn-website.com/28156074/dms3rep/multi/NDFT+216+Advent+TH+2175+EA+IO+Jackson+%2820%29_REP.jpg,https://irp.cdn-website.com/28156074/dms3rep/multi/NDFT+216+Advent+TH+2175+EA+IO+Jackson+%2821%29_REP.jpg,https://irp.cdn-website.com/28156074/dms3rep/multi/NDFT+216+Advent+TH+2175+EA+IO+Jackson+%2822%29_REP.jpg,https://irp.cdn-website.com/28156074/dms3rep/multi/NDFT+216+Advent+TH+2175+EA+IO+Jackson+%2823%29_REP.jpg,https://irp.cdn-website.com/28156074/dms3rep/multi/NDFT+216+Advent+TH+2175+EA+IO+Jackson+%2824%29_REP.jpg,https://irp.cdn-website.com/28156074/dms3rep/multi/NDFT+216+Advent+TH+2175+EA+IO+Jackson+%2825%29_REP.jpg,https://irp.cdn-website.com/28156074/dms3rep/multi/NDFT+216+Advent+TH+2175+EA+IO+Jackson+%2826%29_REP.jpg,https://irp.cdn-website.com/28156074/dms3rep/multi/NDFT+216+Advent+TH+2175+EA+IO+Jackson+%2827%29_REP.jpg,https://irp.cdn-website.com/28156074/dms3rep/multi/NDFT+216+Advent+TH+2175+EA+IO+Jackson+%2828%29_REP.jpg"
https://www.truehomes.com/new-construction-homes/move-in-ready/325-drawbar-drive-clover-sc-29710,,Penley Place Townhomes,35.1309,-81.2143,"325 Drawbar Drive, Clover, SC 29710",Clover,SC,29710,,,,https://www.truehomes.com,Sold,True Homes,,,,,,,,,,,,,,,,,,,,,,,,The Longfield TH - Lot #98,,3,2,1,1762,259900,,,,,,"The Longfield offers 3 bedrooms, 2.5 bathrooms, and 1 car garage with a 2-car wide driveway. Enjoy the benefits of landscaping services included, so you can spend more time doing what you love! This beautifully designed townhome features an open main floor layout with a well-appointed kitchen, dining area, and inviting great room. The kitchen is a standout with quartz countertops, soft closed cabinets, elegant pendants, USB outlet, sleek stainless steel appliances, and stylish painted cabinetry that add a modern touch to your cooking space. Elegant laminate floors are included in the entire main living area, not to mention a modern ceiling fan and dimmer in the great room. Located in the desirable Penley Place Community, you'll enjoy the convenience of being just moments from local restaurants and parks. Make the Longfield your new home today and experience the perfect balance of comfort, style, and convenience!",3,2,1,2,,,,1762,,259900,,,,,,,"https://irp.cdn-website.com/28156074/dms3rep/multi/PLP89+-+Longfield+TH+1775+Rep+JH+%284%29.jpg,https://irp.cdn-website.com/28156074/dms3rep/multi/PLP89+-+Longfield+TH+1775+Rep+JH+%285%29.jpg,https://irp.cdn-website.com/28156074/dms3rep/multi/PLP89+-+Longfield+TH+1775+Rep+JH+%286%29.jpg,https://irp.cdn-website.com/28156074/dms3rep/multi/PLP89+-+Longfield+TH+1775+Rep+JH+%287%29.jpg,https://irp.cdn-website.com/28156074/dms3rep/multi/PLP89+-+Longfield+TH+1775+Rep+JH+%2812%29.jpg,https://irp.cdn-website.com/28156074/dms3rep/multi/PLP89+-+Longfield+TH+1775+Rep+JH+%2810%29.jpg,https://irp.cdn-website.com/28156074/dms3rep/multi/PLP89+-+Longfield+TH+1775+Rep+JH+%288%29.jpg,https://irp.cdn-website.com/28156074/dms3rep/multi/PLP89+-+Longfield+TH+1775+Rep+JH+%289%29.jpg,https://irp.cdn-website.com/28156074/dms3rep/multi/PLP89+-+Longfield+TH+1775+Rep+JH+%2813%29.jpg,https://irp.cdn-website.com/28156074/dms3rep/multi/PLP89+-+Longfield+TH+1775+Rep+JH+%2816%29.jpg,https://irp.cdn-website.com/28156074/dms3rep/multi/PLP89+-+Longfield+TH+1775+Rep+JH+%2814%29.jpg,https://irp.cdn-website.com/28156074/dms3rep/multi/PLP89+-+Longfield+TH+1775+Rep+JH+%2815%29.jpg,https://irp.cdn-website.com/28156074/dms3rep/multi/PLP89+-+Longfield+TH+1775+Rep+JH+%2817%29.jpg"
https://www.truehomes.com/new-construction-homes/move-in-ready/1039-field-sparrow-dr-ravenel-sc-29470,,Homecoming,32.8890,-80.2628,"1039 Field Sparrow Dr, Ravenel, SC 29470",Ravenel,SC,29470,,,,https://www.truehomes.com,Sold,True Homes,,,,,,,,,,,,,,,,,,,,,,,,The Jasper P - Lot #-CC3-23-4,,4,2,1,2484,436000,,,,,,"This quick move-in semi-custom home offers approximately 2,484 sq ft, 4 bedrooms, and 2.5 bathrooms with upgraded features throughout. The main level includes a formal Dining Room connected through a butler's pantry to a well-appointed Kitchen overlooking the Breakfast Nook and spacious Great Room, creating an ideal layout for everyday living and entertaining. 9-foot ceilings on both the first and second levels enhance the open feel.Upstairs, the Primary Suite features a luxury bath with garden tub and separate walk-in shower, plus a walk-in closet. Three additional bedrooms, a full bath, laundry room, and a versatile loft provide flexible living space. Designed for comfort and functionality, this quick move-in opportunity delivers modern living with thoughtful design.",4,2,1,2,,,,2484,,436000,,,,,,,"https://irp.cdn-website.com/28156074/dms3rep/multi/HCM+CC3-23-4+Jasper+P+2317+EPE1+ETrans+%282%29.jpg,https://irp.cdn-website.com/28156074/dms3rep/multi/HCM+CC3-23-4+Jasper+P+2317+EPE1+ETrans+%283%29.jpg,https://irp.cdn-website.com/28156074/dms3rep/multi/HCM+CC3-23-4+Jasper+P+2317+EPE1+ETrans+%284%29.jpg,https://irp.cdn-website.com/28156074/dms3rep/multi/HCM+CC3-23-4+Jasper+P+2317+EPE1+ETrans+%285%29.jpg,https://irp.cdn-website.com/28156074/dms3rep/multi/HCM+CC3-23-4+Jasper+P+2317+EPE1+ETrans+%286%29.jpg,https://irp.cdn-website.com/28156074/dms3rep/multi/HCM+CC3-23-4+Jasper+P+2317+EPE1+ETrans+%287%29.jpg,https://irp.cdn-website.com/28156074/dms3rep/multi/HCM+CC3-23-4+Jasper+P+2317+EPE1+ETrans+%288%29.jpg,https://irp.cdn-website.com/28156074/dms3rep/multi/HCM+CC3-23-4+Jasper+P+2317+EPE1+ETrans+%289%29.jpg,https://irp.cdn-website.com/28156074/dms3rep/multi/HCM+CC3-23-4+Jasper+P+2317+EPE1+ETrans+%2810%29.jpg,https://irp.cdn-website.com/28156074/dms3rep/multi/HCM+CC3-23-4+Jasper+P+2317+EPE1+ETrans+%2811%29.jpg,https://irp.cdn-website.com/28156074/dms3rep/multi/HCM+CC3-23-4+Jasper+P+2317+EPE1+ETrans+%2812%29.jpg,https://irp.cdn-website.com/28156074/dms3rep/multi/HCM+CC3-23-4+Jasper+P+2317+EPE1+ETrans+%2813%29.jpg,https://irp.cdn-website.com/28156074/dms3rep/multi/HCM+CC3-23-4+Jasper+P+2317+EPE1+ETrans+%2814%29.jpg,https://irp.cdn-website.com/28156074/dms3rep/multi/HCM+CC3-23-4+Jasper+P+2317+EPE1+ETrans+%2816%29.jpg,https://irp.cdn-website.com/28156074/dms3rep/multi/HCM+CC3-23-4+Jasper+P+2317+EPE1+ETrans+%2815%29.jpg,https://irp.cdn-website.com/28156074/dms3rep/multi/HCM+CC3-23-4+Jasper+P+2317+EPE1+ETrans+%2817%29.jpg"
https://www.truehomes.com/new-construction-homes/move-in-ready/112-overcash-rd-troutman-nc-28166,,True Homes Build OYL - Charlotte,35.6903,-80.8292,"112 Overcash Rd., Troutman, NC 28166",Troutman,NC,28166,,,,https://www.truehomes.com,Sold,True Homes,,,,,,,,,,,,,,,,,,,,,,,,The Huntley - Lot #7168,,4,3,1,2739,579900,,,,,,"Available now, this semi-custom Huntley on nearly 1.5 acres offers approximately 2,739 sq ft, 4 bedrooms, and 3.5 bathrooms with a spacious two-story layout. The main level features a private Study, formal Dining Room, and an expansive Great Room with fireplace that flows into an L-shaped Kitchen, creating a functional space for everyday living and entertaining. Upstairs, the Primary Suite includes a private bath and oversized walk-in closet. Three additional bedrooms, two full baths, a versatile Loft, and a convenient laundry room provide flexible living space. Designed with upgraded features throughout, this quick move-in home delivers comfort, space, and functionality. NO HOA.",4,3,1,2,,,,2739,,579900,,,,,,,
https://www.truehomes.com/new-construction-homes/move-in-ready/4659-monterrico-drive-lancaster-sc-29720,,Edgewater - The Pinery (West),34.7204,-80.7709,"4659 Monterrico Drive, Lancaster, SC 29720",Lancaster,SC,29720,,,,https://www.truehomes.com,Available,True Homes,,,,,,,,,,,,,,,,,,,,,,,,The Hope P - Lot #87,,4,2,1,3229,499900,,,,,,"The Hope plan is a quick-move in opportunity that offers approximately 3,229 sq ft, 4 bedrooms, and 2.5 bathrooms with spacious, well-designed living areas. The main level features a private Study, formal Dining Room, and a large Great Room that flows into the Breakfast Nook and U-shaped Kitchen, creating a functional layout for everyday living and entertaining. A half bath and generous pantry complete the first floor. Upstairs, the Hope includes an open Loft connecting to the Laundry Room, storage closets, and three secondary bedrooms with a full bath. The expansive Primary Suite features dual walk-in closets and a private bath with a luxury shower, offering a comfortable retreat. Located in the Edgewater Golf Course Community with pool, clubhouse, boat docks, and walking and biking trails—an exceptional opportunity for comfort, flexibility, and lifestyle.",4,2,1,2,,,,3229,,499900,,,,,,,"https://irp.cdn-website.com/28156074/dms3rep/multi/EWPW+87+Hope+P+2998+EA3+ETrad+%281%29.jpg,https://irp.cdn-website.com/28156074/dms3rep/multi/HCM+CC2+1-27+Hope+P+2996+EA1+EO+%286%29-06REP.jpg,https://irp.cdn-website.com/28156074/dms3rep/multi/HCM+CC2+1-27+Hope+P+2996+EA1+EO+%287%29-07REP.jpg,https://irp.cdn-website.com/28156074/dms3rep/multi/HCM+CC2+1-27+Hope+P+2996+EA1+EO+%288%29-08REP.jpg,https://irp.cdn-website.com/28156074/dms3rep/multi/HCM+CC2+1-27+Hope+P+2996+EA1+EO+%289%29-09REP.jpg,https://irp.cdn-website.com/28156074/dms3rep/multi/HCM+CC2+1-27+Hope+P+2996+EA1+EO+%2810%29-10REP.jpg,https://irp.cdn-website.com/28156074/dms3rep/multi/HCM+CC2+1-27+Hope+P+2996+EA1+EO+%2811%29-11REP.jpg,https://irp.cdn-website.com/28156074/dms3rep/multi/HCM+CC2+1-27+Hope+P+2996+EA1+EO+%2812%29-12REP.jpg,https://irp.cdn-website.com/28156074/dms3rep/multi/HCM+CC2+1-27+Hope+P+2996+EA1+EO+%2813%29-13REP.jpg,https://irp.cdn-website.com/28156074/dms3rep/multi/HCM+CC2+1-27+Hope+P+2996+EA1+EO+%2814%29-14REP.jpg,https://irp.cdn-website.com/28156074/dms3rep/multi/HCM+CC2+1-27+Hope+P+2996+EA1+EO+%2815%29-15REP.jpg,https://irp.cdn-website.com/28156074/dms3rep/multi/HCM+CC2+1-27+Hope+P+2996+EA1+EO+%2816%29-16REP.jpg,https://irp.cdn-website.com/28156074/dms3rep/multi/HCM+CC2+1-27+Hope+P+2996+EA1+EO+%2817%29-17REP.jpg,https://irp.cdn-website.com/28156074/dms3rep/multi/HCM+CC2+1-27+Hope+P+2996+EA1+EO+%2818%29-18REP.jpg,https://irp.cdn-website.com/28156074/dms3rep/multi/HCM+CC2+1-27+Hope+P+2996+EA1+EO+%2819%29-19REP.jpg,https://irp.cdn-website.com/28156074/dms3rep/multi/HCM+CC2+1-27+Hope+P+2996+EA1+EO+%2820%29-20REP.jpg,https://irp.cdn-website.com/28156074/dms3rep/multi/HCM+CC2+1-27+Hope+P+2996+EA1+EO+%2821%29-21REP.jpg,https://irp.cdn-website.com/28156074/dms3rep/multi/HCM+CC2+1-27+Hope+P+2996+EA1+EO+%2822%29-22REP.jpg,https://irp.cdn-website.com/28156074/dms3rep/multi/HCM+CC2+1-27+Hope+P+2996+EA1+EO+%2823%29-23REP.jpg,https://irp.cdn-website.com/28156074/dms3rep/multi/HCM+CC2+1-27+Hope+P+2996+EA1+EO+%2824%29-24REP.jpg,https://irp.cdn-website.com/28156074/dms3rep/multi/HCM+CC2+1-27+Hope+P+2996+EA1+EO+%2825%29-25REP.jpg,https://irp.cdn-website.com/28156074/dms3rep/multi/HCM+CC2+1-27+Hope+P+2996+EA1+EO+%2826%29-26REP.jpg,https://irp.cdn-website.com/28156074/dms3rep/multi/HCM+CC2+1-27+Hope+P+2996+EA1+EO+%2827%29-27REP.jpg,https://irp.cdn-website.com/28156074/dms3rep/multi/HCM+CC2+1-27+Hope+P+2996+EA1+EO+%2828%29-28REP.jpg,https://irp.cdn-website.com/28156074/dms3rep/multi/HCM+CC2+1-27+Hope+P+2996+EA1+EO+%2829%29-29REP.jpg,https://irp.cdn-website.com/28156074/dms3rep/multi/HCM+CC2+1-27+Hope+P+2996+EA1+EO+%2830%29-30REP.jpg,https://irp.cdn-website.com/28156074/dms3rep/multi/HCM+CC2+1-27+Hope+P+2996+EA1+EO+%2831%29-31REP.jpg,https://irp.cdn-website.com/28156074/dms3rep/multi/HCM+CC2+1-27+Hope+P+2996+EA1+EO+%2832%29-32REP.jpg,https://irp.cdn-website.com/28156074/dms3rep/multi/HCM+CC2+1-27+Hope+P+2996+EA1+EO+%2833%29-33REP.jpg"
https://www.truehomes.com/new-construction-homes/move-in-ready/312-jubilee-way-pageland-sc-29728,,Eagles Crest,34.7587,-80.3584,"312 Jubilee Way, Pageland, SC 29728",Pageland,SC,29728,,,,https://www.truehomes.com,Sold,True Homes,,,,,,,,,,,,,,,,,,,,,,,,The Reeves - Lot #75,,4,2,1,2092,334900,,,,,,"Quick Move-In Opportunity! This stunning semi-custom home in Eagles Crest, Pageland SC offers 4BR / 2.5BA with a bright, open-concept Reeves floor plan. Enjoy a private study, a spacious great room that flows seamlessly into the dining area and modern kitchen—perfect for everyday living or entertaining. Upstairs, find a versatile loft, generous primary suite with ensuite bath, three additional bedrooms, full bath, and convenient laundry room. Designer lighting and stylish finishes throughout. Eagles Crest is a welcoming, thoughtfully designed community with wide streets, green spaces, and a peaceful setting just minutes from local shops and dining. Don't miss your chance to call this move-in-ready home yours!",4,2,1,2,,,,2092,,334900,,,,,,,"https://irp.cdn-website.com/28156074/dms3rep/multi/EBO+25+Reeves+2110+IB3+IO+%286%29-06REP.jpg,https://irp.cdn-website.com/28156074/dms3rep/multi/EBO+25+Reeves+2110+IB3+IO+%287%29-07REP.jpg,https://irp.cdn-website.com/28156074/dms3rep/multi/EBO+25+Reeves+2110+IB3+IO+%288%29-08REP.jpg,https://irp.cdn-website.com/28156074/dms3rep/multi/EBO+25+Reeves+2110+IB3+IO+%289%29-09REP.jpg,https://irp.cdn-website.com/28156074/dms3rep/multi/EBO+25+Reeves+2110+IB3+IO+%2810%29-10REP.jpg,https://irp.cdn-website.com/28156074/dms3rep/multi/EBO+25+Reeves+2110+IB3+IO+%2811%29-11REP.jpg,https://irp.cdn-website.com/28156074/dms3rep/multi/EBO+25+Reeves+2110+IB3+IO+%2812%29-12REP.jpg,https://irp.cdn-website.com/28156074/dms3rep/multi/EBO+25+Reeves+2110+IB3+IO+%2813%29-13REP.jpg,https://irp.cdn-website.com/28156074/dms3rep/multi/EBO+25+Reeves+2110+IB3+IO+%2814%29-14REP.jpg,https://irp.cdn-website.com/28156074/dms3rep/multi/EBO+25+Reeves+2110+IB3+IO+%2815%29-15REP.jpg,https://irp.cdn-website.com/28156074/dms3rep/multi/EBO+25+Reeves+2110+IB3+IO+%2816%29-16REP.jpg,https://irp.cdn-website.com/28156074/dms3rep/multi/EBO+25+Reeves+2110+IB3+IO+%2817%29-17REP.jpg,https://irp.cdn-website.com/28156074/dms3rep/multi/EBO+25+Reeves+2110+IB3+IO+%2818%29-18REP.jpg,https://irp.cdn-website.com/28156074/dms3rep/multi/EBO+25+Reeves+2110+IB3+IO+%2819%29-19REP.jpg,https://irp.cdn-website.com/28156074/dms3rep/multi/EBO+25+Reeves+2110+IB3+IO+%2820%29-20REP.jpg,https://irp.cdn-website.com/28156074/dms3rep/multi/EBO+25+Reeves+2110+IB3+IO+%2821%29-21REP.jpg,https://irp.cdn-website.com/28156074/dms3rep/multi/EBO+25+Reeves+2110+IB3+IO+%2822%29-22REP.jpg,https://irp.cdn-website.com/28156074/dms3rep/multi/EBO+25+Reeves+2110+IB3+IO+%2823%29-23REP.jpg,https://irp.cdn-website.com/28156074/dms3rep/multi/EBO+25+Reeves+2110+IB3+IO+%2824%29-24REP.jpg,https://irp.cdn-website.com/28156074/dms3rep/multi/EBO+25+Reeves+2110+IB3+IO+%2825%29-25REP.jpg,https://irp.cdn-website.com/28156074/dms3rep/multi/EBO+25+Reeves+2110+IB3+IO+%2826%29-26REP.jpg,https://irp.cdn-website.com/28156074/dms3rep/multi/EBO+25+Reeves+2110+IB3+IO+%2827%29-27REP.jpg,https://irp.cdn-website.com/28156074/dms3rep/multi/EBO+25+Reeves+2110+IB3+IO+%2828%29-28REP.jpg"
https://www.truehomes.com/new-construction-homes/move-in-ready/33830-canopy-bluff-ln-lancaster-sc-29720,,Edgewater - Cottage Greens,34.7204,-80.7709,"33830 Canopy Bluff Ln, Lancaster, SC 29720",Lancaster,SC,29720,,,,https://www.truehomes.com,Available,True Homes,,,,,,,,,,,,,,,,,,,,,,,,The Wade - Lot #136,,3,2,1,2054,354900,,,,,,"This quick move-in semi-custom home offers approximately 2,054 sq ft, 3 bedrooms, and 2.5 bathrooms with a functional, open layout. The main level features a welcoming foyer with built-in bench, leading to an expansive Great Room, Dining Area, and well-appointed Kitchen. The Primary Suite is conveniently located on the main floor and includes a private bath with luxury walk-in shower and a spacious walk-in closet. A laundry room and half bath add everyday convenience. Upstairs, a versatile loft, two additional bedrooms, a full bath, and a storage closet provide flexible living space. Designed with upgraded features, this home offers comfort and efficiency for modern living. Located in the Edgewater Golf Course Community with pool, clubhouse, boat docks, and walking and biking trails—an exceptional opportunity for comfort, flexibility, and lifestyle.",3,2,1,1,,,,2054,,354900,,,,,,,"https://irp.cdn-website.com/28156074/dms3rep/multi/EWCG+136+Wade+2051+EA3+IO+%281%29.jpg,https://irp.cdn-website.com/28156074/dms3rep/multi/EWCG+136+Wade+2051+EA3+IO+%282%29.jpg,https://irp.cdn-website.com/28156074/dms3rep/multi/EWCG+136+Wade+2051+EA3+IO+%283%29.jpg,https://irp.cdn-website.com/28156074/dms3rep/multi/EWCG+136+Wade+2051+EA3+IO+%284%29.jpg,https://irp.cdn-website.com/28156074/dms3rep/multi/EWCG+136+Wade+2051+EA3+IO+%285%29.jpg,https://irp.cdn-website.com/28156074/dms3rep/multi/EWCG+136+Wade+2051+EA3+IO+%286%29.jpg,https://irp.cdn-website.com/28156074/dms3rep/multi/EWCG+136+Wade+2051+EA3+IO+%287%29.jpg,https://irp.cdn-website.com/28156074/dms3rep/multi/EWCG+136+Wade+2051+EA3+IO+%288%29.jpg,https://irp.cdn-website.com/28156074/dms3rep/multi/EWCG+136+Wade+2051+EA3+IO+%289%29.jpg,https://irp.cdn-website.com/28156074/dms3rep/multi/EWCG+136+Wade+2051+EA3+IO+%2810%29.jpg,https://irp.cdn-website.com/28156074/dms3rep/multi/EWCG+136+Wade+2051+EA3+IO+%2811%29.jpg,https://irp.cdn-website.com/28156074/dms3rep/multi/EWCG+136+Wade+2051+EA3+IO+%2812%29.jpg,https://irp.cdn-website.com/28156074/dms3rep/multi/EWCG+136+Wade+2051+EA3+IO+%2813%29.jpg,https://irp.cdn-website.com/28156074/dms3rep/multi/EWCG+136+Wade+2051+EA3+IO+%2814%29.jpg,https://irp.cdn-website.com/28156074/dms3rep/multi/EWCG+136+Wade+2051+EA3+IO+%2815%29.jpg,https://irp.cdn-website.com/28156074/dms3rep/multi/EWCG+136+Wade+2051+EA3+IO+%2816%29.jpg,https://irp.cdn-website.com/28156074/dms3rep/multi/EWCG+136+Wade+2051+EA3+IO+%2817%29.jpg,https://irp.cdn-website.com/28156074/dms3rep/multi/EWCG+136+Wade+2051+EA3+IO+%2818%29.jpg,https://irp.cdn-website.com/28156074/dms3rep/multi/EWCG+136+Wade+2051+EA3+IO+%2819%29.jpg,https://irp.cdn-website.com/28156074/dms3rep/multi/EWCG+136+Wade+2051+EA3+IO+%2820%29.jpg,https://irp.cdn-website.com/28156074/dms3rep/multi/EWCG+136+Wade+2051+EA3+IO+%2821%29.jpg,https://irp.cdn-website.com/28156074/dms3rep/multi/EWCG+136+Wade+2051+EA3+IO+%2822%29.jpg,https://irp.cdn-website.com/28156074/dms3rep/multi/EWCG+136+Wade+2051+EA3+IO+%2823%29.jpg,https://irp.cdn-website.com/28156074/dms3rep/multi/EWCG+136+Wade+2051+EA3+IO+%2824%29.jpg,https://irp.cdn-website.com/28156074/dms3rep/multi/EWCG+136+Wade+2051+EA3+IO+%2825%29.jpg,https://irp.cdn-website.com/28156074/dms3rep/multi/EWCG+136+Wade+2051+EA3+IO+%2826%29.jpg,https://irp.cdn-website.com/28156074/dms3rep/multi/EWCG+136+Wade+2051+EA3+IO+%2827%29.jpg,https://irp.cdn-website.com/28156074/dms3rep/multi/EWCG+136+Wade+2051+EA3+IO+%2828%29.jpg,https://irp.cdn-website.com/28156074/dms3rep/multi/EWCG+136+Wade+2051+EA3+IO+%2829%29.jpg"
https://www.truehomes.com/new-construction-homes/move-in-ready/11730-avocet-street-charlotte-nc-28215,,Village at Reedy Creek Townhomes,35.2586,-80.6756,"11730 Avocet Street, Charlotte, NC 28215",Charlotte,NC,28215,,,,https://www.truehomes.com,Sold,True Homes,,,,,,,,,,,,,,,,,,,,,,,,The Myka TH - Lot #61,,3,2,1,1451,324900,,,,,,"Welcome to Village at Reedy Creek, a vibrant new townhome community by True Homes ideally located in Charlotte, NC. Experience the perfect balance of comfort and convenience in this semi-custom, quick move-in townhome featuring 1,451 sq. ft., 3 bedrooms, and 2.5 baths across three thoughtfully designed levels. The main floor showcases an open-concept Great Room, a stylish Kitchen with eat-in nook, and access to a private rear deck—perfect for relaxing or entertaining. Enjoy the functionality of a 550+ sq. ft. tandem garage, providing ample parking and storage space. The upper level includes a spacious Primary Suite with private bath, two additional bedrooms, and a convenient laundry area. Upgraded features and flexible design options make this home ideal for modern living. Community amenities include a dog park and more—creating the perfect place to call home in Charlotte’s thriving northeast corridor. Up to $10k in Seller Incentives for Qualified Buyers!",3,2,1,3,,,,1451,,324900,,,,,,,"https://irp.cdn-website.com/28156074/dms3rep/multi/VRCT+74+Myka+TH+Model+%286%29-06REP.jpg,https://irp.cdn-website.com/28156074/dms3rep/multi/VRCT+74+Myka+TH+Model+%287%29-07REP.jpg,https://irp.cdn-website.com/28156074/dms3rep/multi/VRCT+74+Myka+TH+Model+%288%29-08REP.jpg,https://irp.cdn-website.com/28156074/dms3rep/multi/VRCT+74+Myka+TH+Model+%289%29-09REP.jpg,https://irp.cdn-website.com/28156074/dms3rep/multi/VRCT+74+Myka+TH+Model+%2810%29-10REP.jpg,https://irp.cdn-website.com/28156074/dms3rep/multi/VRCT+74+Myka+TH+Model+%2811%29-11REP.jpg,https://irp.cdn-website.com/28156074/dms3rep/multi/VRCT+74+Myka+TH+Model+%2812%29-12REP.jpg,https://irp.cdn-website.com/28156074/dms3rep/multi/VRCT+74+Myka+TH+Model+%2813%29-13REP.jpg,https://irp.cdn-website.com/28156074/dms3rep/multi/VRCT+74+Myka+TH+Model+%2814%29-14REP.jpg,https://irp.cdn-website.com/28156074/dms3rep/multi/VRCT+74+Myka+TH+Model+%2815%29-15REP.jpg,https://irp.cdn-website.com/28156074/dms3rep/multi/VRCT+74+Myka+TH+Model+%2816%29-16REP.jpg,https://irp.cdn-website.com/28156074/dms3rep/multi/VRCT+74+Myka+TH+Model+%2817%29-17REP.jpg,https://irp.cdn-website.com/28156074/dms3rep/multi/VRCT+74+Myka+TH+Model+%2818%29-18REP.jpg,https://irp.cdn-website.com/28156074/dms3rep/multi/VRCT+74+Myka+TH+Model+%2819%29-19REP.jpg,https://irp.cdn-website.com/28156074/dms3rep/multi/VRCT+74+Myka+TH+Model+%2820%29-20REP.jpg,https://irp.cdn-website.com/28156074/dms3rep/multi/VRCT+74+Myka+TH+Model+%2821%29-21REP.jpg,https://irp.cdn-website.com/28156074/dms3rep/multi/VRCT+74+Myka+TH+Model+%2822%29-22REP.jpg,https://irp.cdn-website.com/28156074/dms3rep/multi/VRCT+74+Myka+TH+Model+%2823%29-23REP.jpg,https://irp.cdn-website.com/28156074/dms3rep/multi/VRCT+74+Myka+TH+Model+%2824%29-24REP.jpg,https://irp.cdn-website.com/28156074/dms3rep/multi/VRCT+74+Myka+TH+Model+%2825%29-25REP.jpg,https://irp.cdn-website.com/28156074/dms3rep/multi/VRCT+74+Myka+TH+Model+%2826%29-26REP.jpg,https://irp.cdn-website.com/28156074/dms3rep/multi/VRCT+74+Myka+TH+Model+%2827%29-27REP.jpg,https://irp.cdn-website.com/28156074/dms3rep/multi/VRCT+74+Myka+TH+Model+%2828%29-28REP.jpg,https://irp.cdn-website.com/28156074/dms3rep/multi/VRCT+74+Myka+TH+Model+%2829%29-29REP.jpg,https://irp.cdn-website.com/28156074/dms3rep/multi/VRCT+74+Myka+TH+Model+%2830%29-30REP.jpg,https://irp.cdn-website.com/28156074/dms3rep/multi/VRCT+74+Myka+TH+Model+%2831%29-31REP.jpg,https://irp.cdn-website.com/28156074/dms3rep/multi/VRCT+74+Myka+TH+Model+%2832%29-32REP.jpg,https://irp.cdn-website.com/28156074/dms3rep/multi/VRCT+74+Myka+TH+Model+%2833%29-33REP.jpg,https://irp.cdn-website.com/28156074/dms3rep/multi/VRCT+74+Myka+TH+Model+%2834%29-34REP.jpg,https://irp.cdn-website.com/28156074/dms3rep/multi/VRCT+74+Myka+TH+Model+%2836%29-36REP.jpg"
https://www.truehomes.com/new-construction-homes/move-in-ready/14133-bobby-jones-dr-lancaster-sc-29720,,Edgewater - Harbor Pointe,34.6405,-80.8881,"14133 BOBBY JONES DR, Lancaster, SC 29720",Lancaster,SC,29720,,,,https://www.truehomes.com,Available,True Homes,,,,,,,,,,,,,,,,,,,,,,,,The Brodrick - Lot #810,,3,3,,3446,639900,,,,,,"The Brodrick at Harbor Pointe at Edgewater—offers refined living with a 2-car garage. This home boasts private study, well-appointed kitchen with quartz counters, tile backsplash, gas range, vented hood, and modern finishes. The great room features a gas burning fireplace. The main level-primary suite features a separate sitting room plus ensuite with walk-in shower. An additional bedroom, full bath, and laundry complete the main floor. Upstairs offers a loft, additional bedroom, and full bath. Home features many upgraded options, including 12 ft. glass panel sliding doors, window galore, Enjoy resort-style amenities including golf, boating, and trails, with fine dining, racquet sports, and retail.",3,3,,1,,,,3446,,639900,,,,,,,"https://irp.cdn-website.com/28156074/dms3rep/multi/EWH+810+Brodrick+2157+ED1+EO+%281%29.jpg,https://irp.cdn-website.com/28156074/dms3rep/multi/EWH+810+Brodrick+2157+ED1+EO+%282%29.jpg,https://irp.cdn-website.com/28156074/dms3rep/multi/EWH+810+Brodrick+2157+ED1+EO+%283%29.jpg,https://irp.cdn-website.com/28156074/dms3rep/multi/EWH+810+Brodrick+2157+ED1+EO+%284%29.jpg,https://irp.cdn-website.com/28156074/dms3rep/multi/EWH+810+Brodrick+2157+ED1+EO+%285%29.jpg,https://irp.cdn-website.com/28156074/dms3rep/multi/EWH+810+Brodrick+2157+ED1+EO+%286%29.jpg,https://irp.cdn-website.com/28156074/dms3rep/multi/EWH+810+Brodrick+2157+ED1+EO+%287%29.jpg,https://irp.cdn-website.com/28156074/dms3rep/multi/EWH+810+Brodrick+2157+ED1+EO+%288%29.jpg,https://irp.cdn-website.com/28156074/dms3rep/multi/EWH+810+Brodrick+2157+ED1+EO+%2810%29.jpg,https://irp.cdn-website.com/28156074/dms3rep/multi/EWH+810+Brodrick+2157+ED1+EO+%2812%29.jpg,https://irp.cdn-website.com/28156074/dms3rep/multi/EWH+810+Brodrick+2157+ED1+EO+%2813%29.jpg,https://irp.cdn-website.com/28156074/dms3rep/multi/EWH+810+Brodrick+2157+ED1+EO+%2814%29.jpg,https://irp.cdn-website.com/28156074/dms3rep/multi/EWH+810+Brodrick+2157+ED1+EO+%2815%29.jpg,https://irp.cdn-website.com/28156074/dms3rep/multi/EWH+810+Brodrick+2157+ED1+EO+%2816%29.jpg,https://irp.cdn-website.com/28156074/dms3rep/multi/EWH+810+Brodrick+2157+ED1+EO+%2818%29.jpg,https://irp.cdn-website.com/28156074/dms3rep/multi/EWH+810+Brodrick+2157+ED1+EO+%2821%29.jpg,https://irp.cdn-website.com/28156074/dms3rep/multi/EWH+810+Brodrick+2157+ED1+EO+%2822%29.jpg,https://irp.cdn-website.com/28156074/dms3rep/multi/EWH+810+Brodrick+2157+ED1+EO+%2823%29.jpg,https://irp.cdn-website.com/28156074/dms3rep/multi/EWH+810+Brodrick+2157+ED1+EO+%2824%29.jpg,https://irp.cdn-website.com/28156074/dms3rep/multi/EWH+810+Brodrick+2157+ED1+EO+%2825%29.jpg,https://irp.cdn-website.com/28156074/dms3rep/multi/EWH+810+Brodrick+2157+ED1+EO+%2826%29.jpg,https://irp.cdn-website.com/28156074/dms3rep/multi/EWH+810+Brodrick+2157+ED1+EO+%2827%29.jpg,https://irp.cdn-website.com/28156074/dms3rep/multi/EWH+810+Brodrick+2157+ED1+EO+%2828%29.jpg,https://irp.cdn-website.com/28156074/dms3rep/multi/EWH+810+Brodrick+2157+ED1+EO+%2829%29.jpg,https://irp.cdn-website.com/28156074/dms3rep/multi/EWH+810+Brodrick+2157+ED1+EO+%2830%29.jpg,https://irp.cdn-website.com/28156074/dms3rep/multi/EWH+810+Brodrick+2157+ED1+EO+%2831%29.jpg,https://irp.cdn-website.com/28156074/dms3rep/multi/EWH+810+Brodrick+2157+ED1+EO+%2832%29.jpg,https://irp.cdn-website.com/28156074/dms3rep/multi/EWH+810+Brodrick+2157+ED1+EO+%2835%29.jpg,https://irp.cdn-website.com/28156074/dms3rep/multi/EWH+810+Brodrick+2157+ED1+EO+%2836%29.jpg,https://irp.cdn-website.com/28156074/dms3rep/multi/EWH+810+Brodrick+2157+ED1+EO+%2837%29.jpg,https://irp.cdn-website.com/28156074/dms3rep/multi/EWH+810+Brodrick+2157+ED1+EO+%2840%29.jpg"
https://www.truehomes.com/new-construction-homes/move-in-ready/10345-lakeshore-drive-lancaster-sc-29720,,Edgewater - Lakeview Point,34.6343,-80.8886,"10345 Lakeshore Drive, Lancaster, SC 29720",Lancaster,SC,29720,,,,https://www.truehomes.com,Available,True Homes,,,,,,,,,,,,,,,,,,,,,,,,The Charlotte - Lot #84,,3,2,1,1626,349900,,,,,,"Quick Move-In Opportunity! 3BR / 2.5 BA Charlotte floorplan features an open concept main floor with well-appointed kitchen featuring upgraded tile backsplash, quartz counters, cabinetry, and SS appliances! Second level boasts spacious secondary bedrooms, additional full bath, laundry, and large Primary bedroom with tray ceiling and ensuite with walk-in shower. Amenity Filled Edgewater Golf Course Community features Community Pool, Biking and Walking Trails, Boat Docks, Clubhouse, and Active Community Calendar!",3,2,1,2,,,,1626,,349900,,,,,,,"https://irp.cdn-website.com/28156074/dms3rep/multi/EWL+84+Charlotte+1630+EA2+IO+%281%29.jpg,https://irp.cdn-website.com/28156074/dms3rep/multi/EWL+84+Charlotte+1630+EA2+IO+%282%29.jpg,https://irp.cdn-website.com/28156074/dms3rep/multi/EWL+84+Charlotte+1630+EA2+IO+%283%29.jpg,https://irp.cdn-website.com/28156074/dms3rep/multi/EWL+84+Charlotte+1630+EA2+IO+%284%29.jpg,https://irp.cdn-website.com/28156074/dms3rep/multi/EWL+84+Charlotte+1630+EA2+IO+%285%29.jpg,https://irp.cdn-website.com/28156074/dms3rep/multi/EWL+84+Charlotte+1630+EA2+IO+%286%29.jpg,https://irp.cdn-website.com/28156074/dms3rep/multi/EWL+84+Charlotte+1630+EA2+IO+%287%29.jpg,https://irp.cdn-website.com/28156074/dms3rep/multi/EWL+84+Charlotte+1630+EA2+IO+%288%29.jpg,https://irp.cdn-website.com/28156074/dms3rep/multi/EWL+84+Charlotte+1630+EA2+IO+%289%29.jpg,https://irp.cdn-website.com/28156074/dms3rep/multi/EWL+84+Charlotte+1630+EA2+IO+%2810%29.jpg,https://irp.cdn-website.com/28156074/dms3rep/multi/EWL+84+Charlotte+1630+EA2+IO+%2811%29.jpg,https://irp.cdn-website.com/28156074/dms3rep/multi/EWL+84+Charlotte+1630+EA2+IO+%2812%29.jpg,https://irp.cdn-website.com/28156074/dms3rep/multi/EWL+84+Charlotte+1630+EA2+IO+%2813%29.jpg,https://irp.cdn-website.com/28156074/dms3rep/multi/EWL+84+Charlotte+1630+EA2+IO+%2814%29.jpg,https://irp.cdn-website.com/28156074/dms3rep/multi/EWL+84+Charlotte+1630+EA2+IO+%2815%29.jpg,https://irp.cdn-website.com/28156074/dms3rep/multi/EWL+84+Charlotte+1630+EA2+IO+%2816%29.jpg,https://irp.cdn-website.com/28156074/dms3rep/multi/EWL+84+Charlotte+1630+EA2+IO+%2817%29.jpg,https://irp.cdn-website.com/28156074/dms3rep/multi/EWL+84+Charlotte+1630+EA2+IO+%2818%29.jpg,https://irp.cdn-website.com/28156074/dms3rep/multi/EWL+84+Charlotte+1630+EA2+IO+%2819%29.jpg,https://irp.cdn-website.com/28156074/dms3rep/multi/EWL+84+Charlotte+1630+EA2+IO+%2820%29.jpg,https://irp.cdn-website.com/28156074/dms3rep/multi/EWL+84+Charlotte+1630+EA2+IO+%2821%29.jpg,https://irp.cdn-website.com/28156074/dms3rep/multi/EWL+84+Charlotte+1630+EA2+IO+%2822%29.jpg,https://irp.cdn-website.com/28156074/dms3rep/multi/EWL+84+Charlotte+1630+EA2+IO+%2823%29.jpg,https://irp.cdn-website.com/28156074/dms3rep/multi/EWL+84+Charlotte+1630+EA2+IO+%2824%29.jpg,https://irp.cdn-website.com/28156074/dms3rep/multi/EWL+84+Charlotte+1630+EA2+IO+%2825%29.jpg,https://irp.cdn-website.com/28156074/dms3rep/multi/EWL+84+Charlotte+1630+EA2+IO+%2826%29.jpg,https://irp.cdn-website.com/28156074/dms3rep/multi/EWL+84+Charlotte+1630+EA2+IO+%2827%29.jpg,https://irp.cdn-website.com/28156074/dms3rep/multi/EWL+84+Charlotte+1630+EA2+IO+%2828%29.jpg,https://irp.cdn-website.com/28156074/dms3rep/multi/EWL+84+Charlotte+1630+EA2+IO+%2829%29.jpg"
https://www.truehomes.com/new-construction-homes/move-in-ready/11734-avocet-street-charlotte-nc-28215,,Village at Reedy Creek Townhomes,35.2587,-80.6755,"11734 Avocet Street, Charlotte, NC 28215",Charlotte,NC,28215,,,,https://www.truehomes.com,Sold,True Homes,,,,,,,,,,,,,,,,,,,,,,,,The Myka TH - Lot #60,,3,2,1,1451,315000,,,,,,"Welcome to Village at Reedy Creek, a vibrant new townhome community by True Homes ideally located in Charlotte, NC. Experience the perfect balance of comfort and convenience in this semi-custom, quick move-in townhome featuring 1,451 sq. ft., 3 bedrooms, and 2.5 baths across three thoughtfully designed levels. The main floor showcases an open-concept Great Room, a stylish Kitchen with eat-in nook, and access to a private rear deck—perfect for relaxing or entertaining. Enjoy the functionality of a 550+ sq. ft. tandem garage, providing ample parking and storage space. The upper level includes a spacious Primary Suite with private bath, two additional bedrooms, and a convenient laundry area. Upgraded features and flexible design options make this home ideal for modern living. Community amenities include a dog park and more—creating the perfect place to call home in Charlotte’s thriving northeast corridor. Up to $20k in Seller Incentives for Qualified Buyers!",3,2,1,3,,,,1451,,315000,,,,,,,
https://www.truehomes.com/new-construction-homes/move-in-ready/44512-silent-meadows-dr-lancaster-sc-29720,,Edgewater - Cottage Greens,34.7219,-80.7941,"44512 Silent Meadows Dr, Lancaster, SC 29720",Lancaster,SC,29720,,,,https://www.truehomes.com,Sold,True Homes,,,,,,,,,,,,,,,,,,,,,,,,The Reeves - Lot #106,,4,2,1,2092,329900,,,,,,"This quick move-in semi-custom Reeves offers approximately 2,092 sq ft, 4 bedrooms, and 2.5 bathrooms with upgraded features throughout. The main level features an open-concept Great Room flowing into a spacious Kitchen and Dining Nook, along with a private Study for flexible living needs. Upstairs, the oversized Primary Suite includes a private bath and walk-in closet. Three additional bedrooms, a full bath, a large Loft, and a Laundry Room with folding table provide functional living space. Exterior cement board siding and interior upgrades such as quartz countertops and enhanced cabinetry complete this well-designed home. Located in the Edgewater Golf Course Community with pool, clubhouse, boat docks, and walking and biking trails—an exceptional opportunity for comfort, flexibility, and lifestyle.",4,2,1,2,,,,2092,,329900,,,,,,,"https://irp.cdn-website.com/28156074/dms3rep/multi/EBO+25+Reeves+2110+IB3+IO+%286%29-06REP.jpg,https://irp.cdn-website.com/28156074/dms3rep/multi/EBO+25+Reeves+2110+IB3+IO+%287%29-07REP.jpg,https://irp.cdn-website.com/28156074/dms3rep/multi/EBO+25+Reeves+2110+IB3+IO+%288%29-08REP.jpg,https://irp.cdn-website.com/28156074/dms3rep/multi/EBO+25+Reeves+2110+IB3+IO+%289%29-09REP.jpg,https://irp.cdn-website.com/28156074/dms3rep/multi/EBO+25+Reeves+2110+IB3+IO+%2810%29-10REP.jpg,https://irp.cdn-website.com/28156074/dms3rep/multi/EBO+25+Reeves+2110+IB3+IO+%2811%29-11REP.jpg,https://irp.cdn-website.com/28156074/dms3rep/multi/EBO+25+Reeves+2110+IB3+IO+%2812%29-12REP.jpg,https://irp.cdn-website.com/28156074/dms3rep/multi/EBO+25+Reeves+2110+IB3+IO+%2813%29-13REP.jpg,https://irp.cdn-website.com/28156074/dms3rep/multi/EBO+25+Reeves+2110+IB3+IO+%2814%29-14REP.jpg,https://irp.cdn-website.com/28156074/dms3rep/multi/EBO+25+Reeves+2110+IB3+IO+%2815%29-15REP.jpg,https://irp.cdn-website.com/28156074/dms3rep/multi/EBO+25+Reeves+2110+IB3+IO+%2816%29-16REP.jpg,https://irp.cdn-website.com/28156074/dms3rep/multi/EBO+25+Reeves+2110+IB3+IO+%2817%29-17REP.jpg,https://irp.cdn-website.com/28156074/dms3rep/multi/EBO+25+Reeves+2110+IB3+IO+%2818%29-18REP.jpg,https://irp.cdn-website.com/28156074/dms3rep/multi/EBO+25+Reeves+2110+IB3+IO+%2819%29-19REP.jpg,https://irp.cdn-website.com/28156074/dms3rep/multi/EBO+25+Reeves+2110+IB3+IO+%2820%29-20REP.jpg,https://irp.cdn-website.com/28156074/dms3rep/multi/EBO+25+Reeves+2110+IB3+IO+%2821%29-21REP.jpg,https://irp.cdn-website.com/28156074/dms3rep/multi/EBO+25+Reeves+2110+IB3+IO+%2822%29-22REP.jpg,https://irp.cdn-website.com/28156074/dms3rep/multi/EBO+25+Reeves+2110+IB3+IO+%2823%29-23REP.jpg,https://irp.cdn-website.com/28156074/dms3rep/multi/EBO+25+Reeves+2110+IB3+IO+%2824%29-24REP.jpg,https://irp.cdn-website.com/28156074/dms3rep/multi/EBO+25+Reeves+2110+IB3+IO+%2825%29-25REP.jpg,https://irp.cdn-website.com/28156074/dms3rep/multi/EBO+25+Reeves+2110+IB3+IO+%2826%29-26REP.jpg,https://irp.cdn-website.com/28156074/dms3rep/multi/EBO+25+Reeves+2110+IB3+IO+%2827%29-27REP.jpg,https://irp.cdn-website.com/28156074/dms3rep/multi/EBO+25+Reeves+2110+IB3+IO+%2828%29-28REP.jpg"
https://www.truehomes.com/new-construction-homes/move-in-ready/11809-avocet-street-charlotte-nc-28215,,Village at Reedy Creek Townhomes,35.2591,-80.6754,"11809 Avocet Street, Charlotte, NC 28215",Charlotte,NC,28215,,,,https://www.truehomes.com,Sold,True Homes,,,,,,,,,,,,,,,,,,,,,,,,The Myka TH - Lot #26,,3,2,1,1451,299900,,,,,,"Welcome to Village at Reedy Creek, a vibrant new townhome community by True Homes ideally located in Charlotte, NC. Experience the perfect balance of comfort and convenience in this semi-custom, quick move-in townhome featuring 1,451 sq. ft., 3 bedrooms, and 2.5 baths across three thoughtfully designed levels. The main floor showcases an open-concept Great Room, a stylish Kitchen with eat-in nook, and access to a private rear deck—perfect for relaxing or entertaining. Enjoy the functionality of a 550+ sq. ft. tandem garage, providing ample parking and storage space. The upper level includes a spacious Primary Suite with private bath, two additional bedrooms, and a convenient laundry area. Upgraded features and flexible design options make this home ideal for modern living. Community amenities include a dog park and more—creating the perfect place to call home in Charlotte’s thriving northeast corridor. Up to $10k in Seller Incentives for Qualified Buyers!",3,2,1,2,,,,1451,,299900,,,,,,,"https://irp.cdn-website.com/28156074/dms3rep/multi/VRCT+74+Myka+TH+Model+%286%29-06REP.jpg,https://irp.cdn-website.com/28156074/dms3rep/multi/VRCT+74+Myka+TH+Model+%287%29-07REP.jpg,https://irp.cdn-website.com/28156074/dms3rep/multi/VRCT+74+Myka+TH+Model+%288%29-08REP.jpg,https://irp.cdn-website.com/28156074/dms3rep/multi/VRCT+74+Myka+TH+Model+%289%29-09REP.jpg,https://irp.cdn-website.com/28156074/dms3rep/multi/VRCT+74+Myka+TH+Model+%2810%29-10REP.jpg,https://irp.cdn-website.com/28156074/dms3rep/multi/VRCT+74+Myka+TH+Model+%2811%29-11REP.jpg,https://irp.cdn-website.com/28156074/dms3rep/multi/VRCT+74+Myka+TH+Model+%2812%29-12REP.jpg,https://irp.cdn-website.com/28156074/dms3rep/multi/VRCT+74+Myka+TH+Model+%2813%29-13REP.jpg,https://irp.cdn-website.com/28156074/dms3rep/multi/VRCT+74+Myka+TH+Model+%2814%29-14REP.jpg,https://irp.cdn-website.com/28156074/dms3rep/multi/VRCT+74+Myka+TH+Model+%2815%29-15REP.jpg,https://irp.cdn-website.com/28156074/dms3rep/multi/VRCT+74+Myka+TH+Model+%2816%29-16REP.jpg,https://irp.cdn-website.com/28156074/dms3rep/multi/VRCT+74+Myka+TH+Model+%2817%29-17REP.jpg,https://irp.cdn-website.com/28156074/dms3rep/multi/VRCT+74+Myka+TH+Model+%2818%29-18REP.jpg,https://irp.cdn-website.com/28156074/dms3rep/multi/VRCT+74+Myka+TH+Model+%2819%29-19REP.jpg,https://irp.cdn-website.com/28156074/dms3rep/multi/VRCT+74+Myka+TH+Model+%2820%29-20REP.jpg,https://irp.cdn-website.com/28156074/dms3rep/multi/VRCT+74+Myka+TH+Model+%2821%29-21REP.jpg,https://irp.cdn-website.com/28156074/dms3rep/multi/VRCT+74+Myka+TH+Model+%2822%29-22REP.jpg,https://irp.cdn-website.com/28156074/dms3rep/multi/VRCT+74+Myka+TH+Model+%2823%29-23REP.jpg,https://irp.cdn-website.com/28156074/dms3rep/multi/VRCT+74+Myka+TH+Model+%2824%29-24REP.jpg,https://irp.cdn-website.com/28156074/dms3rep/multi/VRCT+74+Myka+TH+Model+%2825%29-25REP.jpg,https://irp.cdn-website.com/28156074/dms3rep/multi/VRCT+74+Myka+TH+Model+%2826%29-26REP.jpg,https://irp.cdn-website.com/28156074/dms3rep/multi/VRCT+74+Myka+TH+Model+%2827%29-27REP.jpg,https://irp.cdn-website.com/28156074/dms3rep/multi/VRCT+74+Myka+TH+Model+%2828%29-28REP.jpg,https://irp.cdn-website.com/28156074/dms3rep/multi/VRCT+74+Myka+TH+Model+%2829%29-29REP.jpg,https://irp.cdn-website.com/28156074/dms3rep/multi/VRCT+74+Myka+TH+Model+%2830%29-30REP.jpg,https://irp.cdn-website.com/28156074/dms3rep/multi/VRCT+74+Myka+TH+Model+%2831%29-31REP.jpg,https://irp.cdn-website.com/28156074/dms3rep/multi/VRCT+74+Myka+TH+Model+%2832%29-32REP.jpg,https://irp.cdn-website.com/28156074/dms3rep/multi/VRCT+74+Myka+TH+Model+%2833%29-33REP.jpg,https://irp.cdn-website.com/28156074/dms3rep/multi/VRCT+74+Myka+TH+Model+%2834%29-34REP.jpg,https://irp.cdn-website.com/28156074/dms3rep/multi/VRCT+74+Myka+TH+Model+%2836%29-36REP.jpg"
https://www.truehomes.com/new-construction-homes/move-in-ready/711-bermuda-walk-sunset-beach-nc-28468,,True Homes Build OYL - Wilmington,33.9081,-78.5210,"711 Bermuda Walk, Sunset Beach, NC 28468",Sunset Beach,NC,28468,,,,https://www.truehomes.com,Sold,True Homes,,,,,,,,,,,,,,,,,,,,,,,,The Bayside - Lot #90,,4,3,,2354,549900,,,,,,"Welcome to this semi-custom quick move-in home in the highly sought-after Sea Trail community, just minutes from Sunset Beach. This 4-bedroom, 3-bath Bayside floorplan showcases upgraded features including quartz countertops, designer lighting, and stylish finishes throughout. The open layout flows to a spacious screened porch--ideal for enjoying coastal breezes year-round. A private upstairs guest suite offers flexible living with a bedroom, full bath, and separate living area--perfect for visitors or multi-generational use. Community amenities include indoor and outdoor pools, fitness center, clubhouse, tennis and pickleball courts, and on-site golf. Convenient access to beach parking enhances the coastal lifestyle. Experience low-maintenance living and modern design in this beautifully appointed coastal home.",4,3,,1,,,,2354,,549900,,,,,,,"https://irp.cdn-website.com/28156074/dms3rep/multi/CTL+90+Bayside+1620+EE1+EC+%282%29.jpg,https://irp.cdn-website.com/28156074/dms3rep/multi/CTL+90+Bayside+1620+EE1+EC+%283%29.jpg,https://irp.cdn-website.com/28156074/dms3rep/multi/CTL+90+Bayside+1620+EE1+EC+%284%29.jpg,https://irp.cdn-website.com/28156074/dms3rep/multi/CTL+90+Bayside+1620+EE1+EC+%285%29.jpg,https://irp.cdn-website.com/28156074/dms3rep/multi/CTL+90+Bayside+1620+EE1+EC+%286%29.jpg,https://irp.cdn-website.com/28156074/dms3rep/multi/CTL+90+Bayside+1620+EE1+EC+%287%29.jpg,https://irp.cdn-website.com/28156074/dms3rep/multi/CTL+90+Bayside+1620+EE1+EC+%288%29.jpg,https://irp.cdn-website.com/28156074/dms3rep/multi/CTL+90+Bayside+1620+EE1+EC+%2810%29.jpg,https://irp.cdn-website.com/28156074/dms3rep/multi/CTL+90+Bayside+1620+EE1+EC+%2811%29.jpg,https://irp.cdn-website.com/28156074/dms3rep/multi/CTL+90+Bayside+1620+EE1+EC+%2813%29.jpg,https://irp.cdn-website.com/28156074/dms3rep/multi/CTL+90+Bayside+1620+EE1+EC+%2814%29.jpg,https://irp.cdn-website.com/28156074/dms3rep/multi/CTL+90+Bayside+1620+EE1+EC+%2819%29.jpg,https://irp.cdn-website.com/28156074/dms3rep/multi/CTL+90+Bayside+1620+EE1+EC+%2820%29.jpg,https://irp.cdn-website.com/28156074/dms3rep/multi/CTL+90+Bayside+1620+EE1+EC+%2821%29.jpg,https://irp.cdn-website.com/28156074/dms3rep/multi/CTL+90+Bayside+1620+EE1+EC+%2822%29.jpg,https://irp.cdn-website.com/28156074/dms3rep/multi/CTL+90+Bayside+1620+EE1+EC+%2823%29.jpg,https://irp.cdn-website.com/28156074/dms3rep/multi/CTL+90+Bayside+1620+EE1+EC+%2826%29.jpg,https://irp.cdn-website.com/28156074/dms3rep/multi/CTL+90+Bayside+1620+EE1+EC+%2827%29.jpg,https://irp.cdn-website.com/28156074/dms3rep/multi/CTL+90+Bayside+1620+EE1+EC+%2829%29.jpg,https://irp.cdn-website.com/28156074/dms3rep/multi/CTL+90+Bayside+1620+EE1+EC+%2830%29.jpg,https://irp.cdn-website.com/28156074/dms3rep/multi/CTL+90+Bayside+1620+EE1+EC+%2831%29.jpg,https://irp.cdn-website.com/28156074/dms3rep/multi/CTL+90+Bayside+1620+EE1+EC+%2832%29.jpg,https://irp.cdn-website.com/28156074/dms3rep/multi/CTL+90+Bayside+1620+EE1+EC+%2833%29.jpg,https://irp.cdn-website.com/28156074/dms3rep/multi/CTL+90+Bayside+1620+EE1+EC+%2834%29.jpg,https://irp.cdn-website.com/28156074/dms3rep/multi/CTL+90+Bayside+1620+EE1+EC+%2835%29.jpg,https://irp.cdn-website.com/28156074/dms3rep/multi/CTL+90+Bayside+1620+EE1+EC+%2836%29.jpg,https://irp.cdn-website.com/28156074/dms3rep/multi/CTL+90+Bayside+1620+EE1+EC+%2837%29.jpg,https://irp.cdn-website.com/28156074/dms3rep/multi/CTL+90+Bayside+1620+EE1+EC+%2838%29.jpg,https://irp.cdn-website.com/28156074/dms3rep/multi/CTL+90+Bayside+1620+EE1+EC+%2842%29.jpg,https://irp.cdn-website.com/28156074/dms3rep/multi/CTL+90+Bayside+1620+EE1+EC+%2845%29.jpg"
https://www.truehomes.com/new-construction-homes/move-in-ready/4112-country-club-rd-winston-salem-nc-27104,,True Homes Build OYL - Triad,36.0885,-80.3205,"4112 Country Club Rd, Winston Salem, NC 27104",Winston Salem,NC,27104,,,,https://www.truehomes.com,Available,True Homes,,,,,,,,,,,,,,,,,,,,,,,,The Lenox - Lot #1034,,4,2,1,2403,429500,,,,,,"The Lenox floorplan offers approximately 2,548 sq ft, 4 bedrooms, and 2.5 bathrooms with upgraded features throughout. The main level includes an open-concept Great Room, Dining Area, private Study, and a well-appointed Kitchen with a large island and abundant cabinetry. 9’ ceilings on the first floor enhance the open feel. Upstairs, the Primary Suite features a private bath with dual vanities, tiled walk-in shower with transom window, garden tub, and a spacious walk-in closet. Additional highlights include a loft, secondary bedrooms, and a laundry room with folding table. Exterior features include an oversized 2-car garage and a 0.41-acre homesite with no HOA.",4,2,1,2,,,,2403,,429500,,,,,,,"https://irp.cdn-website.com/28156074/dms3rep/multi/TTLA+1034+Lenox+2472+EB4+IO+%281%29.jpg,https://irp.cdn-website.com/28156074/dms3rep/multi/TTLA+1034+Lenox+2472+EB4+IO+%282%29.jpg,https://irp.cdn-website.com/28156074/dms3rep/multi/TTLA+1034+Lenox+2472+EB4+IO+%283%29.jpg,https://irp.cdn-website.com/28156074/dms3rep/multi/TTLA+1034+Lenox+2472+EB4+IO+%284%29.jpg,https://irp.cdn-website.com/28156074/dms3rep/multi/TTLA+1034+Lenox+2472+EB4+IO+%285%29.jpg,https://irp.cdn-website.com/28156074/dms3rep/multi/TTLA+1034+Lenox+2472+EB4+IO+%286%29.jpg,https://irp.cdn-website.com/28156074/dms3rep/multi/TTLA+1034+Lenox+2472+EB4+IO+%287%29.jpg,https://irp.cdn-website.com/28156074/dms3rep/multi/TTLA+1034+Lenox+2472+EB4+IO+%288%29.jpg,https://irp.cdn-website.com/28156074/dms3rep/multi/TTLA+1034+Lenox+2472+EB4+IO+%289%29.jpg,https://irp.cdn-website.com/28156074/dms3rep/multi/TTLA+1034+Lenox+2472+EB4+IO+%2811%29.jpg,https://irp.cdn-website.com/28156074/dms3rep/multi/TTLA+1034+Lenox+2472+EB4+IO+%2812%29.jpg,https://irp.cdn-website.com/28156074/dms3rep/multi/TTLA+1034+Lenox+2472+EB4+IO+%2813%29.jpg,https://irp.cdn-website.com/28156074/dms3rep/multi/TTLA+1034+Lenox+2472+EB4+IO+%2814%29.jpg,https://irp.cdn-website.com/28156074/dms3rep/multi/TTLA+1034+Lenox+2472+EB4+IO+%2815%29.jpg,https://irp.cdn-website.com/28156074/dms3rep/multi/TTLA+1034+Lenox+2472+EB4+IO+%2816%29.jpg,https://irp.cdn-website.com/28156074/dms3rep/multi/TTLA+1034+Lenox+2472+EB4+IO+%2817%29.jpg,https://irp.cdn-website.com/28156074/dms3rep/multi/TTLA+1034+Lenox+2472+EB4+IO+%2818%29.jpg,https://irp.cdn-website.com/28156074/dms3rep/multi/TTLA+1034+Lenox+2472+EB4+IO+%2819%29.jpg,https://irp.cdn-website.com/28156074/dms3rep/multi/TTLA+1034+Lenox+2472+EB4+IO+%2821%29.jpg,https://irp.cdn-website.com/28156074/dms3rep/multi/TTLA+1034+Lenox+2472+EB4+IO+%2822%29.jpg,https://irp.cdn-website.com/28156074/dms3rep/multi/TTLA+1034+Lenox+2472+EB4+IO+%2823%29.jpg,https://irp.cdn-website.com/28156074/dms3rep/multi/TTLA+1034+Lenox+2472+EB4+IO+%2825%29.jpg,https://irp.cdn-website.com/28156074/dms3rep/multi/TTLA+1034+Lenox+2472+EB4+IO+%2826%29.jpg,https://irp.cdn-website.com/28156074/dms3rep/multi/TTLA+1034+Lenox+2472+EB4+IO+%2827%29.jpg,https://irp.cdn-website.com/28156074/dms3rep/multi/TTLA+1034+Lenox+2472+EB4+IO+%2828%29.jpg,https://irp.cdn-website.com/28156074/dms3rep/multi/TTLA+1034+Lenox+2472+EB4+IO+%2829%29.jpg,https://irp.cdn-website.com/28156074/dms3rep/multi/TTLA+1034+Lenox+2472+EB4+IO+%2830%29.jpg,https://irp.cdn-website.com/28156074/dms3rep/multi/TTLA+1034+Lenox+2472+EB4+IO+%2831%29.jpg,https://irp.cdn-website.com/28156074/dms3rep/multi/TTLA+1034+Lenox+2472+EB4+IO+%2832%29.jpg,https://irp.cdn-website.com/28156074/dms3rep/multi/TTLA+1034+Lenox+2472+EB4+IO+%2833%29.jpg,https://irp.cdn-website.com/28156074/dms3rep/multi/TTLA+1034+Lenox+2472+EB4+IO+%2834%29.jpg"
https://www.truehomes.com/new-construction-homes/move-in-ready/1175-natal-drive-se-bolivia-nc-28422,,True Homes Build OYL - Wilmington,33.9988,-78.2252,"1175 Natal Drive SE, Bolivia, NC 28422",Bolivia,NC,28422,,,,https://www.truehomes.com,Available,True Homes,,,,,,,,,,,,,,,,,,,,,,,,The Broadway - Lot #89,,3,3,,2305,524900,,,,,,"Quick Move-In Opportunity | Semi-Custom The Broadway The Broadway floorplan offers 3 bedrooms and 3 bathrooms with spacious, thoughtfully designed living areas and upgraded features throughout. The open-concept layout highlights a large Kitchen island with abundant cabinetry, flowing seamlessly into the main living spaces--ideal for everyday living and entertaining. Interior upgrades include quartz countertops, designer lighting, and refined finishes that enhance the home's overall style. Enjoy outdoor living on the screened porch, providing a comfortable space for relaxation or gatherings. Located in Palmetto Creek, residents have access to community amenities including a clubhouse, pool, fitness center, courts, trails, and water access.",3,3,,1,,,,2305,,524900,,,,,,,"https://irp.cdn-website.com/28156074/dms3rep/multi/CTL+89+Broadway+2113+TA4B+EO+%281%29.jpg,https://irp.cdn-website.com/28156074/dms3rep/multi/CTL+89+Broadway+2113+TA4B+EO+%282%29.jpg,https://irp.cdn-website.com/28156074/dms3rep/multi/CTL+89+Broadway+2113+TA4B+EO+%283%29.jpg,https://irp.cdn-website.com/28156074/dms3rep/multi/CTL+89+Broadway+2113+TA4B+EO+%284%29.jpg,https://irp.cdn-website.com/28156074/dms3rep/multi/CTL+89+Broadway+2113+TA4B+EO+%285%29.jpg,https://irp.cdn-website.com/28156074/dms3rep/multi/CTL+89+Broadway+2113+TA4B+EO+%286%29.jpg,https://irp.cdn-website.com/28156074/dms3rep/multi/CTL+89+Broadway+2113+TA4B+EO+%287%29.jpg,https://irp.cdn-website.com/28156074/dms3rep/multi/CTL+89+Broadway+2113+TA4B+EO+%288%29.jpg,https://irp.cdn-website.com/28156074/dms3rep/multi/CTL+89+Broadway+2113+TA4B+EO+%289%29.jpg,https://irp.cdn-website.com/28156074/dms3rep/multi/CTL+89+Broadway+2113+TA4B+EO+%2810%29.jpg,https://irp.cdn-website.com/28156074/dms3rep/multi/CTL+89+Broadway+2113+TA4B+EO+%2811%29.jpg,https://irp.cdn-website.com/28156074/dms3rep/multi/CTL+89+Broadway+2113+TA4B+EO+%2812%29.jpg,https://irp.cdn-website.com/28156074/dms3rep/multi/CTL+89+Broadway+2113+TA4B+EO+%2813%29.jpg,https://irp.cdn-website.com/28156074/dms3rep/multi/CTL+89+Broadway+2113+TA4B+EO+%2814%29.jpg,https://irp.cdn-website.com/28156074/dms3rep/multi/CTL+89+Broadway+2113+TA4B+EO+%2815%29.jpg,https://irp.cdn-website.com/28156074/dms3rep/multi/CTL+89+Broadway+2113+TA4B+EO+%2816%29.jpg,https://irp.cdn-website.com/28156074/dms3rep/multi/CTL+89+Broadway+2113+TA4B+EO+%2817%29.jpg,https://irp.cdn-website.com/28156074/dms3rep/multi/CTL+89+Broadway+2113+TA4B+EO+%2818%29.jpg,https://irp.cdn-website.com/28156074/dms3rep/multi/CTL+89+Broadway+2113+TA4B+EO+%2819%29.jpg,https://irp.cdn-website.com/28156074/dms3rep/multi/CTL+89+Broadway+2113+TA4B+EO+%2820%29.jpg,https://irp.cdn-website.com/28156074/dms3rep/multi/CTL+89+Broadway+2113+TA4B+EO+%2821%29.jpg,https://irp.cdn-website.com/28156074/dms3rep/multi/CTL+89+Broadway+2113+TA4B+EO+%2822%29.jpg,https://irp.cdn-website.com/28156074/dms3rep/multi/CTL+89+Broadway+2113+TA4B+EO+%2823%29.jpg,https://irp.cdn-website.com/28156074/dms3rep/multi/CTL+89+Broadway+2113+TA4B+EO+%2824%29.jpg,https://irp.cdn-website.com/28156074/dms3rep/multi/CTL+89+Broadway+2113+TA4B+EO+%2825%29.jpg,https://irp.cdn-website.com/28156074/dms3rep/multi/CTL+89+Broadway+2113+TA4B+EO+%2826%29.jpg,https://irp.cdn-website.com/28156074/dms3rep/multi/CTL+89+Broadway+2113+TA4B+EO+%2827%29.jpg,https://irp.cdn-website.com/28156074/dms3rep/multi/CTL+89+Broadway+2113+TA4B+EO+%2828%29.jpg,https://irp.cdn-website.com/28156074/dms3rep/multi/CTL+89+Broadway+2113+TA4B+EO+%2829%29.jpg,https://irp.cdn-website.com/28156074/dms3rep/multi/CTL+89+Broadway+2113+TA4B+EO+%2830%29.jpg,https://irp.cdn-website.com/28156074/dms3rep/multi/CTL+89+Broadway+2113+TA4B+EO+%2832%29.jpg"
https://www.truehomes.com/new-construction-homes/move-in-ready/4218-arable-st-thomasville-nc-27360,,Covington Ridge Townhomes,35.8723,-80.0375,"4218 Arable St, Thomasville, NC 27360",Thomasville,NC,27360,,,,https://www.truehomes.com,Available,True Homes,,,,,,,,,,,,,,,,,,,,,,,,The Karver TH - Lot #222,,3,2,1,2120,299500,,,,,,,3,2,1,2,,,,2120,,299500,,,,,,,
https://www.truehomes.com/new-construction-homes/move-in-ready/212-oriole-dr-angier-nc-27501,,White Oak Creek Crossing,35.5234,-78.7523,"212 ORIOLE DR, Angier, NC 27501",Angier,NC,27501,,,,https://www.truehomes.com,Available,True Homes,,,,,,,,,,,,,,,,,,,,,,,,The Aria - Lot #165,,3,2,1,1723,344900,,,,,,"Discover The Aria, a thoughtfully designed semi-custom home offering approximately 1,723 square feet with 3 bedrooms and 2.5 baths. This versatile floorplan is ideal as a quick move-in opportunity, combining open-concept living with flexible space for today's lifestyle. The main level features a spacious Great Room that flows seamlessly into the kitchen and dining area--perfect for everyday living and entertaining. Upstairs, the oversized primary suite serves as a private retreat, complete with a large walk-in closet and well-appointed bath. A generous loft provides additional living space, while two secondary bedrooms and a convenient laundry room complete the second floor. The Aria offers comfort, efficiency, and style in a well-balanced home. White Oak Creek Crossing is a new residential community in Angier, NC, featuring single-family homes and townhomes across a thoughtfully planned two-phase development. Residents enjoy access to community trails and convenient proximity to Downtown Angier, NC 55, the Angier Bypass, Raleigh, and Research Triangle Park--supporting everyday commuting, shopping, and dining needs.",3,2,1,2,,,,1723,,344900,,,,,,,"https://irp.cdn-website.com/28156074/dms3rep/multi/MR179+Aria1720+%281%29-13REP.jpg,https://irp.cdn-website.com/28156074/dms3rep/multi/MR179+Aria1720+%283%29-15REP.jpg,https://irp.cdn-website.com/28156074/dms3rep/multi/MR179+Aria1720+%284%29-16REP.JPG,https://irp.cdn-website.com/28156074/dms3rep/multi/MR179+Aria1720+%285%29-17REP.JPG,https://irp.cdn-website.com/28156074/dms3rep/multi/MR179+Aria1720+%286%29-18REP.JPG,https://irp.cdn-website.com/28156074/dms3rep/multi/MR179+Aria1720+%287%29-19REP.JPG,https://irp.cdn-website.com/28156074/dms3rep/multi/MR179+Aria1720+%288%29-20REP.JPG,https://irp.cdn-website.com/28156074/dms3rep/multi/MR179+Aria1720+%289%29-01REP.JPG,https://irp.cdn-website.com/28156074/dms3rep/multi/MR179+Aria1720+%2810%29-02REP.JPG,https://irp.cdn-website.com/28156074/dms3rep/multi/MR179+Aria1720+%2811%29-03REP.JPG,https://irp.cdn-website.com/28156074/dms3rep/multi/MR179+Aria1720+%2812%29-04REP.JPG,https://irp.cdn-website.com/28156074/dms3rep/multi/MR179+Aria1720+%2813%29-05REP.JPG,https://irp.cdn-website.com/28156074/dms3rep/multi/MR179+Aria1720+%2814%29-06REP.JPG,https://irp.cdn-website.com/28156074/dms3rep/multi/MR179+Aria1720+%2815%29-07REP.JPG,https://irp.cdn-website.com/28156074/dms3rep/multi/MR179+Aria1720+%2816%29-08REP.JPG,https://irp.cdn-website.com/28156074/dms3rep/multi/MR179+Aria1720+%2817%29-09REP.JPG,https://irp.cdn-website.com/28156074/dms3rep/multi/MR179+Aria1720+%2818%29-10REP.JPG"
https://www.truehomes.com/new-construction-homes/move-in-ready/4236-arable-st-thomasville-nc-27360,,Covington Ridge Townhomes,35.8726,-80.0371,"4236 Arable St, Thomasville, NC 27360",Thomasville,NC,27360,,,,https://www.truehomes.com,Available,True Homes,,,,,,,,,,,,,,,,,,,,,,,,The Alexandria TH - Lot #228,,3,2,1,1762,249500,,,,,,,3,2,1,2,,,,1762,,249500,,,,,,,"https://irp.cdn-website.com/28156074/dms3rep/multi/GVV+63+Alexandria+TH+1765+EA3+IO+%281%29_REP.JPG,https://irp.cdn-website.com/28156074/dms3rep/multi/GVV+63+Alexandria+TH+1765+EA3+IO+%284%29_REP.JPG,https://irp.cdn-website.com/28156074/dms3rep/multi/GVV+63+Alexandria+TH+1765+EA3+IO+%285%29_REP.JPG,https://irp.cdn-website.com/28156074/dms3rep/multi/GVV+63+Alexandria+TH+1765+EA3+IO+%286%29_REP.JPG,https://irp.cdn-website.com/28156074/dms3rep/multi/GVV+63+Alexandria+TH+1765+EA3+IO+%287%29_REP.JPG,https://irp.cdn-website.com/28156074/dms3rep/multi/GVV+63+Alexandria+TH+1765+EA3+IO+%288%29_REP.JPG,https://irp.cdn-website.com/28156074/dms3rep/multi/GVV+63+Alexandria+TH+1765+EA3+IO+%289%29_REP.JPG,https://irp.cdn-website.com/28156074/dms3rep/multi/GVV+63+Alexandria+TH+1765+EA3+IO+%2810%29_REP.JPG,https://irp.cdn-website.com/28156074/dms3rep/multi/GVV+63+Alexandria+TH+1765+EA3+IO+%2811%29_REP.JPG,https://irp.cdn-website.com/28156074/dms3rep/multi/GVV+63+Alexandria+TH+1765+EA3+IO+%2812%29_REP.JPG,https://irp.cdn-website.com/28156074/dms3rep/multi/GVV+63+Alexandria+TH+1765+EA3+IO+%2813%29_REP.JPG,https://irp.cdn-website.com/28156074/dms3rep/multi/GVV+63+Alexandria+TH+1765+EA3+IO+%2814%29_REP.JPG,https://irp.cdn-website.com/28156074/dms3rep/multi/GVV+63+Alexandria+TH+1765+EA3+IO+%2815%29_REP.JPG,https://irp.cdn-website.com/28156074/dms3rep/multi/GVV+63+Alexandria+TH+1765+EA3+IO+%2816%29_REP.JPG,https://irp.cdn-website.com/28156074/dms3rep/multi/GVV+63+Alexandria+TH+1765+EA3+IO+%2817%29_REP.JPG,https://irp.cdn-website.com/28156074/dms3rep/multi/GVV+63+Alexandria+TH+1765+EA3+IO+%2818%29_REP.JPG,https://irp.cdn-website.com/28156074/dms3rep/multi/GVV+63+Alexandria+TH+1765+EA3+IO+%2819%29_REP.JPG,https://irp.cdn-website.com/28156074/dms3rep/multi/GVV+63+Alexandria+TH+1765+EA3+IO+%2820%29_REP.JPG,https://irp.cdn-website.com/28156074/dms3rep/multi/GVV+63+Alexandria+TH+1765+EA3+IO+%2821%29_REP.JPG,https://irp.cdn-website.com/28156074/dms3rep/multi/GVV+63+Alexandria+TH+1765+EA3+IO+%2822%29_REP.JPG,https://irp.cdn-website.com/28156074/dms3rep/multi/GVV+63+Alexandria+TH+1765+EA3+IO+%2823%29_REP.JPG"
https://www.truehomes.com/new-construction-homes/move-in-ready/218-oriole-dr-angier-nc-27501,,White Oak Creek Crossing,35.5235,-78.7521,"218 ORIOLE DR, Angier, NC 27501",Angier,NC,27501,,,,https://www.truehomes.com,Available,True Homes,,,,,,,,,,,,,,,,,,,,,,,,The Shepherd - Lot #164,,4,2,1,2081,354900,,,,,,"Discover The Shepherd, a beautifully designed semi-custom home offering approximately 2,081 square feet with 4 bedrooms and 2.5 baths. This thoughtfully crafted floorplan blends functionality and style, making it an ideal quick move-in opportunity with flexible living spaces. The main level features an open-concept layout with a spacious Great Room, dining area, and well-appointed kitchen--perfect for everyday living and entertaining. A convenient pantry and easy access to the 2-car garage add to the home's practical design. Upstairs, a versatile loft provides additional living space, while the primary suite offers a private retreat with a walk-in shower and expansive closet. Three additional bedrooms and a dedicated laundry room complete the second floor. With modern design, upgraded features, and adaptable living spaces, The Shepherd delivers comfort, convenience, and value in a well-balanced home. White Oak Creek Crossing is a new residential community in Angier, NC, featuring single-family homes and townhomes across a thoughtfully planned two-phase development. Residents enjoy access to community trails and convenient proximity to Downtown Angier, NC 55, the Angier Bypass, Raleigh, and Research Triangle Park--supporting everyday commuting, shopping, and dining needs.",4,2,1,2,,,,2081,,354900,,,,,,,"https://irp.cdn-website.com/28156074/dms3rep/multi/CRF78+-+Shepherd+2040+EC2+%281%29_REP.jpg,https://irp.cdn-website.com/28156074/dms3rep/multi/CRF78+-+Shepherd+2040+EC2+%283%29_REP.jpg,https://irp.cdn-website.com/28156074/dms3rep/multi/CRF78+-+Shepherd+2040+EC2+%284%29_REP.jpg,https://irp.cdn-website.com/28156074/dms3rep/multi/CRF78+-+Shepherd+2040+EC2+%285%29_REP.jpg,https://irp.cdn-website.com/28156074/dms3rep/multi/CRF78+-+Shepherd+2040+EC2+%286%29_REP.jpg,https://irp.cdn-website.com/28156074/dms3rep/multi/CRF78+-+Shepherd+2040+EC2+%287%29_REP.jpg,https://irp.cdn-website.com/28156074/dms3rep/multi/CRF78+-+Shepherd+2040+EC2+%288%29_REP.jpg,https://irp.cdn-website.com/28156074/dms3rep/multi/CRF78+-+Shepherd+2040+EC2+%289%29_REP.jpg,https://irp.cdn-website.com/28156074/dms3rep/multi/CRF78+-+Shepherd+2040+EC2+%2810%29_REP.jpg,https://irp.cdn-website.com/28156074/dms3rep/multi/CRF78+-+Shepherd+2040+EC2+%2811%29_REP.jpg,https://irp.cdn-website.com/28156074/dms3rep/multi/CRF78+-+Shepherd+2040+EC2+%2812%29_REP.jpg,https://irp.cdn-website.com/28156074/dms3rep/multi/CRF78+-+Shepherd+2040+EC2+%2813%29_REP.jpg,https://irp.cdn-website.com/28156074/dms3rep/multi/CRF78+-+Shepherd+2040+EC2+%2814%29_REP.jpg,https://irp.cdn-website.com/28156074/dms3rep/multi/CRF78+-+Shepherd+2040+EC2+%2815%29_REP.jpg,https://irp.cdn-website.com/28156074/dms3rep/multi/CRF78+-+Shepherd+2040+EC2+%2816%29_REP.jpg,https://irp.cdn-website.com/28156074/dms3rep/multi/CRF78+-+Shepherd+2040+EC2+%2817%29_REP.jpg,https://irp.cdn-website.com/28156074/dms3rep/multi/CRF78+-+Shepherd+2040+EC2+%2818%29_REP.jpg,https://irp.cdn-website.com/28156074/dms3rep/multi/CRF78+-+Shepherd+2040+EC2+%2819%29_REP.jpg"
https://www.truehomes.com/new-construction-homes/move-in-ready/3703-biddle-street-greensboro-nc-27405,,Village Heights TH,36.1155,-79.7512,"3703 Biddle Street, Greensboro, NC 27405",Greensboro,NC,27405,,,,https://www.truehomes.com,Available,True Homes,,,,,,,,,,,,,,,,,,,,,,,,The Haven TH - Lot #86,,3,2,1,1651,259000,,,,,,"Special lender incentive available. Introducing The Haven Townhome, a thoughtfully designed semi-custom home offering 1,651 square feet with 3 bedrooms and 2.5 bathrooms. Available as a quick move-in opportunity, this home includes upgraded finishes and a functional layout for modern, low-maintenance living. The main level features a welcoming entry, powder room, multiple storage closets, and direct garage access. An open-concept Kitchen with pantry flows into the Great Room and Dining Area, creating flexible space for daily living and entertaining. Upstairs offers a spacious Loft, a private Primary Suite with a walk-in shower and expansive walk-in closet, two additional bedrooms, a full bath, a dedicated Laundry Room, and ample storage. Located in Village Heights in Greensboro, NC, this townhome community provides convenient access to downtown Greensboro, LeBauer Park, shopping, grocery stores, and major roadways, and offers modern townhome designs with quality construction.",3,2,1,2,,,,1651,,259000,,,,,,,"https://irp.cdn-website.com/28156074/dms3rep/multi/The+Haven+-+Village+Heights+Model-8cb20d6a.png,https://irp.cdn-website.com/28156074/dms3rep/multi/Village+Heights+-+Haven+TH+Model+%284%29+%281%29.jpg,https://irp.cdn-website.com/28156074/dms3rep/multi/Village+Heights+-+Haven+TH+Model+%283%29+%281%29.jpg,https://irp.cdn-website.com/28156074/dms3rep/multi/Village+Heights+-+Haven+TH+Model+%285%29+%281%29.jpg,https://irp.cdn-website.com/28156074/dms3rep/multi/Village+Heights+-+Haven+TH+Model+%286%29+%281%29.jpg,https://irp.cdn-website.com/28156074/dms3rep/multi/Village+Heights+-+Haven+TH+Model+%288%29+%281%29.jpg,https://irp.cdn-website.com/28156074/dms3rep/multi/Village+Heights+-+Haven+TH+Model+%2810%29+%281%29.jpg,https://irp.cdn-website.com/28156074/dms3rep/multi/Village+Heights+-+Haven+TH+Model+%2811%29+%281%29.jpg,https://irp.cdn-website.com/28156074/dms3rep/multi/Village+Heights+-+Haven+TH+Model+%2812%29+%281%29.jpg,https://irp.cdn-website.com/28156074/dms3rep/multi/Village+Heights+-+Haven+TH+Model+%2813%29+%281%29.jpg,https://irp.cdn-website.com/28156074/dms3rep/multi/Village+Heights+-+Haven+TH+Model+%2815%29+%281%29.jpg"
https://www.truehomes.com/new-construction-homes/move-in-ready/1218-hackney-dr-elon-nc-27244,,Parc Northwest,36.1112,-79.5167,"1218 Hackney Dr, Elon, NC 27244",Elon,NC,27244,,,,https://www.truehomes.com,Sold,True Homes,,,,,,,,,,,,,,,,,,,,,,,,The Calgary - Lot #127,,5,4,1,3680,597650,,,,,,"The Calgary, an expansive semi-custom home offering approximately 3,680 square feet with 5 bedrooms and 4.5 baths—ideal for those seeking space, flexibility, and a quick move-in opportunity. Designed for modern living, this floorplan blends open-concept design with thoughtfully separated spaces for work and relaxation. The main level features a private study, guest bedroom, and seamless flow between the dining area, kitchen, and spacious Great Room—perfect for entertaining. Upstairs, a versatile game room provides additional living space, while the primary suite offers a true retreat with dual walk-in closets and a well-appointed bath. Three additional bedrooms and a convenient laundry room complete the second floor",5,4,1,2,,,,3680,,597650,,,,,,,"https://irp.cdn-website.com/28156074/dms3rep/multi/PNW+127+Calgary+3680+EC1+EO+%282%29.jpg,https://irp.cdn-website.com/28156074/dms3rep/multi/PNW+127+Calgary+3680+EC1+EO+%283%29.jpg,https://irp.cdn-website.com/28156074/dms3rep/multi/PNW+127+Calgary+3680+EC1+EO+%285%29.jpg,https://irp.cdn-website.com/28156074/dms3rep/multi/PNW+127+Calgary+3680+EC1+EO+%286%29.jpg,https://irp.cdn-website.com/28156074/dms3rep/multi/PNW+127+Calgary+3680+EC1+EO+%287%29.jpg,https://irp.cdn-website.com/28156074/dms3rep/multi/PNW+127+Calgary+3680+EC1+EO+%288%29.jpg,https://irp.cdn-website.com/28156074/dms3rep/multi/PNW+127+Calgary+3680+EC1+EO+%289%29.jpg,https://irp.cdn-website.com/28156074/dms3rep/multi/PNW+127+Calgary+3680+EC1+EO+%2810%29.jpg,https://irp.cdn-website.com/28156074/dms3rep/multi/PNW+127+Calgary+3680+EC1+EO+%2811%29.jpg,https://irp.cdn-website.com/28156074/dms3rep/multi/PNW+127+Calgary+3680+EC1+EO+%2812%29.jpg,https://irp.cdn-website.com/28156074/dms3rep/multi/PNW+127+Calgary+3680+EC1+EO+%2813%29.jpg,https://irp.cdn-website.com/28156074/dms3rep/multi/PNW+127+Calgary+3680+EC1+EO+%2814%29.jpg,https://irp.cdn-website.com/28156074/dms3rep/multi/PNW+127+Calgary+3680+EC1+EO+%2815%29.jpg,https://irp.cdn-website.com/28156074/dms3rep/multi/PNW+127+Calgary+3680+EC1+EO+%2818%29.jpg,https://irp.cdn-website.com/28156074/dms3rep/multi/PNW+127+Calgary+3680+EC1+EO+%2819%29.jpg,https://irp.cdn-website.com/28156074/dms3rep/multi/PNW+127+Calgary+3680+EC1+EO+%2820%29.jpg,https://irp.cdn-website.com/28156074/dms3rep/multi/PNW+127+Calgary+3680+EC1+EO+%2821%29.jpg,https://irp.cdn-website.com/28156074/dms3rep/multi/PNW+127+Calgary+3680+EC1+EO+%2822%29.jpg,https://irp.cdn-website.com/28156074/dms3rep/multi/PNW+127+Calgary+3680+EC1+EO+%2823%29.jpg,https://irp.cdn-website.com/28156074/dms3rep/multi/PNW+127+Calgary+3680+EC1+EO+%2824%29.jpg,https://irp.cdn-website.com/28156074/dms3rep/multi/PNW+127+Calgary+3680+EC1+EO+%2825%29.jpg,https://irp.cdn-website.com/28156074/dms3rep/multi/PNW+127+Calgary+3680+EC1+EO+%2826%29.jpg,https://irp.cdn-website.com/28156074/dms3rep/multi/PNW+127+Calgary+3680+EC1+EO+%2827%29.jpg,https://irp.cdn-website.com/28156074/dms3rep/multi/PNW+127+Calgary+3680+EC1+EO+%2828%29.jpg,https://irp.cdn-website.com/28156074/dms3rep/multi/PNW+127+Calgary+3680+EC1+EO+%2829%29.jpg,https://irp.cdn-website.com/28156074/dms3rep/multi/PNW+127+Calgary+3680+EC1+EO+%2830%29.jpg"
https://www.truehomes.com/new-construction-homes/move-in-ready/933-aubrieta-st-colfax-nc-27235,,Westbrook Falls Townhomes,36.1076,-79.9903,"933 AUBRIETA ST, Colfax, NC 27235",Colfax,NC,27235,,,,https://www.truehomes.com,Sold,True Homes,,,,,,,,,,,,,,,,,,,,,,,,The Alexandria TH - Lot #112,,3,2,1,1762,299800,,,,,,"Special lender incentive available. Discover the Alexandria, a 3BR/2.5BA semi-custom townhome designed for comfort and style. The main level features an open layout that connects the kitchen, dining, and living areas, while the second floor includes a primary suite with ensuite, spacious secondary bedrooms, a full bath, and a convenient laundry room. Enjoy upgraded features throughout, including quartz countertops, stainless steel appliances, tile backsplash, and enhanced cabinetry. Located in Westbrook Falls, this community offers modern living in a peaceful Guilford County setting with easy access to Greensboro, Winston-Salem, and nearby attractions such as the Piedmont Triad Farmers Market, Greensboro Arboretum, and Greensboro Science Center. A fantastic opportunity in a thoughtfully designed neighborhood.",3,2,1,2,,,,1762,,299800,,,,,,,"https://irp.cdn-website.com/28156074/dms3rep/multi/GVV+63+Alexandria+TH+1765+EA3+IO+%284%29_REP.JPG,https://irp.cdn-website.com/28156074/dms3rep/multi/GVV+63+Alexandria+TH+1765+EA3+IO+%285%29_REP.JPG,https://irp.cdn-website.com/28156074/dms3rep/multi/GVV+63+Alexandria+TH+1765+EA3+IO+%286%29_REP.JPG,https://irp.cdn-website.com/28156074/dms3rep/multi/GVV+63+Alexandria+TH+1765+EA3+IO+%287%29_REP.JPG,https://irp.cdn-website.com/28156074/dms3rep/multi/GVV+63+Alexandria+TH+1765+EA3+IO+%288%29_REP.JPG,https://irp.cdn-website.com/28156074/dms3rep/multi/GVV+63+Alexandria+TH+1765+EA3+IO+%289%29_REP.JPG,https://irp.cdn-website.com/28156074/dms3rep/multi/GVV+63+Alexandria+TH+1765+EA3+IO+%2810%29_REP.JPG,https://irp.cdn-website.com/28156074/dms3rep/multi/GVV+63+Alexandria+TH+1765+EA3+IO+%2811%29_REP.JPG,https://irp.cdn-website.com/28156074/dms3rep/multi/GVV+63+Alexandria+TH+1765+EA3+IO+%2812%29_REP.JPG,https://irp.cdn-website.com/28156074/dms3rep/multi/GVV+63+Alexandria+TH+1765+EA3+IO+%2813%29_REP.JPG,https://irp.cdn-website.com/28156074/dms3rep/multi/GVV+63+Alexandria+TH+1765+EA3+IO+%2814%29_REP.JPG,https://irp.cdn-website.com/28156074/dms3rep/multi/GVV+63+Alexandria+TH+1765+EA3+IO+%2815%29_REP.JPG,https://irp.cdn-website.com/28156074/dms3rep/multi/GVV+63+Alexandria+TH+1765+EA3+IO+%2816%29_REP.JPG,https://irp.cdn-website.com/28156074/dms3rep/multi/GVV+63+Alexandria+TH+1765+EA3+IO+%2817%29_REP.JPG,https://irp.cdn-website.com/28156074/dms3rep/multi/GVV+63+Alexandria+TH+1765+EA3+IO+%2818%29_REP.JPG,https://irp.cdn-website.com/28156074/dms3rep/multi/GVV+63+Alexandria+TH+1765+EA3+IO+%2819%29_REP.JPG,https://irp.cdn-website.com/28156074/dms3rep/multi/GVV+63+Alexandria+TH+1765+EA3+IO+%2820%29_REP.JPG,https://irp.cdn-website.com/28156074/dms3rep/multi/GVV+63+Alexandria+TH+1765+EA3+IO+%2821%29_REP.JPG,https://irp.cdn-website.com/28156074/dms3rep/multi/GVV+63+Alexandria+TH+1765+EA3+IO+%2822%29_REP.JPG,https://irp.cdn-website.com/28156074/dms3rep/multi/GVV+63+Alexandria+TH+1765+EA3+IO+%2823%29_REP.JPG"
https://www.truehomes.com/new-construction-homes/move-in-ready/623-bent-willow-dr-clayton-nc-27527,,Copper Ridge at Flowers Plantation,35.6709,-78.3668,"623 BENT WILLOW DR, Clayton, NC 27527",Clayton,NC,27527,,,,https://www.truehomes.com,Sold,True Homes,,,,,,,,,,,,,,,,,,,,,,,,The Bayside - Lot #126,,3,2,,1756,372400,,,,,,"Discover The Bayside, a versatile floorplan ranging in size from 1,680 to 3,076 square feet, accommodating 3 to 5 Bedrooms and 2 to 4 Bathrooms to cater to diverse family needs. This floorplan provides ample space for comfortable living, ideal for smaller or larger families alike. On the First Floor, The Bayside welcomes you with Bedroom 3 positioned on the left as you enter the front door. Moving further into the home, you'll find a spacious Great Room with the option to include a cozy Fireplace. As you continue, a generous Dining Area opens up, leading to a beautiful L-shaped Kitchen with an island, perfect for family gatherings. The First Floor also boasts a sizable Primary Suite with a spacious Primary Bathroom and a large walk-in closet. The Bayside plan is completed with Bedroom 2, another bathroom, and a separate Laundry Room, ensuring convenience and comfort. For those who desire additional space and flexibility, consider adding the Optional Bonus Room on the Second Floor. This option allows you to create a Bonus Room, add another Bathroom, or even incorporate an extra Bedroom, tailoring the Bayside to your specific needs and preferences. Make The Bayside your perfect space to call home by customizing it to suit your lifestyle and family dynamics.",3,2,,1,,,,1756,,372400,,,,,,,"https://irp.cdn-website.com/28156074/dms3rep/multi/Bayside+1619+EE2+EC+%283%29.jpg,https://irp.cdn-website.com/28156074/dms3rep/multi/Bayside+1619+EE2+EC+%284%29.jpg,https://irp.cdn-website.com/28156074/dms3rep/multi/Bayside+1619+EE2+EC+%285%29.jpg,https://irp.cdn-website.com/28156074/dms3rep/multi/Bayside+1619+EE2+EC+%286%29.jpg,https://irp.cdn-website.com/28156074/dms3rep/multi/Bayside+1619+EE2+EC+%287%29.jpg,https://irp.cdn-website.com/28156074/dms3rep/multi/Bayside+1619+EE2+EC+%288%29.jpg,https://irp.cdn-website.com/28156074/dms3rep/multi/Bayside+1619+EE2+EC+%289%29.jpg,https://irp.cdn-website.com/28156074/dms3rep/multi/Bayside+1619+EE2+EC+%2810%29.jpg,https://irp.cdn-website.com/28156074/dms3rep/multi/Bayside+1619+EE2+EC+%2811%29.jpg,https://irp.cdn-website.com/28156074/dms3rep/multi/Bayside+1619+EE2+EC+%2812%29.jpg,https://irp.cdn-website.com/28156074/dms3rep/multi/Bayside+1619+EE2+EC+%2813%29.jpg,https://irp.cdn-website.com/28156074/dms3rep/multi/Bayside+1619+EE2+EC+%2814%29.jpg,https://irp.cdn-website.com/28156074/dms3rep/multi/Bayside+1619+EE2+EC+%2815%29.jpg,https://irp.cdn-website.com/28156074/dms3rep/multi/Bayside+1619+EE2+EC+%2816%29.jpg,https://irp.cdn-website.com/28156074/dms3rep/multi/Bayside+1619+EE2+EC+%2817%29.jpg,https://irp.cdn-website.com/28156074/dms3rep/multi/Bayside+1619+EE2+EC+%2818%29.jpg,https://irp.cdn-website.com/28156074/dms3rep/multi/Bayside+1619+EE2+EC+%2819%29.jpg,https://irp.cdn-website.com/28156074/dms3rep/multi/Bayside+1619+EE2+EC+%2820%29.jpg,https://irp.cdn-website.com/28156074/dms3rep/multi/Bayside+1619+EE2+EC+%2821%29.jpg"
https://www.truehomes.com/new-construction-homes/move-in-ready/229-nathan-dr-lillington-nc-27546,,Nathans Ridge,35.4405,-78.8020,"229 Nathan Dr, Lillington, NC 27546",Lillington,NC,27546,,,,https://www.truehomes.com,Available,True Homes,,,,,,,,,,,,,,,,,,,,,,,,The TA3000 - Lot #36,,4,3,1,2970,384900,,,,,,,4,3,1,2,,,,2970,,384900,,,,,,,"https://irp.cdn-website.com/28156074/dms3rep/multi/CRF+159+Gideon+2980+EC3+EO+%281%29-02REP.jpg,https://irp.cdn-website.com/28156074/dms3rep/multi/CRF+159+Gideon+2980+EC3+EO+%284%29-05REP.jpg,https://irp.cdn-website.com/28156074/dms3rep/multi/CRF+159+Gideon+2980+EC3+EO+%285%29-06REP.jpg,https://irp.cdn-website.com/28156074/dms3rep/multi/CRF+159+Gideon+2980+EC3+EO+%286%29-07REP.jpg,https://irp.cdn-website.com/28156074/dms3rep/multi/CRF+159+Gideon+2980+EC3+EO+%287%29-08REP.jpg,https://irp.cdn-website.com/28156074/dms3rep/multi/CRF+159+Gideon+2980+EC3+EO+%288%29-09REP.jpg,https://irp.cdn-website.com/28156074/dms3rep/multi/CRF+159+Gideon+2980+EC3+EO+%289%29-10REP.jpg,https://irp.cdn-website.com/28156074/dms3rep/multi/CRF+159+Gideon+2980+EC3+EO+%2810%29-11REP.jpg,https://irp.cdn-website.com/28156074/dms3rep/multi/CRF+159+Gideon+2980+EC3+EO+%2811%29-12REP.jpg,https://irp.cdn-website.com/28156074/dms3rep/multi/CRF+159+Gideon+2980+EC3+EO+%2812%29-13REP.jpg,https://irp.cdn-website.com/28156074/dms3rep/multi/CRF+159+Gideon+2980+EC3+EO+%2813%29-14REP.jpg,https://irp.cdn-website.com/28156074/dms3rep/multi/CRF+159+Gideon+2980+EC3+EO+%2814%29-15REP.jpg,https://irp.cdn-website.com/28156074/dms3rep/multi/CRF+159+Gideon+2980+EC3+EO+%2815%29-16REP.jpg,https://irp.cdn-website.com/28156074/dms3rep/multi/CRF+159+Gideon+2980+EC3+EO+%2816%29-17REP.jpg,https://irp.cdn-website.com/28156074/dms3rep/multi/CRF+159+Gideon+2980+EC3+EO+%2817%29-18REP.jpg,https://irp.cdn-website.com/28156074/dms3rep/multi/CRF+159+Gideon+2980+EC3+EO+%2818%29-19REP.jpg,https://irp.cdn-website.com/28156074/dms3rep/multi/CRF+159+Gideon+2980+EC3+EO+%2819%29-20REP.jpg,https://irp.cdn-website.com/28156074/dms3rep/multi/CRF+159+Gideon+2980+EC3+EO+%2820%29-21REP.jpg,https://irp.cdn-website.com/28156074/dms3rep/multi/CRF+159+Gideon+2980+EC3+EO+%2821%29-22REP.jpg,https://irp.cdn-website.com/28156074/dms3rep/multi/CRF+159+Gideon+2980+EC3+EO+%2822%29-23REP.jpg,https://irp.cdn-website.com/28156074/dms3rep/multi/CRF+159+Gideon+2980+EC3+EO+%2823%29-24REP.jpg,https://irp.cdn-website.com/28156074/dms3rep/multi/CRF+159+Gideon+2980+EC3+EO+%2824%29-25REP.jpg,https://irp.cdn-website.com/28156074/dms3rep/multi/CRF+159+Gideon+2980+EC3+EO+%2825%29-26REP.jpg,https://irp.cdn-website.com/28156074/dms3rep/multi/CRF+159+Gideon+2980+EC3+EO+%2826%29-27REP.jpg,https://irp.cdn-website.com/28156074/dms3rep/multi/CRF+159+Gideon+2980+EC3+EO+%2827%29-28REP.jpg,https://irp.cdn-website.com/28156074/dms3rep/multi/CRF+159+Gideon+2980+EC3+EO+%2829%29-30REP.jpg,https://irp.cdn-website.com/28156074/dms3rep/multi/CRF+159+Gideon+2980+EC3+EO+%2828%29-29REP.jpg,https://irp.cdn-website.com/28156074/dms3rep/multi/CRF+159+Gideon+2980+EC3+EO+%2830%29-31REP.jpg"
https://www.truehomes.com/new-construction-homes/move-in-ready/1041-house-finch-ave-ravenel-sc-29470,,Homecoming,32.8891,-80.2602,"1041 House Finch Ave, Ravenel, SC 29470",Ravenel,SC,29470,,,,https://www.truehomes.com,Sold,True Homes,,,,,,,,,,,,,,,,,,,,,,,,The Declan P - Lot #-CC3-21-12,,3,2,,1717,399900,,,,,,"Quick Move-In Opportunity - The Declan ranch plan features over 1700 square feet with 3 BR / 2 BA. With a spacious, flexible layout. The main level features an open-concept design with a Dining Area, expansive Great Room, and a well-appointed Kitchen with a large island and ample storage. The Primary Suite is located on the main floor and includes a private bath and walk-in closet. Secondary bedrooms and a full bath on the main level provide additional convenience.",3,2,,1,,,,1717,,399900,,,,,,,"https://irp.cdn-website.com/28156074/dms3rep/multi/1041_House_Finch_002.jpg,https://irp.cdn-website.com/28156074/dms3rep/multi/1041_House_Finch_003.jpg,https://irp.cdn-website.com/28156074/dms3rep/multi/1041_House_Finch_004.jpg,https://irp.cdn-website.com/28156074/dms3rep/multi/1041_House_Finch_005.jpg,https://irp.cdn-website.com/28156074/dms3rep/multi/1041_House_Finch_006.jpg,https://irp.cdn-website.com/28156074/dms3rep/multi/1041_House_Finch_007.jpg,https://irp.cdn-website.com/28156074/dms3rep/multi/1041_House_Finch_008.jpg,https://irp.cdn-website.com/28156074/dms3rep/multi/1041_House_Finch_009.jpg,https://irp.cdn-website.com/28156074/dms3rep/multi/1041_House_Finch_010.jpg,https://irp.cdn-website.com/28156074/dms3rep/multi/1041_House_Finch_011.jpg"
https://www.truehomes.com/new-construction-homes/move-in-ready/155-nathan-dr-lillington-nc-27546,,Nathans Ridge,35.4395,-78.8031,"155 Nathan Dr, Lillington, NC 27546",Lillington,NC,27546,,,,https://www.truehomes.com,Available,True Homes,,,,,,,,,,,,,,,,,,,,,,,,The TA4000 - Lot #28,,5,3,,3945,429900,,,,,,,5,3,,2,,,,3945,,429900,,,,,,,"https://irp.cdn-website.com/28156074/dms3rep/multi/TGWE+67+Calgary+3682+EC2+IO+%281%29_REP-d53a137d.jpg,https://irp.cdn-website.com/28156074/dms3rep/multi/TGWE+67+Calgary+3682+EC2+IO+%283%29_REP-c78329c9.jpg,https://irp.cdn-website.com/28156074/dms3rep/multi/TGWE+67+Calgary+3682+EC2+IO+%284%29_REP-ef4c2a1b.jpg,https://irp.cdn-website.com/28156074/dms3rep/multi/TGWE+67+Calgary+3682+EC2+IO+%285%29_REP-76ab900f.jpg,https://irp.cdn-website.com/28156074/dms3rep/multi/TGWE+67+Calgary+3682+EC2+IO+%286%29_REP-3d6ea642.jpg,https://irp.cdn-website.com/28156074/dms3rep/multi/TGWE+67+Calgary+3682+EC2+IO+%287%29_REP-4c7954e4.jpg,https://irp.cdn-website.com/28156074/dms3rep/multi/TGWE+67+Calgary+3682+EC2+IO+%288%29_REP-cf816808.jpg,https://irp.cdn-website.com/28156074/dms3rep/multi/TGWE+67+Calgary+3682+EC2+IO+%289%29_REP-6d21ab47.jpg,https://irp.cdn-website.com/28156074/dms3rep/multi/TGWE+67+Calgary+3682+EC2+IO+%2810%29_REP-78811354.jpg,https://irp.cdn-website.com/28156074/dms3rep/multi/TGWE+67+Calgary+3682+EC2+IO+%2811%29_REP-bb4b5648.jpg,https://irp.cdn-website.com/28156074/dms3rep/multi/TGWE+67+Calgary+3682+EC2+IO+%2812%29_REP-283ec773.jpg,https://irp.cdn-website.com/28156074/dms3rep/multi/TGWE+67+Calgary+3682+EC2+IO+%2813%29_REP-2227b3fb.jpg,https://irp.cdn-website.com/28156074/dms3rep/multi/TGWE+67+Calgary+3682+EC2+IO+%2814%29_REP-4f5bb19b.jpg,https://irp.cdn-website.com/28156074/dms3rep/multi/TGWE+67+Calgary+3682+EC2+IO+%2815%29_REP-c2044ecf.jpg,https://irp.cdn-website.com/28156074/dms3rep/multi/TGWE+67+Calgary+3682+EC2+IO+%2816%29_REP-a5931bc2.jpg,https://irp.cdn-website.com/28156074/dms3rep/multi/TGWE+67+Calgary+3682+EC2+IO+%2817%29_REP-b25de0d5.jpg,https://irp.cdn-website.com/28156074/dms3rep/multi/TGWE+67+Calgary+3682+EC2+IO+%2818%29_REP-521af0b7.jpg,https://irp.cdn-website.com/28156074/dms3rep/multi/TGWE+67+Calgary+3682+EC2+IO+%2819%29_REP-f6b4e093.jpg,https://irp.cdn-website.com/28156074/dms3rep/multi/TGWE+67+Calgary+3682+EC2+IO+%2820%29_REP-8e9421e2.jpg,https://irp.cdn-website.com/28156074/dms3rep/multi/TGWE+67+Calgary+3682+EC2+IO+%2821%29_REP-b2aad85c.jpg,https://irp.cdn-website.com/28156074/dms3rep/multi/TGWE+67+Calgary+3682+EC2+IO+%2822%29_REP-6a4b522f.jpg"
https://www.truehomes.com/new-construction-homes/move-in-ready/1046-house-finch-ave-ravenel-sc-29470,,Homecoming,32.8887,-80.2598,"1046 House Finch Ave, Ravenel, SC 29470",Ravenel,SC,29470,,,,https://www.truehomes.com,Sold,True Homes,,,,,,,,,,,,,,,,,,,,,,,,The Kipling P - Lot #-CC3-22-21,,5,3,,2817,469900,,,,,,"Semi-custom Kipling Quick Move-In Opportunity, offering approximately 2,800+ sq ft, 5 bedrooms, and 3 bathrooms with flexible living spaces. The main level features an open-concept Great Room, Dining Area, and Kitchen with a large island and ample storage, along with a private Study and optional guest suite for added versatility.Upstairs, the Primary Suite includes a private bath and walk-in closet. Additional bedrooms, a full bath, a versatile Game Room, and a convenient Laundry Room provide functional living space.",5,3,,2,,,,2817,,469900,,,,,,,"https://irp.cdn-website.com/28156074/dms3rep/multi/HCM_5-18_Kipling_P_2800_EPA1_EO+%282%29_REP-f53988eb.jpg,https://irp.cdn-website.com/28156074/dms3rep/multi/HCM_5-18_Kipling_P_2800_EPA1_EO+%283%29_REP-7098f10f.jpg,https://irp.cdn-website.com/28156074/dms3rep/multi/HCM_5-18_Kipling_P_2800_EPA1_EO+%284%29_REP-79a877f4.jpg,https://irp.cdn-website.com/28156074/dms3rep/multi/HCM_5-18_Kipling_P_2800_EPA1_EO+%285%29_REP-902cf4f0.jpg,https://irp.cdn-website.com/28156074/dms3rep/multi/HCM_5-18_Kipling_P_2800_EPA1_EO+%286%29_REP-8e9f67c7.jpg,https://irp.cdn-website.com/28156074/dms3rep/multi/HCM_5-18_Kipling_P_2800_EPA1_EO+%287%29_REP-9b8aa2db.jpg,https://irp.cdn-website.com/28156074/dms3rep/multi/HCM_5-18_Kipling_P_2800_EPA1_EO+%288%29_REP-09586cb9.jpg,https://irp.cdn-website.com/28156074/dms3rep/multi/HCM_5-18_Kipling_P_2800_EPA1_EO+%289%29_REP-cb3866f8.jpg,https://irp.cdn-website.com/28156074/dms3rep/multi/HCM_5-18_Kipling_P_2800_EPA1_EO+%2810%29_REP-8e93df43.jpg,https://irp.cdn-website.com/28156074/dms3rep/multi/HCM_5-18_Kipling_P_2800_EPA1_EO+%2811%29_REP-1f001d7f.jpg,https://irp.cdn-website.com/28156074/dms3rep/multi/HCM_5-18_Kipling_P_2800_EPA1_EO+%2812%29_REP-3c381317.jpg,https://irp.cdn-website.com/28156074/dms3rep/multi/HCM_5-18_Kipling_P_2800_EPA1_EO+%2813%29_REP-93b9b200.jpg,https://irp.cdn-website.com/28156074/dms3rep/multi/HCM_5-18_Kipling_P_2800_EPA1_EO+%2814%29_REP-8c5f16b1.jpg,https://irp.cdn-website.com/28156074/dms3rep/multi/HCM_5-18_Kipling_P_2800_EPA1_EO+%2815%29_REP-c82bc342.jpg,https://irp.cdn-website.com/28156074/dms3rep/multi/HCM_5-18_Kipling_P_2800_EPA1_EO+%2816%29_REP-3f15b0e0.jpg,https://irp.cdn-website.com/28156074/dms3rep/multi/HCM_5-18_Kipling_P_2800_EPA1_EO+%2817%29_REP-6f048d40.jpg,https://irp.cdn-website.com/28156074/dms3rep/multi/HCM_5-18_Kipling_P_2800_EPA1_EO+%2818%29_REP-d9686845.jpg,https://irp.cdn-website.com/28156074/dms3rep/multi/HCM_5-18_Kipling_P_2800_EPA1_EO+%2819%29_REP-336f3fc7.jpg,https://irp.cdn-website.com/28156074/dms3rep/multi/HCM_5-18_Kipling_P_2800_EPA1_EO+%2820%29_REP-7d872102.jpg,https://irp.cdn-website.com/28156074/dms3rep/multi/HCM_5-18_Kipling_P_2800_EPA1_EO+%2821%29_REP-de6cf2db.jpg,https://irp.cdn-website.com/28156074/dms3rep/multi/HCM_5-18_Kipling_P_2800_EPA1_EO+%2822%29_REP-832c74db.jpg,https://irp.cdn-website.com/28156074/dms3rep/multi/HCM_5-18_Kipling_P_2800_EPA1_EO+%2823%29_REP-5aedf567.jpg,https://irp.cdn-website.com/28156074/dms3rep/multi/HCM_5-18_Kipling_P_2800_EPA1_EO+%2824%29_REP-7ceb74e5.jpg,https://irp.cdn-website.com/28156074/dms3rep/multi/HCM_5-18_Kipling_P_2800_EPA1_EO+%2825%29_REP-06b9e87d.jpg,https://irp.cdn-website.com/28156074/dms3rep/multi/HCM_5-18_Kipling_P_2800_EPA1_EO+%2826%29_REP-b8c83e06.jpg,https://irp.cdn-website.com/28156074/dms3rep/multi/HCM_5-18_Kipling_P_2800_EPA1_EO+%2828%29_REP-98e43cda.jpg,https://irp.cdn-website.com/28156074/dms3rep/multi/HCM_5-18_Kipling_P_2800_EPA1_EO+%2827%29_REP-d13e13cf.jpg,https://irp.cdn-website.com/28156074/dms3rep/multi/HCM_5-18_Kipling_P_2800_EPA1_EO+%2829%29_REP-2c76a950.jpg"
https://www.truehomes.com/new-construction-homes/move-in-ready/1038-house-finch-ave-ravenel-sc-29470,,Homecoming,32.8888,-80.2605,"1038 House Finch Ave, Ravenel, SC 29470",Ravenel,SC,29470,,,,https://www.truehomes.com,Available,True Homes,,,,,,,,,,,,,,,,,,,,,,,,The Winslow P - Lot #-CC3-22-17,,5,4,,3676,549900,,,,,,,5,4,,2,,,,3676,,549900,,,,,,,"https://irp.cdn-website.com/28156074/dms3rep/multi/HCM_CC2_7-9_WinslowP_3510_EPA1_ET+%281%29-02REP.jpg,https://irp.cdn-website.com/28156074/dms3rep/multi/HCM_CC2_7-9_WinslowP_3510_EPA1_ET+%284%29-05REP.jpg,https://irp.cdn-website.com/28156074/dms3rep/multi/HCM_CC2_7-9_WinslowP_3510_EPA1_ET+%285%29-06REP.jpg,https://irp.cdn-website.com/28156074/dms3rep/multi/HCM_CC2_7-9_WinslowP_3510_EPA1_ET+%286%29-07REP.jpg,https://irp.cdn-website.com/28156074/dms3rep/multi/HCM_CC2_7-9_WinslowP_3510_EPA1_ET+%287%29-08REP.jpg,https://irp.cdn-website.com/28156074/dms3rep/multi/HCM_CC2_7-9_WinslowP_3510_EPA1_ET+%288%29-09REP.jpg,https://irp.cdn-website.com/28156074/dms3rep/multi/HCM_CC2_7-9_WinslowP_3510_EPA1_ET+%289%29-10REP.jpg,https://irp.cdn-website.com/28156074/dms3rep/multi/HCM_CC2_7-9_WinslowP_3510_EPA1_ET+%2810%29-11REP.jpg,https://irp.cdn-website.com/28156074/dms3rep/multi/HCM_CC2_7-9_WinslowP_3510_EPA1_ET+%2811%29-12REP.jpg,https://irp.cdn-website.com/28156074/dms3rep/multi/HCM_CC2_7-9_WinslowP_3510_EPA1_ET+%2812%29-13REP.jpg,https://irp.cdn-website.com/28156074/dms3rep/multi/HCM_CC2_7-9_WinslowP_3510_EPA1_ET+%2813%29-14REP.jpg,https://irp.cdn-website.com/28156074/dms3rep/multi/HCM_CC2_7-9_WinslowP_3510_EPA1_ET+%2814%29-15REP.jpg,https://irp.cdn-website.com/28156074/dms3rep/multi/HCM_CC2_7-9_WinslowP_3510_EPA1_ET+%2815%29-16REP.jpg,https://irp.cdn-website.com/28156074/dms3rep/multi/HCM_CC2_7-9_WinslowP_3510_EPA1_ET+%2816%29-17REP.jpg,https://irp.cdn-website.com/28156074/dms3rep/multi/HCM_CC2_7-9_WinslowP_3510_EPA1_ET+%2817%29-18REP.jpg,https://irp.cdn-website.com/28156074/dms3rep/multi/HCM_CC2_7-9_WinslowP_3510_EPA1_ET+%2818%29-19REP.jpg,https://irp.cdn-website.com/28156074/dms3rep/multi/HCM_CC2_7-9_WinslowP_3510_EPA1_ET+%2819%29-20REP.jpg,https://irp.cdn-website.com/28156074/dms3rep/multi/HCM_CC2_7-9_WinslowP_3510_EPA1_ET+%2820%29-21REP.jpg,https://irp.cdn-website.com/28156074/dms3rep/multi/HCM_CC2_7-9_WinslowP_3510_EPA1_ET+%2821%29-22REP.jpg,https://irp.cdn-website.com/28156074/dms3rep/multi/HCM_CC2_7-9_WinslowP_3510_EPA1_ET+%2822%29-23REP.jpg,https://irp.cdn-website.com/28156074/dms3rep/multi/HCM_CC2_7-9_WinslowP_3510_EPA1_ET+%2823%29-24REP.jpg,https://irp.cdn-website.com/28156074/dms3rep/multi/HCM_CC2_7-9_WinslowP_3510_EPA1_ET+%2824%29-25REP.jpg,https://irp.cdn-website.com/28156074/dms3rep/multi/HCM_CC2_7-9_WinslowP_3510_EPA1_ET+%2825%29-26REP.jpg,https://irp.cdn-website.com/28156074/dms3rep/multi/HCM_CC2_7-9_WinslowP_3510_EPA1_ET+%2826%29-27REP.jpg,https://irp.cdn-website.com/28156074/dms3rep/multi/HCM_CC2_7-9_WinslowP_3510_EPA1_ET+%2827%29-28REP.jpg,https://irp.cdn-website.com/28156074/dms3rep/multi/HCM_CC2_7-9_WinslowP_3510_EPA1_ET+%2828%29-29REP.jpg,https://irp.cdn-website.com/28156074/dms3rep/multi/HCM_CC2_7-9_WinslowP_3510_EPA1_ET+%2829%29-30REP.jpg,https://irp.cdn-website.com/28156074/dms3rep/multi/HCM_CC2_7-9_WinslowP_3510_EPA1_ET+%2830%29-31REP.jpg,https://irp.cdn-website.com/28156074/dms3rep/multi/HCM_CC2_7-9_WinslowP_3510_EPA1_ET+%2831%29-32REP.jpg,https://irp.cdn-website.com/28156074/dms3rep/multi/HCM_CC2_7-9_WinslowP_3510_EPA1_ET+%2832%29-33REP.jpg"
https://www.truehomes.com/new-construction-homes/move-in-ready/1013-mourning-warbler-way-ravenel-sc-29470,,Homecoming,32.8883,-80.2609,"1013 Mourning Warbler Way, Ravenel, SC 29470",Ravenel,SC,29470,,,,https://www.truehomes.com,Sold,True Homes,,,,,,,,,,,,,,,,,,,,,,,,The Milo P - Lot #-CC3-17-6,,4,3,,2045,459900,,,,,,All the upgrades! Double French doors lead to your rear covered porch. In you main living area you will find raised and well lit coffered ceilings with crown molding. Easy yard maintenance with an enlarged rear patio and installed irrigation system. Enjoy a gorgeously upgraded primary shower.,4,3,,1,,,,2045,,459900,,,,,,,"https://irp.cdn-website.com/28156074/dms3rep/multi/HCM+CC2+1-32+Milo+P+1550+EPB1+EO+%282%29-02REP.jpg,https://irp.cdn-website.com/28156074/dms3rep/multi/HCM+CC2+1-32+Milo+P+1550+EPB1+EO+%283%29-03REP.jpg,https://irp.cdn-website.com/28156074/dms3rep/multi/HCM+CC2+1-32+Milo+P+1550+EPB1+EO+%284%29-04REP.jpg,https://irp.cdn-website.com/28156074/dms3rep/multi/HCM+CC2+1-32+Milo+P+1550+EPB1+EO+%285%29-05REP.jpg,https://irp.cdn-website.com/28156074/dms3rep/multi/HCM+CC2+1-32+Milo+P+1550+EPB1+EO+%286%29-06REP.jpg,https://irp.cdn-website.com/28156074/dms3rep/multi/HCM+CC2+1-32+Milo+P+1550+EPB1+EO+%287%29-07REP.jpg,https://irp.cdn-website.com/28156074/dms3rep/multi/HCM+CC2+1-32+Milo+P+1550+EPB1+EO+%288%29-08REP.jpg,https://irp.cdn-website.com/28156074/dms3rep/multi/HCM+CC2+1-32+Milo+P+1550+EPB1+EO+%289%29-09REP.jpg,https://irp.cdn-website.com/28156074/dms3rep/multi/HCM+CC2+1-32+Milo+P+1550+EPB1+EO+%2810%29-10REP.jpg,https://irp.cdn-website.com/28156074/dms3rep/multi/HCM+CC2+1-32+Milo+P+1550+EPB1+EO+%2811%29-11REP.jpg,https://irp.cdn-website.com/28156074/dms3rep/multi/HCM+CC2+1-32+Milo+P+1550+EPB1+EO+%2812%29-12REP.jpg,https://irp.cdn-website.com/28156074/dms3rep/multi/HCM+CC2+1-32+Milo+P+1550+EPB1+EO+%2813%29-13REP.jpg,https://irp.cdn-website.com/28156074/dms3rep/multi/HCM+CC2+1-32+Milo+P+1550+EPB1+EO+%2814%29-14REP.jpg,https://irp.cdn-website.com/28156074/dms3rep/multi/HCM+CC2+1-32+Milo+P+1550+EPB1+EO+%2815%29-15REP.jpg,https://irp.cdn-website.com/28156074/dms3rep/multi/HCM+CC2+1-32+Milo+P+1550+EPB1+EO+%2816%29-16REP.jpg,https://irp.cdn-website.com/28156074/dms3rep/multi/HCM+CC2+1-32+Milo+P+1550+EPB1+EO+%2817%29-17REP.jpg,https://irp.cdn-website.com/28156074/dms3rep/multi/HCM+CC2+1-32+Milo+P+1550+EPB1+EO+%2818%29-18REP.jpg,https://irp.cdn-website.com/28156074/dms3rep/multi/HCM+CC2+1-32+Milo+P+1550+EPB1+EO+%2819%29-19REP.jpg,https://irp.cdn-website.com/28156074/dms3rep/multi/HCM+CC2+1-32+Milo+P+1550+EPB1+EO+%2820%29-20REP.jpg,https://irp.cdn-website.com/28156074/dms3rep/multi/HCM+CC2+1-32+Milo+P+1550+EPB1+EO+%2821%29-21REP.jpg,https://irp.cdn-website.com/28156074/dms3rep/multi/HCM+CC2+1-32+Milo+P+1550+EPB1+EO+%2822%29-22REP.jpg,https://irp.cdn-website.com/28156074/dms3rep/multi/HCM+CC2+1-32+Milo+P+1550+EPB1+EO+%2823%29-23REP.jpg,https://irp.cdn-website.com/28156074/dms3rep/multi/HCM+CC2+1-32+Milo+P+1550+EPB1+EO+%2824%29-24REP.jpg,https://irp.cdn-website.com/28156074/dms3rep/multi/HCM+CC2+1-32+Milo+P+1550+EPB1+EO+%2826%29-26REP.jpg,https://irp.cdn-website.com/28156074/dms3rep/multi/HCM+CC2+1-32+Milo+P+1550+EPB1+EO+%2825%29-25REP.jpg,https://irp.cdn-website.com/28156074/dms3rep/multi/HCM+CC2+1-32+Milo+P+1550+EPB1+EO+%2827%29-27REP.jpg"
https://www.truehomes.com/new-construction-homes/move-in-ready/220-streamside-dr-red-cross-nc-28097,,Streamside,35.2472,-80.3668,"220 Streamside Dr, Red Cross, NC 28097",Red Cross,NC,28097,,,,https://www.truehomes.com,Sold,True Homes,,,,,,,,,,,,,,,,,,,,,,,,The TA3000 - Lot #57,,4,3,1,2970,409900,,,,,,,4,3,1,2,,,,2970,,409900,,,,,,,"https://irp.cdn-website.com/28156074/dms3rep/multi/CRF+159+Gideon+2980+EC3+EO+%284%29-05REP.jpg,https://irp.cdn-website.com/28156074/dms3rep/multi/CRF+159+Gideon+2980+EC3+EO+%285%29-06REP.jpg,https://irp.cdn-website.com/28156074/dms3rep/multi/CRF+159+Gideon+2980+EC3+EO+%286%29-07REP.jpg,https://irp.cdn-website.com/28156074/dms3rep/multi/CRF+159+Gideon+2980+EC3+EO+%287%29-08REP.jpg,https://irp.cdn-website.com/28156074/dms3rep/multi/CRF+159+Gideon+2980+EC3+EO+%288%29-09REP.jpg,https://irp.cdn-website.com/28156074/dms3rep/multi/CRF+159+Gideon+2980+EC3+EO+%289%29-10REP.jpg,https://irp.cdn-website.com/28156074/dms3rep/multi/CRF+159+Gideon+2980+EC3+EO+%2810%29-11REP.jpg,https://irp.cdn-website.com/28156074/dms3rep/multi/CRF+159+Gideon+2980+EC3+EO+%2811%29-12REP.jpg,https://irp.cdn-website.com/28156074/dms3rep/multi/CRF+159+Gideon+2980+EC3+EO+%2812%29-13REP.jpg,https://irp.cdn-website.com/28156074/dms3rep/multi/CRF+159+Gideon+2980+EC3+EO+%2813%29-14REP.jpg,https://irp.cdn-website.com/28156074/dms3rep/multi/CRF+159+Gideon+2980+EC3+EO+%2814%29-15REP.jpg,https://irp.cdn-website.com/28156074/dms3rep/multi/CRF+159+Gideon+2980+EC3+EO+%2815%29-16REP.jpg,https://irp.cdn-website.com/28156074/dms3rep/multi/CRF+159+Gideon+2980+EC3+EO+%2816%29-17REP.jpg,https://irp.cdn-website.com/28156074/dms3rep/multi/CRF+159+Gideon+2980+EC3+EO+%2817%29-18REP.jpg,https://irp.cdn-website.com/28156074/dms3rep/multi/CRF+159+Gideon+2980+EC3+EO+%2818%29-19REP.jpg,https://irp.cdn-website.com/28156074/dms3rep/multi/CRF+159+Gideon+2980+EC3+EO+%2819%29-20REP.jpg,https://irp.cdn-website.com/28156074/dms3rep/multi/CRF+159+Gideon+2980+EC3+EO+%2820%29-21REP.jpg,https://irp.cdn-website.com/28156074/dms3rep/multi/CRF+159+Gideon+2980+EC3+EO+%2821%29-22REP.jpg,https://irp.cdn-website.com/28156074/dms3rep/multi/CRF+159+Gideon+2980+EC3+EO+%2822%29-23REP.jpg,https://irp.cdn-website.com/28156074/dms3rep/multi/CRF+159+Gideon+2980+EC3+EO+%2823%29-24REP.jpg,https://irp.cdn-website.com/28156074/dms3rep/multi/CRF+159+Gideon+2980+EC3+EO+%2824%29-25REP.jpg,https://irp.cdn-website.com/28156074/dms3rep/multi/CRF+159+Gideon+2980+EC3+EO+%2825%29-26REP.jpg,https://irp.cdn-website.com/28156074/dms3rep/multi/CRF+159+Gideon+2980+EC3+EO+%2826%29-27REP.jpg,https://irp.cdn-website.com/28156074/dms3rep/multi/CRF+159+Gideon+2980+EC3+EO+%2827%29-28REP.jpg,https://irp.cdn-website.com/28156074/dms3rep/multi/CRF+159+Gideon+2980+EC3+EO+%2828%29-29REP.jpg,https://irp.cdn-website.com/28156074/dms3rep/multi/CRF+159+Gideon+2980+EC3+EO+%2829%29-30REP.jpg,https://irp.cdn-website.com/28156074/dms3rep/multi/CRF+159+Gideon+2980+EC3+EO+%2830%29-31REP.jpg"
https://www.truehomes.com/new-construction-homes/move-in-ready/321-drawbar-drive-clover-sc-29710,,Penley Place Townhomes,35.1310,-81.2143,"321 Drawbar Drive, Clover, SC 29710",Clover,SC,29710,,,,https://www.truehomes.com,Sold,True Homes,,,,,,,,,,,,,,,,,,,,,,,,The Longfield TH - Lot #96,,3,2,1,1762,239900,,,,,,"The Longfield offers 3 bedrooms, 2.5 bathrooms, and 1 car garage with a 2-car wide driveway. Enjoy the benefits of landscaping services included, so you can spend more time doing what you love! This beautifully designed townhome features an open main floor layout with a well-appointed kitchen, dining area, and inviting great room. The kitchen is a standout with quartz countertops, soft closed cabinets, elegant pendants, USB outlet, sleek stainless steel appliances, and stylish painted cabinetry that add a modern touch to your cooking space. Elegant laminate floors are included in the entire main living area, not to mention a modern ceiling fan and dimmer in the great room. Located in the desirable Penley Place Community, you'll enjoy the convenience of being just moments from local restaurants and parks. Make the Longfield your new home today and experience the perfect balance of comfort, style, and convenience!",3,2,1,2,,,,1762,,239900,,,,,,,
https://www.truehomes.com/new-construction-homes/move-in-ready/103-nathan-dr-lillington-nc-27546,,Nathans Ridge,35.4391,-78.8034,"103 Nathan Dr, Lillington, NC 27546",Lillington,NC,27546,,,,https://www.truehomes.com,Sold,True Homes,,,,,,,,,,,,,,,,,,,,,,,,The Shepherd - Lot #25,,4,2,1,2081,309900,,,,,,"The Shepherd--a semi-custom home by True Homes in the scenic Nathan's Ridge community. Offering over 2,000 sq ft of thoughtfully designed space, this home features an open-concept layout with a spacious great room, dining area, and a well-appointed kitchen with modern finishes. Upstairs, enjoy a versatile loft ideal for work or relaxation, a luxurious primary suite with ensuite bath, generous secondary bedrooms, and a convenient laundry room. Nestled in a community known for its rolling landscapes, quality craftsmanship, and peaceful setting, Nathan's Ridge blends comfort, style, and smart design.",4,2,1,2,,,,2081,,309900,,,,,,,"https://irp.cdn-website.com/28156074/dms3rep/multi/NTR+25+Shepherd+2041+EC1+IO+%282%29.jpg,https://irp.cdn-website.com/28156074/dms3rep/multi/NTR+25+Shepherd+2041+EC1+IO+%284%29.jpg,https://irp.cdn-website.com/28156074/dms3rep/multi/NTR+25+Shepherd+2041+EC1+IO+%285%29.jpg,https://irp.cdn-website.com/28156074/dms3rep/multi/NTR+25+Shepherd+2041+EC1+IO+%286%29.jpg,https://irp.cdn-website.com/28156074/dms3rep/multi/NTR+25+Shepherd+2041+EC1+IO+%287%29.jpg,https://irp.cdn-website.com/28156074/dms3rep/multi/NTR+25+Shepherd+2041+EC1+IO+%288%29.jpg,https://irp.cdn-website.com/28156074/dms3rep/multi/NTR+25+Shepherd+2041+EC1+IO+%289%29.jpg,https://irp.cdn-website.com/28156074/dms3rep/multi/NTR+25+Shepherd+2041+EC1+IO+%2810%29.jpg,https://irp.cdn-website.com/28156074/dms3rep/multi/NTR+25+Shepherd+2041+EC1+IO+%2811%29.jpg,https://irp.cdn-website.com/28156074/dms3rep/multi/NTR+25+Shepherd+2041+EC1+IO+%2812%29.jpg,https://irp.cdn-website.com/28156074/dms3rep/multi/NTR+25+Shepherd+2041+EC1+IO+%2813%29.jpg,https://irp.cdn-website.com/28156074/dms3rep/multi/NTR+25+Shepherd+2041+EC1+IO+%2814%29.jpg,https://irp.cdn-website.com/28156074/dms3rep/multi/NTR+25+Shepherd+2041+EC1+IO+%2815%29.jpg,https://irp.cdn-website.com/28156074/dms3rep/multi/NTR+25+Shepherd+2041+EC1+IO+%2816%29.jpg,https://irp.cdn-website.com/28156074/dms3rep/multi/NTR+25+Shepherd+2041+EC1+IO+%2819%29.jpg,https://irp.cdn-website.com/28156074/dms3rep/multi/NTR+25+Shepherd+2041+EC1+IO+%2820%29.jpg,https://irp.cdn-website.com/28156074/dms3rep/multi/NTR+25+Shepherd+2041+EC1+IO+%2821%29.jpg,https://irp.cdn-website.com/28156074/dms3rep/multi/NTR+25+Shepherd+2041+EC1+IO+%2822%29.jpg,https://irp.cdn-website.com/28156074/dms3rep/multi/NTR+25+Shepherd+2041+EC1+IO+%2823%29.jpg,https://irp.cdn-website.com/28156074/dms3rep/multi/NTR+25+Shepherd+2041+EC1+IO+%2824%29.jpg,https://irp.cdn-website.com/28156074/dms3rep/multi/NTR+25+Shepherd+2041+EC1+IO+%2825%29.jpg,https://irp.cdn-website.com/28156074/dms3rep/multi/NTR+25+Shepherd+2041+EC1+IO+%2826%29.jpg,https://irp.cdn-website.com/28156074/dms3rep/multi/NTR+25+Shepherd+2041+EC1+IO+%2827%29.jpg,https://irp.cdn-website.com/28156074/dms3rep/multi/NTR+25+Shepherd+2041+EC1+IO+%2828%29.jpg,https://irp.cdn-website.com/28156074/dms3rep/multi/NTR+25+Shepherd+2041+EC1+IO+%2829%29.jpg,https://irp.cdn-website.com/28156074/dms3rep/multi/NTR+25+Shepherd+2041+EC1+IO+%2830%29.jpg,https://irp.cdn-website.com/28156074/dms3rep/multi/NTR+25+Shepherd+2041+EC1+IO+%2831%29.jpg,https://irp.cdn-website.com/28156074/dms3rep/multi/NTR+25+Shepherd+2041+EC1+IO+%2832%29.jpg,https://irp.cdn-website.com/28156074/dms3rep/multi/NTR+25+Shepherd+2041+EC1+IO+%2834%29.jpg,https://irp.cdn-website.com/28156074/dms3rep/multi/NTR+25+Shepherd+2041+EC1+IO+%2836%29.jpg"
https://www.truehomes.com/new-construction-homes/move-in-ready/319-drawbar-drive-clover-sc-29710,,Penley Place Townhomes,35.1311,-81.2142,"319 Drawbar Drive, Clover, SC 29710",Clover,SC,29710,,,,https://www.truehomes.com,Sold,True Homes,,,,,,,,,,,,,,,,,,,,,,,,The Longfield TH - Lot #95,,3,2,1,1762,239900,,,,,,"The Longfield offers 3 bedrooms, 2.5 bathrooms, and 1 car garage with a 2-car wide driveway. Enjoy the benefits of landscaping services included, so you can spend more time doing what you love! This beautifully designed townhome features an open main floor layout with a well-appointed kitchen, dining area, and inviting great room. The kitchen is a standout with quartz countertops, soft closed cabinets, elegant pendants, USB outlet, sleek stainless steel appliances, and stylish painted cabinetry that add a modern touch to your cooking space. Elegant laminate floors are included in the entire main living area, not to mention a modern ceiling fan and dimmer in the great room. Located in the desirable Penley Place Community, you'll enjoy the convenience of being just moments from local restaurants and parks. Make the Longfield your new home today and experience the perfect balance of comfort, style, and convenience!",3,2,1,2,,,,1762,,239900,,,,,,,"https://irp.cdn-website.com/28156074/dms3rep/multi/PLP89+-+Longfield+TH+1775+Rep+JH+%281%29.jpg,https://irp.cdn-website.com/28156074/dms3rep/multi/PLP89+-+Longfield+TH+1775+Rep+JH+%284%29.jpg,https://irp.cdn-website.com/28156074/dms3rep/multi/PLP89+-+Longfield+TH+1775+Rep+JH+%285%29.jpg,https://irp.cdn-website.com/28156074/dms3rep/multi/PLP89+-+Longfield+TH+1775+Rep+JH+%286%29.jpg,https://irp.cdn-website.com/28156074/dms3rep/multi/PLP89+-+Longfield+TH+1775+Rep+JH+%287%29.jpg,https://irp.cdn-website.com/28156074/dms3rep/multi/PLP89+-+Longfield+TH+1775+Rep+JH+%2812%29.jpg,https://irp.cdn-website.com/28156074/dms3rep/multi/PLP89+-+Longfield+TH+1775+Rep+JH+%2810%29.jpg,https://irp.cdn-website.com/28156074/dms3rep/multi/PLP89+-+Longfield+TH+1775+Rep+JH+%288%29.jpg,https://irp.cdn-website.com/28156074/dms3rep/multi/PLP89+-+Longfield+TH+1775+Rep+JH+%289%29.jpg,https://irp.cdn-website.com/28156074/dms3rep/multi/PLP89+-+Longfield+TH+1775+Rep+JH+%2813%29.jpg,https://irp.cdn-website.com/28156074/dms3rep/multi/PLP89+-+Longfield+TH+1775+Rep+JH+%2816%29.jpg,https://irp.cdn-website.com/28156074/dms3rep/multi/PLP89+-+Longfield+TH+1775+Rep+JH+%2814%29.jpg,https://irp.cdn-website.com/28156074/dms3rep/multi/PLP89+-+Longfield+TH+1775+Rep+JH+%2815%29.jpg,https://irp.cdn-website.com/28156074/dms3rep/multi/PLP89+-+Longfield+TH+1775+Rep+JH+%2817%29.jpg"
https://www.truehomes.com/new-construction-homes/move-in-ready/2213-jons-creek-ln-charlotte-nc-28213,,Clark Village Townhomes,35.2811,-80.7463,"2213 Jons Creek Ln, Charlotte, NC 28213",Charlotte,NC,28213,,,,https://www.truehomes.com,Available,True Homes,,,,,,,,,,,,,,,,,,,,,,,,The Lynwood TH - Lot #28,,3,2,1,1648,294900,,,,,,"Discover Doorway to Prosperity at Clark Village Townhomes—The Lynwood offers 3 bedrooms, 2.5 baths, and over 1,600 sq ft of thoughtfully designed living space. Enjoy an open-concept main level with a stylish kitchen flowing seamlessly into the great room and dining area—perfect for everyday living or entertaining. Upstairs, the spacious layout continues with a private primary suite, two versatile secondary bedrooms, and a full bath. Clark Village Townhomes blend modern living with lasting value in a growing community. Income eligibility required. Deed restrictions apply. Not available to investors. Down payment assistance may be available for qualified buyers.",3,2,1,2,,,,1648,,294900,,,,,,,https://irp.cdn-website.com/28156074/dms3rep/multi/Lynwood+TH+Rendering+-+4.4.2025.jpg
https://www.truehomes.com/new-construction-homes/move-in-ready/11738-avocet-street-charlotte-nc-28215,,Village at Reedy Creek Townhomes,35.2587,-80.6755,"11738 Avocet Street, Charlotte, NC 28215",Charlotte,NC,28215,,,,https://www.truehomes.com,Sold,True Homes,,,,,,,,,,,,,,,,,,,,,,,,The Myka TH - Lot #59,,3,2,1,1451,299900,,,,,,"Welcome to Village at Reedy Creek, a vibrant new townhome community by True Homes ideally located in Charlotte, NC. Experience the perfect balance of comfort and convenience in this semi-custom, quick move-in townhome featuring 1,451 sq. ft., 3 bedrooms, and 2.5 baths across three thoughtfully designed levels. The main floor showcases an open-concept Great Room, a stylish Kitchen with eat-in nook, and access to a private rear deck—perfect for relaxing or entertaining. Enjoy the functionality of a 550+ sq. ft. tandem garage, providing ample parking and storage space. The upper level includes a spacious Primary Suite with private bath, two additional bedrooms, and a convenient laundry area. Upgraded features and flexible design options make this home ideal for modern living. Community amenities include a dog park and more—creating the perfect place to call home in Charlotte’s thriving northeast corridor. Up to $10k in Seller Incentives for Qualified Buyers!",3,2,1,3,,,,1451,,299900,,,,,,,
https://www.truehomes.com/new-construction-homes/move-in-ready/11805-avocet-street-charlotte-nc-28215,,Village at Reedy Creek Townhomes,35.2590,-80.6755,"11805 Avocet Street, Charlotte, NC 28215",Charlotte,NC,28215,,,,https://www.truehomes.com,Available,True Homes,,,,,,,,,,,,,,,,,,,,,,,,The Myka TH - Lot #25,,3,2,1,1451,319900,,,,,,"Welcome to Village at Reedy Creek, a vibrant new townhome community by True Homes ideally located in Charlotte, NC. Experience the perfect balance of comfort and convenience in this semi-custom, quick move-in townhome featuring 1,451 sq. ft., 3 bedrooms, and 2.5 baths across three thoughtfully designed levels. The main floor showcases an open-concept Great Room, a stylish Kitchen with eat-in nook, and access to a private rear deck—perfect for relaxing or entertaining. Enjoy the functionality of a 550+ sq. ft. tandem garage, providing ample parking and storage space. The upper level includes a spacious Primary Suite with private bath, two additional bedrooms, and a convenient laundry area. Upgraded features and flexible design options make this home ideal for modern living. Community amenities include a dog park and more—creating the perfect place to call home in Charlotte’s thriving northeast corridor. Up to $10k in Seller Incentives for Qualified Buyers!",3,2,1,2,,,,1451,,319900,,,,,,,"https://irp.cdn-website.com/28156074/dms3rep/multi/VRCT+74+Myka+TH+Model+%282%29-02REP.jpg,https://irp.cdn-website.com/28156074/dms3rep/multi/VRCT+74+Myka+TH+Model+%286%29-06REP.jpg,https://irp.cdn-website.com/28156074/dms3rep/multi/VRCT+74+Myka+TH+Model+%287%29-07REP.jpg,https://irp.cdn-website.com/28156074/dms3rep/multi/VRCT+74+Myka+TH+Model+%288%29-08REP.jpg,https://irp.cdn-website.com/28156074/dms3rep/multi/VRCT+74+Myka+TH+Model+%289%29-09REP.jpg,https://irp.cdn-website.com/28156074/dms3rep/multi/VRCT+74+Myka+TH+Model+%2810%29-10REP.jpg,https://irp.cdn-website.com/28156074/dms3rep/multi/VRCT+74+Myka+TH+Model+%2811%29-11REP.jpg,https://irp.cdn-website.com/28156074/dms3rep/multi/VRCT+74+Myka+TH+Model+%2812%29-12REP.jpg,https://irp.cdn-website.com/28156074/dms3rep/multi/VRCT+74+Myka+TH+Model+%2813%29-13REP.jpg,https://irp.cdn-website.com/28156074/dms3rep/multi/VRCT+74+Myka+TH+Model+%2814%29-14REP.jpg,https://irp.cdn-website.com/28156074/dms3rep/multi/VRCT+74+Myka+TH+Model+%2815%29-15REP.jpg,https://irp.cdn-website.com/28156074/dms3rep/multi/VRCT+74+Myka+TH+Model+%2816%29-16REP.jpg,https://irp.cdn-website.com/28156074/dms3rep/multi/VRCT+74+Myka+TH+Model+%2817%29-17REP.jpg,https://irp.cdn-website.com/28156074/dms3rep/multi/VRCT+74+Myka+TH+Model+%2818%29-18REP.jpg,https://irp.cdn-website.com/28156074/dms3rep/multi/VRCT+74+Myka+TH+Model+%2819%29-19REP.jpg,https://irp.cdn-website.com/28156074/dms3rep/multi/VRCT+74+Myka+TH+Model+%2820%29-20REP.jpg,https://irp.cdn-website.com/28156074/dms3rep/multi/VRCT+74+Myka+TH+Model+%2821%29-21REP.jpg,https://irp.cdn-website.com/28156074/dms3rep/multi/VRCT+74+Myka+TH+Model+%2822%29-22REP.jpg,https://irp.cdn-website.com/28156074/dms3rep/multi/VRCT+74+Myka+TH+Model+%2823%29-23REP.jpg,https://irp.cdn-website.com/28156074/dms3rep/multi/VRCT+74+Myka+TH+Model+%2824%29-24REP.jpg,https://irp.cdn-website.com/28156074/dms3rep/multi/VRCT+74+Myka+TH+Model+%2825%29-25REP.jpg,https://irp.cdn-website.com/28156074/dms3rep/multi/VRCT+74+Myka+TH+Model+%2826%29-26REP.jpg,https://irp.cdn-website.com/28156074/dms3rep/multi/VRCT+74+Myka+TH+Model+%2827%29-27REP.jpg,https://irp.cdn-website.com/28156074/dms3rep/multi/VRCT+74+Myka+TH+Model+%2828%29-28REP.jpg,https://irp.cdn-website.com/28156074/dms3rep/multi/VRCT+74+Myka+TH+Model+%2829%29-29REP.jpg,https://irp.cdn-website.com/28156074/dms3rep/multi/VRCT+74+Myka+TH+Model+%2830%29-30REP.jpg,https://irp.cdn-website.com/28156074/dms3rep/multi/VRCT+74+Myka+TH+Model+%2831%29-31REP.jpg,https://irp.cdn-website.com/28156074/dms3rep/multi/VRCT+74+Myka+TH+Model+%2834%29-34REP.jpg,https://irp.cdn-website.com/28156074/dms3rep/multi/VRCT+74+Myka+TH+Model+%2836%29-36REP.jpg,https://irp.cdn-website.com/28156074/dms3rep/multi/VRCT+74+Myka+TH+Model+%2837%29-37REP.jpg,https://irp.cdn-website.com/28156074/dms3rep/multi/VRCT+74+Myka+TH+Model+%2838%29-38REP.jpg"
https://www.truehomes.com/new-construction-homes/move-in-ready/11840-avocet-street-charlotte-nc-28215,,Village at Reedy Creek Townhomes,35.2590,-80.6746,"11840 Avocet Street, Charlotte, NC 28215",Charlotte,NC,28215,,,,https://www.truehomes.com,Available,True Homes,,,,,,,,,,,,,,,,,,,,,,,,The Myka TH - Lot #49,,3,2,1,1451,314900,,,,,,"Welcome to Village at Reedy Creek, a vibrant new townhome community by True Homes ideally located in Charlotte, NC. Experience the perfect balance of comfort and convenience in this semi-custom, quick move-in townhome featuring 1,451 sq. ft., 3 bedrooms, and 2.5 baths across three thoughtfully designed levels. The main floor showcases an open-concept Great Room, a stylish Kitchen with eat-in nook, and access to a private rear deck—perfect for relaxing or entertaining. Enjoy the functionality of a 550+ sq. ft. tandem garage, providing ample parking and storage space. The upper level includes a spacious Primary Suite with private bath, two additional bedrooms, and a convenient laundry area. Upgraded features and flexible design options make this home ideal for modern living. Community amenities include a dog park and more—creating the perfect place to call home in Charlotte’s thriving northeast corridor. Up to $10k in Seller Incentives for Qualified Buyers!",3,2,1,3,,,,1451,,314900,,,,,,,"https://irp.cdn-website.com/28156074/dms3rep/multi/VRCT+74+Myka+TH+Model+%285%29-05REP.jpg,https://irp.cdn-website.com/28156074/dms3rep/multi/VRCT+74+Myka+TH+Model+%286%29-06REP.jpg,https://irp.cdn-website.com/28156074/dms3rep/multi/VRCT+74+Myka+TH+Model+%287%29-07REP.jpg,https://irp.cdn-website.com/28156074/dms3rep/multi/VRCT+74+Myka+TH+Model+%288%29-08REP.jpg,https://irp.cdn-website.com/28156074/dms3rep/multi/VRCT+74+Myka+TH+Model+%289%29-09REP.jpg,https://irp.cdn-website.com/28156074/dms3rep/multi/VRCT+74+Myka+TH+Model+%2810%29-10REP.jpg,https://irp.cdn-website.com/28156074/dms3rep/multi/VRCT+74+Myka+TH+Model+%2811%29-11REP.jpg,https://irp.cdn-website.com/28156074/dms3rep/multi/VRCT+74+Myka+TH+Model+%2812%29-12REP.jpg,https://irp.cdn-website.com/28156074/dms3rep/multi/VRCT+74+Myka+TH+Model+%2813%29-13REP.jpg,https://irp.cdn-website.com/28156074/dms3rep/multi/VRCT+74+Myka+TH+Model+%2814%29-14REP.jpg,https://irp.cdn-website.com/28156074/dms3rep/multi/VRCT+74+Myka+TH+Model+%2815%29-15REP.jpg,https://irp.cdn-website.com/28156074/dms3rep/multi/VRCT+74+Myka+TH+Model+%2816%29-16REP.jpg,https://irp.cdn-website.com/28156074/dms3rep/multi/VRCT+74+Myka+TH+Model+%2817%29-17REP.jpg,https://irp.cdn-website.com/28156074/dms3rep/multi/VRCT+74+Myka+TH+Model+%2818%29-18REP.jpg,https://irp.cdn-website.com/28156074/dms3rep/multi/VRCT+74+Myka+TH+Model+%2819%29-19REP.jpg,https://irp.cdn-website.com/28156074/dms3rep/multi/VRCT+74+Myka+TH+Model+%2820%29-20REP.jpg,https://irp.cdn-website.com/28156074/dms3rep/multi/VRCT+74+Myka+TH+Model+%2821%29-21REP.jpg,https://irp.cdn-website.com/28156074/dms3rep/multi/VRCT+74+Myka+TH+Model+%2822%29-22REP.jpg,https://irp.cdn-website.com/28156074/dms3rep/multi/VRCT+74+Myka+TH+Model+%2823%29-23REP.jpg,https://irp.cdn-website.com/28156074/dms3rep/multi/VRCT+74+Myka+TH+Model+%2824%29-24REP.jpg,https://irp.cdn-website.com/28156074/dms3rep/multi/VRCT+74+Myka+TH+Model+%2825%29-25REP.jpg,https://irp.cdn-website.com/28156074/dms3rep/multi/VRCT+74+Myka+TH+Model+%2826%29-26REP.jpg,https://irp.cdn-website.com/28156074/dms3rep/multi/VRCT+74+Myka+TH+Model+%2827%29-27REP.jpg,https://irp.cdn-website.com/28156074/dms3rep/multi/VRCT+74+Myka+TH+Model+%2828%29-28REP.jpg,https://irp.cdn-website.com/28156074/dms3rep/multi/VRCT+74+Myka+TH+Model+%2829%29-29REP.jpg,https://irp.cdn-website.com/28156074/dms3rep/multi/VRCT+74+Myka+TH+Model+%2830%29-30REP.jpg,https://irp.cdn-website.com/28156074/dms3rep/multi/VRCT+74+Myka+TH+Model+%2831%29-31REP.jpg,https://irp.cdn-website.com/28156074/dms3rep/multi/VRCT+74+Myka+TH+Model+%2835%29-35REP.jpg,https://irp.cdn-website.com/28156074/dms3rep/multi/VRCT+74+Myka+TH+Model+%2836%29-36REP.jpg,https://irp.cdn-website.com/28156074/dms3rep/multi/VRCT+74+Myka+TH+Model+%2837%29-37REP.jpg,https://irp.cdn-website.com/28156074/dms3rep/multi/VRCT+74+Myka+TH+Model+%2838%29-38REP.jpg"
https://www.truehomes.com/new-construction-homes/move-in-ready/1385-tappan-ave-rock-hill-sc-29730,,Colvin Park,34.9037,-81.0092,"1385 Tappan Ave, Rock Hill, SC 29730",Rock Hill,SC,29730,,,,https://www.truehomes.com,Available,True Homes,,,,,,,,,,,,,,,,,,,,,,,,The Miles II - Lot #125,,3,2,1,1600,409900,,,,,,,3,2,1,2,,,,1600,,409900,,,,,,,"https://irp.cdn-website.com/28156074/dms3rep/multi/WKP+130+Miles+II+1613+EB1+%281%29_REP-53422f58.jpg,https://irp.cdn-website.com/28156074/dms3rep/multi/WKP+130+Miles+II+1613+EB1+%284%29_REP-bce28ac3.JPG,https://irp.cdn-website.com/28156074/dms3rep/multi/WKP+130+Miles+II+1613+EB1+%285%29_REP-02abac25.JPG,https://irp.cdn-website.com/28156074/dms3rep/multi/WKP+130+Miles+II+1613+EB1+%286%29_REP-14b01863.JPG,https://irp.cdn-website.com/28156074/dms3rep/multi/WKP+130+Miles+II+1613+EB1+%287%29_REP-eede30cf.JPG,https://irp.cdn-website.com/28156074/dms3rep/multi/WKP+130+Miles+II+1613+EB1+%288%29_REP-6262b760.JPG,https://irp.cdn-website.com/28156074/dms3rep/multi/WKP+130+Miles+II+1613+EB1+%289%29_REP-efcb7cf5.JPG,https://irp.cdn-website.com/28156074/dms3rep/multi/WKP+130+Miles+II+1613+EB1+%2810%29_REP-fa7fae00.JPG,https://irp.cdn-website.com/28156074/dms3rep/multi/WKP+130+Miles+II+1613+EB1+%2811%29_REP-1b236ad4.JPG,https://irp.cdn-website.com/28156074/dms3rep/multi/WKP+130+Miles+II+1613+EB1+%2812%29_REP-e4548e8d.JPG,https://irp.cdn-website.com/28156074/dms3rep/multi/WKP+130+Miles+II+1613+EB1+%2813%29_REP-20886ee1.JPG,https://irp.cdn-website.com/28156074/dms3rep/multi/WKP+130+Miles+II+1613+EB1+%2814%29_REP-0ab8588b.JPG,https://irp.cdn-website.com/28156074/dms3rep/multi/WKP+130+Miles+II+1613+EB1+%2815%29_REP-23c98475.JPG,https://irp.cdn-website.com/28156074/dms3rep/multi/WKP+130+Miles+II+1613+EB1+%2816%29_REP-e5e66df9.JPG,https://irp.cdn-website.com/28156074/dms3rep/multi/WKP+130+Miles+II+1613+EB1+%2817%29_REP-0594499e.JPG,https://irp.cdn-website.com/28156074/dms3rep/multi/WKP+130+Miles+II+1613+EB1+%2818%29_REP-a0f68db0.JPG,https://irp.cdn-website.com/28156074/dms3rep/multi/WKP+130+Miles+II+1613+EB1+%2819%29_REP-bf89af7c.JPG,https://irp.cdn-website.com/28156074/dms3rep/multi/WKP+130+Miles+II+1613+EB1+%2820%29_REP-40caeb1c.JPG,https://irp.cdn-website.com/28156074/dms3rep/multi/WKP+130+Miles+II+1613+EB1+%2821%29_REP-a738b248.JPG,https://irp.cdn-website.com/28156074/dms3rep/multi/WKP+130+Miles+II+1613+EB1+%2822%29_REP-b728a9ed.JPG,https://irp.cdn-website.com/28156074/dms3rep/multi/WKP+130+Miles+II+1613+EB1+%2823%29_REP-8d11738a.JPG,https://irp.cdn-website.com/28156074/dms3rep/multi/WKP+130+Miles+II+1613+EB1+%2824%29_REP-eedc3b0f.jpg,https://irp.cdn-website.com/28156074/dms3rep/multi/WKP+130+Miles+II+1613+EB1+%2825%29_REP-fc3a81d5.jpg,https://irp.cdn-website.com/28156074/dms3rep/multi/WKP+130+Miles+II+1613+EB1+%2826%29_REP-477d20e6.jpg"
https://www.truehomes.com/new-construction-homes/move-in-ready/1484-equality-ave-rock-hill-sc-29730,,Colvin Park,34.9037,-81.0092,"1484 Equality Ave, Rock Hill, SC 29730",Rock Hill,SC,29730,,,,https://www.truehomes.com,Available,True Homes,,,,,,,,,,,,,,,,,,,,,,,,The Jasper II - Lot #53,,4,3,,2787,499900,,,,,,,4,3,,2,,,,2787,,499900,,,,,,,https://irp.cdn-website.com/28156074/dms3rep/multi/Jasper+II_WTG+3-67.jpg
https://www.truehomes.com/new-construction-homes/move-in-ready/1044-house-finch-ave-ravenel-sc-29470,,Homecoming,32.8887,-80.2600,"1044 House Finch Ave, Ravenel, SC 29470",Ravenel,SC,29470,,,,https://www.truehomes.com,Available,True Homes,,,,,,,,,,,,,,,,,,,,,,,,The Devin P - Lot #-CC3-22-20,,3,3,1,2398,429900,,,,,,,3,3,1,2,,,,2398,,429900,,,,,,,
https://www.truehomes.com/new-construction-homes/move-in-ready/250-oriole-dr-angier-nc-27501,,White Oak Creek Crossing,35.5240,-78.7519,"250 ORIOLE DR, Angier, NC 27501",Angier,NC,27501,,,,https://www.truehomes.com,Available,True Homes,,,,,,,,,,,,,,,,,,,,,,,,The Gideon - Lot #160,,5,3,,2983,419900,,,,,,,5,3,,2,,,,2983,,419900,,,,,,,"https://irp.cdn-website.com/28156074/dms3rep/multi/WOC160.jpeg,https://irp.cdn-website.com/28156074/dms3rep/multi/CLF+6+Gideon+2980+EC5+v2+%284%29_REP.jpg,https://irp.cdn-website.com/28156074/dms3rep/multi/CLF+6+Gideon+2980+EC5+v2+%285%29_REP.jpg,https://irp.cdn-website.com/28156074/dms3rep/multi/CLF+6+Gideon+2980+EC5+v2+%286%29_REP.jpg,https://irp.cdn-website.com/28156074/dms3rep/multi/CLF+6+Gideon+2980+EC5+v2+%287%29_REP.jpg,https://irp.cdn-website.com/28156074/dms3rep/multi/CLF+6+Gideon+2980+EC5+v2+%288%29_REP.jpg,https://irp.cdn-website.com/28156074/dms3rep/multi/CLF+6+Gideon+2980+EC5+v2+%289%29_REP.jpg,https://irp.cdn-website.com/28156074/dms3rep/multi/CLF+6+Gideon+2980+EC5+v2+%2810%29_REP.jpg,https://irp.cdn-website.com/28156074/dms3rep/multi/CLF+6+Gideon+2980+EC5+v2+%2811%29_REP.jpg,https://irp.cdn-website.com/28156074/dms3rep/multi/CLF+6+Gideon+2980+EC5+v2+%2812%29_REP.jpg,https://irp.cdn-website.com/28156074/dms3rep/multi/CLF+6+Gideon+2980+EC5+v2+%2813%29_REP.jpg,https://irp.cdn-website.com/28156074/dms3rep/multi/CLF+6+Gideon+2980+EC5+v2+%2814%29_REP.jpg,https://irp.cdn-website.com/28156074/dms3rep/multi/CLF+6+Gideon+2980+EC5+v2+%2815%29_REP.jpg,https://irp.cdn-website.com/28156074/dms3rep/multi/CLF+6+Gideon+2980+EC5+v2+%2816%29_REP.jpg,https://irp.cdn-website.com/28156074/dms3rep/multi/CLF+6+Gideon+2980+EC5+v2+%2817%29_REP.jpg,https://irp.cdn-website.com/28156074/dms3rep/multi/CLF+6+Gideon+2980+EC5+v2+%2818%29_REP.jpg,https://irp.cdn-website.com/28156074/dms3rep/multi/CLF+6+Gideon+2980+EC5+v2+%2819%29_REP.jpg,https://irp.cdn-website.com/28156074/dms3rep/multi/CLF+6+Gideon+2980+EC5+v2+%2820%29_REP.jpg,https://irp.cdn-website.com/28156074/dms3rep/multi/CLF+6+Gideon+2980+EC5+v2+%2821%29_REP.jpg,https://irp.cdn-website.com/28156074/dms3rep/multi/CLF+6+Gideon+2980+EC5+v2+%2822%29_REP.jpg,https://irp.cdn-website.com/28156074/dms3rep/multi/CLF+6+Gideon+2980+EC5+v2+%2823%29_REP.jpg,https://irp.cdn-website.com/28156074/dms3rep/multi/CLF+6+Gideon+2980+EC5+v2+%2824%29_REP.jpg"
https://www.truehomes.com/new-construction-homes/move-in-ready/3984-golf-ave-little-river-sc-29566,,True Homes Build OYL - Wilmington,33.8693,-78.6499,"3984 Golf Ave, Little River, SC 29566",Little River,SC,29566,,,,https://www.truehomes.com,Available,True Homes,,,,,,,,,,,,,,,,,,,,,,,,The Montcrest - Lot #88,,3,3,,2757,559900,,,,,,,3,3,,1,,,,2757,,559900,,,,,,,"https://irp.cdn-website.com/28156074/dms3rep/multi/DSC+1716+7+8-001-062-666x431.jpg,https://irp.cdn-website.com/28156074/dms3rep/multi/DSC+1713+4+5-003-060-666x444.jpg,https://irp.cdn-website.com/28156074/dms3rep/multi/DSC+1476+7+8-004-001-666x444.jpg,https://irp.cdn-website.com/28156074/dms3rep/multi/DSC+1566+7+8-006-051-666x444.jpg,https://irp.cdn-website.com/28156074/dms3rep/multi/DSC+1584+5+6-007-059-666x444.jpg,https://irp.cdn-website.com/28156074/dms3rep/multi/DSC+1572+3+4-008-055-666x444.jpg,https://irp.cdn-website.com/28156074/dms3rep/multi/DSC+1557+8+9-010-047-666x444.jpg,https://irp.cdn-website.com/28156074/dms3rep/multi/DSC+1503+4+5-013-021-666x444.jpg,https://irp.cdn-website.com/28156074/dms3rep/multi/DSC+1512+3+4-015-025-666x444.jpg,https://irp.cdn-website.com/28156074/dms3rep/multi/DSC+1524+5+6-018-029-666x444.jpg,https://irp.cdn-website.com/28156074/dms3rep/multi/DSC+1539+40+41-019-037-666x444.jpg,https://irp.cdn-website.com/28156074/dms3rep/multi/DSC+1533+4+5-021-033-666x444.jpg,https://irp.cdn-website.com/28156074/dms3rep/multi/DSC+1536+7+8-022-035-666x444.jpg,https://irp.cdn-website.com/28156074/dms3rep/multi/DSC+1542+3+4-023-039-666x444.jpg,https://irp.cdn-website.com/28156074/dms3rep/multi/DSC+1587+8+9-024-061-666x444.jpg,https://irp.cdn-website.com/28156074/dms3rep/multi/DSC+1632+3+4-027-020-666x444.jpg,https://irp.cdn-website.com/28156074/dms3rep/multi/DSC+1635+6+7-028-022-666x444.jpg,https://irp.cdn-website.com/28156074/dms3rep/multi/DSC+1656+7+8-032-032-666x444.jpg,https://irp.cdn-website.com/28156074/dms3rep/multi/DSC+1650+1+2-033-030-666x444.jpg,https://irp.cdn-website.com/28156074/dms3rep/multi/DSC+1668+69+70-035-038-666x444.jpg,https://irp.cdn-website.com/28156074/dms3rep/multi/DSC+1674+5+6-036-040-666x444.jpg,https://irp.cdn-website.com/28156074/dms3rep/multi/DSC+1680+1+2-039-043-666x444.jpg,https://irp.cdn-website.com/28156074/dms3rep/multi/DSC+1485+6+7-041-009-666x444.jpg,https://irp.cdn-website.com/28156074/dms3rep/multi/DSC+1479+80+81-043-004-666x444.jpg,https://irp.cdn-website.com/28156074/dms3rep/multi/DSC+1491+3+Enhancer-045-013-666x444.jpg,https://irp.cdn-website.com/28156074/dms3rep/multi/DSC+1683+4+5-046-046-666x444.jpg,https://irp.cdn-website.com/28156074/dms3rep/multi/DSC+1692+3+4-047-050-666x444.jpg,https://irp.cdn-website.com/28156074/dms3rep/multi/DSC+1701+2+3-049-054-666x444.jpg,https://irp.cdn-website.com/28156074/dms3rep/multi/DSC+1710+1+2-051-058-666x444.jpg,https://irp.cdn-website.com/28156074/dms3rep/multi/DSC+1596+7+8-056-005-666x444.jpg,https://irp.cdn-website.com/28156074/dms3rep/multi/DSC+1617+8+9-060-014-666x444.jpg"
https://www.truehomes.com/new-construction-homes/move-in-ready/4204-arable-st-thomasville-nc-27360,,Covington Ridge Townhomes,35.8720,-80.0379,"4204 Arable St, Thomasville, NC 27360",Thomasville,NC,27360,,,,https://www.truehomes.com,Available,True Homes,,,,,,,,,,,,,,,,,,,,,,,,The Advent TH - Lot #217,,3,2,1,2174,299500,,,,,,,3,2,1,2,,,,2174,,299500,,,,,,,https://irp.cdn-website.com/28156074/dms3rep/multi/Advent+TH+CRTH+Model+Rep+%281%29.jpg
https://www.truehomes.com/new-construction-homes/move-in-ready/3809-biddle-street-greensboro-nc-27405,,Village Heights TH,36.0920,-79.7084,"3809 Biddle Street, Greensboro, NC 27405",Greensboro,NC,27405,,,,https://www.truehomes.com,Sold,True Homes,,,,,,,,,,,,,,,,,,,,,,,,The Haven TH - Lot #77,,3,2,1,1651,245500,,,,,,,3,2,1,2,,,,1651,,245500,,,,,,,
https://www.truehomes.com/new-construction-homes/move-in-ready/2928-smithcliff-road-charlotte-nc-28208,,Dukes Ridge,35.2292,-80.9127,"2928 Smithcliff Road, Charlotte, NC 28208",Charlotte,NC,28208,,,,https://www.truehomes.com,Available,True Homes,,,,,,,,,,,,,,,,,,,,,,,,The Myka TH - Lot #9,,4,3,1,1750,299900,,,,,,,4,3,1,3,,,,1750,,299900,,,,,,,https://irp.cdn-website.com/28156074/dms3rep/multi/03_TH+-Kenan-Dalton-Myka-Longfield+TH_TH+Longfield_CS+F+Mono+%281%29.jpg
