url,Community Details,Community Name,latitude,longitude,Street Address,City,State,Zip Code,County,Model hours,Phone number,Website,status,Builder,Product Type (SFD/SFA/CO),Model/Product Types Available,Avg Lot Size,Avg Lot - Width/Depth,Garages (Y/N),# of Garages,Adult Community (Y/N),Amenities Available,Amenity Type,Attributes/Features,Overall Description of the Community,Foundation Type,Exterior Specifications Available,Interior Specifications Available,HOA Fee,HOA Services,Other Fees (i.e. CDD),City/Town/Property Tax %,Sales Start Date,Sold Out Date,Total Lots Sold,Incentives,QMI Incentives,QMI Model Name,QMI # of Garages,QMI # of BR,QMI # of BA,QMI # of 1/2 BA,QMI Model SQFT,QMI Model Price,QMI Availability Date,QMI Lot SQFT,QMI Interior/Exterior Attributes,Model Details,Model Name,Plan Description,# BR,# BA,# 1/2 BA,# of Floors,Parking Type,Plan Garage Entry (Front load),# Garages,Minimum SQFT,Maximum SQFT,Minimum Base Price (Current),Maximum Base Price/All In Price,Previous Price,Last Updated,Plan Features,Interior Specifications Descriptions,First Floor Master (Y/N),images
https://www.khov.com/new-construction-homes/arizona/buckeye/k-hovnanians-four-seasons-victory-at-verrado-cottages/altena-20387-w-clayton-dr-0146/,,K Hovnanians Four Seasons Victory At Verrado Cottages,33.49736,-112.49984,"20387 W Clayton Dr, Buckeye, AZ, 85396",Buckeye,ARIZONA,85396,,"Sunday: 09:00-17:00, Monday: 09:00-17:00, Tuesday: 09:00-17:00, Wednesday: 09:00-17:00, Thursday: 09:00-17:00, Friday: 09:00-17:00, Saturday: 09:00-17:00",602-671-0690,https://www.khov.com/,,K. Hovnanian Homes,single family,,,,Y,2,,Y,"Clubhouse,Victory Golf Course,Golf Club,Fitness Center,Outdoor Pool,Hiking Trails,Pickleball Courts,Tennis Court,Fire Pit,Wine Club,Barbecue,Café Bar,Game Room,Spa,Walking Path,Billiards,Main Street",,"Well-equipped kitchen featuring designer cabinetry, wall oven, & refrigerator Inviting great room for spending time with family & friends Charming dining area adjacent kitchen makes mornings easy Tranquil primary suite with coffered ceiling, walk-in-closet, & private bath Versatile covered patio featuring 12' multi-slide door Backyard turf package & exterior gas line for easy outdoor entertaining",,,,258,,,0.68,,,,,,Altena,2,3,2,0,1674,522235,2026-07-07,,,,,"Well-equipped kitchen featuring designer cabinetry, wall oven, & refrigerator Inviting great room for spending time with family & friends Charming dining area adjacent kitchen makes mornings easy Tranquil primary suite with coffered ceiling, walk-in-closet, & private bath Versatile covered patio featuring 12' multi-slide door Backyard turf package & exterior gas line for easy outdoor entertaining",3,2,0,1,Garage,,2,1674,,522235,522235,522105,,,,,"[""https://www.khov.com/contentassets/65b0db301a434ae88aba9e907808d0b4/151329_Four_Seasons_Victory_at_Verrado_Cottages_Altena_Elevation_Hacienda_XA_Level_2.jpg"", ""https://www.khov.com/contentassets/65b0db301a434ae88aba9e907808d0b4/5_mechanical_exterior_21405072.jpg"", ""https://www.khov.com/contentassets/65b0db301a434ae88aba9e907808d0b4/5_mechanical_exterior_21405074.jpg"", ""https://www.khov.com/contentassets/65b0db301a434ae88aba9e907808d0b4/5_mechanical_exterior_21405075.jpg"", ""https://www.khov.com/contentassets/65b0db301a434ae88aba9e907808d0b4/5_mechanical_interior_21405076.jpg"", ""https://www.khov.com/contentassets/65b0db301a434ae88aba9e907808d0b4/5_mechanical_interior_21405077.jpg"", ""https://www.khov.com/contentassets/65b0db301a434ae88aba9e907808d0b4/5_mechanical_interior_21405078.jpg"", ""https://www.khov.com/contentassets/65b0db301a434ae88aba9e907808d0b4/5_mechanical_interior_21405079.jpg"", ""https://www.khov.com/contentassets/65b0db301a434ae88aba9e907808d0b4/5_mechanical_interior_21405080.jpg"", ""https://www.khov.com/contentassets/65b0db301a434ae88aba9e907808d0b4/5_mechanical_interior_21405081.jpg"", ""https://www.khov.com/contentassets/65b0db301a434ae88aba9e907808d0b4/5_mechanical_interior_21405082.jpg""]"
https://www.khov.com/new-construction-homes/arizona/buckeye/k-hovnanians-four-seasons-victory-at-verrado-cottages/bernstein-20384-w-apodaca-dr-0238/,,K Hovnanians Four Seasons Victory At Verrado Cottages,33.49736,-112.49984,"20384 W Apodaca Dr, Buckeye, AZ, 85396",Buckeye,ARIZONA,85396,,"Sunday: 09:00-17:00, Monday: 09:00-17:00, Tuesday: 09:00-17:00, Wednesday: 09:00-17:00, Thursday: 09:00-17:00, Friday: 09:00-17:00, Saturday: 09:00-17:00",602-671-0690,https://www.khov.com/,,K. Hovnanian Homes,single family,,,,Y,2,,Y,"Clubhouse,Victory Golf Course,Golf Club,Fitness Center,Outdoor Pool,Hiking Trails,Pickleball Courts,Tennis Court,Fire Pit,Wine Club,Barbecue,Café Bar,Game Room,Spa,Walking Path,Billiards,Main Street",,"Polished kitchen with center island, large pantry & wall oven Spacious great room featuring detailed coffered ceiling & stained beams Charming dining area with access to covered patio Serene primary suite with private bath, walk-in closet, & feature wall Private home office for working remotely Peaceful covered patio for outdoor relaxation Convenient HovHall with access to valet, laundry room, & 2-car garage",,,,258,,,0.68,,,,,,Bernstein,2,2,2,0,1705,508287,2026-07-16,,,,,"Polished kitchen with center island, large pantry & wall oven Spacious great room featuring detailed coffered ceiling & stained beams Charming dining area with access to covered patio Serene primary suite with private bath, walk-in closet, & feature wall Private home office for working remotely Peaceful covered patio for outdoor relaxation Convenient HovHall with access to valet, laundry room, & 2-car garage",2,2,0,1,Garage,,2,1705,,508287,508287,503287,,,,,"[""https://www.khov.com/contentassets/4764e3f6cf4b4ea8ab4c388689f1598d/151354_Four_Seasons_Victory_at_Verrado_Cottages_Bernstein_Elevation_Farmhouse_WA_Level_2.jpg"", ""https://www.khov.com/contentassets/4764e3f6cf4b4ea8ab4c388689f1598d/5_mechanical_exterior_21405151.jpg"", ""https://www.khov.com/contentassets/4764e3f6cf4b4ea8ab4c388689f1598d/5_mechanical_exterior_21405153.jpg"", ""https://www.khov.com/contentassets/4764e3f6cf4b4ea8ab4c388689f1598d/5_mechanical_interior_21405154.jpg"", ""https://www.khov.com/contentassets/4764e3f6cf4b4ea8ab4c388689f1598d/5_mechanical_interior_21405158.jpg"", ""https://www.khov.com/contentassets/4764e3f6cf4b4ea8ab4c388689f1598d/5_mechanical_interior_21405159.jpg"", ""https://www.khov.com/contentassets/4764e3f6cf4b4ea8ab4c388689f1598d/5_mechanical_exterior_21405162.jpg""]"
https://www.khov.com/new-construction-homes/arizona/buckeye/k-hovnanians-four-seasons-victory-at-verrado-cottages/blueberry-ash-4498-n-203rd-ln-0133/,,K Hovnanians Four Seasons Victory At Verrado Cottages,33.49736,-112.49984,"4498 N 203Rd Ln, Buckeye, AZ, 85396",Buckeye,ARIZONA,85396,,"Sunday: 09:00-17:00, Monday: 09:00-17:00, Tuesday: 09:00-17:00, Wednesday: 09:00-17:00, Thursday: 09:00-17:00, Friday: 09:00-17:00, Saturday: 09:00-17:00",602-671-0690,https://www.khov.com/,,K. Hovnanian Homes,single family,,,,Y,2,,Y,"Clubhouse,Victory Golf Course,Golf Club,Fitness Center,Outdoor Pool,Hiking Trails,Pickleball Courts,Tennis Court,Fire Pit,Wine Club,Barbecue,Café Bar,Game Room,Spa,Walking Path,Billiards,Main Street",,Well-equipped kitchen featuring white cabinetry & pendant lighting Vast center island perfect for prepping family meals Open concept living spaces with detailed coffered ceiling Peaceful primary suite & bath featuring walk-in closet Inviting covered patio with 9' multi-slide door Attached 2-car garage provides convenient parking,,,,258,,,0.68,,,,,,Blueberry Ash,2,3,2,0,1450,449990,,,,,,Well-equipped kitchen featuring white cabinetry & pendant lighting Vast center island perfect for prepping family meals Open concept living spaces with detailed coffered ceiling Peaceful primary suite & bath featuring walk-in closet Inviting covered patio with 9' multi-slide door Attached 2-car garage provides convenient parking,3,2,0,1,Garage,,2,1450,,449990,522235,456373,,,,,"[""https://www.khov.com/contentassets/a01e7a679fb3480dbac56a5b824fdf84/151271_Four_Seasons_Victory_at_Verrado_Cottages_Blueberry_Ash_Elevation_Modern_Prairie_ZA_Level_1.jpg"", ""https://www.khov.com/contentassets/a01e7a679fb3480dbac56a5b824fdf84/162646_Blueberry_Ash_Kitchen_Farmhouse_Palette_1_Level_1_Fresh_Farmhouse.jpg"", ""https://www.khov.com/contentassets/a01e7a679fb3480dbac56a5b824fdf84/162647_Blueberry_Ash_Primary_Bath_Farmhouse_Palette_1_Level_1_Fresh_Farmhouse.jpg"", ""https://www.khov.com/contentassets/a01e7a679fb3480dbac56a5b824fdf84/162625_Blueberry_Ash_Primary_Bath_Plus_Farmhouse_Palette_1_Level_1_Fresh_Farmhouse.jpg"", ""https://www.khov.com/contentassets/a01e7a679fb3480dbac56a5b824fdf84/16_ext.-finish_exterior_21402816.jpg"", ""https://www.khov.com/contentassets/a01e7a679fb3480dbac56a5b824fdf84/16_ext.-finish_interior_21402817.jpg"", ""https://www.khov.com/contentassets/a01e7a679fb3480dbac56a5b824fdf84/16_ext.-finish_exterior_21402818.jpg"", ""https://www.khov.com/contentassets/a01e7a679fb3480dbac56a5b824fdf84/16_ext.-finish_exterior_21402819.jpg"", ""https://www.khov.com/contentassets/a01e7a679fb3480dbac56a5b824fdf84/16_ext.-finish_interior_21402820.jpg"", ""https://www.khov.com/contentassets/a01e7a679fb3480dbac56a5b824fdf84/16_ext.-finish_kitchen_21402821.jpg"", ""https://www.khov.com/contentassets/a01e7a679fb3480dbac56a5b824fdf84/16_ext.-finish_bedroom_21402822.jpg"", ""https://www.khov.com/contentassets/a01e7a679fb3480dbac56a5b824fdf84/16_ext.-finish_kitchen_21402823.jpg"", ""https://www.khov.com/contentassets/a01e7a679fb3480dbac56a5b824fdf84/16_ext.-finish_interior_21402824.jpg"", ""https://www.khov.com/contentassets/a01e7a679fb3480dbac56a5b824fdf84/16_ext.-finish_kitchen_21402825.jpg""]"
https://www.khov.com/new-construction-homes/arizona/buckeye/k-hovnanians-four-seasons-victory-at-verrado-cottages/blueberry-ash-4482-n-203rd-ln-0137/,,K Hovnanians Four Seasons Victory At Verrado Cottages,33.49736,-112.49984,"4482 N 203Rd Ln, Buckeye, AZ, 85396",Buckeye,ARIZONA,85396,,"Sunday: 09:00-17:00, Monday: 09:00-17:00, Tuesday: 09:00-17:00, Wednesday: 09:00-17:00, Thursday: 09:00-17:00, Friday: 09:00-17:00, Saturday: 09:00-17:00",602-671-0690,https://www.khov.com/,,K. Hovnanian Homes,single family,,,,Y,2,,Y,"Clubhouse,Victory Golf Course,Golf Club,Fitness Center,Outdoor Pool,Hiking Trails,Pickleball Courts,Tennis Court,Fire Pit,Wine Club,Barbecue,Café Bar,Game Room,Spa,Walking Path,Billiards,Main Street",,"Efficient kitchen featuring designer cabinetry, center island, & refrigerator Detailed coffered ceiling connects great room & dining area Peaceful primary suite with private bath & walk-in closet Inviting covered patio featuring 9' multi-slide door Backyard turf package & exterior gas line create the perfect environment for family barbecues Blinds included for additional privacy",,,,258,,,0.68,,,,,,Blueberry Ash,2,3,2,0,1450,453990,2026-05-08,,,,,"Efficient kitchen featuring designer cabinetry, center island, & refrigerator Detailed coffered ceiling connects great room & dining area Peaceful primary suite with private bath & walk-in closet Inviting covered patio featuring 9' multi-slide door Backyard turf package & exterior gas line create the perfect environment for family barbecues Blinds included for additional privacy",3,2,0,1,Garage,,2,1450,,453990,522235,454613,,,,,"[""https://www.khov.com/contentassets/2cb0025a3ca44ea7869f1b9d09342cf0/151368_Four_Seasons_Victory_at_Verrado_Cottages_Blueberry_Ash_Elevation_Farmhouse_WA_Level_1.jpg"", ""https://www.khov.com/contentassets/2cb0025a3ca44ea7869f1b9d09342cf0/16_int.-finish_exterior_21402865.jpg"", ""https://www.khov.com/contentassets/2cb0025a3ca44ea7869f1b9d09342cf0/16_int.-finish_exterior_21402868.jpg""]"
https://www.khov.com/new-construction-homes/arizona/buckeye/k-hovnanians-four-seasons-victory-at-verrado-cottages/clyde-iii-20311-w-campbell-ave-0121/,,K Hovnanians Four Seasons Victory At Verrado Cottages,33.49736,-112.49984,"20311 W Campbell Ave, Buckeye, AZ, 85396",Buckeye,ARIZONA,85396,,"Sunday: 09:00-17:00, Monday: 09:00-17:00, Tuesday: 09:00-17:00, Wednesday: 09:00-17:00, Thursday: 09:00-17:00, Friday: 09:00-17:00, Saturday: 09:00-17:00",602-671-0690,https://www.khov.com/,,K. Hovnanian Homes,single family,,,,Y,2,,Y,"Clubhouse,Victory Golf Course,Golf Club,Fitness Center,Outdoor Pool,Hiking Trails,Pickleball Courts,Tennis Court,Fire Pit,Wine Club,Barbecue,Café Bar,Game Room,Spa,Walking Path,Billiards,Main Street",,"Charming kitchen featuring white cabinetry & matte black finishes Vast center island, perfect for prepping family meals Open concept living spaces for spending time with friends Peaceful primary suite with detailed feature wall & coffered ceiling Polished primary bath featuring dual sinks & walk-in closet Exterior gas line, backyard turf, & covered patio create the perfect environment for hosting outdoor gatherings Functional 2-car garage featuring car charger",,,,258,,,0.68,,,,,,Clyde III,2,2,2,0,1416,459990,,,,,,"Charming kitchen featuring white cabinetry & matte black finishes Vast center island, perfect for prepping family meals Open concept living spaces for spending time with friends Peaceful primary suite with detailed feature wall & coffered ceiling Polished primary bath featuring dual sinks & walk-in closet Exterior gas line, backyard turf, & covered patio create the perfect environment for hosting outdoor gatherings Functional 2-car garage featuring car charger",2,2,0,1,Garage,,2,1416,,459990,459990,457165,,,,,"[""https://www.khov.com/contentassets/6746d807aa4a45bdb84ea0d978927e13/qmi-photography/fsvv-lot-121-front-exterior.jpg"", ""https://www.khov.com/contentassets/6746d807aa4a45bdb84ea0d978927e13/qmi-photography/fsvv-lot-121-kitchen-3.jpg"", ""https://www.khov.com/contentassets/6746d807aa4a45bdb84ea0d978927e13/qmi-photography/fsvv-lot-121-kitchen-4.jpg"", ""https://www.khov.com/contentassets/6746d807aa4a45bdb84ea0d978927e13/qmi-photography/fsvv-lot-121-kitchen-1.jpg"", ""https://www.khov.com/contentassets/6746d807aa4a45bdb84ea0d978927e13/qmi-photography/fsvv-lot-121-kitchen-2.jpg"", ""https://www.khov.com/contentassets/6746d807aa4a45bdb84ea0d978927e13/qmi-photography/fsvv-lot-121-primary-bath-2.jpg"", ""https://www.khov.com/contentassets/6746d807aa4a45bdb84ea0d978927e13/qmi-photography/fsvv-lot-121-primary-bath-1.jpg"", ""https://www.khov.com/contentassets/6746d807aa4a45bdb84ea0d978927e13/qmi-photography/fsvv-lot-121-primary-bath-3.jpg"", ""https://www.khov.com/contentassets/6746d807aa4a45bdb84ea0d978927e13/qmi-photography/fsvv-lot-121-primary-suite-1.jpg"", ""https://www.khov.com/contentassets/6746d807aa4a45bdb84ea0d978927e13/qmi-photography/fsvv-lot-121-primary-suite-2.jpg"", ""https://www.khov.com/contentassets/6746d807aa4a45bdb84ea0d978927e13/qmi-photography/fsvv-lot-121-foyer.jpg"", ""https://www.khov.com/contentassets/6746d807aa4a45bdb84ea0d978927e13/qmi-photography/fsvv-lot-121-great-room-1.jpg"", ""https://www.khov.com/contentassets/6746d807aa4a45bdb84ea0d978927e13/qmi-photography/fsvv-lot-121-great-room-2.jpg"", ""https://www.khov.com/contentassets/6746d807aa4a45bdb84ea0d978927e13/qmi-photography/fsvv-lot-121-dining-area.jpg"", ""https://www.khov.com/contentassets/6746d807aa4a45bdb84ea0d978927e13/qmi-photography/fsvv-lot-121-home-office.jpg"", ""https://www.khov.com/contentassets/6746d807aa4a45bdb84ea0d978927e13/qmi-photography/fsvv-lot-121-bedroom-two-1.jpg"", ""https://www.khov.com/contentassets/6746d807aa4a45bdb84ea0d978927e13/qmi-photography/fsvv-lot-121-bedroom-two-2.jpg"", ""https://www.khov.com/contentassets/6746d807aa4a45bdb84ea0d978927e13/qmi-photography/fsvv-lot-121-hall-bath.jpg"", ""https://www.khov.com/contentassets/6746d807aa4a45bdb84ea0d978927e13/qmi-photography/fsvv-lot-121-laundry-room.jpg"", ""https://www.khov.com/contentassets/6746d807aa4a45bdb84ea0d978927e13/22_ext.-finish_bedroom_21405250.jpg"", ""https://www.khov.com/contentassets/6746d807aa4a45bdb84ea0d978927e13/22_ext.-finish_exterior_21405251.jpg"", ""https://www.khov.com/contentassets/6746d807aa4a45bdb84ea0d978927e13/22_ext.-finish_exterior_21405252.jpg"", ""https://www.khov.com/contentassets/6746d807aa4a45bdb84ea0d978927e13/22_ext.-finish_bathroom_21405253.jpg"", ""https://www.khov.com/contentassets/6746d807aa4a45bdb84ea0d978927e13/22_ext.-finish_exterior_21405254.jpg"", ""https://www.khov.com/contentassets/6746d807aa4a45bdb84ea0d978927e13/22_ext.-finish_bedroom_21405255.jpg"", ""https://www.khov.com/contentassets/6746d807aa4a45bdb84ea0d978927e13/22_ext.-finish_interior_21405256.jpg"", ""https://www.khov.com/contentassets/6746d807aa4a45bdb84ea0d978927e13/22_ext.-finish_kitchen_21405257.jpg"", ""https://www.khov.com/contentassets/6746d807aa4a45bdb84ea0d978927e13/22_ext.-finish_interior_21405259.jpg"", ""https://www.khov.com/contentassets/6746d807aa4a45bdb84ea0d978927e13/22_ext.-finish_kitchen_21405260.jpg""]"
https://www.khov.com/new-construction-homes/arizona/chandler/viviendo/cork-1130-e-yellowstone-pl-0001/,,Viviendo,33.247749,-111.821970,"1130 E Yellowstone Pl, Chandler, AZ, 85249",Chandler,ARIZONA,85249,,"Sunday: 11:00-18:00, Monday: 10:00-18:00, Tuesday: 10:00-18:00, Wednesday: 10:00-18:00, Thursday: 10:00-18:00, Friday: 10:00-18:00, Saturday: 10:00-18:00",602-671-0099,https://www.khov.com/,,K. Hovnanian Homes,single family,,,,Y,2,,Y,"Extra Suite Available,Gated Community,Playground,Great Location,Greenspace,Dog Park",,Home office with sliding doors provides a quiet workspace Great room & kitchen unite under a vaulted ceiling & stained beams Kitchen with Chestnut Brown cabinetry & pendant lights Charming quartz central island for prep & dining 12' multi-slide door opens great room to the covered patio Primary suite with stunning coffered ceiling & feature wall Primary bath with luxe freestanding soaking tub,,,,150,,,0.5,,,,,,Cork,2,4,3,0,2147,799990,2026-07-22,,,,,Home office with sliding doors provides a quiet workspace Great room & kitchen unite under a vaulted ceiling & stained beams Kitchen with Chestnut Brown cabinetry & pendant lights Charming quartz central island for prep & dining 12' multi-slide door opens great room to the covered patio Primary suite with stunning coffered ceiling & feature wall Primary bath with luxe freestanding soaking tub,4,3,0,1,Garage,,2,2147,,799990,799990,805410,,,,,"[""https://www.khov.com/contentassets/c09a1951f2b64b0397b171670b4c0650/178418_Viviendo_Cork_Hacienda_X_Level_3.jpg"", ""https://www.khov.com/contentassets/c09a1951f2b64b0397b171670b4c0650/furnished/kitchen.jpeg"", ""https://www.khov.com/contentassets/c09a1951f2b64b0397b171670b4c0650/furnished/kitchen_ad.jpeg"", ""https://www.khov.com/contentassets/c09a1951f2b64b0397b171670b4c0650/furnished/appliance.jpeg"", ""https://www.khov.com/contentassets/c09a1951f2b64b0397b171670b4c0650/furnished/cabinets.jpeg"", ""https://www.khov.com/contentassets/c09a1951f2b64b0397b171670b4c0650/furnished/primary_bath.jpeg"", ""https://www.khov.com/contentassets/c09a1951f2b64b0397b171670b4c0650/furnished/primary_bath_option.jpeg"", ""https://www.khov.com/contentassets/c09a1951f2b64b0397b171670b4c0650/furnished/owners_bath.jpeg"", ""https://www.khov.com/contentassets/c09a1951f2b64b0397b171670b4c0650/furnished/great_room_ad.jpeg"", ""https://www.khov.com/contentassets/c09a1951f2b64b0397b171670b4c0650/furnished/owners_suite.jpeg"", ""https://www.khov.com/contentassets/c09a1951f2b64b0397b171670b4c0650/furnished/included.jpeg"", ""https://www.khov.com/contentassets/c09a1951f2b64b0397b171670b4c0650/furnished/foyer.jpeg"", ""https://www.khov.com/contentassets/c09a1951f2b64b0397b171670b4c0650/furnished/great_room.jpeg"", ""https://www.khov.com/contentassets/c09a1951f2b64b0397b171670b4c0650/furnished/great_room_option.jpeg"", ""https://www.khov.com/contentassets/c09a1951f2b64b0397b171670b4c0650/furnished/dining_ad.jpeg"", ""https://www.khov.com/contentassets/c09a1951f2b64b0397b171670b4c0650/furnished/home_office.jpeg"", ""https://www.khov.com/contentassets/c09a1951f2b64b0397b171670b4c0650/furnished/home_office_option_none.jpeg"", ""https://www.khov.com/contentassets/c09a1951f2b64b0397b171670b4c0650/furnished/laundry.jpeg"", ""https://www.khov.com/contentassets/c09a1951f2b64b0397b171670b4c0650/furnished/laundry_option_none.jpeg"", ""https://www.khov.com/contentassets/c09a1951f2b64b0397b171670b4c0650/unfurnished/kitchen.jpeg"", ""https://www.khov.com/contentassets/c09a1951f2b64b0397b171670b4c0650/unfurnished/kitchen_ad.jpeg"", ""https://www.khov.com/contentassets/c09a1951f2b64b0397b171670b4c0650/unfurnished/appliance.jpeg"", ""https://www.khov.com/contentassets/c09a1951f2b64b0397b171670b4c0650/unfurnished/cabinets.jpeg"", ""https://www.khov.com/contentassets/c09a1951f2b64b0397b171670b4c0650/unfurnished/primary_bath.jpeg"", ""https://www.khov.com/contentassets/c09a1951f2b64b0397b171670b4c0650/unfurnished/primary_bath_option.jpeg"", ""https://www.khov.com/contentassets/c09a1951f2b64b0397b171670b4c0650/unfurnished/owners_bath.jpeg"", ""https://www.khov.com/contentassets/c09a1951f2b64b0397b171670b4c0650/unfurnished/great_room_ad.jpeg"", ""https://www.khov.com/contentassets/c09a1951f2b64b0397b171670b4c0650/unfurnished/owners_suite.jpeg"", ""https://www.khov.com/contentassets/c09a1951f2b64b0397b171670b4c0650/unfurnished/foyer.jpeg"", ""https://www.khov.com/contentassets/c09a1951f2b64b0397b171670b4c0650/unfurnished/included.jpeg"", ""https://www.khov.com/contentassets/c09a1951f2b64b0397b171670b4c0650/unfurnished/great_room_option.jpeg"", ""https://www.khov.com/contentassets/c09a1951f2b64b0397b171670b4c0650/unfurnished/great_room.jpeg"", ""https://www.khov.com/contentassets/c09a1951f2b64b0397b171670b4c0650/unfurnished/dining_ad.jpeg"", ""https://www.khov.com/contentassets/c09a1951f2b64b0397b171670b4c0650/unfurnished/home_office.jpeg"", ""https://www.khov.com/contentassets/c09a1951f2b64b0397b171670b4c0650/unfurnished/home_office_option_none.jpeg"", ""https://www.khov.com/contentassets/c09a1951f2b64b0397b171670b4c0650/unfurnished/laundry.jpeg"", ""https://www.khov.com/contentassets/c09a1951f2b64b0397b171670b4c0650/unfurnished/laundry_option_none.jpeg"", ""https://www.khov.com/contentassets/c09a1951f2b64b0397b171670b4c0650/6_mechanical_exterior_21473828.jpg"", ""https://www.khov.com/contentassets/c09a1951f2b64b0397b171670b4c0650/6_mechanical_interior_21473830.jpg"", ""https://www.khov.com/contentassets/c09a1951f2b64b0397b171670b4c0650/6_mechanical_bedroom_21473831.jpg"", ""https://www.khov.com/contentassets/c09a1951f2b64b0397b171670b4c0650/6_mechanical_interior_21473833.jpg"", ""https://www.khov.com/contentassets/c09a1951f2b64b0397b171670b4c0650/6_mechanical_interior_21473834.jpg"", ""https://www.khov.com/contentassets/c09a1951f2b64b0397b171670b4c0650/6_mechanical_interior_21473835.jpg"", ""https://www.khov.com/contentassets/c09a1951f2b64b0397b171670b4c0650/6_mechanical_interior_21473836.jpg"", ""https://www.khov.com/contentassets/c09a1951f2b64b0397b171670b4c0650/6_mechanical_interior_21473837.jpg""]"
https://www.khov.com/new-construction-homes/arizona/glendale/chalet-at-legacy-place/arosa-7748-w-sands-rd-0009/,,Chalet At Legacy Place,33.552237,-112.221471,"7748 W Sands Rd, Glendale, AZ, 85303",Glendale,ARIZONA,85303,,"Sunday: 11:00-18:00, Monday: 10:00-18:00, Tuesday: 10:00-18:00, Wednesday: 10:00-18:00, Thursday: 10:00-18:00, Friday: 10:00-18:00, Saturday: 10:00-18:00",623-257-5128,https://www.khov.com/,,K. Hovnanian Homes,single family,,,,Y,2,,Y,"Outdoor Pool,Playground,Luke Air Force Base,Barbecue",,"Charming kitchen featuring Ash Grey cabinetry, quartz countertops, & chrome fixtures Striking vaulted ceiling connects dining area & great room Peaceful primary bath featuring stylish ceiling treatment Refreshing primary bath with freestanding tub & walk-in closet Inviting covered patio featuring 15' multi-slide door Functional HovHall with access to laundry room & 2-car garage",,,,136,,,0.65,,,,,,Arosa,2,3,2,0,1840,509990,2026-06-11,,,,,"Charming kitchen featuring Ash Grey cabinetry, quartz countertops, & chrome fixtures Striking vaulted ceiling connects dining area & great room Peaceful primary bath featuring stylish ceiling treatment Refreshing primary bath with freestanding tub & walk-in closet Inviting covered patio featuring 15' multi-slide door Functional HovHall with access to laundry room & 2-car garage",3,2,0,1,Garage,,2,1840,,509990,509990,506690,,,,,"[""https://www.khov.com/contentassets/3b75c3d4dc2f415dace5e50f12ad3c22/179271_Chalet_at_Legacy_Place_Arosa_Elevation_Spanish_UA_Level_1.jpg"", ""https://www.khov.com/contentassets/3b75c3d4dc2f415dace5e50f12ad3c22/174028_Arosa_Kitchen_Loft_Palette_1_Level_1_Coastal_Loft.jpg"", ""https://www.khov.com/contentassets/3b75c3d4dc2f415dace5e50f12ad3c22/173993_Arosa_Primary_Bath_Loft_Palette_1_Level_1_Coastal_Loft.jpg"", ""https://www.khov.com/contentassets/3b75c3d4dc2f415dace5e50f12ad3c22/173999_Arosa_Primary_Bath_Plus_Tub_Loft_Palette_1_Level_1_Coastal_Loft.jpg"", ""https://www.khov.com/contentassets/3b75c3d4dc2f415dace5e50f12ad3c22/10_int.-finish_exterior_21484163.jpg"", ""https://www.khov.com/contentassets/3b75c3d4dc2f415dace5e50f12ad3c22/10_int.-finish_porch_21484166.jpg"", ""https://www.khov.com/contentassets/3b75c3d4dc2f415dace5e50f12ad3c22/10_int.-finish_porch_21484167.jpg"", ""https://www.khov.com/contentassets/3b75c3d4dc2f415dace5e50f12ad3c22/10_int.-finish_bedroom_21484169.jpg"", ""https://www.khov.com/contentassets/3b75c3d4dc2f415dace5e50f12ad3c22/10_int.-finish_interior_21484173.jpg"", ""https://www.khov.com/contentassets/3b75c3d4dc2f415dace5e50f12ad3c22/10_int.-finish_interior_21484174.jpg"", ""https://www.khov.com/contentassets/3b75c3d4dc2f415dace5e50f12ad3c22/10_int.-finish_interior_21484176.jpg"", ""https://www.khov.com/contentassets/3b75c3d4dc2f415dace5e50f12ad3c22/10_int.-finish_bedroom_21484177.jpg""]"
https://www.khov.com/new-construction-homes/arizona/glendale/chalet-at-legacy-place/brasov-7760-w-sands-rd-0006/,,Chalet At Legacy Place,33.552237,-112.221471,"7760 W Sands Rd, Glendale, AZ, 85303",Glendale,ARIZONA,85303,,"Sunday: 11:00-18:00, Monday: 10:00-18:00, Tuesday: 10:00-18:00, Wednesday: 10:00-18:00, Thursday: 10:00-18:00, Friday: 10:00-18:00, Saturday: 10:00-18:00",623-257-5128,https://www.khov.com/,,K. Hovnanian Homes,single family,,,,Y,2,,Y,"Outdoor Pool,Playground,Luke Air Force Base,Barbecue",,Well-equipped kitchen with Chestnut Brown cabinetry & matte black finishes Open concept living areas featuring stylish ceiling treatment Lavish primary suite & bath with freestanding tub Formal home office for working remotely Peaceful covered patio featuring 12' multi-slide door Attached 2-car garage for vehicles & tools,,,,136,,,0.65,,,,,,Brasov,2,3,2,0,1902,529990,2026-06-19,,,,,Well-equipped kitchen with Chestnut Brown cabinetry & matte black finishes Open concept living areas featuring stylish ceiling treatment Lavish primary suite & bath with freestanding tub Formal home office for working remotely Peaceful covered patio featuring 12' multi-slide door Attached 2-car garage for vehicles & tools,3,2,0,1,Garage,,2,1902,,529990,579990,525010,,,,,"[""https://www.khov.com/contentassets/97878bee87664e58be8a28d61d4da91a/179279_Chalet_at_Legacy_Place_Brasov_Elevation_Contemporary_ZA_Level_1.jpg"", ""https://www.khov.com/contentassets/97878bee87664e58be8a28d61d4da91a/174074_Arosa_Kitchen_Farmhouse_Palette_5_Level_1_Industrial_Farmhouse.jpg"", ""https://www.khov.com/contentassets/97878bee87664e58be8a28d61d4da91a/174089_Arosa_Primary_Bath_Farmhouse_Palette_5_Level_1_Industrial_Farmhouse.jpg"", ""https://www.khov.com/contentassets/97878bee87664e58be8a28d61d4da91a/174103_Arosa_Primary_Bath_Plus_Tub_Farmhouse_Palette_5_Level_1_Industrial_Farmhouse.jpg"", ""https://www.khov.com/contentassets/97878bee87664e58be8a28d61d4da91a/9_drywall_interior_21484143.jpg"", ""https://www.khov.com/contentassets/97878bee87664e58be8a28d61d4da91a/9_drywall_bedroom_21484144.jpg"", ""https://www.khov.com/contentassets/97878bee87664e58be8a28d61d4da91a/9_drywall_bedroom_21484147.jpg"", ""https://www.khov.com/contentassets/97878bee87664e58be8a28d61d4da91a/9_drywall_bedroom_21484148.jpg"", ""https://www.khov.com/contentassets/97878bee87664e58be8a28d61d4da91a/9_drywall_interior_21484149.jpg"", ""https://www.khov.com/contentassets/97878bee87664e58be8a28d61d4da91a/9_drywall_interior_21484150.jpg"", ""https://www.khov.com/contentassets/97878bee87664e58be8a28d61d4da91a/9_drywall_interior_21484151.jpg"", ""https://www.khov.com/contentassets/97878bee87664e58be8a28d61d4da91a/9_drywall_porch_21484152.jpg"", ""https://www.khov.com/contentassets/97878bee87664e58be8a28d61d4da91a/9_drywall_greatroom_21484153.jpg"", ""https://www.khov.com/contentassets/97878bee87664e58be8a28d61d4da91a/9_drywall_kitchen_21484154.jpg""]"
https://www.khov.com/new-construction-homes/arizona/glendale/chalet-at-legacy-place/brasov-7924-n-77th-ave-0043/,,Chalet At Legacy Place,33.552237,-112.221471,"7924 N 77Th Ave, Glendale, AZ, 85303",Glendale,ARIZONA,85303,,"Sunday: 11:00-18:00, Monday: 10:00-18:00, Tuesday: 10:00-18:00, Wednesday: 10:00-18:00, Thursday: 10:00-18:00, Friday: 10:00-18:00, Saturday: 10:00-18:00",623-257-5128,https://www.khov.com/,,K. Hovnanian Homes,single family,,,,Y,2,,Y,"Outdoor Pool,Playground,Luke Air Force Base,Barbecue",,Sleek kitchen featuring Pewter Grey cabinetry & quartz countertops Vast center island perfect for prepping & serving meals Detailed ceiling treatment connects dining area & great room Peaceful primary suite & bath with freestanding tub Private home office for studying or reading Versatile covered patio for outdoor enjoyment Functional 2-car garage provides convenient parking,,,,136,,,0.65,,,,,,Brasov,2,3,2,0,1902,519990,2026-06-26,,,,,Sleek kitchen featuring Pewter Grey cabinetry & quartz countertops Vast center island perfect for prepping & serving meals Detailed ceiling treatment connects dining area & great room Peaceful primary suite & bath with freestanding tub Private home office for studying or reading Versatile covered patio for outdoor enjoyment Functional 2-car garage provides convenient parking,3,2,0,1,Garage,,2,1902,,519990,579990,515910,,,,,"[""https://www.khov.com/contentassets/78d3fefe904a4038b635988ed0adda6f/179276_Chalet_at_Legacy_Place_Brasov_Elevation_Spanish_UA_Level_1.jpg"", ""https://www.khov.com/contentassets/78d3fefe904a4038b635988ed0adda6f/174026_Arosa_Kitchen_Loft_Palette_6_Level_1_Coastal_Loft.jpg"", ""https://www.khov.com/contentassets/78d3fefe904a4038b635988ed0adda6f/173992_Arosa_Primary_Bath_Loft_Palette_6_Level_1_Coastal_Loft.jpg"", ""https://www.khov.com/contentassets/78d3fefe904a4038b635988ed0adda6f/174021_Arosa_Primary_Bath_Tub_Loft_Palette_6_Level_1_Coastal_Loft.jpg"", ""https://www.khov.com/contentassets/78d3fefe904a4038b635988ed0adda6f/7_insulation_interior_21484698.jpg"", ""https://www.khov.com/contentassets/78d3fefe904a4038b635988ed0adda6f/7_insulation_interior_21484699.jpg"", ""https://www.khov.com/contentassets/78d3fefe904a4038b635988ed0adda6f/7_insulation_interior_21484701.jpg"", ""https://www.khov.com/contentassets/78d3fefe904a4038b635988ed0adda6f/7_insulation_exterior_21484705.jpg""]"
https://www.khov.com/new-construction-homes/arizona/glendale/chalet-at-legacy-place/chawton-7779-w-sands-rd-0023/,,Chalet At Legacy Place,33.552237,-112.221471,"7779 W Sands Rd, Glendale, AZ, 85303",Glendale,ARIZONA,85303,,"Sunday: 11:00-18:00, Monday: 10:00-18:00, Tuesday: 10:00-18:00, Wednesday: 10:00-18:00, Thursday: 10:00-18:00, Friday: 10:00-18:00, Saturday: 10:00-18:00",623-257-5128,https://www.khov.com/,,K. Hovnanian Homes,single family,,,,Y,2,,Y,"Outdoor Pool,Playground,Luke Air Force Base,Barbecue",,"Sleek kitchen featuring Birch White cabinetry & peninsula island Connected great room & dining area create seamless flow for hosting Striking vaulted ceiling adds height & character to main living areas Peaceful primary suite & bath featuring freestanding tub Secluded home office, perfect for leisure activities Lovely covered patio for outdoor relaxation Attached 2-car garage provides convenient parking",,,,136,,,0.65,,,,,,Chawton,2,4,2,1,2061,554990,,,,,,"Sleek kitchen featuring Birch White cabinetry & peninsula island Connected great room & dining area create seamless flow for hosting Striking vaulted ceiling adds height & character to main living areas Peaceful primary suite & bath featuring freestanding tub Secluded home office, perfect for leisure activities Lovely covered patio for outdoor relaxation Attached 2-car garage provides convenient parking",4,2,1,1,Garage,,2,2061,,554990,579990,570710,,,,,"[""https://www.khov.com/contentassets/599911a884d6490da0fc89b6888e4baa/div-qmi/chalet-lot-23-covered-patio.jpg"", ""https://www.khov.com/contentassets/599911a884d6490da0fc89b6888e4baa/div-qmi/chalet-lot-23-back-exterior-3.jpg"", ""https://www.khov.com/contentassets/599911a884d6490da0fc89b6888e4baa/div-qmi/chalet-lot-23-back-exterior-2.jpg"", ""https://www.khov.com/contentassets/599911a884d6490da0fc89b6888e4baa/div-qmi/chalet-lot-23-back-exterior-1.jpg"", ""https://www.khov.com/contentassets/599911a884d6490da0fc89b6888e4baa/div-qmi/chalet-lot-23-front-exterior.jpg"", ""https://www.khov.com/contentassets/599911a884d6490da0fc89b6888e4baa/div-qmi/chalet-lot-23-kitchen-2.jpg"", ""https://www.khov.com/contentassets/599911a884d6490da0fc89b6888e4baa/div-qmi/chalet-lot-23-kitchen-4.jpg"", ""https://www.khov.com/contentassets/599911a884d6490da0fc89b6888e4baa/div-qmi/chalet-lot-23-kitchen-1.jpg"", ""https://www.khov.com/contentassets/599911a884d6490da0fc89b6888e4baa/div-qmi/chalet-lot-23-kitchen-3.jpg"", ""https://www.khov.com/contentassets/599911a884d6490da0fc89b6888e4baa/div-qmi/chalet-lot-23-kitchen-5.jpg"", ""https://www.khov.com/contentassets/599911a884d6490da0fc89b6888e4baa/div-qmi/chalet-lot-23-primary-bath-2.jpg"", ""https://www.khov.com/contentassets/599911a884d6490da0fc89b6888e4baa/div-qmi/chalet-lot-23-primary-bath-1.jpg"", ""https://www.khov.com/contentassets/599911a884d6490da0fc89b6888e4baa/div-qmi/chalet-lot-23-primary-bath-3.jpg"", ""https://www.khov.com/contentassets/599911a884d6490da0fc89b6888e4baa/div-qmi/chalet-lot-23-primary-suite-1.jpg"", ""https://www.khov.com/contentassets/599911a884d6490da0fc89b6888e4baa/div-qmi/chalet-lot-23-primary-suite-2.jpg"", ""https://www.khov.com/contentassets/599911a884d6490da0fc89b6888e4baa/div-qmi/chalet-lot-23-great-room-1.jpg"", ""https://www.khov.com/contentassets/599911a884d6490da0fc89b6888e4baa/div-qmi/chalet-lot-23-great-room-4.jpg"", ""https://www.khov.com/contentassets/599911a884d6490da0fc89b6888e4baa/div-qmi/chalet-lot-23-great-room-2.jpg"", ""https://www.khov.com/contentassets/599911a884d6490da0fc89b6888e4baa/div-qmi/chalet-lot-23-great-room-5.jpg"", ""https://www.khov.com/contentassets/599911a884d6490da0fc89b6888e4baa/div-qmi/chalet-lot-23-great-room-3.jpg"", ""https://www.khov.com/contentassets/599911a884d6490da0fc89b6888e4baa/div-qmi/chalet-lot-23-home-office-2.jpg"", ""https://www.khov.com/contentassets/599911a884d6490da0fc89b6888e4baa/div-qmi/chalet-lot-23-home-office-1.jpg"", ""https://www.khov.com/contentassets/599911a884d6490da0fc89b6888e4baa/div-qmi/chalet-lot-23-bedroom-two-1.jpg"", ""https://www.khov.com/contentassets/599911a884d6490da0fc89b6888e4baa/div-qmi/chalet-lot-23-bedroom-two-2.jpg"", ""https://www.khov.com/contentassets/599911a884d6490da0fc89b6888e4baa/div-qmi/chalet-lot-23-bedroom-three-1.jpg"", ""https://www.khov.com/contentassets/599911a884d6490da0fc89b6888e4baa/div-qmi/chalet-lot-23-bedroom-three-2.jpg"", ""https://www.khov.com/contentassets/599911a884d6490da0fc89b6888e4baa/div-qmi/chalet-lot-23-bedroom-four-1.jpg"", ""https://www.khov.com/contentassets/599911a884d6490da0fc89b6888e4baa/div-qmi/chalet-lot-23-bedroom-four-2.jpg"", ""https://www.khov.com/contentassets/599911a884d6490da0fc89b6888e4baa/div-qmi/chalet-lot-23-hall-bath-1.jpg"", ""https://www.khov.com/contentassets/599911a884d6490da0fc89b6888e4baa/div-qmi/chalet-lot-23-hall-bath-2.jpg"", ""https://www.khov.com/contentassets/599911a884d6490da0fc89b6888e4baa/div-qmi/chalet-lot-23-half-bath.jpg"", ""https://www.khov.com/contentassets/599911a884d6490da0fc89b6888e4baa/div-qmi/chalet-lot-23-laundry-room.jpg"", ""https://www.khov.com/contentassets/599911a884d6490da0fc89b6888e4baa/12_complete_exterior_21375734.jpg"", ""https://www.khov.com/contentassets/599911a884d6490da0fc89b6888e4baa/12_complete_exterior_21375737.jpg"", ""https://www.khov.com/contentassets/599911a884d6490da0fc89b6888e4baa/12_complete_exterior_21375739.jpg"", ""https://www.khov.com/contentassets/599911a884d6490da0fc89b6888e4baa/12_complete_bathroom_21375740.jpg"", ""https://www.khov.com/contentassets/599911a884d6490da0fc89b6888e4baa/12_complete_kitchen_21375741.jpg"", ""https://www.khov.com/contentassets/599911a884d6490da0fc89b6888e4baa/12_complete_bedroom_21375742.jpg"", ""https://www.khov.com/contentassets/599911a884d6490da0fc89b6888e4baa/12_complete_interior_21375743.jpg"", ""https://www.khov.com/contentassets/599911a884d6490da0fc89b6888e4baa/12_complete_interior_21375744.jpg"", ""https://www.khov.com/contentassets/599911a884d6490da0fc89b6888e4baa/12_complete_kitchen_21375745.jpg"", ""https://www.khov.com/contentassets/599911a884d6490da0fc89b6888e4baa/12_complete_interior_21375746.jpg""]"
https://www.khov.com/new-construction-homes/arizona/glendale/chalet-at-legacy-place/chawton-7927-n-77th-ave-0049/,,Chalet At Legacy Place,33.552237,-112.221471,"7927 N 77Th Ave, Glendale, AZ, 85303",Glendale,ARIZONA,85303,,"Sunday: 11:00-18:00, Monday: 10:00-18:00, Tuesday: 10:00-18:00, Wednesday: 10:00-18:00, Thursday: 10:00-18:00, Friday: 10:00-18:00, Saturday: 10:00-18:00",623-257-5128,https://www.khov.com/,,K. Hovnanian Homes,single family,,,,Y,2,,Y,"Outdoor Pool,Playground,Luke Air Force Base,Barbecue",,"Kitchen with charming Chestnut Brown cabinetry & quartz island Striking vaulted ceiling connects kitchen, great room & dining area Serene primary suite with stylish ceiling treatment Polished primary bath featuring freestanding tub & dual sinks Private home office for leisure activities Inviting covered patio for relaxing outdoors Attached 2-car garage for vehicles & tools",,,,136,,,0.65,,,,,,Chawton,2,4,2,1,2061,553990,2026-05-08,,,,,"Kitchen with charming Chestnut Brown cabinetry & quartz island Striking vaulted ceiling connects kitchen, great room & dining area Serene primary suite with stylish ceiling treatment Polished primary bath featuring freestanding tub & dual sinks Private home office for leisure activities Inviting covered patio for relaxing outdoors Attached 2-car garage for vehicles & tools",4,2,1,1,Garage,,2,2061,,553990,579990,581170,,,,,"[""https://www.khov.com/contentassets/d6a1b94dd2134f948fd30182f7973901/179265_Chalet_at_Legacy_Place_Chawton_Elevation_Craftsman_YA_Level_1.jpg"", ""https://www.khov.com/contentassets/d6a1b94dd2134f948fd30182f7973901/174203_Chalet_at_Legacy_Place_Chawton_Kitchen_Classic_Palette_5_Level_1_Modern_Classic.jpg"", ""https://www.khov.com/contentassets/d6a1b94dd2134f948fd30182f7973901/174202_Chalet_at_Legacy_Place_Chawton_Kitchen_Classic_Palette_5_Level_1_Modern_Classic.jpg"", ""https://www.khov.com/contentassets/d6a1b94dd2134f948fd30182f7973901/174207_Chalet_at_Legacy_Place_Chawton_Primary_Bath_Classic_Palette_5_Level_1_Modern_Classic.jpg"", ""https://www.khov.com/contentassets/d6a1b94dd2134f948fd30182f7973901/174191_Chalet_at_Legacy_Place_Chawton_Primary_Bath_Classic_Palette_5_Level_1_Modern_Classic.jpg"", ""https://www.khov.com/contentassets/d6a1b94dd2134f948fd30182f7973901/174196_Chalet_at_Legacy_Place_Chawton_Vaulted_Ceiling_Classic_Palette_5_Level_1_Modern_Classic.jpg"", ""https://www.khov.com/contentassets/d6a1b94dd2134f948fd30182f7973901/174195_Chalet_at_Legacy_Place_Chawton_Vaulted_Ceiling_Classic_Palette_5_Level_1_Modern_Classic.jpg"", ""https://www.khov.com/contentassets/d6a1b94dd2134f948fd30182f7973901/174193_Chalet_at_Legacy_Place_Chawton_Primary_Suite_Classic_Palette_5_Level_1_Modern_Classic.jpg"", ""https://www.khov.com/contentassets/d6a1b94dd2134f948fd30182f7973901/174200_Chalet_at_Legacy_Place_Chawton_Great_Room_Classic_Palette_5_Level_1_Modern_Classic.jpg"", ""https://www.khov.com/contentassets/d6a1b94dd2134f948fd30182f7973901/174197_Chalet_at_Legacy_Place_Chawton_Dining_Area_Classic_Palette_5_Level_1_Modern_Classic.jpg"", ""https://www.khov.com/contentassets/d6a1b94dd2134f948fd30182f7973901/174205_Chalet_at_Legacy_Place_Chawton_Home_Office_Classic_Palette_5_Level_1_Modern_Classic.jpg"", ""https://www.khov.com/contentassets/d6a1b94dd2134f948fd30182f7973901/13_complete_exterior_21485290.jpg"", ""https://www.khov.com/contentassets/d6a1b94dd2134f948fd30182f7973901/13_complete_exterior_21485291.jpg"", ""https://www.khov.com/contentassets/d6a1b94dd2134f948fd30182f7973901/13_complete_interior_21485292.jpg"", ""https://www.khov.com/contentassets/d6a1b94dd2134f948fd30182f7973901/13_complete_bedroom_21485293.jpg"", ""https://www.khov.com/contentassets/d6a1b94dd2134f948fd30182f7973901/13_complete_exterior_21485294.jpg"", ""https://www.khov.com/contentassets/d6a1b94dd2134f948fd30182f7973901/13_complete_bathroom_21485295.jpg"", ""https://www.khov.com/contentassets/d6a1b94dd2134f948fd30182f7973901/13_complete_garage_21485296.jpg"", ""https://www.khov.com/contentassets/d6a1b94dd2134f948fd30182f7973901/13_complete_kitchen_21485297.jpg"", ""https://www.khov.com/contentassets/d6a1b94dd2134f948fd30182f7973901/13_complete_bathroom_21485298.jpg"", ""https://www.khov.com/contentassets/d6a1b94dd2134f948fd30182f7973901/13_complete_kitchen_21485299.jpg""]"
https://www.khov.com/new-construction-homes/arizona/glendale/chalet-at-legacy-place/cork-7926-n-76-dr-0050/,,Chalet At Legacy Place,33.552237,-112.221471,"7926 N 76 Dr, Glendale, AZ, 85303",Glendale,ARIZONA,85303,,"Sunday: 11:00-18:00, Monday: 10:00-18:00, Tuesday: 10:00-18:00, Wednesday: 10:00-18:00, Thursday: 10:00-18:00, Friday: 10:00-18:00, Saturday: 10:00-18:00",623-257-5128,https://www.khov.com/,,K. Hovnanian Homes,single family,,,,Y,2,,Y,"Outdoor Pool,Playground,Luke Air Force Base,Barbecue",,Beautiful kitchen with Ash Grey cabinetry & glass-front uppers Spacious great room with 12' sliding door to covered patio Elegant vaulted ceiling in main living areas Functional dining area adjacent to kitchen for easy mornings Pristine primary suite & bath featuring walk-in closet Private home office for working remotely Attached 2-car garage for vehicles & tools,,,,136,,,0.65,,,,,,Cork,2,4,3,0,2147,554990,2026-05-08,,,,,Beautiful kitchen with Ash Grey cabinetry & glass-front uppers Spacious great room with 12' sliding door to covered patio Elegant vaulted ceiling in main living areas Functional dining area adjacent to kitchen for easy mornings Pristine primary suite & bath featuring walk-in closet Private home office for working remotely Attached 2-car garage for vehicles & tools,4,3,0,1,Garage,,2,2147,,554990,579990,580000,,,,,"[""https://www.khov.com/contentassets/1feef437d6f34bc68d3d38de97ec5f51/179270_Chalet_at_Legacy_Place_Cork_Elevation_Contemporary_ZA_Level_1.jpg"", ""https://www.khov.com/contentassets/1feef437d6f34bc68d3d38de97ec5f51/174032_Arosa_Kitchen_Classic_Palette_1_Level_1_Coastal_Classic.jpg"", ""https://www.khov.com/contentassets/1feef437d6f34bc68d3d38de97ec5f51/174039_Arosa_Primary_Bath_Classic_Palette_1_Level_1_Coastal_Classic.jpg"", ""https://www.khov.com/contentassets/1feef437d6f34bc68d3d38de97ec5f51/174046_Arosa_Primary_Bath_Plus_Classic_Palette_1_Level_1_Coastal_Classic.jpg"", ""https://www.khov.com/contentassets/1feef437d6f34bc68d3d38de97ec5f51/13_int.-finish_exterior_21484669.jpg"", ""https://www.khov.com/contentassets/1feef437d6f34bc68d3d38de97ec5f51/13_int.-finish_exterior_21484670.jpg"", ""https://www.khov.com/contentassets/1feef437d6f34bc68d3d38de97ec5f51/13_int.-finish_bedroom_21484671.jpg"", ""https://www.khov.com/contentassets/1feef437d6f34bc68d3d38de97ec5f51/13_int.-finish_interior_21484672.jpg"", ""https://www.khov.com/contentassets/1feef437d6f34bc68d3d38de97ec5f51/13_int.-finish_bathroom_21484675.jpg"", ""https://www.khov.com/contentassets/1feef437d6f34bc68d3d38de97ec5f51/13_int.-finish_bedroom_21484676.jpg"", ""https://www.khov.com/contentassets/1feef437d6f34bc68d3d38de97ec5f51/13_int.-finish_interior_21484677.jpg"", ""https://www.khov.com/contentassets/1feef437d6f34bc68d3d38de97ec5f51/13_int.-finish_kitchen_21484678.jpg"", ""https://www.khov.com/contentassets/1feef437d6f34bc68d3d38de97ec5f51/13_int.-finish_bedroom_21484679.jpg"", ""https://www.khov.com/contentassets/1feef437d6f34bc68d3d38de97ec5f51/13_int.-finish_bathroom_21484681.jpg""]"
https://www.khov.com/new-construction-homes/arizona/glendale/chalet-at-legacy-place/cork-7940-n-77th-ave-0041/,,Chalet At Legacy Place,33.552237,-112.221471,"7940 N 77Th Ave, Glendale, AZ, 85303",Glendale,ARIZONA,85303,,"Sunday: 11:00-18:00, Monday: 10:00-18:00, Tuesday: 10:00-18:00, Wednesday: 10:00-18:00, Thursday: 10:00-18:00, Friday: 10:00-18:00, Saturday: 10:00-18:00",623-257-5128,https://www.khov.com/,,K. Hovnanian Homes,single family,,,,Y,2,,Y,"Outdoor Pool,Playground,Luke Air Force Base,Barbecue",,Charming kitchen with Chestnut Brown cabinetry & matte black finishes Vast center island overlooking dining area Inviting great room featuring vaulted ceiling Private primary suite with stylish coffered ceiling & walk-in closet Refreshing primary bath featuring dual sinks Versatile covered patio for relaxing with friends Functional 2-car garage provides convenient parking,,,,136,,,0.65,,,,,,Cork,2,4,3,0,2147,579990,,,,,,Charming kitchen with Chestnut Brown cabinetry & matte black finishes Vast center island overlooking dining area Inviting great room featuring vaulted ceiling Private primary suite with stylish coffered ceiling & walk-in closet Refreshing primary bath featuring dual sinks Versatile covered patio for relaxing with friends Functional 2-car garage provides convenient parking,4,3,0,1,Garage,,2,2147,,579990,579990,577470,,,,,"[""https://www.khov.com/contentassets/dc063d0626e9452384b2e3e811c2edb5/179268_Chalet_at_Legacy_Place_Cork_Elevation_Farmhouse_WA_Level_1.jpg"", ""https://www.khov.com/contentassets/dc063d0626e9452384b2e3e811c2edb5/174074_Arosa_Kitchen_Farmhouse_Palette_5_Level_1_Industrial_Farmhouse.jpg"", ""https://www.khov.com/contentassets/dc063d0626e9452384b2e3e811c2edb5/174089_Arosa_Primary_Bath_Farmhouse_Palette_5_Level_1_Industrial_Farmhouse.jpg"", ""https://www.khov.com/contentassets/dc063d0626e9452384b2e3e811c2edb5/174125_Arosa_Primary_Bath_Plus_Farmhouse_Palette_5_Level_1_Industrial_Farmhouse.jpg"", ""https://www.khov.com/contentassets/dc063d0626e9452384b2e3e811c2edb5/13_complete_porch_21484712.jpg"", ""https://www.khov.com/contentassets/dc063d0626e9452384b2e3e811c2edb5/13_complete_exterior_21484713.jpg"", ""https://www.khov.com/contentassets/dc063d0626e9452384b2e3e811c2edb5/13_complete_bedroom_21484714.jpg"", ""https://www.khov.com/contentassets/dc063d0626e9452384b2e3e811c2edb5/13_complete_interior_21484716.jpg"", ""https://www.khov.com/contentassets/dc063d0626e9452384b2e3e811c2edb5/13_complete_bathroom_21484717.jpg"", ""https://www.khov.com/contentassets/dc063d0626e9452384b2e3e811c2edb5/13_complete_garage_21484718.jpg"", ""https://www.khov.com/contentassets/dc063d0626e9452384b2e3e811c2edb5/13_complete_interior_21484719.jpg"", ""https://www.khov.com/contentassets/dc063d0626e9452384b2e3e811c2edb5/13_complete_interior_21484720.jpg"", ""https://www.khov.com/contentassets/dc063d0626e9452384b2e3e811c2edb5/13_complete_interior_21484721.jpg"", ""https://www.khov.com/contentassets/dc063d0626e9452384b2e3e811c2edb5/13_complete_bedroom_21484722.jpg""]"
https://www.khov.com/new-construction-homes/arizona/peoria/manor-at-legacy-place/avalon-8166-n-80th-ln-0064/,,Manor At Legacy Place,33.5523547999,-112.2272024,"8166 N 80Th Ln, Peoria, AZ, 85345",Peoria,ARIZONA,85345,,"Sunday: 11:00-18:00, Monday: 10:00-18:00, Tuesday: 10:00-18:00, Wednesday: 10:00-18:00, Thursday: 10:00-18:00, Friday: 10:00-18:00, Saturday: 10:00-18:00",623-253-9093,https://www.khov.com/,,K. Hovnanian Homes,single family,,,,Y,2,,Y,"Outdoor Pool,Playground,Barbecue Ramada",,"Open kitchen, dining area & great room for easy flow Chestnut Brown cabinetry & a wall oven define the kitchen 15' multi-slide door opens the living space to the covered patio Coffered ceiling adds architectural detail to the primary suite Primary bath features dual freestanding vanities & a soaking tub Spacious walk-in closet completes the primary suite Second-floor loft provides flexible bonus space",,,,136,,,0.65,,,,,,Avalon,2,3,2,1,2457,549990,2026-06-23,,,,,"Open kitchen, dining area & great room for easy flow Chestnut Brown cabinetry & a wall oven define the kitchen 15' multi-slide door opens the living space to the covered patio Coffered ceiling adds architectural detail to the primary suite Primary bath features dual freestanding vanities & a soaking tub Spacious walk-in closet completes the primary suite Second-floor loft provides flexible bonus space",3,2,1,2,Garage,,2,2457,,549990,549990,545860,,,,,"[""https://www.khov.com/contentassets/ec99a18b26be48209cab6f41f2f98806/166144_Manor_at_Legacy_Place_Avalon_Elevation_Craftsman_YA_Level_1.jpg"", ""https://www.khov.com/contentassets/ec99a18b26be48209cab6f41f2f98806/165865_Hampton_Kitchen_Farmhouse_Palette_5_Level_1_Traditional_Farmhouse.jpg"", ""https://www.khov.com/contentassets/ec99a18b26be48209cab6f41f2f98806/165816_Hampton_Primary_Bath_Tub_Farmhouse_Palette_5_Level_1_Traditional_Farmhouse.jpg"", ""https://www.khov.com/contentassets/ec99a18b26be48209cab6f41f2f98806/165827_Hampton_Primary_Bath_Farmhouse_Palette_5_Level_1_Traditional_Farmhouse.jpg"", ""https://www.khov.com/contentassets/ec99a18b26be48209cab6f41f2f98806/9_drywall_interior_21485871.jpg"", ""https://www.khov.com/contentassets/ec99a18b26be48209cab6f41f2f98806/9_drywall_interior_21485875.jpg"", ""https://www.khov.com/contentassets/ec99a18b26be48209cab6f41f2f98806/9_drywall_greatroom_21485878.jpg"", ""https://www.khov.com/contentassets/ec99a18b26be48209cab6f41f2f98806/9_drywall_interior_21485880.jpg"", ""https://www.khov.com/contentassets/ec99a18b26be48209cab6f41f2f98806/9_drywall_laundryroom_21485881.jpg"", ""https://www.khov.com/contentassets/ec99a18b26be48209cab6f41f2f98806/9_drywall_bathroom_21485882.jpg"", ""https://www.khov.com/contentassets/ec99a18b26be48209cab6f41f2f98806/9_drywall_interior_21485883.jpg"", ""https://www.khov.com/contentassets/ec99a18b26be48209cab6f41f2f98806/9_drywall_interior_21485884.jpg"", ""https://www.khov.com/contentassets/ec99a18b26be48209cab6f41f2f98806/9_drywall_interior_21485885.jpg"", ""https://www.khov.com/contentassets/ec99a18b26be48209cab6f41f2f98806/9_drywall_bathroom_21485886.jpg""]"
https://www.khov.com/new-construction-homes/arizona/peoria/manor-at-legacy-place/hampton-8036-w-harmont-dr-0116/,,Manor At Legacy Place,33.5523547999,-112.2272024,"8036 W Harmont Dr, Peoria, AZ, 85345",Peoria,ARIZONA,85345,,"Sunday: 11:00-18:00, Monday: 10:00-18:00, Tuesday: 10:00-18:00, Wednesday: 10:00-18:00, Thursday: 10:00-18:00, Friday: 10:00-18:00, Saturday: 10:00-18:00",623-253-9093,https://www.khov.com/,,K. Hovnanian Homes,single family,,,,Y,2,,Y,"Outdoor Pool,Playground,Barbecue Ramada",,Extra Suite tucked off the HovHall for added privacy Kitchen with Pewter Grey cabinetry & additional wall oven 12' multi-slide door connects great room to patio Sunny dining area perfectly placed near the kitchen Primary suite with coffered ceiling & striking crown moulding Primary bath offers freestanding tub & dual vanities Versatile loft space for work or relaxation,,,,136,,,0.65,,,,,,Hampton,2,5,3,1,2762,577990,2026-07-22,,,,,Extra Suite tucked off the HovHall for added privacy Kitchen with Pewter Grey cabinetry & additional wall oven 12' multi-slide door connects great room to patio Sunny dining area perfectly placed near the kitchen Primary suite with coffered ceiling & striking crown moulding Primary bath offers freestanding tub & dual vanities Versatile loft space for work or relaxation,5,3,1,2,Garage,,2,2762,,577990,589990,574380,,,,,"[""https://www.khov.com/contentassets/3ec310d4f67a4ca382d2fab6d7dd7a50/166148_Manor_at_Legacy_Place_Hampton_Elevation_Craftsman_YA_Level_1.jpg"", ""https://www.khov.com/contentassets/3ec310d4f67a4ca382d2fab6d7dd7a50/165866_Hampton_Kitchen_Farmhouse_Palette_6_Level_1_Traditional_Farmhouse.jpg"", ""https://www.khov.com/contentassets/3ec310d4f67a4ca382d2fab6d7dd7a50/165818_Hampton_Primary_Bath_Tub_Farmhouse_Palette_6_Level_1_Traditional_Farmhouse.jpg"", ""https://www.khov.com/contentassets/3ec310d4f67a4ca382d2fab6d7dd7a50/165833_Hampton_Primary_Bath_Tub_Farmhouse_Palette_6_Level_1_Traditional_Farmhouse.jpg"", ""https://www.khov.com/contentassets/3ec310d4f67a4ca382d2fab6d7dd7a50/6_framing_interior_21485548.jpg"", ""https://www.khov.com/contentassets/3ec310d4f67a4ca382d2fab6d7dd7a50/6_framing_interior_21485554.jpg"", ""https://www.khov.com/contentassets/3ec310d4f67a4ca382d2fab6d7dd7a50/6_framing_interior_21485556.jpg"", ""https://www.khov.com/contentassets/3ec310d4f67a4ca382d2fab6d7dd7a50/6_framing_interior_21485558.jpg"", ""https://www.khov.com/contentassets/3ec310d4f67a4ca382d2fab6d7dd7a50/6_framing_back_21485563.jpg""]"
https://www.khov.com/new-construction-homes/arizona/peoria/manor-at-legacy-place/hampton-8043-w-harmont-dr-0130/,,Manor At Legacy Place,33.5523547999,-112.2272024,"8043 W Harmont Dr, Peoria, AZ, 85345",Peoria,ARIZONA,85345,,"Sunday: 11:00-18:00, Monday: 10:00-18:00, Tuesday: 10:00-18:00, Wednesday: 10:00-18:00, Thursday: 10:00-18:00, Friday: 10:00-18:00, Saturday: 10:00-18:00",623-253-9093,https://www.khov.com/,,K. Hovnanian Homes,single family,,,,Y,2,,Y,"Outdoor Pool,Playground,Barbecue Ramada",,"Beautiful kitchen design highlighted by Ash Grey cabinetry & chrome finishes Expansive island offers ample space for meal prep Seamless open-concept layout ideal for everyday living & entertaining Tranquil primary suite & bath featuring freestanding tub Separate Extra Suite provides added privacy for visiting family or guests Covered patio extends the living space, enhanced by a 12' multi-slide door",,,,136,,,0.65,,,,,,Hampton,2,5,3,1,2762,559990,2026-07-07,,,,,"Beautiful kitchen design highlighted by Ash Grey cabinetry & chrome finishes Expansive island offers ample space for meal prep Seamless open-concept layout ideal for everyday living & entertaining Tranquil primary suite & bath featuring freestanding tub Separate Extra Suite provides added privacy for visiting family or guests Covered patio extends the living space, enhanced by a 12' multi-slide door",5,3,1,2,Garage,,2,2762,,559990,589990,555280,,,,,"[""https://www.khov.com/contentassets/7014170caf4349c0806d51363e4059de/166146_Manor_at_Legacy_Place_Hampton_Elevation_Spanish_UA_Level_1.jpg"", ""https://www.khov.com/contentassets/7014170caf4349c0806d51363e4059de/165821_Hampton_Kitchen_Loft_Palette_1_Level_1_Coastal_Loft.jpg"", ""https://www.khov.com/contentassets/7014170caf4349c0806d51363e4059de/165771_Hampton_Primary_Bath_Tub_Loft_Palette_1_Level_1_Coastal_Loft.jpg"", ""https://www.khov.com/contentassets/7014170caf4349c0806d51363e4059de/165792_Hampton_Primary_Bath_Tub_Loft_Palette_1_Level_1_Coastal_Loft.jpg"", ""https://www.khov.com/contentassets/7014170caf4349c0806d51363e4059de/8_insulation_garage_21485640.jpg"", ""https://www.khov.com/contentassets/7014170caf4349c0806d51363e4059de/8_insulation_exterior_21485641.jpg"", ""https://www.khov.com/contentassets/7014170caf4349c0806d51363e4059de/8_insulation_interior_21485642.jpg"", ""https://www.khov.com/contentassets/7014170caf4349c0806d51363e4059de/8_insulation_interior_21485643.jpg"", ""https://www.khov.com/contentassets/7014170caf4349c0806d51363e4059de/8_insulation_interior_21485645.jpg"", ""https://www.khov.com/contentassets/7014170caf4349c0806d51363e4059de/8_insulation_interior_21485647.jpg"", ""https://www.khov.com/contentassets/7014170caf4349c0806d51363e4059de/8_insulation_bedroom_21485648.jpg"", ""https://www.khov.com/contentassets/7014170caf4349c0806d51363e4059de/8_insulation_interior_21485649.jpg"", ""https://www.khov.com/contentassets/7014170caf4349c0806d51363e4059de/8_insulation_interior_21485650.jpg"", ""https://www.khov.com/contentassets/7014170caf4349c0806d51363e4059de/8_insulation_bathroom_21485651.jpg""]"
https://www.khov.com/new-construction-homes/arizona/peoria/manor-at-legacy-place/hampton-8142-n-80th-ln-0068/,,Manor At Legacy Place,33.5523547999,-112.2272024,"8142 N 80Th Ln, Peoria, AZ, 85345",Peoria,ARIZONA,85345,,"Sunday: 11:00-18:00, Monday: 10:00-18:00, Tuesday: 10:00-18:00, Wednesday: 10:00-18:00, Thursday: 10:00-18:00, Friday: 10:00-18:00, Saturday: 10:00-18:00",623-253-9093,https://www.khov.com/,,K. Hovnanian Homes,single family,,,,Y,2,,Y,"Outdoor Pool,Playground,Barbecue Ramada",,Foyer opens to great room with 12' multi slide door to patio Kitchen with wall oven & stacked Pewter Grey cabinetry Bright dining area adds warmth to the main living space Extra Suite provides flexibility for guests to stay overnight Primary suite with coffered ceiling & elegant crown moulding Beautiful primary bath with freestanding tub & dual vanities Second floor loft adds a bonus space,,,,136,,,0.65,,,,,,Hampton,2,5,3,1,2762,581990,2026-07-22,,,,,Foyer opens to great room with 12' multi slide door to patio Kitchen with wall oven & stacked Pewter Grey cabinetry Bright dining area adds warmth to the main living space Extra Suite provides flexibility for guests to stay overnight Primary suite with coffered ceiling & elegant crown moulding Beautiful primary bath with freestanding tub & dual vanities Second floor loft adds a bonus space,5,3,1,2,Garage,,2,2762,,581990,589990,577530,,,,,"[""https://www.khov.com/contentassets/559f21116ee14328862d9f12428b4aa5/166149_Manor_at_Legacy_Place_Hampton_Elevation_Contemporary_ZA_Level_1.jpg"", ""https://www.khov.com/contentassets/559f21116ee14328862d9f12428b4aa5/173121_manor-at-legacy-place_hampton_kitchen_classic_palette-6_level-1.jpg"", ""https://www.khov.com/contentassets/559f21116ee14328862d9f12428b4aa5/173122_manor-at-legacy-place_hampton_kitchen_classic_palette-6_level-1.jpg"", ""https://www.khov.com/contentassets/559f21116ee14328862d9f12428b4aa5/173123_manor-at-legacy-place_hampton_kitchen_classic_palette-6_level-1.jpg"", ""https://www.khov.com/contentassets/559f21116ee14328862d9f12428b4aa5/173124_manor-at-legacy-place_hampton_kitchen_classic_palette-6_level-1.jpg"", ""https://www.khov.com/contentassets/559f21116ee14328862d9f12428b4aa5/173128_manor-at-legacy-place_hampton_kitchen_classic_palette-6_level-1.jpg"", ""https://www.khov.com/contentassets/559f21116ee14328862d9f12428b4aa5/173059_manor-at-legacy-place_hampton_primary-suite_classic_palette-6_level-1.jpg"", ""https://www.khov.com/contentassets/559f21116ee14328862d9f12428b4aa5/173101_manor-at-legacy-place_hampton_primary-suite_classic_palette-6_level-1.jpg"", ""https://www.khov.com/contentassets/559f21116ee14328862d9f12428b4aa5/173114_manor-at-legacy-place_hampton_primary-suite_classic_palette-6_level-1.jpg"", ""https://www.khov.com/contentassets/559f21116ee14328862d9f12428b4aa5/173062_manor-at-legacy-place_hampton_primary-suite_classic_palette-6_level-1.jpg"", ""https://www.khov.com/contentassets/559f21116ee14328862d9f12428b4aa5/173116_manor-at-legacy-place_hampton_great-room_classic_palette-6_level-1.jpg"", ""https://www.khov.com/contentassets/559f21116ee14328862d9f12428b4aa5/173117_manor-at-legacy-place_hampton_great-room_classic_palette-6_level-1.jpg"", ""https://www.khov.com/contentassets/559f21116ee14328862d9f12428b4aa5/173118_manor-at-legacy-place_hampton_great-room_classic_level-1.jpg"", ""https://www.khov.com/contentassets/559f21116ee14328862d9f12428b4aa5/173119_manor-at-legacy-place_hampton_great-room_classic_palette-6_level-1.jpg"", ""https://www.khov.com/contentassets/559f21116ee14328862d9f12428b4aa5/173120_manor-at-legacy-place_hampton_great-room_classic_palette-6_level-1.jpg"", ""https://www.khov.com/contentassets/559f21116ee14328862d9f12428b4aa5/173129_manor-at-legacy-place_hampton_extra-suite_classic_palette-6_level-1.jpg"", ""https://www.khov.com/contentassets/559f21116ee14328862d9f12428b4aa5/173131_manor-at-legacy-place_hampton_extra-suite_classic_palette-6_level-1.jpg"", ""https://www.khov.com/contentassets/559f21116ee14328862d9f12428b4aa5/173082_manor-at-legacy-place_hampton_primary-suite_classic_palette-6_level-1.jpg"", ""https://www.khov.com/contentassets/559f21116ee14328862d9f12428b4aa5/173097_manor-at-legacy-place_hampton_primary-suite_classic_palette-6_level-1.jpg"", ""https://www.khov.com/contentassets/559f21116ee14328862d9f12428b4aa5/173098_manor-at-legacy-place_hampton_primary-suite_classic_palette-6_level-1.jpg"", ""https://www.khov.com/contentassets/559f21116ee14328862d9f12428b4aa5/173094_manor-at-legacy-place_hampton_primary-suite_classic_palette-6_level-1.jpg"", ""https://www.khov.com/contentassets/559f21116ee14328862d9f12428b4aa5/173096_manor-at-legacy-place_hampton_primary-suite_classic_palette-6_level-1.jpg"", ""https://www.khov.com/contentassets/559f21116ee14328862d9f12428b4aa5/173087_manor-at-legacy-place_hampton_primary-suite_classic_palette-6_level-1.jpg"", ""https://www.khov.com/contentassets/559f21116ee14328862d9f12428b4aa5/173088_manor-at-legacy-place_hampton_primary-suite_classic_palette-6_level-1.jpg"", ""https://www.khov.com/contentassets/559f21116ee14328862d9f12428b4aa5/173089_manor-at-legacy-place_hampton_primary-suite_classic_palette-6_level-1.jpg"", ""https://www.khov.com/contentassets/559f21116ee14328862d9f12428b4aa5/173090_manor-at-legacy-place_hampton_primary-suite_classic_palette-6_level-1.jpg"", ""https://www.khov.com/contentassets/559f21116ee14328862d9f12428b4aa5/173112_manor-at-legacy-place_hampton_laundry_classic_palette-6_level-1.jpg"", ""https://www.khov.com/contentassets/559f21116ee14328862d9f12428b4aa5/6_mechanical_exterior_21485795.jpg"", ""https://www.khov.com/contentassets/559f21116ee14328862d9f12428b4aa5/6_mechanical_interior_21485798.jpg"", ""https://www.khov.com/contentassets/559f21116ee14328862d9f12428b4aa5/6_mechanical_interior_21485803.jpg"", ""https://www.khov.com/contentassets/559f21116ee14328862d9f12428b4aa5/6_mechanical_interior_21485808.jpg"", ""https://www.khov.com/contentassets/559f21116ee14328862d9f12428b4aa5/6_mechanical_interior_21485810.jpg"", ""https://www.khov.com/contentassets/559f21116ee14328862d9f12428b4aa5/6_mechanical_interior_21485812.jpg"", ""https://www.khov.com/contentassets/559f21116ee14328862d9f12428b4aa5/6_mechanical_interior_21485813.jpg"", ""https://www.khov.com/contentassets/559f21116ee14328862d9f12428b4aa5/6_mechanical_interior_21485826.jpg"", ""https://www.khov.com/contentassets/559f21116ee14328862d9f12428b4aa5/6_mechanical_bathroom_21485831.jpg""]"
https://www.khov.com/new-construction-homes/arizona/peoria/manor-at-legacy-place/hampton-8160-n-80th-ln-0065/,,Manor At Legacy Place,33.5523547999,-112.2272024,"8160 N 80Th Ln, Peoria, AZ, 85345",Peoria,ARIZONA,85345,,"Sunday: 11:00-18:00, Monday: 10:00-18:00, Tuesday: 10:00-18:00, Wednesday: 10:00-18:00, Thursday: 10:00-18:00, Friday: 10:00-18:00, Saturday: 10:00-18:00",623-253-9093,https://www.khov.com/,,K. Hovnanian Homes,single family,,,,Y,2,,Y,"Outdoor Pool,Playground,Barbecue Ramada",,"Stylish kitchen showcasing Pewter Grey cabinetry with pendant lighting Central island creates a natural hub for serving & gathering Open concept living areas provide the perfect space for entertaining Spacious owner’s suite featuring a refined bath with a freestanding tub Covenient Extra Suite offers a comfortable, private space for guests Covered outdoor living area connects seamlessly through a 12' multi-slide door",,,,136,,,0.65,,,,,,Hampton,2,5,3,1,2762,578990,2026-07-02,,,,,"Stylish kitchen showcasing Pewter Grey cabinetry with pendant lighting Central island creates a natural hub for serving & gathering Open concept living areas provide the perfect space for entertaining Spacious owner’s suite featuring a refined bath with a freestanding tub Covenient Extra Suite offers a comfortable, private space for guests Covered outdoor living area connects seamlessly through a 12' multi-slide door",5,3,1,2,Garage,,2,2762,,578990,589990,574830,,,,,"[""https://www.khov.com/contentassets/16dfd0acbac8439cb719d7fc4fd84ea7/166147_Manor_at_Legacy_Place_Hampton_Elevation_Farmhouse_WA_Level_1.jpg"", ""https://www.khov.com/contentassets/16dfd0acbac8439cb719d7fc4fd84ea7/165866_Hampton_Kitchen_Farmhouse_Palette_6_Level_1_Traditional_Farmhouse.jpg"", ""https://www.khov.com/contentassets/16dfd0acbac8439cb719d7fc4fd84ea7/165818_Hampton_Primary_Bath_Tub_Farmhouse_Palette_6_Level_1_Traditional_Farmhouse.jpg"", ""https://www.khov.com/contentassets/16dfd0acbac8439cb719d7fc4fd84ea7/165833_Hampton_Primary_Bath_Tub_Farmhouse_Palette_6_Level_1_Traditional_Farmhouse.jpg"", ""https://www.khov.com/contentassets/16dfd0acbac8439cb719d7fc4fd84ea7/8_insulation_interior_21485848.jpg"", ""https://www.khov.com/contentassets/16dfd0acbac8439cb719d7fc4fd84ea7/8_insulation_interior_21485850.jpg"", ""https://www.khov.com/contentassets/16dfd0acbac8439cb719d7fc4fd84ea7/8_insulation_interior_21485851.jpg"", ""https://www.khov.com/contentassets/16dfd0acbac8439cb719d7fc4fd84ea7/8_insulation_interior_21485852.jpg"", ""https://www.khov.com/contentassets/16dfd0acbac8439cb719d7fc4fd84ea7/8_insulation_interior_21485853.jpg"", ""https://www.khov.com/contentassets/16dfd0acbac8439cb719d7fc4fd84ea7/8_insulation_interior_21485855.jpg"", ""https://www.khov.com/contentassets/16dfd0acbac8439cb719d7fc4fd84ea7/8_insulation_interior_21485856.jpg"", ""https://www.khov.com/contentassets/16dfd0acbac8439cb719d7fc4fd84ea7/8_insulation_interior_21485857.jpg"", ""https://www.khov.com/contentassets/16dfd0acbac8439cb719d7fc4fd84ea7/8_insulation_bedroom_21485858.jpg"", ""https://www.khov.com/contentassets/16dfd0acbac8439cb719d7fc4fd84ea7/8_insulation_interior_21485859.jpg""]"
https://www.khov.com/new-construction-homes/arizona/peoria/manor-at-legacy-place/hampton-8172-n-80th-ln-0063/,,Manor At Legacy Place,33.5523547999,-112.2272024,"8172 N 80Th Ln, Peoria, AZ, 85345",Peoria,ARIZONA,85345,,"Sunday: 11:00-18:00, Monday: 10:00-18:00, Tuesday: 10:00-18:00, Wednesday: 10:00-18:00, Thursday: 10:00-18:00, Friday: 10:00-18:00, Saturday: 10:00-18:00",623-253-9093,https://www.khov.com/,,K. Hovnanian Homes,single family,,,,Y,2,,Y,"Outdoor Pool,Playground,Barbecue Ramada",,Charming kitchen featuring Chestnut Brown cabinetry & pendant lighting Vast center island for prepping family meals Open concept living spaces for hosting family & friends Lavish primary suite & bath with freestanding tub Private Extra Suite for overnight guests Inviting covered patio with 12' multi-slide door Attached 2-car garage provides convenient parking,,,,136,,,0.65,,,,,,Hampton,2,5,3,1,2762,589990,2026-07-09,,,,,Charming kitchen featuring Chestnut Brown cabinetry & pendant lighting Vast center island for prepping family meals Open concept living spaces for hosting family & friends Lavish primary suite & bath with freestanding tub Private Extra Suite for overnight guests Inviting covered patio with 12' multi-slide door Attached 2-car garage provides convenient parking,5,3,1,2,Garage,,2,2762,,589990,589990,585151,,,,,"[""https://www.khov.com/contentassets/1569f53e177e45839d9c8f08e6c3e422/166149_Manor_at_Legacy_Place_Hampton_Elevation_Contemporary_ZA_Level_1.jpg"", ""https://www.khov.com/contentassets/1569f53e177e45839d9c8f08e6c3e422/165744_Hampton_Kitchen_Classic_Palette_5_Level_1_Modern_Classic.jpg"", ""https://www.khov.com/contentassets/1569f53e177e45839d9c8f08e6c3e422/165877_Hampton_Primary_Bath_Tub_Classic_Palette_5_and_7_Level_1_Modern_Classic.jpg"", ""https://www.khov.com/contentassets/1569f53e177e45839d9c8f08e6c3e422/165748_Hampton_Primary_Bath_Tub_Classic_Palette_5_and_7_Level_1_Modern_Classic.jpg"", ""https://www.khov.com/contentassets/1569f53e177e45839d9c8f08e6c3e422/7_mechanical_exterior_21485316.jpg"", ""https://www.khov.com/contentassets/1569f53e177e45839d9c8f08e6c3e422/7_mechanical_exterior_21485317.jpg"", ""https://www.khov.com/contentassets/1569f53e177e45839d9c8f08e6c3e422/7_mechanical_interior_21485318.jpg"", ""https://www.khov.com/contentassets/1569f53e177e45839d9c8f08e6c3e422/7_mechanical_exterior_21485319.jpg"", ""https://www.khov.com/contentassets/1569f53e177e45839d9c8f08e6c3e422/7_mechanical_interior_21485320.jpg"", ""https://www.khov.com/contentassets/1569f53e177e45839d9c8f08e6c3e422/7_mechanical_interior_21485321.jpg"", ""https://www.khov.com/contentassets/1569f53e177e45839d9c8f08e6c3e422/7_mechanical_interior_21485322.jpg"", ""https://www.khov.com/contentassets/1569f53e177e45839d9c8f08e6c3e422/7_mechanical_interior_21485323.jpg"", ""https://www.khov.com/contentassets/1569f53e177e45839d9c8f08e6c3e422/7_mechanical_interior_21485324.jpg"", ""https://www.khov.com/contentassets/1569f53e177e45839d9c8f08e6c3e422/7_mechanical_interior_21485326.jpg""]"
https://www.khov.com/new-construction-homes/arizona/phoenix-city/serenity-at-sonoran-foothills/avalon-ii-2513-west-gloria-lane-0017/,,Serenity At Sonoran Foothills,33.769600,-112.116584,"2513 West Gloria Lane, Phoenix, AZ, 85085",Phoenix City,ARIZONA,85085,,"Sunday: 11:00-18:00, Monday: 10:00-18:00, Tuesday: 10:00-18:00, Wednesday: 10:00-18:00, Thursday: 10:00-18:00, Friday: 10:00-18:00, Saturday: 10:00-18:00",623-469-7975,https://www.khov.com/,,K. Hovnanian Homes,townhome,,,,Y,2,,Y,"Gated Community,Playground,Resort-Style Pool",,"Well-equipped kitchen featuring Chestnut Brown cabinetry, wall oven, & center island Open concept living area for hosting family & friends Peaceful primary suite & bath with walk-in closet Convenient loft offers additional space for leisure activities Versatile covered patio with 15' multi-slide door Functional laundry room with washer & dryer included",,,,214,,,0.5,,,,,,Avalon II,2,3,2,1,2446,643710,2026-09-04,,,,,"Well-equipped kitchen featuring Chestnut Brown cabinetry, wall oven, & center island Open concept living area for hosting family & friends Peaceful primary suite & bath with walk-in closet Convenient loft offers additional space for leisure activities Versatile covered patio with 15' multi-slide door Functional laundry room with washer & dryer included",3,2,1,2,Garage,,2,2446,,643710,643710,643710,,,,,"[""https://www.khov.com/contentassets/52fbaba348a749b8bc102d23367d5b9b/201335_Serenity_at_Sonoran_Foothills_Avalon_II_Elevation_Mediterranean_Modern_V_Level_2.jpg"", ""https://www.khov.com/contentassets/52fbaba348a749b8bc102d23367d5b9b/189662_Laconia_III_Kitchen_Loft_Palette_5_Level_2_Coastal_Loft.jpg"", ""https://www.khov.com/contentassets/52fbaba348a749b8bc102d23367d5b9b/189655_Laconia_III_Primary_Bath_Loft_Palette_5_Level_2_Coastal_Loft.jpg"", ""https://www.khov.com/contentassets/52fbaba348a749b8bc102d23367d5b9b/189644_Laconia_III_Primary_Bath_Loft_Palette_5_Level_2_Coastal_Loft.jpg""]"
https://www.khov.com/new-construction-homes/arizona/phoenix-city/serenity-at-sonoran-foothills/laconia-iii-2520-west-gloria-lane-0072/,,Serenity At Sonoran Foothills,33.769600,-112.116584,"2520 West Gloria Lane, Phoenix, AZ, 85085",Phoenix City,ARIZONA,85085,,"Sunday: 11:00-18:00, Monday: 10:00-18:00, Tuesday: 10:00-18:00, Wednesday: 10:00-18:00, Thursday: 10:00-18:00, Friday: 10:00-18:00, Saturday: 10:00-18:00",623-469-7975,https://www.khov.com/,,K. Hovnanian Homes,townhome,,,,Y,2,,Y,"Gated Community,Playground,Resort-Style Pool",,Well-equipped kitchen with Chestnut Brown cabinetry Sprawling quartz island overlooks charming dining area 12' sliding glass door leads to covered patio in great room Primary suite & bath with freestanding tub & dual vanities Versatile loft for extra living space Extra Suite conveniently located on first floor Private rooftop terrace provides the perfect escape for relaxation,,,,214,,,0.5,,,,,,Laconia III - End Unit,2,4,3,1,2673,683880,2026-09-08,,,,,Well-equipped kitchen with Chestnut Brown cabinetry Sprawling quartz island overlooks charming dining area 12' sliding glass door leads to covered patio in great room Primary suite & bath with freestanding tub & dual vanities Versatile loft for extra living space Extra Suite conveniently located on first floor Private rooftop terrace provides the perfect escape for relaxation,4,3,1,2,Garage,,2,2673,,683880,683880,683880,,,,,"[""https://www.khov.com/contentassets/4a2c580da8ea4aecaa13f9215cab3098/213872_Serenity_at_Sonoran_Foothills_Laconia_III_Elevation_Mediterranean_Modern_Level_2.jpg"", ""https://www.khov.com/contentassets/4a2c580da8ea4aecaa13f9215cab3098/189752_Laconia_III_Kitchen_Classic_Palette_5_Level_2_Restoration_Classic.jpg"", ""https://www.khov.com/contentassets/4a2c580da8ea4aecaa13f9215cab3098/189700_Laconia_III_Primary_Bath_Classic_Palette_5_and_7_Level_2_Restoration_Classic.jpg"", ""https://www.khov.com/contentassets/4a2c580da8ea4aecaa13f9215cab3098/189729_Laconia_III_Primary_Bath_2_Tub_Classic_Palette_5_and_7_Level_2_Restoration_Classic.jpg""]"
https://www.khov.com/new-construction-homes/arizona/phoenix-city/serenity-at-sonoran-foothills/laconia-iii-2536-west-gloria-lane-0076/,,Serenity At Sonoran Foothills,33.769600,-112.116584,"2536 West Gloria Lane, Phoenix, AZ, 85085",Phoenix City,ARIZONA,85085,,"Sunday: 11:00-18:00, Monday: 10:00-18:00, Tuesday: 10:00-18:00, Wednesday: 10:00-18:00, Thursday: 10:00-18:00, Friday: 10:00-18:00, Saturday: 10:00-18:00",623-469-7975,https://www.khov.com/,,K. Hovnanian Homes,townhome,,,,Y,2,,Y,"Gated Community,Playground,Resort-Style Pool",,Kitchen with Birch White cabinetry & smart cooking appliances Beautiful quartz island overlooks elegant dining area 12' sliding glass door adds charm to the great room Primary suite & bath with freestanding tub & dual vanities Cozy loft on second floor perfect for unwinding Extra Suite on first floor for overnight guests Third-floor rooftop terrace provides the perfect escape for peace & quiet,,,,214,,,0.5,,,,,,Laconia III - End Unit,2,4,3,1,2673,677930,2026-09-08,,,,,Kitchen with Birch White cabinetry & smart cooking appliances Beautiful quartz island overlooks elegant dining area 12' sliding glass door adds charm to the great room Primary suite & bath with freestanding tub & dual vanities Cozy loft on second floor perfect for unwinding Extra Suite on first floor for overnight guests Third-floor rooftop terrace provides the perfect escape for peace & quiet,4,3,1,2,Garage,,2,2673,,677930,683880,681200,,,,,"[""https://www.khov.com/contentassets/c9652bdfa0574733bd93f54648244527/213872_Serenity_at_Sonoran_Foothills_Laconia_III_Elevation_Mediterranean_Modern_Level_2.jpg""]"
https://www.khov.com/new-construction-homes/arizona/phoenix-city/serenity-at-sonoran-foothills/laconia-iii-31527-north-25th-drive-0018/,,Serenity At Sonoran Foothills,33.769600,-112.116584,"31527 North 25Th Drive, Phoenix, AZ, 85085",Phoenix City,ARIZONA,85085,,"Sunday: 11:00-18:00, Monday: 10:00-18:00, Tuesday: 10:00-18:00, Wednesday: 10:00-18:00, Thursday: 10:00-18:00, Friday: 10:00-18:00, Saturday: 10:00-18:00",623-469-7975,https://www.khov.com/,,K. Hovnanian Homes,townhome,,,,Y,2,,Y,"Gated Community,Playground,Resort-Style Pool",,Charming kitchen featuring Chestnut Brown cabinetry & quartz countertops Vast center island overlooks convenient dining area Inviting great room for spending time with family & friends Lavish primary suite & bath featuring generous walk-in closet Private Extra Suite for overnight guests 12' multi-slide door offers smooth access to outdoor area Peaceful rooftop terrace provides the perfect escape for relaxation,,,,214,,,0.5,,,,,,Laconia III - End Unit,2,4,3,1,2673,683500,2026-09-01,,,,,Charming kitchen featuring Chestnut Brown cabinetry & quartz countertops Vast center island overlooks convenient dining area Inviting great room for spending time with family & friends Lavish primary suite & bath featuring generous walk-in closet Private Extra Suite for overnight guests 12' multi-slide door offers smooth access to outdoor area Peaceful rooftop terrace provides the perfect escape for relaxation,4,3,1,2,Garage,,2,2673,,683500,683880,683500,,,,,"[""https://www.khov.com/contentassets/fa8c652e011e41fe817112619b4f0e59/213872_Serenity_at_Sonoran_Foothills_Laconia_III_Elevation_Mediterranean_Modern_Level_2.jpg"", ""https://www.khov.com/contentassets/fa8c652e011e41fe817112619b4f0e59/189752_Laconia_III_Kitchen_Classic_Palette_5_Level_2_Restoration_Classic.jpg"", ""https://www.khov.com/contentassets/fa8c652e011e41fe817112619b4f0e59/189700_Laconia_III_Primary_Bath_Classic_Palette_5_and_7_Level_2_Restoration_Classic.jpg"", ""https://www.khov.com/contentassets/fa8c652e011e41fe817112619b4f0e59/189725_Laconia_III_Primary_Bath_2_Plus_Classic_Palette_5_and_7_Level_2_Restoration_Classic.jpg""]"
https://www.khov.com/new-construction-homes/arizona/phoenix-city/serenity-at-sonoran-foothills/marietta-ii-2517-west-gloria-lane-0016/,,Serenity At Sonoran Foothills,33.769600,-112.116584,"2517 West Gloria Lane, Phoenix, AZ, 85085",Phoenix City,ARIZONA,85085,,"Sunday: 11:00-18:00, Monday: 10:00-18:00, Tuesday: 10:00-18:00, Wednesday: 10:00-18:00, Thursday: 10:00-18:00, Friday: 10:00-18:00, Saturday: 10:00-18:00",623-469-7975,https://www.khov.com/,,K. Hovnanian Homes,townhome,,,,Y,2,,Y,"Gated Community,Playground,Resort-Style Pool",,Welcoming foyer leads to open concept living areas Sleek kitchen featuring Pewter Grey cabinetry & pendant lighting Peaceful primary suite with coffered ceiling Polished primary bath featuring dual sinks & walk-in closet Inviting covered patio for outdoor relaxation Second-floor laundry room with washer & dryer,,,,214,,,0.5,,,,,,Marietta II,2,3,2,1,1837,543480,2026-09-04,,,,,Welcoming foyer leads to open concept living areas Sleek kitchen featuring Pewter Grey cabinetry & pendant lighting Peaceful primary suite with coffered ceiling Polished primary bath featuring dual sinks & walk-in closet Inviting covered patio for outdoor relaxation Second-floor laundry room with washer & dryer,3,2,1,2,Garage,,2,1837,,543480,683880,543480,,,,,"[""https://www.khov.com/contentassets/83facee905124baf8f42a045da947867/201336_Serenity_at_Sonoran_Foothills_Marietta_II_Elevation_Mediterranean_Modern_V_Level_2.jpg"", ""https://www.khov.com/contentassets/83facee905124baf8f42a045da947867/189663_Laconia_III_Kitchen_Loft_Palette_6_Level_2_Coastal_Loft.jpg"", ""https://www.khov.com/contentassets/83facee905124baf8f42a045da947867/189656_Laconia_III_Primary_Bath_Loft_Palette_6_Level_2_Coastal_Loft.jpg"", ""https://www.khov.com/contentassets/83facee905124baf8f42a045da947867/189648_Laconia_III_Primary_Bath_Loft_Palette_6_Level_2_Coastal_Loft.jpg""]"
https://www.khov.com/new-construction-homes/arizona/phoenix-city/serenity-at-sonoran-foothills/marietta-ii-2524-west-gloria-lane-0073/,,Serenity At Sonoran Foothills,33.769600,-112.116584,"2524 West Gloria Lane, Phoenix, AZ, 85085",Phoenix City,ARIZONA,85085,,"Sunday: 11:00-18:00, Monday: 10:00-18:00, Tuesday: 10:00-18:00, Wednesday: 10:00-18:00, Thursday: 10:00-18:00, Friday: 10:00-18:00, Saturday: 10:00-18:00",623-469-7975,https://www.khov.com/,,K. Hovnanian Homes,townhome,,,,Y,2,,Y,"Gated Community,Playground,Resort-Style Pool",,Kitchen with Pewter Grey cabinetry & pendant lights Vast central island for prep & dining in kitchen Connected dining area & great room create perfect entertaining space 15' multi-slide door extends the living space outdoors Secluded primary suite with elegant coffered ceiling Luxurious primary bath with dual sinks & walk-in closet Functional loft on second floor for leisure activities,,,,214,,,0.5,,,,,,Marietta II,2,3,2,1,1837,542950,2026-09-08,,,,,Kitchen with Pewter Grey cabinetry & pendant lights Vast central island for prep & dining in kitchen Connected dining area & great room create perfect entertaining space 15' multi-slide door extends the living space outdoors Secluded primary suite with elegant coffered ceiling Luxurious primary bath with dual sinks & walk-in closet Functional loft on second floor for leisure activities,3,2,1,2,Garage,,2,1837,,542950,683880,542950,,,,,"[""https://www.khov.com/contentassets/21fce2c54b5c4cef8cd10b23909b1d8c/201336_Serenity_at_Sonoran_Foothills_Marietta_II_Elevation_Mediterranean_Modern_V_Level_2.jpg"", ""https://www.khov.com/contentassets/21fce2c54b5c4cef8cd10b23909b1d8c/189838_Laconia_III_Kitchen_Farmhouse_Palette_6_Level_2_Coastal_Farmhouse.jpg"", ""https://www.khov.com/contentassets/21fce2c54b5c4cef8cd10b23909b1d8c/189769_Laconia_III_Primary_Bath_Farmhouse_Palette_6_Level_2_Coastal_Farmhouse.jpg"", ""https://www.khov.com/contentassets/21fce2c54b5c4cef8cd10b23909b1d8c/189818_Laconia_III_Primary_Bath_Plus_Farmhouse_Palette_6_Level_2_Coastal_Farmhouse.jpg""]"
https://www.khov.com/new-construction-homes/arizona/phoenix-city/serenity-at-sonoran-foothills/marietta-ii-2532-west-gloria-lane-0075/,,Serenity At Sonoran Foothills,33.769600,-112.116584,"2532 West Gloria Lane, Phoenix, AZ, 85085",Phoenix City,ARIZONA,85085,,"Sunday: 11:00-18:00, Monday: 10:00-18:00, Tuesday: 10:00-18:00, Wednesday: 10:00-18:00, Thursday: 10:00-18:00, Friday: 10:00-18:00, Saturday: 10:00-18:00",623-469-7975,https://www.khov.com/,,K. Hovnanian Homes,townhome,,,,Y,2,,Y,"Gated Community,Playground,Resort-Style Pool",,Welcoming foyer leads to open living spaces Chestnut Brown cabinetry & matte black finishes in kitchen Charming quartz countertops & island for preparing meals Expansive dining area & great room for hosting guests Gorgeous 15' multi-slide door opens to covered patio Primary suite tucked away upstairs with refined coffered ceiling Spa-like primary bath featuring dual sinks & walk-in closet,,,,214,,,0.5,,,,,,Marietta II,2,3,2,1,1837,544130,2026-09-08,,,,,Welcoming foyer leads to open living spaces Chestnut Brown cabinetry & matte black finishes in kitchen Charming quartz countertops & island for preparing meals Expansive dining area & great room for hosting guests Gorgeous 15' multi-slide door opens to covered patio Primary suite tucked away upstairs with refined coffered ceiling Spa-like primary bath featuring dual sinks & walk-in closet,3,2,1,2,Garage,,2,1837,,544130,683880,544130,,,,,"[""https://www.khov.com/contentassets/d1292f37055645c4b4115abbdb0efdd7/189836_Laconia_III_AZ_Serenity_at_Sonoran_Foothills_Laconia_III_Spec_2_Farmhouse_Coastal_5_Kitchen_Farmhouse_Palette_5_Level_2_Coastal_Farmhouse.jpg"", ""https://www.khov.com/contentassets/d1292f37055645c4b4115abbdb0efdd7/189766_Laconia_III_Primary_Bath_Farmhouse_Palette_5_Level_2_Coastal_Farmhouse.jpg"", ""https://www.khov.com/contentassets/d1292f37055645c4b4115abbdb0efdd7/189810_Laconia_III_Primary_Bath_Plus_Farmhouse_Palette_5_Level_2_Coastal_Farmhouse.jpg""]"
https://www.khov.com/new-construction-homes/arizona/phoenix-city/serenity-at-sonoran-foothills/marietta-ii-31535-north-25th-drive-0020/,,Serenity At Sonoran Foothills,33.769600,-112.116584,"31535 North 25Th Drive, Phoenix, AZ, 85085",Phoenix City,ARIZONA,85085,,"Sunday: 11:00-18:00, Monday: 10:00-18:00, Tuesday: 10:00-18:00, Wednesday: 10:00-18:00, Thursday: 10:00-18:00, Friday: 10:00-18:00, Saturday: 10:00-18:00",623-469-7975,https://www.khov.com/,,K. Hovnanian Homes,townhome,,,,Y,2,,Y,"Gated Community,Playground,Resort-Style Pool",,Efficient kitchen featuring Chestnut Brown cabinetry & matte black finishes Convenient center island for prepping & serving meals Connected dining area & great room create seamless flow for hosting Functional 15' multi-slide door extends the living space outdoors Private primary suite for rest & relaxation Refreshing primary bath featuring dual sinks & walk-in closet,,,,214,,,0.5,,,,,,Marietta II,2,3,2,1,1837,539170,2026-09-01,,,,,Efficient kitchen featuring Chestnut Brown cabinetry & matte black finishes Convenient center island for prepping & serving meals Connected dining area & great room create seamless flow for hosting Functional 15' multi-slide door extends the living space outdoors Private primary suite for rest & relaxation Refreshing primary bath featuring dual sinks & walk-in closet,3,2,1,2,Garage,,2,1837,,539170,683880,539170,,,,,"[""https://www.khov.com/contentassets/ff23d181109a4d13a15686fd93497510/201336_Serenity_at_Sonoran_Foothills_Marietta_II_Elevation_Mediterranean_Modern_V_Level_2.jpg"", ""https://www.khov.com/contentassets/ff23d181109a4d13a15686fd93497510/189836_Laconia_III_AZ_Serenity_at_Sonoran_Foothills_Laconia_III_Spec_2_Farmhouse_Coastal_5_Kitchen_Farmhouse_Palette_5_Level_2_Coastal_Farmhouse.jpg"", ""https://www.khov.com/contentassets/ff23d181109a4d13a15686fd93497510/189808_Laconia_III_Primary_Bath_Farmhouse_Palette_5_Level_2_Coastal_Farmhouse.jpg"", ""https://www.khov.com/contentassets/ff23d181109a4d13a15686fd93497510/189766_Laconia_III_Primary_Bath_Farmhouse_Palette_5_Level_2_Coastal_Farmhouse.jpg""]"
https://www.khov.com/new-construction-homes/arizona/phoenix-city/serenity-at-sonoran-foothills/sea-bright-ii-end-unit-2525-west-gloria-lane-0014/,,Serenity At Sonoran Foothills,33.769600,-112.116584,"2525 West Gloria Lane, Phoenix, AZ, 85085",Phoenix City,ARIZONA,85085,,"Sunday: 11:00-18:00, Monday: 10:00-18:00, Tuesday: 10:00-18:00, Wednesday: 10:00-18:00, Thursday: 10:00-18:00, Friday: 10:00-18:00, Saturday: 10:00-18:00",623-469-7975,https://www.khov.com/,,K. Hovnanian Homes,townhome,,,,Y,2,,Y,"Gated Community,Playground,Resort-Style Pool",,Kitchen with Pewter Grey cabinetry & smart cooking appliances Elegant dining area connects kitchen & great room 12' sliding glass door in great room opens to covered patio Extra Suite conveniently placed on first floor Primary suite with stunning coffered ceiling & ample lighting Functional loft on second floor for leisure activities,,,,214,,,0.5,,,,,,Sea Bright II - End Unit,2,4,3,0,2347,636780,2026-09-04,,,,,Kitchen with Pewter Grey cabinetry & smart cooking appliances Elegant dining area connects kitchen & great room 12' sliding glass door in great room opens to covered patio Extra Suite conveniently placed on first floor Primary suite with stunning coffered ceiling & ample lighting Functional loft on second floor for leisure activities,4,3,0,2,Garage,,2,2347,,636780,636780,636780,,,,,"[""https://www.khov.com/contentassets/cb4590dc87ad40e986863df27cecffe8/201338_Serenity_at_Sonoran_Foothills_Sea_Bright_II_END_Elevation_Mediterranean_Modern_V_Level_2.jpg"", ""https://www.khov.com/contentassets/cb4590dc87ad40e986863df27cecffe8/189838_Laconia_III_Kitchen_Farmhouse_Palette_6_Level_2_Coastal_Farmhouse.jpg"", ""https://www.khov.com/contentassets/cb4590dc87ad40e986863df27cecffe8/189769_Laconia_III_Primary_Bath_Farmhouse_Palette_6_Level_2_Coastal_Farmhouse.jpg"", ""https://www.khov.com/contentassets/cb4590dc87ad40e986863df27cecffe8/189816_Laconia_III_Primary_Bath_Farmhouse_Palette_6_Level_2_Coastal_Farmhouse.jpg""]"
https://www.khov.com/new-construction-homes/arizona/phoenix-city/serenity-at-sonoran-foothills/sea-bright-ii-interior-unit-2521-west-gloria-lane-0015/,,Serenity At Sonoran Foothills,33.769600,-112.116584,"2521 West Gloria Lane, Phoenix, AZ, 85085",Phoenix City,ARIZONA,85085,,"Sunday: 11:00-18:00, Monday: 10:00-18:00, Tuesday: 10:00-18:00, Wednesday: 10:00-18:00, Thursday: 10:00-18:00, Friday: 10:00-18:00, Saturday: 10:00-18:00",623-469-7975,https://www.khov.com/,,K. Hovnanian Homes,townhome,,,,Y,2,,Y,"Gated Community,Playground,Resort-Style Pool",,"Charming kitchen featuring Chestnut Brown cabinetry, wall oven, & center island Inviting great room with beautiful volume ceiling Convenient dining area adjacent kitchen makes mornings easy Serene primary suite & bath featuring generous walk-in closet Secluded Extra Suite offers guests additional privacy Functional laundry room with washer & dryer included Peaceful covered patio for outdoor relaxation",,,,214,,,0.5,,,,,,Sea Bright II - Interior Unit,2,4,3,0,2347,615450,2026-09-04,,,,,"Charming kitchen featuring Chestnut Brown cabinetry, wall oven, & center island Inviting great room with beautiful volume ceiling Convenient dining area adjacent kitchen makes mornings easy Serene primary suite & bath featuring generous walk-in closet Secluded Extra Suite offers guests additional privacy Functional laundry room with washer & dryer included Peaceful covered patio for outdoor relaxation",4,3,0,2,Garage,,2,2347,,615450,683880,615450,,,,,"[""https://www.khov.com/contentassets/744cd699f06e47e68011949f5e554e9b/201337_Serenity_at_Sonoran_Foothills_Sea_Bright_II_Elevation_Mediterranean_Modern_V_Level_2.jpg"", ""https://www.khov.com/contentassets/744cd699f06e47e68011949f5e554e9b/189854_Serenity_at_Sonoran_Foothills_Sea_Bright_II_Kitchen_Farmhouse_Palette_5_Level_2_Fresh_Farmhouse.jpg"", ""https://www.khov.com/contentassets/744cd699f06e47e68011949f5e554e9b/189855_Serenity_at_Sonoran_Foothills_Sea_Bright_II_Kitchen_Farmhouse_Palette_5_Level_2_Fresh_Farmhouse.jpg"", ""https://www.khov.com/contentassets/744cd699f06e47e68011949f5e554e9b/189856_Serenity_at_Sonoran_Foothills_Sea_Bright_II_Kitchen_Farmhouse_Palette_5_Level_2_Fresh_Farmhouse.jpg"", ""https://www.khov.com/contentassets/744cd699f06e47e68011949f5e554e9b/189860_Serenity_at_Sonoran_Foothills_Sea_Bright_II_Primary_Bath_Farmhouse_Palette_5_Level_2_Fresh_Farmhouse.jpg"", ""https://www.khov.com/contentassets/744cd699f06e47e68011949f5e554e9b/189859_Serenity_at_Sonoran_Foothills_Sea_Bright_II_Primary_Bath_Farmhouse_Palette_5_Level_2_Fresh_Farmhouse.jpg"", ""https://www.khov.com/contentassets/744cd699f06e47e68011949f5e554e9b/189853_Serenity_at_Sonoran_Foothills_Sea_Bright_II_Great_Room_Farmhouse_Palette_5_Level_2_Fresh_Farmhouse.jpg"", ""https://www.khov.com/contentassets/744cd699f06e47e68011949f5e554e9b/189849_Serenity_at_Sonoran_Foothills_Sea_Bright_II_Ceiling_in_Great_Room_Farmhouse_Palette_5_Level_2_Fresh_Farmhouse.jpg"", ""https://www.khov.com/contentassets/744cd699f06e47e68011949f5e554e9b/189850_Serenity_at_Sonoran_Foothills_Sea_Bright_II_Ceiling_in_Great_Room_Farmhouse_Palette_5_Level_2_Fresh_Farmhouse.jpg"", ""https://www.khov.com/contentassets/744cd699f06e47e68011949f5e554e9b/189852_Serenity_at_Sonoran_Foothills_Sea_Bright_II_Great_Room_Farmhouse_Palette_5_Level_2_Fresh_Farmhouse.jpg"", ""https://www.khov.com/contentassets/744cd699f06e47e68011949f5e554e9b/189861_Serenity_at_Sonoran_Foothills_Sea_Bright_II_Primary_Suite_Farmhouse_Palette_5_Level_2_Fresh_Farmhouse.jpg"", ""https://www.khov.com/contentassets/744cd699f06e47e68011949f5e554e9b/189862_Serenity_at_Sonoran_Foothills_Sea_Bright_II_Primary_Suite_Farmhouse_Palette_5_Level_2_Fresh_Farmhouse.jpg"", ""https://www.khov.com/contentassets/744cd699f06e47e68011949f5e554e9b/189863_Serenity_at_Sonoran_Foothills_Sea_Bright_II_Dining_Area_Farmhouse_Palette_5_Level_2_Fresh_Farmhouse.jpg"", ""https://www.khov.com/contentassets/744cd699f06e47e68011949f5e554e9b/189851_Serenity_at_Sonoran_Foothills_Sea_Bright_II_Dining_Area_Farmhouse_Palette_5_Level_2_Fresh_Farmhouse.jpg"", ""https://www.khov.com/contentassets/744cd699f06e47e68011949f5e554e9b/189864_Serenity_at_Sonoran_Foothills_Sea_Bright_II_Loft_Farmhouse_Palette_5_Level_2_Fresh_Farmhouse.jpg"", ""https://www.khov.com/contentassets/744cd699f06e47e68011949f5e554e9b/189848_Serenity_at_Sonoran_Foothills_Sea_Bright_II_Loft_Farmhouse_Palette_5_Level_2_Fresh_Farmhouse.jpg""]"
https://www.khov.com/new-construction-homes/arizona/phoenix-city/serenity-at-sonoran-foothills/sea-bright-ii-interior-unit-2528-west-gloria-lane-0074/,,Serenity At Sonoran Foothills,33.769600,-112.116584,"2528 West Gloria Lane, Phoenix, AZ, 85085",Phoenix City,ARIZONA,85085,,"Sunday: 11:00-18:00, Monday: 10:00-18:00, Tuesday: 10:00-18:00, Wednesday: 10:00-18:00, Thursday: 10:00-18:00, Friday: 10:00-18:00, Saturday: 10:00-18:00",623-469-7975,https://www.khov.com/,,K. Hovnanian Homes,townhome,,,,Y,2,,Y,"Gated Community,Playground,Resort-Style Pool",,Kitchen with abundant cabinetry & smart cooking appliances Intimate dining area for celebrating special occasions 12' sliding glass door in great room opens to covered patio Extra Suite tucked away for added privacy Primary suite with striking coffered ceiling & triple windows Loft hidden on second floor overlooks the great room,,,,214,,,0.5,,,,,,Sea Bright II - Interior Unit,2,4,3,0,2347,615250,2026-09-08,,,,,Kitchen with abundant cabinetry & smart cooking appliances Intimate dining area for celebrating special occasions 12' sliding glass door in great room opens to covered patio Extra Suite tucked away for added privacy Primary suite with striking coffered ceiling & triple windows Loft hidden on second floor overlooks the great room,4,3,0,2,Garage,,2,2347,,615250,683880,618220,,,,,"[""https://www.khov.com/contentassets/9c4892f0f60b44b59daa912fc8f5f659/201337_Serenity_at_Sonoran_Foothills_Sea_Bright_II_Elevation_Mediterranean_Modern_V_Level_2.jpg""]"
https://www.khov.com/new-construction-homes/arizona/phoenix-city/urban-at-south-mountain/alpharetta-ii-int-5816-s-35th-way-1039/,,Urban At South Mountain,33.39408,-112.00413,"5816 S 35Th Way, Phoenix, AZ, 85040",Phoenix City,ARIZONA,85040,,"Sunday: 11:00-18:00, Monday: 10:00-18:00, Tuesday: 10:00-18:00, Wednesday: 10:00-18:00, Thursday: 10:00-18:00, Friday: 10:00-18:00, Saturday: 10:00-18:00",623-263-0223,https://www.khov.com/,,K. Hovnanian Homes,townhome,,,,Y,1,,Y,"Gated Community,Playground,Resort-Style Pool",,"Pewter Grey cabinetry & a wall oven give the kitchen a polished feel Quartz central island creates a functional hub for prep & casual dining Open kitchen, dining area & great room flow together for everyday living 15' multi-slide door in the great room brings in natural light Primary suite showcases a ceiling treatment for added dimension Primary bath features dual sinks & a glass shower enclosure Second-floor loft offers flexible living space",,,,179,,,0.6,,,,,,Alpharetta II - Int,1,3,2,1,1713,455990,2026-07-07,,,,,"Pewter Grey cabinetry & a wall oven give the kitchen a polished feel Quartz central island creates a functional hub for prep & casual dining Open kitchen, dining area & great room flow together for everyday living 15' multi-slide door in the great room brings in natural light Primary suite showcases a ceiling treatment for added dimension Primary bath features dual sinks & a glass shower enclosure Second-floor loft offers flexible living space",3,2,1,2,Garage,,1,1713,,455990,455990,466490,,,,,"[""https://www.khov.com/contentassets/4ccfdd7e3c1d4a6bab6d6a25592eecd6/186392_Urban_at_South_Mountain_Elevation_Mediterranean_Modern_V_Level_1.jpg"", ""https://www.khov.com/contentassets/4ccfdd7e3c1d4a6bab6d6a25592eecd6/187944_Orinda_Kitchen_Farmhouse_Palette_6_Level_1_Fresh_Farmhouse.jpg"", ""https://www.khov.com/contentassets/4ccfdd7e3c1d4a6bab6d6a25592eecd6/187922_Orinda_Primary_Bath_Plus_Farmhouse_Palette_6_Level_1_Fresh_Farmhouse.jpg"", ""https://www.khov.com/contentassets/4ccfdd7e3c1d4a6bab6d6a25592eecd6/187936_Orinda_Primary_Bath_Plus_Farmhouse_Palette_6_Level_1_Fresh_Farmhouse.jpg"", ""https://www.khov.com/contentassets/4ccfdd7e3c1d4a6bab6d6a25592eecd6/14_int.-finish_exterior_21489048.jpg"", ""https://www.khov.com/contentassets/4ccfdd7e3c1d4a6bab6d6a25592eecd6/14_int.-finish_exterior_21489049.jpg"", ""https://www.khov.com/contentassets/4ccfdd7e3c1d4a6bab6d6a25592eecd6/14_int.-finish_exterior_21489053.jpg"", ""https://www.khov.com/contentassets/4ccfdd7e3c1d4a6bab6d6a25592eecd6/14_int.-finish_interior_21489055.jpg"", ""https://www.khov.com/contentassets/4ccfdd7e3c1d4a6bab6d6a25592eecd6/14_int.-finish_bedroom_21489057.jpg"", ""https://www.khov.com/contentassets/4ccfdd7e3c1d4a6bab6d6a25592eecd6/14_int.-finish_kitchen_21489058.jpg"", ""https://www.khov.com/contentassets/4ccfdd7e3c1d4a6bab6d6a25592eecd6/14_int.-finish_interior_21489060.jpg"", ""https://www.khov.com/contentassets/4ccfdd7e3c1d4a6bab6d6a25592eecd6/14_int.-finish_bedroom_21489062.jpg"", ""https://www.khov.com/contentassets/4ccfdd7e3c1d4a6bab6d6a25592eecd6/14_int.-finish_bedroom_21489065.jpg"", ""https://www.khov.com/contentassets/4ccfdd7e3c1d4a6bab6d6a25592eecd6/14_int.-finish_bedroom_21489066.jpg""]"
https://www.khov.com/new-construction-homes/arizona/phoenix-city/urban-at-south-mountain/marietta-ii-5812-s-35th-way-1040/,,Urban At South Mountain,33.39408,-112.00413,"5812 S 35Th Way, Phoenix, AZ, 85040",Phoenix City,ARIZONA,85040,,"Sunday: 11:00-18:00, Monday: 10:00-18:00, Tuesday: 10:00-18:00, Wednesday: 10:00-18:00, Thursday: 10:00-18:00, Friday: 10:00-18:00, Saturday: 10:00-18:00",623-263-0223,https://www.khov.com/,,K. Hovnanian Homes,townhome,,,,Y,2,,Y,"Gated Community,Playground,Resort-Style Pool",,"Wall oven & quartz central island give the kitchen a streamlined, functional layout Stacked Chestnut Brown cabinetry with glass-front uppers adds warmth & visual interest 15' multi-slide door brings natural light into the dining area & great room Primary suite features a ceiling treatment for added architectural detail Primary bath with dual sinks & a glass shower enclosure Oversized walk-in closet enhances the primary suite Second-floor loft provides flexible living space",,,,179,,,0.6,,,,,,Marietta II,2,3,2,1,1880,490990,2026-07-07,,,,,"Wall oven & quartz central island give the kitchen a streamlined, functional layout Stacked Chestnut Brown cabinetry with glass-front uppers adds warmth & visual interest 15' multi-slide door brings natural light into the dining area & great room Primary suite features a ceiling treatment for added architectural detail Primary bath with dual sinks & a glass shower enclosure Oversized walk-in closet enhances the primary suite Second-floor loft provides flexible living space",3,2,1,2,Garage,,2,1880,,490990,490990,502850,,,,,"[""https://www.khov.com/contentassets/63604dfb93f9462cabbb4024b4a717ff/186393_Urban_at_South_Mountain_Marietta_II_Elevation_Mediterranean_Modern_V_Level_1.jpg"", ""https://www.khov.com/contentassets/63604dfb93f9462cabbb4024b4a717ff/187908_Orinda_Kitchen_Classic_Palette_5_Level_1_Restoration_Classic.jpg"", ""https://www.khov.com/contentassets/63604dfb93f9462cabbb4024b4a717ff/187884_Orinda_Primary_Bath_Plus_Classic_Palette_5_and_7_Level_1_Restoration_Classic.jpg"", ""https://www.khov.com/contentassets/63604dfb93f9462cabbb4024b4a717ff/187900_Orinda_Primary_Bath_Plus_Classic_Palette_5_and_7_Level_1_Restoration_Classic.jpg"", ""https://www.khov.com/contentassets/63604dfb93f9462cabbb4024b4a717ff/14_int.-finish_exterior_21489025.jpg"", ""https://www.khov.com/contentassets/63604dfb93f9462cabbb4024b4a717ff/14_int.-finish_exterior_21489028.jpg"", ""https://www.khov.com/contentassets/63604dfb93f9462cabbb4024b4a717ff/14_int.-finish_exterior_21489030.jpg"", ""https://www.khov.com/contentassets/63604dfb93f9462cabbb4024b4a717ff/14_int.-finish_kitchen_21489034.jpg"", ""https://www.khov.com/contentassets/63604dfb93f9462cabbb4024b4a717ff/14_int.-finish_interior_21489035.jpg"", ""https://www.khov.com/contentassets/63604dfb93f9462cabbb4024b4a717ff/14_int.-finish_laundryroom_21489036.jpg"", ""https://www.khov.com/contentassets/63604dfb93f9462cabbb4024b4a717ff/14_int.-finish_bedroom_21489040.jpg"", ""https://www.khov.com/contentassets/63604dfb93f9462cabbb4024b4a717ff/14_int.-finish_bedroom_21489041.jpg"", ""https://www.khov.com/contentassets/63604dfb93f9462cabbb4024b4a717ff/14_int.-finish_interior_21489042.jpg"", ""https://www.khov.com/contentassets/63604dfb93f9462cabbb4024b4a717ff/14_int.-finish_interior_21489043.jpg""]"
https://www.khov.com/new-construction-homes/arizona/phoenix-city/urban-at-south-mountain/marietta-ii-5824-s-35th-way-1037/,,Urban At South Mountain,33.39408,-112.00413,"5824 S 35Th Way, Phoenix, AZ, 85040",Phoenix City,ARIZONA,85040,,"Sunday: 11:00-18:00, Monday: 10:00-18:00, Tuesday: 10:00-18:00, Wednesday: 10:00-18:00, Thursday: 10:00-18:00, Friday: 10:00-18:00, Saturday: 10:00-18:00",623-263-0223,https://www.khov.com/,,K. Hovnanian Homes,townhome,,,,Y,2,,Y,"Gated Community,Playground,Resort-Style Pool",,Pewter Grey cabinetry defines the kitchen Quartz central island & a wall oven support everyday cooking 15' multi-slide door brightens the open great room & dining area Primary suite with ceiling treatment Primary bath with dual sinks & a glass shower enclosure Spacious walk-in closet completes the primary suite Second-floor loft adds flexible living space,,,,179,,,0.6,,,,,,Marietta II,2,3,2,1,1880,476990,2026-07-07,,,,,Pewter Grey cabinetry defines the kitchen Quartz central island & a wall oven support everyday cooking 15' multi-slide door brightens the open great room & dining area Primary suite with ceiling treatment Primary bath with dual sinks & a glass shower enclosure Spacious walk-in closet completes the primary suite Second-floor loft adds flexible living space,3,2,1,2,Garage,,2,1880,,476990,490990,488680,,,,,"[""https://www.khov.com/contentassets/054ba8c035994c2f85df0d366f8d1037/186393_Urban_at_South_Mountain_Marietta_II_Elevation_Mediterranean_Modern_V_Level_1.jpg"", ""https://www.khov.com/contentassets/054ba8c035994c2f85df0d366f8d1037/187944_Orinda_Kitchen_Farmhouse_Palette_6_Level_1_Fresh_Farmhouse.jpg"", ""https://www.khov.com/contentassets/054ba8c035994c2f85df0d366f8d1037/187922_Orinda_Primary_Bath_Plus_Farmhouse_Palette_6_Level_1_Fresh_Farmhouse.jpg"", ""https://www.khov.com/contentassets/054ba8c035994c2f85df0d366f8d1037/187936_Orinda_Primary_Bath_Plus_Farmhouse_Palette_6_Level_1_Fresh_Farmhouse.jpg"", ""https://www.khov.com/contentassets/054ba8c035994c2f85df0d366f8d1037/14_int.-finish_exterior_21489091.jpg""]"
https://www.khov.com/new-construction-homes/arizona/phoenix-city/urban-at-south-mountain/orinda-5820-s-35th-way-1038/,,Urban At South Mountain,33.39408,-112.00413,"5820 S 35Th Way, Phoenix, AZ, 85040",Phoenix City,ARIZONA,85040,,"Sunday: 11:00-18:00, Monday: 10:00-18:00, Tuesday: 10:00-18:00, Wednesday: 10:00-18:00, Thursday: 10:00-18:00, Friday: 10:00-18:00, Saturday: 10:00-18:00",623-263-0223,https://www.khov.com/,,K. Hovnanian Homes,townhome,,,,Y,1,,Y,"Gated Community,Playground,Resort-Style Pool",,"Wall oven & Ash Grey cabinetry give the kitchen a clean, modern look Quartz peninsula supports everyday meals & casual gathering 15' multi-slide door fills the great room & dining area with natural light Primary suite showcases a ceiling treatment for added dimension Spacious walk-in closet enhances the primary suite Primary bath with dual sinks & glass shower enclosure Second-floor loft offers flexible living space",,,,179,,,0.6,,,,,,Orinda,1,3,2,1,1582,445990,2026-07-07,,,,,"Wall oven & Ash Grey cabinetry give the kitchen a clean, modern look Quartz peninsula supports everyday meals & casual gathering 15' multi-slide door fills the great room & dining area with natural light Primary suite showcases a ceiling treatment for added dimension Spacious walk-in closet enhances the primary suite Primary bath with dual sinks & glass shower enclosure Second-floor loft offers flexible living space",3,2,1,2,Garage,,1,1582,,445990,445990,455120,,,,,"[""https://www.khov.com/contentassets/057bcca0aa9544468c8f2e8f4102e345/186394_Urban_at_South_Mountain_Orinda_Elevation_Mediterranean_Modern_V_Level_1.jpg"", ""https://www.khov.com/contentassets/057bcca0aa9544468c8f2e8f4102e345/187942_Orinda_Kitchen_Farmhouse_Palette_1_Level_1_Fresh_Farmhouse.jpg"", ""https://www.khov.com/contentassets/057bcca0aa9544468c8f2e8f4102e345/187912_Orinda_Primary_Bath_Plus_Farmhouse_Palette_1_Level_1_Fresh_Farmhouse.jpg"", ""https://www.khov.com/contentassets/057bcca0aa9544468c8f2e8f4102e345/187925_Orinda_Primary_Bath_Plus_Farmhouse_Palette_1_Level_1_Fresh_Farmhouse.jpg"", ""https://www.khov.com/contentassets/057bcca0aa9544468c8f2e8f4102e345/14_int.-finish_exterior_21489070.jpg"", ""https://www.khov.com/contentassets/057bcca0aa9544468c8f2e8f4102e345/14_int.-finish_exterior_21489073.jpg"", ""https://www.khov.com/contentassets/057bcca0aa9544468c8f2e8f4102e345/14_int.-finish_greatroom_21489077.jpg"", ""https://www.khov.com/contentassets/057bcca0aa9544468c8f2e8f4102e345/14_int.-finish_kitchen_21489079.jpg"", ""https://www.khov.com/contentassets/057bcca0aa9544468c8f2e8f4102e345/14_int.-finish_kitchen_21489080.jpg"", ""https://www.khov.com/contentassets/057bcca0aa9544468c8f2e8f4102e345/14_int.-finish_bedroom_21489085.jpg"", ""https://www.khov.com/contentassets/057bcca0aa9544468c8f2e8f4102e345/14_int.-finish_interior_21489086.jpg"", ""https://www.khov.com/contentassets/057bcca0aa9544468c8f2e8f4102e345/14_int.-finish_bedroom_21489089.jpg""]"
https://www.khov.com/new-construction-homes/arizona/san-tan-valley/edgewood-villas/pasadena-42080-n-steelhead-trl-0123/,,Edgewood Villas,33.26349,-111.55716,"42080 N Steelhead Trl, San Tan Valley, AZ, 85140",San Tan Valley,ARIZONA,85140,,"Sunday: 11:00-18:00, Monday: 10:00-18:00, Tuesday: 10:00-18:00, Wednesday: 10:00-18:00, Thursday: 10:00-18:00, Friday: 10:00-18:00, Saturday: 10:00-18:00",480-605-0674,https://www.khov.com/,,K. Hovnanian Homes,single family,,,,Y,2,,Y,"Barbecue,Barbecue Ramada,Greenspace",,Well-designed kitchen featuring expansive center island Open-concept living areas enhanced by beautiful vaulted ceiling & stained beams Primary suite offers a calm retreat with a coffered ceiling & spacious walk-in closet Primary bath features freestanding tub for relaxation Private home office creates a dedicated space for remote work or quiet study Covered patio provides an outdoor extension of the home,,,,100,,,0.7,,,,,,Pasadena,2,4,3,0,2144,558990,2026-05-18,,,,,Well-designed kitchen featuring expansive center island Open-concept living areas enhanced by beautiful vaulted ceiling & stained beams Primary suite offers a calm retreat with a coffered ceiling & spacious walk-in closet Primary bath features freestanding tub for relaxation Private home office creates a dedicated space for remote work or quiet study Covered patio provides an outdoor extension of the home,4,3,0,1,Garage,,2,2144,,558990,599990,550544,,,,,"[""https://www.khov.com/contentassets/277b9365388e45a28cac981347925295/144326_Edgewood_Villas_Pasadena_Pasadena_Hacienda_XA_Level_2.jpg"", ""https://www.khov.com/contentassets/277b9365388e45a28cac981347925295/15_ext.-finish_exterior_21520144.jpg"", ""https://www.khov.com/contentassets/277b9365388e45a28cac981347925295/15_ext.-finish_exterior_21520145.jpg"", ""https://www.khov.com/contentassets/277b9365388e45a28cac981347925295/15_ext.-finish_bedroom_21520147.jpg"", ""https://www.khov.com/contentassets/277b9365388e45a28cac981347925295/15_ext.-finish_bedroom_21520150.jpg"", ""https://www.khov.com/contentassets/277b9365388e45a28cac981347925295/15_ext.-finish_interior_21520151.jpg"", ""https://www.khov.com/contentassets/277b9365388e45a28cac981347925295/15_ext.-finish_bathroom_21520153.jpg"", ""https://www.khov.com/contentassets/277b9365388e45a28cac981347925295/15_ext.-finish_interior_21520154.jpg"", ""https://www.khov.com/contentassets/277b9365388e45a28cac981347925295/15_ext.-finish_interior_21520155.jpg"", ""https://www.khov.com/contentassets/277b9365388e45a28cac981347925295/15_ext.-finish_bedroom_21520156.jpg"", ""https://www.khov.com/contentassets/277b9365388e45a28cac981347925295/15_ext.-finish_interior_21520157.jpg""]"
https://www.khov.com/new-construction-homes/arizona/san-tan-valley/edgewood-villas/pasadena-42088-n-tiger-way-0142/,,Edgewood Villas,33.26349,-111.55716,"42088 N Tiger Way, San Tan Valley, AZ, 85140",San Tan Valley,ARIZONA,85140,,"Sunday: 11:00-18:00, Monday: 10:00-18:00, Tuesday: 10:00-18:00, Wednesday: 10:00-18:00, Thursday: 10:00-18:00, Friday: 10:00-18:00, Saturday: 10:00-18:00",480-605-0674,https://www.khov.com/,,K. Hovnanian Homes,single family,,,,Y,2,,Y,"Barbecue,Barbecue Ramada,Greenspace",,"Efficient kitchen with designer cabinetry & center island Open concept living spaces featuring vaulted ceiling & stained ceiling beams Tranquil primary suite with stylish coffered ceiling & walk-in closet Refreshing primary bath featuring freestanding tub Productive home office for working remotely Inviting covered patio, perfect for outdoor relaxation Attached 2-car garage for vehicles & storage",,,,100,,,0.7,,,,,,Pasadena,2,4,3,0,2144,555990,,,,,,"Efficient kitchen with designer cabinetry & center island Open concept living spaces featuring vaulted ceiling & stained ceiling beams Tranquil primary suite with stylish coffered ceiling & walk-in closet Refreshing primary bath featuring freestanding tub Productive home office for working remotely Inviting covered patio, perfect for outdoor relaxation Attached 2-car garage for vehicles & storage",4,3,0,1,Garage,,2,2144,,555990,599990,546144,,,,,"[""https://www.khov.com/contentassets/3be711bb4ae94642841f410755eb15a8/144287_Edgewood_Villas_Pasadena_Pasadena_Contemporary_ZA_Level_2.jpg"", ""https://www.khov.com/contentassets/3be711bb4ae94642841f410755eb15a8/19_ext.-finish_exterior_21519400.jpg"", ""https://www.khov.com/contentassets/3be711bb4ae94642841f410755eb15a8/19_ext.-finish_exterior_21519401.jpg"", ""https://www.khov.com/contentassets/3be711bb4ae94642841f410755eb15a8/19_ext.-finish_bathroom_21519402.jpg"", ""https://www.khov.com/contentassets/3be711bb4ae94642841f410755eb15a8/19_ext.-finish_bedroom_21519403.jpg"", ""https://www.khov.com/contentassets/3be711bb4ae94642841f410755eb15a8/19_ext.-finish_exterior_21519404.jpg"", ""https://www.khov.com/contentassets/3be711bb4ae94642841f410755eb15a8/19_ext.-finish_bedroom_21519405.jpg"", ""https://www.khov.com/contentassets/3be711bb4ae94642841f410755eb15a8/19_ext.-finish_interior_21519406.jpg"", ""https://www.khov.com/contentassets/3be711bb4ae94642841f410755eb15a8/19_ext.-finish_interior_21519407.jpg"", ""https://www.khov.com/contentassets/3be711bb4ae94642841f410755eb15a8/19_ext.-finish_bathroom_21519408.jpg"", ""https://www.khov.com/contentassets/3be711bb4ae94642841f410755eb15a8/19_ext.-finish_interior_21519409.jpg""]"
https://www.khov.com/new-construction-homes/arizona/san-tan-valley/edgewood-villas/pasadena-42130-n-steelhead-trl-0126/,,Edgewood Villas,33.26349,-111.55716,"42130 N Steelhead Trl, San Tan Valley, AZ, 85140",San Tan Valley,ARIZONA,85140,,"Sunday: 11:00-18:00, Monday: 10:00-18:00, Tuesday: 10:00-18:00, Wednesday: 10:00-18:00, Thursday: 10:00-18:00, Friday: 10:00-18:00, Saturday: 10:00-18:00",480-605-0674,https://www.khov.com/,,K. Hovnanian Homes,single family,,,,Y,2,,Y,"Barbecue,Barbecue Ramada,Greenspace",,Efficient kitchen with designer cabinetry & vast center island Open concept living areas featuring vaulted ceiling & stained beams Tranquil primary suite & bath with coffered ceiling & walk-in closet Polished primary bath featuring freestanding tub Private home office for working remotely Inviting coverd patio for relaxing with friends,,,,100,,,0.7,,,,,,Pasadena,2,4,3,0,2144,569990,2026-06-08,,,,,Efficient kitchen with designer cabinetry & vast center island Open concept living areas featuring vaulted ceiling & stained beams Tranquil primary suite & bath with coffered ceiling & walk-in closet Polished primary bath featuring freestanding tub Private home office for working remotely Inviting coverd patio for relaxing with friends,4,3,0,1,Garage,,2,2144,,569990,599990,555049,,,,,"[""https://www.khov.com/contentassets/3f1d050e767e44c595e4f1aa05e790f1/144324_Edgewood_Villas_Pasadena_Pasadena_Spanish_Modern_UA_Level_2.jpg"", ""https://www.khov.com/contentassets/3f1d050e767e44c595e4f1aa05e790f1/13_int.-finish_exterior_21520068.jpg"", ""https://www.khov.com/contentassets/3f1d050e767e44c595e4f1aa05e790f1/13_int.-finish_exterior_21520069.jpg"", ""https://www.khov.com/contentassets/3f1d050e767e44c595e4f1aa05e790f1/13_int.-finish_exterior_21520071.jpg"", ""https://www.khov.com/contentassets/3f1d050e767e44c595e4f1aa05e790f1/13_int.-finish_back_21520072.jpg"", ""https://www.khov.com/contentassets/3f1d050e767e44c595e4f1aa05e790f1/13_int.-finish_exterior_21520073.jpg""]"
https://www.khov.com/new-construction-homes/arizona/san-tan-valley/edgewood-villas/pasadena-459-e-brown-way-0091/,,Edgewood Villas,33.26349,-111.55716,"459 E Brown Way, San Tan Valley, AZ, 85140",San Tan Valley,ARIZONA,85140,,"Sunday: 11:00-18:00, Monday: 10:00-18:00, Tuesday: 10:00-18:00, Wednesday: 10:00-18:00, Thursday: 10:00-18:00, Friday: 10:00-18:00, Saturday: 10:00-18:00",480-605-0674,https://www.khov.com/,,K. Hovnanian Homes,single family,,,,Y,2,,Y,"Barbecue,Barbecue Ramada,Greenspace",,Welcoming foyer leads to open concept living areas Effiicent kitchen featuring designer cabinetry & corner pantry Vast center island looks out to beautiful vaulted ceiling with stained beams Connected great room & dining area create seamless flow for entertaining Lavish primary suite & bath with freestanding tub Private home office for working remotely Peaceful covered patio for outdoor relaxation,,,,100,,,0.7,,,,,,Pasadena,2,4,3,0,2144,545990,2026-05-14,,,,,Welcoming foyer leads to open concept living areas Effiicent kitchen featuring designer cabinetry & corner pantry Vast center island looks out to beautiful vaulted ceiling with stained beams Connected great room & dining area create seamless flow for entertaining Lavish primary suite & bath with freestanding tub Private home office for working remotely Peaceful covered patio for outdoor relaxation,4,3,0,1,Garage,,2,2144,,545990,599990,537144,,,,,"[""https://www.khov.com/contentassets/a61f597e83f447ffa2fca86deffd6467/144324_Edgewood_Villas_Pasadena_Pasadena_Spanish_Modern_UA_Level_2.jpg"", ""https://www.khov.com/contentassets/a61f597e83f447ffa2fca86deffd6467/13_int.-finish_bathroom_21279176.jpg"", ""https://www.khov.com/contentassets/a61f597e83f447ffa2fca86deffd6467/13_int.-finish_bedroom_21279179.jpg"", ""https://www.khov.com/contentassets/a61f597e83f447ffa2fca86deffd6467/13_int.-finish_interior_21279180.jpg"", ""https://www.khov.com/contentassets/a61f597e83f447ffa2fca86deffd6467/13_int.-finish_interior_21279181.jpg"", ""https://www.khov.com/contentassets/a61f597e83f447ffa2fca86deffd6467/13_int.-finish_interior_21279182.jpg"", ""https://www.khov.com/contentassets/a61f597e83f447ffa2fca86deffd6467/13_int.-finish_interior_21279183.jpg"", ""https://www.khov.com/contentassets/a61f597e83f447ffa2fca86deffd6467/13_int.-finish_bathroom_21279184.jpg"", ""https://www.khov.com/contentassets/a61f597e83f447ffa2fca86deffd6467/13_int.-finish_bedroom_21279185.jpg"", ""https://www.khov.com/contentassets/a61f597e83f447ffa2fca86deffd6467/13_int.-finish_interior_21279186.jpg"", ""https://www.khov.com/contentassets/a61f597e83f447ffa2fca86deffd6467/13_int.-finish_greatroom_21279187.jpg""]"
https://www.khov.com/new-construction-homes/arizona/san-tan-valley/edgewood-villas/warren-42033-n-tiger-way-0138/,,Edgewood Villas,33.26349,-111.55716,"42033 N Tiger Way, San Tan Valley, AZ, 85140",San Tan Valley,ARIZONA,85140,,"Sunday: 11:00-18:00, Monday: 10:00-18:00, Tuesday: 10:00-18:00, Wednesday: 10:00-18:00, Thursday: 10:00-18:00, Friday: 10:00-18:00, Saturday: 10:00-18:00",480-605-0674,https://www.khov.com/,,K. Hovnanian Homes,single family,,,,Y,2,,Y,"Barbecue,Barbecue Ramada,Greenspace",,Well-equipped kitchen featuring white cabinetry & ample counter space Connected dining area & great room create seamless flow for hosting guests Peaceful primary suite with stylish coffered ceiling Refreshing primary bath featuring freestanding tub & walk-in closet Versatile media room for spending time with friends Inviting covered patio for outdoor enjoyment Attached 2-car garage for vehicles & storage,,,,100,,,0.7,,,,,,Warren,2,4,3,0,2568,599990,2026-05-21,,,,,Well-equipped kitchen featuring white cabinetry & ample counter space Connected dining area & great room create seamless flow for hosting guests Peaceful primary suite with stylish coffered ceiling Refreshing primary bath featuring freestanding tub & walk-in closet Versatile media room for spending time with friends Inviting covered patio for outdoor enjoyment Attached 2-car garage for vehicles & storage,4,3,0,1,Garage,,2,2568,,599990,599990,606615,,,,,"[""https://www.khov.com/contentassets/b07c400955944602899f38319abfdfe5/144305_Edgewood_Villas_Warren_Warren_Contemporary_ZA_Level_2.jpg"", ""https://www.khov.com/contentassets/b07c400955944602899f38319abfdfe5/154600_Pasadena_Kitchen_Farmhouse_Palette_5_Level_2_Industrial_Farmhouse.jpg"", ""https://www.khov.com/contentassets/b07c400955944602899f38319abfdfe5/154379_Tacoma_Primary_Bath_Tub_Farmhouse_Palette_5_Level_2.jpg"", ""https://www.khov.com/contentassets/b07c400955944602899f38319abfdfe5/15_int.-finish_exterior_21519277.jpg"", ""https://www.khov.com/contentassets/b07c400955944602899f38319abfdfe5/15_int.-finish_exterior_21519279.jpg"", ""https://www.khov.com/contentassets/b07c400955944602899f38319abfdfe5/15_int.-finish_exterior_21519281.jpg"", ""https://www.khov.com/contentassets/b07c400955944602899f38319abfdfe5/15_int.-finish_bedroom_21519282.jpg"", ""https://www.khov.com/contentassets/b07c400955944602899f38319abfdfe5/15_int.-finish_interior_21519283.jpg"", ""https://www.khov.com/contentassets/b07c400955944602899f38319abfdfe5/15_int.-finish_bathroom_21519284.jpg"", ""https://www.khov.com/contentassets/b07c400955944602899f38319abfdfe5/15_int.-finish_bedroom_21519285.jpg"", ""https://www.khov.com/contentassets/b07c400955944602899f38319abfdfe5/15_int.-finish_interior_21519286.jpg"", ""https://www.khov.com/contentassets/b07c400955944602899f38319abfdfe5/15_int.-finish_bathroom_21519287.jpg"", ""https://www.khov.com/contentassets/b07c400955944602899f38319abfdfe5/15_int.-finish_laundryroom_21519288.jpg""]"
https://www.khov.com/new-construction-homes/arizona/san-tan-valley/edgewood-villas/warren-42053-n-tiger-way-0137/,,Edgewood Villas,33.26349,-111.55716,"42053 N Tiger Way, San Tan Valley, AZ, 85140",San Tan Valley,ARIZONA,85140,,"Sunday: 11:00-18:00, Monday: 10:00-18:00, Tuesday: 10:00-18:00, Wednesday: 10:00-18:00, Thursday: 10:00-18:00, Friday: 10:00-18:00, Saturday: 10:00-18:00",480-605-0674,https://www.khov.com/,,K. Hovnanian Homes,single family,,,,Y,2,,Y,"Barbecue,Barbecue Ramada,Greenspace",,Welcoming foyer leads to open concept living areas Charming kitchen featuring medium-tone stained cabinetry & matte black finishes Sunlit great room provides the perfect space for entertaining guests Serene primary suite with coffered ceiling & triple windows Polished primary bath featuring freestanding tub & generous walk-in closet Convenient media room offers an additional space for hobbies & leisure activities,,,,100,,,0.7,,,,,,Warren,2,4,3,0,2568,574990,2026-05-26,,,,,Welcoming foyer leads to open concept living areas Charming kitchen featuring medium-tone stained cabinetry & matte black finishes Sunlit great room provides the perfect space for entertaining guests Serene primary suite with coffered ceiling & triple windows Polished primary bath featuring freestanding tub & generous walk-in closet Convenient media room offers an additional space for hobbies & leisure activities,4,3,0,1,Garage,,2,2568,,574990,599990,592764,,,,,"[""https://www.khov.com/contentassets/95521737fba04bbaa160b10bee68e3e8/144301_Edgewood_Villas_Warren_Warren_Spanish_Modern_UA_Level_2.jpg"", ""https://www.khov.com/contentassets/95521737fba04bbaa160b10bee68e3e8/154597_Pasadena_Kitchen_Farmhouse_Palette_6_Level_2_Industrial_Farmhouse.jpg"", ""https://www.khov.com/contentassets/95521737fba04bbaa160b10bee68e3e8/154369_Tacoma_Primary_Bath_Tub_Farmhouse_Palette_6_Level_2.jpg"", ""https://www.khov.com/contentassets/95521737fba04bbaa160b10bee68e3e8/14_int.-finish_exterior_21520218.jpg"", ""https://www.khov.com/contentassets/95521737fba04bbaa160b10bee68e3e8/14_int.-finish_bathroom_21520219.jpg"", ""https://www.khov.com/contentassets/95521737fba04bbaa160b10bee68e3e8/14_int.-finish_exterior_21520220.jpg"", ""https://www.khov.com/contentassets/95521737fba04bbaa160b10bee68e3e8/14_int.-finish_exterior_21520221.jpg"", ""https://www.khov.com/contentassets/95521737fba04bbaa160b10bee68e3e8/14_int.-finish_interior_21520222.jpg"", ""https://www.khov.com/contentassets/95521737fba04bbaa160b10bee68e3e8/14_int.-finish_interior_21520223.jpg"", ""https://www.khov.com/contentassets/95521737fba04bbaa160b10bee68e3e8/14_int.-finish_bedroom_21520224.jpg"", ""https://www.khov.com/contentassets/95521737fba04bbaa160b10bee68e3e8/14_int.-finish_bedroom_21520226.jpg"", ""https://www.khov.com/contentassets/95521737fba04bbaa160b10bee68e3e8/14_int.-finish_interior_21520227.jpg"", ""https://www.khov.com/contentassets/95521737fba04bbaa160b10bee68e3e8/14_int.-finish_bathroom_21520228.jpg""]"
https://www.khov.com/new-construction-homes/arizona/san-tan-valley/edgewood-villas/warren-42094-n-steelhead-trl-0124/,,Edgewood Villas,33.26349,-111.55716,"42094 N Steelhead Trl, San Tan Valley, AZ, 85140",San Tan Valley,ARIZONA,85140,,"Sunday: 11:00-18:00, Monday: 10:00-18:00, Tuesday: 10:00-18:00, Wednesday: 10:00-18:00, Thursday: 10:00-18:00, Friday: 10:00-18:00, Saturday: 10:00-18:00",480-605-0674,https://www.khov.com/,,K. Hovnanian Homes,single family,,,,Y,2,,Y,"Barbecue,Barbecue Ramada,Greenspace",,Efficient kitchen featuring grey cabinetry & pendant lighting Vast center island for prepping & serving family meals Open concept living areas create seamless flow for entertaining Formal dining room for special celebrations Pristine primary suite & bath with freestanding tub Inviting covered patio for outdoor relaxation,,,,100,,,0.7,,,,,,Warren,2,4,3,0,2568,598990,2026-05-08,,,,,Efficient kitchen featuring grey cabinetry & pendant lighting Vast center island for prepping & serving family meals Open concept living areas create seamless flow for entertaining Formal dining room for special celebrations Pristine primary suite & bath with freestanding tub Inviting covered patio for outdoor relaxation,4,3,0,1,Garage,,2,2568,,598990,599990,605784,,,,,"[""https://www.khov.com/contentassets/0934adc06ff04d3e9c6b8ed48f8881eb/144305_Edgewood_Villas_Warren_Warren_Contemporary_ZA_Level_2.jpg"", ""https://www.khov.com/contentassets/0934adc06ff04d3e9c6b8ed48f8881eb/154605_Pasadena_Kitchen_Farmhouse_Palette_4_Level_2_Industrial_Farmhouse.jpg"", ""https://www.khov.com/contentassets/0934adc06ff04d3e9c6b8ed48f8881eb/154375_Tacoma_Primary_Bath_Tub_Farmhouse_Palette_4_Level_2.jpg"", ""https://www.khov.com/contentassets/0934adc06ff04d3e9c6b8ed48f8881eb/15_ext.-finish_bedroom_21520099.jpg"", ""https://www.khov.com/contentassets/0934adc06ff04d3e9c6b8ed48f8881eb/15_ext.-finish_bathroom_21520101.jpg"", ""https://www.khov.com/contentassets/0934adc06ff04d3e9c6b8ed48f8881eb/15_ext.-finish_interior_21520102.jpg"", ""https://www.khov.com/contentassets/0934adc06ff04d3e9c6b8ed48f8881eb/15_ext.-finish_bedroom_21520103.jpg"", ""https://www.khov.com/contentassets/0934adc06ff04d3e9c6b8ed48f8881eb/15_ext.-finish_bedroom_21520104.jpg"", ""https://www.khov.com/contentassets/0934adc06ff04d3e9c6b8ed48f8881eb/15_ext.-finish_bedroom_21520105.jpg"", ""https://www.khov.com/contentassets/0934adc06ff04d3e9c6b8ed48f8881eb/15_ext.-finish_interior_21520106.jpg"", ""https://www.khov.com/contentassets/0934adc06ff04d3e9c6b8ed48f8881eb/15_ext.-finish_bathroom_21520107.jpg"", ""https://www.khov.com/contentassets/0934adc06ff04d3e9c6b8ed48f8881eb/15_ext.-finish_interior_21520108.jpg"", ""https://www.khov.com/contentassets/0934adc06ff04d3e9c6b8ed48f8881eb/15_ext.-finish_interior_21520109.jpg""]"
https://www.khov.com/new-construction-homes/california/apple-valley/vista-del-sol/belfast-ii-esp-19472-cereus-road-0126/,,Vista Del Sol,34.5607664,-117.2368068999,"19472 Cereus Road, Apple Valley, CA, 92307",Apple Valley,CALIFORNIA,92307,,"Sunday: 11:00-17:00, Monday: 09:00-17:00, Tuesday: 09:00-17:00, Wednesday: 09:00-17:00, Thursday: 09:00-17:00, Friday: 09:00-17:00, Saturday: 09:00-17:00",760-493-6721,https://www.khov.com/,,K. Hovnanian Homes,single family,,,,Y,3,,Y,"Extra Suite Plus Available,Premier Schools",,"Extra Suite Plus with full bath, living room & convenient kitchenette Open great room, dining area & kitchen highlighted by vaulted ceiling Chestnut Brown cabinetry paired with a white quartz island in the kitchen Dining area opens to the covered patio for indoor-outdoor flow Primary suite features a separate sitting room Spa-style primary bath with freestanding soaking tub Three-car garage adds generous storage and parking",,,,150,,,1.2,,,,,,Belfast II ESP,3,4,3,0,2549,651990,2026-06-03,,,,,"Extra Suite Plus with full bath, living room & convenient kitchenette Open great room, dining area & kitchen highlighted by vaulted ceiling Chestnut Brown cabinetry paired with a white quartz island in the kitchen Dining area opens to the covered patio for indoor-outdoor flow Primary suite features a separate sitting room Spa-style primary bath with freestanding soaking tub Three-car garage adds generous storage and parking",4,3,0,1,Garage,,3,2549,,651990,651990,662990,,,,,"[""https://www.khov.com/contentassets/c2993e8e76934131a857aeb1debb640d/177796_Vista_Del_Sol_Belfast_II_ESP_VV_Mediterranean_Level_2.jpg"", ""https://www.khov.com/contentassets/c2993e8e76934131a857aeb1debb640d/160430_Tacoma_Kitchen_Farmhouse_Palette_5_Level_2_Fresh_Farmhouse.jpg"", ""https://www.khov.com/contentassets/c2993e8e76934131a857aeb1debb640d/160434_Tacoma_Primary_Bath_Tub_Farmhouse_Palette_5_Level_2_Fresh_Farmhouse.jpg"", ""https://www.khov.com/contentassets/c2993e8e76934131a857aeb1debb640d/5_int.-finish_exterior_21511069.jpg"", ""https://www.khov.com/contentassets/c2993e8e76934131a857aeb1debb640d/5_int.-finish_exterior_21511072.jpg"", ""https://www.khov.com/contentassets/c2993e8e76934131a857aeb1debb640d/5_int.-finish_kitchen_21511076.jpg"", ""https://www.khov.com/contentassets/c2993e8e76934131a857aeb1debb640d/5_int.-finish_bedroom_21511077.jpg"", ""https://www.khov.com/contentassets/c2993e8e76934131a857aeb1debb640d/5_int.-finish_exterior_21511080.jpg"", ""https://www.khov.com/contentassets/c2993e8e76934131a857aeb1debb640d/5_int.-finish_bathroom_21511083.jpg"", ""https://www.khov.com/contentassets/c2993e8e76934131a857aeb1debb640d/5_int.-finish_bathroom_21511084.jpg"", ""https://www.khov.com/contentassets/c2993e8e76934131a857aeb1debb640d/5_int.-finish_bedroom_21511087.jpg"", ""https://www.khov.com/contentassets/c2993e8e76934131a857aeb1debb640d/5_int.-finish_laundryroom_21511094.jpg"", ""https://www.khov.com/contentassets/c2993e8e76934131a857aeb1debb640d/5_int.-finish_bedroom_21511096.jpg""]"
https://www.khov.com/new-construction-homes/california/apple-valley/vista-del-sol/annapolis-17079-ta-wan-ka-road-0076/,,Vista Del Sol,34.5607664,-117.2368068999,"17079 Ta-Wan-Ka Road, Apple Valley, CA, 92307",Apple Valley,CALIFORNIA,92307,,"Sunday: 11:00-17:00, Monday: 09:00-17:00, Tuesday: 09:00-17:00, Wednesday: 09:00-17:00, Thursday: 09:00-17:00, Friday: 09:00-17:00, Saturday: 09:00-17:00",760-493-6721,https://www.khov.com/,,K. Hovnanian Homes,single family,,,,Y,3,,Y,"Extra Suite Plus Available,Premier Schools",,Sleek kitchen featuring Birch White cabinetry & vast center island Stylish ceiling treatment adds charm to spacious great room Refined dining area with access to covered patio Lavish primary suite & bath featuring freestanding tub Private home office for working remotely Versatile den near secondary bedrooms provides space for leisure activities Attached 2-car garage with additional side load garage,,,,150,,,1.2,,,,,,Annapolis,3,3,2,1,2621,655990,2026-06-24,,,,,Sleek kitchen featuring Birch White cabinetry & vast center island Stylish ceiling treatment adds charm to spacious great room Refined dining area with access to covered patio Lavish primary suite & bath featuring freestanding tub Private home office for working remotely Versatile den near secondary bedrooms provides space for leisure activities Attached 2-car garage with additional side load garage,3,2,1,1,Garage,,3,2621,,655990,655990,614990,,,,,"[""https://www.khov.com/contentassets/7021fce2cc214a10a964670a4c1b62d3/177803_Vista_Del_Sol_Annapolis_XC_Hacienda_Level_2.jpg"", ""https://www.khov.com/contentassets/7021fce2cc214a10a964670a4c1b62d3/160455_Tacoma_Kitchen_Loft_Palette_3_Level_2_Neutral_Loft.jpg"", ""https://www.khov.com/contentassets/7021fce2cc214a10a964670a4c1b62d3/160459_Tacoma_Primary_Bath_Tub_Loft_Palette_3_Level_2_Neutral_Loft.jpg"", ""https://www.khov.com/contentassets/7021fce2cc214a10a964670a4c1b62d3/5_mechanical_bathroom_21510971.jpg"", ""https://www.khov.com/contentassets/7021fce2cc214a10a964670a4c1b62d3/5_mechanical_interior_21510972.jpg"", ""https://www.khov.com/contentassets/7021fce2cc214a10a964670a4c1b62d3/5_mechanical_interior_21510974.jpg"", ""https://www.khov.com/contentassets/7021fce2cc214a10a964670a4c1b62d3/5_mechanical_interior_21510975.jpg"", ""https://www.khov.com/contentassets/7021fce2cc214a10a964670a4c1b62d3/5_mechanical_interior_21510976.jpg"", ""https://www.khov.com/contentassets/7021fce2cc214a10a964670a4c1b62d3/5_mechanical_interior_21510977.jpg"", ""https://www.khov.com/contentassets/7021fce2cc214a10a964670a4c1b62d3/5_mechanical_interior_21510978.jpg"", ""https://www.khov.com/contentassets/7021fce2cc214a10a964670a4c1b62d3/5_mechanical_interior_21510979.jpg"", ""https://www.khov.com/contentassets/7021fce2cc214a10a964670a4c1b62d3/5_mechanical_interior_21510980.jpg"", ""https://www.khov.com/contentassets/7021fce2cc214a10a964670a4c1b62d3/5_mechanical_interior_21510981.jpg""]"
https://www.khov.com/new-construction-homes/california/bakersfield/aspire-at-cypress-crossings/goldenrod-ii-6112-caruso-avenue-2031/,,Aspire At Cypress Crossings,35.286724,-119.073889,"6112 Caruso Avenue, Bakersfield, CA, 93313",Bakersfield,CALIFORNIA,93313,,"Sunday: 11:00-17:00, Monday: 09:00-17:00, Tuesday: 09:00-17:00, Wednesday: 09:00-17:00, Thursday: 09:00-17:00, Friday: 09:00-17:00, Saturday: 09:00-17:00",661-213-8300,https://www.khov.com/,,K. Hovnanian Homes,single family,,,,Y,2,,Y,River Access,,"Open kitchen, great room & dining area with a bright, connected layout Kitchen with Deep Grey cabinetry & sleek quartz central island creates a focal point Covered patio just off the dining area for easy outdoor access Primary suite with walk-in closet offers everyday storage Primary bath with dual sinks & glass-enclosed shower Two-car garage with space for parking & storage",,,,0,,,1.17,,,,,,Goldenrod II,2,4,2,0,1731,478990,2026-08-24,,,,,"Open kitchen, great room & dining area with a bright, connected layout Kitchen with Deep Grey cabinetry & sleek quartz central island creates a focal point Covered patio just off the dining area for easy outdoor access Primary suite with walk-in closet offers everyday storage Primary bath with dual sinks & glass-enclosed shower Two-car garage with space for parking & storage",4,2,0,1,Garage,,2,1731,,478990,559990,476990,,,,,"[""https://www.khov.com/contentassets/34fc68a48b034705bb5c1902560eab9f/171188_Aspire_at_Cypress_Crossings_Goldenrod_II_ZC_Contemporary_Ascend.jpg"", ""https://www.khov.com/contentassets/34fc68a48b034705bb5c1902560eab9f/168079_Passionflower_II_ESP_Kitchen_Loft_Palette_4_Ascend_Coastal_Loft.jpg"", ""https://www.khov.com/contentassets/34fc68a48b034705bb5c1902560eab9f/168064_Passionflower_II_ESP_Primary_Bath_Loft_Palette_4_Ascend_Coastal_Loft.jpg"", ""https://www.khov.com/contentassets/34fc68a48b034705bb5c1902560eab9f/168065_Passionflower_II_ESP_Primary_Bath_Loft_Palette_4_Ascend_Coastal_Loft.jpg"", ""https://www.khov.com/contentassets/34fc68a48b034705bb5c1902560eab9f/1_foundation_exterior_21476979.jpg""]"
https://www.khov.com/new-construction-homes/california/bakersfield/aspire-at-cypress-crossings/goldenrod-ii-6203-caruso-avenue-2035/,,Aspire At Cypress Crossings,35.286724,-119.073889,"6203 Caruso Avenue, Bakersfield, CA, 93313",Bakersfield,CALIFORNIA,93313,,"Sunday: 11:00-17:00, Monday: 09:00-17:00, Tuesday: 09:00-17:00, Wednesday: 09:00-17:00, Thursday: 09:00-17:00, Friday: 09:00-17:00, Saturday: 09:00-17:00",661-213-8300,https://www.khov.com/,,K. Hovnanian Homes,single family,,,,Y,2,,Y,River Access,,"Open kitchen, great room & dining area create a connected main living space Ash Grey cabinetry & a quartz central island define the kitchen Covered patio extends the great room outdoors Primary suite includes a walk-in closet Primary bath features dual sinks & a glass shower enclosure 2-car garage provides everyday parking",,,,0,,,1.17,,,,,,Goldenrod II,2,4,2,0,1731,485990,2026-07-15,,,,,"Open kitchen, great room & dining area create a connected main living space Ash Grey cabinetry & a quartz central island define the kitchen Covered patio extends the great room outdoors Primary suite includes a walk-in closet Primary bath features dual sinks & a glass shower enclosure 2-car garage provides everyday parking",4,2,0,1,Garage,,2,1731,,485990,559990,483990,,,,,"[""https://www.khov.com/contentassets/32d3b204abbd472680f8cc2a05f185af/171187_Aspire_at_Cypress_Crossings_Goldenrod_II_WC_Farmhouse_Ascend.jpg"", ""https://www.khov.com/contentassets/32d3b204abbd472680f8cc2a05f185af/168047_Passionflower_II_ESP_Kitchen_Farmhouse_Palette_1_Ascend_European_Farmhouse.jpg"", ""https://www.khov.com/contentassets/32d3b204abbd472680f8cc2a05f185af/168083_Passionflower_II_ESP_Primary_Bath_Farmhouse_Palette_1_Ascend_European_Farmhouse.jpg"", ""https://www.khov.com/contentassets/32d3b204abbd472680f8cc2a05f185af/168084_Passionflower_II_ESP_Primary_Bath_Farmhouse_Palette_1_Ascend_European_Farmhouse.jpg"", ""https://www.khov.com/contentassets/32d3b204abbd472680f8cc2a05f185af/5_mechanical_exterior_21476991.jpg"", ""https://www.khov.com/contentassets/32d3b204abbd472680f8cc2a05f185af/5_mechanical_interior_21476992.jpg"", ""https://www.khov.com/contentassets/32d3b204abbd472680f8cc2a05f185af/5_mechanical_interior_21476993.jpg"", ""https://www.khov.com/contentassets/32d3b204abbd472680f8cc2a05f185af/5_mechanical_interior_21476995.jpg"", ""https://www.khov.com/contentassets/32d3b204abbd472680f8cc2a05f185af/5_mechanical_interior_21476997.jpg"", ""https://www.khov.com/contentassets/32d3b204abbd472680f8cc2a05f185af/5_mechanical_interior_21476999.jpg"", ""https://www.khov.com/contentassets/32d3b204abbd472680f8cc2a05f185af/5_mechanical_interior_21477000.jpg"", ""https://www.khov.com/contentassets/32d3b204abbd472680f8cc2a05f185af/5_mechanical_interior_21477002.jpg"", ""https://www.khov.com/contentassets/32d3b204abbd472680f8cc2a05f185af/5_mechanical_back_21477005.jpg"", ""https://www.khov.com/contentassets/32d3b204abbd472680f8cc2a05f185af/5_mechanical_interior_21477007.jpg""]"
https://www.khov.com/new-construction-homes/california/bakersfield/aspire-at-cypress-crossings/goldenrod-ii-6226-caruso-avenue-2026/,,Aspire At Cypress Crossings,35.286724,-119.073889,"6226 Caruso Avenue, Bakersfield, CA, 93313",Bakersfield,CALIFORNIA,93313,,"Sunday: 11:00-17:00, Monday: 09:00-17:00, Tuesday: 09:00-17:00, Wednesday: 09:00-17:00, Thursday: 09:00-17:00, Friday: 09:00-17:00, Saturday: 09:00-17:00",661-213-8300,https://www.khov.com/,,K. Hovnanian Homes,single family,,,,Y,2,,Y,River Access,,Efficient kitchen featuring Soft White cabinetry & corner pantry Convenient center island for prepping family meals Connected great room & dining area create seamless flow for entertaining Private primary suite with generous walk-in closet Polished primary bath featuring dual sinks & matte black finishes Inviting covered patio for outdoor relaxation Attached 2-car garage for vehicles & tools,,,,0,,,1.17,,,,,,Goldenrod II,2,4,2,0,1731,493990,2026-06-25,,,,,Efficient kitchen featuring Soft White cabinetry & corner pantry Convenient center island for prepping family meals Connected great room & dining area create seamless flow for entertaining Private primary suite with generous walk-in closet Polished primary bath featuring dual sinks & matte black finishes Inviting covered patio for outdoor relaxation Attached 2-car garage for vehicles & tools,4,2,0,1,Garage,,2,1731,,493990,559990,489990,,,,,"[""https://www.khov.com/contentassets/fbd41e6e686a48fc801b2285e73c7c19/171187_Aspire_at_Cypress_Crossings_Goldenrod_II_WC_Farmhouse_Ascend.jpg"", ""https://www.khov.com/contentassets/fbd41e6e686a48fc801b2285e73c7c19/168052_Passionflower_II_ESP_Kitchen_Farmhouse_Palette_6_Ascend_European_Farmhouse.jpg"", ""https://www.khov.com/contentassets/fbd41e6e686a48fc801b2285e73c7c19/168092_Passionflower_II_ESP_Primary_Bath_Farmhouse_Palette_6_Ascend_European_Farmhouse.jpg"", ""https://www.khov.com/contentassets/fbd41e6e686a48fc801b2285e73c7c19/168073_Passionflower_II_ESP_Primary_Bath_Farmhouse_Palette_6_Ascend_European_Farmhouse.jpg"", ""https://www.khov.com/contentassets/fbd41e6e686a48fc801b2285e73c7c19/5_drywall_exterior_21477026.jpg"", ""https://www.khov.com/contentassets/fbd41e6e686a48fc801b2285e73c7c19/5_drywall_interior_21477029.jpg"", ""https://www.khov.com/contentassets/fbd41e6e686a48fc801b2285e73c7c19/5_drywall_interior_21477030.jpg"", ""https://www.khov.com/contentassets/fbd41e6e686a48fc801b2285e73c7c19/5_drywall_bathroom_21477032.jpg"", ""https://www.khov.com/contentassets/fbd41e6e686a48fc801b2285e73c7c19/5_drywall_interior_21477033.jpg"", ""https://www.khov.com/contentassets/fbd41e6e686a48fc801b2285e73c7c19/5_drywall_laundryroom_21477035.jpg"", ""https://www.khov.com/contentassets/fbd41e6e686a48fc801b2285e73c7c19/5_drywall_interior_21477036.jpg"", ""https://www.khov.com/contentassets/fbd41e6e686a48fc801b2285e73c7c19/5_drywall_interior_21477038.jpg"", ""https://www.khov.com/contentassets/fbd41e6e686a48fc801b2285e73c7c19/5_drywall_interior_21477039.jpg"", ""https://www.khov.com/contentassets/fbd41e6e686a48fc801b2285e73c7c19/5_drywall_interior_21477040.jpg""]"
https://www.khov.com/new-construction-homes/california/bakersfield/aspire-at-cypress-crossings/oleander-ii-6117-barsanti-avenue-2019/,,Aspire At Cypress Crossings,35.286724,-119.073889,"6117 Barsanti Avenue, Bakersfield, CA, 93313",Bakersfield,CALIFORNIA,93313,,"Sunday: 11:00-17:00, Monday: 09:00-17:00, Tuesday: 09:00-17:00, Wednesday: 09:00-17:00, Thursday: 09:00-17:00, Friday: 09:00-17:00, Saturday: 09:00-17:00",661-213-8300,https://www.khov.com/,,K. Hovnanian Homes,single family,,,,Y,2,,Y,River Access,,Sleek kitchen featuring Soft White cabinetry & quartz countertops Functional center island overlooking main living areas Connected dining area & great room create the perfect space for entertaining friends Spacious primary suite for rest & relaxation Polished primary bath with matte black finishes & generous walk-in closet Private Extra Suite for overnight guests Attached 2-car garage provides convenient parking,,,,0,,,1.17,,,,,,Oleander II,2,4,3,0,2144,522990,2026-06-05,,,,,Sleek kitchen featuring Soft White cabinetry & quartz countertops Functional center island overlooking main living areas Connected dining area & great room create the perfect space for entertaining friends Spacious primary suite for rest & relaxation Polished primary bath with matte black finishes & generous walk-in closet Private Extra Suite for overnight guests Attached 2-car garage provides convenient parking,4,3,0,2,Garage,,2,2144,,522990,559990,517990,,,,,"[""https://www.khov.com/contentassets/af2313896dcc4ea3b10e343a9ab6ed43/171178_Aspire_at_Cypress_Crossings_Oleander_II_WC_Farmhouse_Ascend.jpg"", ""https://www.khov.com/contentassets/af2313896dcc4ea3b10e343a9ab6ed43/168052_Passionflower_II_ESP_Kitchen_Farmhouse_Palette_6_Ascend_European_Farmhouse.jpg"", ""https://www.khov.com/contentassets/af2313896dcc4ea3b10e343a9ab6ed43/168073_Passionflower_II_ESP_Primary_Bath_Farmhouse_Palette_6_Ascend_European_Farmhouse.jpg"", ""https://www.khov.com/contentassets/af2313896dcc4ea3b10e343a9ab6ed43/168092_Passionflower_II_ESP_Primary_Bath_Farmhouse_Palette_6_Ascend_European_Farmhouse.jpg"", ""https://www.khov.com/contentassets/af2313896dcc4ea3b10e343a9ab6ed43/5_int.-finish_back_21476914.jpg"", ""https://www.khov.com/contentassets/af2313896dcc4ea3b10e343a9ab6ed43/5_int.-finish_exterior_21476918.jpg"", ""https://www.khov.com/contentassets/af2313896dcc4ea3b10e343a9ab6ed43/5_int.-finish_bathroom_21476919.jpg"", ""https://www.khov.com/contentassets/af2313896dcc4ea3b10e343a9ab6ed43/5_int.-finish_greatroom_21476921.jpg"", ""https://www.khov.com/contentassets/af2313896dcc4ea3b10e343a9ab6ed43/5_int.-finish_bedroom_21476923.jpg"", ""https://www.khov.com/contentassets/af2313896dcc4ea3b10e343a9ab6ed43/5_int.-finish_interior_21476924.jpg"", ""https://www.khov.com/contentassets/af2313896dcc4ea3b10e343a9ab6ed43/5_int.-finish_interior_21476926.jpg"", ""https://www.khov.com/contentassets/af2313896dcc4ea3b10e343a9ab6ed43/5_int.-finish_greatroom_21476927.jpg"", ""https://www.khov.com/contentassets/af2313896dcc4ea3b10e343a9ab6ed43/5_int.-finish_bathroom_21476928.jpg"", ""https://www.khov.com/contentassets/af2313896dcc4ea3b10e343a9ab6ed43/5_int.-finish_interior_21476931.jpg""]"
https://www.khov.com/new-construction-homes/california/bakersfield/aspire-at-cypress-crossings/oleander-ii-6208-caruso-avenue-2029/,,Aspire At Cypress Crossings,35.286724,-119.073889,"6208 Caruso Avenue, Bakersfield, CA, 93313",Bakersfield,CALIFORNIA,93313,,"Sunday: 11:00-17:00, Monday: 09:00-17:00, Tuesday: 09:00-17:00, Wednesday: 09:00-17:00, Thursday: 09:00-17:00, Friday: 09:00-17:00, Saturday: 09:00-17:00",661-213-8300,https://www.khov.com/,,K. Hovnanian Homes,single family,,,,Y,2,,Y,River Access,,"Extra Suite on the first floor offers a private guest space Open kitchen, dining area & great room create a connected main living area Chestnut Brown cabinetry & a quartz central island anchor the kitchen Primary suite features a walk-in closet plus a separate linen closet Primary bath includes dual sinks & a glass shower enclosure Second-floor laundry room is located near all bedrooms",,,,0,,,1.17,,,,,,Oleander II,2,4,3,0,2144,513990,2026-07-14,,,,,"Extra Suite on the first floor offers a private guest space Open kitchen, dining area & great room create a connected main living area Chestnut Brown cabinetry & a quartz central island anchor the kitchen Primary suite features a walk-in closet plus a separate linen closet Primary bath includes dual sinks & a glass shower enclosure Second-floor laundry room is located near all bedrooms",4,3,0,2,Garage,,2,2144,,513990,559990,511990,,,,,"[""https://www.khov.com/contentassets/b24758747e334d5da14d687fbe3a7fd9/171189_Aspire_at_Cypress_Crossings_Oleander_II_VC_Mediterranean_Ascend.jpg"", ""https://www.khov.com/contentassets/b24758747e334d5da14d687fbe3a7fd9/168051_Passionflower_II_ESP_Kitchen_Farmhouse_Palette_5_Ascend_European_Farmhouse.jpg"", ""https://www.khov.com/contentassets/b24758747e334d5da14d687fbe3a7fd9/168091_Passionflower_II_ESP_Primary_Bath_Farmhouse_Palette_5_Ascend_European_Farmhouse.jpg"", ""https://www.khov.com/contentassets/b24758747e334d5da14d687fbe3a7fd9/168072_Passionflower_II_ESP_Primary_Bath_Farmhouse_Palette_5_Ascend_European_Farmhouse.jpg"", ""https://www.khov.com/contentassets/b24758747e334d5da14d687fbe3a7fd9/5_framing_exterior_21477085.jpg"", ""https://www.khov.com/contentassets/b24758747e334d5da14d687fbe3a7fd9/5_framing_exterior_21477087.jpg"", ""https://www.khov.com/contentassets/b24758747e334d5da14d687fbe3a7fd9/5_framing_interior_21477094.jpg"", ""https://www.khov.com/contentassets/b24758747e334d5da14d687fbe3a7fd9/5_framing_bathroom_21477097.jpg"", ""https://www.khov.com/contentassets/b24758747e334d5da14d687fbe3a7fd9/5_framing_interior_21477098.jpg"", ""https://www.khov.com/contentassets/b24758747e334d5da14d687fbe3a7fd9/5_framing_interior_21477100.jpg"", ""https://www.khov.com/contentassets/b24758747e334d5da14d687fbe3a7fd9/5_framing_interior_21477105.jpg""]"
https://www.khov.com/new-construction-homes/california/bakersfield/aspire-at-cypress-crossings/passionflower-ii-esp-6113-caruso-avenue-2034/,,Aspire At Cypress Crossings,35.286724,-119.073889,"6113 Caruso Avenue, Bakersfield, CA, 93313",Bakersfield,CALIFORNIA,93313,,"Sunday: 11:00-17:00, Monday: 09:00-17:00, Tuesday: 09:00-17:00, Wednesday: 09:00-17:00, Thursday: 09:00-17:00, Friday: 09:00-17:00, Saturday: 09:00-17:00",661-213-8300,https://www.khov.com/,,K. Hovnanian Homes,single family,,,,Y,2,,Y,River Access,,Extra Suite Plus with private bath & living room supports multi-use living Great room & dining area with vaulted ceiling brings volume to the layout Covered patio off the great room creates a natural indoor-outdoor connection Kitchen with sleek Deep Grey cabinetry & quartz central island anchors the space Primary suite with walk-in closet provides practical storage Primary bath with dual sinks & glass-enclosed shower delivers a modern look Two-car garage with room for vehicles & storage,,,,0,,,1.17,,,,,,Passionflower II ESP,2,4,3,0,1979,517990,2026-08-25,,,,,Extra Suite Plus with private bath & living room supports multi-use living Great room & dining area with vaulted ceiling brings volume to the layout Covered patio off the great room creates a natural indoor-outdoor connection Kitchen with sleek Deep Grey cabinetry & quartz central island anchors the space Primary suite with walk-in closet provides practical storage Primary bath with dual sinks & glass-enclosed shower delivers a modern look Two-car garage with room for vehicles & storage,4,3,0,1,Garage,,2,1979,,517990,559990,515990,,,,,"[""https://www.khov.com/contentassets/6ef8ec68b1d54d23b9a890606bbc235a/171184_Aspire_at_Cypress_Crossings_Passionflower_II_ESP_WC_Farmhouse_Ascend.jpg"", ""https://www.khov.com/contentassets/6ef8ec68b1d54d23b9a890606bbc235a/183277_aspire-at-cypress-crossing_passionflower-ii-esp_kitchen_loft_palette-4_ascend.jpg"", ""https://www.khov.com/contentassets/6ef8ec68b1d54d23b9a890606bbc235a/183285_aspire-at-cypress-crossing_passionflower-ii-esp_kitchen_loft_palette-4_ascend.jpg"", ""https://www.khov.com/contentassets/6ef8ec68b1d54d23b9a890606bbc235a/183279_aspire-at-cypress-crossing_passionflower-ii-esp_kitchen_loft_palette-4_ascend.jpg"", ""https://www.khov.com/contentassets/6ef8ec68b1d54d23b9a890606bbc235a/183281_aspire-at-cypress-crossing_passionflower-ii-esp_primary-bath_loft_palette-4_ascend.jpg"", ""https://www.khov.com/contentassets/6ef8ec68b1d54d23b9a890606bbc235a/183269_aspire-at-cypress-crossing_passionflower-ii-esp_primary-bath_loft_palette-4_ascend.jpg"", ""https://www.khov.com/contentassets/6ef8ec68b1d54d23b9a890606bbc235a/183274_aspire-at-cypress-crossing_passionflower-ii-esp_great-room-_loft_palette-4_ascend.jpg"", ""https://www.khov.com/contentassets/6ef8ec68b1d54d23b9a890606bbc235a/183275_aspire-at-cypress-crossing_passionflower-ii-esp_great-room-_loft_palette-4_ascend.jpg"", ""https://www.khov.com/contentassets/6ef8ec68b1d54d23b9a890606bbc235a/183282_aspire-at-cypress-crossing_passionflower-ii-esp_great-room_loft_palette-4_ascend.jpg"", ""https://www.khov.com/contentassets/6ef8ec68b1d54d23b9a890606bbc235a/183283_aspire-at-cypress-crossing_passionflower-ii-esp_great-room-_loft_palette-4_ascend.jpg"", ""https://www.khov.com/contentassets/6ef8ec68b1d54d23b9a890606bbc235a/183276_aspire-at-cypress-crossing_passionflower-ii-esp_great-room-_loft_palette-4_ascend.jpg"", ""https://www.khov.com/contentassets/6ef8ec68b1d54d23b9a890606bbc235a/183284_aspire-at-cypress-crossing_passionflower-ii-esp_dining-area_loft_palette-4_ascend.jpg"", ""https://www.khov.com/contentassets/6ef8ec68b1d54d23b9a890606bbc235a/183268_aspire-at-cypress-crossing_passionflower-ii-esp_primary-suite_loft_palette-4_ascend.jpg"", ""https://www.khov.com/contentassets/6ef8ec68b1d54d23b9a890606bbc235a/183280_aspire-at-cypress-crossing_passionflower-ii-esp_primary-suite_loft_palette-4_ascend.jpg"", ""https://www.khov.com/contentassets/6ef8ec68b1d54d23b9a890606bbc235a/183270_aspire-at-cypress-crossing_passionflower-ii-esp_bedroom-3_loft_palette-4_ascend.jpg"", ""https://www.khov.com/contentassets/6ef8ec68b1d54d23b9a890606bbc235a/183271_aspire-at-cypress-crossing_passionflower-ii-esp_hall-bath_loft_palette-4_ascend.jpg"", ""https://www.khov.com/contentassets/6ef8ec68b1d54d23b9a890606bbc235a/1_foundation_exterior_21476990.jpg""]"
https://www.khov.com/new-construction-homes/california/bakersfield/aspire-at-cypress-crossings/passionflower-ii-esp-6108-caruso-avenue-2032/,,Aspire At Cypress Crossings,35.286724,-119.073889,"6108 Caruso Avenue, Bakersfield, CA, 93313",Bakersfield,CALIFORNIA,93313,,"Sunday: 11:00-17:00, Monday: 09:00-17:00, Tuesday: 09:00-17:00, Wednesday: 09:00-17:00, Thursday: 09:00-17:00, Friday: 09:00-17:00, Saturday: 09:00-17:00",661-213-8300,https://www.khov.com/,,K. Hovnanian Homes,single family,,,,Y,2,,Y,River Access,,Extra Suite Plus with private bath & separate living room for flexible living Great room & dining area beneath a vaulted ceiling that opens the space Covered patio just off the great room for easy outdoor access Kitchen with Soft White cabinetry & quartz central island creates a bright focal point Primary suite with walk-in closet offers everyday storage Primary bath with dual sinks & glass-enclosed shower Two-car garage with space for parking & storage,,,,0,,,1.17,,,,,,Passionflower II ESP,2,4,3,0,1979,513990,2026-08-24,,,,,Extra Suite Plus with private bath & separate living room for flexible living Great room & dining area beneath a vaulted ceiling that opens the space Covered patio just off the great room for easy outdoor access Kitchen with Soft White cabinetry & quartz central island creates a bright focal point Primary suite with walk-in closet offers everyday storage Primary bath with dual sinks & glass-enclosed shower Two-car garage with space for parking & storage,4,3,0,1,Garage,,2,1979,,513990,559990,511990,,,,,"[""https://www.khov.com/contentassets/55a633e830b8448ab443f5b29a028256/171183_Aspire_at_Cypress_Crossings_Passionflower_II_ESP_VC_Mediterranean_Ascend.jpg"", ""https://www.khov.com/contentassets/55a633e830b8448ab443f5b29a028256/168052_Passionflower_II_ESP_Kitchen_Farmhouse_Palette_6_Ascend_European_Farmhouse.jpg"", ""https://www.khov.com/contentassets/55a633e830b8448ab443f5b29a028256/168092_Passionflower_II_ESP_Primary_Bath_Farmhouse_Palette_6_Ascend_European_Farmhouse.jpg"", ""https://www.khov.com/contentassets/55a633e830b8448ab443f5b29a028256/168073_Passionflower_II_ESP_Primary_Bath_Farmhouse_Palette_6_Ascend_European_Farmhouse.jpg"", ""https://www.khov.com/contentassets/55a633e830b8448ab443f5b29a028256/1_foundation_exterior_21476980.jpg"", ""https://www.khov.com/contentassets/55a633e830b8448ab443f5b29a028256/1_foundation_exterior_21476981.jpg"", ""https://www.khov.com/contentassets/55a633e830b8448ab443f5b29a028256/1_foundation_exterior_21476984.jpg""]"
https://www.khov.com/new-construction-homes/california/bakersfield/aspire-at-cypress-crossings/passionflower-ii-esp-6214-caruso-avenue-2028/,,Aspire At Cypress Crossings,35.286724,-119.073889,"6214 Caruso Avenue, Bakersfield, CA, 93313",Bakersfield,CALIFORNIA,93313,,"Sunday: 11:00-17:00, Monday: 09:00-17:00, Tuesday: 09:00-17:00, Wednesday: 09:00-17:00, Thursday: 09:00-17:00, Friday: 09:00-17:00, Saturday: 09:00-17:00",661-213-8300,https://www.khov.com/,,K. Hovnanian Homes,single family,,,,Y,2,,Y,River Access,,"Extra Suite Plus on the first floor includes a private bath & separate living room Vaulted ceiling unites the great room & dining area with an open feel Covered patio extends the living space outdoors Crisp White cabinetry gives the kitchen a clean, bright look Primary suite features a walk-in closet Primary bath includes dual sinks & a glass shower enclosure 2-car garage provides everyday parking",,,,0,,,1.17,,,,,,Passionflower II ESP,2,4,3,0,1979,517990,2026-07-14,,,,,"Extra Suite Plus on the first floor includes a private bath & separate living room Vaulted ceiling unites the great room & dining area with an open feel Covered patio extends the living space outdoors Crisp White cabinetry gives the kitchen a clean, bright look Primary suite features a walk-in closet Primary bath includes dual sinks & a glass shower enclosure 2-car garage provides everyday parking",4,3,0,1,Garage,,2,1979,,517990,559990,515990,,,,,"[""https://www.khov.com/contentassets/44afa804f2e5464fb4292b549dbb0c7d/171185_Aspire_at_Cypress_Crossings_Passionflower_II_ESP_ZC_Contemporary_Ascend.jpg"", ""https://www.khov.com/contentassets/44afa804f2e5464fb4292b549dbb0c7d/168049_Passionflower_II_ESP_Kitchen_Farmhouse_Palette_3_Ascend_European_Farmhouse.jpg"", ""https://www.khov.com/contentassets/44afa804f2e5464fb4292b549dbb0c7d/168087_Passionflower_II_ESP_Primary_Bath_Farmhouse_Palette_3_Ascend_European_Farmhouse.jpg"", ""https://www.khov.com/contentassets/44afa804f2e5464fb4292b549dbb0c7d/168088_Passionflower_II_ESP_Primary_Bath_Farmhouse_Palette_3_Ascend_European_Farmhouse.jpg"", ""https://www.khov.com/contentassets/44afa804f2e5464fb4292b549dbb0c7d/5_mechanical_exterior_21477068.jpg"", ""https://www.khov.com/contentassets/44afa804f2e5464fb4292b549dbb0c7d/5_mechanical_exterior_21477069.jpg"", ""https://www.khov.com/contentassets/44afa804f2e5464fb4292b549dbb0c7d/5_mechanical_interior_21477073.jpg"", ""https://www.khov.com/contentassets/44afa804f2e5464fb4292b549dbb0c7d/5_mechanical_interior_21477075.jpg"", ""https://www.khov.com/contentassets/44afa804f2e5464fb4292b549dbb0c7d/5_mechanical_interior_21477076.jpg"", ""https://www.khov.com/contentassets/44afa804f2e5464fb4292b549dbb0c7d/5_mechanical_interior_21477079.jpg"", ""https://www.khov.com/contentassets/44afa804f2e5464fb4292b549dbb0c7d/5_mechanical_interior_21477080.jpg"", ""https://www.khov.com/contentassets/44afa804f2e5464fb4292b549dbb0c7d/5_mechanical_interior_21477081.jpg"", ""https://www.khov.com/contentassets/44afa804f2e5464fb4292b549dbb0c7d/5_mechanical_back_21477086.jpg""]"
https://www.khov.com/new-construction-homes/california/bakersfield/aspire-at-cypress-crossings/water-lily-ii-6202-caruso-avenue-2030/,,Aspire At Cypress Crossings,35.286724,-119.073889,"6202 Caruso Avenue, Bakersfield, CA, 93313",Bakersfield,CALIFORNIA,93313,,"Sunday: 11:00-17:00, Monday: 09:00-17:00, Tuesday: 09:00-17:00, Wednesday: 09:00-17:00, Thursday: 09:00-17:00, Friday: 09:00-17:00, Saturday: 09:00-17:00",661-213-8300,https://www.khov.com/,,K. Hovnanian Homes,single family,,,,Y,2,,Y,River Access,,"Home office provides a dedicated space for work or study Open kitchen, great room & dining area support everyday living Kitchen with Soft White cabinetry & quartz central island Extra Suite on the first floor offers added flexibility Primary suite includes dual walk-in closets for generous storage Primary bath features dual sinks & a glass shower enclosure Second-floor loft adds an extra area to relax or gather",,,,0,,,1.17,,,,,,Water Lily II,2,5,3,0,2588,559990,2026-07-15,,,,,"Home office provides a dedicated space for work or study Open kitchen, great room & dining area support everyday living Kitchen with Soft White cabinetry & quartz central island Extra Suite on the first floor offers added flexibility Primary suite includes dual walk-in closets for generous storage Primary bath features dual sinks & a glass shower enclosure Second-floor loft adds an extra area to relax or gather",5,3,0,2,Garage,,2,2588,,559990,559990,556990,,,,,"[""https://www.khov.com/contentassets/bdb04341691d46079e1cae074075f412/171181_Aspire_at_Cypress_Crossings_Water_Lily_II_WC_Farmhouse_Ascend.jpg"", ""https://www.khov.com/contentassets/bdb04341691d46079e1cae074075f412/168052_Passionflower_II_ESP_Kitchen_Farmhouse_Palette_6_Ascend_European_Farmhouse.jpg"", ""https://www.khov.com/contentassets/bdb04341691d46079e1cae074075f412/168073_Passionflower_II_ESP_Primary_Bath_Farmhouse_Palette_6_Ascend_European_Farmhouse.jpg"", ""https://www.khov.com/contentassets/bdb04341691d46079e1cae074075f412/168092_Passionflower_II_ESP_Primary_Bath_Farmhouse_Palette_6_Ascend_European_Farmhouse.jpg"", ""https://www.khov.com/contentassets/bdb04341691d46079e1cae074075f412/5_mechanical_exterior_21477104.jpg"", ""https://www.khov.com/contentassets/bdb04341691d46079e1cae074075f412/5_mechanical_interior_21477109.jpg"", ""https://www.khov.com/contentassets/bdb04341691d46079e1cae074075f412/5_mechanical_interior_21477110.jpg"", ""https://www.khov.com/contentassets/bdb04341691d46079e1cae074075f412/5_mechanical_interior_21477111.jpg"", ""https://www.khov.com/contentassets/bdb04341691d46079e1cae074075f412/5_mechanical_interior_21477113.jpg"", ""https://www.khov.com/contentassets/bdb04341691d46079e1cae074075f412/5_mechanical_interior_21477114.jpg"", ""https://www.khov.com/contentassets/bdb04341691d46079e1cae074075f412/5_mechanical_interior_21477115.jpg"", ""https://www.khov.com/contentassets/bdb04341691d46079e1cae074075f412/5_mechanical_interior_21477116.jpg"", ""https://www.khov.com/contentassets/bdb04341691d46079e1cae074075f412/5_mechanical_interior_21477117.jpg"", ""https://www.khov.com/contentassets/bdb04341691d46079e1cae074075f412/5_mechanical_interior_21477118.jpg""]"
https://www.khov.com/new-construction-homes/california/bakersfield/aspire-at-davis-ranch/adriatic-9115-owl-canyon-lane-3061/,,Aspire At Davis Ranch,35.4073809351,-118.9051053592,"9115 Owl Canyon Lane, Bakersfield, CA, 93306",Bakersfield,CALIFORNIA,93306,,"Sunday: 11:00-17:00, Monday: 09:00-17:00, Tuesday: 09:00-17:00, Wednesday: 09:00-17:00, Thursday: 09:00-17:00, Friday: 09:00-17:00, Saturday: 09:00-17:00",661-215-8859,https://www.khov.com/,,K. Hovnanian Homes,single family,,,,Y,2,,Y,River Access,,Welcoming foyer leads to open concept living areas Sleek kitchen with gray cabinetry & vast center island Connected dining area & great room create seamless flow for entertaining guests Peaceful primary suite & bath with generous walk-in closet Private home office for working remotely Conveniently located on corner lot,,,,0,,,1.4,,,,,,Adriatic,2,3,2,0,1760,483990,2026-07-02,,,,,Welcoming foyer leads to open concept living areas Sleek kitchen with gray cabinetry & vast center island Connected dining area & great room create seamless flow for entertaining guests Peaceful primary suite & bath with generous walk-in closet Private home office for working remotely Conveniently located on corner lot,3,2,0,1,Garage,,2,1760,,483990,483990,481990,,,,,"[""https://www.khov.com/contentassets/32c2b82464b24ff4baa7694cbc32d3da/203408_Aspire_at_Davis_Ranch_Adriatic_Backyard_Patio_Loft_Palette_3_Aspire.jpg"", ""https://www.khov.com/contentassets/32c2b82464b24ff4baa7694cbc32d3da/157341_Aspire_at_Davis_Ranch_Adriatic_Farmhouse_WC_Farmhouse_Palette_1_Aspire.jpg"", ""https://www.khov.com/contentassets/32c2b82464b24ff4baa7694cbc32d3da/203406_aspire-at-davis-ranch_adriatic_kitchen_loft_palette-3_aspire.jpg"", ""https://www.khov.com/contentassets/32c2b82464b24ff4baa7694cbc32d3da/203402_aspire-at-davis-ranch_adriatic_kitchen_loft_palette-3_aspire.jpg"", ""https://www.khov.com/contentassets/32c2b82464b24ff4baa7694cbc32d3da/203405_aspire-at-davis-ranch_adriatic_kitchen_loft_palette-3_aspire.jpg"", ""https://www.khov.com/contentassets/32c2b82464b24ff4baa7694cbc32d3da/203397_Aspire_at_Davis_Ranch_Adriatic_Primary_Bath_Loft_Palette_3_Aspire.jpg"", ""https://www.khov.com/contentassets/32c2b82464b24ff4baa7694cbc32d3da/203398_aspire-at-davis-ranch_adriatic_primary-bath_loft_palette-3_aspire.jpg"", ""https://www.khov.com/contentassets/32c2b82464b24ff4baa7694cbc32d3da/203399_aspire-at-davis-ranch_adriatic_primary-suite_loft_palette-3_aspire.jpg"", ""https://www.khov.com/contentassets/32c2b82464b24ff4baa7694cbc32d3da/203400_aspire-at-davis-ranch_adriatic_primary-suite_loft_palette-3_aspire.jpg"", ""https://www.khov.com/contentassets/32c2b82464b24ff4baa7694cbc32d3da/203403_aspire-at-davis-ranch_adriatic_great-room_loft_palette-3_aspire.jpg"", ""https://www.khov.com/contentassets/32c2b82464b24ff4baa7694cbc32d3da/203404_aspire-at-davis-ranch_adriatic_great-room-_loft_palette-3_aspire.jpg"", ""https://www.khov.com/contentassets/32c2b82464b24ff4baa7694cbc32d3da/203401_aspire-at-davis-ranch_adriatic_dining-room_loft_palette-3_aspire.jpg"", ""https://www.khov.com/contentassets/32c2b82464b24ff4baa7694cbc32d3da/203410_aspire-at-davis-ranch_adriatic_bedroom-2_loft_palette-3_aspire.jpg"", ""https://www.khov.com/contentassets/32c2b82464b24ff4baa7694cbc32d3da/203396_aspire-at-davis-ranch_adriatic_hall-bath_loft_palette-3_aspire.jpg"", ""https://www.khov.com/contentassets/32c2b82464b24ff4baa7694cbc32d3da/4_mechanical_back_21377068.jpg"", ""https://www.khov.com/contentassets/32c2b82464b24ff4baa7694cbc32d3da/4_mechanical_exterior_21377070.jpg"", ""https://www.khov.com/contentassets/32c2b82464b24ff4baa7694cbc32d3da/4_mechanical_interior_21377072.jpg"", ""https://www.khov.com/contentassets/32c2b82464b24ff4baa7694cbc32d3da/4_mechanical_back_21377073.jpg"", ""https://www.khov.com/contentassets/32c2b82464b24ff4baa7694cbc32d3da/4_mechanical_interior_21377077.jpg"", ""https://www.khov.com/contentassets/32c2b82464b24ff4baa7694cbc32d3da/4_mechanical_interior_21377078.jpg"", ""https://www.khov.com/contentassets/32c2b82464b24ff4baa7694cbc32d3da/4_mechanical_interior_21377080.jpg"", ""https://www.khov.com/contentassets/32c2b82464b24ff4baa7694cbc32d3da/4_mechanical_interior_21377083.jpg"", ""https://www.khov.com/contentassets/32c2b82464b24ff4baa7694cbc32d3da/4_mechanical_interior_21377088.jpg"", ""https://www.khov.com/contentassets/32c2b82464b24ff4baa7694cbc32d3da/4_mechanical_interior_21377091.jpg""]"
https://www.khov.com/new-construction-homes/california/bakersfield/aspire-at-davis-ranch/daffodil-5827-white-rabbit-drive-3044/,,Aspire At Davis Ranch,35.4073809351,-118.9051053592,"5827 White Rabbit Drive, Bakersfield, CA, 93306",Bakersfield,CALIFORNIA,93306,,"Sunday: 11:00-17:00, Monday: 09:00-17:00, Tuesday: 09:00-17:00, Wednesday: 09:00-17:00, Thursday: 09:00-17:00, Friday: 09:00-17:00, Saturday: 09:00-17:00",661-215-8859,https://www.khov.com/,,K. Hovnanian Homes,single family,,,,Y,2,,Y,River Access,,Welcoming foyer leads to open concept living areas Efficient kitchen featuring white cabinetry & quartz countertops Vast center island for prepping & serving family meals Charming dining area adjacent kitchen makes mornings easy Peaceful primary suite & bath with matte black finishes Attached 2-car garage provides convenient parking,,,,0,,,1.4,,,,,,Daffodil,2,3,2,0,1585,473990,2026-07-16,,,,,Welcoming foyer leads to open concept living areas Efficient kitchen featuring white cabinetry & quartz countertops Vast center island for prepping & serving family meals Charming dining area adjacent kitchen makes mornings easy Peaceful primary suite & bath with matte black finishes Attached 2-car garage provides convenient parking,3,2,0,1,Garage,,2,1585,,473990,516990,471990,,,,,"[""https://www.khov.com/contentassets/7719ac6fd1d040b8bcc3a5238b5be813/157350_Aspire_at_Davis_Ranch_Daffodil_Farmhouse_WC_Farmhouse_Palette_1_Aspire.jpg"", ""https://www.khov.com/contentassets/7719ac6fd1d040b8bcc3a5238b5be813/161901_Adriatic_Kitchen_Farmhouse_Palette_2_Aspire_Industrial_Farmhouse.jpg"", ""https://www.khov.com/contentassets/7719ac6fd1d040b8bcc3a5238b5be813/161906_Adriatic_Primary_Bath_Farmhouse_Palette_2_Aspire_Industrial_Farmhouse.jpg"", ""https://www.khov.com/contentassets/7719ac6fd1d040b8bcc3a5238b5be813/3_foundation_exterior_21377700.jpg"", ""https://www.khov.com/contentassets/7719ac6fd1d040b8bcc3a5238b5be813/3_foundation_exterior_21377701.jpg"", ""https://www.khov.com/contentassets/7719ac6fd1d040b8bcc3a5238b5be813/3_foundation_exterior_21377703.jpg""]"
https://www.khov.com/new-construction-homes/california/bakersfield/aspire-at-davis-ranch/daffodil-9128-owl-canyon-lane-3066/,,Aspire At Davis Ranch,35.4073809351,-118.9051053592,"9128 Owl Canyon Lane, Bakersfield, CA, 93306",Bakersfield,CALIFORNIA,93306,,"Sunday: 11:00-17:00, Monday: 09:00-17:00, Tuesday: 09:00-17:00, Wednesday: 09:00-17:00, Thursday: 09:00-17:00, Friday: 09:00-17:00, Saturday: 09:00-17:00",661-215-8859,https://www.khov.com/,,K. Hovnanian Homes,single family,,,,Y,2,,Y,River Access,,Inviting kitchen featuring gray cabinetry & quartz countertops Spacious great room for hosting family & friends Charming dining area adjacent kitchen creates easy mornings Secluded primary suite for rest & relaxation Polished primary bath with chrome finishes & walk-in closet Functional 2-car garage provides convenient parking,,,,0,,,1.4,,,,,,Daffodil,2,3,2,0,1585,463990,2026-06-09,,,,,Inviting kitchen featuring gray cabinetry & quartz countertops Spacious great room for hosting family & friends Charming dining area adjacent kitchen creates easy mornings Secluded primary suite for rest & relaxation Polished primary bath with chrome finishes & walk-in closet Functional 2-car garage provides convenient parking,3,2,0,1,Garage,,2,1585,,463990,516990,461990,,,,,"[""https://www.khov.com/contentassets/653125d89ed8498a8504badb32ad5d9f/157349_Aspire_at_Davis_Ranch_Daffodil_Mediterranean_VC_Palette_1_Aspire.jpg"", ""https://www.khov.com/contentassets/653125d89ed8498a8504badb32ad5d9f/161914_Adriatic_Kitchen_Loft_Palette_3_Aspire_Coastal_Loft.jpg"", ""https://www.khov.com/contentassets/653125d89ed8498a8504badb32ad5d9f/161911_Adriatic_Primary_Bath_Loft_Palette_3_Aspire_Coastal_Loft.jpg"", ""https://www.khov.com/contentassets/653125d89ed8498a8504badb32ad5d9f/4_int.-finish_exterior_21377757.jpg"", ""https://www.khov.com/contentassets/653125d89ed8498a8504badb32ad5d9f/4_int.-finish_exterior_21377761.jpg"", ""https://www.khov.com/contentassets/653125d89ed8498a8504badb32ad5d9f/4_int.-finish_bedroom_21377762.jpg"", ""https://www.khov.com/contentassets/653125d89ed8498a8504badb32ad5d9f/4_int.-finish_kitchen_21377763.jpg"", ""https://www.khov.com/contentassets/653125d89ed8498a8504badb32ad5d9f/4_int.-finish_bedroom_21377764.jpg"", ""https://www.khov.com/contentassets/653125d89ed8498a8504badb32ad5d9f/4_int.-finish_laundryroom_21377765.jpg"", ""https://www.khov.com/contentassets/653125d89ed8498a8504badb32ad5d9f/4_int.-finish_kitchen_21377766.jpg"", ""https://www.khov.com/contentassets/653125d89ed8498a8504badb32ad5d9f/4_int.-finish_interior_21377767.jpg"", ""https://www.khov.com/contentassets/653125d89ed8498a8504badb32ad5d9f/4_int.-finish_kitchen_21377768.jpg"", ""https://www.khov.com/contentassets/653125d89ed8498a8504badb32ad5d9f/4_int.-finish_interior_21377769.jpg""]"
https://www.khov.com/new-construction-homes/california/bakersfield/aspire-at-davis-ranch/daffodil-9200-owl-canyon-lane-3068/,,Aspire At Davis Ranch,35.4073809351,-118.9051053592,"9200 Owl Canyon Lane, Bakersfield, CA, 93306",Bakersfield,CALIFORNIA,93306,,"Sunday: 11:00-17:00, Monday: 09:00-17:00, Tuesday: 09:00-17:00, Wednesday: 09:00-17:00, Thursday: 09:00-17:00, Friday: 09:00-17:00, Saturday: 09:00-17:00",661-215-8859,https://www.khov.com/,,K. Hovnanian Homes,single family,,,,Y,2,,Y,River Access,,Sleek kitchen featuring white cabinetry & chrome hardware Vast center island & quartz countertops Inviting great room for spending time with family & friends Charming dining area adjacent kitchen makes mornings easy Private primary suite & bath offers a peaceful escape Attached 2-car garage for vehicles & storage,,,,0,,,1.4,,,,,,Daffodil,2,3,2,0,1585,470990,2026-07-02,,,,,Sleek kitchen featuring white cabinetry & chrome hardware Vast center island & quartz countertops Inviting great room for spending time with family & friends Charming dining area adjacent kitchen makes mornings easy Private primary suite & bath offers a peaceful escape Attached 2-car garage for vehicles & storage,3,2,0,1,Garage,,2,1585,,470990,516990,468995,,,,,"[""https://www.khov.com/contentassets/c90766d188f14a27b7c21f64bc85d804/157350_Aspire_at_Davis_Ranch_Daffodil_Farmhouse_WC_Farmhouse_Palette_1_Aspire.jpg"", ""https://www.khov.com/contentassets/c90766d188f14a27b7c21f64bc85d804/161915_Adriatic_Kitchen_Loft_Palette_1_Aspire_Coastal_Loft.jpg"", ""https://www.khov.com/contentassets/c90766d188f14a27b7c21f64bc85d804/161912_Adriatic_Primary_Bath_Loft_Palette_1_Aspire_Coastal_Loft.jpg"", ""https://www.khov.com/contentassets/c90766d188f14a27b7c21f64bc85d804/4_mechanical_exterior_21377720.jpg"", ""https://www.khov.com/contentassets/c90766d188f14a27b7c21f64bc85d804/4_mechanical_interior_21377726.jpg"", ""https://www.khov.com/contentassets/c90766d188f14a27b7c21f64bc85d804/4_mechanical_greatroom_21377728.jpg"", ""https://www.khov.com/contentassets/c90766d188f14a27b7c21f64bc85d804/4_mechanical_interior_21377729.jpg"", ""https://www.khov.com/contentassets/c90766d188f14a27b7c21f64bc85d804/4_mechanical_interior_21377732.jpg"", ""https://www.khov.com/contentassets/c90766d188f14a27b7c21f64bc85d804/4_mechanical_back_21377735.jpg"", ""https://www.khov.com/contentassets/c90766d188f14a27b7c21f64bc85d804/4_mechanical_back_21377737.jpg"", ""https://www.khov.com/contentassets/c90766d188f14a27b7c21f64bc85d804/4_mechanical_porch_21377740.jpg""]"
https://www.khov.com/new-construction-homes/california/bakersfield/aspire-at-davis-ranch/passionflower-5913-white-rabbit-drive-3047/,,Aspire At Davis Ranch,35.4073809351,-118.9051053592,"5913 White Rabbit Drive, Bakersfield, CA, 93306",Bakersfield,CALIFORNIA,93306,,"Sunday: 11:00-17:00, Monday: 09:00-17:00, Tuesday: 09:00-17:00, Wednesday: 09:00-17:00, Thursday: 09:00-17:00, Friday: 09:00-17:00, Saturday: 09:00-17:00",661-215-8859,https://www.khov.com/,,K. Hovnanian Homes,single family,,,,Y,2,,Y,River Access,,"Charming kitchen featuring grey cabinetry, quartz countertops, & center island Striking vaulted ceiling connects dining area & great room Serene primary suite for rest & relaxation Refreshing primary bath featuring matte black finishes Private home office for working or studying Attached 2-car garage provides convenient parking",,,,0,,,1.4,,,,,,Passionflower,2,4,3,0,2061,516990,2026-07-17,,,,,"Charming kitchen featuring grey cabinetry, quartz countertops, & center island Striking vaulted ceiling connects dining area & great room Serene primary suite for rest & relaxation Refreshing primary bath featuring matte black finishes Private home office for working or studying Attached 2-car garage provides convenient parking",4,3,0,1,Garage,,2,2061,,516990,516990,514990,,,,,"[""https://www.khov.com/contentassets/a8590e34297641c7bf0660c92dec17e6/157344_Aspire_at_Davis_Ranch_Passionflower_Farmhouse_WC_Farmhouse_Palette_3_Aspire.jpg"", ""https://www.khov.com/contentassets/a8590e34297641c7bf0660c92dec17e6/161902_Adriatic_Kitchen_Farmhouse_Palette_3_Aspire_Industrial_Farmhouse.jpg"", ""https://www.khov.com/contentassets/a8590e34297641c7bf0660c92dec17e6/161903_Adriatic_Primary_Bath_Farmhouse_Palette_3_Aspire_Industrial_Farmhouse.jpg"", ""https://www.khov.com/contentassets/a8590e34297641c7bf0660c92dec17e6/3_framing_exterior_21377104.jpg"", ""https://www.khov.com/contentassets/a8590e34297641c7bf0660c92dec17e6/3_framing_exterior_21377108.jpg"", ""https://www.khov.com/contentassets/a8590e34297641c7bf0660c92dec17e6/3_framing_exterior_21377111.jpg"", ""https://www.khov.com/contentassets/a8590e34297641c7bf0660c92dec17e6/3_framing_exterior_21377121.jpg""]"
https://www.khov.com/new-construction-homes/california/bakersfield/aspire-at-davis-ranch/passionflower-5925-white-rabbit-drive-3049/,,Aspire At Davis Ranch,35.4073809351,-118.9051053592,"5925 White Rabbit Drive, Bakersfield, CA, 93306",Bakersfield,CALIFORNIA,93306,,"Sunday: 11:00-17:00, Monday: 09:00-17:00, Tuesday: 09:00-17:00, Wednesday: 09:00-17:00, Thursday: 09:00-17:00, Friday: 09:00-17:00, Saturday: 09:00-17:00",661-215-8859,https://www.khov.com/,,K. Hovnanian Homes,single family,,,,Y,2,,Y,River Access,,Welcoming foyer opens to beautiful vaulted ceiling Sleek kitchen featuring white cabinetry & chrome finishes Connected dining area & great room create seamless flow for entertaining guests Private primary suite & bath with generous walk-in closet Formal home office offers a quiet place for studying or working Functional 2-car garage for vehicles & tools,,,,0,,,1.4,,,,,,Passionflower,2,4,3,0,2061,516990,2026-07-17,,,,,Welcoming foyer opens to beautiful vaulted ceiling Sleek kitchen featuring white cabinetry & chrome finishes Connected dining area & great room create seamless flow for entertaining guests Private primary suite & bath with generous walk-in closet Formal home office offers a quiet place for studying or working Functional 2-car garage for vehicles & tools,4,3,0,1,Garage,,2,2061,,516990,516990,514990,,,,,"[""https://www.khov.com/contentassets/3f3315f4d0ee4136b54e6781f5fbaaa9/157343_Aspire_at_Davis_Ranch_Passionflower_Mediterranean_VC_Palette_3_Aspire.jpg"", ""https://www.khov.com/contentassets/3f3315f4d0ee4136b54e6781f5fbaaa9/161915_Adriatic_Kitchen_Loft_Palette_1_Aspire_Coastal_Loft.jpg"", ""https://www.khov.com/contentassets/3f3315f4d0ee4136b54e6781f5fbaaa9/161912_Adriatic_Primary_Bath_Loft_Palette_1_Aspire_Coastal_Loft.jpg"", ""https://www.khov.com/contentassets/3f3315f4d0ee4136b54e6781f5fbaaa9/3_framing_exterior_21377714.jpg"", ""https://www.khov.com/contentassets/3f3315f4d0ee4136b54e6781f5fbaaa9/3_framing_exterior_21377716.jpg"", ""https://www.khov.com/contentassets/3f3315f4d0ee4136b54e6781f5fbaaa9/3_framing_exterior_21377717.jpg"", ""https://www.khov.com/contentassets/3f3315f4d0ee4136b54e6781f5fbaaa9/3_framing_exterior_21377718.jpg"", ""https://www.khov.com/contentassets/3f3315f4d0ee4136b54e6781f5fbaaa9/3_framing_exterior_21377719.jpg"", ""https://www.khov.com/contentassets/3f3315f4d0ee4136b54e6781f5fbaaa9/3_framing_exterior_21377721.jpg""]"
https://www.khov.com/new-construction-homes/california/bakersfield/aspire-at-davis-ranch/passionflower-9037-bryce-canyon-lane-3036/,,Aspire At Davis Ranch,35.4073809351,-118.9051053592,"9037 Bryce Canyon Lane, Bakersfield, CA, 93306",Bakersfield,CALIFORNIA,93306,,"Sunday: 11:00-17:00, Monday: 09:00-17:00, Tuesday: 09:00-17:00, Wednesday: 09:00-17:00, Thursday: 09:00-17:00, Friday: 09:00-17:00, Saturday: 09:00-17:00",661-215-8859,https://www.khov.com/,,K. Hovnanian Homes,single family,,,,Y,2,,Y,River Access,,Efficient kitchen featuring designer cabinetry & pendant lights Vast center island overlooking main living spaces Striking vaulted ceiling connects great room & dining area Private primary suite & bath with generous walk-in closet Productive home office for studying or reading Functional 2-car garage provides convenient parking,,,,0,,,1.4,,,,,,Passionflower,2,4,3,0,2061,515990,,,,,,Efficient kitchen featuring designer cabinetry & pendant lights Vast center island overlooking main living spaces Striking vaulted ceiling connects great room & dining area Private primary suite & bath with generous walk-in closet Productive home office for studying or reading Functional 2-car garage provides convenient parking,4,3,0,1,Garage,,2,2061,,515990,516990,515990,,,,,"[""https://www.khov.com/contentassets/7936f8077eb745e486a797642de0a476/157344_Aspire_at_Davis_Ranch_Passionflower_Farmhouse_WC_Farmhouse_Palette_3_Aspire.jpg"", ""https://www.khov.com/contentassets/7936f8077eb745e486a797642de0a476/161902_Adriatic_Kitchen_Farmhouse_Palette_3_Aspire_Industrial_Farmhouse.jpg"", ""https://www.khov.com/contentassets/7936f8077eb745e486a797642de0a476/161903_Adriatic_Primary_Bath_Farmhouse_Palette_3_Aspire_Industrial_Farmhouse.jpg""]"
https://www.khov.com/new-construction-homes/california/bakersfield/aspire-at-davis-ranch/passionflower-9111-owl-canyon-lane-3060/,,Aspire At Davis Ranch,35.4073809351,-118.9051053592,"9111 Owl Canyon Lane, Bakersfield, CA, 93306",Bakersfield,CALIFORNIA,93306,,"Sunday: 11:00-17:00, Monday: 09:00-17:00, Tuesday: 09:00-17:00, Wednesday: 09:00-17:00, Thursday: 09:00-17:00, Friday: 09:00-17:00, Saturday: 09:00-17:00",661-215-8859,https://www.khov.com/,,K. Hovnanian Homes,single family,,,,Y,2,,Y,River Access,,"Sleek kitchen featuring gray cabinetry & pendant lighting Vast center island, perfect for prepping family meals Striking vaulted ceiling connects great room & dining area Pristine primary suite & bath with generous walk-in closet Private home office for working remotely Attached 2-car garage for vehicles & tools",,,,0,,,1.4,,,,,,Passionflower,2,4,3,0,2061,515990,2026-07-13,,,,,"Sleek kitchen featuring gray cabinetry & pendant lighting Vast center island, perfect for prepping family meals Striking vaulted ceiling connects great room & dining area Pristine primary suite & bath with generous walk-in closet Private home office for working remotely Attached 2-car garage for vehicles & tools",4,3,0,1,Garage,,2,2061,,515990,516990,513990,,,,,"[""https://www.khov.com/contentassets/4f70668555ce40b2bf71782df6005cf5/157345_Aspire_at_Davis_Ranch_Passionflower_Contemporary_ZC_Palette_3_Aspire.jpg"", ""https://www.khov.com/contentassets/4f70668555ce40b2bf71782df6005cf5/157330_Aspire_at_Davis_Ranch_Passionflower_Kitchen_Loft_Palette_3_Aspire.jpg"", ""https://www.khov.com/contentassets/4f70668555ce40b2bf71782df6005cf5/157331_Aspire_at_Davis_Ranch_Passionflower_Kitchen_Loft_Palette_3_Aspire.jpg"", ""https://www.khov.com/contentassets/4f70668555ce40b2bf71782df6005cf5/157336_Aspire_at_Davis_Ranch_Passionflower_Primary_Bath_Loft_Palette_3_Aspire.jpg"", ""https://www.khov.com/contentassets/4f70668555ce40b2bf71782df6005cf5/157337_Aspire_at_Davis_Ranch_Passionflower_Primary_Bath_Loft_Palette_3_Aspire.jpg"", ""https://www.khov.com/contentassets/4f70668555ce40b2bf71782df6005cf5/157329_Aspire_at_Davis_Ranch_Passionflower_Great_room_Loft_Palette_3_Aspire.jpg"", ""https://www.khov.com/contentassets/4f70668555ce40b2bf71782df6005cf5/157328_Aspire_at_Davis_Ranch_Passionflower_Great_room_Loft_Palette_3_Aspire.jpg"", ""https://www.khov.com/contentassets/4f70668555ce40b2bf71782df6005cf5/157339_Aspire_at_Davis_Ranch_Passionflower_Primary_Suite_Loft_Palette_3_Aspire.jpg"", ""https://www.khov.com/contentassets/4f70668555ce40b2bf71782df6005cf5/157326_Aspire_at_Davis_Ranch_Passionflower_Dining_room_Loft_Palette_3_Aspire.jpg"", ""https://www.khov.com/contentassets/4f70668555ce40b2bf71782df6005cf5/157334_Aspire_at_Davis_Ranch_Passionflower_Home_Office_Loft_Palette_3_Aspire.jpg"", ""https://www.khov.com/contentassets/4f70668555ce40b2bf71782df6005cf5/4_mechanical_interior_21377981.jpg"", ""https://www.khov.com/contentassets/4f70668555ce40b2bf71782df6005cf5/4_mechanical_interior_21377982.jpg"", ""https://www.khov.com/contentassets/4f70668555ce40b2bf71782df6005cf5/4_mechanical_interior_21377983.jpg"", ""https://www.khov.com/contentassets/4f70668555ce40b2bf71782df6005cf5/4_mechanical_interior_21377984.jpg"", ""https://www.khov.com/contentassets/4f70668555ce40b2bf71782df6005cf5/4_mechanical_garage_21377985.jpg"", ""https://www.khov.com/contentassets/4f70668555ce40b2bf71782df6005cf5/4_mechanical_interior_21377992.jpg"", ""https://www.khov.com/contentassets/4f70668555ce40b2bf71782df6005cf5/4_mechanical_interior_21377995.jpg"", ""https://www.khov.com/contentassets/4f70668555ce40b2bf71782df6005cf5/4_mechanical_exterior_21377996.jpg"", ""https://www.khov.com/contentassets/4f70668555ce40b2bf71782df6005cf5/4_mechanical_interior_21377997.jpg""]"
https://www.khov.com/new-construction-homes/california/bakersfield/aspire-at-davis-ranch/passionflower-9134-owl-canyon-lane-3067/,,Aspire At Davis Ranch,35.4073809351,-118.9051053592,"9134 Owl Canyon Lane, Bakersfield, CA, 93306",Bakersfield,CALIFORNIA,93306,,"Sunday: 11:00-17:00, Monday: 09:00-17:00, Tuesday: 09:00-17:00, Wednesday: 09:00-17:00, Thursday: 09:00-17:00, Friday: 09:00-17:00, Saturday: 09:00-17:00",661-215-8859,https://www.khov.com/,,K. Hovnanian Homes,single family,,,,Y,2,,Y,River Access,,"Charming kitchen featuring white cabinetry & pendant lighting Vast center island, perfect for prepping family meals Striking vaulted ceiling connects great room & dining area Peaceful primary suite & bath with matte black finishes Functional home office offers a private space for studying or reading Attached 2-car garage for vehicles & tools",,,,0,,,1.4,,,,,,Passionflower,2,4,3,0,2061,513990,2026-07-02,,,,,"Charming kitchen featuring white cabinetry & pendant lighting Vast center island, perfect for prepping family meals Striking vaulted ceiling connects great room & dining area Peaceful primary suite & bath with matte black finishes Functional home office offers a private space for studying or reading Attached 2-car garage for vehicles & tools",4,3,0,1,Garage,,2,2061,,513990,516990,511990,,,,,"[""https://www.khov.com/contentassets/ae7138977a2f4216b6ea216afc2fadfb/157345_Aspire_at_Davis_Ranch_Passionflower_Contemporary_ZC_Palette_3_Aspire.jpg"", ""https://www.khov.com/contentassets/ae7138977a2f4216b6ea216afc2fadfb/161900_Adriatic_Kitchen_Farmhouse_Palette_1_Aspire_Industrial_Farmhouse.jpg"", ""https://www.khov.com/contentassets/ae7138977a2f4216b6ea216afc2fadfb/161905_Adriatic_Primary_Bath_Farmhouse_Palette_1_Aspire_Industrial_Farmhouse.jpg"", ""https://www.khov.com/contentassets/ae7138977a2f4216b6ea216afc2fadfb/4_mechanical_back_21377738.jpg"", ""https://www.khov.com/contentassets/ae7138977a2f4216b6ea216afc2fadfb/4_mechanical_interior_21377739.jpg"", ""https://www.khov.com/contentassets/ae7138977a2f4216b6ea216afc2fadfb/4_mechanical_interior_21377742.jpg"", ""https://www.khov.com/contentassets/ae7138977a2f4216b6ea216afc2fadfb/4_mechanical_interior_21377743.jpg"", ""https://www.khov.com/contentassets/ae7138977a2f4216b6ea216afc2fadfb/4_mechanical_interior_21377744.jpg"", ""https://www.khov.com/contentassets/ae7138977a2f4216b6ea216afc2fadfb/4_mechanical_interior_21377745.jpg"", ""https://www.khov.com/contentassets/ae7138977a2f4216b6ea216afc2fadfb/4_mechanical_interior_21377750.jpg"", ""https://www.khov.com/contentassets/ae7138977a2f4216b6ea216afc2fadfb/4_mechanical_interior_21377753.jpg"", ""https://www.khov.com/contentassets/ae7138977a2f4216b6ea216afc2fadfb/4_mechanical_interior_21377755.jpg""]"
https://www.khov.com/new-construction-homes/california/dixon/k-hovnanians-four-seasons-at-homestead/casa-2390-lark-way-0284/,,K Hovnanians Four Seasons At Homestead,38.440432,-121.851036,"2390 Lark Way, Dixon, CA, 95620",Dixon,CALIFORNIA,95620,,"Sunday: 11:00-18:00, Monday: 09:00-17:00, Tuesday: 09:00-17:00, Wednesday: 09:00-17:00, Thursday: 09:00-17:00, Friday: 09:00-17:00, Saturday: 09:00-17:00",707-348-0505,https://www.khov.com/,,K. Hovnanian Homes,single family,,,,Y,2,,Y,"The Club,Clubhouse Grounds,Gated Entry,Lobby,Dog Parks,Fitness Center,Pickleball Courts,Pool & Spa,Pool Cabana,Billiards & Card Room,Outdoor Exercise Area,Amphitheater,Bocce Ball Courts,Fire Pit & Patio,Outdoor Kitchen,Outdoor Seating Areas,Parks,Clubhouse Dining Area,Catering Kitchen,Yoga Deck",,Welcoming foyer with stylish ceiling treatment Efficient kitchen featuring designer cabinetry & center island Open concept living spaces with beautiful vaulted ceiling Lavish owner's suite & bath featuring generous walk-in closet Private home office for studying or reading Lovely covered patio for relaxing with friends Attached 2-car garage provides convenient parking,,,,266.65,,,1.73,,,,,,Casa,2,2,2,0,1460,512308,2026-06-18,,,,,Welcoming foyer with stylish ceiling treatment Efficient kitchen featuring designer cabinetry & center island Open concept living spaces with beautiful vaulted ceiling Lavish owner's suite & bath featuring generous walk-in closet Private home office for studying or reading Lovely covered patio for relaxing with friends Attached 2-car garage provides convenient parking,2,2,0,1,Garage,,2,1460,,512308,625470,516598,,,,,"[""https://www.khov.com/contentassets/cf80388a9fa44bffa426a85cd2ae3558/91154_Four_seasons_at_Homestead_Casa_Craftsman_YB_Elevation.jpg"", ""https://www.khov.com/contentassets/cf80388a9fa44bffa426a85cd2ae3558/5_mechanical_bedroom_21461810.jpg""]"
https://www.khov.com/new-construction-homes/california/bakersfield/aspire-at-davis-ranch/passionflower-9110-owl-canyon-lane-3063/,,Aspire At Davis Ranch,35.4073809351,-118.9051053592,"9110 Owl Canyon Lane, Bakersfield, CA, 93306",Bakersfield,CALIFORNIA,93306,,"Sunday: 11:00-17:00, Monday: 09:00-17:00, Tuesday: 09:00-17:00, Wednesday: 09:00-17:00, Thursday: 09:00-17:00, Friday: 09:00-17:00, Saturday: 09:00-17:00",661-215-8859,https://www.khov.com/,,K. Hovnanian Homes,single family,,,,Y,2,,Y,River Access,,"Charming kitchen featuring gray cabinetry & matte black finishes Vast center island, perfect for prepping family meals Striking vaulted ceiling connects dining area & great room Serene primary suite & bath with generous walk-in closet Private home office for working remotely Functional 2-car garage provides convenient parking",,,,0,,,1.4,,,,,,Passionflower,2,4,3,0,2061,515990,2026-06-08,,,,,"Charming kitchen featuring gray cabinetry & matte black finishes Vast center island, perfect for prepping family meals Striking vaulted ceiling connects dining area & great room Serene primary suite & bath with generous walk-in closet Private home office for working remotely Functional 2-car garage provides convenient parking",4,3,0,1,Garage,,2,2061,,515990,516990,513990,,,,,"[""https://www.khov.com/contentassets/3f838ca14ffa416682a860275955ddd1/157344_Aspire_at_Davis_Ranch_Passionflower_Farmhouse_WC_Farmhouse_Palette_3_Aspire.jpg"", ""https://www.khov.com/contentassets/3f838ca14ffa416682a860275955ddd1/161902_Adriatic_Kitchen_Farmhouse_Palette_3_Aspire_Industrial_Farmhouse.jpg"", ""https://www.khov.com/contentassets/3f838ca14ffa416682a860275955ddd1/161903_Adriatic_Primary_Bath_Farmhouse_Palette_3_Aspire_Industrial_Farmhouse.jpg"", ""https://www.khov.com/contentassets/3f838ca14ffa416682a860275955ddd1/4_drywall_exterior_21377817.jpg"", ""https://www.khov.com/contentassets/3f838ca14ffa416682a860275955ddd1/4_drywall_exterior_21377820.jpg"", ""https://www.khov.com/contentassets/3f838ca14ffa416682a860275955ddd1/4_drywall_exterior_21377821.jpg"", ""https://www.khov.com/contentassets/3f838ca14ffa416682a860275955ddd1/4_drywall_interior_21377822.jpg"", ""https://www.khov.com/contentassets/3f838ca14ffa416682a860275955ddd1/4_drywall_interior_21377825.jpg"", ""https://www.khov.com/contentassets/3f838ca14ffa416682a860275955ddd1/4_drywall_interior_21377827.jpg"", ""https://www.khov.com/contentassets/3f838ca14ffa416682a860275955ddd1/4_drywall_interior_21377828.jpg"", ""https://www.khov.com/contentassets/3f838ca14ffa416682a860275955ddd1/4_drywall_interior_21377829.jpg"", ""https://www.khov.com/contentassets/3f838ca14ffa416682a860275955ddd1/4_drywall_bathroom_21377831.jpg"", ""https://www.khov.com/contentassets/3f838ca14ffa416682a860275955ddd1/4_drywall_interior_21377832.jpg""]"
https://www.khov.com/new-construction-homes/california/dixon/k-hovnanians-four-seasons-at-homestead/casa-300-cottonwood-path-0288/,,K Hovnanians Four Seasons At Homestead,38.440432,-121.851036,"300 Cottonwood Path, Dixon, CA, 95620",Dixon,CALIFORNIA,95620,,"Sunday: 11:00-18:00, Monday: 09:00-17:00, Tuesday: 09:00-17:00, Wednesday: 09:00-17:00, Thursday: 09:00-17:00, Friday: 09:00-17:00, Saturday: 09:00-17:00",707-348-0505,https://www.khov.com/,,K. Hovnanian Homes,single family,,,,Y,2,,Y,"The Club,Clubhouse Grounds,Gated Entry,Lobby,Dog Parks,Fitness Center,Pickleball Courts,Pool & Spa,Pool Cabana,Billiards & Card Room,Outdoor Exercise Area,Amphitheater,Bocce Ball Courts,Fire Pit & Patio,Outdoor Kitchen,Outdoor Seating Areas,Parks,Clubhouse Dining Area,Catering Kitchen,Yoga Deck",,Well-equipped kitchen with vast center island & ample counter space Beautiful vaulted ceiling connects dining area & great room Peaceful owner's suite featuring stylish ceiling treatment & walk-in closet Polished owner's bath with dual vanities Formal home office offers privacy for working remotely Inviting covered patio featuring 12' multi-slide door,,,,266.65,,,1.73,,,,,,Casa,2,2,2,0,1460,520608,2026-08-03,,,,,Well-equipped kitchen with vast center island & ample counter space Beautiful vaulted ceiling connects dining area & great room Peaceful owner's suite featuring stylish ceiling treatment & walk-in closet Polished owner's bath with dual vanities Formal home office offers privacy for working remotely Inviting covered patio featuring 12' multi-slide door,2,2,0,1,Garage,,2,1460,,520608,625470,530608,,,,,"[""https://www.khov.com/contentassets/ecbfb739d54e4458900262fea25f49e4/91153_Four_seasons_at_Homestead_Casa_Modern_Farmhouse_XB_Elevation.jpg"", ""https://www.khov.com/contentassets/ecbfb739d54e4458900262fea25f49e4/5_framing_exterior_21461784.jpg"", ""https://www.khov.com/contentassets/ecbfb739d54e4458900262fea25f49e4/5_framing_exterior_21461786.jpg""]"
https://www.khov.com/new-construction-homes/california/dixon/k-hovnanians-four-seasons-at-homestead/duoro-445-farmhouse-lane-0108/,,K Hovnanians Four Seasons At Homestead,38.440432,-121.851036,"445 Farmhouse Lane, Dixon, CA, 95620",Dixon,CALIFORNIA,95620,,"Sunday: 11:00-18:00, Monday: 09:00-17:00, Tuesday: 09:00-17:00, Wednesday: 09:00-17:00, Thursday: 09:00-17:00, Friday: 09:00-17:00, Saturday: 09:00-17:00",707-348-0505,https://www.khov.com/,,K. Hovnanian Homes,single family,,,,Y,2,,Y,"The Club,Clubhouse Grounds,Gated Entry,Lobby,Dog Parks,Fitness Center,Pickleball Courts,Pool & Spa,Pool Cabana,Billiards & Card Room,Outdoor Exercise Area,Amphitheater,Bocce Ball Courts,Fire Pit & Patio,Outdoor Kitchen,Outdoor Seating Areas,Parks,Clubhouse Dining Area,Catering Kitchen,Yoga Deck",,Home office tucked off the foyer for focused work Great room with vaulted ceiling adds light and openness Kitchen with central island for prep & gathering Window-lined dining area connects to the covered patio Owner’s suite with a spacious walk-in closet Owner’s bath with dual freestanding vanities Two-car garage provides convenient parking & storage,,,,266.65,,,1.73,,,,,,Duoro,2,2,2,0,1901,617752,2026-06-12,,,,,Home office tucked off the foyer for focused work Great room with vaulted ceiling adds light and openness Kitchen with central island for prep & gathering Window-lined dining area connects to the covered patio Owner’s suite with a spacious walk-in closet Owner’s bath with dual freestanding vanities Two-car garage provides convenient parking & storage,2,2,0,1,Garage,,2,1901,,617752,625470,610752,,,,,"[""https://www.khov.com/contentassets/3d105bf8c2804fd3948f973d285e4fbc/91157_Four_seasons_at_Homestead_Duoro_Modern_Farmhouse_XB_Elevation.jpg"", ""https://www.khov.com/contentassets/3d105bf8c2804fd3948f973d285e4fbc/5_insulation_exterior_21461713.jpg"", ""https://www.khov.com/contentassets/3d105bf8c2804fd3948f973d285e4fbc/5_insulation_exterior_21461714.jpg"", ""https://www.khov.com/contentassets/3d105bf8c2804fd3948f973d285e4fbc/5_insulation_exterior_21461715.jpg"", ""https://www.khov.com/contentassets/3d105bf8c2804fd3948f973d285e4fbc/5_insulation_greatroom_21461716.jpg"", ""https://www.khov.com/contentassets/3d105bf8c2804fd3948f973d285e4fbc/5_insulation_interior_21461717.jpg"", ""https://www.khov.com/contentassets/3d105bf8c2804fd3948f973d285e4fbc/5_insulation_interior_21461719.jpg"", ""https://www.khov.com/contentassets/3d105bf8c2804fd3948f973d285e4fbc/5_insulation_interior_21461720.jpg"", ""https://www.khov.com/contentassets/3d105bf8c2804fd3948f973d285e4fbc/5_insulation_interior_21461721.jpg"", ""https://www.khov.com/contentassets/3d105bf8c2804fd3948f973d285e4fbc/5_insulation_interior_21461722.jpg"", ""https://www.khov.com/contentassets/3d105bf8c2804fd3948f973d285e4fbc/5_insulation_interior_21461723.jpg""]"
https://www.khov.com/new-construction-homes/california/dixon/k-hovnanians-four-seasons-at-homestead/faroe-2290-maze-way-0346/,,K Hovnanians Four Seasons At Homestead,38.440432,-121.851036,"2290 Maze Way, Dixon, CA, 95620",Dixon,CALIFORNIA,95620,,"Sunday: 11:00-18:00, Monday: 09:00-17:00, Tuesday: 09:00-17:00, Wednesday: 09:00-17:00, Thursday: 09:00-17:00, Friday: 09:00-17:00, Saturday: 09:00-17:00",707-348-0505,https://www.khov.com/,,K. Hovnanian Homes,single family,,,,Y,2,,Y,"The Club,Clubhouse Grounds,Gated Entry,Lobby,Dog Parks,Fitness Center,Pickleball Courts,Pool & Spa,Pool Cabana,Billiards & Card Room,Outdoor Exercise Area,Amphitheater,Bocce Ball Courts,Fire Pit & Patio,Outdoor Kitchen,Outdoor Seating Areas,Parks,Clubhouse Dining Area,Catering Kitchen,Yoga Deck",,Well-equipped kitchen overlooking great room Charming dining area for mealtime enjoyment Lavish owner's suite & bath featuring walk-in closet Secluded Extra Suite Plus provides additional living space Versatile covered patio for outdoor relaxation Functional 2-car garage for vehicles & tools,,,,266.65,,,1.73,,,,,,Faroe,2,3,3,1,2194,599990,,,,,,Well-equipped kitchen overlooking great room Charming dining area for mealtime enjoyment Lavish owner's suite & bath featuring walk-in closet Secluded Extra Suite Plus provides additional living space Versatile covered patio for outdoor relaxation Functional 2-car garage for vehicles & tools,3,3,1,1,Garage,,2,2194,,599990,599990,669730,,,,,"[""https://www.khov.com/contentassets/5437bb82730743ef923a01ffce45a054/2_hdr_exterior_20880362.jpg"", ""https://www.khov.com/contentassets/5437bb82730743ef923a01ffce45a054/2_hdr_exterior_20880366.jpg"", ""https://www.khov.com/contentassets/5437bb82730743ef923a01ffce45a054/2_hdr_exterior_20880370.jpg"", ""https://www.khov.com/contentassets/5437bb82730743ef923a01ffce45a054/2_hdr_exterior_20880373.jpg"", ""https://www.khov.com/contentassets/5437bb82730743ef923a01ffce45a054/2_hdr_exterior_20880376.jpg"", ""https://www.khov.com/contentassets/5437bb82730743ef923a01ffce45a054/2_hdr_bathroom_20880355.jpg"", ""https://www.khov.com/contentassets/5437bb82730743ef923a01ffce45a054/2_hdr_closet_20880358.jpg"", ""https://www.khov.com/contentassets/5437bb82730743ef923a01ffce45a054/2_hdr_interior_20880378.jpg"", ""https://www.khov.com/contentassets/5437bb82730743ef923a01ffce45a054/2_hdr_bedroom_20880381.jpg"", ""https://www.khov.com/contentassets/5437bb82730743ef923a01ffce45a054/2_hdr_bedroom_20880382.jpg"", ""https://www.khov.com/contentassets/5437bb82730743ef923a01ffce45a054/2_hdr_bathroom_20880383.jpg"", ""https://www.khov.com/contentassets/5437bb82730743ef923a01ffce45a054/2_hdr_bedroom_20880384.jpg"", ""https://www.khov.com/contentassets/5437bb82730743ef923a01ffce45a054/2_hdr_bedroom_20880385.jpg"", ""https://www.khov.com/contentassets/5437bb82730743ef923a01ffce45a054/2_hdr_laundryroom_20880386.jpg"", ""https://www.khov.com/contentassets/5437bb82730743ef923a01ffce45a054/2_hdr_bedroom_20880387.jpg"", ""https://www.khov.com/contentassets/5437bb82730743ef923a01ffce45a054/2_hdr_bathroom_20880388.jpg"", ""https://www.khov.com/contentassets/5437bb82730743ef923a01ffce45a054/2_hdr_bedroom_20880389.jpg"", ""https://www.khov.com/contentassets/5437bb82730743ef923a01ffce45a054/2_hdr_bedroom_20880390.jpg"", ""https://www.khov.com/contentassets/5437bb82730743ef923a01ffce45a054/2_hdr_interior_20880391.jpg"", ""https://www.khov.com/contentassets/5437bb82730743ef923a01ffce45a054/2_hdr_greatroom_20880392.jpg"", ""https://www.khov.com/contentassets/5437bb82730743ef923a01ffce45a054/2_hdr_kitchen_20880393.jpg"", ""https://www.khov.com/contentassets/5437bb82730743ef923a01ffce45a054/2_hdr_kitchen_20880394.jpg"", ""https://www.khov.com/contentassets/5437bb82730743ef923a01ffce45a054/2_hdr_kitchen_20880395.jpg"", ""https://www.khov.com/contentassets/5437bb82730743ef923a01ffce45a054/2_hdr_greatroom_20880396.jpg"", ""https://www.khov.com/contentassets/5437bb82730743ef923a01ffce45a054/2_hdr_kitchen_20880397.jpg"", ""https://www.khov.com/contentassets/5437bb82730743ef923a01ffce45a054/2_hdr_greatroom_20880398.jpg"", ""https://www.khov.com/contentassets/5437bb82730743ef923a01ffce45a054/2_hdr_greatroom_20880399.jpg"", ""https://www.khov.com/contentassets/5437bb82730743ef923a01ffce45a054/2_hdr_greatroom_20880400.jpg"", ""https://www.khov.com/contentassets/5437bb82730743ef923a01ffce45a054/2_hdr_primarysuite_20880401.jpg"", ""https://www.khov.com/contentassets/5437bb82730743ef923a01ffce45a054/2_hdr_bedroom_20880402.jpg"", ""https://www.khov.com/contentassets/5437bb82730743ef923a01ffce45a054/2_hdr_bathroom_20880403.jpg""]"
https://www.khov.com/new-construction-homes/california/dixon/k-hovnanians-four-seasons-at-homestead/duoro-450-farmhouse-lane-0157/,,K Hovnanians Four Seasons At Homestead,38.440432,-121.851036,"450 Farmhouse Lane, Dixon, CA, 95620",Dixon,CALIFORNIA,95620,,"Sunday: 11:00-18:00, Monday: 09:00-17:00, Tuesday: 09:00-17:00, Wednesday: 09:00-17:00, Thursday: 09:00-17:00, Friday: 09:00-17:00, Saturday: 09:00-17:00",707-348-0505,https://www.khov.com/,,K. Hovnanian Homes,single family,,,,Y,2,,Y,"The Club,Clubhouse Grounds,Gated Entry,Lobby,Dog Parks,Fitness Center,Pickleball Courts,Pool & Spa,Pool Cabana,Billiards & Card Room,Outdoor Exercise Area,Amphitheater,Bocce Ball Courts,Fire Pit & Patio,Outdoor Kitchen,Outdoor Seating Areas,Parks,Clubhouse Dining Area,Catering Kitchen,Yoga Deck",,Home office located just off the foyer for everyday flexibility Great room with vaulted ceiling creates an airy feel Kitchen centered around a functional island Window-lined dining area opens to the covered patio Multi-slide glass door connects the great room to the patio Owner’s suite with walk-in closet for easy organization Owner’s bath with dual freestanding vanities Two-car garage offers parking & storage space,,,,266.65,,,1.73,,,,,,Duoro,2,2,2,0,1901,625470,2026-06-02,,,,,Home office located just off the foyer for everyday flexibility Great room with vaulted ceiling creates an airy feel Kitchen centered around a functional island Window-lined dining area opens to the covered patio Multi-slide glass door connects the great room to the patio Owner’s suite with walk-in closet for easy organization Owner’s bath with dual freestanding vanities Two-car garage offers parking & storage space,2,2,0,1,Garage,,2,1901,,625470,625470,618470,,,,,"[""https://www.khov.com/contentassets/995e3634db044c60a7db3693735a8036/91156_Four_seasons_at_Homestead_Duoro_Farmhouse_WB_Elevation.jpg"", ""https://www.khov.com/contentassets/995e3634db044c60a7db3693735a8036/5_drywall_interior_21461683.jpg"", ""https://www.khov.com/contentassets/995e3634db044c60a7db3693735a8036/5_drywall_bedroom_21461685.jpg"", ""https://www.khov.com/contentassets/995e3634db044c60a7db3693735a8036/5_drywall_bathroom_21461687.jpg"", ""https://www.khov.com/contentassets/995e3634db044c60a7db3693735a8036/5_drywall_bathroom_21461688.jpg"", ""https://www.khov.com/contentassets/995e3634db044c60a7db3693735a8036/5_drywall_bedroom_21461689.jpg"", ""https://www.khov.com/contentassets/995e3634db044c60a7db3693735a8036/5_drywall_interior_21461690.jpg"", ""https://www.khov.com/contentassets/995e3634db044c60a7db3693735a8036/5_drywall_interior_21461691.jpg"", ""https://www.khov.com/contentassets/995e3634db044c60a7db3693735a8036/5_drywall_interior_21461693.jpg""]"
https://www.khov.com/new-construction-homes/california/dixon/k-hovnanians-four-seasons-at-homestead/madera-2340-lark-way-0279/,,K Hovnanians Four Seasons At Homestead,38.440432,-121.851036,"2340 Lark Way, Dixon, CA, 95620",Dixon,CALIFORNIA,95620,,"Sunday: 11:00-18:00, Monday: 09:00-17:00, Tuesday: 09:00-17:00, Wednesday: 09:00-17:00, Thursday: 09:00-17:00, Friday: 09:00-17:00, Saturday: 09:00-17:00",707-348-0505,https://www.khov.com/,,K. Hovnanian Homes,single family,,,,Y,2,,Y,"The Club,Clubhouse Grounds,Gated Entry,Lobby,Dog Parks,Fitness Center,Pickleball Courts,Pool & Spa,Pool Cabana,Billiards & Card Room,Outdoor Exercise Area,Amphitheater,Bocce Ball Courts,Fire Pit & Patio,Outdoor Kitchen,Outdoor Seating Areas,Parks,Clubhouse Dining Area,Catering Kitchen,Yoga Deck",,Separate dining room stays connected to main living areas Great room & kitchen share a stylish ceiling treatment Central island offers generous space for prep & dining Kitchen opens to a covered patio for easy outdoor access Owner's suite features an elegant ceiling detail Dual freestanding vanities elevate the owner's bath Walk-in closet connects directly to the laundry room,,,,266.65,,,1.73,,,,,,Madera,2,2,2,0,1521,501835,,,,,,Separate dining room stays connected to main living areas Great room & kitchen share a stylish ceiling treatment Central island offers generous space for prep & dining Kitchen opens to a covered patio for easy outdoor access Owner's suite features an elegant ceiling detail Dual freestanding vanities elevate the owner's bath Walk-in closet connects directly to the laundry room,2,2,0,1,Garage,,2,1521,,501835,625470,582644,,,,,"[""https://www.khov.com/contentassets/912d45463df64c03a45288f2c8d562bd/2_hdr_exterior_21470929.jpg"", ""https://www.khov.com/contentassets/912d45463df64c03a45288f2c8d562bd/2_hdr_backyard_21470956.jpg"", ""https://www.khov.com/contentassets/912d45463df64c03a45288f2c8d562bd/2_hdr_porch_21470954.jpg"", ""https://www.khov.com/contentassets/912d45463df64c03a45288f2c8d562bd/2_hdr_exterior_21470955.jpg"", ""https://www.khov.com/contentassets/912d45463df64c03a45288f2c8d562bd/2_hdr_interior_21470930.jpg"", ""https://www.khov.com/contentassets/912d45463df64c03a45288f2c8d562bd/2_hdr_bedroom_21470931.jpg"", ""https://www.khov.com/contentassets/912d45463df64c03a45288f2c8d562bd/2_hdr_bedroom_21470932.jpg"", ""https://www.khov.com/contentassets/912d45463df64c03a45288f2c8d562bd/2_hdr_bathroom_21470933.jpg"", ""https://www.khov.com/contentassets/912d45463df64c03a45288f2c8d562bd/2_hdr_greatroom_21470934.jpg"", ""https://www.khov.com/contentassets/912d45463df64c03a45288f2c8d562bd/2_hdr_bedroom_21470935.jpg"", ""https://www.khov.com/contentassets/912d45463df64c03a45288f2c8d562bd/2_hdr_greatroom_21470936.jpg"", ""https://www.khov.com/contentassets/912d45463df64c03a45288f2c8d562bd/2_hdr_greatroom_21470937.jpg"", ""https://www.khov.com/contentassets/912d45463df64c03a45288f2c8d562bd/2_hdr_greatroom_21470938.jpg"", ""https://www.khov.com/contentassets/912d45463df64c03a45288f2c8d562bd/2_hdr_greatroom_21470939.jpg"", ""https://www.khov.com/contentassets/912d45463df64c03a45288f2c8d562bd/2_hdr_kitchen_21470940.jpg"", ""https://www.khov.com/contentassets/912d45463df64c03a45288f2c8d562bd/2_hdr_greatroom_21470941.jpg"", ""https://www.khov.com/contentassets/912d45463df64c03a45288f2c8d562bd/2_hdr_kitchen_21470942.jpg"", ""https://www.khov.com/contentassets/912d45463df64c03a45288f2c8d562bd/2_hdr_kitchen_21470943.jpg"", ""https://www.khov.com/contentassets/912d45463df64c03a45288f2c8d562bd/2_hdr_kitchen_21470944.jpg"", ""https://www.khov.com/contentassets/912d45463df64c03a45288f2c8d562bd/2_hdr_kitchen_21470945.jpg"", ""https://www.khov.com/contentassets/912d45463df64c03a45288f2c8d562bd/2_hdr_bedroom_21470946.jpg"", ""https://www.khov.com/contentassets/912d45463df64c03a45288f2c8d562bd/2_hdr_bedroom_21470947.jpg"", ""https://www.khov.com/contentassets/912d45463df64c03a45288f2c8d562bd/2_hdr_bedroom_21470948.jpg"", ""https://www.khov.com/contentassets/912d45463df64c03a45288f2c8d562bd/2_hdr_primarysuite_21470949.jpg"", ""https://www.khov.com/contentassets/912d45463df64c03a45288f2c8d562bd/2_hdr_bathroom_21470950.jpg"", ""https://www.khov.com/contentassets/912d45463df64c03a45288f2c8d562bd/2_hdr_primarybath_21470951.jpg"", ""https://www.khov.com/contentassets/912d45463df64c03a45288f2c8d562bd/2_hdr_closet_21470952.jpg"", ""https://www.khov.com/contentassets/912d45463df64c03a45288f2c8d562bd/2_hdr_laundryroom_21470953.jpg""]"
https://www.khov.com/new-construction-homes/california/dixon/k-hovnanians-four-seasons-at-homestead/madera-2400-lark-way-0285/,,K Hovnanians Four Seasons At Homestead,38.440432,-121.851036,"2400 Lark Way, Dixon, CA, 95620",Dixon,CALIFORNIA,95620,,"Sunday: 11:00-18:00, Monday: 09:00-17:00, Tuesday: 09:00-17:00, Wednesday: 09:00-17:00, Thursday: 09:00-17:00, Friday: 09:00-17:00, Saturday: 09:00-17:00",707-348-0505,https://www.khov.com/,,K. Hovnanian Homes,single family,,,,Y,2,,Y,"The Club,Clubhouse Grounds,Gated Entry,Lobby,Dog Parks,Fitness Center,Pickleball Courts,Pool & Spa,Pool Cabana,Billiards & Card Room,Outdoor Exercise Area,Amphitheater,Bocce Ball Courts,Fire Pit & Patio,Outdoor Kitchen,Outdoor Seating Areas,Parks,Clubhouse Dining Area,Catering Kitchen,Yoga Deck",,Well-equipped kitchen featuring vast center island & pendant lighting Spacious great room provides the perfect space for entertaining guests Refined dining room for special celebrations & family meals Peaceful primary suite with stylish ceiling treatment Refreshing primary bath featuring dual vanities & walk-in closet Versatile covered patio for outdoor relaxation Functional laundry room with utility sink,,,,266.65,,,1.73,,,,,,Madera,2,2,2,0,1521,515284,2026-06-19,,,,,Well-equipped kitchen featuring vast center island & pendant lighting Spacious great room provides the perfect space for entertaining guests Refined dining room for special celebrations & family meals Peaceful primary suite with stylish ceiling treatment Refreshing primary bath featuring dual vanities & walk-in closet Versatile covered patio for outdoor relaxation Functional laundry room with utility sink,2,2,0,1,Garage,,2,1521,,515284,625470,522284,,,,,"[""https://www.khov.com/contentassets/5e8d008b4573438ab50f1b44ed58969f/91167_Four_seasons_at_Homestead_Madera_Urban_Spanish_VB_Elevation.jpg"", ""https://www.khov.com/contentassets/5e8d008b4573438ab50f1b44ed58969f/5_mechanical_exterior_21461798.jpg"", ""https://www.khov.com/contentassets/5e8d008b4573438ab50f1b44ed58969f/5_mechanical_exterior_21461800.jpg"", ""https://www.khov.com/contentassets/5e8d008b4573438ab50f1b44ed58969f/5_mechanical_bedroom_21461803.jpg"", ""https://www.khov.com/contentassets/5e8d008b4573438ab50f1b44ed58969f/5_mechanical_interior_21461804.jpg"", ""https://www.khov.com/contentassets/5e8d008b4573438ab50f1b44ed58969f/5_mechanical_bedroom_21461806.jpg"", ""https://www.khov.com/contentassets/5e8d008b4573438ab50f1b44ed58969f/5_mechanical_interior_21461807.jpg"", ""https://www.khov.com/contentassets/5e8d008b4573438ab50f1b44ed58969f/5_mechanical_interior_21461808.jpg"", ""https://www.khov.com/contentassets/5e8d008b4573438ab50f1b44ed58969f/5_mechanical_interior_21461811.jpg""]"
https://www.khov.com/new-construction-homes/california/dixon/k-hovnanians-four-seasons-at-homestead/madera-310-cottonwood-path-0289/,,K Hovnanians Four Seasons At Homestead,38.440432,-121.851036,"310 Cottonwood Path, Dixon, CA, 95620",Dixon,CALIFORNIA,95620,,"Sunday: 11:00-18:00, Monday: 09:00-17:00, Tuesday: 09:00-17:00, Wednesday: 09:00-17:00, Thursday: 09:00-17:00, Friday: 09:00-17:00, Saturday: 09:00-17:00",707-348-0505,https://www.khov.com/,,K. Hovnanian Homes,single family,,,,Y,2,,Y,"The Club,Clubhouse Grounds,Gated Entry,Lobby,Dog Parks,Fitness Center,Pickleball Courts,Pool & Spa,Pool Cabana,Billiards & Card Room,Outdoor Exercise Area,Amphitheater,Bocce Ball Courts,Fire Pit & Patio,Outdoor Kitchen,Outdoor Seating Areas,Parks,Clubhouse Dining Area,Catering Kitchen,Yoga Deck",,"Well-equipped kitchen with center island for everyday prep Open great room designed for gathering, with seamless flow to the main living spaces Dedicated dining room ideal for hosting special occasions Private owner’s suite highlighted by an elegant ceiling treatment Owner’s bath offering dual vanities & walk-in closet Covered patio enhanced by a 12' multi-slide door for indoor-outdoor living Laundry room equipped with a utility sink for daily routines",,,,266.65,,,1.73,,,,,,Madera,2,2,2,0,1521,516364,2026-08-05,,,,,"Well-equipped kitchen with center island for everyday prep Open great room designed for gathering, with seamless flow to the main living spaces Dedicated dining room ideal for hosting special occasions Private owner’s suite highlighted by an elegant ceiling treatment Owner’s bath offering dual vanities & walk-in closet Covered patio enhanced by a 12' multi-slide door for indoor-outdoor living Laundry room equipped with a utility sink for daily routines",2,2,0,1,Garage,,2,1521,,516364,625470,526364,,,,,"[""https://www.khov.com/contentassets/d5f430f10e014840b551ba58ff3c6fb4/91170_Four_seasons_at_Homestead_Madera_Craftsman_YB_Elevation.jpg"", ""https://www.khov.com/contentassets/d5f430f10e014840b551ba58ff3c6fb4/5_framing_exterior_21461780.jpg"", ""https://www.khov.com/contentassets/d5f430f10e014840b551ba58ff3c6fb4/5_framing_exterior_21461781.jpg"", ""https://www.khov.com/contentassets/d5f430f10e014840b551ba58ff3c6fb4/5_framing_exterior_21461782.jpg""]"
https://www.khov.com/new-construction-homes/california/dixon/k-hovnanians-four-seasons-at-homestead/madera-325-cottonwood-path-0296/,,K Hovnanians Four Seasons At Homestead,38.440432,-121.851036,"325 Cottonwood Path, Dixon, CA, 95620",Dixon,CALIFORNIA,95620,,"Sunday: 11:00-18:00, Monday: 09:00-17:00, Tuesday: 09:00-17:00, Wednesday: 09:00-17:00, Thursday: 09:00-17:00, Friday: 09:00-17:00, Saturday: 09:00-17:00",707-348-0505,https://www.khov.com/,,K. Hovnanian Homes,single family,,,,Y,2,,Y,"The Club,Clubhouse Grounds,Gated Entry,Lobby,Dog Parks,Fitness Center,Pickleball Courts,Pool & Spa,Pool Cabana,Billiards & Card Room,Outdoor Exercise Area,Amphitheater,Bocce Ball Courts,Fire Pit & Patio,Outdoor Kitchen,Outdoor Seating Areas,Parks,Clubhouse Dining Area,Catering Kitchen,Yoga Deck",,Charming kitchen featuring designer cabinetry & center island Inviting great room with detailed ceiling treatment Formal dining room for special celebrations Lavish primary suite & bath featuring generous walk-in closet Private covered patio with 12' multi-slide door offers a peaceful retreat Dedicated laundry space with utility sink for everyday cleanup Functional 2-car garage provides convenient parking,,,,266.65,,,1.73,,,,,,Madera,2,2,2,0,1521,521074,2026-08-13,,,,,Charming kitchen featuring designer cabinetry & center island Inviting great room with detailed ceiling treatment Formal dining room for special celebrations Lavish primary suite & bath featuring generous walk-in closet Private covered patio with 12' multi-slide door offers a peaceful retreat Dedicated laundry space with utility sink for everyday cleanup Functional 2-car garage provides convenient parking,2,2,0,1,Garage,,2,1521,,521074,625470,528364,,,,,"[""https://www.khov.com/contentassets/ff60f8e379e349b8a9708fb2a8df0b1c/91168_Four_seasons_at_Homestead_Madera_Farmhouse_WB_Elevation.jpg"", ""https://www.khov.com/contentassets/ff60f8e379e349b8a9708fb2a8df0b1c/4_foundation_exterior_21372163.jpg"", ""https://www.khov.com/contentassets/ff60f8e379e349b8a9708fb2a8df0b1c/4_foundation_exterior_21372165.jpg"", ""https://www.khov.com/contentassets/ff60f8e379e349b8a9708fb2a8df0b1c/4_foundation_exterior_21372166.jpg""]"
https://www.khov.com/new-construction-homes/california/fowler/aspire-at-sunnyside/slate-1015-lucia-avenue-0057/,,Aspire At Sunnyside,36.6204695,-119.6871026999,"1015 Lucia Avenue, Fowler, CA, 93625",Fowler,CALIFORNIA,93625,,"Sunday: 11:00-17:00, Monday: 09:00-17:00, Tuesday: 09:00-17:00, Wednesday: 09:00-17:00, Thursday: 09:00-17:00, Friday: 09:00-17:00, Saturday: 09:00-17:00",559-234-4560,https://www.khov.com/,,K. Hovnanian Homes,single family,,,,Y,3,,Y,"Park,Playground",,Versatile den off foyer for leisure activities Chef-worthy kitchen with breakfast bar and designer cabinetry Beautiful great room & dining area for hosting celebrations Private owner's suite and bath with soaking tub & walk-in closet Second-floor loft for extra living space Outdoor covered patio for entertaining & relaxing Expansive yard for outdoor activities,,,,0,,,1.16,,,,,,Slate,3,4,2,1,2797,599990,,,,,,Versatile den off foyer for leisure activities Chef-worthy kitchen with breakfast bar and designer cabinetry Beautiful great room & dining area for hosting celebrations Private owner's suite and bath with soaking tub & walk-in closet Second-floor loft for extra living space Outdoor covered patio for entertaining & relaxing Expansive yard for outdoor activities,4,2,1,2,Garage,,3,2797,,599990,599990,614080,,,,,"[""https://www.khov.com/contentassets/4e4accfb55c94be1b00e8903e4bb0cc8/90084_Aspire_at_Sunnyside_Phase_II_Slate_American_Farmhouse_B_Elevation.jpg""]"
https://www.khov.com/new-construction-homes/california/friant/chaparral-ranch/aberdeen-8118-cottonwood-drive-0033/,,Chaparral Ranch,37.0022601,-119.7198390000,"8118 Cottonwood Drive, Friant, CA, 93626",Friant,CALIFORNIA,93626,,"Sunday: 11:00-17:00, Monday: 09:00-17:00, Tuesday: 09:00-17:00, Wednesday: 09:00-17:00, Thursday: 09:00-17:00, Friday: 09:00-17:00, Saturday: 09:00-17:00",559-377-6985,https://www.khov.com/,,K. Hovnanian Homes,single family,,,,Y,2,,Y,"Community Park,Resort-Style Pool",,"Soaring vaulted ceiling unites the kitchen, great room & dining area Chestnut Brown cabinetry & wall oven create an inviting & functional kitchen Quartz central island with matte black pendant lighting creates a striking focal point Primary suite features a ceiling treatment that adds architectural character Primary bath includes dual sinks & a freestanding soaking tub Spacious walk-in closet enhances the primary suite HovHub adds additional flex-space",,,,116,,,1.25,,,,,,Aberdeen,2,3,2,0,1925,527990,2026-07-21,,,,,"Soaring vaulted ceiling unites the kitchen, great room & dining area Chestnut Brown cabinetry & wall oven create an inviting & functional kitchen Quartz central island with matte black pendant lighting creates a striking focal point Primary suite features a ceiling treatment that adds architectural character Primary bath includes dual sinks & a freestanding soaking tub Spacious walk-in closet enhances the primary suite HovHub adds additional flex-space",3,2,0,1,Garage,,2,1925,,527990,527990,542530,,,,,"[""https://www.khov.com/contentassets/77eddc1fe2814c2da0bb01a593aaa8f5/181265_Chaparral_Ranch_Aberdeen_Mediterranean_VC.jpg"", ""https://www.khov.com/contentassets/77eddc1fe2814c2da0bb01a593aaa8f5/186032_chaparral-ranch_aberdeen_kitchen_farmhouse_palette-5_level-1_traditional---farmhouse.jpg"", ""https://www.khov.com/contentassets/77eddc1fe2814c2da0bb01a593aaa8f5/186033_chaparral-ranch_aberdeen_kitchen_farmhouse_palette-5_level-1_traditional---farmhouse.jpg"", ""https://www.khov.com/contentassets/77eddc1fe2814c2da0bb01a593aaa8f5/186018_chaparral-ranch_aberdeen_primary-bath_farmhouse_palette-5_level-1_traditional---farmhouse.jpg"", ""https://www.khov.com/contentassets/77eddc1fe2814c2da0bb01a593aaa8f5/186034_chaparral-ranch_aberdeen_primary-bath_farmhouse_palette-5_level-1_traditional---farmhouse.jpg"", ""https://www.khov.com/contentassets/77eddc1fe2814c2da0bb01a593aaa8f5/186031_chaparral-ranch_aberdeen_great-room_farmhouse_palette-5_level-1_traditional---farmhouse.jpg"", ""https://www.khov.com/contentassets/77eddc1fe2814c2da0bb01a593aaa8f5/186028_chaparral-ranch_aberdeen_dining-area_farmhouse_palette-5_level-1_traditional---farmhouse.jpg"", ""https://www.khov.com/contentassets/77eddc1fe2814c2da0bb01a593aaa8f5/186029_chaparral-ranch_aberdeen_dining-area_farmhouse_palette-5_level-1_traditional---farmhouse.jpg"", ""https://www.khov.com/contentassets/77eddc1fe2814c2da0bb01a593aaa8f5/186022_chaparral-ranch_aberdeen_primary-suite_farmhouse_palette-5_level-1_traditional---farmhouse.jpg"", ""https://www.khov.com/contentassets/77eddc1fe2814c2da0bb01a593aaa8f5/186023_chaparral-ranch_aberdeen_primary-suite_farmhouse_palette-5_level-1_traditional---farmhouse.jpg"", ""https://www.khov.com/contentassets/77eddc1fe2814c2da0bb01a593aaa8f5/186026_chaparral-ranch_aberdeen_bedroom-2_farmhouse_palette-5_level-1_traditional---farmhouse.jpg"", ""https://www.khov.com/contentassets/77eddc1fe2814c2da0bb01a593aaa8f5/186027_chaparral-ranch_aberdeen_bedroom-2_farmhouse_palette-5_level-1_traditional---farmhouse.jpg"", ""https://www.khov.com/contentassets/77eddc1fe2814c2da0bb01a593aaa8f5/4_framing_exterior_21400010.jpg""]"
https://www.khov.com/new-construction-homes/california/friant/chaparral-ranch/amadora-8085-cottonwood-drive-0061/,,Chaparral Ranch,37.0022601,-119.7198390000,"8085 Cottonwood Drive, Friant, CA, 93626",Friant,CALIFORNIA,93626,,"Sunday: 11:00-17:00, Monday: 09:00-17:00, Tuesday: 09:00-17:00, Wednesday: 09:00-17:00, Thursday: 09:00-17:00, Friday: 09:00-17:00, Saturday: 09:00-17:00",559-377-6985,https://www.khov.com/,,K. Hovnanian Homes,single family,,,,Y,2,,Y,"Community Park,Resort-Style Pool",,"Charming home office just off the foyer for working from home Great room, dining area & kitchen under high vaulted ceiling Breathtaking kitchen with Ash Grey cabinets & quartz countertops Private primary suite enhanced by elegant ceiling treatment Elegant primary bath features freestanding tub & vanity Expansive walk-in closet in primary suite Two-car garage with space for parking & storage",,,,116,,,1.25,,,,,,Amadora,2,3,2,0,2126,514990,,,,,,"Charming home office just off the foyer for working from home Great room, dining area & kitchen under high vaulted ceiling Breathtaking kitchen with Ash Grey cabinets & quartz countertops Private primary suite enhanced by elegant ceiling treatment Elegant primary bath features freestanding tub & vanity Expansive walk-in closet in primary suite Two-car garage with space for parking & storage",3,2,0,1,Garage,,2,2126,,514990,718990,,,,,,"[""https://www.khov.com/contentassets/9a341e642ff2495f854e58f2ecc62fb7/181268_Chaparral_Ranch_Amadora_Mediterranean_VC.jpg"", ""https://www.khov.com/contentassets/9a341e642ff2495f854e58f2ecc62fb7/160445_Tacoma_Kitchen_Loft_Palette_1_Level_2_Neutral_Loft.jpg"", ""https://www.khov.com/contentassets/9a341e642ff2495f854e58f2ecc62fb7/160448_Tacoma_Primary_Bath_Plus_Tub_Loft_Palette_1_Level_2_Neutral_Loft.jpg""]"
https://www.khov.com/new-construction-homes/california/friant/chaparral-ranch/amadora-8133-cottonwood-drive-0064/,,Chaparral Ranch,37.0022601,-119.7198390000,"8133 Cottonwood Drive, Friant, CA, 93626",Friant,CALIFORNIA,93626,,"Sunday: 11:00-17:00, Monday: 09:00-17:00, Tuesday: 09:00-17:00, Wednesday: 09:00-17:00, Thursday: 09:00-17:00, Friday: 09:00-17:00, Saturday: 09:00-17:00",559-377-6985,https://www.khov.com/,,K. Hovnanian Homes,single family,,,,Y,2,,Y,"Community Park,Resort-Style Pool",,"Home office with sliding barn doors creates a defined, private workspace Vaulted ceiling unifies the kitchen, great room & dining area with an open, airy feel Ash Grey cabinetry & a wall oven give the kitchen a clean, contemporary look Dual 12' multi-slide doors extend the main living areas to a spacious covered patio Primary bath includes dual sinks & a freestanding soaking tub 2-car garage provides everyday parking & storage",,,,116,,,1.25,,,,,,Amadora,2,3,2,0,2126,581990,2026-07-22,,,,,"Home office with sliding barn doors creates a defined, private workspace Vaulted ceiling unifies the kitchen, great room & dining area with an open, airy feel Ash Grey cabinetry & a wall oven give the kitchen a clean, contemporary look Dual 12' multi-slide doors extend the main living areas to a spacious covered patio Primary bath includes dual sinks & a freestanding soaking tub 2-car garage provides everyday parking & storage",3,2,0,1,Garage,,2,2126,,581990,718990,582120,,,,,"[""https://www.khov.com/contentassets/a5eea000f35d4f68ac5fd6046309edf8/181267_Chaparral_Ranch_Amadora_Farmhouse_WC.jpg"", ""https://www.khov.com/contentassets/a5eea000f35d4f68ac5fd6046309edf8/185855_Chaparral_Ranch_Aberdeen_Kitchen_Classic_Palette_1_Level_1_Coastal_Classic.jpg"", ""https://www.khov.com/contentassets/a5eea000f35d4f68ac5fd6046309edf8/185863_Chaparral_Ranch_Aberdeen_Primary_Bath_Classic_Palette_1_Level_1_Coastal_Classic.jpg"", ""https://www.khov.com/contentassets/a5eea000f35d4f68ac5fd6046309edf8/185871_Chaparral_Ranch_Aberdeen_Primary_Bath_Plus_Tub_Classic_Palette_1_Level_1_Coastal_Classic.jpg"", ""https://www.khov.com/contentassets/a5eea000f35d4f68ac5fd6046309edf8/4_foundation_exterior_21400001.jpg"", ""https://www.khov.com/contentassets/a5eea000f35d4f68ac5fd6046309edf8/4_foundation_exterior_21400002.jpg"", ""https://www.khov.com/contentassets/a5eea000f35d4f68ac5fd6046309edf8/4_foundation_exterior_21400004.jpg""]"
https://www.khov.com/new-construction-homes/california/friant/chaparral-ranch/annapolis-8080-canyon-ridge-drive-0027/,,Chaparral Ranch,37.0022601,-119.7198390000,"8080 Canyon Ridge Drive, Friant, CA, 93626",Friant,CALIFORNIA,93626,,"Sunday: 11:00-17:00, Monday: 09:00-17:00, Tuesday: 09:00-17:00, Wednesday: 09:00-17:00, Thursday: 09:00-17:00, Friday: 09:00-17:00, Saturday: 09:00-17:00",559-377-6985,https://www.khov.com/,,K. Hovnanian Homes,single family,,,,Y,3,,Y,"Community Park,Resort-Style Pool",,Home office off the foyer for leisure activities Beautiful great room enhanced with a ceiling treatment Kitchen with glass stacked-front cabinetry in gray for modern touch Window-lined dining area opens to covered patio Primary suite with dual walk-in closets Stunning spa-like primary bath with daul vanities & freestanding tub Study tucked away with access to bedrooms & 1 car garage,,,,116,,,1.25,,,,,,Annapolis,3,3,2,1,2621,639990,2026-05-07,,,,,Home office off the foyer for leisure activities Beautiful great room enhanced with a ceiling treatment Kitchen with glass stacked-front cabinetry in gray for modern touch Window-lined dining area opens to covered patio Primary suite with dual walk-in closets Stunning spa-like primary bath with daul vanities & freestanding tub Study tucked away with access to bedrooms & 1 car garage,3,2,1,1,Garage,,3,2621,,639990,639990,669070,,,,,"[""https://www.khov.com/contentassets/111dabcae3e84e3fb160fe8d25c862eb/181270_Chaparral_Ranch_Annapolis_Farmhouse_WC.jpg"", ""https://www.khov.com/contentassets/111dabcae3e84e3fb160fe8d25c862eb/160369_Tacoma_Kitchen_Classic_Palette_1_Level_2_Restoration_Classic.jpg"", ""https://www.khov.com/contentassets/111dabcae3e84e3fb160fe8d25c862eb/160373_Tacoma_Primary_Bath_Tub_Classic_Palette_1_Level_2_Restoration_Classic.jpg"", ""https://www.khov.com/contentassets/111dabcae3e84e3fb160fe8d25c862eb/4_int.-finish_exterior_21400223.jpg"", ""https://www.khov.com/contentassets/111dabcae3e84e3fb160fe8d25c862eb/4_int.-finish_exterior_21400225.jpg"", ""https://www.khov.com/contentassets/111dabcae3e84e3fb160fe8d25c862eb/4_int.-finish_interior_21400226.jpg""]"
https://www.khov.com/new-construction-homes/california/friant/chaparral-ranch/belfast-esp-8082-cottonwood-drive-0035/,,Chaparral Ranch,37.0022601,-119.7198390000,"8082 Cottonwood Drive, Friant, CA, 93626",Friant,CALIFORNIA,93626,,"Sunday: 11:00-17:00, Monday: 09:00-17:00, Tuesday: 09:00-17:00, Wednesday: 09:00-17:00, Thursday: 09:00-17:00, Friday: 09:00-17:00, Saturday: 09:00-17:00",559-377-6985,https://www.khov.com/,,K. Hovnanian Homes,single family,,,,Y,2,,Y,"Community Park,Resort-Style Pool",,Extra Suite Plus with kitchenette and porch entry Kitchen with Ash Grey cabinetry & center island Dining area & great room connected by seamless vaulted ceiling Elegant primary suite includes stunning ceiling detail Primary bath with polished freestanding tub & dual sinks Attached 2-car garage for vehicles and storage Great location on the preserve,,,,116,,,1.25,,,,,,Belfast ESP,2,4,3,0,2406,568990,2026-05-06,,,,,Extra Suite Plus with kitchenette and porch entry Kitchen with Ash Grey cabinetry & center island Dining area & great room connected by seamless vaulted ceiling Elegant primary suite includes stunning ceiling detail Primary bath with polished freestanding tub & dual sinks Attached 2-car garage for vehicles and storage Great location on the preserve,4,3,0,1,Garage,,2,2406,,568990,718990,633630,,,,,"[""https://www.khov.com/contentassets/f1a216a2d3ef48028c4430f432d57da5/181258_Chaparral_Ranch_Belfast_ESP_Farmhouse_WC.jpg"", ""https://www.khov.com/contentassets/f1a216a2d3ef48028c4430f432d57da5/185848_Chaparral_Ranch_Aberdeen_Kitchen_Loft_Palette_1_Level_1_Black_and_White_Loft.jpg"", ""https://www.khov.com/contentassets/f1a216a2d3ef48028c4430f432d57da5/185835_Chaparral_Ranch_Aberdeen_Primary_Bath_Tub_Loft_Palette_1_Level_1_Black_and_White_Loft.jpg"", ""https://www.khov.com/contentassets/f1a216a2d3ef48028c4430f432d57da5/185813_Chaparral_Ranch_Aberdeen_Primary_Bath_Loft_Palette_1_Level_1_Black_and_White_Loft.jpg""]"
https://www.khov.com/new-construction-homes/california/friant/chaparral-ranch/belfast-esp-8111-cottonwood-drive-0063/,,Chaparral Ranch,37.0022601,-119.7198390000,"8111 Cottonwood Drive, Friant, CA, 93626",Friant,CALIFORNIA,93626,,"Sunday: 11:00-17:00, Monday: 09:00-17:00, Tuesday: 09:00-17:00, Wednesday: 09:00-17:00, Thursday: 09:00-17:00, Friday: 09:00-17:00, Saturday: 09:00-17:00",559-377-6985,https://www.khov.com/,,K. Hovnanian Homes,single family,,,,Y,2,,Y,"Community Park,Resort-Style Pool",,"Extra Suite Plus with a private full bath & living room with kitchenette offers a comfortable secondary living area Kitchen, dining area & great room come together beneath a soaring vaulted ceiling Chestnut Brown cabinetry & a quartz central island give the kitchen a warm, tailored look 15' multi-slide door extends the main living space to the covered patio Primary bath includes a freestanding soaking tub for relaxing evenings 2-car garage supports daily convenience & storage needs",,,,116,,,1.25,,,,,,Belfast ESP,2,4,3,0,2406,568990,2026-07-21,,,,,"Extra Suite Plus with a private full bath & living room with kitchenette offers a comfortable secondary living area Kitchen, dining area & great room come together beneath a soaring vaulted ceiling Chestnut Brown cabinetry & a quartz central island give the kitchen a warm, tailored look 15' multi-slide door extends the main living space to the covered patio Primary bath includes a freestanding soaking tub for relaxing evenings 2-car garage supports daily convenience & storage needs",4,3,0,1,Garage,,2,2406,,568990,718990,614480,,,,,"[""https://www.khov.com/contentassets/b9b20717bdcb4f5ca25817c02d9a614a/181257_Chaparral_Ranch_Belfast_ESP_Contemporary_ZC.jpg"", ""https://www.khov.com/contentassets/b9b20717bdcb4f5ca25817c02d9a614a/185852_Chaparral_Ranch_Aberdeen_Kitchen_Loft_Palette_5_Level_1_Black_and_White_Loft.jpg"", ""https://www.khov.com/contentassets/b9b20717bdcb4f5ca25817c02d9a614a/185817_Chaparral_Ranch_Aberdeen_Primary_Bath_Loft_Palette_5_Level_1_Black_and_White_Loft.jpg"", ""https://www.khov.com/contentassets/b9b20717bdcb4f5ca25817c02d9a614a/185843_Chaparral_Ranch_Aberdeen_Primary_Bath_Tub_Loft_Palette_5_Level_1_Black_and_White_Loft.jpg"", ""https://www.khov.com/contentassets/b9b20717bdcb4f5ca25817c02d9a614a/4_foundation_exterior_21400003.jpg"", ""https://www.khov.com/contentassets/b9b20717bdcb4f5ca25817c02d9a614a/4_foundation_exterior_21400005.jpg"", ""https://www.khov.com/contentassets/b9b20717bdcb4f5ca25817c02d9a614a/4_foundation_exterior_21400007.jpg""]"
https://www.khov.com/new-construction-homes/california/friant/chaparral-ranch/belfast-esp-8128-cottonwood-drive-0032/,,Chaparral Ranch,37.0022601,-119.7198390000,"8128 Cottonwood Drive, Friant, CA, 93626",Friant,CALIFORNIA,93626,,"Sunday: 11:00-17:00, Monday: 09:00-17:00, Tuesday: 09:00-17:00, Wednesday: 09:00-17:00, Thursday: 09:00-17:00, Friday: 09:00-17:00, Saturday: 09:00-17:00",559-377-6985,https://www.khov.com/,,K. Hovnanian Homes,single family,,,,Y,2,,Y,"Community Park,Resort-Style Pool",,"Extra Suite Plus with a private full bath & living room with kitchenette creates a welcoming space for guests Soaring vaulted ceiling brings volume & openness to the kitchen, dining area & great room Ash Grey cabinetry gives the kitchen a sleek, modern presence Spacious quartz central island supports prep, serving & everyday gathering Primary bath features a freestanding soaking tub for a spa-inspired feel 2-car garage provides everyday parking & storage",,,,116,,,1.25,,,,,,Belfast ESP,2,4,3,0,2406,588990,2026-07-20,,,,,"Extra Suite Plus with a private full bath & living room with kitchenette creates a welcoming space for guests Soaring vaulted ceiling brings volume & openness to the kitchen, dining area & great room Ash Grey cabinetry gives the kitchen a sleek, modern presence Spacious quartz central island supports prep, serving & everyday gathering Primary bath features a freestanding soaking tub for a spa-inspired feel 2-car garage provides everyday parking & storage",4,3,0,1,Garage,,2,2406,,588990,718990,603650,,,,,"[""https://www.khov.com/contentassets/c4de092fd14548539eea8da7ffdf44d3/181257_Chaparral_Ranch_Belfast_ESP_Contemporary_ZC.jpg"", ""https://www.khov.com/contentassets/c4de092fd14548539eea8da7ffdf44d3/185848_Chaparral_Ranch_Aberdeen_Kitchen_Loft_Palette_1_Level_1_Black_and_White_Loft.jpg"", ""https://www.khov.com/contentassets/c4de092fd14548539eea8da7ffdf44d3/185813_Chaparral_Ranch_Aberdeen_Primary_Bath_Loft_Palette_1_Level_1_Black_and_White_Loft.jpg"", ""https://www.khov.com/contentassets/c4de092fd14548539eea8da7ffdf44d3/185821_Chaparral_Ranch_Aberdeen_Primary_Bath_Plus_Tub_Loft_Palette_1_Level_1_Black_and_White_Loft.jpg"", ""https://www.khov.com/contentassets/c4de092fd14548539eea8da7ffdf44d3/4_framing_exterior_21400011.jpg"", ""https://www.khov.com/contentassets/c4de092fd14548539eea8da7ffdf44d3/4_framing_exterior_21400012.jpg"", ""https://www.khov.com/contentassets/c4de092fd14548539eea8da7ffdf44d3/4_framing_exterior_21400014.jpg"", ""https://www.khov.com/contentassets/c4de092fd14548539eea8da7ffdf44d3/4_framing_exterior_21400015.jpg"", ""https://www.khov.com/contentassets/c4de092fd14548539eea8da7ffdf44d3/4_framing_exterior_21400016.jpg""]"
https://www.khov.com/new-construction-homes/california/friant/chaparral-ranch/amadora-8105-cottonwood-drive-0062/,,Chaparral Ranch,37.0022601,-119.7198390000,"8105 Cottonwood Drive, Friant, CA, 93626",Friant,CALIFORNIA,93626,,"Sunday: 11:00-17:00, Monday: 09:00-17:00, Tuesday: 09:00-17:00, Wednesday: 09:00-17:00, Thursday: 09:00-17:00, Friday: 09:00-17:00, Saturday: 09:00-17:00",559-377-6985,https://www.khov.com/,,K. Hovnanian Homes,single family,,,,Y,2,,Y,"Community Park,Resort-Style Pool",,"Private home office just off the foyer for leisure activities Great room, dining area & kitchen connected with high vaulted ceiling Polished kitchen with Birch White cabinets & pendant lights Chef-worthy quartz island perfect for prep & dining Private primary suite with ceiling treatment Stunning primary bath features freestanding tub & dual sinks Expansive walk-in closet in primary suite Two-car garage with space for parking & storage",,,,116,,,1.25,,,,,,Amadora,2,3,2,0,2126,518990,,,,,,"Private home office just off the foyer for leisure activities Great room, dining area & kitchen connected with high vaulted ceiling Polished kitchen with Birch White cabinets & pendant lights Chef-worthy quartz island perfect for prep & dining Private primary suite with ceiling treatment Stunning primary bath features freestanding tub & dual sinks Expansive walk-in closet in primary suite Two-car garage with space for parking & storage",3,2,0,1,Garage,,2,2126,,518990,718990,,,,,,"[""https://www.khov.com/contentassets/27badb3dfb9649b8a88887dd6a209f26/backyard.jpg"", ""https://www.khov.com/contentassets/27badb3dfb9649b8a88887dd6a209f26/back-exterior.jpg"", ""https://www.khov.com/contentassets/27badb3dfb9649b8a88887dd6a209f26/back-exterior2.jpg"", ""https://www.khov.com/contentassets/27badb3dfb9649b8a88887dd6a209f26/contemporary-exterior.jpg"", ""https://www.khov.com/contentassets/27badb3dfb9649b8a88887dd6a209f26/exterior---contemporary.jpg"", ""https://www.khov.com/contentassets/27badb3dfb9649b8a88887dd6a209f26/home-exterior---contemporary.jpg"", ""https://www.khov.com/contentassets/27badb3dfb9649b8a88887dd6a209f26/kitchen.jpg"", ""https://www.khov.com/contentassets/27badb3dfb9649b8a88887dd6a209f26/kitchen3.jpg"", ""https://www.khov.com/contentassets/27badb3dfb9649b8a88887dd6a209f26/kitchen4.jpg"", ""https://www.khov.com/contentassets/27badb3dfb9649b8a88887dd6a209f26/kitchen5.jpg"", ""https://www.khov.com/contentassets/27badb3dfb9649b8a88887dd6a209f26/great-room.jpg"", ""https://www.khov.com/contentassets/27badb3dfb9649b8a88887dd6a209f26/great-room2.jpg"", ""https://www.khov.com/contentassets/27badb3dfb9649b8a88887dd6a209f26/great-room3.jpg"", ""https://www.khov.com/contentassets/27badb3dfb9649b8a88887dd6a209f26/great-room4.jpg"", ""https://www.khov.com/contentassets/27badb3dfb9649b8a88887dd6a209f26/dining-area.jpg"", ""https://www.khov.com/contentassets/27badb3dfb9649b8a88887dd6a209f26/dining-room.jpg"", ""https://www.khov.com/contentassets/27badb3dfb9649b8a88887dd6a209f26/primary-suite.jpg"", ""https://www.khov.com/contentassets/27badb3dfb9649b8a88887dd6a209f26/primary-suite2.jpg"", ""https://www.khov.com/contentassets/27badb3dfb9649b8a88887dd6a209f26/primary-walk-in-closet.jpg"", ""https://www.khov.com/contentassets/27badb3dfb9649b8a88887dd6a209f26/home-office.jpg"", ""https://www.khov.com/contentassets/27badb3dfb9649b8a88887dd6a209f26/bedroom2.jpg"", ""https://www.khov.com/contentassets/27badb3dfb9649b8a88887dd6a209f26/bedroom-3.jpg"", ""https://www.khov.com/contentassets/27badb3dfb9649b8a88887dd6a209f26/hall-bath.jpg"", ""https://www.khov.com/contentassets/27badb3dfb9649b8a88887dd6a209f26/laundry-room.jpg""]"
https://www.khov.com/new-construction-homes/california/friant/chaparral-ranch/belfast-esp-8147-cottonwood-drive-0065/,,Chaparral Ranch,37.0022601,-119.7198390000,"8147 Cottonwood Drive, Friant, CA, 93626",Friant,CALIFORNIA,93626,,"Sunday: 11:00-17:00, Monday: 09:00-17:00, Tuesday: 09:00-17:00, Wednesday: 09:00-17:00, Thursday: 09:00-17:00, Friday: 09:00-17:00, Saturday: 09:00-17:00",559-377-6985,https://www.khov.com/,,K. Hovnanian Homes,single family,,,,Y,2,,Y,"Community Park,Resort-Style Pool",,"Extra Suite Plus with a private full bath & living room with kitchenette provides a flexible living option Vaulted ceiling creates an open atmosphere across the kitchen, dining area & great room Stacked Ash Grey cabinetry with glass-front uppers adds depth & visual interest to the kitchen Quartz central island serves as a natural hub for prep & casual meals Primary bath showcases a freestanding soaking tub for a refined retreat 2-car garage delivers practical parking & storage",,,,116,,,1.25,,,,,,Belfast ESP,2,4,3,0,2406,590990,2026-07-22,,,,,"Extra Suite Plus with a private full bath & living room with kitchenette provides a flexible living option Vaulted ceiling creates an open atmosphere across the kitchen, dining area & great room Stacked Ash Grey cabinetry with glass-front uppers adds depth & visual interest to the kitchen Quartz central island serves as a natural hub for prep & casual meals Primary bath showcases a freestanding soaking tub for a refined retreat 2-car garage delivers practical parking & storage",4,3,0,1,Garage,,2,2406,,590990,718990,590990,,,,,"[""https://www.khov.com/contentassets/5bc85c0fe2ad4dd1a0133970f8d54023/181258_Chaparral_Ranch_Belfast_ESP_Farmhouse_WC.jpg"", ""https://www.khov.com/contentassets/5bc85c0fe2ad4dd1a0133970f8d54023/185855_Chaparral_Ranch_Aberdeen_Kitchen_Classic_Palette_1_Level_1_Coastal_Classic.jpg"", ""https://www.khov.com/contentassets/5bc85c0fe2ad4dd1a0133970f8d54023/185863_Chaparral_Ranch_Aberdeen_Primary_Bath_Classic_Palette_1_Level_1_Coastal_Classic.jpg"", ""https://www.khov.com/contentassets/5bc85c0fe2ad4dd1a0133970f8d54023/185872_Chaparral_Ranch_Aberdeen_Primary_Bath_Tub_Classic_Palette_1_Level_1_Coastal_Classic.jpg"", ""https://www.khov.com/contentassets/5bc85c0fe2ad4dd1a0133970f8d54023/4_foundation_exterior_21399998.jpg"", ""https://www.khov.com/contentassets/5bc85c0fe2ad4dd1a0133970f8d54023/4_foundation_exterior_21399999.jpg"", ""https://www.khov.com/contentassets/5bc85c0fe2ad4dd1a0133970f8d54023/4_foundation_exterior_21400000.jpg""]"
https://www.khov.com/new-construction-homes/california/friant/chaparral-ranch/geneva-esp-8110-canyon-ridge-drive-0026/,,Chaparral Ranch,37.0022601,-119.7198390000,"8110 Canyon Ridge Drive, Friant, CA, 93626",Friant,CALIFORNIA,93626,,"Sunday: 11:00-17:00, Monday: 09:00-17:00, Tuesday: 09:00-17:00, Wednesday: 09:00-17:00, Thursday: 09:00-17:00, Friday: 09:00-17:00, Saturday: 09:00-17:00",559-377-6985,https://www.khov.com/,,K. Hovnanian Homes,single family,,,,Y,3,,Y,"Community Park,Resort-Style Pool",,"Home office and media room just off the foyer Extra Suite Plus with private bath, living room & kitchenette Great room and dining area highlighted by vaulted ceiling Covered patio extends living space outdoors Kitchen with grey cabinetry & decorative floating shelves Primary suite with elegant ceiling treatment Primary bath with dual freestanding vanities",,,,116,,,1.25,,,,,,Geneva ESP,3,4,3,1,2747,684990,2026-05-06,,,,,"Home office and media room just off the foyer Extra Suite Plus with private bath, living room & kitchenette Great room and dining area highlighted by vaulted ceiling Covered patio extends living space outdoors Kitchen with grey cabinetry & decorative floating shelves Primary suite with elegant ceiling treatment Primary bath with dual freestanding vanities",4,3,1,1,Garage,,3,2747,,684990,718990,707270,,,,,"[""https://www.khov.com/contentassets/8908972b1f3f4dad8206396e459054f7/181262_Chaparral_Ranch_Geneva_ESP_Mediterranean_VV.jpg"", ""https://www.khov.com/contentassets/8908972b1f3f4dad8206396e459054f7/160357_Tacoma_Kitchen_Loft_Palette_4_Level_2_Neutral_Loft.jpg"", ""https://www.khov.com/contentassets/8908972b1f3f4dad8206396e459054f7/160360_Tacoma_Primary_Bath_Plus_Loft_Palette_5_Level_2_Neutral_Loft.jpg"", ""https://www.khov.com/contentassets/8908972b1f3f4dad8206396e459054f7/4_int.-finish_exterior_21400146.jpg"", ""https://www.khov.com/contentassets/8908972b1f3f4dad8206396e459054f7/4_int.-finish_exterior_21400149.jpg"", ""https://www.khov.com/contentassets/8908972b1f3f4dad8206396e459054f7/4_int.-finish_exterior_21400151.jpg"", ""https://www.khov.com/contentassets/8908972b1f3f4dad8206396e459054f7/4_int.-finish_bathroom_21400152.jpg"", ""https://www.khov.com/contentassets/8908972b1f3f4dad8206396e459054f7/4_int.-finish_bedroom_21400155.jpg"", ""https://www.khov.com/contentassets/8908972b1f3f4dad8206396e459054f7/4_int.-finish_interior_21400158.jpg"", ""https://www.khov.com/contentassets/8908972b1f3f4dad8206396e459054f7/4_int.-finish_bedroom_21400160.jpg"", ""https://www.khov.com/contentassets/8908972b1f3f4dad8206396e459054f7/4_int.-finish_interior_21400162.jpg"", ""https://www.khov.com/contentassets/8908972b1f3f4dad8206396e459054f7/4_int.-finish_interior_21400164.jpg"", ""https://www.khov.com/contentassets/8908972b1f3f4dad8206396e459054f7/4_int.-finish_interior_21400166.jpg""]"
https://www.khov.com/new-construction-homes/california/friant/chaparral-ranch/geneva-esp-8127-canyon-ridge-drive-0005/,,Chaparral Ranch,37.0022601,-119.7198390000,"8127 Canyon Ridge Drive, Friant, CA, 93626",Friant,CALIFORNIA,93626,,"Sunday: 11:00-17:00, Monday: 09:00-17:00, Tuesday: 09:00-17:00, Wednesday: 09:00-17:00, Thursday: 09:00-17:00, Friday: 09:00-17:00, Saturday: 09:00-17:00",559-377-6985,https://www.khov.com/,,K. Hovnanian Homes,single family,,,,Y,3,,Y,"Community Park,Resort-Style Pool",,Secluded Extra Suite Plus for multigenerational families Sleek kitchen featuring Ash Grey cabinetry & quartz countertops Connected great room & dining area with striking vaulted ceiling Lavish primary suite featuring stylish ceiling treatment & walk-in closet Polished primary bath with freestanding tub & chrome finishes Inviting covered patio featuring 12' multi-slide door Attached 3-car tandem garage provides convenient parking,,,,116,,,1.25,,,,,,Geneva ESP,3,4,3,1,2747,718990,2026-06-09,,,,,Secluded Extra Suite Plus for multigenerational families Sleek kitchen featuring Ash Grey cabinetry & quartz countertops Connected great room & dining area with striking vaulted ceiling Lavish primary suite featuring stylish ceiling treatment & walk-in closet Polished primary bath with freestanding tub & chrome finishes Inviting covered patio featuring 12' multi-slide door Attached 3-car tandem garage provides convenient parking,4,3,1,1,Garage,,3,2747,,718990,718990,719630,,,,,"[""https://www.khov.com/contentassets/ecdc3b9d41cd401e829e2c58057cf3b4/181260_Chaparral_Ranch_Geneva_ESP_Contemporary_ZC.jpg"", ""https://www.khov.com/contentassets/ecdc3b9d41cd401e829e2c58057cf3b4/160445_Tacoma_Kitchen_Loft_Palette_1_Level_2_Neutral_Loft.jpg"", ""https://www.khov.com/contentassets/ecdc3b9d41cd401e829e2c58057cf3b4/160448_Tacoma_Primary_Bath_Plus_Tub_Loft_Palette_1_Level_2_Neutral_Loft.jpg"", ""https://www.khov.com/contentassets/ecdc3b9d41cd401e829e2c58057cf3b4/4_mechanical_exterior_21400017.jpg"", ""https://www.khov.com/contentassets/ecdc3b9d41cd401e829e2c58057cf3b4/4_mechanical_exterior_21400018.jpg"", ""https://www.khov.com/contentassets/ecdc3b9d41cd401e829e2c58057cf3b4/4_mechanical_exterior_21400019.jpg"", ""https://www.khov.com/contentassets/ecdc3b9d41cd401e829e2c58057cf3b4/4_mechanical_interior_21400021.jpg"", ""https://www.khov.com/contentassets/ecdc3b9d41cd401e829e2c58057cf3b4/4_mechanical_interior_21400024.jpg"", ""https://www.khov.com/contentassets/ecdc3b9d41cd401e829e2c58057cf3b4/4_mechanical_interior_21400026.jpg"", ""https://www.khov.com/contentassets/ecdc3b9d41cd401e829e2c58057cf3b4/4_mechanical_interior_21400027.jpg"", ""https://www.khov.com/contentassets/ecdc3b9d41cd401e829e2c58057cf3b4/4_mechanical_interior_21400028.jpg"", ""https://www.khov.com/contentassets/ecdc3b9d41cd401e829e2c58057cf3b4/4_mechanical_interior_21400032.jpg"", ""https://www.khov.com/contentassets/ecdc3b9d41cd401e829e2c58057cf3b4/4_mechanical_interior_21400033.jpg""]"
https://www.khov.com/new-construction-homes/california/friant/chaparral-ranch/geneva-esp-8162-canyon-ridge-drive-0024/,,Chaparral Ranch,37.0022601,-119.7198390000,"8162 Canyon Ridge Drive, Friant, CA, 93626",Friant,CALIFORNIA,93626,,"Sunday: 11:00-17:00, Monday: 09:00-17:00, Tuesday: 09:00-17:00, Wednesday: 09:00-17:00, Thursday: 09:00-17:00, Friday: 09:00-17:00, Saturday: 09:00-17:00",559-377-6985,https://www.khov.com/,,K. Hovnanian Homes,single family,,,,Y,3,,Y,"Community Park,Resort-Style Pool",,Private Extra Suite Plus with convenient kitchenette Efficient kitchen featuring Chestnut Brown cabinetry & chrome finishes Open concept living spaces featuring beautiful vaulted ceiling Peaceful primary suite & bath with freestanding tub Versatile media room perfect for family movie nights Functional home office for working remotely Inviting covered patio for rest & relaxation,,,,116,,,1.25,,,,,,Geneva ESP,3,4,3,1,2747,705990,2026-06-09,,,,,Private Extra Suite Plus with convenient kitchenette Efficient kitchen featuring Chestnut Brown cabinetry & chrome finishes Open concept living spaces featuring beautiful vaulted ceiling Peaceful primary suite & bath with freestanding tub Versatile media room perfect for family movie nights Functional home office for working remotely Inviting covered patio for rest & relaxation,4,3,1,1,Garage,,3,2747,,705990,718990,705590,,,,,"[""https://www.khov.com/contentassets/a6c822704f05410bb2185ace6f55001a/181260_Chaparral_Ranch_Geneva_ESP_Contemporary_ZC.jpg"", ""https://www.khov.com/contentassets/a6c822704f05410bb2185ace6f55001a/160358_Tacoma_Kitchen_Loft_Palette_5_Level_2_Neutral_Loft.jpg"", ""https://www.khov.com/contentassets/a6c822704f05410bb2185ace6f55001a/160361_Tacoma_Primary_Bath_Plus_Tub_Loft_Palette_5_Level_2_Neutral_Loft.jpg"", ""https://www.khov.com/contentassets/a6c822704f05410bb2185ace6f55001a/4_mechanical_exterior_21400104.jpg"", ""https://www.khov.com/contentassets/a6c822704f05410bb2185ace6f55001a/4_mechanical_interior_21400106.jpg"", ""https://www.khov.com/contentassets/a6c822704f05410bb2185ace6f55001a/4_mechanical_exterior_21400107.jpg"", ""https://www.khov.com/contentassets/a6c822704f05410bb2185ace6f55001a/4_mechanical_interior_21400108.jpg"", ""https://www.khov.com/contentassets/a6c822704f05410bb2185ace6f55001a/4_mechanical_interior_21400109.jpg"", ""https://www.khov.com/contentassets/a6c822704f05410bb2185ace6f55001a/4_mechanical_interior_21400110.jpg"", ""https://www.khov.com/contentassets/a6c822704f05410bb2185ace6f55001a/4_mechanical_interior_21400111.jpg"", ""https://www.khov.com/contentassets/a6c822704f05410bb2185ace6f55001a/4_mechanical_interior_21400113.jpg"", ""https://www.khov.com/contentassets/a6c822704f05410bb2185ace6f55001a/4_mechanical_interior_21400114.jpg"", ""https://www.khov.com/contentassets/a6c822704f05410bb2185ace6f55001a/4_mechanical_interior_21400115.jpg""]"
https://www.khov.com/new-construction-homes/california/galt/the-fairways/aegean-esp-1083-honeysuckle-hill-avenue-0112/,,The Fairways,38.2479888999,-121.2905628,"1083 Honeysuckle Hill Avenue, Galt, CA, 95632",Galt,CALIFORNIA,95632,,"Sunday: 11:00-18:00, Monday: 10:00-18:00, Tuesday: 10:00-18:00, Wednesday: 10:00-18:00, Thursday: 10:00-18:00, Friday: 10:00-18:00, Saturday: 10:00-18:00",916-848-2190,https://www.khov.com/,,K. Hovnanian Homes,single family,,,,Y,3,,Y,"Extra Suite Plus Available,Convenient Commuting,Outdoor Recreation,Vaulted Ceilings,Estate Sized Homesites,Interiors",,"Extra Suite Plus with full bath & living room with kitchenette for flexible living Kitchen, great room & dining area beneath a soaring vaulted ceiling Sleek Pewter Grey cabinetry with wall oven for a modern look Primary suite with ceiling treatment adds dimension Primary bath with dual sinks & freestanding soaking tub invites relaxation",,,,0,,,1.15,,,,,,Aegean ESP,3,4,3,0,2274,728390,2026-08-28,,,,,"Extra Suite Plus with full bath & living room with kitchenette for flexible living Kitchen, great room & dining area beneath a soaring vaulted ceiling Sleek Pewter Grey cabinetry with wall oven for a modern look Primary suite with ceiling treatment adds dimension Primary bath with dual sinks & freestanding soaking tub invites relaxation",4,3,0,2,Garage,,3,2274,,728390,728390,728390,,,,,"[""https://www.khov.com/contentassets/2d9a1a94c8e14c869398005f6786e8e2/199806_Cypress_at_The_Fairways_Aegean_Aegean_Contemporary_Level_2.jpg"", ""https://www.khov.com/contentassets/2d9a1a94c8e14c869398005f6786e8e2/160363_Tacoma_Kitchen_Loft_Palette_6_Level_2_Neutral_Loft.jpg"", ""https://www.khov.com/contentassets/2d9a1a94c8e14c869398005f6786e8e2/199393_Luna_Bella_at_Plumas_Lake_Faro_Primary_Bath_Tub_Loft_Palette_6_Level_1_Collective_Loft.jpg"", ""https://www.khov.com/contentassets/2d9a1a94c8e14c869398005f6786e8e2/199414_Luna_Bella_at_Plumas_Lake_Faro_Primary_Bath_Plus_Tub_Loft_Palette_6_Level_1_Collective_Loft.jpg"", ""https://www.khov.com/contentassets/2d9a1a94c8e14c869398005f6786e8e2/3_foundation_exterior_21500818.jpg"", ""https://www.khov.com/contentassets/2d9a1a94c8e14c869398005f6786e8e2/3_foundation_exterior_21500820.jpg"", ""https://www.khov.com/contentassets/2d9a1a94c8e14c869398005f6786e8e2/3_foundation_exterior_21500821.jpg""]"
https://www.khov.com/new-construction-homes/california/galt/the-fairways/boise-1055-redwood-glen-avenue-0058/,,The Fairways,38.2479888999,-121.2905628,"1055 Redwood Glen Avenue, Galt, CA, 95632",Galt,CALIFORNIA,95632,,"Sunday: 11:00-18:00, Monday: 10:00-18:00, Tuesday: 10:00-18:00, Wednesday: 10:00-18:00, Thursday: 10:00-18:00, Friday: 10:00-18:00, Saturday: 10:00-18:00",916-848-2190,https://www.khov.com/,,K. Hovnanian Homes,single family,,,,Y,2,,Y,"Extra Suite Plus Available,Convenient Commuting,Outdoor Recreation,Vaulted Ceilings,Estate Sized Homesites,Interiors",,Home office creates a quiet place to focus Soaring vaulted ceiling brings volume & openness to the great room & dining area 12' multi-slide door opens the living space to the covered patio Stacked Chestnut Brown cabinetry with glass-front uppers adds depth to the kitchen Wall oven keeps the kitchen layout streamlined & efficient Primary suite features a ceiling treatment that adds architectural interest Primary bath includes dual sinks & a freestanding soaking tub Walk-in closet provides generous storage for the primary suite,,,,0,,,1.15,,,,,,Boise,2,3,2,0,1923,641790,2026-07-02,,,,,Home office creates a quiet place to focus Soaring vaulted ceiling brings volume & openness to the great room & dining area 12' multi-slide door opens the living space to the covered patio Stacked Chestnut Brown cabinetry with glass-front uppers adds depth to the kitchen Wall oven keeps the kitchen layout streamlined & efficient Primary suite features a ceiling treatment that adds architectural interest Primary bath includes dual sinks & a freestanding soaking tub Walk-in closet provides generous storage for the primary suite,3,2,0,2,Garage,,2,1923,,641790,641790,641790,,,,,"[""https://www.khov.com/contentassets/576ed59a4b8746a88c32d63985bf5150/199818_Ironwood_at_The_Fairways_Boise_Boise_Contemporary_Level_1.jpg"", ""https://www.khov.com/contentassets/576ed59a4b8746a88c32d63985bf5150/160021_Tucson_Kitchen_Classic_Palette_5_Level_1_Coastal_Classic.jpg"", ""https://www.khov.com/contentassets/576ed59a4b8746a88c32d63985bf5150/199310_Luna_Bella_at_Plumas_Lake_Faro_Primary_Bath_Tub_Classic_Palette_5_Level_1_Modern_Classic.jpg"", ""https://www.khov.com/contentassets/576ed59a4b8746a88c32d63985bf5150/199338_Luna_Bella_at_Plumas_Lake_Faro_Primary_Bath_Tub_Plus_Classic_Palette_5_Level_1_Modern_Classic.jpg"", ""https://www.khov.com/contentassets/576ed59a4b8746a88c32d63985bf5150/3_foundation_exterior_21304701.jpg"", ""https://www.khov.com/contentassets/576ed59a4b8746a88c32d63985bf5150/3_foundation_exterior_21304702.jpg"", ""https://www.khov.com/contentassets/576ed59a4b8746a88c32d63985bf5150/3_foundation_exterior_21304704.jpg""]"
https://www.khov.com/new-construction-homes/california/galt/the-fairways/faro-1046-redwood-glen-avenue-0063/,,The Fairways,38.2479888999,-121.2905628,"1046 Redwood Glen Avenue, Galt, CA, 95632",Galt,CALIFORNIA,95632,,"Sunday: 11:00-18:00, Monday: 10:00-18:00, Tuesday: 10:00-18:00, Wednesday: 10:00-18:00, Thursday: 10:00-18:00, Friday: 10:00-18:00, Saturday: 10:00-18:00",916-848-2190,https://www.khov.com/,,K. Hovnanian Homes,single family,,,,Y,2,,Y,"Extra Suite Plus Available,Convenient Commuting,Outdoor Recreation,Vaulted Ceilings,Estate Sized Homesites,Interiors",,"Home office sits just off the foyer, offering a quiet place to focus Vaulted ceiling brings volume & openness to the great room & dining area 15' multi-slide door opens the main living space to the covered patio Sleek central island & Birch White cabinetry define the kitchen Wall oven keeps the kitchen layout streamlined & efficient Primary suite features a ceiling treatment that adds architectural interest Primary bath includes dual sinks & a freestanding soaking tub Walk-in closet provides generous storage for the primary suite",,,,0,,,1.15,,,,,,Faro,2,3,3,0,2249,679290,2026-07-02,,,,,"Home office sits just off the foyer, offering a quiet place to focus Vaulted ceiling brings volume & openness to the great room & dining area 15' multi-slide door opens the main living space to the covered patio Sleek central island & Birch White cabinetry define the kitchen Wall oven keeps the kitchen layout streamlined & efficient Primary suite features a ceiling treatment that adds architectural interest Primary bath includes dual sinks & a freestanding soaking tub Walk-in closet provides generous storage for the primary suite",3,3,0,2,Garage,,2,2249,,679290,778190,679290,,,,,"[""https://www.khov.com/contentassets/9ca9157f9b834774af6d16c3fe5288f5/199813_Ironwood_at_The_Fairways_Faro_Faro_Craftsman_Level_1.jpg"", ""https://www.khov.com/contentassets/9ca9157f9b834774af6d16c3fe5288f5/159980_Tucson_Kitchen_Farmhouse_Palette_3_Level_1_European_Farmhouse.jpg"", ""https://www.khov.com/contentassets/9ca9157f9b834774af6d16c3fe5288f5/199357_Luna_Bella_at_Plumas_Lake_Faro_Primary_Bath_Farmhouse_Palette_3_Level_1_European_Farmhouse.jpg"", ""https://www.khov.com/contentassets/9ca9157f9b834774af6d16c3fe5288f5/199371_Luna_Bella_at_Plumas_Lake_Faro_Primary_Bath_Tub_Farmhouse_Palette_3_Level_1_European_Farmhouse.jpg"", ""https://www.khov.com/contentassets/9ca9157f9b834774af6d16c3fe5288f5/3_foundation_exterior_21304700.jpg"", ""https://www.khov.com/contentassets/9ca9157f9b834774af6d16c3fe5288f5/3_foundation_exterior_21304703.jpg"", ""https://www.khov.com/contentassets/9ca9157f9b834774af6d16c3fe5288f5/3_foundation_exterior_21304705.jpg""]"
https://www.khov.com/new-construction-homes/california/galt/the-fairways/faro-1054-redwood-glen-avenue-0065/,,The Fairways,38.2479888999,-121.2905628,"1054 Redwood Glen Avenue, Galt, CA, 95632",Galt,CALIFORNIA,95632,,"Sunday: 11:00-18:00, Monday: 10:00-18:00, Tuesday: 10:00-18:00, Wednesday: 10:00-18:00, Thursday: 10:00-18:00, Friday: 10:00-18:00, Saturday: 10:00-18:00",916-848-2190,https://www.khov.com/,,K. Hovnanian Homes,single family,,,,Y,2,,Y,"Extra Suite Plus Available,Convenient Commuting,Outdoor Recreation,Vaulted Ceilings,Estate Sized Homesites,Interiors",,"Home office just off the foyer for a quiet workspace Kitchen, dining area & great room beneath a vaulted ceiling Kitchen with Chestnut Brown cabinetry creates a warm, grounded palette 15' multi-slide door leads to a covered patio for seamless indoor-outdoor flow Primary suite with ceiling treatment adds depth & dimension Spacious primary walk-in closet to keep everything organized Primary bath with dual sinks for everyday convenience",,,,0,,,1.15,,,,,,Faro,2,3,3,0,2249,678190,2026-08-28,,,,,"Home office just off the foyer for a quiet workspace Kitchen, dining area & great room beneath a vaulted ceiling Kitchen with Chestnut Brown cabinetry creates a warm, grounded palette 15' multi-slide door leads to a covered patio for seamless indoor-outdoor flow Primary suite with ceiling treatment adds depth & dimension Spacious primary walk-in closet to keep everything organized Primary bath with dual sinks for everyday convenience",3,3,0,2,Garage,,2,2249,,678190,778190,678190,,,,,"[""https://www.khov.com/contentassets/72d4d9f655b140868c85700bea4be01c/199820_Ironwood_at_The_Fairways_Faro_Faro_Spanish_Modern_Level_1.jpg"", ""https://www.khov.com/contentassets/72d4d9f655b140868c85700bea4be01c/160021_Tucson_Kitchen_Classic_Palette_5_Level_1_Coastal_Classic.jpg"", ""https://www.khov.com/contentassets/72d4d9f655b140868c85700bea4be01c/199317_Luna_Bella_at_Plumas_Lake_Faro_Primary_Bath_Classic_Palette_5_Level_1_Modern_Classic.jpg"", ""https://www.khov.com/contentassets/72d4d9f655b140868c85700bea4be01c/199345_Luna_Bella_at_Plumas_Lake_Faro_Primary_Bath_Plus_Classic_Palette_5_Level_1_Modern_Classic.jpg"", ""https://www.khov.com/contentassets/72d4d9f655b140868c85700bea4be01c/3_foundation_exterior_21500746.jpg"", ""https://www.khov.com/contentassets/72d4d9f655b140868c85700bea4be01c/3_foundation_exterior_21500749.jpg""]"
https://www.khov.com/new-construction-homes/california/galt/the-fairways/macon-ii-1082-honeysuckle-hill-avenue-0146/,,The Fairways,38.2479888999,-121.2905628,"1082 Honeysuckle Hill Avenue, Galt, CA, 95632",Galt,CALIFORNIA,95632,,"Sunday: 11:00-18:00, Monday: 10:00-18:00, Tuesday: 10:00-18:00, Wednesday: 10:00-18:00, Thursday: 10:00-18:00, Friday: 10:00-18:00, Saturday: 10:00-18:00",916-848-2190,https://www.khov.com/,,K. Hovnanian Homes,single family,,,,Y,2,,Y,"Extra Suite Plus Available,Convenient Commuting,Outdoor Recreation,Vaulted Ceilings,Estate Sized Homesites,Interiors",,First-floor Extra Suite for guests or flexible living Great room with 15' multi-slide door opening to a covered patio Kitchen with Slate Grey cabinetry & wall oven Window-lined dining area leads directly to the covered patio Primary suite with ceiling treatment adds depth & character Primary bath with freestanding soaking tub creates a quiet spot to unwind Second-floor loft for additional living space,,,,0,,,1.15,,,,,,Macon II,2,4,3,0,2891,777290,2026-07-30,,,,,First-floor Extra Suite for guests or flexible living Great room with 15' multi-slide door opening to a covered patio Kitchen with Slate Grey cabinetry & wall oven Window-lined dining area leads directly to the covered patio Primary suite with ceiling treatment adds depth & character Primary bath with freestanding soaking tub creates a quiet spot to unwind Second-floor loft for additional living space,4,3,0,2,Garage,,2,2891,,777290,778190,777290,,,,,"[""https://www.khov.com/contentassets/8e79ac7d6c70403bba4246b644d65f30/199805_Cypress_at_The_Fairways_Macon_II_Macon_II_Spanish_Modern_Level_2.jpg"", ""https://www.khov.com/contentassets/8e79ac7d6c70403bba4246b644d65f30/160425_Tacoma_Kitchen_Farmhouse_Palette_4_Level_2_Fresh_Farmhouse.jpg"", ""https://www.khov.com/contentassets/8e79ac7d6c70403bba4246b644d65f30/199356_Luna_Bella_at_Plumas_Lake_Faro_Primary_Bath_Farmhouse_Palette_4_Level_1_European_Farmhouse.jpg"", ""https://www.khov.com/contentassets/8e79ac7d6c70403bba4246b644d65f30/199363_Luna_Bella_at_Plumas_Lake_Faro_Primary_Bath_Plus_Tub_Farmhouse_Palette_4_Level_1_European_Farmhouse.jpg"", ""https://www.khov.com/contentassets/8e79ac7d6c70403bba4246b644d65f30/3_foundation_exterior_21500813.jpg"", ""https://www.khov.com/contentassets/8e79ac7d6c70403bba4246b644d65f30/3_foundation_exterior_21500816.jpg"", ""https://www.khov.com/contentassets/8e79ac7d6c70403bba4246b644d65f30/3_foundation_exterior_21500817.jpg""]"
https://www.khov.com/new-construction-homes/california/galt/the-fairways/macon-ii-1087-honeysuckle-hill-avenue-0111/,,The Fairways,38.2479888999,-121.2905628,"1087 Honeysuckle Hill Avenue, Galt, CA, 95632",Galt,CALIFORNIA,95632,,"Sunday: 11:00-18:00, Monday: 10:00-18:00, Tuesday: 10:00-18:00, Wednesday: 10:00-18:00, Thursday: 10:00-18:00, Friday: 10:00-18:00, Saturday: 10:00-18:00",916-848-2190,https://www.khov.com/,,K. Hovnanian Homes,single family,,,,Y,2,,Y,"Extra Suite Plus Available,Convenient Commuting,Outdoor Recreation,Vaulted Ceilings,Estate Sized Homesites,Interiors",,"First-floor Extra Suitecreates a comfortable, private retreat 15' multi-slide door in the great room opens to the covered patio Stacked Chestnut Brown cabinetry with glass-front uppers brings warmth & dimension to the kitchen Quartz central island & wall oven support everyday cooking & gathering Primary bath includes dual sinks & a freestanding soaking tub Spacious walk-in closet enhances the primary suite Second-floor loft offers additional space to unwind or work",,,,0,,,1.15,,,,,,Macon II,2,4,3,0,2891,778190,2026-08-05,,,,,"First-floor Extra Suitecreates a comfortable, private retreat 15' multi-slide door in the great room opens to the covered patio Stacked Chestnut Brown cabinetry with glass-front uppers brings warmth & dimension to the kitchen Quartz central island & wall oven support everyday cooking & gathering Primary bath includes dual sinks & a freestanding soaking tub Spacious walk-in closet enhances the primary suite Second-floor loft offers additional space to unwind or work",4,3,0,2,Garage,,2,2891,,778190,778190,778190,,,,,"[""https://www.khov.com/contentassets/76f8717a27204bceaeee746f3ad33505/199802_Cypress_at_The_Fairways_Macon_II_Macon_II_Craftsman_Level_2.jpg"", ""https://www.khov.com/contentassets/76f8717a27204bceaeee746f3ad33505/160389_Tacoma_Kitchen_Classic_Palette_5_Level_2_Restoration_Classic.jpg"", ""https://www.khov.com/contentassets/76f8717a27204bceaeee746f3ad33505/199338_Luna_Bella_at_Plumas_Lake_Faro_Primary_Bath_Tub_Plus_Classic_Palette_5_Level_1_Modern_Classic.jpg"", ""https://www.khov.com/contentassets/76f8717a27204bceaeee746f3ad33505/199310_Luna_Bella_at_Plumas_Lake_Faro_Primary_Bath_Tub_Classic_Palette_5_Level_1_Modern_Classic.jpg"", ""https://www.khov.com/contentassets/76f8717a27204bceaeee746f3ad33505/5_foundation_exterior_21500819.jpg"", ""https://www.khov.com/contentassets/76f8717a27204bceaeee746f3ad33505/5_foundation_exterior_21500822.jpg"", ""https://www.khov.com/contentassets/76f8717a27204bceaeee746f3ad33505/5_foundation_exterior_21500823.jpg""]"
https://www.khov.com/new-construction-homes/california/galt/the-fairways/macon-ii-1099-honeysuckle-hill-avenue-0108/,,The Fairways,38.2479888999,-121.2905628,"1099 Honeysuckle Hill Avenue, Galt, CA, 95632",Galt,CALIFORNIA,95632,,"Sunday: 11:00-18:00, Monday: 10:00-18:00, Tuesday: 10:00-18:00, Wednesday: 10:00-18:00, Thursday: 10:00-18:00, Friday: 10:00-18:00, Saturday: 10:00-18:00",916-848-2190,https://www.khov.com/,,K. Hovnanian Homes,single family,,,,Y,2,,Y,"Extra Suite Plus Available,Convenient Commuting,Outdoor Recreation,Vaulted Ceilings,Estate Sized Homesites,Interiors",,Extra Suite on the first floor provides a private space for guests 15' multi-slide door opens the great room to the covered patio Stacked Chestnut Brown cabinetry with glass-front uppers adds depth to the kitchen Primary suite features a ceiling treatment that elevates the space Primary bath includes dual sinks & a freestanding soaking tub Oversized walk-in closet enhances the primary suite Second-floor loft creates additional room to spread out,,,,0,,,1.15,,,,,,Macon II,2,4,3,0,2891,749990,2026-07-15,,,,,Extra Suite on the first floor provides a private space for guests 15' multi-slide door opens the great room to the covered patio Stacked Chestnut Brown cabinetry with glass-front uppers adds depth to the kitchen Primary suite features a ceiling treatment that elevates the space Primary bath includes dual sinks & a freestanding soaking tub Oversized walk-in closet enhances the primary suite Second-floor loft creates additional room to spread out,4,3,0,2,Garage,,2,2891,,749990,778190,756590,,,,,"[""https://www.khov.com/contentassets/93b0814b6e2447f7ad7425be0afeb33d/199805_Cypress_at_The_Fairways_Macon_II_Macon_II_Spanish_Modern_Level_2.jpg"", ""https://www.khov.com/contentassets/93b0814b6e2447f7ad7425be0afeb33d/160389_Tacoma_Kitchen_Classic_Palette_5_Level_2_Restoration_Classic.jpg"", ""https://www.khov.com/contentassets/93b0814b6e2447f7ad7425be0afeb33d/199310_Luna_Bella_at_Plumas_Lake_Faro_Primary_Bath_Tub_Classic_Palette_5_Level_1_Modern_Classic.jpg"", ""https://www.khov.com/contentassets/93b0814b6e2447f7ad7425be0afeb33d/199338_Luna_Bella_at_Plumas_Lake_Faro_Primary_Bath_Tub_Plus_Classic_Palette_5_Level_1_Modern_Classic.jpg"", ""https://www.khov.com/contentassets/93b0814b6e2447f7ad7425be0afeb33d/3_framing_exterior_21304739.jpg"", ""https://www.khov.com/contentassets/93b0814b6e2447f7ad7425be0afeb33d/3_framing_exterior_21304740.jpg"", ""https://www.khov.com/contentassets/93b0814b6e2447f7ad7425be0afeb33d/3_framing_exterior_21304741.jpg"", ""https://www.khov.com/contentassets/93b0814b6e2447f7ad7425be0afeb33d/3_framing_exterior_21304743.jpg"", ""https://www.khov.com/contentassets/93b0814b6e2447f7ad7425be0afeb33d/3_framing_exterior_21304746.jpg""]"
https://www.khov.com/new-construction-homes/california/galt/the-fairways/water-lily-ii-1050-redwood-glen-avenue-0064/,,The Fairways,38.2479888999,-121.2905628,"1050 Redwood Glen Avenue, Galt, CA, 95632",Galt,CALIFORNIA,95632,,"Sunday: 11:00-18:00, Monday: 10:00-18:00, Tuesday: 10:00-18:00, Wednesday: 10:00-18:00, Thursday: 10:00-18:00, Friday: 10:00-18:00, Saturday: 10:00-18:00",916-848-2190,https://www.khov.com/,,K. Hovnanian Homes,single family,,,,Y,2,,Y,"Extra Suite Plus Available,Convenient Commuting,Outdoor Recreation,Vaulted Ceilings,Estate Sized Homesites,Interiors",,Home office just off the foyer for a quiet workspace Kitchen with Slate Grey cabinetry & central island with space for prep & casual dining 15' multi-slide glass door connects the main living areas to a covered patio First-floor Extra Suite for guests or flexible living Primary suite with dual walk-in closets for generous storage Primary bath with luxe glass shower enclosure Second-floor loft for additional living space,,,,0,,,1.15,,,,,,Water Lily II,2,5,3,0,2588,708390,2026-08-28,,,,,Home office just off the foyer for a quiet workspace Kitchen with Slate Grey cabinetry & central island with space for prep & casual dining 15' multi-slide glass door connects the main living areas to a covered patio First-floor Extra Suite for guests or flexible living Primary suite with dual walk-in closets for generous storage Primary bath with luxe glass shower enclosure Second-floor loft for additional living space,5,3,0,2,Garage,,2,2588,,708390,778190,708390,,,,,"[""https://www.khov.com/contentassets/d8ccd9916534474497df9f5c0c97be4e/199812_Ironwood_at_The_Fairways_Water_Lily_II_Water_Lily_II_Craftsman_Level_1.jpg"", ""https://www.khov.com/contentassets/d8ccd9916534474497df9f5c0c97be4e/159981_Tucson_Kitchen_Farmhouse_Palette_4_Level_1_European_Farmhouse.jpg"", ""https://www.khov.com/contentassets/d8ccd9916534474497df9f5c0c97be4e/199356_Luna_Bella_at_Plumas_Lake_Faro_Primary_Bath_Farmhouse_Palette_4_Level_1_European_Farmhouse.jpg"", ""https://www.khov.com/contentassets/d8ccd9916534474497df9f5c0c97be4e/199377_Luna_Bella_at_Plumas_Lake_Faro_Primary_Bath_Plus_Farmhouse_Palette_4_Level_1_European_Farmhouse.jpg"", ""https://www.khov.com/contentassets/d8ccd9916534474497df9f5c0c97be4e/3_foundation_exterior_21500742.jpg"", ""https://www.khov.com/contentassets/d8ccd9916534474497df9f5c0c97be4e/3_foundation_exterior_21500744.jpg"", ""https://www.khov.com/contentassets/d8ccd9916534474497df9f5c0c97be4e/3_foundation_exterior_21500745.jpg""]"
https://www.khov.com/new-construction-homes/california/galt/the-fairways/water-lily-ii-1051-redwood-glen-avenue-0059/,,The Fairways,38.2479888999,-121.2905628,"1051 Redwood Glen Avenue, Galt, CA, 95632",Galt,CALIFORNIA,95632,,"Sunday: 11:00-18:00, Monday: 10:00-18:00, Tuesday: 10:00-18:00, Wednesday: 10:00-18:00, Thursday: 10:00-18:00, Friday: 10:00-18:00, Saturday: 10:00-18:00",916-848-2190,https://www.khov.com/,,K. Hovnanian Homes,single family,,,,Y,2,,Y,"Extra Suite Plus Available,Convenient Commuting,Outdoor Recreation,Vaulted Ceilings,Estate Sized Homesites,Interiors",,Home office with sliding barn door creates a defined workspace Stacked Birch White cabinetry with glass-front uppers add brightness to the kitchen Quartz central island serves as a natural hub for prep & gathering 15' multi-slide door connects the main living area to the covered patio Extra Suite on the first floor provides a comfortable secondary living option Primary suite features dual walk-in closets for generous storage Primary bath includes dual sinks & a glass shower enclosure Second-floor loft offers additional space to relax or work,,,,0,,,1.15,,,,,,Water Lily II,2,5,3,0,2588,702590,2026-07-02,,,,,Home office with sliding barn door creates a defined workspace Stacked Birch White cabinetry with glass-front uppers add brightness to the kitchen Quartz central island serves as a natural hub for prep & gathering 15' multi-slide door connects the main living area to the covered patio Extra Suite on the first floor provides a comfortable secondary living option Primary suite features dual walk-in closets for generous storage Primary bath includes dual sinks & a glass shower enclosure Second-floor loft offers additional space to relax or work,5,3,0,2,Garage,,2,2588,,702590,778190,702590,,,,,"[""https://www.khov.com/contentassets/ae344aa76cd14acb8f473d1fb4ea8dd7/199816_Ironwood_at_The_Fairways_Water_Lily_II_Water_Lily_II_Spanish_Modern_Level_1.jpg"", ""https://www.khov.com/contentassets/ae344aa76cd14acb8f473d1fb4ea8dd7/160019_Tucson_Kitchen_Classic_Palette_3_Level_1_Coastal_Classic.jpg"", ""https://www.khov.com/contentassets/ae344aa76cd14acb8f473d1fb4ea8dd7/199314_Luna_Bella_at_Plumas_Lake_Faro_Primary_Bath_Classic_Palette_3_Level_1_Modern_Classic.jpg"", ""https://www.khov.com/contentassets/ae344aa76cd14acb8f473d1fb4ea8dd7/199342_Luna_Bella_at_Plumas_Lake_Faro_Primary_Bath_Plus_Classic_Palette_3_Level_1_Modern_Classic.jpg"", ""https://www.khov.com/contentassets/ae344aa76cd14acb8f473d1fb4ea8dd7/3_foundation_exterior_21304695.jpg"", ""https://www.khov.com/contentassets/ae344aa76cd14acb8f473d1fb4ea8dd7/3_foundation_exterior_21304697.jpg"", ""https://www.khov.com/contentassets/ae344aa76cd14acb8f473d1fb4ea8dd7/3_foundation_exterior_21304699.jpg""]"
https://www.khov.com/new-construction-homes/california/galt/the-fairways/water-lily-ii-1058-redwood-glen-avenue-0066/,,The Fairways,38.2479888999,-121.2905628,"1058 Redwood Glen Avenue, Galt, CA, 95632",Galt,CALIFORNIA,95632,,"Sunday: 11:00-18:00, Monday: 10:00-18:00, Tuesday: 10:00-18:00, Wednesday: 10:00-18:00, Thursday: 10:00-18:00, Friday: 10:00-18:00, Saturday: 10:00-18:00",916-848-2190,https://www.khov.com/,,K. Hovnanian Homes,single family,,,,Y,2,,Y,"Extra Suite Plus Available,Convenient Commuting,Outdoor Recreation,Vaulted Ceilings,Estate Sized Homesites,Interiors",,Home office off the foyer set up for work or study Kitchen with Birch White cabinetry & central island with space for prep & casual dining Covered patio just off the main living areas for easy outdoor access Extra Suite on the first floor for added flexibility Primary suite with dual walk-in closets for everyday organization Primary bath with luxe shower with glass enclosure Loft on the second floor for flexible living space,,,,0,,,1.15,,,,,,Water Lily II,2,5,3,0,2588,704290,2026-08-28,,,,,Home office off the foyer set up for work or study Kitchen with Birch White cabinetry & central island with space for prep & casual dining Covered patio just off the main living areas for easy outdoor access Extra Suite on the first floor for added flexibility Primary suite with dual walk-in closets for everyday organization Primary bath with luxe shower with glass enclosure Loft on the second floor for flexible living space,5,3,0,2,Garage,,2,2588,,704290,778190,704290,,,,,"[""https://www.khov.com/contentassets/1c65424bae7b494baedfc5ba307379c5/199815_Ironwood_at_The_Fairways_Water_Lily_II_Water_Lily_II_Contemporary_Level_1.jpg"", ""https://www.khov.com/contentassets/1c65424bae7b494baedfc5ba307379c5/159980_Tucson_Kitchen_Farmhouse_Palette_3_Level_1_European_Farmhouse.jpg"", ""https://www.khov.com/contentassets/1c65424bae7b494baedfc5ba307379c5/199357_Luna_Bella_at_Plumas_Lake_Faro_Primary_Bath_Farmhouse_Palette_3_Level_1_European_Farmhouse.jpg"", ""https://www.khov.com/contentassets/1c65424bae7b494baedfc5ba307379c5/199378_Luna_Bella_at_Plumas_Lake_Faro_Primary_Bath_Plus_Farmhouse_Palette_3_Level_1_European_Farmhouse.jpg"", ""https://www.khov.com/contentassets/1c65424bae7b494baedfc5ba307379c5/3_foundation_exterior_21500748.jpg"", ""https://www.khov.com/contentassets/1c65424bae7b494baedfc5ba307379c5/3_foundation_exterior_21500750.jpg"", ""https://www.khov.com/contentassets/1c65424bae7b494baedfc5ba307379c5/3_foundation_exterior_21500751.jpg""]"
https://www.khov.com/new-construction-homes/california/hesperia/the-estates-at-silverwood/belfast-esp-17714-doheny-court-2019/,,The Estates At Silverwood,34.35988,-117.28177,"17714 Doheny Court, Hesperia, CA, 92345",Hesperia,CALIFORNIA,92345,,"Sunday: 10:00-17:00, Monday: 10:00-17:00, Tuesday: 10:00-17:00, Wednesday: 10:00-17:00, Thursday: 10:00-17:00, Friday: 10:00-17:00, Saturday: 10:00-17:00",760-316-4813,https://www.khov.com/,,K. Hovnanian Homes,single family,,,,Y,3,,Y,"Clubhouse,Basketball Court,Pickleball Courts,Resort-Style Pool",,Private Extra Suite Plus with convenient kitchenette Chef-worthy kitchen with Greyhound cabinets & floating shelves Vast center island & quartz countertops Striking vaulted ceiling connects dining area & great room Serene primary suite featuring triple windows & coffered ceiling Refreshing primary bath with dual sinks & freestanding tub Attached 2-car garage & additional 1-car side load garage,,,,157,,,2.0,,,,,,Belfast ESP,3,4,3,0,2406,668990,2026-06-02,,,,,Private Extra Suite Plus with convenient kitchenette Chef-worthy kitchen with Greyhound cabinets & floating shelves Vast center island & quartz countertops Striking vaulted ceiling connects dining area & great room Serene primary suite featuring triple windows & coffered ceiling Refreshing primary bath with dual sinks & freestanding tub Attached 2-car garage & additional 1-car side load garage,4,3,0,1,Garage,,3,2406,,668990,691990,678990,,,,,"[""https://www.khov.com/contentassets/7d3c45344b394298bb0de9f6233f14cb/175749_Estates_at_Silverwood_Belfast_ESP_YZ_Craftsman_Level_2.jpg"", ""https://www.khov.com/contentassets/7d3c45344b394298bb0de9f6233f14cb/160357_Tacoma_Kitchen_Loft_Palette_4_Level_2_Neutral_Loft.jpg"", ""https://www.khov.com/contentassets/7d3c45344b394298bb0de9f6233f14cb/160356_Tacoma_Primary_Bath_Tub_Loft_Palette_4_and_7_Level_2_Neutral_Loft.jpg""]"
https://www.khov.com/new-construction-homes/california/hesperia/the-estates-at-silverwood/belfast-esp-7158-doheny-court-2015/,,The Estates At Silverwood,34.35988,-117.28177,"7158 Doheny Court, Hesperia, CA, 92345",Hesperia,CALIFORNIA,92345,,"Sunday: 10:00-17:00, Monday: 10:00-17:00, Tuesday: 10:00-17:00, Wednesday: 10:00-17:00, Thursday: 10:00-17:00, Friday: 10:00-17:00, Saturday: 10:00-17:00",760-316-4813,https://www.khov.com/,,K. Hovnanian Homes,single family,,,,Y,3,,Y,"Clubhouse,Basketball Court,Pickleball Courts,Resort-Style Pool",,Private Extra Suite Plus with convenient kitchenette Chef-worthy kitchen with Chestnut Brown cabinetry & pendant lights Vast center island & quartz countertops for prep and dining Beautiful vaulted ceiling in great room Serene primary suite featuring triple windows & coffered ceiling Spa-like primary bath with freestanding soaking tub Attached 2-car garage & additional 1-car side load garage,,,,157,,,2.0,,,,,,Belfast ESP,3,4,3,0,2406,644990,2026-05-20,,,,,Private Extra Suite Plus with convenient kitchenette Chef-worthy kitchen with Chestnut Brown cabinetry & pendant lights Vast center island & quartz countertops for prep and dining Beautiful vaulted ceiling in great room Serene primary suite featuring triple windows & coffered ceiling Spa-like primary bath with freestanding soaking tub Attached 2-car garage & additional 1-car side load garage,4,3,0,1,Garage,,3,2406,,644990,691990,674990,,,,,"[""https://www.khov.com/contentassets/8c3801262cb9443ebc33b93e55269f40/175748_Estates_at_Silverwood_Belfast_ESP_WC_Farmhouse_Level.jpg"", ""https://www.khov.com/contentassets/8c3801262cb9443ebc33b93e55269f40/175869_Estates_at_Silverwood_Belfast_ESP_Kitchen_Farmhouse_Palette_5_Level_2_TraditionalFarmhouse.jpg"", ""https://www.khov.com/contentassets/8c3801262cb9443ebc33b93e55269f40/175879_Estates_at_Silverwood_Belfast_ESP_Kitchen_Farmhouse_Palette_5_Level_2_TraditionalFarmhouse.jpg"", ""https://www.khov.com/contentassets/8c3801262cb9443ebc33b93e55269f40/175880_Estates_at_Silverwood_Belfast_ESP_Primary_Bath_Farmhouse_Palette_5_Level_2_TraditionalFarmhouse.jpg"", ""https://www.khov.com/contentassets/8c3801262cb9443ebc33b93e55269f40/201370_Cypress_at_The_Fairways_Aegean_ESP_Primary_Bath_Farmhouse_Palette_5_Level_2_Coastal_Farmhouse.jpg"", ""https://www.khov.com/contentassets/8c3801262cb9443ebc33b93e55269f40/175873_Estates_at_Silverwood_Belfast_ESP_Primary_Suite_Farmhouse_Palette_5_Level_2_TraditionalFarmhouse.jpg"", ""https://www.khov.com/contentassets/8c3801262cb9443ebc33b93e55269f40/175874_Estates_at_Silverwood_Belfast_ESP_Primary_Suite_Farmhouse_Palette_5_Level_2_TraditionalFarmhouse.jpg"", ""https://www.khov.com/contentassets/8c3801262cb9443ebc33b93e55269f40/175877_Estates_at_Silverwood_Belfast_ESP_Great_Room_Farmhouse_Palette_5_Level_2_TraditionalFarmhouse.jpg"", ""https://www.khov.com/contentassets/8c3801262cb9443ebc33b93e55269f40/175878_Estates_at_Silverwood_Belfast_ESP_Great_Room_Farmhouse_Palette_5_Level_2_TraditionalFarmhouse.jpg"", ""https://www.khov.com/contentassets/8c3801262cb9443ebc33b93e55269f40/175882_Estates_at_Silverwood_Belfast_ESP_Dining_Area_Farmhouse_Palette_5_Level_2_TraditionalFarmhouse.jpg"", ""https://www.khov.com/contentassets/8c3801262cb9443ebc33b93e55269f40/175883_Estates_at_Silverwood_Belfast_ESP_Dining_Area_Farmhouse_Palette_5_Level_2_TraditionalFarmhouse.jpg"", ""https://www.khov.com/contentassets/8c3801262cb9443ebc33b93e55269f40/175875_Estates_at_Silverwood_Belfast_ESP_Extra_Suite_Plus_Living_Room_Farmhouse_Palette_5_Level_2_TraditionalFarmhouse.jpg"", ""https://www.khov.com/contentassets/8c3801262cb9443ebc33b93e55269f40/175876_Estates_at_Silverwood_Belfast_ESP_Extra_Suite_Plus_Living_Room_Farmhouse_Palette_5_Level_2_TraditionalFarmhouse.jpg"", ""https://www.khov.com/contentassets/8c3801262cb9443ebc33b93e55269f40/5_int.-finish_bathroom_21510250.jpg"", ""https://www.khov.com/contentassets/8c3801262cb9443ebc33b93e55269f40/5_int.-finish_exterior_21510251.jpg"", ""https://www.khov.com/contentassets/8c3801262cb9443ebc33b93e55269f40/5_int.-finish_bathroom_21510252.jpg"", ""https://www.khov.com/contentassets/8c3801262cb9443ebc33b93e55269f40/5_int.-finish_bedroom_21510266.jpg"", ""https://www.khov.com/contentassets/8c3801262cb9443ebc33b93e55269f40/5_int.-finish_interior_21510278.jpg"", ""https://www.khov.com/contentassets/8c3801262cb9443ebc33b93e55269f40/5_int.-finish_interior_21510291.jpg"", ""https://www.khov.com/contentassets/8c3801262cb9443ebc33b93e55269f40/5_int.-finish_bedroom_21510292.jpg"", ""https://www.khov.com/contentassets/8c3801262cb9443ebc33b93e55269f40/5_int.-finish_laundryroom_21510295.jpg"", ""https://www.khov.com/contentassets/8c3801262cb9443ebc33b93e55269f40/5_int.-finish_greatroom_21510298.jpg"", ""https://www.khov.com/contentassets/8c3801262cb9443ebc33b93e55269f40/5_int.-finish_bedroom_21510299.jpg""]"
https://www.khov.com/new-construction-homes/california/hesperia/the-estates-at-silverwood/geneva-esp-7181-doheny-court-2021/,,The Estates At Silverwood,34.35988,-117.28177,"7181 Doheny Court, Hesperia, CA, 92345",Hesperia,CALIFORNIA,92345,,"Sunday: 10:00-17:00, Monday: 10:00-17:00, Tuesday: 10:00-17:00, Wednesday: 10:00-17:00, Thursday: 10:00-17:00, Friday: 10:00-17:00, Saturday: 10:00-17:00",760-316-4813,https://www.khov.com/,,K. Hovnanian Homes,single family,,,,Y,3,,Y,"Clubhouse,Basketball Court,Pickleball Courts,Resort-Style Pool",,"Private Extra Suite Plus, perfect for multi-gen families Elegant kitchen featuring Chestnut Brown cabinetry & quartz island High vaulted ceiling connects great room & dining area Secluded primary suite with stylish coffered ceiling Spa-like primary bath with freestanding tub & matte black finishes Convenient home office & media room off foyer Attached 3-car tandem garage provides ample parking",,,,157,,,2.0,,,,,,Geneva ESP,3,4,3,1,2747,691990,2026-06-03,,,,,"Private Extra Suite Plus, perfect for multi-gen families Elegant kitchen featuring Chestnut Brown cabinetry & quartz island High vaulted ceiling connects great room & dining area Secluded primary suite with stylish coffered ceiling Spa-like primary bath with freestanding tub & matte black finishes Convenient home office & media room off foyer Attached 3-car tandem garage provides ample parking",4,3,1,1,Garage,,3,2747,,691990,691990,701990,,,,,"[""https://www.khov.com/contentassets/ca15af5c870a4be1961057a9818dc380/165737_Estates_at_Silverwood_Geneva_ESP_WC_Farmhouse_Level_2.jpg"", ""https://www.khov.com/contentassets/ca15af5c870a4be1961057a9818dc380/175869_Estates_at_Silverwood_Belfast_ESP_Kitchen_Farmhouse_Palette_5_Level_2_Traditional_Farmhouse.jpg"", ""https://www.khov.com/contentassets/ca15af5c870a4be1961057a9818dc380/160434_Tacoma_Primary_Bath_Tub_Farmhouse_Palette_5_Level_2_Fresh_Farmhouse.jpg"", ""https://www.khov.com/contentassets/ca15af5c870a4be1961057a9818dc380/175873_Estates_at_Silverwood_Belfast_ESP_Primary_Suite_Farmhouse_Palette_5_Level_2_Traditional_Farmhouse.jpg"", ""https://www.khov.com/contentassets/ca15af5c870a4be1961057a9818dc380/175878_Estates_at_Silverwood_Belfast_ESP_Great_Room_Farmhouse_Palette_5_Level_2_Traditional_Farmhouse.jpg"", ""https://www.khov.com/contentassets/ca15af5c870a4be1961057a9818dc380/175882_Estates_at_Silverwood_Belfast_ESP_Dining_Area_Farmhouse_Palette_5_Level_2_Traditional_Farmhouse.jpg"", ""https://www.khov.com/contentassets/ca15af5c870a4be1961057a9818dc380/175875_Estates_at_Silverwood_Belfast_ESP_Extra_Suite_Plus_Living_Room_Farmhouse_Palette_5_Level_2_Traditional_Farmhouse.jpg"", ""https://www.khov.com/contentassets/ca15af5c870a4be1961057a9818dc380/175876_Estates_at_Silverwood_Belfast_ESP_Extra_Suite_Plus_Living_Room_Farmhouse_Palette_5_Level_2_Traditional_Farmhouse.jpg"", ""https://www.khov.com/contentassets/ca15af5c870a4be1961057a9818dc380/5_int.-finish_exterior_21510407.jpg"", ""https://www.khov.com/contentassets/ca15af5c870a4be1961057a9818dc380/5_int.-finish_exterior_21510409.jpg"", ""https://www.khov.com/contentassets/ca15af5c870a4be1961057a9818dc380/5_int.-finish_exterior_21510410.jpg"", ""https://www.khov.com/contentassets/ca15af5c870a4be1961057a9818dc380/5_int.-finish_bathroom_21510414.jpg"", ""https://www.khov.com/contentassets/ca15af5c870a4be1961057a9818dc380/5_int.-finish_interior_21510416.jpg"", ""https://www.khov.com/contentassets/ca15af5c870a4be1961057a9818dc380/5_int.-finish_bedroom_21510417.jpg"", ""https://www.khov.com/contentassets/ca15af5c870a4be1961057a9818dc380/5_int.-finish_bathroom_21510418.jpg"", ""https://www.khov.com/contentassets/ca15af5c870a4be1961057a9818dc380/5_int.-finish_bedroom_21510419.jpg"", ""https://www.khov.com/contentassets/ca15af5c870a4be1961057a9818dc380/5_int.-finish_laundryroom_21510420.jpg"", ""https://www.khov.com/contentassets/ca15af5c870a4be1961057a9818dc380/5_int.-finish_interior_21510421.jpg""]"
https://www.khov.com/new-construction-homes/california/hesperia/the-estates-at-silverwood/belfast-esp-7171-doheny-court-2022/,,The Estates At Silverwood,34.35988,-117.28177,"7171 Doheny Court, Hesperia, CA, 92345",Hesperia,CALIFORNIA,92345,,"Sunday: 10:00-17:00, Monday: 10:00-17:00, Tuesday: 10:00-17:00, Wednesday: 10:00-17:00, Thursday: 10:00-17:00, Friday: 10:00-17:00, Saturday: 10:00-17:00",760-316-4813,https://www.khov.com/,,K. Hovnanian Homes,single family,,,,Y,3,,Y,"Clubhouse,Basketball Court,Pickleball Courts,Resort-Style Pool",,Additional Extra Suite Plus with convenient kitchenette Well-equipped kitchen featuring Stone Grey cabinets & wall oven Sprawling center island & Arctic White quartz countertops Inviting dining area & great room with stylish vaulted ceiling Secluded primary suite & bath with dual sinks & freestanding tub Attached 2-car garage & additional 1-car side load garage,,,,157,,,2.0,,,,,,Belfast ESP,3,4,3,0,2406,627990,2026-05-20,,,,,Additional Extra Suite Plus with convenient kitchenette Well-equipped kitchen featuring Stone Grey cabinets & wall oven Sprawling center island & Arctic White quartz countertops Inviting dining area & great room with stylish vaulted ceiling Secluded primary suite & bath with dual sinks & freestanding tub Attached 2-car garage & additional 1-car side load garage,4,3,0,1,Garage,,3,2406,,627990,691990,657990,,,,,"[""https://www.khov.com/contentassets/daec2c17ea404cfeb98f36cd0c5461e6/175749_Estates_at_Silverwood_Belfast_ESP_YZ_Bungalow_Level.jpg"", ""https://www.khov.com/contentassets/daec2c17ea404cfeb98f36cd0c5461e6/160410_Tacoma_Kitchen_Farmhouse_Palette_1_Level_2_Fresh_Farmhouse.jpg"", ""https://www.khov.com/contentassets/daec2c17ea404cfeb98f36cd0c5461e6/160414_Tacoma_Primary_Bath_Tub_Farmhouse_Palette_1_Level_2_Fresh_Farmhouse.jpg"", ""https://www.khov.com/contentassets/daec2c17ea404cfeb98f36cd0c5461e6/5_int.-finish_exterior_21510424.jpg"", ""https://www.khov.com/contentassets/daec2c17ea404cfeb98f36cd0c5461e6/5_int.-finish_bathroom_21510425.jpg"", ""https://www.khov.com/contentassets/daec2c17ea404cfeb98f36cd0c5461e6/5_int.-finish_exterior_21510426.jpg"", ""https://www.khov.com/contentassets/daec2c17ea404cfeb98f36cd0c5461e6/5_int.-finish_exterior_21510427.jpg"", ""https://www.khov.com/contentassets/daec2c17ea404cfeb98f36cd0c5461e6/5_int.-finish_bedroom_21510428.jpg"", ""https://www.khov.com/contentassets/daec2c17ea404cfeb98f36cd0c5461e6/5_int.-finish_interior_21510429.jpg"", ""https://www.khov.com/contentassets/daec2c17ea404cfeb98f36cd0c5461e6/5_int.-finish_bathroom_21510430.jpg"", ""https://www.khov.com/contentassets/daec2c17ea404cfeb98f36cd0c5461e6/5_int.-finish_bedroom_21510431.jpg"", ""https://www.khov.com/contentassets/daec2c17ea404cfeb98f36cd0c5461e6/5_int.-finish_interior_21510432.jpg"", ""https://www.khov.com/contentassets/daec2c17ea404cfeb98f36cd0c5461e6/5_int.-finish_bedroom_21510433.jpg""]"
https://www.khov.com/new-construction-homes/california/lathrop/mariposa/aegean-17898-moonstone-wy-0036/,,Mariposa,37.79965,-121.3049600000,"17898 Moonstone Wy, Lathrop, CA, 95330",Lathrop,CALIFORNIA,95330,,"Sunday: 11:00-18:00, Monday: 10:00-18:00, Tuesday: 10:00-18:00, Wednesday: 10:00-18:00, Thursday: 10:00-18:00, Friday: 10:00-18:00, Saturday: 10:00-18:00",209-229-4023,https://www.khov.com/,,K. Hovnanian Homes,single family,,,,Y,2,,Y,Hiking and Biking Trails,,"Private Extra Suite Plus, perfect for multigenerational families Efficient kitchen featuring Birch White cabinetry & wall oven Beautiful vaulted ceiling connects dining area & great room Peaceful primary suite featuring stylish coffered ceiling Refreshing primary bath with freestanding tub & walk-in closet Inviting covered patio featuring 15' multi-slide door Spacious 3-car garage provides ample parking",,,,0,,,1.75,,,,,,Aegean,2,5,3,0,2461,806880,2026-06-26,,,,,"Private Extra Suite Plus, perfect for multigenerational families Efficient kitchen featuring Birch White cabinetry & wall oven Beautiful vaulted ceiling connects dining area & great room Peaceful primary suite featuring stylish coffered ceiling Refreshing primary bath with freestanding tub & walk-in closet Inviting covered patio featuring 15' multi-slide door Spacious 3-car garage provides ample parking",5,3,0,2,Garage,,2,2461,,806880,806880,798880,,,,,"[""https://www.khov.com/contentassets/9f8a60cb12dc4da28d0ee5fd7e3287bc/164514_Mariposa_Aegean_YB_Craftsman_Level_2.jpg"", ""https://www.khov.com/contentassets/9f8a60cb12dc4da28d0ee5fd7e3287bc/160379_Tacoma_Kitchen_Classic_Palette_3_Level_2_Restoration_Classic.jpg"", ""https://www.khov.com/contentassets/9f8a60cb12dc4da28d0ee5fd7e3287bc/160383_Tacoma_Primary_Bath_Tub_Classic_Palette_3_Level_2_Restoration_Classic.jpg"", ""https://www.khov.com/contentassets/9f8a60cb12dc4da28d0ee5fd7e3287bc/3_mechanical_exterior_21304284.jpg"", ""https://www.khov.com/contentassets/9f8a60cb12dc4da28d0ee5fd7e3287bc/3_mechanical_exterior_21304286.jpg"", ""https://www.khov.com/contentassets/9f8a60cb12dc4da28d0ee5fd7e3287bc/3_mechanical_exterior_21304288.jpg"", ""https://www.khov.com/contentassets/9f8a60cb12dc4da28d0ee5fd7e3287bc/3_mechanical_interior_21304289.jpg"", ""https://www.khov.com/contentassets/9f8a60cb12dc4da28d0ee5fd7e3287bc/3_mechanical_interior_21304290.jpg"", ""https://www.khov.com/contentassets/9f8a60cb12dc4da28d0ee5fd7e3287bc/3_mechanical_interior_21304291.jpg"", ""https://www.khov.com/contentassets/9f8a60cb12dc4da28d0ee5fd7e3287bc/3_mechanical_interior_21304293.jpg"", ""https://www.khov.com/contentassets/9f8a60cb12dc4da28d0ee5fd7e3287bc/3_mechanical_interior_21304295.jpg"", ""https://www.khov.com/contentassets/9f8a60cb12dc4da28d0ee5fd7e3287bc/3_mechanical_interior_21304296.jpg"", ""https://www.khov.com/contentassets/9f8a60cb12dc4da28d0ee5fd7e3287bc/3_mechanical_interior_21304297.jpg""]"
https://www.khov.com/new-construction-homes/california/lathrop/mariposa/brisbane-17859-moonstone-wy-0064/,,Mariposa,37.79965,-121.3049600000,"17859 Moonstone Wy, Lathrop, CA, 95330",Lathrop,CALIFORNIA,95330,,"Sunday: 11:00-18:00, Monday: 10:00-18:00, Tuesday: 10:00-18:00, Wednesday: 10:00-18:00, Thursday: 10:00-18:00, Friday: 10:00-18:00, Saturday: 10:00-18:00",209-229-4023,https://www.khov.com/,,K. Hovnanian Homes,single family,,,,Y,3,,Y,Hiking and Biking Trails,,Elegant kitchen featuring Birch White cabinetry & wall oven Inviting great room with beautiful volume ceiling Convenient Extra Suite offers a private space for guests Lavish primary suite & bath featuring freestanding tub Organized home office for working remotely Peaceful covered patio with 12' multi-slide door Spacious 3-car tandem garage provides ample parking,,,,0,,,1.75,,,,,,Brisbane,3,5,4,1,3244,851790,2026-07-28,,,,,Elegant kitchen featuring Birch White cabinetry & wall oven Inviting great room with beautiful volume ceiling Convenient Extra Suite offers a private space for guests Lavish primary suite & bath featuring freestanding tub Organized home office for working remotely Peaceful covered patio with 12' multi-slide door Spacious 3-car tandem garage provides ample parking,5,4,1,2,Garage,,3,3244,,851790,851790,849790,,,,,"[""https://www.khov.com/contentassets/8c9106d6019848a4b228c02d3d7d7b17/164505_Mariposa_Brisbane_YB_Craftsman_Level_2.jpg"", ""https://www.khov.com/contentassets/8c9106d6019848a4b228c02d3d7d7b17/160379_Tacoma_Kitchen_Classic_Palette_3_Level_2_Restoration_Classic.jpg"", ""https://www.khov.com/contentassets/8c9106d6019848a4b228c02d3d7d7b17/160383_Tacoma_Primary_Bath_Tub_Classic_Palette_3_Level_2_Restoration_Classic.jpg"", ""https://www.khov.com/contentassets/8c9106d6019848a4b228c02d3d7d7b17/3_framing_exterior_21304240.jpg"", ""https://www.khov.com/contentassets/8c9106d6019848a4b228c02d3d7d7b17/3_framing_exterior_21304242.jpg"", ""https://www.khov.com/contentassets/8c9106d6019848a4b228c02d3d7d7b17/3_framing_exterior_21304243.jpg"", ""https://www.khov.com/contentassets/8c9106d6019848a4b228c02d3d7d7b17/3_framing_exterior_21304244.jpg""]"
https://www.khov.com/new-construction-homes/california/lathrop/mariposa/macon-ii-17837-moonstone-wy-0065/,,Mariposa,37.79965,-121.3049600000,"17837 Moonstone Wy, Lathrop, CA, 95330",Lathrop,CALIFORNIA,95330,,"Sunday: 11:00-18:00, Monday: 10:00-18:00, Tuesday: 10:00-18:00, Wednesday: 10:00-18:00, Thursday: 10:00-18:00, Friday: 10:00-18:00, Saturday: 10:00-18:00",209-229-4023,https://www.khov.com/,,K. Hovnanian Homes,single family,,,,Y,3,,Y,Hiking and Biking Trails,,Efficient kitchen featuring Birch White cabinetry & matte black finishes Functional center island overlooking spacious great room Convenient dining area adjacent kitchen makes mornings easy Peaceful primary suite with detailed ceiling treatment Refreshing primary bath featuring freestanding tub & walk-in closet Private Extra Suite for overnight guests Inviting covered patio featuring 15' multi-slide door,,,,0,,,1.75,,,,,,Macon II,3,4,3,0,2933,808450,2026-07-23,,,,,Efficient kitchen featuring Birch White cabinetry & matte black finishes Functional center island overlooking spacious great room Convenient dining area adjacent kitchen makes mornings easy Peaceful primary suite with detailed ceiling treatment Refreshing primary bath featuring freestanding tub & walk-in closet Private Extra Suite for overnight guests Inviting covered patio featuring 15' multi-slide door,4,3,0,2,Garage,,3,2933,,808450,851790,806450,,,,,"[""https://www.khov.com/contentassets/39176e74f53f46baa90fb0dd5e090d73/164507_Mariposa_Macon_II_VB_Mediterranean_Level_2.jpg"", ""https://www.khov.com/contentassets/39176e74f53f46baa90fb0dd5e090d73/160420_Tacoma_Kitchen_Farmhouse_Palette_3_Level_2_Fresh_Farmhouse.jpg"", ""https://www.khov.com/contentassets/39176e74f53f46baa90fb0dd5e090d73/160424_Tacoma_Primary_Bath_Tub_Farmhouse_Palette_3_Level_2_Fresh_Farmhouse.jpg"", ""https://www.khov.com/contentassets/39176e74f53f46baa90fb0dd5e090d73/3_foundation_exterior_21304245.jpg"", ""https://www.khov.com/contentassets/39176e74f53f46baa90fb0dd5e090d73/3_foundation_exterior_21304246.jpg"", ""https://www.khov.com/contentassets/39176e74f53f46baa90fb0dd5e090d73/3_foundation_exterior_21304248.jpg""]"
https://www.khov.com/new-construction-homes/california/lathrop/mariposa/macon-ii-17903-moonstone-wy-0062/,,Mariposa,37.79965,-121.3049600000,"17903 Moonstone Wy, Lathrop, CA, 95330",Lathrop,CALIFORNIA,95330,,"Sunday: 11:00-18:00, Monday: 10:00-18:00, Tuesday: 10:00-18:00, Wednesday: 10:00-18:00, Thursday: 10:00-18:00, Friday: 10:00-18:00, Saturday: 10:00-18:00",209-229-4023,https://www.khov.com/,,K. Hovnanian Homes,single family,,,,Y,3,,Y,Hiking and Biking Trails,,"Charming kitchen featuring Slate Grey cabinetry & large pantry Inviting great room for spending time with family & friends Sunlit dining area for enjoying delicious meals Lavish primary suite & bath with freestanding tub Private Extra Suite, perfect for overnight guests Versatile covered patio featuring 15' multi-slide door Spacious 3-car garage provides ample parking",,,,0,,,1.75,,,,,,Macon II,3,4,3,0,2933,831420,2026-05-28,,,,,"Charming kitchen featuring Slate Grey cabinetry & large pantry Inviting great room for spending time with family & friends Sunlit dining area for enjoying delicious meals Lavish primary suite & bath with freestanding tub Private Extra Suite, perfect for overnight guests Versatile covered patio featuring 15' multi-slide door Spacious 3-car garage provides ample parking",4,3,0,2,Garage,,3,2933,,831420,851790,832500,,,,,"[""https://www.khov.com/contentassets/6fc6f7ba780a496191436740bc377c18/164507_Mariposa_Macon_II_VB_Mediterranean_Level_2.jpg"", ""https://www.khov.com/contentassets/6fc6f7ba780a496191436740bc377c18/160425_Tacoma_Kitchen_Farmhouse_Palette_4_Level_2_Fresh_Farmhouse.jpg"", ""https://www.khov.com/contentassets/6fc6f7ba780a496191436740bc377c18/160429_Tacoma_Primary_Bath_Tub_Farmhouse_Palette_4_Level_2_Fresh_Farmhouse.jpg"", ""https://www.khov.com/contentassets/6fc6f7ba780a496191436740bc377c18/5_int.-finish_exterior_21501178.jpg"", ""https://www.khov.com/contentassets/6fc6f7ba780a496191436740bc377c18/5_int.-finish_exterior_21501181.jpg"", ""https://www.khov.com/contentassets/6fc6f7ba780a496191436740bc377c18/5_int.-finish_exterior_21501182.jpg"", ""https://www.khov.com/contentassets/6fc6f7ba780a496191436740bc377c18/5_int.-finish_interior_21501183.jpg"", ""https://www.khov.com/contentassets/6fc6f7ba780a496191436740bc377c18/5_int.-finish_kitchen_21501184.jpg"", ""https://www.khov.com/contentassets/6fc6f7ba780a496191436740bc377c18/5_int.-finish_kitchen_21501186.jpg"", ""https://www.khov.com/contentassets/6fc6f7ba780a496191436740bc377c18/5_int.-finish_interior_21501187.jpg"", ""https://www.khov.com/contentassets/6fc6f7ba780a496191436740bc377c18/5_int.-finish_kitchen_21501188.jpg"", ""https://www.khov.com/contentassets/6fc6f7ba780a496191436740bc377c18/5_int.-finish_interior_21501190.jpg"", ""https://www.khov.com/contentassets/6fc6f7ba780a496191436740bc377c18/5_int.-finish_interior_21501191.jpg""]"
https://www.khov.com/new-construction-homes/california/lathrop/pacifica-at-stanford-crossing/knoxville-339-glass-beach-drive-0201/,,Pacifica At Stanford Crossing,37.8161629999,-121.3001669999,"339 Glass Beach Drive, Lathrop, CA, 95330",Lathrop,CALIFORNIA,95330,,"Sunday: 11:00-18:00, Monday: 10:00-18:00, Tuesday: 10:00-18:00, Wednesday: 10:00-18:00, Thursday: 10:00-18:00, Friday: 10:00-18:00, Saturday: 10:00-18:00",209-307-7089,https://www.khov.com/,,K. Hovnanian Homes,single family,,,,Y,2,,Y,"Community Park,Playground,Clubhouse,Game Room,Library",,Productive home office for leisure activities Chef worthy kitchen with dark stain cabinetry & quartz island Open dining area & great room create seamless flow Extra Suite perfect for guests to stay night Elegant primary suite featuring ceiling treatment & sitting area Luxurious primary bath with dual sinks & freestanding tub,,,,0,,,1.6,,,,,,Knoxville,2,5,3,0,2823,780000,2026-06-24,,,,,Productive home office for leisure activities Chef worthy kitchen with dark stain cabinetry & quartz island Open dining area & great room create seamless flow Extra Suite perfect for guests to stay night Elegant primary suite featuring ceiling treatment & sitting area Luxurious primary bath with dual sinks & freestanding tub,5,3,0,2,Garage,,2,2823,,780000,780000,764000,,,,,"[""https://www.khov.com/contentassets/5002a67f9c3f4a148a48e05618483876/140623_Pacifica_at_Stanford_Crossing_Knoxville_Knoxville_Mediterranean_VB.jpg"", ""https://www.khov.com/contentassets/5002a67f9c3f4a148a48e05618483876/5_insulation_interior_21501248.jpg"", ""https://www.khov.com/contentassets/5002a67f9c3f4a148a48e05618483876/5_insulation_exterior_21501249.jpg"", ""https://www.khov.com/contentassets/5002a67f9c3f4a148a48e05618483876/5_insulation_interior_21501250.jpg"", ""https://www.khov.com/contentassets/5002a67f9c3f4a148a48e05618483876/5_insulation_interior_21501251.jpg"", ""https://www.khov.com/contentassets/5002a67f9c3f4a148a48e05618483876/5_insulation_exterior_21501252.jpg"", ""https://www.khov.com/contentassets/5002a67f9c3f4a148a48e05618483876/5_insulation_greatroom_21501253.jpg"", ""https://www.khov.com/contentassets/5002a67f9c3f4a148a48e05618483876/5_insulation_interior_21501254.jpg"", ""https://www.khov.com/contentassets/5002a67f9c3f4a148a48e05618483876/5_insulation_interior_21501255.jpg"", ""https://www.khov.com/contentassets/5002a67f9c3f4a148a48e05618483876/5_insulation_interior_21501256.jpg"", ""https://www.khov.com/contentassets/5002a67f9c3f4a148a48e05618483876/5_insulation_interior_21501258.jpg""]"
https://www.khov.com/new-construction-homes/california/lathrop/pacifica-at-stanford-crossing/oban-15968-bandon-lane-0265/,,Pacifica At Stanford Crossing,37.8161629999,-121.3001669999,"15968 Bandon Lane, Lathrop, CA, 95330",Lathrop,CALIFORNIA,95330,,"Sunday: 11:00-18:00, Monday: 10:00-18:00, Tuesday: 10:00-18:00, Wednesday: 10:00-18:00, Thursday: 10:00-18:00, Friday: 10:00-18:00, Saturday: 10:00-18:00",209-307-7089,https://www.khov.com/,,K. Hovnanian Homes,single family,,,,Y,2,,Y,"Community Park,Playground,Clubhouse,Game Room,Library",,Charming kitchen featuring ample counter space & large pantry Spacious great room for entertaining family & friends Peaceful primary suite with stylish ceiling treatment & dual walk-in closets Polished primary bath featuring freestanding tub Convenient Extra Suite offers privacy to overnight guests Inviting covered patio featuring 15' multi-slide door Attached 2-car garage for vehicles & storage,,,,0,,,1.6,,,,,,Oban,2,3,3,0,2558,782805,2026-07-14,,,,,Charming kitchen featuring ample counter space & large pantry Spacious great room for entertaining family & friends Peaceful primary suite with stylish ceiling treatment & dual walk-in closets Polished primary bath featuring freestanding tub Convenient Extra Suite offers privacy to overnight guests Inviting covered patio featuring 15' multi-slide door Attached 2-car garage for vehicles & storage,3,3,0,2,Garage,,2,2558,,782805,782805,780805,,,,,"[""https://www.khov.com/contentassets/154c813e37fb4ec49abf759cc5596e75/140621_Pacifica_at_Stanford_Crossing_Oban_Hacienda_XB.jpg"", ""https://www.khov.com/contentassets/154c813e37fb4ec49abf759cc5596e75/5_framing_exterior_21501223.jpg"", ""https://www.khov.com/contentassets/154c813e37fb4ec49abf759cc5596e75/5_framing_exterior_21501224.jpg"", ""https://www.khov.com/contentassets/154c813e37fb4ec49abf759cc5596e75/5_framing_exterior_21501225.jpg"", ""https://www.khov.com/contentassets/154c813e37fb4ec49abf759cc5596e75/5_framing_exterior_21501226.jpg"", ""https://www.khov.com/contentassets/154c813e37fb4ec49abf759cc5596e75/5_framing_exterior_21501229.jpg""]"
https://www.khov.com/new-construction-homes/california/lathrop/pacifica-at-stanford-crossing/oban-16016-bandon-lane-0268/,,Pacifica At Stanford Crossing,37.8161629999,-121.3001669999,"16016 Bandon Lane, Lathrop, CA, 95330",Lathrop,CALIFORNIA,95330,,"Sunday: 11:00-18:00, Monday: 10:00-18:00, Tuesday: 10:00-18:00, Wednesday: 10:00-18:00, Thursday: 10:00-18:00, Friday: 10:00-18:00, Saturday: 10:00-18:00",209-307-7089,https://www.khov.com/,,K. Hovnanian Homes,single family,,,,Y,2,,Y,"Community Park,Playground,Clubhouse,Game Room,Library",,Well-equipped kitchen featuring center island & large pantry Open concept living areas perfect for entertaining friends Pristine primary suite & bath with freestanding tub Secluded Extra Suite for overnight guests Versatile covered patio for outdoor relaxation Functional 2-car garage provides convenient parking,,,,0,,,1.6,,,,,,Oban,2,3,3,0,2558,744647,2026-07-22,,,,,Well-equipped kitchen featuring center island & large pantry Open concept living areas perfect for entertaining friends Pristine primary suite & bath with freestanding tub Secluded Extra Suite for overnight guests Versatile covered patio for outdoor relaxation Functional 2-car garage provides convenient parking,3,3,0,2,Garage,,2,2558,,744647,782805,765315,,,,,"[""https://www.khov.com/contentassets/0d6ffd20e3a3427f88ce399ca914a072/140628_Pacifica_at_Stanford_Crossing_Oban_Oban_Spanish_Modern_UB.jpg"", ""https://www.khov.com/contentassets/0d6ffd20e3a3427f88ce399ca914a072/5_framing_exterior_21501237.jpg"", ""https://www.khov.com/contentassets/0d6ffd20e3a3427f88ce399ca914a072/5_framing_exterior_21501238.jpg"", ""https://www.khov.com/contentassets/0d6ffd20e3a3427f88ce399ca914a072/5_framing_exterior_21501240.jpg"", ""https://www.khov.com/contentassets/0d6ffd20e3a3427f88ce399ca914a072/5_framing_exterior_21501241.jpg""]"
https://www.khov.com/new-construction-homes/california/lathrop/pacifica-at-stanford-crossing/oban-325-glass-beach-drive-0202/,,Pacifica At Stanford Crossing,37.8161629999,-121.3001669999,"325 Glass Beach Drive, Lathrop, CA, 95330",Lathrop,CALIFORNIA,95330,,"Sunday: 11:00-18:00, Monday: 10:00-18:00, Tuesday: 10:00-18:00, Wednesday: 10:00-18:00, Thursday: 10:00-18:00, Friday: 10:00-18:00, Saturday: 10:00-18:00",209-307-7089,https://www.khov.com/,,K. Hovnanian Homes,single family,,,,Y,2,,Y,"Community Park,Playground,Clubhouse,Game Room,Library",,Efficient kitchen featuring designer cabinetry & large pantry Vast center island overlooks dining area Sunlit great room featuring a beautiful volume ceiling Lavish primary suite & bath with freestanding tub Versatile loft offers additional space for leisure activities Private Extra Suite for overnight guests,,,,0,,,1.6,,,,,,Oban,2,3,3,0,2558,763625,2026-07-08,,,,,Efficient kitchen featuring designer cabinetry & large pantry Vast center island overlooks dining area Sunlit great room featuring a beautiful volume ceiling Lavish primary suite & bath with freestanding tub Versatile loft offers additional space for leisure activities Private Extra Suite for overnight guests,3,3,0,2,Garage,,2,2558,,763625,782805,761625,,,,,"[""https://www.khov.com/contentassets/8abfb9e79c8843d39d93dfec73a1dadc/140621_Pacifica_at_Stanford_Crossing_Oban_Hacienda_XB.jpg"", ""https://www.khov.com/contentassets/8abfb9e79c8843d39d93dfec73a1dadc/3_framing_exterior_21303410.jpg"", ""https://www.khov.com/contentassets/8abfb9e79c8843d39d93dfec73a1dadc/3_framing_exterior_21303411.jpg"", ""https://www.khov.com/contentassets/8abfb9e79c8843d39d93dfec73a1dadc/3_framing_exterior_21303413.jpg""]"
https://www.khov.com/new-construction-homes/california/lodi/sonterra/boise-106-solera-drive-0141/,,Sonterra,38.0990959999,-121.270375,"106 Solera Drive, Lodi, CA, 95240",Lodi,CALIFORNIA,95240,,"Sunday: 11:00-18:00, Monday: 10:00-18:00, Tuesday: 10:00-18:00, Wednesday: 10:00-18:00, Thursday: 10:00-18:00, Friday: 10:00-18:00, Saturday: 10:00-18:00",209-340-1055,https://www.khov.com/,,K. Hovnanian Homes,single family,,,,Y,2,,Y,"Park,Walking Path,Solar",,Functional home office for leisure activities Stunning kitchen with dark stained cabinets & glass-front uppers Generous island & quartz countertop for prep & dining Elegant vaulted ceiling connects dining area & great room Luxurious primary suite with gorgeous ceiling moulding Spa-like primary bath with white freestanding tub & dual sinks 12' sliding glass door opens to covered patio,,,,0,,,1.08,,,,,,Boise,2,3,2,0,1917,666270,2026-08-28,,,,,Functional home office for leisure activities Stunning kitchen with dark stained cabinets & glass-front uppers Generous island & quartz countertop for prep & dining Elegant vaulted ceiling connects dining area & great room Luxurious primary suite with gorgeous ceiling moulding Spa-like primary bath with white freestanding tub & dual sinks 12' sliding glass door opens to covered patio,3,2,0,2,Garage,,2,1917,,666270,666270,662270,,,,,"[""https://www.khov.com/contentassets/5ff88c538fe64565a7ae2b371a8f0e52/141193_Sonterra_Boise_Boise_ZB_Contemporary.jpg"", ""https://www.khov.com/contentassets/5ff88c538fe64565a7ae2b371a8f0e52/2_foundation_exterior_21304441.jpg"", ""https://www.khov.com/contentassets/5ff88c538fe64565a7ae2b371a8f0e52/2_foundation_exterior_21304442.jpg"", ""https://www.khov.com/contentassets/5ff88c538fe64565a7ae2b371a8f0e52/2_foundation_exterior_21304444.jpg""]"
https://www.khov.com/new-construction-homes/california/lodi/sonterra/oban-83-solera-drive-0130/,,Sonterra,38.0990959999,-121.270375,"83 Solera Drive, Lodi, CA, 95240",Lodi,CALIFORNIA,95240,,"Sunday: 11:00-18:00, Monday: 10:00-18:00, Tuesday: 10:00-18:00, Wednesday: 10:00-18:00, Thursday: 10:00-18:00, Friday: 10:00-18:00, Saturday: 10:00-18:00",209-340-1055,https://www.khov.com/,,K. Hovnanian Homes,single family,,,,Y,2,,Y,"Park,Walking Path,Solar",,Elegant kitchen featuring white cabinetry & glass-front uppers Sprawling breakfast bar island & pendant lights Great room with stunning volume ceiling Dining area with access to covered patio for outdoor meals Extra Suite convenient for overnight guests Pristine primary suite & bath with freestanding tub & dual sinks Versatile loft for extra living space,,,,0,,,1.08,,,,,,Oban,2,3,3,0,2558,681999,2026-07-13,,,,,Elegant kitchen featuring white cabinetry & glass-front uppers Sprawling breakfast bar island & pendant lights Great room with stunning volume ceiling Dining area with access to covered patio for outdoor meals Extra Suite convenient for overnight guests Pristine primary suite & bath with freestanding tub & dual sinks Versatile loft for extra living space,3,3,0,2,Garage,,2,2558,,681999,691522,672999,,,,,"[""https://www.khov.com/contentassets/9fa6121499a242878dc202248067c038/141201_Sonterra_Oban_Oban_XB_Hacienda.jpg"", ""https://www.khov.com/contentassets/9fa6121499a242878dc202248067c038/5_framing_exterior_21501016.jpg"", ""https://www.khov.com/contentassets/9fa6121499a242878dc202248067c038/5_framing_interior_21501018.jpg"", ""https://www.khov.com/contentassets/9fa6121499a242878dc202248067c038/5_framing_back_21501019.jpg"", ""https://www.khov.com/contentassets/9fa6121499a242878dc202248067c038/5_framing_interior_21501020.jpg"", ""https://www.khov.com/contentassets/9fa6121499a242878dc202248067c038/5_framing_interior_21501021.jpg"", ""https://www.khov.com/contentassets/9fa6121499a242878dc202248067c038/5_framing_interior_21501022.jpg"", ""https://www.khov.com/contentassets/9fa6121499a242878dc202248067c038/5_framing_interior_21501023.jpg"", ""https://www.khov.com/contentassets/9fa6121499a242878dc202248067c038/5_framing_interior_21501025.jpg"", ""https://www.khov.com/contentassets/9fa6121499a242878dc202248067c038/5_framing_interior_21501026.jpg"", ""https://www.khov.com/contentassets/9fa6121499a242878dc202248067c038/5_framing_interior_21501027.jpg""]"
https://www.khov.com/new-construction-homes/california/lodi/sonterra/oban-107-solera-drive-0126/,,Sonterra,38.0990959999,-121.270375,"107 Solera Drive, Lodi, CA, 95240",Lodi,CALIFORNIA,95240,,"Sunday: 11:00-18:00, Monday: 10:00-18:00, Tuesday: 10:00-18:00, Wednesday: 10:00-18:00, Thursday: 10:00-18:00, Friday: 10:00-18:00, Saturday: 10:00-18:00",209-340-1055,https://www.khov.com/,,K. Hovnanian Homes,single family,,,,Y,2,,Y,"Park,Walking Path,Solar",,"Efficient kitchen with grey cabinetry & center island Welcoming great room featuring volume ceiling & ample natural light Serene primary suite with ceiling treatment & dual walk-in closets Polished primary bath featuring freestanding tub & barn door Secluded Extra Suite, perfect for overnight guests Inviting covered patio off the dining area for outdoor meals Attached 2-car garage with service door",,,,0,,,1.08,,,,,,Oban,2,3,3,0,2558,676624,2026-08-18,,,,,"Efficient kitchen with grey cabinetry & center island Welcoming great room featuring volume ceiling & ample natural light Serene primary suite with ceiling treatment & dual walk-in closets Polished primary bath featuring freestanding tub & barn door Secluded Extra Suite, perfect for overnight guests Inviting covered patio off the dining area for outdoor meals Attached 2-car garage with service door",3,3,0,2,Garage,,2,2558,,676624,691522,670604,,,,,"[""https://www.khov.com/contentassets/5e013b6c1368457b9148321881a18b87/141200_Sonterra_Oban_Oban_WB_Farmhouse.jpg"", ""https://www.khov.com/contentassets/5e013b6c1368457b9148321881a18b87/4_foundation_exterior_21501069.jpg"", ""https://www.khov.com/contentassets/5e013b6c1368457b9148321881a18b87/4_foundation_exterior_21501071.jpg"", ""https://www.khov.com/contentassets/5e013b6c1368457b9148321881a18b87/4_foundation_exterior_21501073.jpg""]"
https://www.khov.com/new-construction-homes/california/lodi/sonterra/oban-94-solera-drive-0139/,,Sonterra,38.0990959999,-121.270375,"94 Solera Drive, Lodi, CA, 95240",Lodi,CALIFORNIA,95240,,"Sunday: 11:00-18:00, Monday: 10:00-18:00, Tuesday: 10:00-18:00, Wednesday: 10:00-18:00, Thursday: 10:00-18:00, Friday: 10:00-18:00, Saturday: 10:00-18:00",209-340-1055,https://www.khov.com/,,K. Hovnanian Homes,single family,,,,Y,2,,Y,"Park,Walking Path,Solar",,"Charming kitchen with light-stained cabinetry & floating shelves Sprawling quartz island overlooks dining area & great room 15' multi-slide door to covered patio for outdoor meals Extra Suite, ideal for overnight guests Primary suite & bath with elegant freestanding tub & dual sinks Second-floor loft overlooks great room for open feel Covered patio creates easy living outdoors",,,,0,,,1.08,,,,,,Oban,2,3,3,0,2558,691522,2026-07-09,,,,,"Charming kitchen with light-stained cabinetry & floating shelves Sprawling quartz island overlooks dining area & great room 15' multi-slide door to covered patio for outdoor meals Extra Suite, ideal for overnight guests Primary suite & bath with elegant freestanding tub & dual sinks Second-floor loft overlooks great room for open feel Covered patio creates easy living outdoors",3,3,0,2,Garage,,2,2558,,691522,691522,684522,,,,,"[""https://www.khov.com/contentassets/9d1a01d7c37d4eb689a89340ad51d58c/141190_Sonterra_Oban_Oban_ZB_Contemporary.jpg"", ""https://www.khov.com/contentassets/9d1a01d7c37d4eb689a89340ad51d58c/3_framing_exterior_21304450.jpg"", ""https://www.khov.com/contentassets/9d1a01d7c37d4eb689a89340ad51d58c/3_framing_exterior_21304451.jpg""]"
https://www.khov.com/new-construction-homes/california/manteca/the-estates/aegean-1834-bedrock-street-0054/,,The Estates,37.834841,-121.249898,"1834 Bedrock Street, Manteca, CA, 95336",Manteca,CALIFORNIA,95336,,"Sunday: 11:00-18:00, Monday: 10:00-18:00, Tuesday: 10:00-18:00, Wednesday: 10:00-18:00, Thursday: 10:00-18:00, Friday: 10:00-18:00, Saturday: 10:00-18:00",209-399-3455,https://www.khov.com/,,K. Hovnanian Homes,single family,,,,Y,2,,Y,"Easy Commutes,Extra Suite Plus Available,Interiors,Near Public Transportation,Vaulted Ceilings",,"Spacious home office with room to focus or unwind Kitchen with Chestnut Brown cabinetry & wall oven in a warm, grounded palette Sprawling central island anchors the space for prep & gathering Great room & dining area with coffered ceiling that adds depth Primary suite with coffered ceiling that elevates the space Primary bath with freestanding soaking tub that invites relaxation",,,,0,,,1.75,,,,,,Aegean,2,5,3,0,2461,728190,2026-07-28,,,,,"Spacious home office with room to focus or unwind Kitchen with Chestnut Brown cabinetry & wall oven in a warm, grounded palette Sprawling central island anchors the space for prep & gathering Great room & dining area with coffered ceiling that adds depth Primary suite with coffered ceiling that elevates the space Primary bath with freestanding soaking tub that invites relaxation",5,3,0,1,Garage,,2,2461,,728190,730835,727190,,,,,"[""https://www.khov.com/contentassets/5f1d7095988c490db1680917ff53858b/188667_Rosewood_at_the_Estates_Aegean_AegeanFarmhouseGen3elev_DAY_Level_2.jpg"", ""https://www.khov.com/contentassets/5f1d7095988c490db1680917ff53858b/159982_Tucson_Kitchen_Farmhouse_Palette_5_Level_1_European_Farmhouse.jpg"", ""https://www.khov.com/contentassets/5f1d7095988c490db1680917ff53858b/199355_Luna_Bella_at_Plumas_Lake_Faro_Primary_Bath_Farmhouse_Palette_5_Level_1_European_Farmhouse.jpg"", ""https://www.khov.com/contentassets/5f1d7095988c490db1680917ff53858b/199362_Luna_Bella_at_Plumas_Lake_Faro_Primary_Bath_Plus_Tub_Farmhouse_Palette_5_Level_1_European_Farmhouse.jpg"", ""https://www.khov.com/contentassets/5f1d7095988c490db1680917ff53858b/2_foundation_exterior_21396283.jpg"", ""https://www.khov.com/contentassets/5f1d7095988c490db1680917ff53858b/2_foundation_exterior_21396286.jpg"", ""https://www.khov.com/contentassets/5f1d7095988c490db1680917ff53858b/2_foundation_exterior_21396288.jpg""]"
https://www.khov.com/new-construction-homes/california/manteca/the-estates/aegean-1898-bedrock-street-0060/,,The Estates,37.834841,-121.249898,"1898 Bedrock Street, Manteca, CA, 95336",Manteca,CALIFORNIA,95336,,"Sunday: 11:00-18:00, Monday: 10:00-18:00, Tuesday: 10:00-18:00, Wednesday: 10:00-18:00, Thursday: 10:00-18:00, Friday: 10:00-18:00, Saturday: 10:00-18:00",209-399-3455,https://www.khov.com/,,K. Hovnanian Homes,single family,,,,Y,2,,Y,"Easy Commutes,Extra Suite Plus Available,Interiors,Near Public Transportation,Vaulted Ceilings",,"Spacious home office that works as a quiet retreat or flex space Kitchen with stacked Chestnut Brown cabinetry & glass-front uppers that add visual interest Expansive central island creates space for everyday use & casual dining Great room, dining area, & primary suite with coffered ceiling that brings architectural detail Primary bath with freestanding soaking offers a place to unwind",,,,0,,,1.75,,,,,,Aegean,2,5,3,0,2461,700000,2026-07-09,,,,,"Spacious home office that works as a quiet retreat or flex space Kitchen with stacked Chestnut Brown cabinetry & glass-front uppers that add visual interest Expansive central island creates space for everyday use & casual dining Great room, dining area, & primary suite with coffered ceiling that brings architectural detail Primary bath with freestanding soaking offers a place to unwind",5,3,0,1,Garage,,2,2461,,700000,730835,717850,,,,,"[""https://www.khov.com/contentassets/ba7b2fa7c9fd45da803993b4313b896a/188667_Rosewood_at_the_Estates_Aegean_AegeanFarmhouseGen3elev_DAY_Level_2.jpg"", ""https://www.khov.com/contentassets/ba7b2fa7c9fd45da803993b4313b896a/160021_Tucson_Kitchen_Classic_Palette_5_Level_1_Coastal_Classic.jpg"", ""https://www.khov.com/contentassets/ba7b2fa7c9fd45da803993b4313b896a/199310_Luna_Bella_at_Plumas_Lake_Faro_Primary_Bath_Tub_Classic_Palette_5_Level_1_Modern_Classic.jpg"", ""https://www.khov.com/contentassets/ba7b2fa7c9fd45da803993b4313b896a/199331_Luna_Bella_at_Plumas_Lake_Faro_Primary_Bath_Tub_Classic_Palette_5_Level_1_Modern_Classic.jpg"", ""https://www.khov.com/contentassets/ba7b2fa7c9fd45da803993b4313b896a/4_framing_exterior_21396259.jpg"", ""https://www.khov.com/contentassets/ba7b2fa7c9fd45da803993b4313b896a/4_framing_interior_21396261.jpg"", ""https://www.khov.com/contentassets/ba7b2fa7c9fd45da803993b4313b896a/4_framing_interior_21396262.jpg"", ""https://www.khov.com/contentassets/ba7b2fa7c9fd45da803993b4313b896a/4_framing_interior_21396263.jpg"", ""https://www.khov.com/contentassets/ba7b2fa7c9fd45da803993b4313b896a/4_framing_interior_21396264.jpg"", ""https://www.khov.com/contentassets/ba7b2fa7c9fd45da803993b4313b896a/4_framing_interior_21396265.jpg"", ""https://www.khov.com/contentassets/ba7b2fa7c9fd45da803993b4313b896a/4_framing_exterior_21396266.jpg"", ""https://www.khov.com/contentassets/ba7b2fa7c9fd45da803993b4313b896a/4_framing_interior_21396267.jpg"", ""https://www.khov.com/contentassets/ba7b2fa7c9fd45da803993b4313b896a/4_framing_interior_21396268.jpg"", ""https://www.khov.com/contentassets/ba7b2fa7c9fd45da803993b4313b896a/4_framing_interior_21396269.jpg""]"
https://www.khov.com/new-construction-homes/california/manteca/the-estates/aegean-esp-1818-bedrock-street-0052/,,The Estates,37.834841,-121.249898,"1818 Bedrock Street, Manteca, CA, 95336",Manteca,CALIFORNIA,95336,,"Sunday: 11:00-18:00, Monday: 10:00-18:00, Tuesday: 10:00-18:00, Wednesday: 10:00-18:00, Thursday: 10:00-18:00, Friday: 10:00-18:00, Saturday: 10:00-18:00",209-399-3455,https://www.khov.com/,,K. Hovnanian Homes,single family,,,,Y,3,,Y,"Easy Commutes,Extra Suite Plus Available,Interiors,Near Public Transportation,Vaulted Ceilings",,"Extra Suite Plus with private bath, living room & kitchenette for flexible living Kitchen, great room & dining area united beneath a vaulted ceiling Kitchen with sleek Pewter Grey cabinetry & wall oven Primary suite with coffered ceiling & walk-in closet for everyday storage Private primary bath with dual sinks & freestanding soaking tub for a relaxing retreat",,,,0,,,1.75,,,,,,Aegean ESP,3,4,3,0,2274,707790,2026-07-27,,,,,"Extra Suite Plus with private bath, living room & kitchenette for flexible living Kitchen, great room & dining area united beneath a vaulted ceiling Kitchen with sleek Pewter Grey cabinetry & wall oven Primary suite with coffered ceiling & walk-in closet for everyday storage Private primary bath with dual sinks & freestanding soaking tub for a relaxing retreat",4,3,0,2,Garage,,3,2274,,707790,707790,706790,,,,,"[""https://www.khov.com/contentassets/83a5e30fc92443c6899bf161a7d6690c/188669_Rosewood_at_the_Estates_Aegean_AegeanSpanish_ModernGen3elev_DAY_Level_2.jpg"", ""https://www.khov.com/contentassets/83a5e30fc92443c6899bf161a7d6690c/160029_Tucson_Kitchen_Loft_Palette_6_Level_1_Coastal_Loft.jpg"", ""https://www.khov.com/contentassets/83a5e30fc92443c6899bf161a7d6690c/199393_Luna_Bella_at_Plumas_Lake_Faro_Primary_Bath_Tub_Loft_Palette_6_Level_1_Collective_Loft.jpg"", ""https://www.khov.com/contentassets/83a5e30fc92443c6899bf161a7d6690c/199414_Luna_Bella_at_Plumas_Lake_Faro_Primary_Bath_Plus_Tub_Loft_Palette_6_Level_1_Collective_Loft.jpg"", ""https://www.khov.com/contentassets/83a5e30fc92443c6899bf161a7d6690c/2_foundation_exterior_21396290.jpg"", ""https://www.khov.com/contentassets/83a5e30fc92443c6899bf161a7d6690c/2_foundation_exterior_21396291.jpg"", ""https://www.khov.com/contentassets/83a5e30fc92443c6899bf161a7d6690c/2_foundation_exterior_21396294.jpg""]"
https://www.khov.com/new-construction-homes/california/manteca/the-estates/barcelona-1826-bedrock-street-0053/,,The Estates,37.834841,-121.249898,"1826 Bedrock Street, Manteca, CA, 95336",Manteca,CALIFORNIA,95336,,"Sunday: 11:00-18:00, Monday: 10:00-18:00, Tuesday: 10:00-18:00, Wednesday: 10:00-18:00, Thursday: 10:00-18:00, Friday: 10:00-18:00, Saturday: 10:00-18:00",209-399-3455,https://www.khov.com/,,K. Hovnanian Homes,single family,,,,Y,2,,Y,"Easy Commutes,Extra Suite Plus Available,Interiors,Near Public Transportation,Vaulted Ceilings",,"Home office with sliding barn doors for a private workspace Great room with vaulted ceiling for an open, airy feel 12' multi-slide door opening to a covered patio for seamless indoor-outdoor living Kitchen with stacked Ash Grey cabinetry & glass-front uppers Window-lined dining area with direct access to the covered patio Primary suite with ceiling detail for added dimension Primary bath with dual sinks & freestanding soaking tub for a relaxing space",,,,0,,,1.75,,,,,,Barcelona,2,4,2,0,2277,715970,2026-07-29,,,,,"Home office with sliding barn doors for a private workspace Great room with vaulted ceiling for an open, airy feel 12' multi-slide door opening to a covered patio for seamless indoor-outdoor living Kitchen with stacked Ash Grey cabinetry & glass-front uppers Window-lined dining area with direct access to the covered patio Primary suite with ceiling detail for added dimension Primary bath with dual sinks & freestanding soaking tub for a relaxing space",4,2,0,1,Garage,,2,2277,,715970,730835,714970,,,,,"[""https://www.khov.com/contentassets/d9e97840417145e59107a873d29fbea1/188670_Rosewood_at_the_Estates_Barcelona_BarcelonaContemporaryGen3elev_DAY_Level_2.jpg"", ""https://www.khov.com/contentassets/d9e97840417145e59107a873d29fbea1/160017_Tucson_Kitchen_Classic_Palette_1_Level_1_Coastal_Classic.jpg"", ""https://www.khov.com/contentassets/d9e97840417145e59107a873d29fbea1/199319_Luna_Bella_at_Plumas_Lake_Faro_Primary_Bath_Tub_Classic_Palette_6_Level_1_Modern_Classic.jpg"", ""https://www.khov.com/contentassets/d9e97840417145e59107a873d29fbea1/199333_Luna_Bella_at_Plumas_Lake_Faro_Primary_Bath_Tub_Plus_Classic_Palette_6_Level_1_Modern_Classic.jpg"", ""https://www.khov.com/contentassets/d9e97840417145e59107a873d29fbea1/2_foundation_exterior_21396285.jpg"", ""https://www.khov.com/contentassets/d9e97840417145e59107a873d29fbea1/2_foundation_exterior_21396287.jpg"", ""https://www.khov.com/contentassets/d9e97840417145e59107a873d29fbea1/2_foundation_exterior_21396289.jpg""]"
https://www.khov.com/new-construction-homes/california/manteca/the-estates/barcelona-1884-bedrock-street-0059/,,The Estates,37.834841,-121.249898,"1884 Bedrock Street, Manteca, CA, 95336",Manteca,CALIFORNIA,95336,,"Sunday: 11:00-18:00, Monday: 10:00-18:00, Tuesday: 10:00-18:00, Wednesday: 10:00-18:00, Thursday: 10:00-18:00, Friday: 10:00-18:00, Saturday: 10:00-18:00",209-399-3455,https://www.khov.com/,,K. Hovnanian Homes,single family,,,,Y,2,,Y,"Easy Commutes,Extra Suite Plus Available,Interiors,Near Public Transportation,Vaulted Ceilings",,Sliding doors define a private home office Vaulted ceiling elevates the great room Fireplace creates a refined focal point in the great room 12' multi-slide door connects seamlessly to the covered patio Kitchen showcases Ash Grey stacked cabinetry with glass-front uppers Ceiling treatment adds depth to the primary suite Primary bath offers dual sinks & a freestanding soaking tub,,,,0,,,1.75,,,,,,Barcelona,2,4,2,0,2277,697070,2026-07-13,,,,,Sliding doors define a private home office Vaulted ceiling elevates the great room Fireplace creates a refined focal point in the great room 12' multi-slide door connects seamlessly to the covered patio Kitchen showcases Ash Grey stacked cabinetry with glass-front uppers Ceiling treatment adds depth to the primary suite Primary bath offers dual sinks & a freestanding soaking tub,4,2,0,1,Garage,,2,2277,,697070,730835,696070,,,,,"[""https://www.khov.com/contentassets/d95e1472116a4026bed9f5c336d8a857/188672_Rosewood_at_the_Estates_Barcelona_BarcelonaMediterraneanGen3elev_DAY_Level_2.jpg"", ""https://www.khov.com/contentassets/d95e1472116a4026bed9f5c336d8a857/160017_Tucson_Kitchen_Classic_Palette_1_Level_1_Coastal_Classic.jpg"", ""https://www.khov.com/contentassets/d95e1472116a4026bed9f5c336d8a857/199316_Luna_Bella_at_Plumas_Lake_Faro_Primary_Bath_Classic_Palette_1_Level_1_Modern_Classic.jpg"", ""https://www.khov.com/contentassets/d95e1472116a4026bed9f5c336d8a857/199330_Luna_Bella_at_Plumas_Lake_Faro_Primary_Bath_Tub_Classic_Palette_1_Level_1_Modern_Classic.jpg"", ""https://www.khov.com/contentassets/d95e1472116a4026bed9f5c336d8a857/4_framing_exterior_21396258.jpg"", ""https://www.khov.com/contentassets/d95e1472116a4026bed9f5c336d8a857/4_framing_exterior_21396260.jpg""]"
https://www.khov.com/new-construction-homes/california/manteca/the-estates/barcelona-2556-meadowrock-lane-0051/,,The Estates,37.834841,-121.249898,"2556 Meadowrock Lane, Manteca, CA, 95336",Manteca,CALIFORNIA,95336,,"Sunday: 11:00-18:00, Monday: 10:00-18:00, Tuesday: 10:00-18:00, Wednesday: 10:00-18:00, Thursday: 10:00-18:00, Friday: 10:00-18:00, Saturday: 10:00-18:00",209-399-3455,https://www.khov.com/,,K. Hovnanian Homes,single family,,,,Y,2,,Y,"Easy Commutes,Extra Suite Plus Available,Interiors,Near Public Transportation,Vaulted Ceilings",,"Sliding doors define a private home office Vaulted ceiling spans the great room for an open, airy feel 12' multi-slide door connects the great room to the covered patio Kitchen features Chestnut Brown cabinetry & a wall oven Ceiling treatment adds character to the primary suite Primary bath offers dual sinks & a freestanding soaking tub",,,,0,,,1.75,,,,,,Barcelona,2,4,2,0,2277,714190,2026-07-07,,,,,"Sliding doors define a private home office Vaulted ceiling spans the great room for an open, airy feel 12' multi-slide door connects the great room to the covered patio Kitchen features Chestnut Brown cabinetry & a wall oven Ceiling treatment adds character to the primary suite Primary bath offers dual sinks & a freestanding soaking tub",4,2,0,1,Garage,,2,2277,,714190,730835,691790,,,,,"[""https://www.khov.com/contentassets/16ab0f5fdc9d489b9233071101090d65/188670_Rosewood_at_the_Estates_Barcelona_BarcelonaContemporaryGen3elev_DAY_Level_2.jpg"", ""https://www.khov.com/contentassets/16ab0f5fdc9d489b9233071101090d65/159982_Tucson_Kitchen_Farmhouse_Palette_5_Level_1_European_Farmhouse.jpg"", ""https://www.khov.com/contentassets/16ab0f5fdc9d489b9233071101090d65/199355_Luna_Bella_at_Plumas_Lake_Faro_Primary_Bath_Farmhouse_Palette_5_Level_1_European_Farmhouse.jpg"", ""https://www.khov.com/contentassets/16ab0f5fdc9d489b9233071101090d65/199369_Luna_Bella_at_Plumas_Lake_Faro_Primary_Bath_Tub_Farmhouse_Palette_5_Level_1_European_Farmhouse.jpg"", ""https://www.khov.com/contentassets/16ab0f5fdc9d489b9233071101090d65/3_mechanical_exterior_21396314.jpg"", ""https://www.khov.com/contentassets/16ab0f5fdc9d489b9233071101090d65/3_mechanical_exterior_21396315.jpg"", ""https://www.khov.com/contentassets/16ab0f5fdc9d489b9233071101090d65/3_mechanical_exterior_21396317.jpg"", ""https://www.khov.com/contentassets/16ab0f5fdc9d489b9233071101090d65/3_mechanical_interior_21396318.jpg"", ""https://www.khov.com/contentassets/16ab0f5fdc9d489b9233071101090d65/3_mechanical_interior_21396319.jpg"", ""https://www.khov.com/contentassets/16ab0f5fdc9d489b9233071101090d65/3_mechanical_interior_21396321.jpg"", ""https://www.khov.com/contentassets/16ab0f5fdc9d489b9233071101090d65/3_mechanical_interior_21396322.jpg"", ""https://www.khov.com/contentassets/16ab0f5fdc9d489b9233071101090d65/3_mechanical_interior_21396323.jpg"", ""https://www.khov.com/contentassets/16ab0f5fdc9d489b9233071101090d65/3_mechanical_interior_21396324.jpg"", ""https://www.khov.com/contentassets/16ab0f5fdc9d489b9233071101090d65/3_mechanical_interior_21396325.jpg""]"
https://www.khov.com/new-construction-homes/california/manteca/the-estates/barcelona-2573-meadowrock-lane-0042/,,The Estates,37.834841,-121.249898,"2573 Meadowrock Lane, Manteca, CA, 95336",Manteca,CALIFORNIA,95336,,"Sunday: 11:00-18:00, Monday: 10:00-18:00, Tuesday: 10:00-18:00, Wednesday: 10:00-18:00, Thursday: 10:00-18:00, Friday: 10:00-18:00, Saturday: 10:00-18:00",209-399-3455,https://www.khov.com/,,K. Hovnanian Homes,single family,,,,Y,2,,Y,"Easy Commutes,Extra Suite Plus Available,Interiors,Near Public Transportation,Vaulted Ceilings",,Home office with sliding doors tucked off the foyer Great room with vaulted ceiling adds light and openness 12' multi-slide glass door connects the great room to the covered patio Kitchen with Chestnut Brown cabinetry & wall oven Window-lined dining area opens to the covered patio Primary suite with ceiling treatment for added character Private primary bath with freestanding soaking tub,,,,0,,,1.75,,,,,,Barcelona,2,4,2,0,2277,728035,2026-05-19,,,,,Home office with sliding doors tucked off the foyer Great room with vaulted ceiling adds light and openness 12' multi-slide glass door connects the great room to the covered patio Kitchen with Chestnut Brown cabinetry & wall oven Window-lined dining area opens to the covered patio Primary suite with ceiling treatment for added character Private primary bath with freestanding soaking tub,4,2,0,1,Garage,,2,2277,,728035,730835,714790,,,,,"[""https://www.khov.com/contentassets/eabfc4b5f0bc4bcabe5862c3e0a50548/188671_Rosewood_at_the_Estates_Barcelona_BarcelonaFarmhouseGen3elev_DAY_Level_2.jpg"", ""https://www.khov.com/contentassets/eabfc4b5f0bc4bcabe5862c3e0a50548/159982_Tucson_Kitchen_Farmhouse_Palette_5_Level_1_European_Farmhouse.jpg"", ""https://www.khov.com/contentassets/eabfc4b5f0bc4bcabe5862c3e0a50548/199355_Luna_Bella_at_Plumas_Lake_Faro_Primary_Bath_Farmhouse_Palette_5_Level_1_European_Farmhouse.jpg"", ""https://www.khov.com/contentassets/eabfc4b5f0bc4bcabe5862c3e0a50548/199362_Luna_Bella_at_Plumas_Lake_Faro_Primary_Bath_Plus_Tub_Farmhouse_Palette_5_Level_1_European_Farmhouse.jpg"", ""https://www.khov.com/contentassets/eabfc4b5f0bc4bcabe5862c3e0a50548/4_int.-finish_exterior_21396418.jpg"", ""https://www.khov.com/contentassets/eabfc4b5f0bc4bcabe5862c3e0a50548/4_int.-finish_exterior_21396420.jpg"", ""https://www.khov.com/contentassets/eabfc4b5f0bc4bcabe5862c3e0a50548/4_int.-finish_exterior_21396421.jpg"", ""https://www.khov.com/contentassets/eabfc4b5f0bc4bcabe5862c3e0a50548/4_int.-finish_bedroom_21396422.jpg"", ""https://www.khov.com/contentassets/eabfc4b5f0bc4bcabe5862c3e0a50548/4_int.-finish_bedroom_21396423.jpg"", ""https://www.khov.com/contentassets/eabfc4b5f0bc4bcabe5862c3e0a50548/4_int.-finish_bedroom_21396426.jpg"", ""https://www.khov.com/contentassets/eabfc4b5f0bc4bcabe5862c3e0a50548/4_int.-finish_bedroom_21396427.jpg"", ""https://www.khov.com/contentassets/eabfc4b5f0bc4bcabe5862c3e0a50548/4_int.-finish_bedroom_21396428.jpg"", ""https://www.khov.com/contentassets/eabfc4b5f0bc4bcabe5862c3e0a50548/4_int.-finish_exterior_21396430.jpg"", ""https://www.khov.com/contentassets/eabfc4b5f0bc4bcabe5862c3e0a50548/4_int.-finish_back_21396432.jpg""]"
https://www.khov.com/new-construction-homes/california/manteca/the-estates/faro-2634-larimar-avenue-0092/,,The Estates,37.834841,-121.249898,"2634 Larimar Avenue, Manteca, CA, 95336",Manteca,CALIFORNIA,95336,,"Sunday: 11:00-18:00, Monday: 10:00-18:00, Tuesday: 10:00-18:00, Wednesday: 10:00-18:00, Thursday: 10:00-18:00, Friday: 10:00-18:00, Saturday: 10:00-18:00",209-399-3455,https://www.khov.com/,,K. Hovnanian Homes,single family,,,,Y,2,,Y,"Easy Commutes,Extra Suite Plus Available,Interiors,Near Public Transportation,Vaulted Ceilings",,Efficient kitchen featuring Birch White cabinetry & ample counter space Striking vaulted ceiling connects dining area & great room Serene primary suite for rest & relaxation Polished primary bath featuring freestanding tub & generous walk-in closet Private Extra Suite for overnight guests Inviting covered patio featuring 15' multi-slide door Attached 2-car garage for vehicles & storage,,,,0,,,1.75,,,,,,Faro,2,3,3,0,2249,673720,2026-08-10,,,,,Efficient kitchen featuring Birch White cabinetry & ample counter space Striking vaulted ceiling connects dining area & great room Serene primary suite for rest & relaxation Polished primary bath featuring freestanding tub & generous walk-in closet Private Extra Suite for overnight guests Inviting covered patio featuring 15' multi-slide door Attached 2-car garage for vehicles & storage,3,3,0,2,Garage,,2,2249,,673720,673720,673720,,,,,"[""https://www.khov.com/contentassets/9e5c1dbc9d97483f959d1ad497fe37ea/188655_Meridian_at_The_Estates_Faro_FaroFarmhouseGen3elev_DAY_Level_2.jpg"", ""https://www.khov.com/contentassets/9e5c1dbc9d97483f959d1ad497fe37ea/160026_Tucson_Kitchen_Loft_Palette_3_Level_1_Coastal_Loft.jpg"", ""https://www.khov.com/contentassets/9e5c1dbc9d97483f959d1ad497fe37ea/199396_Luna_Bella_at_Plumas_Lake_Faro_Primary_Bath_Tub_Loft_Palette_3_Level_1_Collective_Loft.jpg"", ""https://www.khov.com/contentassets/9e5c1dbc9d97483f959d1ad497fe37ea/199410_Luna_Bella_at_Plumas_Lake_Faro_Primary_Bath_Tub_Loft_Palette_3_Level_1_Collective_Loft.jpg"", ""https://www.khov.com/contentassets/9e5c1dbc9d97483f959d1ad497fe37ea/2_foundation_exterior_21399957.jpg"", ""https://www.khov.com/contentassets/9e5c1dbc9d97483f959d1ad497fe37ea/2_foundation_exterior_21399960.jpg""]"
https://www.khov.com/new-construction-homes/california/manteca/the-estates/macon-ii-2580-meadowrock-lane-0049/,,The Estates,37.834841,-121.249898,"2580 Meadowrock Lane, Manteca, CA, 95336",Manteca,CALIFORNIA,95336,,"Sunday: 11:00-18:00, Monday: 10:00-18:00, Tuesday: 10:00-18:00, Wednesday: 10:00-18:00, Thursday: 10:00-18:00, Friday: 10:00-18:00, Saturday: 10:00-18:00",209-399-3455,https://www.khov.com/,,K. Hovnanian Homes,single family,,,,Y,2,,Y,"Easy Commutes,Extra Suite Plus Available,Interiors,Near Public Transportation,Vaulted Ceilings",,Extra Suite located on the first floor for everyday flexibility Kitchen with Birch White cabinetry & wall oven Bright dining area with windows and patio access 15' multi-slide door creates seamless indoor-outdoor flow Primary bath features a freestanding soaking tub Upstairs loft adds additional living or work space,,,,0,,,1.75,,,,,,Macon II,2,4,3,0,2891,730835,2026-05-06,,,,,Extra Suite located on the first floor for everyday flexibility Kitchen with Birch White cabinetry & wall oven Bright dining area with windows and patio access 15' multi-slide door creates seamless indoor-outdoor flow Primary bath features a freestanding soaking tub Upstairs loft adds additional living or work space,4,3,0,2,Garage,,2,2891,,730835,730835,755560,,,,,"[""https://www.khov.com/contentassets/72d037e6025d4d60a87e19e711e5aab3/188681_Rosewood_at_the_Estates_Macon_II_Macon_IISpanish_ModernGen3elev_DAY_Level_2.jpg"", ""https://www.khov.com/contentassets/72d037e6025d4d60a87e19e711e5aab3/159980_Tucson_Kitchen_Farmhouse_Palette_3_Level_1_European_Farmhouse.jpg"", ""https://www.khov.com/contentassets/72d037e6025d4d60a87e19e711e5aab3/199357_Luna_Bella_at_Plumas_Lake_Faro_Primary_Bath_Farmhouse_Palette_3_Level_1_European_Farmhouse.jpg"", ""https://www.khov.com/contentassets/72d037e6025d4d60a87e19e711e5aab3/199371_Luna_Bella_at_Plumas_Lake_Faro_Primary_Bath_Tub_Farmhouse_Palette_3_Level_1_European_Farmhouse.jpg"", ""https://www.khov.com/contentassets/72d037e6025d4d60a87e19e711e5aab3/3_int.-finish_exterior_21396342.jpg"", ""https://www.khov.com/contentassets/72d037e6025d4d60a87e19e711e5aab3/3_int.-finish_bedroom_21396346.jpg"", ""https://www.khov.com/contentassets/72d037e6025d4d60a87e19e711e5aab3/3_int.-finish_bedroom_21396347.jpg"", ""https://www.khov.com/contentassets/72d037e6025d4d60a87e19e711e5aab3/3_int.-finish_kitchen_21396348.jpg"", ""https://www.khov.com/contentassets/72d037e6025d4d60a87e19e711e5aab3/3_int.-finish_bathroom_21396349.jpg"", ""https://www.khov.com/contentassets/72d037e6025d4d60a87e19e711e5aab3/3_int.-finish_kitchen_21396350.jpg"", ""https://www.khov.com/contentassets/72d037e6025d4d60a87e19e711e5aab3/3_int.-finish_kitchen_21396351.jpg"", ""https://www.khov.com/contentassets/72d037e6025d4d60a87e19e711e5aab3/3_int.-finish_kitchen_21396352.jpg"", ""https://www.khov.com/contentassets/72d037e6025d4d60a87e19e711e5aab3/3_int.-finish_interior_21396353.jpg"", ""https://www.khov.com/contentassets/72d037e6025d4d60a87e19e711e5aab3/3_int.-finish_bedroom_21396354.jpg""]"
https://www.khov.com/new-construction-homes/california/manteca/the-estates/water-lily-ii-2641-arabetto-lane-01042/,,The Estates,37.834841,-121.249898,"2641 Arabetto Lane, Manteca, CA, 95336",Manteca,CALIFORNIA,95336,,"Sunday: 11:00-18:00, Monday: 10:00-18:00, Tuesday: 10:00-18:00, Wednesday: 10:00-18:00, Thursday: 10:00-18:00, Friday: 10:00-18:00, Saturday: 10:00-18:00",209-399-3455,https://www.khov.com/,,K. Hovnanian Homes,single family,,,,Y,2,,Y,"Easy Commutes,Extra Suite Plus Available,Interiors,Near Public Transportation,Vaulted Ceilings",,Kitchen with Ash Grey cabinetry & glass-front uppers Kitchen includes a wall oven & island for prep & dining 15' multi-slide door to the covered patio spans the great room & dining area First-floor Extra Suite with private bath for added flexibility Secluded rimary suite with dual walk-in closets Primary bath with dual sinks & glass shower enclosure Second-floor loft provides a versatile living area,,,,0,,,1.75,,,,,,Water Lily II,2,5,3,0,2588,702630,2026-07-16,,,,,Kitchen with Ash Grey cabinetry & glass-front uppers Kitchen includes a wall oven & island for prep & dining 15' multi-slide door to the covered patio spans the great room & dining area First-floor Extra Suite with private bath for added flexibility Secluded rimary suite with dual walk-in closets Primary bath with dual sinks & glass shower enclosure Second-floor loft provides a versatile living area,5,3,0,2,Garage,,2,2588,,702630,702630,702630,,,,,"[""https://www.khov.com/contentassets/cce4de835b0b4b78a0bbcc413130a094/188660_Meridian_at_The_Estates_Water_Lily_II_Water_Lily_IIMediterraneanGen3elev_DAY_Level_2.jpg"", ""https://www.khov.com/contentassets/cce4de835b0b4b78a0bbcc413130a094/160017_Tucson_Kitchen_Classic_Palette_1_Level_1_Coastal_Classic.jpg"", ""https://www.khov.com/contentassets/cce4de835b0b4b78a0bbcc413130a094/160059_Tucson_Primary_Bath_Classic_Palette_1_Level_1_Coastal_Classic.jpg"", ""https://www.khov.com/contentassets/cce4de835b0b4b78a0bbcc413130a094/4_framing_exterior_21399913.jpg"", ""https://www.khov.com/contentassets/cce4de835b0b4b78a0bbcc413130a094/4_framing_exterior_21399914.jpg"", ""https://www.khov.com/contentassets/cce4de835b0b4b78a0bbcc413130a094/4_framing_exterior_21399915.jpg"", ""https://www.khov.com/contentassets/cce4de835b0b4b78a0bbcc413130a094/4_framing_exterior_21399917.jpg""]"
https://www.khov.com/new-construction-homes/california/manteca/the-estates/aegean-1817-tanzanite-street-0025/,,The Estates,37.834841,-121.249898,"1817 Tanzanite Street, Manteca, CA, 95336",Manteca,CALIFORNIA,95336,,"Sunday: 11:00-18:00, Monday: 10:00-18:00, Tuesday: 10:00-18:00, Wednesday: 10:00-18:00, Thursday: 10:00-18:00, Friday: 10:00-18:00, Saturday: 10:00-18:00",209-399-3455,https://www.khov.com/,,K. Hovnanian Homes,single family,,,,Y,2,,Y,"Easy Commutes,Extra Suite Plus Available,Interiors,Near Public Transportation,Vaulted Ceilings",,Extra Suite Plus provides space for guests or multigen living Great room and dining connected by vaulted ceiling for seamless flow Kitchen with glass stacked glass- front pewter grey cabinetry & wall oven Dining area perfect for special occasions Private primary suite with stylish coffered ceiling Primary bath showcases dual sinks and freestanding tub Attached 3-car garage for vehicles training,,,,0,,,1.75,,,,,,Aegean,2,5,3,0,2461,705990,,,,,,Extra Suite Plus provides space for guests or multigen living Great room and dining connected by vaulted ceiling for seamless flow Kitchen with glass stacked glass- front pewter grey cabinetry & wall oven Dining area perfect for special occasions Private primary suite with stylish coffered ceiling Primary bath showcases dual sinks and freestanding tub Attached 3-car garage for vehicles training,5,3,0,1,Garage,,2,2461,,705990,730835,755290,,,,,"[""https://www.khov.com/contentassets/03a34fc43e6b446c80345236ec4db922/1_hdr_exterior_21392002.jpg"", ""https://www.khov.com/contentassets/03a34fc43e6b446c80345236ec4db922/1_hdr_exterior_21392080.jpg"", ""https://www.khov.com/contentassets/03a34fc43e6b446c80345236ec4db922/2_hdr_exterior_21392002.jpg"", ""https://www.khov.com/contentassets/03a34fc43e6b446c80345236ec4db922/2_hdr_exterior_21392080.jpg"", ""https://www.khov.com/contentassets/03a34fc43e6b446c80345236ec4db922/2_hdr_porch_21483420.jpg"", ""https://www.khov.com/contentassets/03a34fc43e6b446c80345236ec4db922/1_hdr_kitchen_21392041.jpg"", ""https://www.khov.com/contentassets/03a34fc43e6b446c80345236ec4db922/1_hdr_kitchen_21392044.jpg"", ""https://www.khov.com/contentassets/03a34fc43e6b446c80345236ec4db922/1_hdr_kitchen_21392047.jpg"", ""https://www.khov.com/contentassets/03a34fc43e6b446c80345236ec4db922/1_hdr_bathroom_21392034.jpg"", ""https://www.khov.com/contentassets/03a34fc43e6b446c80345236ec4db922/1_hdr_bathroom_21392036.jpg"", ""https://www.khov.com/contentassets/03a34fc43e6b446c80345236ec4db922/1_hdr_bathroom_21392039.jpg"", ""https://www.khov.com/contentassets/03a34fc43e6b446c80345236ec4db922/1_hdr_bedroom_21392028.jpg"", ""https://www.khov.com/contentassets/03a34fc43e6b446c80345236ec4db922/1_hdr_bedroom_21392031.jpg"", ""https://www.khov.com/contentassets/03a34fc43e6b446c80345236ec4db922/1_hdr_interior_21392007.jpg"", ""https://www.khov.com/contentassets/03a34fc43e6b446c80345236ec4db922/1_hdr_interior_21392005.jpg"", ""https://www.khov.com/contentassets/03a34fc43e6b446c80345236ec4db922/1_hdr_greatroom_21392050.jpg"", ""https://www.khov.com/contentassets/03a34fc43e6b446c80345236ec4db922/1_hdr_greatroom_21392053.jpg"", ""https://www.khov.com/contentassets/03a34fc43e6b446c80345236ec4db922/1_hdr_greatroom_21392055.jpg"", ""https://www.khov.com/contentassets/03a34fc43e6b446c80345236ec4db922/1_hdr_greatroom_21392058.jpg"", ""https://www.khov.com/contentassets/03a34fc43e6b446c80345236ec4db922/1_hdr_interior_21392061.jpg"", ""https://www.khov.com/contentassets/03a34fc43e6b446c80345236ec4db922/1_hdr_interior_21392064.jpg"", ""https://www.khov.com/contentassets/03a34fc43e6b446c80345236ec4db922/1_hdr_interior_21392010.jpg"", ""https://www.khov.com/contentassets/03a34fc43e6b446c80345236ec4db922/1_hdr_bedroom_21392069.jpg"", ""https://www.khov.com/contentassets/03a34fc43e6b446c80345236ec4db922/1_hdr_bedroom_21392067.jpg"", ""https://www.khov.com/contentassets/03a34fc43e6b446c80345236ec4db922/1_hdr_bedroom_21392015.jpg"", ""https://www.khov.com/contentassets/03a34fc43e6b446c80345236ec4db922/1_hdr_bedroom_21392017.jpg"", ""https://www.khov.com/contentassets/03a34fc43e6b446c80345236ec4db922/1_hdr_bedroom_21392020.jpg"", ""https://www.khov.com/contentassets/03a34fc43e6b446c80345236ec4db922/1_hdr_bedroom_21392023.jpg"", ""https://www.khov.com/contentassets/03a34fc43e6b446c80345236ec4db922/1_hdr_bedroom_21392077.jpg"", ""https://www.khov.com/contentassets/03a34fc43e6b446c80345236ec4db922/1_hdr_bedroom_21392075.jpg"", ""https://www.khov.com/contentassets/03a34fc43e6b446c80345236ec4db922/1_hdr_bathroom_21392013.jpg"", ""https://www.khov.com/contentassets/03a34fc43e6b446c80345236ec4db922/1_hdr_bathroom_21392072.jpg"", ""https://www.khov.com/contentassets/03a34fc43e6b446c80345236ec4db922/1_hdr_interior_21392025.jpg"", ""https://www.khov.com/contentassets/03a34fc43e6b446c80345236ec4db922/2_hdr_interior_21392005.jpg"", ""https://www.khov.com/contentassets/03a34fc43e6b446c80345236ec4db922/2_hdr_interior_21392007.jpg"", ""https://www.khov.com/contentassets/03a34fc43e6b446c80345236ec4db922/2_hdr_interior_21392010.jpg"", ""https://www.khov.com/contentassets/03a34fc43e6b446c80345236ec4db922/2_hdr_bathroom_21392013.jpg"", ""https://www.khov.com/contentassets/03a34fc43e6b446c80345236ec4db922/2_hdr_bedroom_21392015.jpg"", ""https://www.khov.com/contentassets/03a34fc43e6b446c80345236ec4db922/2_hdr_bedroom_21392017.jpg"", ""https://www.khov.com/contentassets/03a34fc43e6b446c80345236ec4db922/2_hdr_bedroom_21392020.jpg"", ""https://www.khov.com/contentassets/03a34fc43e6b446c80345236ec4db922/2_hdr_bedroom_21392023.jpg"", ""https://www.khov.com/contentassets/03a34fc43e6b446c80345236ec4db922/2_hdr_interior_21392025.jpg"", ""https://www.khov.com/contentassets/03a34fc43e6b446c80345236ec4db922/2_hdr_bedroom_21392028.jpg"", ""https://www.khov.com/contentassets/03a34fc43e6b446c80345236ec4db922/2_hdr_bedroom_21392031.jpg"", ""https://www.khov.com/contentassets/03a34fc43e6b446c80345236ec4db922/2_hdr_bathroom_21392034.jpg"", ""https://www.khov.com/contentassets/03a34fc43e6b446c80345236ec4db922/2_hdr_bathroom_21392036.jpg"", ""https://www.khov.com/contentassets/03a34fc43e6b446c80345236ec4db922/2_hdr_bathroom_21392039.jpg"", ""https://www.khov.com/contentassets/03a34fc43e6b446c80345236ec4db922/2_hdr_kitchen_21392041.jpg"", ""https://www.khov.com/contentassets/03a34fc43e6b446c80345236ec4db922/2_hdr_kitchen_21392044.jpg"", ""https://www.khov.com/contentassets/03a34fc43e6b446c80345236ec4db922/2_hdr_kitchen_21392047.jpg"", ""https://www.khov.com/contentassets/03a34fc43e6b446c80345236ec4db922/2_hdr_greatroom_21392050.jpg"", ""https://www.khov.com/contentassets/03a34fc43e6b446c80345236ec4db922/2_hdr_greatroom_21392053.jpg"", ""https://www.khov.com/contentassets/03a34fc43e6b446c80345236ec4db922/2_hdr_greatroom_21392055.jpg"", ""https://www.khov.com/contentassets/03a34fc43e6b446c80345236ec4db922/2_hdr_greatroom_21392058.jpg"", ""https://www.khov.com/contentassets/03a34fc43e6b446c80345236ec4db922/2_hdr_interior_21392061.jpg"", ""https://www.khov.com/contentassets/03a34fc43e6b446c80345236ec4db922/2_hdr_interior_21392064.jpg"", ""https://www.khov.com/contentassets/03a34fc43e6b446c80345236ec4db922/2_hdr_bedroom_21392067.jpg"", ""https://www.khov.com/contentassets/03a34fc43e6b446c80345236ec4db922/2_hdr_bedroom_21392069.jpg"", ""https://www.khov.com/contentassets/03a34fc43e6b446c80345236ec4db922/2_hdr_bathroom_21392072.jpg"", ""https://www.khov.com/contentassets/03a34fc43e6b446c80345236ec4db922/2_hdr_bedroom_21392075.jpg"", ""https://www.khov.com/contentassets/03a34fc43e6b446c80345236ec4db922/2_hdr_bedroom_21392077.jpg"", ""https://www.khov.com/contentassets/03a34fc43e6b446c80345236ec4db922/2_hdr_interior_21483426.jpg"", ""https://www.khov.com/contentassets/03a34fc43e6b446c80345236ec4db922/2_hdr_interior_21483429.jpg"", ""https://www.khov.com/contentassets/03a34fc43e6b446c80345236ec4db922/2_hdr_bathroom_21483432.jpg"", ""https://www.khov.com/contentassets/03a34fc43e6b446c80345236ec4db922/2_hdr_interior_21483445.jpg""]"
https://www.khov.com/new-construction-homes/california/paso-robles/mirabella/amadora-1129-mazzini-rd-4063/,,Mirabella,35.6152716,-120.6471273999,"1129 Mazzini Road, Paso Robles, CA, 93446",Paso Robles,CALIFORNIA,93446,,"Sunday: 11:00-17:00, Monday: 09:00-17:00, Tuesday: 09:00-17:00, Wednesday: 09:00-17:00, Thursday: 09:00-17:00, Friday: 09:00-17:00, Saturday: 09:00-17:00",805-467-6516,https://www.khov.com/,,K. Hovnanian Homes,single family,,,,Y,2,,Y,"Walking Trails,Pickleball Courts,Resort-Style Pool",,"Home office off foyer offers a quiet space to work or study Great room, dining area & kitchen share a vaulted ceiling Kitchen with stacked Slate Grey cabinetry & glass-front uppers Calacatta Monaco quartz island serves as a striking centerpiece Spacious covered patio extends from dining area for outdoor entertaining Primary bath with freestanding soaking tub adds a spa-like touch",,,,290,,,1.6,,,,,,Amadora,2,3,2,0,2126,982990,2026-05-06,,,,,"Home office off foyer offers a quiet space to work or study Great room, dining area & kitchen share a vaulted ceiling Kitchen with stacked Slate Grey cabinetry & glass-front uppers Calacatta Monaco quartz island serves as a striking centerpiece Spacious covered patio extends from dining area for outdoor entertaining Primary bath with freestanding soaking tub adds a spa-like touch",3,2,0,1,Garage,,2,2126,,982990,1055990,1023990,,,,,"[""https://www.khov.com/contentassets/86c90b13699845b79e5084d2dbe26568/178400_Mirabella_Amadora_Modern_Farmhouse_WC_Level_3.jpg"", ""https://www.khov.com/contentassets/86c90b13699845b79e5084d2dbe26568/193158_Belfast_ESP_Kitchen_Classic_Palette_4_Level_3_Modern_Classic.jpg"", ""https://www.khov.com/contentassets/86c90b13699845b79e5084d2dbe26568/193167_Belfast_ESP_Primary_Bath_Classic_Palette_4_Level_3_Modern_Classic.jpg"", ""https://www.khov.com/contentassets/86c90b13699845b79e5084d2dbe26568/193178_Belfast_ESP_Primary_Bath_Plus_Tub_Classic_Palette_4_Level_3_Modern_Classic.jpg""]"
https://www.khov.com/new-construction-homes/california/paso-robles/mirabella/asheville-1160-mazzini-road-4133/,,Mirabella,35.6152716,-120.6471273999,"1160 Mazzini Road, Paso Robles, CA, 93446",Paso Robles,CALIFORNIA,93446,,"Sunday: 11:00-17:00, Monday: 09:00-17:00, Tuesday: 09:00-17:00, Wednesday: 09:00-17:00, Thursday: 09:00-17:00, Friday: 09:00-17:00, Saturday: 09:00-17:00",805-467-6516,https://www.khov.com/,,K. Hovnanian Homes,single family,,,,Y,2,,Y,"Walking Trails,Pickleball Courts,Resort-Style Pool",,Soaring vaulted ceiling elevates the great room Kitchen with wall oven & soft Ash Grey cabinetry Quartz island anchored by pendant lighting Sunlit dining area with access to covered patio Primary suite with refined ceiling treatment Private primary bath with freestanding soaking tub Spacious walk-in closet in primary suite 2 car garage for convenience & storage,,,,290,,,1.6,,,,,,Asheville,2,3,2,0,1774,823990,2026-07-22,,,,,Soaring vaulted ceiling elevates the great room Kitchen with wall oven & soft Ash Grey cabinetry Quartz island anchored by pendant lighting Sunlit dining area with access to covered patio Primary suite with refined ceiling treatment Private primary bath with freestanding soaking tub Spacious walk-in closet in primary suite 2 car garage for convenience & storage,3,2,0,1,Garage,,2,1774,,823990,1055990,818990,,,,,"[""https://www.khov.com/contentassets/ca32a6a1b7c84e4cb8d0eab0b710afcf/178385_Mirabella_Asheville_Modern_Farmhouse_WC_Level_3.jpg"", ""https://www.khov.com/contentassets/ca32a6a1b7c84e4cb8d0eab0b710afcf/5_drywall_back_21500097.jpg"", ""https://www.khov.com/contentassets/ca32a6a1b7c84e4cb8d0eab0b710afcf/5_drywall_exterior_21500098.jpg"", ""https://www.khov.com/contentassets/ca32a6a1b7c84e4cb8d0eab0b710afcf/5_drywall_interior_21500099.jpg"", ""https://www.khov.com/contentassets/ca32a6a1b7c84e4cb8d0eab0b710afcf/5_drywall_back_21500100.jpg"", ""https://www.khov.com/contentassets/ca32a6a1b7c84e4cb8d0eab0b710afcf/5_drywall_interior_21500103.jpg"", ""https://www.khov.com/contentassets/ca32a6a1b7c84e4cb8d0eab0b710afcf/5_drywall_interior_21500110.jpg"", ""https://www.khov.com/contentassets/ca32a6a1b7c84e4cb8d0eab0b710afcf/5_drywall_interior_21500112.jpg"", ""https://www.khov.com/contentassets/ca32a6a1b7c84e4cb8d0eab0b710afcf/5_drywall_exterior_21500114.jpg""]"
https://www.khov.com/new-construction-homes/california/paso-robles/mirabella/amadora-1171-mazzini-road-4070/,,Mirabella,35.6152716,-120.6471273999,"1171 Mazzini Road, Paso Robles, CA, 93446",Paso Robles,CALIFORNIA,93446,,"Sunday: 11:00-17:00, Monday: 09:00-17:00, Tuesday: 09:00-17:00, Wednesday: 09:00-17:00, Thursday: 09:00-17:00, Friday: 09:00-17:00, Saturday: 09:00-17:00",805-467-6516,https://www.khov.com/,,K. Hovnanian Homes,single family,,,,Y,2,,Y,"Walking Trails,Pickleball Courts,Resort-Style Pool",,"Efficient kitchen featuring Pewter Grey cabinetry, wall oven, & center island Spacious great room with striking vaulted ceiling Functional dining area adjacent kitchen makes mornings easy Private primary suite for rest & relaxation Polished primary bath with freestanding tub & walk-in closet Formal home office provides a private space for working remotely",,,,290,,,1.6,,,,,,Amadora,2,3,2,0,2126,947990,2026-07-23,,,,,"Efficient kitchen featuring Pewter Grey cabinetry, wall oven, & center island Spacious great room with striking vaulted ceiling Functional dining area adjacent kitchen makes mornings easy Private primary suite for rest & relaxation Polished primary bath with freestanding tub & walk-in closet Formal home office provides a private space for working remotely",3,2,0,1,Garage,,2,2126,,947990,1055990,944990,,,,,"[""https://www.khov.com/contentassets/144d161829524997b3b3829207fab7f0/178401_Mirabella_Amadora_Progressive_Spanish_UC_Level_3.jpg"", ""https://www.khov.com/contentassets/144d161829524997b3b3829207fab7f0/193243_Belfast_ESP_Kitchen_Farmhouse_Palette_6_Level_3_Fresh_Farmhouse.jpg"", ""https://www.khov.com/contentassets/144d161829524997b3b3829207fab7f0/193208_Belfast_ESP_Primary_Bath_Farmhouse_Palette_6_Level_3_Fresh_Farmhouse.jpg"", ""https://www.khov.com/contentassets/144d161829524997b3b3829207fab7f0/193232_Belfast_ESP_Primary_Bath_Tub_Farmhouse_Palette_6_Level_3_Fresh_Farmhouse.jpg"", ""https://www.khov.com/contentassets/144d161829524997b3b3829207fab7f0/5_drywall_interior_21497812.jpg"", ""https://www.khov.com/contentassets/144d161829524997b3b3829207fab7f0/5_drywall_interior_21497814.jpg"", ""https://www.khov.com/contentassets/144d161829524997b3b3829207fab7f0/5_drywall_laundryroom_21497816.jpg"", ""https://www.khov.com/contentassets/144d161829524997b3b3829207fab7f0/5_drywall_interior_21497820.jpg""]"
https://www.khov.com/new-construction-homes/california/paso-robles/mirabella/asheville-1212-olive-hill-road-4089/,,Mirabella,35.6152716,-120.6471273999,"1212 Olive Hill Road, Paso Robles, CA, 93446",Paso Robles,CALIFORNIA,93446,,"Sunday: 11:00-17:00, Monday: 09:00-17:00, Tuesday: 09:00-17:00, Wednesday: 09:00-17:00, Thursday: 09:00-17:00, Friday: 09:00-17:00, Saturday: 09:00-17:00",805-467-6516,https://www.khov.com/,,K. Hovnanian Homes,single family,,,,Y,2,,Y,"Walking Trails,Pickleball Courts,Resort-Style Pool",,"Vaulted great room creates an open, welcoming gathering space Kitchen with wall oven & rich Chestnut Brown cabinetry Quartz island illuminated by pendant lighting for everyday prep Window-lined dining area opens to covered patio Primary suite with ceiling treatment for added character Private primary bath with freestanding soaking tub Spacious walk-in closet in primary suite 2 car garage for parking & storage",,,,290,,,1.6,,,,,,Asheville,2,3,2,0,1774,819990,2026-07-21,,,,,"Vaulted great room creates an open, welcoming gathering space Kitchen with wall oven & rich Chestnut Brown cabinetry Quartz island illuminated by pendant lighting for everyday prep Window-lined dining area opens to covered patio Primary suite with ceiling treatment for added character Private primary bath with freestanding soaking tub Spacious walk-in closet in primary suite 2 car garage for parking & storage",3,2,0,1,Garage,,2,1774,,819990,1055990,814990,,,,,"[""https://www.khov.com/contentassets/52e6c40532864e8facdcbf3361a1bda9/178385_Mirabella_Asheville_Modern_Farmhouse_WC_Level_3.jpg"", ""https://www.khov.com/contentassets/52e6c40532864e8facdcbf3361a1bda9/193242_Belfast_ESP_Kitchen_Farmhouse_Palette_5_Level_3_Fresh_Farmhouse.jpg"", ""https://www.khov.com/contentassets/52e6c40532864e8facdcbf3361a1bda9/193207_Belfast_ESP_Primary_Bath_Farmhouse_Palette_5_Level_3_Fresh_Farmhouse.jpg"", ""https://www.khov.com/contentassets/52e6c40532864e8facdcbf3361a1bda9/193229_Belfast_ESP_Primary_Bath_Tub_Farmhouse_Palette_5_Level_3_Fresh_Farmhouse.jpg"", ""https://www.khov.com/contentassets/52e6c40532864e8facdcbf3361a1bda9/5_mechanical_exterior_21499998.jpg"", ""https://www.khov.com/contentassets/52e6c40532864e8facdcbf3361a1bda9/5_mechanical_exterior_21500000.jpg"", ""https://www.khov.com/contentassets/52e6c40532864e8facdcbf3361a1bda9/5_mechanical_exterior_21500001.jpg"", ""https://www.khov.com/contentassets/52e6c40532864e8facdcbf3361a1bda9/5_mechanical_interior_21500003.jpg"", ""https://www.khov.com/contentassets/52e6c40532864e8facdcbf3361a1bda9/5_mechanical_interior_21500004.jpg"", ""https://www.khov.com/contentassets/52e6c40532864e8facdcbf3361a1bda9/5_mechanical_interior_21500007.jpg"", ""https://www.khov.com/contentassets/52e6c40532864e8facdcbf3361a1bda9/5_mechanical_bedroom_21500008.jpg"", ""https://www.khov.com/contentassets/52e6c40532864e8facdcbf3361a1bda9/5_mechanical_exterior_21500009.jpg"", ""https://www.khov.com/contentassets/52e6c40532864e8facdcbf3361a1bda9/5_mechanical_exterior_21500012.jpg"", ""https://www.khov.com/contentassets/52e6c40532864e8facdcbf3361a1bda9/5_mechanical_exterior_21500013.jpg""]"
https://www.khov.com/new-construction-homes/california/paso-robles/mirabella/barcelona-1178-mazzini-road-4130/,,Mirabella,35.6152716,-120.6471273999,"1178 Mazzini Road, Paso Robles, CA, 93446",Paso Robles,CALIFORNIA,93446,,"Sunday: 11:00-17:00, Monday: 09:00-17:00, Tuesday: 09:00-17:00, Wednesday: 09:00-17:00, Thursday: 09:00-17:00, Friday: 09:00-17:00, Saturday: 09:00-17:00",805-467-6516,https://www.khov.com/,,K. Hovnanian Homes,single family,,,,Y,3,,Y,"Walking Trails,Pickleball Courts,Resort-Style Pool",,Vaulted ceiling draws attention to the great room’s open feel Home office with sliding doors offers a quiet workspace Kitchen with Café Appliances & a wall oven anchors the main living area Dining area framed by windows connects easily to the covered patio 12' multi-slide door extends living space outdoors Primary suite showcases a ceiling treatment Primary bath includes a freestanding soaking tub 3-car garage adds extra storage and flexibility,,,,290,,,1.6,,,,,,Barcelona,3,4,2,0,2277,1010990,2026-08-20,,,,,Vaulted ceiling draws attention to the great room’s open feel Home office with sliding doors offers a quiet workspace Kitchen with Café Appliances & a wall oven anchors the main living area Dining area framed by windows connects easily to the covered patio 12' multi-slide door extends living space outdoors Primary suite showcases a ceiling treatment Primary bath includes a freestanding soaking tub 3-car garage adds extra storage and flexibility,4,2,0,1,Garage,,3,2277,,1010990,1055990,1010990,,,,,"[""https://www.khov.com/contentassets/1a5ae5038f24451880db056aaf394402/178388_Mirabella_Barcelona_Modern_Farmhouse_WC_Level_3.jpg"", ""https://www.khov.com/contentassets/1a5ae5038f24451880db056aaf394402/5_mechanical_exterior_21500042.jpg"", ""https://www.khov.com/contentassets/1a5ae5038f24451880db056aaf394402/5_mechanical_exterior_21500044.jpg"", ""https://www.khov.com/contentassets/1a5ae5038f24451880db056aaf394402/5_mechanical_exterior_21500045.jpg"", ""https://www.khov.com/contentassets/1a5ae5038f24451880db056aaf394402/5_mechanical_interior_21500046.jpg"", ""https://www.khov.com/contentassets/1a5ae5038f24451880db056aaf394402/5_mechanical_interior_21500047.jpg"", ""https://www.khov.com/contentassets/1a5ae5038f24451880db056aaf394402/5_mechanical_interior_21500049.jpg"", ""https://www.khov.com/contentassets/1a5ae5038f24451880db056aaf394402/5_mechanical_interior_21500050.jpg"", ""https://www.khov.com/contentassets/1a5ae5038f24451880db056aaf394402/5_mechanical_interior_21500051.jpg"", ""https://www.khov.com/contentassets/1a5ae5038f24451880db056aaf394402/5_mechanical_exterior_21500056.jpg"", ""https://www.khov.com/contentassets/1a5ae5038f24451880db056aaf394402/5_mechanical_back_21500059.jpg""]"
https://www.khov.com/new-construction-homes/california/paso-robles/mirabella/barcelona-1183-mazzini-road-4072/,,Mirabella,35.6152716,-120.6471273999,"1183 Mazzini Road, Paso Robles, CA, 93446",Paso Robles,CALIFORNIA,93446,,"Sunday: 11:00-17:00, Monday: 09:00-17:00, Tuesday: 09:00-17:00, Wednesday: 09:00-17:00, Thursday: 09:00-17:00, Friday: 09:00-17:00, Saturday: 09:00-17:00",805-467-6516,https://www.khov.com/,,K. Hovnanian Homes,single family,,,,Y,2,,Y,"Walking Trails,Pickleball Courts,Resort-Style Pool",,Sliding doors define a private home office Vaulted ceiling elevates the great room 12' multi-slide door opens the great room to the covered patio Kitchen with Café Appliances & a wall oven centers daily living Window-lined dining area also opens to the covered patio Ceiling treatment adds detail to the primary suite Primary bath features a freestanding soaking tub 2-car garage provides everyday parking,,,,290,,,1.6,,,,,,Barcelona,2,4,2,0,2277,1006990,2026-08-20,,,,,Sliding doors define a private home office Vaulted ceiling elevates the great room 12' multi-slide door opens the great room to the covered patio Kitchen with Café Appliances & a wall oven centers daily living Window-lined dining area also opens to the covered patio Ceiling treatment adds detail to the primary suite Primary bath features a freestanding soaking tub 2-car garage provides everyday parking,4,2,0,1,Garage,,2,2277,,1006990,1055990,1006990,,,,,"[""https://www.khov.com/contentassets/ba8a01d3a4e3485ba6b438a38e7b5882/178388_Mirabella_Barcelona_Modern_Farmhouse_WC_Level_3.jpg"", ""https://www.khov.com/contentassets/ba8a01d3a4e3485ba6b438a38e7b5882/181134_mirabella_barcelona_kitchen_loft_palette-6_level-3_black-and-white---loft.jpg"", ""https://www.khov.com/contentassets/ba8a01d3a4e3485ba6b438a38e7b5882/181135_mirabella_barcelona_kitchen_loft_palette-6_level-3_black-and-white---loft.jpg"", ""https://www.khov.com/contentassets/ba8a01d3a4e3485ba6b438a38e7b5882/181138_mirabella_barcelona_primary-bath_loft_palette-6_level-3_black-and-white---loft.jpg"", ""https://www.khov.com/contentassets/ba8a01d3a4e3485ba6b438a38e7b5882/193125_belfast-esp_primary-bath-plus-tub_loft_palette-6_level-3_black-and-white---loft.jpg"", ""https://www.khov.com/contentassets/ba8a01d3a4e3485ba6b438a38e7b5882/181127_mirabella_barcelona_vaulted-ceiling-great-room_loft_palette-6_level-3_black-and-white---loft.jpg"", ""https://www.khov.com/contentassets/ba8a01d3a4e3485ba6b438a38e7b5882/181128_mirabella_barcelona_vaulted-ceiling-great-room_loft_palette-6_level-3_black-and-white---loft.jpg"", ""https://www.khov.com/contentassets/ba8a01d3a4e3485ba6b438a38e7b5882/181132_mirabella_barcelona_great-room_loft_palette-6_level-3_black-and-white---loft.jpg"", ""https://www.khov.com/contentassets/ba8a01d3a4e3485ba6b438a38e7b5882/181133_mirabella_barcelona_great-room_loft_palette-6_level-3_black-and-white---loft.jpg"", ""https://www.khov.com/contentassets/ba8a01d3a4e3485ba6b438a38e7b5882/181129_mirabella_barcelona_dining-area_loft_palette-6_level-3_black-and-white---loft.jpg"", ""https://www.khov.com/contentassets/ba8a01d3a4e3485ba6b438a38e7b5882/181130_mirabella_barcelona_dining-area_loft_palette-6_level-3_black-and-white---loft.jpg"", ""https://www.khov.com/contentassets/ba8a01d3a4e3485ba6b438a38e7b5882/181136_mirabella_barcelona_home-office_loft_palette-6_level-3_black-and-white---loft.jpg"", ""https://www.khov.com/contentassets/ba8a01d3a4e3485ba6b438a38e7b5882/181137_mirabella_barcelona_home-office_loft_palette-6_level-3_black-and-white---loft.jpg"", ""https://www.khov.com/contentassets/ba8a01d3a4e3485ba6b438a38e7b5882/181126_mirabella_barcelona_primary-suite_loft_palette-6_level-3_black-and-white---loft.jpg"", ""https://www.khov.com/contentassets/ba8a01d3a4e3485ba6b438a38e7b5882/181123_mirabella_barcelona_primary-suite_loft_palette-6_level-3_black-and-white---loft.jpg"", ""https://www.khov.com/contentassets/ba8a01d3a4e3485ba6b438a38e7b5882/5_mechanical_interior_21500396.jpg"", ""https://www.khov.com/contentassets/ba8a01d3a4e3485ba6b438a38e7b5882/5_mechanical_exterior_21500397.jpg"", ""https://www.khov.com/contentassets/ba8a01d3a4e3485ba6b438a38e7b5882/5_mechanical_interior_21500398.jpg"", ""https://www.khov.com/contentassets/ba8a01d3a4e3485ba6b438a38e7b5882/5_mechanical_interior_21500401.jpg"", ""https://www.khov.com/contentassets/ba8a01d3a4e3485ba6b438a38e7b5882/5_mechanical_interior_21500402.jpg"", ""https://www.khov.com/contentassets/ba8a01d3a4e3485ba6b438a38e7b5882/5_mechanical_interior_21500403.jpg"", ""https://www.khov.com/contentassets/ba8a01d3a4e3485ba6b438a38e7b5882/5_mechanical_interior_21500404.jpg"", ""https://www.khov.com/contentassets/ba8a01d3a4e3485ba6b438a38e7b5882/5_mechanical_interior_21500405.jpg"", ""https://www.khov.com/contentassets/ba8a01d3a4e3485ba6b438a38e7b5882/5_mechanical_interior_21500406.jpg"", ""https://www.khov.com/contentassets/ba8a01d3a4e3485ba6b438a38e7b5882/5_mechanical_interior_21500408.jpg""]"
https://www.khov.com/new-construction-homes/california/paso-robles/mirabella/belfast-esp-1100-mazzini-rd-4143/,,Mirabella,35.6152716,-120.6471273999,"1100 Mazzini Road, Paso Robles, CA, 93446",Paso Robles,CALIFORNIA,93446,,"Sunday: 11:00-17:00, Monday: 09:00-17:00, Tuesday: 09:00-17:00, Wednesday: 09:00-17:00, Thursday: 09:00-17:00, Friday: 09:00-17:00, Saturday: 09:00-17:00",805-467-6516,https://www.khov.com/,,K. Hovnanian Homes,single family,,,,Y,2,,Y,"Walking Trails,Pickleball Courts,Resort-Style Pool",,"Extra Suite Plus with full bath, living room, kitchenette & private porch entry Kitchen, dining area & great room unite under a vaulted ceiling Kitchen with stacked Quill cabinetry & glass-front uppers 15' multi-slide door opens to a sprawling covered patio Primary suite highlighted by an elegant ceiling treatment Primary bath with serene freestanding soaking tub",,,,290,,,1.6,,,,,,Belfast ESP,2,4,3,0,2406,952990,,,,,,"Extra Suite Plus with full bath, living room, kitchenette & private porch entry Kitchen, dining area & great room unite under a vaulted ceiling Kitchen with stacked Quill cabinetry & glass-front uppers 15' multi-slide door opens to a sprawling covered patio Primary suite highlighted by an elegant ceiling treatment Primary bath with serene freestanding soaking tub",4,3,0,1,Garage,,2,2406,,952990,1055990,1043990,,,,,"[""https://www.khov.com/contentassets/fc96f5a53ea44451a1c26014b3acacfe/front-exterior-country-wine-chic.jpg"", ""https://www.khov.com/contentassets/fc96f5a53ea44451a1c26014b3acacfe/covered-patio.jpg"", ""https://www.khov.com/contentassets/fc96f5a53ea44451a1c26014b3acacfe/backyard.jpg"", ""https://www.khov.com/contentassets/fc96f5a53ea44451a1c26014b3acacfe/front-exterior.jpg"", ""https://www.khov.com/contentassets/fc96f5a53ea44451a1c26014b3acacfe/kitchen.jpg"", ""https://www.khov.com/contentassets/fc96f5a53ea44451a1c26014b3acacfe/kitchen-2.jpg"", ""https://www.khov.com/contentassets/fc96f5a53ea44451a1c26014b3acacfe/kitchen3.jpg"", ""https://www.khov.com/contentassets/fc96f5a53ea44451a1c26014b3acacfe/kitchen-island.jpg"", ""https://www.khov.com/contentassets/fc96f5a53ea44451a1c26014b3acacfe/primary-bath.jpg"", ""https://www.khov.com/contentassets/fc96f5a53ea44451a1c26014b3acacfe/primary-bath2.jpg"", ""https://www.khov.com/contentassets/fc96f5a53ea44451a1c26014b3acacfe/great-room.jpg"", ""https://www.khov.com/contentassets/fc96f5a53ea44451a1c26014b3acacfe/great-room2.jpg"", ""https://www.khov.com/contentassets/fc96f5a53ea44451a1c26014b3acacfe/dining-area.jpg"", ""https://www.khov.com/contentassets/fc96f5a53ea44451a1c26014b3acacfe/dining-area2.jpg"", ""https://www.khov.com/contentassets/fc96f5a53ea44451a1c26014b3acacfe/primary-suite.jpg"", ""https://www.khov.com/contentassets/fc96f5a53ea44451a1c26014b3acacfe/primary-suite2.jpg"", ""https://www.khov.com/contentassets/fc96f5a53ea44451a1c26014b3acacfe/walk-in-closet.jpg"", ""https://www.khov.com/contentassets/fc96f5a53ea44451a1c26014b3acacfe/front-door.jpg"", ""https://www.khov.com/contentassets/fc96f5a53ea44451a1c26014b3acacfe/esp.jpg"", ""https://www.khov.com/contentassets/fc96f5a53ea44451a1c26014b3acacfe/esp-kitchenette.jpg"", ""https://www.khov.com/contentassets/fc96f5a53ea44451a1c26014b3acacfe/esp-bath.jpg"", ""https://www.khov.com/contentassets/fc96f5a53ea44451a1c26014b3acacfe/bedroom-2.jpg"", ""https://www.khov.com/contentassets/fc96f5a53ea44451a1c26014b3acacfe/bedroom-3.jpg"", ""https://www.khov.com/contentassets/fc96f5a53ea44451a1c26014b3acacfe/hovhub.jpg"", ""https://www.khov.com/contentassets/fc96f5a53ea44451a1c26014b3acacfe/hall-bath.jpg""]"
https://www.khov.com/new-construction-homes/california/paso-robles/mirabella/belfast-esp-1136-vinaza-road-4113/,,Mirabella,35.6152716,-120.6471273999,"1136 Vinaza Road, Paso Robles, CA, 93446",Paso Robles,CALIFORNIA,93446,,"Sunday: 11:00-17:00, Monday: 09:00-17:00, Tuesday: 09:00-17:00, Wednesday: 09:00-17:00, Thursday: 09:00-17:00, Friday: 09:00-17:00, Saturday: 09:00-17:00",805-467-6516,https://www.khov.com/,,K. Hovnanian Homes,single family,,,,Y,3,,Y,"Walking Trails,Pickleball Courts,Resort-Style Pool",,"Extra Suite Plus with private living room, kitchenette & full bath Open great room, dining area & kitchen with soaring vaulted ceiling Stacked Ash Grey cabinetry with glass front uppers Quartz central island anchors the kitchen Primary suite with ceiling treatment & spacious walk-in closet Elegant bath with freestanding soaking tub 3-car garage for additional storage",,,,290,,,1.6,,,,,,Belfast ESP,3,4,3,0,2406,1002990,2026-07-27,,,,,"Extra Suite Plus with private living room, kitchenette & full bath Open great room, dining area & kitchen with soaring vaulted ceiling Stacked Ash Grey cabinetry with glass front uppers Quartz central island anchors the kitchen Primary suite with ceiling treatment & spacious walk-in closet Elegant bath with freestanding soaking tub 3-car garage for additional storage",4,3,0,1,Garage,,3,2406,,1002990,1055990,1035990,,,,,"[""https://www.khov.com/contentassets/cbaf6e3eff414320b5834b012659f426/178392_Mirabella_Belfast_ESP_Progressive_Spanish_UC_Level_3.jpg"", ""https://www.khov.com/contentassets/cbaf6e3eff414320b5834b012659f426/193155_Belfast_ESP_Kitchen_Classic_Palette_1_Level_3_Modern_Classic.jpg"", ""https://www.khov.com/contentassets/cbaf6e3eff414320b5834b012659f426/193162_Belfast_ESP_Primary_Bath_Plus_Classic_Palette_1_Level_3_Modern_Classic.jpg"", ""https://www.khov.com/contentassets/cbaf6e3eff414320b5834b012659f426/193183_Belfast_ESP_Primary_Bath_Tub_Classic_Palette_1_Level_3_Modern_Classic.jpg"", ""https://www.khov.com/contentassets/cbaf6e3eff414320b5834b012659f426/5_drywall_exterior_21500411.jpg"", ""https://www.khov.com/contentassets/cbaf6e3eff414320b5834b012659f426/5_drywall_exterior_21500414.jpg"", ""https://www.khov.com/contentassets/cbaf6e3eff414320b5834b012659f426/5_drywall_interior_21500416.jpg"", ""https://www.khov.com/contentassets/cbaf6e3eff414320b5834b012659f426/5_drywall_bedroom_21500419.jpg"", ""https://www.khov.com/contentassets/cbaf6e3eff414320b5834b012659f426/5_drywall_interior_21500420.jpg"", ""https://www.khov.com/contentassets/cbaf6e3eff414320b5834b012659f426/5_drywall_bedroom_21500423.jpg"", ""https://www.khov.com/contentassets/cbaf6e3eff414320b5834b012659f426/5_drywall_interior_21500424.jpg"", ""https://www.khov.com/contentassets/cbaf6e3eff414320b5834b012659f426/5_drywall_kitchen_21500425.jpg"", ""https://www.khov.com/contentassets/cbaf6e3eff414320b5834b012659f426/5_drywall_greatroom_21500427.jpg"", ""https://www.khov.com/contentassets/cbaf6e3eff414320b5834b012659f426/5_drywall_interior_21500428.jpg""]"
https://www.khov.com/new-construction-homes/california/paso-robles/mirabella/belfast-esp-1159-vinaza-road-4129/,,Mirabella,35.6152716,-120.6471273999,"1159 Vinaza Road, Paso Robles, CA, 93446",Paso Robles,CALIFORNIA,93446,,"Sunday: 11:00-17:00, Monday: 09:00-17:00, Tuesday: 09:00-17:00, Wednesday: 09:00-17:00, Thursday: 09:00-17:00, Friday: 09:00-17:00, Saturday: 09:00-17:00",805-467-6516,https://www.khov.com/,,K. Hovnanian Homes,single family,,,,Y,3,,Y,"Walking Trails,Pickleball Courts,Resort-Style Pool",,"Extra Suite Plus with private living room, kitchenette & full bath Great room, dining area & kitchen under dramatic vaulted ceiling Warm Chestnut Brown cabinetry & quartz central island Wall oven adds function & style Primary suite with ceiling detail & generous walk-in closet Primary bath with freestanding tub & luxe shower Expansive 3-car garage for added flexibility",,,,290,,,1.6,,,,,,Belfast ESP,3,4,3,0,2406,1055990,2026-07-27,,,,,"Extra Suite Plus with private living room, kitchenette & full bath Great room, dining area & kitchen under dramatic vaulted ceiling Warm Chestnut Brown cabinetry & quartz central island Wall oven adds function & style Primary suite with ceiling detail & generous walk-in closet Primary bath with freestanding tub & luxe shower Expansive 3-car garage for added flexibility",4,3,0,1,Garage,,3,2406,,1055990,1055990,1052990,,,,,"[""https://www.khov.com/contentassets/69e42813a2064abe948ce626a06774ef/178393_Mirabella_Belfast_ESP_Wine_Country_Chic_YC_Level_3.jpg"", ""https://www.khov.com/contentassets/69e42813a2064abe948ce626a06774ef/193242_Belfast_ESP_Kitchen_Farmhouse_Palette_5_Level_3_Fresh_Farmhouse.jpg"", ""https://www.khov.com/contentassets/69e42813a2064abe948ce626a06774ef/193228_Belfast_ESP_Primary_Bath_Plus_Tub_Farmhouse_Palette_5_Level_3_Fresh_Farmhouse.jpg"", ""https://www.khov.com/contentassets/69e42813a2064abe948ce626a06774ef/193207_Belfast_ESP_Primary_Bath_Farmhouse_Palette_5_Level_3_Fresh_Farmhouse.jpg"", ""https://www.khov.com/contentassets/69e42813a2064abe948ce626a06774ef/5_drywall_back_21500448.jpg"", ""https://www.khov.com/contentassets/69e42813a2064abe948ce626a06774ef/5_drywall_exterior_21500451.jpg"", ""https://www.khov.com/contentassets/69e42813a2064abe948ce626a06774ef/5_drywall_exterior_21500452.jpg"", ""https://www.khov.com/contentassets/69e42813a2064abe948ce626a06774ef/5_drywall_exterior_21500455.jpg"", ""https://www.khov.com/contentassets/69e42813a2064abe948ce626a06774ef/5_drywall_bedroom_21500459.jpg"", ""https://www.khov.com/contentassets/69e42813a2064abe948ce626a06774ef/5_drywall_bathroom_21500462.jpg"", ""https://www.khov.com/contentassets/69e42813a2064abe948ce626a06774ef/5_drywall_closet_21500463.jpg"", ""https://www.khov.com/contentassets/69e42813a2064abe948ce626a06774ef/5_drywall_interior_21500464.jpg"", ""https://www.khov.com/contentassets/69e42813a2064abe948ce626a06774ef/5_drywall_laundryroom_21500467.jpg"", ""https://www.khov.com/contentassets/69e42813a2064abe948ce626a06774ef/5_drywall_interior_21500468.jpg""]"
https://www.khov.com/new-construction-homes/california/paso-robles/mirabella/belfast-esp-1206-olive-hill-road-4090/,,Mirabella,35.6152716,-120.6471273999,"1206 Olive Hill Road, Paso Robles, CA, 93446",Paso Robles,CALIFORNIA,93446,,"Sunday: 11:00-17:00, Monday: 09:00-17:00, Tuesday: 09:00-17:00, Wednesday: 09:00-17:00, Thursday: 09:00-17:00, Friday: 09:00-17:00, Saturday: 09:00-17:00",805-467-6516,https://www.khov.com/,,K. Hovnanian Homes,single family,,,,Y,2,,Y,"Walking Trails,Pickleball Courts,Resort-Style Pool",,"Extra Suite Plus with private living room, kitchenette & full bath Great room, dining area & kitchen beneath soaring vaulted ceiling Sleek Birch White cabinetry & bold quartz central island Wall oven elevates everyday cooking Primary suite with ceiling detail & spacious walk-in closet Spa-like primary bath with freestanding tub & luxe shower",,,,290,,,1.6,,,,,,Belfast ESP,2,4,3,0,2406,1002990,2026-07-21,,,,,"Extra Suite Plus with private living room, kitchenette & full bath Great room, dining area & kitchen beneath soaring vaulted ceiling Sleek Birch White cabinetry & bold quartz central island Wall oven elevates everyday cooking Primary suite with ceiling detail & spacious walk-in closet Spa-like primary bath with freestanding tub & luxe shower",4,3,0,1,Garage,,2,2406,,1002990,1055990,1016990,,,,,"[""https://www.khov.com/contentassets/7df44d5b70014b9bbcdbb2b0c4f1b5e8/178392_Mirabella_Belfast_ESP_Progressive_Spanish_UC_Level_3.jpg"", ""https://www.khov.com/contentassets/7df44d5b70014b9bbcdbb2b0c4f1b5e8/193147_Belfast_ESP_Kitchen_Loft_Palette_3_Level_3_Black_and_White_Loft.jpg"", ""https://www.khov.com/contentassets/7df44d5b70014b9bbcdbb2b0c4f1b5e8/193104_Belfast_ESP_Primary_Bath_Loft_Palette_3_Level_3_Black_and_White_Loft.jpg"", ""https://www.khov.com/contentassets/7df44d5b70014b9bbcdbb2b0c4f1b5e8/193119_Belfast_ESP_Primary_Bath_Plus_Tub_Loft_Palette_3_Level_3_Black_and_White_Loft.jpg"", ""https://www.khov.com/contentassets/7df44d5b70014b9bbcdbb2b0c4f1b5e8/5_mechanical_exterior_21499979.jpg"", ""https://www.khov.com/contentassets/7df44d5b70014b9bbcdbb2b0c4f1b5e8/5_mechanical_exterior_21499981.jpg"", ""https://www.khov.com/contentassets/7df44d5b70014b9bbcdbb2b0c4f1b5e8/5_mechanical_interior_21499982.jpg"", ""https://www.khov.com/contentassets/7df44d5b70014b9bbcdbb2b0c4f1b5e8/5_mechanical_interior_21499985.jpg"", ""https://www.khov.com/contentassets/7df44d5b70014b9bbcdbb2b0c4f1b5e8/5_mechanical_interior_21499988.jpg"", ""https://www.khov.com/contentassets/7df44d5b70014b9bbcdbb2b0c4f1b5e8/5_mechanical_interior_21499989.jpg"", ""https://www.khov.com/contentassets/7df44d5b70014b9bbcdbb2b0c4f1b5e8/5_mechanical_interior_21499992.jpg"", ""https://www.khov.com/contentassets/7df44d5b70014b9bbcdbb2b0c4f1b5e8/5_mechanical_interior_21499993.jpg"", ""https://www.khov.com/contentassets/7df44d5b70014b9bbcdbb2b0c4f1b5e8/5_mechanical_exterior_21499995.jpg"", ""https://www.khov.com/contentassets/7df44d5b70014b9bbcdbb2b0c4f1b5e8/5_mechanical_interior_21499996.jpg""]"
https://www.khov.com/new-construction-homes/california/paso-robles/mirabella/pasadena-esp-1166-mazzini-road-4132/,,Mirabella,35.6152716,-120.6471273999,"1166 Mazzini Road, Paso Robles, CA, 93446",Paso Robles,CALIFORNIA,93446,,"Sunday: 11:00-17:00, Monday: 09:00-17:00, Tuesday: 09:00-17:00, Wednesday: 09:00-17:00, Thursday: 09:00-17:00, Friday: 09:00-17:00, Saturday: 09:00-17:00",805-467-6516,https://www.khov.com/,,K. Hovnanian Homes,single family,,,,Y,2,,Y,"Walking Trails,Pickleball Courts,Resort-Style Pool",,"Extra Suite Plus with private living room, kitchenette & full bath Dining area & great room unite beneath a vaulted ceiling 12' multi-slide door opens to a covered patio Birch White cabinetry & wall oven elevate the kitchen Primary suite with ceiling detail & walk-in closet Private bath with dual sinks & freestanding soaking tub",,,,290,,,1.6,,,,,,Pasadena ESP,2,4,3,0,2083,916990,2026-08-19,,,,,"Extra Suite Plus with private living room, kitchenette & full bath Dining area & great room unite beneath a vaulted ceiling 12' multi-slide door opens to a covered patio Birch White cabinetry & wall oven elevate the kitchen Primary suite with ceiling detail & walk-in closet Private bath with dual sinks & freestanding soaking tub",4,3,0,1,Garage,,2,2083,,916990,1055990,911990,,,,,"[""https://www.khov.com/contentassets/bf4004dc87be4cdf883ff68dbefc487f/178395_Mirabella_Pasadena_ESP_Progressive_Spanish_UC_Level_3.jpg"", ""https://www.khov.com/contentassets/bf4004dc87be4cdf883ff68dbefc487f/193147_Belfast_ESP_Kitchen_Loft_Palette_3_Level_3_Black_and_White_Loft.jpg"", ""https://www.khov.com/contentassets/bf4004dc87be4cdf883ff68dbefc487f/193105_Belfast_ESP_Primary_Bath_Tub_Loft_Palette_3_Level_3_Black_and_White_Loft.jpg"", ""https://www.khov.com/contentassets/bf4004dc87be4cdf883ff68dbefc487f/193119_Belfast_ESP_Primary_Bath_Plus_Tub_Loft_Palette_3_Level_3_Black_and_White_Loft.jpg"", ""https://www.khov.com/contentassets/bf4004dc87be4cdf883ff68dbefc487f/5_mechanical_interior_21500079.jpg"", ""https://www.khov.com/contentassets/bf4004dc87be4cdf883ff68dbefc487f/5_mechanical_interior_21500081.jpg"", ""https://www.khov.com/contentassets/bf4004dc87be4cdf883ff68dbefc487f/5_mechanical_interior_21500083.jpg"", ""https://www.khov.com/contentassets/bf4004dc87be4cdf883ff68dbefc487f/5_mechanical_interior_21500084.jpg"", ""https://www.khov.com/contentassets/bf4004dc87be4cdf883ff68dbefc487f/5_mechanical_interior_21500085.jpg"", ""https://www.khov.com/contentassets/bf4004dc87be4cdf883ff68dbefc487f/5_mechanical_greatroom_21500086.jpg"", ""https://www.khov.com/contentassets/bf4004dc87be4cdf883ff68dbefc487f/5_mechanical_interior_21500088.jpg"", ""https://www.khov.com/contentassets/bf4004dc87be4cdf883ff68dbefc487f/5_mechanical_interior_21500089.jpg"", ""https://www.khov.com/contentassets/bf4004dc87be4cdf883ff68dbefc487f/5_mechanical_interior_21500092.jpg"", ""https://www.khov.com/contentassets/bf4004dc87be4cdf883ff68dbefc487f/5_mechanical_exterior_21500093.jpg""]"
https://www.khov.com/new-construction-homes/california/paso-robles/mirabella/pasadena-esp-1218-olive-hill-road-4088/,,Mirabella,35.6152716,-120.6471273999,"1218 Olive Hill Road, Paso Robles, CA, 93446",Paso Robles,CALIFORNIA,93446,,"Sunday: 11:00-17:00, Monday: 09:00-17:00, Tuesday: 09:00-17:00, Wednesday: 09:00-17:00, Thursday: 09:00-17:00, Friday: 09:00-17:00, Saturday: 09:00-17:00",805-467-6516,https://www.khov.com/,,K. Hovnanian Homes,single family,,,,Y,2,,Y,"Walking Trails,Pickleball Courts,Resort-Style Pool",,Private Extra Suite Plus for multigenerational families Efficient kitchen featuring Pewter Grey cabinetry & matte black finishes Open concept living areas with striking vaulted ceiling Serene primary suite with stylish ceiling treatment & walk-in closet Polished primary bath featuring freestanding tub & dual sinks Formal home office offers privacy for working remotely Inviting covered patio for outdoor relaxation,,,,290,,,1.6,,,,,,Pasadena ESP,2,3,3,0,2083,899990,2026-08-28,,,,,Private Extra Suite Plus for multigenerational families Efficient kitchen featuring Pewter Grey cabinetry & matte black finishes Open concept living areas with striking vaulted ceiling Serene primary suite with stylish ceiling treatment & walk-in closet Polished primary bath featuring freestanding tub & dual sinks Formal home office offers privacy for working remotely Inviting covered patio for outdoor relaxation,3,3,0,1,Garage,,2,2083,,899990,1055990,894990,,,,,"[""https://www.khov.com/contentassets/9670440cfca64282954483521ff1db09/178395_Mirabella_Pasadena_ESP_Progressive_Spanish_UC_Level_3.jpg"", ""https://www.khov.com/contentassets/9670440cfca64282954483521ff1db09/193243_Belfast_ESP_Kitchen_Farmhouse_Palette_6_Level_3_Fresh_Farmhouse.jpg"", ""https://www.khov.com/contentassets/9670440cfca64282954483521ff1db09/193208_Belfast_ESP_Primary_Bath_Farmhouse_Palette_6_Level_3_Fresh_Farmhouse.jpg"", ""https://www.khov.com/contentassets/9670440cfca64282954483521ff1db09/193232_Belfast_ESP_Primary_Bath_Tub_Farmhouse_Palette_6_Level_3_Fresh_Farmhouse.jpg"", ""https://www.khov.com/contentassets/9670440cfca64282954483521ff1db09/3_foundation_exterior_21500015.jpg"", ""https://www.khov.com/contentassets/9670440cfca64282954483521ff1db09/3_foundation_exterior_21500016.jpg"", ""https://www.khov.com/contentassets/9670440cfca64282954483521ff1db09/3_foundation_exterior_21500017.jpg"", ""https://www.khov.com/contentassets/9670440cfca64282954483521ff1db09/3_foundation_exterior_21500019.jpg"", ""https://www.khov.com/contentassets/9670440cfca64282954483521ff1db09/3_foundation_exterior_21500021.jpg""]"
https://www.khov.com/new-construction-homes/california/paso-robles/mirabella/santa-rosa-1148-mazzini-road-4135/,,Mirabella,35.6152716,-120.6471273999,"1148 Mazzini Road, Paso Robles, CA, 93446",Paso Robles,CALIFORNIA,93446,,"Sunday: 11:00-17:00, Monday: 09:00-17:00, Tuesday: 09:00-17:00, Wednesday: 09:00-17:00, Thursday: 09:00-17:00, Friday: 09:00-17:00, Saturday: 09:00-17:00",805-467-6516,https://www.khov.com/,,K. Hovnanian Homes,single family,,,,Y,2,,Y,"Walking Trails,Pickleball Courts,Resort-Style Pool",,Well-equipped kitchen with Chestnut Brown cabinetry Sleek quartz island & counters for prep & dining Vaulted ceiling connects great room & dining area seamlessly Private primary suite with stylish ceiling treatment & ample light Polished primary bath featuring elegant freestanding tub Versatile covered patio & exterior gas line for outdoor enjoyment,,,,290,,,1.6,,,,,,Santa Rosa,2,3,2,1,1985,859990,2026-05-27,,,,,Well-equipped kitchen with Chestnut Brown cabinetry Sleek quartz island & counters for prep & dining Vaulted ceiling connects great room & dining area seamlessly Private primary suite with stylish ceiling treatment & ample light Polished primary bath featuring elegant freestanding tub Versatile covered patio & exterior gas line for outdoor enjoyment,3,2,1,1,Garage,,2,1985,,859990,1055990,854990,,,,,"[""https://www.khov.com/contentassets/48e1c8ffbd004e2bb910cb07c8dcac5d/178397_Mirabella_Santa_Rosa_Modern_Farmhouse_WC_Level_3.jpg"", ""https://www.khov.com/contentassets/48e1c8ffbd004e2bb910cb07c8dcac5d/193144_Belfast_ESP_Kitchen_Loft_Palette_5_Level_3_Black_and_White_Loft.jpg"", ""https://www.khov.com/contentassets/48e1c8ffbd004e2bb910cb07c8dcac5d/193108_Belfast_ESP_Primary_Bath_Loft_Palette_5_Level_3_Black_and_White_Loft.jpg"", ""https://www.khov.com/contentassets/48e1c8ffbd004e2bb910cb07c8dcac5d/193138_Belfast_ESP_Primary_Bath_Tub_Loft_Palette_5_Level_3_Black_and_White_Loft.jpg"", ""https://www.khov.com/contentassets/48e1c8ffbd004e2bb910cb07c8dcac5d/5_int.-finish_exterior_21500475.jpg"", ""https://www.khov.com/contentassets/48e1c8ffbd004e2bb910cb07c8dcac5d/5_int.-finish_kitchen_21500477.jpg"", ""https://www.khov.com/contentassets/48e1c8ffbd004e2bb910cb07c8dcac5d/5_int.-finish_exterior_21500478.jpg"", ""https://www.khov.com/contentassets/48e1c8ffbd004e2bb910cb07c8dcac5d/5_int.-finish_greatroom_21500479.jpg"", ""https://www.khov.com/contentassets/48e1c8ffbd004e2bb910cb07c8dcac5d/5_int.-finish_kitchen_21500480.jpg"", ""https://www.khov.com/contentassets/48e1c8ffbd004e2bb910cb07c8dcac5d/5_int.-finish_kitchen_21500481.jpg"", ""https://www.khov.com/contentassets/48e1c8ffbd004e2bb910cb07c8dcac5d/5_int.-finish_kitchen_21500482.jpg"", ""https://www.khov.com/contentassets/48e1c8ffbd004e2bb910cb07c8dcac5d/5_int.-finish_kitchen_21500484.jpg"", ""https://www.khov.com/contentassets/48e1c8ffbd004e2bb910cb07c8dcac5d/5_int.-finish_bedroom_21500486.jpg"", ""https://www.khov.com/contentassets/48e1c8ffbd004e2bb910cb07c8dcac5d/5_int.-finish_interior_21500487.jpg""]"
https://www.khov.com/new-construction-homes/california/paso-robles/mirabella/santa-rosa-1165-mazzini-road-4069/,,Mirabella,35.6152716,-120.6471273999,"1165 Mazzini Road, Paso Robles, CA, 93446",Paso Robles,CALIFORNIA,93446,,"Sunday: 11:00-17:00, Monday: 09:00-17:00, Tuesday: 09:00-17:00, Wednesday: 09:00-17:00, Thursday: 09:00-17:00, Friday: 09:00-17:00, Saturday: 09:00-17:00",805-467-6516,https://www.khov.com/,,K. Hovnanian Homes,single family,,,,Y,2,,Y,"Walking Trails,Pickleball Courts,Resort-Style Pool",,"Vaulted ceiling enhances kitchen, dining area & great room Pewter Grey cabinetry paired with quartz central island Wall oven & generous prep space for everyday living 15' sliding glass door leads to covered patio Primary suite with ceiling treatment detail Private primary bath with soaking tub & dual sinks Roomy walk-in closet in primary suite",,,,290,,,1.6,,,,,,Santa Rosa,2,3,2,1,1985,854990,2026-05-26,,,,,"Vaulted ceiling enhances kitchen, dining area & great room Pewter Grey cabinetry paired with quartz central island Wall oven & generous prep space for everyday living 15' sliding glass door leads to covered patio Primary suite with ceiling treatment detail Private primary bath with soaking tub & dual sinks Roomy walk-in closet in primary suite",3,2,1,1,Garage,,2,1985,,854990,1055990,870990,,,,,"[""https://www.khov.com/contentassets/5e2a5608f45942f08d92d1dfb77d8810/178397_Mirabella_Santa_Rosa_Modern_Farmhouse_WC_Level_3.jpg"", ""https://www.khov.com/contentassets/5e2a5608f45942f08d92d1dfb77d8810/193243_Belfast_ESP_Kitchen_Farmhouse_Palette_6_Level_3_Fresh_Farmhouse.jpg"", ""https://www.khov.com/contentassets/5e2a5608f45942f08d92d1dfb77d8810/193208_Belfast_ESP_Primary_Bath_Farmhouse_Palette_6_Level_3_Fresh_Farmhouse.jpg"", ""https://www.khov.com/contentassets/5e2a5608f45942f08d92d1dfb77d8810/193232_Belfast_ESP_Primary_Bath_Tub_Farmhouse_Palette_6_Level_3_Fresh_Farmhouse.jpg"", ""https://www.khov.com/contentassets/5e2a5608f45942f08d92d1dfb77d8810/5_int.-finish_exterior_21497793.jpg"", ""https://www.khov.com/contentassets/5e2a5608f45942f08d92d1dfb77d8810/5_int.-finish_interior_21497794.jpg"", ""https://www.khov.com/contentassets/5e2a5608f45942f08d92d1dfb77d8810/5_int.-finish_kitchen_21497796.jpg"", ""https://www.khov.com/contentassets/5e2a5608f45942f08d92d1dfb77d8810/5_int.-finish_interior_21497797.jpg"", ""https://www.khov.com/contentassets/5e2a5608f45942f08d92d1dfb77d8810/5_int.-finish_greatroom_21497798.jpg"", ""https://www.khov.com/contentassets/5e2a5608f45942f08d92d1dfb77d8810/5_int.-finish_bedroom_21497800.jpg"", ""https://www.khov.com/contentassets/5e2a5608f45942f08d92d1dfb77d8810/5_int.-finish_interior_21497801.jpg"", ""https://www.khov.com/contentassets/5e2a5608f45942f08d92d1dfb77d8810/5_int.-finish_laundryroom_21497802.jpg"", ""https://www.khov.com/contentassets/5e2a5608f45942f08d92d1dfb77d8810/5_int.-finish_interior_21497804.jpg"", ""https://www.khov.com/contentassets/5e2a5608f45942f08d92d1dfb77d8810/5_int.-finish_interior_21497805.jpg""]"
https://www.khov.com/new-construction-homes/california/paso-robles/mirabella/santa-rosa-1230-olive-hill-road-4086/,,Mirabella,35.6152716,-120.6471273999,"1230 Olive Hill Road, Paso Robles, CA, 93446",Paso Robles,CALIFORNIA,93446,,"Sunday: 11:00-17:00, Monday: 09:00-17:00, Tuesday: 09:00-17:00, Wednesday: 09:00-17:00, Thursday: 09:00-17:00, Friday: 09:00-17:00, Saturday: 09:00-17:00",805-467-6516,https://www.khov.com/,,K. Hovnanian Homes,single family,,,,Y,2,,Y,"Walking Trails,Pickleball Courts,Resort-Style Pool",,"Sleek kitchen featuring Pewter Grey cabinetry, quartz countertops, & chrome finishes Striking vaulted ceiling connects great room & dining area Lavish primary suite & bath with freestanding tub Spacious covered patio for outdoor enjoyment Convenient exterior gas line for potential outdoor cooking enhancements Functional HovHall with access to pantry, laundry room, & 2-car garage",,,,290,,,1.6,,,,,,Santa Rosa,2,3,2,1,1985,872990,2026-08-27,,,,,"Sleek kitchen featuring Pewter Grey cabinetry, quartz countertops, & chrome finishes Striking vaulted ceiling connects great room & dining area Lavish primary suite & bath with freestanding tub Spacious covered patio for outdoor enjoyment Convenient exterior gas line for potential outdoor cooking enhancements Functional HovHall with access to pantry, laundry room, & 2-car garage",3,2,1,1,Garage,,2,1985,,872990,1055990,867990,,,,,"[""https://www.khov.com/contentassets/71c3643a16ba4a7890661435f353ab0f/178397_Mirabella_Santa_Rosa_Modern_Farmhouse_WC_Level_3.jpg"", ""https://www.khov.com/contentassets/71c3643a16ba4a7890661435f353ab0f/193141_Belfast_ESP_Kitchen_Loft_Palette_6_Level_3_Black_and_White_Loft.jpg"", ""https://www.khov.com/contentassets/71c3643a16ba4a7890661435f353ab0f/193111_Belfast_ESP_Primary_Bath_Tub_Loft_Palette_6_Level_3_Black_and_White_Loft.jpg"", ""https://www.khov.com/contentassets/71c3643a16ba4a7890661435f353ab0f/193125_Belfast_ESP_Primary_Bath_Plus_Tub_Loft_Palette_6_Level_3_Black_and_White_Loft.jpg"", ""https://www.khov.com/contentassets/71c3643a16ba4a7890661435f353ab0f/3_foundation_exterior_21500036.jpg"", ""https://www.khov.com/contentassets/71c3643a16ba4a7890661435f353ab0f/3_foundation_exterior_21500038.jpg"", ""https://www.khov.com/contentassets/71c3643a16ba4a7890661435f353ab0f/3_foundation_exterior_21500039.jpg""]"
https://www.khov.com/new-construction-homes/california/plumas-lake/luna-bella-at-plumas-lake/faro-1363-eiffel-drive-0016/,,Luna Bella At Plumas Lake,39.068982,-121.569325,"1363 Eiffel Drive, Arboga, CA, 95961",Plumas Lake,CALIFORNIA,95961,,"Sunday: 11:00-18:00, Monday: 10:00-18:00, Tuesday: 10:00-18:00, Wednesday: 10:00-18:00, Thursday: 10:00-18:00, Friday: 10:00-18:00, Saturday: 10:00-18:00",916-751-1218,https://www.khov.com/,,K. Hovnanian Homes,single family,,,,Y,2,,Y,Master Planned Community,,Elegant kitchen with Chestnut Brown cabinetry & wall oven Decorative floating shelves and quartz island for meal prep Open concept living spaces featuring vaulted ceiling Secluded primary suite & bath with freestanding tub Private Extra Suite for overnight guests Versatile covered patio for outdoor entertaining Attached 2-car garage provides convenient parking,,,,0,,,1.8,,,,,,Faro,2,3,3,0,2249,535340,2026-06-24,,,,,Elegant kitchen with Chestnut Brown cabinetry & wall oven Decorative floating shelves and quartz island for meal prep Open concept living spaces featuring vaulted ceiling Secluded primary suite & bath with freestanding tub Private Extra Suite for overnight guests Versatile covered patio for outdoor entertaining Attached 2-car garage provides convenient parking,3,3,0,2,Garage,,2,2249,,535340,586840,545340,,,,,"[""https://www.khov.com/contentassets/28ae19875f774e7a9d43e8bc8194dc98/190831_Luna_Bella_at_Plumas_Lake_Faro_ESP_Faro_ESP7880Spanish_ModernGen3elev_DAY_Level_1.jpg"", ""https://www.khov.com/contentassets/28ae19875f774e7a9d43e8bc8194dc98/160028_Tucson_Kitchen_Loft_Palette_5_Level_1_Coastal_Loft.jpg"", ""https://www.khov.com/contentassets/28ae19875f774e7a9d43e8bc8194dc98/199394_Luna_Bella_at_Plumas_Lake_Faro_Primary_Bath_Tub_Loft_Palette_5_Level_1_Collective_Loft.jpg"", ""https://www.khov.com/contentassets/28ae19875f774e7a9d43e8bc8194dc98/199408_Luna_Bella_at_Plumas_Lake_Faro_Primary_Bath_Tub_Loft_Palette_5_Level_1_Collective_Loft.jpg"", ""https://www.khov.com/contentassets/28ae19875f774e7a9d43e8bc8194dc98/5_insulation_exterior_21462556.jpg"", ""https://www.khov.com/contentassets/28ae19875f774e7a9d43e8bc8194dc98/5_insulation_exterior_21462559.jpg"", ""https://www.khov.com/contentassets/28ae19875f774e7a9d43e8bc8194dc98/5_insulation_exterior_21462560.jpg"", ""https://www.khov.com/contentassets/28ae19875f774e7a9d43e8bc8194dc98/5_insulation_interior_21462562.jpg"", ""https://www.khov.com/contentassets/28ae19875f774e7a9d43e8bc8194dc98/5_insulation_interior_21462563.jpg"", ""https://www.khov.com/contentassets/28ae19875f774e7a9d43e8bc8194dc98/5_insulation_interior_21462565.jpg"", ""https://www.khov.com/contentassets/28ae19875f774e7a9d43e8bc8194dc98/5_insulation_interior_21462566.jpg"", ""https://www.khov.com/contentassets/28ae19875f774e7a9d43e8bc8194dc98/5_insulation_interior_21462567.jpg"", ""https://www.khov.com/contentassets/28ae19875f774e7a9d43e8bc8194dc98/5_insulation_interior_21462568.jpg""]"
https://www.khov.com/new-construction-homes/california/plumas-lake/luna-bella-at-plumas-lake/faro-1372-eiffel-drive-0030/,,Luna Bella At Plumas Lake,39.068982,-121.569325,"1372 Eiffel Drive, Arboga, CA, 95961",Plumas Lake,CALIFORNIA,95961,,"Sunday: 11:00-18:00, Monday: 10:00-18:00, Tuesday: 10:00-18:00, Wednesday: 10:00-18:00, Thursday: 10:00-18:00, Friday: 10:00-18:00, Saturday: 10:00-18:00",916-751-1218,https://www.khov.com/,,K. Hovnanian Homes,single family,,,,Y,2,,Y,Master Planned Community,,Welcoming foyer & Extra Suite perfect for overnight guests Living areas connected by soaring vaulted ceiling Kitchen with Ash Grey cabinetry & wall oven Elegant quartz counters & island for additional dining space Primary suite with decorative ceiling treatment Spa-like bath with massive walk-in closet & freestanding tub Covered patio creates the perfect outdoor space,,,,0,,,1.8,,,,,,Faro,2,3,3,0,2249,552340,2026-06-16,,,,,Welcoming foyer & Extra Suite perfect for overnight guests Living areas connected by soaring vaulted ceiling Kitchen with Ash Grey cabinetry & wall oven Elegant quartz counters & island for additional dining space Primary suite with decorative ceiling treatment Spa-like bath with massive walk-in closet & freestanding tub Covered patio creates the perfect outdoor space,3,3,0,2,Garage,,2,2249,,552340,586840,557340,,,,,"[""https://www.khov.com/contentassets/8f9eae838fae4ee1b52e0a0f8ae759a2/190830_Luna_Bella_at_Plumas_Lake_Faro_ESP_Faro_ESP7880CraftsmanGen3elev_DAY_Level_1.jpg"", ""https://www.khov.com/contentassets/8f9eae838fae4ee1b52e0a0f8ae759a2/160024_Tucson_Kitchen_Loft_Palette_1_Level_1_Coastal_Loft.jpg"", ""https://www.khov.com/contentassets/8f9eae838fae4ee1b52e0a0f8ae759a2/199391_Luna_Bella_at_Plumas_Lake_Faro_Primary_Bath_Loft_Palette_1_Level_1_Collective_Loft.jpg"", ""https://www.khov.com/contentassets/8f9eae838fae4ee1b52e0a0f8ae759a2/199412_Luna_Bella_at_Plumas_Lake_Faro_Primary_Bath_Tub_Loft_Palette_1_Level_1_Collective_Loft.jpg"", ""https://www.khov.com/contentassets/8f9eae838fae4ee1b52e0a0f8ae759a2/3_insulation_exterior_21280887.jpg"", ""https://www.khov.com/contentassets/8f9eae838fae4ee1b52e0a0f8ae759a2/3_insulation_exterior_21280890.jpg"", ""https://www.khov.com/contentassets/8f9eae838fae4ee1b52e0a0f8ae759a2/3_insulation_exterior_21280891.jpg"", ""https://www.khov.com/contentassets/8f9eae838fae4ee1b52e0a0f8ae759a2/3_insulation_exterior_21280892.jpg"", ""https://www.khov.com/contentassets/8f9eae838fae4ee1b52e0a0f8ae759a2/3_insulation_interior_21280893.jpg"", ""https://www.khov.com/contentassets/8f9eae838fae4ee1b52e0a0f8ae759a2/3_insulation_greatroom_21280894.jpg"", ""https://www.khov.com/contentassets/8f9eae838fae4ee1b52e0a0f8ae759a2/3_insulation_greatroom_21280896.jpg"", ""https://www.khov.com/contentassets/8f9eae838fae4ee1b52e0a0f8ae759a2/3_insulation_interior_21280898.jpg"", ""https://www.khov.com/contentassets/8f9eae838fae4ee1b52e0a0f8ae759a2/3_insulation_interior_21280899.jpg""]"
https://www.khov.com/new-construction-homes/california/plumas-lake/luna-bella-at-plumas-lake/seine-esp-1360-eiffel-drive-0033/,,Luna Bella At Plumas Lake,39.068982,-121.569325,"1360 Eiffel Drive, Arboga, CA, 95961",Plumas Lake,CALIFORNIA,95961,,"Sunday: 11:00-18:00, Monday: 10:00-18:00, Tuesday: 10:00-18:00, Wednesday: 10:00-18:00, Thursday: 10:00-18:00, Friday: 10:00-18:00, Saturday: 10:00-18:00",916-751-1218,https://www.khov.com/,,K. Hovnanian Homes,single family,,,,Y,2,,Y,Master Planned Community,,Private Extra Suite Plus for mutligenerational families Kitchen featuring Ash Grey cabinetry & glass-front uppers Generous center island & convenient wall oven in kitchen Open concept living spaces provide ideal hosting space Luxurious primary suite with stylish ceiling treatment & walk-in closet Refreshing primary bath with elegant glass shower enclosure Peaceful covered patio for outdoor relaxation Attached 2-car garage for vehicles & tools,,,,0,,,1.8,,,,,,Seine ESP,2,5,3,1,2530,586840,2026-07-17,,,,,Private Extra Suite Plus for mutligenerational families Kitchen featuring Ash Grey cabinetry & glass-front uppers Generous center island & convenient wall oven in kitchen Open concept living spaces provide ideal hosting space Luxurious primary suite with stylish ceiling treatment & walk-in closet Refreshing primary bath with elegant glass shower enclosure Peaceful covered patio for outdoor relaxation Attached 2-car garage for vehicles & tools,5,3,1,2,Garage,,2,2530,,586840,586840,603340,,,,,"[""https://www.khov.com/contentassets/9c575491b6934a89926072db643a4e30/190833_Luna_Bella_at_Plumas_Lake_Seina_ESP_Seina_ESP8647CraftsmanGen3elev_DAY_Level_1.jpg"", ""https://www.khov.com/contentassets/9c575491b6934a89926072db643a4e30/160017_Tucson_Kitchen_Classic_Palette_1_Level_1_Coastal_Classic.jpg"", ""https://www.khov.com/contentassets/9c575491b6934a89926072db643a4e30/199316_Luna_Bella_at_Plumas_Lake_Faro_Primary_Bath_Classic_Palette_1_Level_1_Modern_Classic.jpg"", ""https://www.khov.com/contentassets/9c575491b6934a89926072db643a4e30/199324_Luna_Bella_at_Plumas_Lake_Faro_Primary_Bath_Classic_Palette_1_Level_1_Modern_Classic.jpg"", ""https://www.khov.com/contentassets/9c575491b6934a89926072db643a4e30/5_framing_exterior_21462360.jpg"", ""https://www.khov.com/contentassets/9c575491b6934a89926072db643a4e30/5_framing_back_21462362.jpg"", ""https://www.khov.com/contentassets/9c575491b6934a89926072db643a4e30/5_framing_exterior_21462363.jpg"", ""https://www.khov.com/contentassets/9c575491b6934a89926072db643a4e30/5_framing_back_21462365.jpg"", ""https://www.khov.com/contentassets/9c575491b6934a89926072db643a4e30/5_framing_back_21462366.jpg"", ""https://www.khov.com/contentassets/9c575491b6934a89926072db643a4e30/5_framing_interior_21462368.jpg"", ""https://www.khov.com/contentassets/9c575491b6934a89926072db643a4e30/5_framing_interior_21462369.jpg"", ""https://www.khov.com/contentassets/9c575491b6934a89926072db643a4e30/5_framing_interior_21462371.jpg"", ""https://www.khov.com/contentassets/9c575491b6934a89926072db643a4e30/5_framing_interior_21462372.jpg"", ""https://www.khov.com/contentassets/9c575491b6934a89926072db643a4e30/5_framing_interior_21462373.jpg""]"
https://www.khov.com/new-construction-homes/california/plumas-lake/luna-bella-at-plumas-lake/seine-esp-1376-eiffel-drive-0029/,,Luna Bella At Plumas Lake,39.068982,-121.569325,"1376 Eiffel Drive, Arboga, CA, 95961",Plumas Lake,CALIFORNIA,95961,,"Sunday: 11:00-18:00, Monday: 10:00-18:00, Tuesday: 10:00-18:00, Wednesday: 10:00-18:00, Thursday: 10:00-18:00, Friday: 10:00-18:00, Saturday: 10:00-18:00",916-751-1218,https://www.khov.com/,,K. Hovnanian Homes,single family,,,,Y,2,,Y,Master Planned Community,,Extra Suite Plus with private bath gives guests privacy Connected great room & dining area with sliding door to patio Charming kitchen with Ash Grey cabinetry & wall oven Beauitful quartz island expands prep & dining space Secluded primary suite & bath feature dual sinks & walk-in closet Versatile loft with access to all second floor bedrooms,,,,0,,,1.8,,,,,,Seine ESP,2,5,3,1,2530,569180,2026-05-28,,,,,Extra Suite Plus with private bath gives guests privacy Connected great room & dining area with sliding door to patio Charming kitchen with Ash Grey cabinetry & wall oven Beauitful quartz island expands prep & dining space Secluded primary suite & bath feature dual sinks & walk-in closet Versatile loft with access to all second floor bedrooms,5,3,1,2,Garage,,2,2530,,569180,586840,581180,,,,,"[""https://www.khov.com/contentassets/705858c04e86411fb69ec6b3638a920c/190834_Luna_Bella_at_Plumas_Lake_Seina_ESP_Seina_ESP8647Spanish_ModernGen3elev_DAY_Level_1.jpg"", ""https://www.khov.com/contentassets/705858c04e86411fb69ec6b3638a920c/160024_Tucson_Kitchen_Loft_Palette_1_Level_1_Coastal_Loft.jpg"", ""https://www.khov.com/contentassets/705858c04e86411fb69ec6b3638a920c/199391_Luna_Bella_at_Plumas_Lake_Faro_Primary_Bath_Loft_Palette_1_Level_1_Collective_Loft.jpg"", ""https://www.khov.com/contentassets/705858c04e86411fb69ec6b3638a920c/199405_Luna_Bella_at_Plumas_Lake_Faro_Primary_Bath_Loft_Palette_1_Level_1_Collective_Loft.jpg"", ""https://www.khov.com/contentassets/705858c04e86411fb69ec6b3638a920c/5_insulation_exterior_21462402.jpg"", ""https://www.khov.com/contentassets/705858c04e86411fb69ec6b3638a920c/5_insulation_exterior_21462405.jpg"", ""https://www.khov.com/contentassets/705858c04e86411fb69ec6b3638a920c/5_insulation_exterior_21462406.jpg"", ""https://www.khov.com/contentassets/705858c04e86411fb69ec6b3638a920c/5_insulation_exterior_21462409.jpg"", ""https://www.khov.com/contentassets/705858c04e86411fb69ec6b3638a920c/5_insulation_exterior_21462413.jpg""]"
https://www.khov.com/new-construction-homes/california/plumas-lake/luna-bella-at-plumas-lake/seine-esp-1367-eiffel-drive-0017/,,Luna Bella At Plumas Lake,39.068982,-121.569325,"1367 Eiffel Drive, Arboga, CA, 95961",Plumas Lake,CALIFORNIA,95961,,"Sunday: 11:00-18:00, Monday: 10:00-18:00, Tuesday: 10:00-18:00, Wednesday: 10:00-18:00, Thursday: 10:00-18:00, Friday: 10:00-18:00, Saturday: 10:00-18:00",916-751-1218,https://www.khov.com/,,K. Hovnanian Homes,single family,,,,Y,2,,Y,Master Planned Community,,"Private Extra Suite Plus for mutligen families Sleek kitchen with Ash Grey cabinetry & glass-front uppers Open concept living spaces, perfect for entertaining guests Serene primary suite with stylish ceiling treatment & walk-in closet Luxurious-feel primary bath featuring dual sinks Expansive covered patio for outdoor enjoyment Convenient 2-car garage for vehicles & tools",,,,0,,,1.8,,,,,,Seine ESP,2,5,3,1,2530,576840,2026-06-22,,,,,"Private Extra Suite Plus for mutligen families Sleek kitchen with Ash Grey cabinetry & glass-front uppers Open concept living spaces, perfect for entertaining guests Serene primary suite with stylish ceiling treatment & walk-in closet Luxurious-feel primary bath featuring dual sinks Expansive covered patio for outdoor enjoyment Convenient 2-car garage for vehicles & tools",5,3,1,2,Garage,,2,2530,,576840,586840,581180,,,,,"[""https://www.khov.com/contentassets/f438db18a68d4a15adc6a23563376c04/190834_Luna_Bella_at_Plumas_Lake_Seina_ESP_Seina_ESP8647Spanish_ModernGen3elev_DAY_Level_1.jpg"", ""https://www.khov.com/contentassets/f438db18a68d4a15adc6a23563376c04/160017_Tucson_Kitchen_Classic_Palette_1_Level_1_Coastal_Classic.jpg"", ""https://www.khov.com/contentassets/f438db18a68d4a15adc6a23563376c04/199323_Luna_Bella_at_Plumas_Lake_Faro_Primary_Bath_Tub_Classic_Palette_1_Level_1_Modern_Classic.jpg"", ""https://www.khov.com/contentassets/f438db18a68d4a15adc6a23563376c04/199324_Luna_Bella_at_Plumas_Lake_Faro_Primary_Bath_Classic_Palette_1_Level_1_Modern_Classic.jpg"", ""https://www.khov.com/contentassets/f438db18a68d4a15adc6a23563376c04/5_insulation_porch_21462549.jpg"", ""https://www.khov.com/contentassets/f438db18a68d4a15adc6a23563376c04/5_insulation_interior_21462550.jpg"", ""https://www.khov.com/contentassets/f438db18a68d4a15adc6a23563376c04/5_insulation_interior_21462551.jpg"", ""https://www.khov.com/contentassets/f438db18a68d4a15adc6a23563376c04/5_insulation_interior_21462552.jpg"", ""https://www.khov.com/contentassets/f438db18a68d4a15adc6a23563376c04/5_insulation_interior_21462553.jpg"", ""https://www.khov.com/contentassets/f438db18a68d4a15adc6a23563376c04/5_insulation_interior_21462555.jpg"", ""https://www.khov.com/contentassets/f438db18a68d4a15adc6a23563376c04/5_insulation_interior_21462557.jpg"", ""https://www.khov.com/contentassets/f438db18a68d4a15adc6a23563376c04/5_insulation_interior_21462558.jpg""]"
https://www.khov.com/new-construction-homes/california/plumas-lake/luna-bella-at-plumas-lake/water-lily-ii-1371-eiffel-drive-0018/,,Luna Bella At Plumas Lake,39.068982,-121.569325,"1371 Eiffel Drive, Arboga, CA, 95961",Plumas Lake,CALIFORNIA,95961,,"Sunday: 11:00-18:00, Monday: 10:00-18:00, Tuesday: 10:00-18:00, Wednesday: 10:00-18:00, Thursday: 10:00-18:00, Friday: 10:00-18:00, Saturday: 10:00-18:00",916-751-1218,https://www.khov.com/,,K. Hovnanian Homes,single family,,,,Y,2,,Y,Master Planned Community,,Functional home office off foyer for leisure activities Beautiful kitchen with Ash Grey cabinetry & wall oven Sprawling center island & generous pantry in kitchen Connected dining area & great room perfect for entertaining Covered patio opens to dining area for outdoor dining Extra Suite conveniently placed on first floor Private primary suite & bath with dual sinks & glass shower enclosure,,,,0,,,1.8,,,,,,Water Lily II,2,5,3,0,2588,586410,2026-06-18,,,,,Functional home office off foyer for leisure activities Beautiful kitchen with Ash Grey cabinetry & wall oven Sprawling center island & generous pantry in kitchen Connected dining area & great room perfect for entertaining Covered patio opens to dining area for outdoor dining Extra Suite conveniently placed on first floor Private primary suite & bath with dual sinks & glass shower enclosure,5,3,0,2,Garage,,2,2588,,586410,586410,591410,,,,,"[""https://www.khov.com/contentassets/87e8d75fc61c4e3cb3b605599538cdb9/190835_Luna_Bella_at_Plumas_Lake_Water_Lily_II_Water_Lily_II8486ContemporaryGen3elev_DAY_Level_1.jpg"", ""https://www.khov.com/contentassets/87e8d75fc61c4e3cb3b605599538cdb9/160024_Tucson_Kitchen_Loft_Palette_1_Level_1_Coastal_Loft.jpg"", ""https://www.khov.com/contentassets/87e8d75fc61c4e3cb3b605599538cdb9/199391_Luna_Bella_at_Plumas_Lake_Faro_Primary_Bath_Loft_Palette_1_Level_1_Collective_Loft.jpg"", ""https://www.khov.com/contentassets/87e8d75fc61c4e3cb3b605599538cdb9/199405_Luna_Bella_at_Plumas_Lake_Faro_Primary_Bath_Loft_Palette_1_Level_1_Collective_Loft.jpg"", ""https://www.khov.com/contentassets/87e8d75fc61c4e3cb3b605599538cdb9/3_insulation_exterior_21281032.jpg"", ""https://www.khov.com/contentassets/87e8d75fc61c4e3cb3b605599538cdb9/3_insulation_back_21281034.jpg"", ""https://www.khov.com/contentassets/87e8d75fc61c4e3cb3b605599538cdb9/3_insulation_exterior_21281036.jpg"", ""https://www.khov.com/contentassets/87e8d75fc61c4e3cb3b605599538cdb9/3_insulation_back_21281037.jpg"", ""https://www.khov.com/contentassets/87e8d75fc61c4e3cb3b605599538cdb9/3_insulation_interior_21281039.jpg"", ""https://www.khov.com/contentassets/87e8d75fc61c4e3cb3b605599538cdb9/3_insulation_interior_21281040.jpg"", ""https://www.khov.com/contentassets/87e8d75fc61c4e3cb3b605599538cdb9/3_insulation_bedroom_21281041.jpg"", ""https://www.khov.com/contentassets/87e8d75fc61c4e3cb3b605599538cdb9/3_insulation_interior_21281042.jpg"", ""https://www.khov.com/contentassets/87e8d75fc61c4e3cb3b605599538cdb9/3_insulation_interior_21281043.jpg"", ""https://www.khov.com/contentassets/87e8d75fc61c4e3cb3b605599538cdb9/3_insulation_interior_21281044.jpg""]"
https://www.khov.com/new-construction-homes/california/rancho-cordova/canyon-at-the-ranch/pasadena-12305-wheat-ridge-drive-0039/,,Canyon At The Ranch,38.5496890000,-121.2240464,"12305 Wheat Ridge Drive, Rancho Cordova, CA, 95742",Rancho Cordova,CALIFORNIA,95742,,"Sunday: 11:00-18:00, Monday: 10:00-18:00, Tuesday: 10:00-18:00, Wednesday: 13:00-18:00, Thursday: 10:00-18:00, Friday: 10:00-18:00, Saturday: 10:00-18:00",916-237-9080,https://www.khov.com/,,K. Hovnanian Homes,single family,,,,Y,2,,Y,"Dog Park,Tot Lot",,Home office provides a quiet place to focus Great room & dining area come together beneath a vaulted ceiling Glass-front upper cabinetry adds visual interest in the kitchen Central island anchors the kitchen for cooking & casual dining Covered patio access off the great room extends the living space Spacious walk-in closet enhances the primary suite Primary bath includes a relaxing freestanding soaking tub,,,,35,,,1.06,,,,,,Pasadena,2,4,3,0,2080,653823,2026-07-28,,,,,Home office provides a quiet place to focus Great room & dining area come together beneath a vaulted ceiling Glass-front upper cabinetry adds visual interest in the kitchen Central island anchors the kitchen for cooking & casual dining Covered patio access off the great room extends the living space Spacious walk-in closet enhances the primary suite Primary bath includes a relaxing freestanding soaking tub,4,3,0,1,Garage,,2,2080,,653823,653823,650823,,,,,"[""https://www.khov.com/contentassets/09b75ad9626f4712a4bd0216255aeb5f/121590_Canyon_at_the_Ranch_Pasadena_Craftsman_YB_Elevation.jpg"", ""https://www.khov.com/contentassets/09b75ad9626f4712a4bd0216255aeb5f/4_foundation_exterior_21425782.jpg"", ""https://www.khov.com/contentassets/09b75ad9626f4712a4bd0216255aeb5f/4_foundation_exterior_21425784.jpg"", ""https://www.khov.com/contentassets/09b75ad9626f4712a4bd0216255aeb5f/4_foundation_exterior_21425788.jpg""]"
https://www.khov.com/new-construction-homes/california/rancho-cordova/canyon-at-the-ranch/pasadena-12313-wheat-ridge-drive-0037/,,Canyon At The Ranch,38.5496890000,-121.2240464,"12313 Wheat Ridge Drive, Rancho Cordova, CA, 95742",Rancho Cordova,CALIFORNIA,95742,,"Sunday: 11:00-18:00, Monday: 10:00-18:00, Tuesday: 10:00-18:00, Wednesday: 13:00-18:00, Thursday: 10:00-18:00, Friday: 10:00-18:00, Saturday: 10:00-18:00",916-237-9080,https://www.khov.com/,,K. Hovnanian Homes,single family,,,,Y,2,,Y,"Dog Park,Tot Lot",,Home office creates a dedicated space for work or study Vaulted ceiling adds volume to the great room & dining area Stacked cabinetry with glass-front uppers brings depth to the kitchen Central island supports everyday prep & gathering in the kitchen 12' multi-slide door connects the great room to the covered patio Primary suite offers a comfortable retreat with a walk-in closet Primary bath features a freestanding soaking tub for relaxing evenings,,,,35,,,1.06,,,,,,Pasadena,2,4,3,0,2080,649823,2026-07-24,,,,,Home office creates a dedicated space for work or study Vaulted ceiling adds volume to the great room & dining area Stacked cabinetry with glass-front uppers brings depth to the kitchen Central island supports everyday prep & gathering in the kitchen 12' multi-slide door connects the great room to the covered patio Primary suite offers a comfortable retreat with a walk-in closet Primary bath features a freestanding soaking tub for relaxing evenings,4,3,0,1,Garage,,2,2080,,649823,653823,646823,,,,,"[""https://www.khov.com/contentassets/043ddc85600840f498780f2ab2de11d8/121588_Canyon_at_the_Ranch_Pasadena_Tuscan_XB_Elevation.jpg"", ""https://www.khov.com/contentassets/043ddc85600840f498780f2ab2de11d8/4_framing_exterior_21425783.jpg""]"
https://www.khov.com/new-construction-homes/california/rancho-cordova/canyon-at-the-ranch/pasadena-12399-alamosa-drive-1041/,,Canyon At The Ranch,38.5496890000,-121.2240464,"12399 Alamosa Drive, Rancho Cordova, CA, 95742",Rancho Cordova,CALIFORNIA,95742,,"Sunday: 11:00-18:00, Monday: 10:00-18:00, Tuesday: 10:00-18:00, Wednesday: 13:00-18:00, Thursday: 10:00-18:00, Friday: 10:00-18:00, Saturday: 10:00-18:00",916-237-9080,https://www.khov.com/,,K. Hovnanian Homes,single family,,,,Y,2,,Y,"Dog Park,Tot Lot",,Breathtaking kitchen with vast island & white stacked cabinetry Vaulted ceiling connects great room & dining area with access to patio Functional home office for leisure activities Elegant primary suite featuring ceiling treatment & triple windows Stunning primary bath with dual sinks & freestanding tub Spacious covered patio for outdoor enjoyment Functional 2-car garage for convenient parking,,,,35,,,1.06,,,,,,Pasadena,2,4,3,0,2080,642990,2026-04-28,,,,,Breathtaking kitchen with vast island & white stacked cabinetry Vaulted ceiling connects great room & dining area with access to patio Functional home office for leisure activities Elegant primary suite featuring ceiling treatment & triple windows Stunning primary bath with dual sinks & freestanding tub Spacious covered patio for outdoor enjoyment Functional 2-car garage for convenient parking,4,3,0,1,Garage,,2,2080,,642990,653823,679798,,,,,"[""https://www.khov.com/contentassets/84d779a4d5da44d5a3d1445f30afdb04/121588_Canyon_at_the_Ranch_Pasadena_Tuscan_XB_Elevation.jpg"", ""https://www.khov.com/contentassets/84d779a4d5da44d5a3d1445f30afdb04/3_int.-finish_exterior_21326248.jpg"", ""https://www.khov.com/contentassets/84d779a4d5da44d5a3d1445f30afdb04/3_int.-finish_exterior_21326250.jpg"", ""https://www.khov.com/contentassets/84d779a4d5da44d5a3d1445f30afdb04/3_int.-finish_exterior_21326251.jpg""]"
https://www.khov.com/new-construction-homes/california/rancho-cordova/k-hovnanians-four-seasons-at-the-ranch/astaire-12372-riverbottom-way-0154/,,K Hovnanians Four Seasons At The Ranch,38.5432014,-121.2116365999,"12372 Riverbottom Way, Rancho Cordova, CA, 95742",Rancho Cordova,CALIFORNIA,95742,,"Sunday: 11:00-18:00, Monday: 09:00-17:00, Tuesday: 09:00-17:00, Wednesday: 09:00-17:00, Thursday: 09:00-17:00, Friday: 09:00-17:00, Saturday: 09:00-17:00",916-237-9550,https://www.khov.com/,,K. Hovnanian Homes,single family,,,,Y,2,,Y,"The Clubhouse,Clubhouse Grounds,Pickleball Courts,Fitness Center,Fire Pit,Gated Entry,Fitness Pavilion,Outdoor Pool,Indoor Pool,Lounge,Billiards,Bocce Ball Courts,Dog Park,Horseshoe Pit,Cards Room,Events Pavilion,Clubhouse Dining Area,Catering Kitchen,Foyer",,"Home office with sliding barn doors for added charm Great room with vaulted ceiling for an open, airy feel Ash Grey cabinetry & wall oven shape a polished kitchen Window-lined dining area opens to a covered patio Primary suite with elevated ceiling detail Private bath with dual freestanding vanities Spacious walk-in closet for everyday ease",,,,300,,,1.06,,,,,,Astaire,2,2,2,0,1771,533400,2026-07-13,,,,,"Home office with sliding barn doors for added charm Great room with vaulted ceiling for an open, airy feel Ash Grey cabinetry & wall oven shape a polished kitchen Window-lined dining area opens to a covered patio Primary suite with elevated ceiling detail Private bath with dual freestanding vanities Spacious walk-in closet for everyday ease",2,2,0,1,Garage,,2,1771,,533400,757090,528400,,,,,"[""https://www.khov.com/contentassets/1bbdd7af142443a29595d2b1f7aa8379/149846_Four_Seasons_at_the_Ranch_Astaire_Astaire_WB_Farmhouse_Level_1.jpg"", ""https://www.khov.com/contentassets/1bbdd7af142443a29595d2b1f7aa8379/159978_Tucson_Kitchen_Farmhouse_Palette_1_Level_1_European_Farmhouse.jpg"", ""https://www.khov.com/contentassets/1bbdd7af142443a29595d2b1f7aa8379/159990_Tucson_Primary_Bath_Plus_Farmhouse_Palette_1_Level_1_European_Farmhouse.jpg"", ""https://www.khov.com/contentassets/1bbdd7af142443a29595d2b1f7aa8379/4_framing_exterior_21425393.jpg"", ""https://www.khov.com/contentassets/1bbdd7af142443a29595d2b1f7aa8379/4_framing_exterior_21425394.jpg""]"
https://www.khov.com/new-construction-homes/california/rancho-cordova/k-hovnanians-four-seasons-at-the-ranch/astaire-4469-bran-st-0100/,,K Hovnanians Four Seasons At The Ranch,38.5432014,-121.2116365999,"4469 Bran St, Rancho Cordova, CA, 95742",Rancho Cordova,CALIFORNIA,95742,,"Sunday: 11:00-18:00, Monday: 09:00-17:00, Tuesday: 09:00-17:00, Wednesday: 09:00-17:00, Thursday: 09:00-17:00, Friday: 09:00-17:00, Saturday: 09:00-17:00",916-237-9550,https://www.khov.com/,,K. Hovnanian Homes,single family,,,,Y,2,,Y,"The Clubhouse,Clubhouse Grounds,Pickleball Courts,Fitness Center,Fire Pit,Gated Entry,Fitness Pavilion,Outdoor Pool,Indoor Pool,Lounge,Billiards,Bocce Ball Courts,Dog Park,Horseshoe Pit,Cards Room,Events Pavilion,Clubhouse Dining Area,Catering Kitchen,Foyer",,Home office offers a dedicated workspace Vaulted ceiling adds volume to the great room 12' multi-slide door connects the great room to the covered patio Central island and Ash Grey cabinetry define the kitchen Window-lined dining area also opens to the covered patio Ceiling treatment adds detail to the primary suite Primary bath features dual freestanding vanities,,,,300,,,1.06,,,,,,Astaire,2,2,2,0,1771,541600,2026-07-10,,,,,Home office offers a dedicated workspace Vaulted ceiling adds volume to the great room 12' multi-slide door connects the great room to the covered patio Central island and Ash Grey cabinetry define the kitchen Window-lined dining area also opens to the covered patio Ceiling treatment adds detail to the primary suite Primary bath features dual freestanding vanities,2,2,0,1,Garage,,2,1771,,541600,757090,527600,,,,,"[""https://www.khov.com/contentassets/51d801588654447ba179f9fa0e329337/149846_Four_Seasons_at_the_Ranch_Astaire_Astaire_WB_Farmhouse_Level_1.jpg"", ""https://www.khov.com/contentassets/51d801588654447ba179f9fa0e329337/159978_Tucson_Kitchen_Farmhouse_Palette_1_Level_1_European_Farmhouse.jpg"", ""https://www.khov.com/contentassets/51d801588654447ba179f9fa0e329337/159990_Tucson_Primary_Bath_Plus_Farmhouse_Palette_1_Level_1_European_Farmhouse.jpg"", ""https://www.khov.com/contentassets/51d801588654447ba179f9fa0e329337/4_mechanical_exterior_21425448.jpg"", ""https://www.khov.com/contentassets/51d801588654447ba179f9fa0e329337/4_mechanical_exterior_21425449.jpg"", ""https://www.khov.com/contentassets/51d801588654447ba179f9fa0e329337/4_mechanical_exterior_21425450.jpg"", ""https://www.khov.com/contentassets/51d801588654447ba179f9fa0e329337/4_mechanical_greatroom_21425451.jpg"", ""https://www.khov.com/contentassets/51d801588654447ba179f9fa0e329337/4_mechanical_interior_21425453.jpg"", ""https://www.khov.com/contentassets/51d801588654447ba179f9fa0e329337/4_mechanical_interior_21425454.jpg"", ""https://www.khov.com/contentassets/51d801588654447ba179f9fa0e329337/4_mechanical_interior_21425455.jpg"", ""https://www.khov.com/contentassets/51d801588654447ba179f9fa0e329337/4_mechanical_interior_21425456.jpg"", ""https://www.khov.com/contentassets/51d801588654447ba179f9fa0e329337/4_mechanical_exterior_21425458.jpg""]"
https://www.khov.com/new-construction-homes/california/rancho-cordova/k-hovnanians-four-seasons-at-the-ranch/bell-esp-4302-hooded-crow-circle-0018/,,K Hovnanians Four Seasons At The Ranch,38.5432014,-121.2116365999,"4302 Hooded Crow Circle, Rancho Cordova, CA, 95742",Rancho Cordova,CALIFORNIA,95742,,"Sunday: 11:00-18:00, Monday: 09:00-17:00, Tuesday: 09:00-17:00, Wednesday: 09:00-17:00, Thursday: 09:00-17:00, Friday: 09:00-17:00, Saturday: 09:00-17:00",916-237-9550,https://www.khov.com/,,K. Hovnanian Homes,single family,,,,Y,2,,Y,"The Clubhouse,Clubhouse Grounds,Pickleball Courts,Fitness Center,Fire Pit,Gated Entry,Fitness Pavilion,Outdoor Pool,Indoor Pool,Lounge,Billiards,Bocce Ball Courts,Dog Park,Horseshoe Pit,Cards Room,Events Pavilion,Clubhouse Dining Area,Catering Kitchen,Foyer",,"Welcoming foyer opens to beautiful great room with vaulted ceiling Convenient Extra Suite Plus, perfect for multigenerational families Well-equipped kitchen featuring Pewter Grey cabinetry & quartz countertops Sunlit dining area adjacent kitchen makes mornings easy Lavish primary suite with private bath & sitting room Inviting covered patio featuring 15' multi-slide door Functional 2-car garage with additional cart garage",,,,300,,,1.06,,,,,,Bell ESP,2,3,3,1,2729,714860,2026-07-08,,,,,"Welcoming foyer opens to beautiful great room with vaulted ceiling Convenient Extra Suite Plus, perfect for multigenerational families Well-equipped kitchen featuring Pewter Grey cabinetry & quartz countertops Sunlit dining area adjacent kitchen makes mornings easy Lavish primary suite with private bath & sitting room Inviting covered patio featuring 15' multi-slide door Functional 2-car garage with additional cart garage",3,3,1,1,Garage,,2,2729,,714860,757090,709860,,,,,"[""https://www.khov.com/contentassets/8b108ec53b6d436b89533655571b2ff7/149851_Four_Seasons_at_the_Ranch_Bell_ESP_Bell_ESP_VB_Mediterranean_Level_2.jpg"", ""https://www.khov.com/contentassets/8b108ec53b6d436b89533655571b2ff7/160363_Tacoma_Kitchen_Loft_Palette_6_Level_2_Neutral_Loft.jpg"", ""https://www.khov.com/contentassets/8b108ec53b6d436b89533655571b2ff7/160364_Tacoma_Primary_Bath_Loft_Palette_6_Level_2_Neutral_Loft.jpg"", ""https://www.khov.com/contentassets/8b108ec53b6d436b89533655571b2ff7/3_framing_exterior_21326818.jpg"", ""https://www.khov.com/contentassets/8b108ec53b6d436b89533655571b2ff7/3_framing_exterior_21326823.jpg"", ""https://www.khov.com/contentassets/8b108ec53b6d436b89533655571b2ff7/3_framing_back_21326825.jpg"", ""https://www.khov.com/contentassets/8b108ec53b6d436b89533655571b2ff7/3_framing_exterior_21326826.jpg"", ""https://www.khov.com/contentassets/8b108ec53b6d436b89533655571b2ff7/3_framing_interior_21326829.jpg"", ""https://www.khov.com/contentassets/8b108ec53b6d436b89533655571b2ff7/3_framing_interior_21326830.jpg"", ""https://www.khov.com/contentassets/8b108ec53b6d436b89533655571b2ff7/3_framing_interior_21326831.jpg"", ""https://www.khov.com/contentassets/8b108ec53b6d436b89533655571b2ff7/3_framing_interior_21326832.jpg"", ""https://www.khov.com/contentassets/8b108ec53b6d436b89533655571b2ff7/3_framing_interior_21326833.jpg"", ""https://www.khov.com/contentassets/8b108ec53b6d436b89533655571b2ff7/3_framing_interior_21326834.jpg""]"
https://www.khov.com/new-construction-homes/california/rancho-cordova/k-hovnanians-four-seasons-at-the-ranch/bell-esp-4306-hooded-crow-circle-0017/,,K Hovnanians Four Seasons At The Ranch,38.5432014,-121.2116365999,"4306 Hooded Crow Circle, Rancho Cordova, CA, 95742",Rancho Cordova,CALIFORNIA,95742,,"Sunday: 11:00-18:00, Monday: 09:00-17:00, Tuesday: 09:00-17:00, Wednesday: 09:00-17:00, Thursday: 09:00-17:00, Friday: 09:00-17:00, Saturday: 09:00-17:00",916-237-9550,https://www.khov.com/,,K. Hovnanian Homes,single family,,,,Y,2,,Y,"The Clubhouse,Clubhouse Grounds,Pickleball Courts,Fitness Center,Fire Pit,Gated Entry,Fitness Pavilion,Outdoor Pool,Indoor Pool,Lounge,Billiards,Bocce Ball Courts,Dog Park,Horseshoe Pit,Cards Room,Events Pavilion,Clubhouse Dining Area,Catering Kitchen,Foyer",,Private Extra Suite Plus with kitchenette Efficient kitchen Birch White cabinetry & matte black finishes Vast center island overlooks spacious great room with vaulted ceiling Serene primary suite with stylish ceiling treatment & cozy sitting room Refreshing primary bath featuring dual vanities & walk-in closet Formal home office for working remotely Versatile covered patio with 15' multi-slide door,,,,300,,,1.06,,,,,,Bell ESP,2,3,3,1,2729,717960,2026-07-06,,,,,Private Extra Suite Plus with kitchenette Efficient kitchen Birch White cabinetry & matte black finishes Vast center island overlooks spacious great room with vaulted ceiling Serene primary suite with stylish ceiling treatment & cozy sitting room Refreshing primary bath featuring dual vanities & walk-in closet Formal home office for working remotely Versatile covered patio with 15' multi-slide door,3,3,1,1,Garage,,2,2729,,717960,757090,712960,,,,,"[""https://www.khov.com/contentassets/bcf02f7e27ce42b09e1cb7d6ce840e3c/149852_Four_Seasons_at_the_Ranch_Bell_ESP_Bell_ESP_WB_Farmhouse_Level_2.jpg"", ""https://www.khov.com/contentassets/bcf02f7e27ce42b09e1cb7d6ce840e3c/158571_Four_Seasons_at_the_Ranch_Autumn_Bell_ESP_Kitchen_Farmhouse_Palette_3_Level_2_FreshFarmhouse.jpg"", ""https://www.khov.com/contentassets/bcf02f7e27ce42b09e1cb7d6ce840e3c/158589_Four_Seasons_at_the_Ranch_Autumn_Bell_ESP_Kitchen_Farmhouse_Palette_3_Level_2_FreshFarmhouse.jpg"", ""https://www.khov.com/contentassets/bcf02f7e27ce42b09e1cb7d6ce840e3c/158572_Four_Seasons_at_the_Ranch_Autumn_Bell_ESP_Primary_Bath_Farmhouse_Palette_3_Level_2_FreshFarmhouse.jpg"", ""https://www.khov.com/contentassets/bcf02f7e27ce42b09e1cb7d6ce840e3c/158573_Four_Seasons_at_the_Ranch_Autumn_Bell_ESP_Primary_Bath_Farmhouse_Palette_3_Level_2_FreshFarmhouse.jpg"", ""https://www.khov.com/contentassets/bcf02f7e27ce42b09e1cb7d6ce840e3c/158570_Four_Seasons_at_the_Ranch_Autumn_Bell_ESP_Great_Room_Farmhouse_Palette_3_Level_2_FreshFarmhouse.jpg"", ""https://www.khov.com/contentassets/bcf02f7e27ce42b09e1cb7d6ce840e3c/158588_Four_Seasons_at_the_Ranch_Autumn_Bell_ESP_Great_Room_Farmhouse_Palette_3_Level_2_FreshFarmhouse.jpg"", ""https://www.khov.com/contentassets/bcf02f7e27ce42b09e1cb7d6ce840e3c/158575_Four_Seasons_at_the_Ranch_Autumn_Bell_ESP_Primary_Suite_Farmhouse_Palette_3_Level_2_FreshFarmhouse.jpg"", ""https://www.khov.com/contentassets/bcf02f7e27ce42b09e1cb7d6ce840e3c/158576_Four_Seasons_at_the_Ranch_Autumn_Bell_ESP_Primary_Suite_Farmhouse_Palette_3_Level_2_FreshFarmhouse.jpg"", ""https://www.khov.com/contentassets/bcf02f7e27ce42b09e1cb7d6ce840e3c/158592_Four_Seasons_at_the_Ranch_Autumn_Bell_ESP_Dining_Area_Farmhouse_Palette_3_Level_2_FreshFarmhouse.jpg"", ""https://www.khov.com/contentassets/bcf02f7e27ce42b09e1cb7d6ce840e3c/158581_Four_Seasons_at_the_Ranch_Autumn_Bell_ESP_Dining_Area_Farmhouse_Palette_3_Level_2_FreshFarmhouse.jpg"", ""https://www.khov.com/contentassets/bcf02f7e27ce42b09e1cb7d6ce840e3c/158584_Four_Seasons_at_the_Ranch_Autumn_Bell_ESP_ESP_Bedroom_Farmhouse_Palette_3_Level_2_FreshFarmhouse.jpg"", ""https://www.khov.com/contentassets/bcf02f7e27ce42b09e1cb7d6ce840e3c/158585_Four_Seasons_at_the_Ranch_Autumn_Bell_ESP_ESP_Bedroom_Farmhouse_Palette_3_Level_2_FreshFarmhouse.jpg"", ""https://www.khov.com/contentassets/bcf02f7e27ce42b09e1cb7d6ce840e3c/158587_Four_Seasons_at_the_Ranch_Autumn_Bell_ESP_ESP_Living_Farmhouse_Palette_3_Level_2_FreshFarmhouse.jpg"", ""https://www.khov.com/contentassets/bcf02f7e27ce42b09e1cb7d6ce840e3c/158586_Four_Seasons_at_the_Ranch_Autumn_Bell_ESP_ESP_Living_Farmhouse_Palette_3_Level_2_FreshFarmhouse.jpg"", ""https://www.khov.com/contentassets/bcf02f7e27ce42b09e1cb7d6ce840e3c/158582_Four_Seasons_at_the_Ranch_Autumn_Bell_ESP_ESP_Bathroom_Farmhouse_Palette_3_Level_2_FreshFarmhouse.jpg"", ""https://www.khov.com/contentassets/bcf02f7e27ce42b09e1cb7d6ce840e3c/158583_Four_Seasons_at_the_Ranch_Autumn_Bell_ESP_ESP_Bathroom_Farmhouse_Palette_3_Level_2_FreshFarmhouse.jpg"", ""https://www.khov.com/contentassets/bcf02f7e27ce42b09e1cb7d6ce840e3c/4_mechanical_exterior_21420806.jpg"", ""https://www.khov.com/contentassets/bcf02f7e27ce42b09e1cb7d6ce840e3c/4_mechanical_interior_21420809.jpg""]"
https://www.khov.com/new-construction-homes/california/rancho-cordova/k-hovnanians-four-seasons-at-the-ranch/bernstein-12417-chelidon-way-0014/,,K Hovnanians Four Seasons At The Ranch,38.5432014,-121.2116365999,"12417 Chelidon Way, Rancho Cordova, CA, 95742",Rancho Cordova,CALIFORNIA,95742,,"Sunday: 11:00-18:00, Monday: 09:00-17:00, Tuesday: 09:00-17:00, Wednesday: 09:00-17:00, Thursday: 09:00-17:00, Friday: 09:00-17:00, Saturday: 09:00-17:00",916-237-9550,https://www.khov.com/,,K. Hovnanian Homes,single family,,,,Y,2,,Y,"The Clubhouse,Clubhouse Grounds,Pickleball Courts,Fitness Center,Fire Pit,Gated Entry,Fitness Pavilion,Outdoor Pool,Indoor Pool,Lounge,Billiards,Bocce Ball Courts,Dog Park,Horseshoe Pit,Cards Room,Events Pavilion,Clubhouse Dining Area,Catering Kitchen,Foyer",,Home office with sliding barn doors add character Great room & kitchen beneath painted beams with ceiling detail Ash Grey cabinetry & wall oven give the kitchen a tailored feel Covered patio just off the dining area for easy outdoor living Primary suite with elevated ceiling detail Refined primary bath with dual sinks & luxe shower Spacious walk-in closet for everyday ease,,,,300,,,1.06,,,,,,Bernstein,2,2,2,0,1670,523910,2026-07-30,,,,,Home office with sliding barn doors add character Great room & kitchen beneath painted beams with ceiling detail Ash Grey cabinetry & wall oven give the kitchen a tailored feel Covered patio just off the dining area for easy outdoor living Primary suite with elevated ceiling detail Refined primary bath with dual sinks & luxe shower Spacious walk-in closet for everyday ease,2,2,0,1,Garage,,2,1670,,523910,757090,521910,,,,,"[""https://www.khov.com/contentassets/61d26edbc47b43828a9bad064297f69d/149855_Four_Seasons_at_the_Ranch_Bernstein_Bernstein_UB_Spanish_Modern_Level_1.jpg"", ""https://www.khov.com/contentassets/61d26edbc47b43828a9bad064297f69d/159978_Tucson_Kitchen_Farmhouse_Palette_1_Level_1_European_Farmhouse.jpg"", ""https://www.khov.com/contentassets/61d26edbc47b43828a9bad064297f69d/159990_Tucson_Primary_Bath_Plus_Farmhouse_Palette_1_Level_1_European_Farmhouse.jpg"", ""https://www.khov.com/contentassets/61d26edbc47b43828a9bad064297f69d/4_framing_exterior_21424856.jpg"", ""https://www.khov.com/contentassets/61d26edbc47b43828a9bad064297f69d/4_framing_porch_21424857.jpg"", ""https://www.khov.com/contentassets/61d26edbc47b43828a9bad064297f69d/4_framing_porch_21424859.jpg"", ""https://www.khov.com/contentassets/61d26edbc47b43828a9bad064297f69d/4_framing_exterior_21424861.jpg""]"
https://www.khov.com/new-construction-homes/california/rancho-cordova/k-hovnanians-four-seasons-at-the-ranch/bernstein-12429-chelidon-way-0011/,,K Hovnanians Four Seasons At The Ranch,38.5432014,-121.2116365999,"12429 Chelidon Way, Rancho Cordova, CA, 95742",Rancho Cordova,CALIFORNIA,95742,,"Sunday: 11:00-18:00, Monday: 09:00-17:00, Tuesday: 09:00-17:00, Wednesday: 09:00-17:00, Thursday: 09:00-17:00, Friday: 09:00-17:00, Saturday: 09:00-17:00",916-237-9550,https://www.khov.com/,,K. Hovnanian Homes,single family,,,,Y,2,,Y,"The Clubhouse,Clubhouse Grounds,Pickleball Courts,Fitness Center,Fire Pit,Gated Entry,Fitness Pavilion,Outdoor Pool,Indoor Pool,Lounge,Billiards,Bocce Ball Courts,Dog Park,Horseshoe Pit,Cards Room,Events Pavilion,Clubhouse Dining Area,Catering Kitchen,Foyer",,"Well-equipped kitchen featuring Birch White cabinetry, chrome fixtures, & wall oven Connected dining area & great room create seamless flow for entertaining Peaceful primary suite & bath with generous walk-in closet Private home office offers a quiet space for studying or reading Inviting covered patio for relaxing with friends Convenient HovHall with access to laundry room & 2-car garage",,,,300,,,1.06,,,,,,Bernstein,2,2,2,0,1670,515990,2026-08-05,,,,,"Well-equipped kitchen featuring Birch White cabinetry, chrome fixtures, & wall oven Connected dining area & great room create seamless flow for entertaining Peaceful primary suite & bath with generous walk-in closet Private home office offers a quiet space for studying or reading Inviting covered patio for relaxing with friends Convenient HovHall with access to laundry room & 2-car garage",2,2,0,1,Garage,,2,1670,,515990,757090,513990,,,,,"[""https://www.khov.com/contentassets/3c05a519108b492388fd576d9acd8f75/149855_Four_Seasons_at_the_Ranch_Bernstein_Bernstein_UB_Spanish_Modern_Level_1.jpg"", ""https://www.khov.com/contentassets/3c05a519108b492388fd576d9acd8f75/160026_Tucson_Kitchen_Loft_Palette_3_Level_1_Coastal_Loft.jpg"", ""https://www.khov.com/contentassets/3c05a519108b492388fd576d9acd8f75/160040_Tucson_Primary_Bath_Plus_Loft_Palette_3_Level_1_Coastal_Loft.jpg"", ""https://www.khov.com/contentassets/3c05a519108b492388fd576d9acd8f75/3_foundation_exterior_21424848.jpg"", ""https://www.khov.com/contentassets/3c05a519108b492388fd576d9acd8f75/3_foundation_exterior_21424849.jpg"", ""https://www.khov.com/contentassets/3c05a519108b492388fd576d9acd8f75/3_foundation_exterior_21424850.jpg""]"
https://www.khov.com/new-construction-homes/california/rancho-cordova/k-hovnanians-four-seasons-at-the-ranch/bernstein-12433-chelidon-way-0010/,,K Hovnanians Four Seasons At The Ranch,38.5432014,-121.2116365999,"12433 Chelidon Way, Rancho Cordova, CA, 95742",Rancho Cordova,CALIFORNIA,95742,,"Sunday: 11:00-18:00, Monday: 09:00-17:00, Tuesday: 09:00-17:00, Wednesday: 09:00-17:00, Thursday: 09:00-17:00, Friday: 09:00-17:00, Saturday: 09:00-17:00",916-237-9550,https://www.khov.com/,,K. Hovnanian Homes,single family,,,,Y,2,,Y,"The Clubhouse,Clubhouse Grounds,Pickleball Courts,Fitness Center,Fire Pit,Gated Entry,Fitness Pavilion,Outdoor Pool,Indoor Pool,Lounge,Billiards,Bocce Ball Courts,Dog Park,Horseshoe Pit,Cards Room,Events Pavilion,Clubhouse Dining Area,Catering Kitchen,Foyer",,"Sleek kitchen featuring Birch White cabinetry, wall oven, & matte black finishes Vast center island, perfect for prepping & serving meals Sunlit dining area with access to covered patio Spacious great room for hosting family & friends Private primary suite & bath featuring generous walk-in closet Formal home office for working remotely Functional laundry room with included utility sink",,,,300,,,1.06,,,,,,Bernstein,2,2,2,0,1670,529790,2026-08-12,,,,,"Sleek kitchen featuring Birch White cabinetry, wall oven, & matte black finishes Vast center island, perfect for prepping & serving meals Sunlit dining area with access to covered patio Spacious great room for hosting family & friends Private primary suite & bath featuring generous walk-in closet Formal home office for working remotely Functional laundry room with included utility sink",2,2,0,1,Garage,,2,1670,,529790,757090,527790,,,,,"[""https://www.khov.com/contentassets/571fea08835442698cdf78613a3fb174/149801_Four_Seasons_at_the_Ranch_Bernstein_Bernstein_WB_Farmhouse_Classic_Palette_5_Level_1.jpg"", ""https://www.khov.com/contentassets/571fea08835442698cdf78613a3fb174/159980_Tucson_Kitchen_Farmhouse_Palette_3_Level_1_European_Farmhouse.jpg"", ""https://www.khov.com/contentassets/571fea08835442698cdf78613a3fb174/159998_Tucson_Primary_Bath_Plus_Farmhouse_Palette_3_Level_1_European_Farmhouse.jpg"", ""https://www.khov.com/contentassets/571fea08835442698cdf78613a3fb174/3_foundation_exterior_21424844.jpg"", ""https://www.khov.com/contentassets/571fea08835442698cdf78613a3fb174/3_foundation_exterior_21424846.jpg"", ""https://www.khov.com/contentassets/571fea08835442698cdf78613a3fb174/3_foundation_exterior_21424847.jpg""]"
https://www.khov.com/new-construction-homes/california/rancho-cordova/k-hovnanians-four-seasons-at-the-ranch/bernstein-4451-doric-way-0125/,,K Hovnanians Four Seasons At The Ranch,38.5432014,-121.2116365999,"4451 Doric Way, Rancho Cordova, CA, 95742",Rancho Cordova,CALIFORNIA,95742,,"Sunday: 11:00-18:00, Monday: 09:00-17:00, Tuesday: 09:00-17:00, Wednesday: 09:00-17:00, Thursday: 09:00-17:00, Friday: 09:00-17:00, Saturday: 09:00-17:00",916-237-9550,https://www.khov.com/,,K. Hovnanian Homes,single family,,,,Y,2,,Y,"The Clubhouse,Clubhouse Grounds,Pickleball Courts,Fitness Center,Fire Pit,Gated Entry,Fitness Pavilion,Outdoor Pool,Indoor Pool,Lounge,Billiards,Bocce Ball Courts,Dog Park,Horseshoe Pit,Cards Room,Events Pavilion,Clubhouse Dining Area,Catering Kitchen,Foyer",,Home office with sliding barn doors adds character & privacy Great room & kitchen share a cohesive ceiling treatment Striking kitchen design with Slate Grey cabinetry Wall oven & central island support everyday cooking and gathering Covered patio off the dining area for easy outdoor living Primary bath with dual sinks & glass shower enclosure Backyard landscaping included for a finished outdoor space,,,,300,,,1.06,,,,,,Bernstein,2,2,2,0,1670,511990,,,,,,Home office with sliding barn doors adds character & privacy Great room & kitchen share a cohesive ceiling treatment Striking kitchen design with Slate Grey cabinetry Wall oven & central island support everyday cooking and gathering Covered patio off the dining area for easy outdoor living Primary bath with dual sinks & glass shower enclosure Backyard landscaping included for a finished outdoor space,2,2,0,1,Garage,,2,1670,,511990,757090,600730,,,,,"[""https://www.khov.com/contentassets/122acc70e3a94978b114081d629dd07c/1_hdr_backyard_21389502.jpg"", ""https://www.khov.com/contentassets/122acc70e3a94978b114081d629dd07c/1_hdr_exterior_21389508.jpg"", ""https://www.khov.com/contentassets/122acc70e3a94978b114081d629dd07c/1_hdr_backyard_21389513.jpg"", ""https://www.khov.com/contentassets/122acc70e3a94978b114081d629dd07c/2_hdr_backyard_21389502.jpg"", ""https://www.khov.com/contentassets/122acc70e3a94978b114081d629dd07c/2_hdr_exterior_21389508.jpg"", ""https://www.khov.com/contentassets/122acc70e3a94978b114081d629dd07c/2_hdr_backyard_21389513.jpg"", ""https://www.khov.com/contentassets/122acc70e3a94978b114081d629dd07c/2_hdr_porch_21442492.jpg"", ""https://www.khov.com/contentassets/122acc70e3a94978b114081d629dd07c/2_hdr_interior_21389422.jpg"", ""https://www.khov.com/contentassets/122acc70e3a94978b114081d629dd07c/2_hdr_kitchen_21389425.jpg"", ""https://www.khov.com/contentassets/122acc70e3a94978b114081d629dd07c/2_hdr_interior_21389427.jpg"", ""https://www.khov.com/contentassets/122acc70e3a94978b114081d629dd07c/2_hdr_kitchen_21389430.jpg"", ""https://www.khov.com/contentassets/122acc70e3a94978b114081d629dd07c/2_hdr_kitchen_21389433.jpg"", ""https://www.khov.com/contentassets/122acc70e3a94978b114081d629dd07c/2_hdr_kitchen_21389436.jpg"", ""https://www.khov.com/contentassets/122acc70e3a94978b114081d629dd07c/2_hdr_interior_21389439.jpg"", ""https://www.khov.com/contentassets/122acc70e3a94978b114081d629dd07c/2_hdr_interior_21389442.jpg"", ""https://www.khov.com/contentassets/122acc70e3a94978b114081d629dd07c/2_hdr_bedroom_21389445.jpg"", ""https://www.khov.com/contentassets/122acc70e3a94978b114081d629dd07c/2_hdr_bedroom_21389448.jpg"", ""https://www.khov.com/contentassets/122acc70e3a94978b114081d629dd07c/2_hdr_interior_21389452.jpg"", ""https://www.khov.com/contentassets/122acc70e3a94978b114081d629dd07c/2_hdr_interior_21389455.jpg"", ""https://www.khov.com/contentassets/122acc70e3a94978b114081d629dd07c/2_hdr_interior_21389458.jpg"", ""https://www.khov.com/contentassets/122acc70e3a94978b114081d629dd07c/2_hdr_bathroom_21389460.jpg"", ""https://www.khov.com/contentassets/122acc70e3a94978b114081d629dd07c/2_hdr_bedroom_21389464.jpg"", ""https://www.khov.com/contentassets/122acc70e3a94978b114081d629dd07c/2_hdr_bedroom_21389467.jpg"", ""https://www.khov.com/contentassets/122acc70e3a94978b114081d629dd07c/2_hdr_bedroom_21389473.jpg"", ""https://www.khov.com/contentassets/122acc70e3a94978b114081d629dd07c/2_hdr_bedroom_21389478.jpg"", ""https://www.khov.com/contentassets/122acc70e3a94978b114081d629dd07c/2_hdr_interior_21389483.jpg"", ""https://www.khov.com/contentassets/122acc70e3a94978b114081d629dd07c/2_hdr_interior_21389490.jpg"", ""https://www.khov.com/contentassets/122acc70e3a94978b114081d629dd07c/2_hdr_interior_21389495.jpg"", ""https://www.khov.com/contentassets/122acc70e3a94978b114081d629dd07c/2_hdr_bathroom_21442477.jpg"", ""https://www.khov.com/contentassets/122acc70e3a94978b114081d629dd07c/2_hdr_kitchen_21442483.jpg"", ""https://www.khov.com/contentassets/122acc70e3a94978b114081d629dd07c/2_hdr_closet_21442487.jpg""]"
https://www.khov.com/new-construction-homes/california/rancho-cordova/k-hovnanians-four-seasons-at-the-ranch/carver-12336-collared-crow-way-0028/,,K Hovnanians Four Seasons At The Ranch,38.5432014,-121.2116365999,"12336 Collared Crow Way, Rancho Cordova, CA, 95742",Rancho Cordova,CALIFORNIA,95742,,"Sunday: 11:00-18:00, Monday: 09:00-17:00, Tuesday: 09:00-17:00, Wednesday: 09:00-17:00, Thursday: 09:00-17:00, Friday: 09:00-17:00, Saturday: 09:00-17:00",916-237-9550,https://www.khov.com/,,K. Hovnanian Homes,single family,,,,Y,2,,Y,"The Clubhouse,Clubhouse Grounds,Pickleball Courts,Fitness Center,Fire Pit,Gated Entry,Fitness Pavilion,Outdoor Pool,Indoor Pool,Lounge,Billiards,Bocce Ball Courts,Dog Park,Horseshoe Pit,Cards Room,Events Pavilion,Clubhouse Dining Area,Catering Kitchen,Foyer",,Private home office perfect for leisure activities Dining area & great room are connected by vaulted ceiling Kitchen with Birch White cabinetry & wall oven 15' multi-slide door connects great room to covered patio Primary suite offers gorgeous ceiling treatment Lavish primary bath with dual vanities & glass shower enclosure,,,,300,,,1.06,,,,,,Carver,2,2,2,1,2415,697790,2026-07-23,,,,,Private home office perfect for leisure activities Dining area & great room are connected by vaulted ceiling Kitchen with Birch White cabinetry & wall oven 15' multi-slide door connects great room to covered patio Primary suite offers gorgeous ceiling treatment Lavish primary bath with dual vanities & glass shower enclosure,2,2,1,1,Garage,,2,2415,,697790,757090,697790,,,,,"[""https://www.khov.com/contentassets/08be62c15343498e9af61eebd174c44e/149804_Four_Seasons_at_the_Ranch_Carver_CarverWBFarmhouseGen3elev_DAY_Farmhouse_Level_2.jpg"", ""https://www.khov.com/contentassets/08be62c15343498e9af61eebd174c44e/160420_Tacoma_Kitchen_Farmhouse_Palette_3_Level_2_Fresh_Farmhouse.jpg"", ""https://www.khov.com/contentassets/08be62c15343498e9af61eebd174c44e/160422_Tacoma_Primary_Bath_Plus_Farmhouse_Palette_3_Level_2_Fresh_Farmhouse.jpg"", ""https://www.khov.com/contentassets/08be62c15343498e9af61eebd174c44e/3_foundation_exterior_21420782.jpg"", ""https://www.khov.com/contentassets/08be62c15343498e9af61eebd174c44e/3_foundation_exterior_21420783.jpg"", ""https://www.khov.com/contentassets/08be62c15343498e9af61eebd174c44e/3_foundation_exterior_21420784.jpg""]"
https://www.khov.com/new-construction-homes/california/rancho-cordova/k-hovnanians-four-seasons-at-the-ranch/carver-12339-collared-crow-way-0032/,,K Hovnanians Four Seasons At The Ranch,38.5432014,-121.2116365999,"12339 Collared Crow Way, Rancho Cordova, CA, 95742",Rancho Cordova,CALIFORNIA,95742,,"Sunday: 11:00-18:00, Monday: 09:00-17:00, Tuesday: 09:00-17:00, Wednesday: 09:00-17:00, Thursday: 09:00-17:00, Friday: 09:00-17:00, Saturday: 09:00-17:00",916-237-9550,https://www.khov.com/,,K. Hovnanian Homes,single family,,,,Y,2,,Y,"The Clubhouse,Clubhouse Grounds,Pickleball Courts,Fitness Center,Fire Pit,Gated Entry,Fitness Pavilion,Outdoor Pool,Indoor Pool,Lounge,Billiards,Bocce Ball Courts,Dog Park,Horseshoe Pit,Cards Room,Events Pavilion,Clubhouse Dining Area,Catering Kitchen,Foyer",,Home office offers a quiet space for work or study Great room & dining area share a vaulted ceiling for an open feel Kitchen with stacked Chestnut Brown cabinetry & glass-front uppers Wall oven adds convenience to the kitchen layout 15' multi-slide door opens the living space to the covered patio Primary suite with a spacious walk-in closet Primary bath with dual freestanding vanities & elegant finishes,,,,300,,,1.06,,,,,,Carver,2,2,2,1,2415,679990,,,,,,Home office offers a quiet space for work or study Great room & dining area share a vaulted ceiling for an open feel Kitchen with stacked Chestnut Brown cabinetry & glass-front uppers Wall oven adds convenience to the kitchen layout 15' multi-slide door opens the living space to the covered patio Primary suite with a spacious walk-in closet Primary bath with dual freestanding vanities & elegant finishes,2,2,1,1,Garage,,2,2415,,679990,757090,769160,,,,,"[""https://www.khov.com/contentassets/1419a90be3974b6b93c7c697d6a6cce5/3_hdr_exterior_21391175.jpg"", ""https://www.khov.com/contentassets/1419a90be3974b6b93c7c697d6a6cce5/3_hdr_backyard_21391178.jpg"", ""https://www.khov.com/contentassets/1419a90be3974b6b93c7c697d6a6cce5/3_hdr_exterior_21391182.jpg"", ""https://www.khov.com/contentassets/1419a90be3974b6b93c7c697d6a6cce5/3_hdr_bedroom_21391105.jpg"", ""https://www.khov.com/contentassets/1419a90be3974b6b93c7c697d6a6cce5/3_hdr_bedroom_21391107.jpg"", ""https://www.khov.com/contentassets/1419a90be3974b6b93c7c697d6a6cce5/3_hdr_bathroom_21391111.jpg"", ""https://www.khov.com/contentassets/1419a90be3974b6b93c7c697d6a6cce5/3_hdr_greatroom_21391114.jpg"", ""https://www.khov.com/contentassets/1419a90be3974b6b93c7c697d6a6cce5/3_hdr_interior_21391116.jpg"", ""https://www.khov.com/contentassets/1419a90be3974b6b93c7c697d6a6cce5/3_hdr_interior_21391119.jpg"", ""https://www.khov.com/contentassets/1419a90be3974b6b93c7c697d6a6cce5/3_hdr_interior_21391122.jpg"", ""https://www.khov.com/contentassets/1419a90be3974b6b93c7c697d6a6cce5/3_hdr_interior_21391124.jpg"", ""https://www.khov.com/contentassets/1419a90be3974b6b93c7c697d6a6cce5/3_hdr_interior_21391127.jpg"", ""https://www.khov.com/contentassets/1419a90be3974b6b93c7c697d6a6cce5/3_hdr_interior_21391130.jpg"", ""https://www.khov.com/contentassets/1419a90be3974b6b93c7c697d6a6cce5/3_hdr_kitchen_21391133.jpg"", ""https://www.khov.com/contentassets/1419a90be3974b6b93c7c697d6a6cce5/3_hdr_interior_21391137.jpg"", ""https://www.khov.com/contentassets/1419a90be3974b6b93c7c697d6a6cce5/3_hdr_interior_21391140.jpg"", ""https://www.khov.com/contentassets/1419a90be3974b6b93c7c697d6a6cce5/3_hdr_interior_21391143.jpg"", ""https://www.khov.com/contentassets/1419a90be3974b6b93c7c697d6a6cce5/3_hdr_interior_21391145.jpg"", ""https://www.khov.com/contentassets/1419a90be3974b6b93c7c697d6a6cce5/3_hdr_bedroom_21391148.jpg"", ""https://www.khov.com/contentassets/1419a90be3974b6b93c7c697d6a6cce5/3_hdr_bedroom_21391151.jpg"", ""https://www.khov.com/contentassets/1419a90be3974b6b93c7c697d6a6cce5/3_hdr_bathroom_21391153.jpg"", ""https://www.khov.com/contentassets/1419a90be3974b6b93c7c697d6a6cce5/3_hdr_interior_21391156.jpg"", ""https://www.khov.com/contentassets/1419a90be3974b6b93c7c697d6a6cce5/3_hdr_interior_21391159.jpg"", ""https://www.khov.com/contentassets/1419a90be3974b6b93c7c697d6a6cce5/3_hdr_bedroom_21391163.jpg"", ""https://www.khov.com/contentassets/1419a90be3974b6b93c7c697d6a6cce5/3_hdr_bedroom_21391164.jpg"", ""https://www.khov.com/contentassets/1419a90be3974b6b93c7c697d6a6cce5/3_hdr_bathroom_21391168.jpg"", ""https://www.khov.com/contentassets/1419a90be3974b6b93c7c697d6a6cce5/3_hdr_bedroom_21391171.jpg"", ""https://www.khov.com/contentassets/1419a90be3974b6b93c7c697d6a6cce5/3_hdr_interior_21442837.jpg"", ""https://www.khov.com/contentassets/1419a90be3974b6b93c7c697d6a6cce5/3_hdr_kitchen_21442840.jpg"", ""https://www.khov.com/contentassets/1419a90be3974b6b93c7c697d6a6cce5/3_hdr_bathroom_21442842.jpg"", ""https://www.khov.com/contentassets/1419a90be3974b6b93c7c697d6a6cce5/3_hdr_closet_21442845.jpg""]"
https://www.khov.com/new-construction-homes/california/rancho-cordova/k-hovnanians-four-seasons-at-the-ranch/carver-12343-collared-crow-way-0033/,,K Hovnanians Four Seasons At The Ranch,38.5432014,-121.2116365999,"12343 Collared Crow Way, Rancho Cordova, CA, 95742",Rancho Cordova,CALIFORNIA,95742,,"Sunday: 11:00-18:00, Monday: 09:00-17:00, Tuesday: 09:00-17:00, Wednesday: 09:00-17:00, Thursday: 09:00-17:00, Friday: 09:00-17:00, Saturday: 09:00-17:00",916-237-9550,https://www.khov.com/,,K. Hovnanian Homes,single family,,,,Y,2,,Y,"The Clubhouse,Clubhouse Grounds,Pickleball Courts,Fitness Center,Fire Pit,Gated Entry,Fitness Pavilion,Outdoor Pool,Indoor Pool,Lounge,Billiards,Bocce Ball Courts,Dog Park,Horseshoe Pit,Cards Room,Events Pavilion,Clubhouse Dining Area,Catering Kitchen,Foyer",,Charming kitchen featuring Chestnut Brown cabinetry & wall oven Vast center island overlooking main living spaces Connected great room & dining area with striking vaulted ceiling Lavish primary suite & bath with generous walk-in closet Organized home office for working remotely Spacious covered patio featuring 15' multi-slide door Attached 2-car garage with additional cart garage,,,,300,,,1.06,,,,,,Carver,2,2,2,1,2415,681990,,,,,,Charming kitchen featuring Chestnut Brown cabinetry & wall oven Vast center island overlooking main living spaces Connected great room & dining area with striking vaulted ceiling Lavish primary suite & bath with generous walk-in closet Organized home office for working remotely Spacious covered patio featuring 15' multi-slide door Attached 2-car garage with additional cart garage,2,2,1,1,Garage,,2,2415,,681990,757090,765560,,,,,"[""https://www.khov.com/contentassets/97a0598d74f24e4abd51188d59182d63/169949_Four_Seasons_at_the_Ranch_Autumn_Carver_Mediterranean_Exterior_Elevation_Classic_Palette_4_Level_2.jpg"", ""https://www.khov.com/contentassets/97a0598d74f24e4abd51188d59182d63/160358_Tacoma_Kitchen_Loft_Palette_5_Level_2_Neutral_Loft.jpg"", ""https://www.khov.com/contentassets/97a0598d74f24e4abd51188d59182d63/160359_Tacoma_Primary_Bath_Loft_Palette_5_Level_2_Neutral_Loft.jpg""]"
https://www.khov.com/new-construction-homes/california/rancho-cordova/k-hovnanians-four-seasons-at-the-ranch/davis-12397-chelidon-way-0019/,,K Hovnanians Four Seasons At The Ranch,38.5432014,-121.2116365999,"12397 Chelidon Way, Rancho Cordova, CA, 95742",Rancho Cordova,CALIFORNIA,95742,,"Sunday: 11:00-18:00, Monday: 09:00-17:00, Tuesday: 09:00-17:00, Wednesday: 09:00-17:00, Thursday: 09:00-17:00, Friday: 09:00-17:00, Saturday: 09:00-17:00",916-237-9550,https://www.khov.com/,,K. Hovnanian Homes,single family,,,,Y,2,,Y,"The Clubhouse,Clubhouse Grounds,Pickleball Courts,Fitness Center,Fire Pit,Gated Entry,Fitness Pavilion,Outdoor Pool,Indoor Pool,Lounge,Billiards,Bocce Ball Courts,Dog Park,Horseshoe Pit,Cards Room,Events Pavilion,Clubhouse Dining Area,Catering Kitchen,Foyer",,"Private home office set just off the main living space Kitchen, dining & great room unified by architectural ceiling detail Chestnut Brown stacked cabinetry with glass uppers adds timeless warmth Wall oven enhances the kitchen layout Covered patio just off the great room Primary suite with refined ceiling treatment Primary bath featuring dual freestanding vanities",,,,300,,,1.06,,,,,,Davis,2,2,2,1,1758,551490,2026-07-09,,,,,"Private home office set just off the main living space Kitchen, dining & great room unified by architectural ceiling detail Chestnut Brown stacked cabinetry with glass uppers adds timeless warmth Wall oven enhances the kitchen layout Covered patio just off the great room Primary suite with refined ceiling treatment Primary bath featuring dual freestanding vanities",2,2,1,1,Garage,,2,1758,,551490,757090,551490,,,,,"[""https://www.khov.com/contentassets/6a51f12c859540d49c1b49e54edc3abc/169498_Four_Seasons_at_The_Ranch_Spring_Davis_Home_Elevation_Farmhouse_Palette_3_Level_1.jpg"", ""https://www.khov.com/contentassets/6a51f12c859540d49c1b49e54edc3abc/160021_Tucson_Kitchen_Classic_Palette_5_Level_1_Coastal_Classic.jpg"", ""https://www.khov.com/contentassets/6a51f12c859540d49c1b49e54edc3abc/160076_Tucson_Primary_Bath_Plus_Classic_Palette_5_Level_1_Coastal_Classic.jpg"", ""https://www.khov.com/contentassets/6a51f12c859540d49c1b49e54edc3abc/3_framing_exterior_21327335.jpg"", ""https://www.khov.com/contentassets/6a51f12c859540d49c1b49e54edc3abc/3_framing_exterior_21327338.jpg"", ""https://www.khov.com/contentassets/6a51f12c859540d49c1b49e54edc3abc/3_framing_exterior_21327339.jpg"", ""https://www.khov.com/contentassets/6a51f12c859540d49c1b49e54edc3abc/3_framing_back_21327340.jpg"", ""https://www.khov.com/contentassets/6a51f12c859540d49c1b49e54edc3abc/3_framing_exterior_21327342.jpg"", ""https://www.khov.com/contentassets/6a51f12c859540d49c1b49e54edc3abc/3_framing_greatroom_21327343.jpg"", ""https://www.khov.com/contentassets/6a51f12c859540d49c1b49e54edc3abc/3_framing_interior_21327344.jpg"", ""https://www.khov.com/contentassets/6a51f12c859540d49c1b49e54edc3abc/3_framing_interior_21327345.jpg"", ""https://www.khov.com/contentassets/6a51f12c859540d49c1b49e54edc3abc/3_framing_interior_21327346.jpg"", ""https://www.khov.com/contentassets/6a51f12c859540d49c1b49e54edc3abc/3_framing_exterior_21327347.jpg""]"
https://www.khov.com/new-construction-homes/california/rancho-cordova/k-hovnanians-four-seasons-at-the-ranch/eagle-12429-columba-way-0059/,,K Hovnanians Four Seasons At The Ranch,38.5432014,-121.2116365999,"12429 Columba Way, Rancho Cordova, CA, 95742",Rancho Cordova,CALIFORNIA,95742,,"Sunday: 11:00-18:00, Monday: 09:00-17:00, Tuesday: 09:00-17:00, Wednesday: 09:00-17:00, Thursday: 09:00-17:00, Friday: 09:00-17:00, Saturday: 09:00-17:00",916-237-9550,https://www.khov.com/,,K. Hovnanian Homes,single family,,,,Y,2,,Y,"The Clubhouse,Clubhouse Grounds,Pickleball Courts,Fitness Center,Fire Pit,Gated Entry,Fitness Pavilion,Outdoor Pool,Indoor Pool,Lounge,Billiards,Bocce Ball Courts,Dog Park,Horseshoe Pit,Cards Room,Events Pavilion,Clubhouse Dining Area,Catering Kitchen,Foyer",,Central island and wall oven define the kitchen Great room and dining area share a cohesive ceiling treatment Covered patio extends living space off the great room Primary suite includes a walk-in closet Primary bath features dual sinks & a glass shower enclosure 2-car garage provides everyday parking,,,,300,,,1.06,,,,,,Eagle,2,2,2,0,1307,464154,2026-06-15,,,,,Central island and wall oven define the kitchen Great room and dining area share a cohesive ceiling treatment Covered patio extends living space off the great room Primary suite includes a walk-in closet Primary bath features dual sinks & a glass shower enclosure 2-car garage provides everyday parking,2,2,0,1,Garage,,2,1307,,464154,464154,456234,,,,,"[""https://www.khov.com/contentassets/43dc20d5200e49feb0d1ba13104ccadb/175104_four-seasons-at-the-ranch-winter_eagle_covered-patio_classic_palette-3_level-2.jpg"", ""https://www.khov.com/contentassets/43dc20d5200e49feb0d1ba13104ccadb/149812_Four_Seasons_at_the_Ranch_Eagle_Eagle_YB_Craftsman_Level_1.jpg"", ""https://www.khov.com/contentassets/43dc20d5200e49feb0d1ba13104ccadb/175099_four-seasons-at-the-ranch-winter_eagle_dining-area_classic_palette-3_level-2.jpg"", ""https://www.khov.com/contentassets/43dc20d5200e49feb0d1ba13104ccadb/175102_four-seasons-at-the-ranch-winter_eagle_kitchen_classic_palette-3_level-2.jpg"", ""https://www.khov.com/contentassets/43dc20d5200e49feb0d1ba13104ccadb/175089_four-seasons-at-the-ranch-winter_eagle_primary-bath_classic_palette-3_level-2.jpg"", ""https://www.khov.com/contentassets/43dc20d5200e49feb0d1ba13104ccadb/175090_four-seasons-at-the-ranch-winter_eagle_primary-bath_classic_palette-3_level-2.jpg"", ""https://www.khov.com/contentassets/43dc20d5200e49feb0d1ba13104ccadb/175091_four-seasons-at-the-ranch-winter_eagle_primary-suite_classic_palette-3_level-2.jpg"", ""https://www.khov.com/contentassets/43dc20d5200e49feb0d1ba13104ccadb/175092_four-seasons-at-the-ranch-winter_eagle_primary-suite_classic_palette-3_level-2.jpg"", ""https://www.khov.com/contentassets/43dc20d5200e49feb0d1ba13104ccadb/175100_four-seasons-at-the-ranch-winter_eagle_great-room_classic_palette-3_level-2.jpg"", ""https://www.khov.com/contentassets/43dc20d5200e49feb0d1ba13104ccadb/175094_four-seasons-at-the-ranch-winter_eagle_dining-area_classic_palette-3_level-2.jpg"", ""https://www.khov.com/contentassets/43dc20d5200e49feb0d1ba13104ccadb/175088_four-seasons-at-the-ranch-winter_eagle_bedroom-2_classic_palette-3_level-2.jpg"", ""https://www.khov.com/contentassets/43dc20d5200e49feb0d1ba13104ccadb/4_insulation_exterior_21425849.jpg"", ""https://www.khov.com/contentassets/43dc20d5200e49feb0d1ba13104ccadb/4_insulation_exterior_21425850.jpg"", ""https://www.khov.com/contentassets/43dc20d5200e49feb0d1ba13104ccadb/4_insulation_exterior_21425852.jpg"", ""https://www.khov.com/contentassets/43dc20d5200e49feb0d1ba13104ccadb/4_insulation_exterior_21425853.jpg"", ""https://www.khov.com/contentassets/43dc20d5200e49feb0d1ba13104ccadb/4_insulation_exterior_21425854.jpg"", ""https://www.khov.com/contentassets/43dc20d5200e49feb0d1ba13104ccadb/4_insulation_interior_21425855.jpg"", ""https://www.khov.com/contentassets/43dc20d5200e49feb0d1ba13104ccadb/4_insulation_interior_21425856.jpg"", ""https://www.khov.com/contentassets/43dc20d5200e49feb0d1ba13104ccadb/4_insulation_interior_21425857.jpg"", ""https://www.khov.com/contentassets/43dc20d5200e49feb0d1ba13104ccadb/4_insulation_interior_21425858.jpg"", ""https://www.khov.com/contentassets/43dc20d5200e49feb0d1ba13104ccadb/4_insulation_interior_21425859.jpg""]"
https://www.khov.com/new-construction-homes/california/rancho-cordova/k-hovnanians-four-seasons-at-the-ranch/davis-12409-chelidon-way-0016/,,K Hovnanians Four Seasons At The Ranch,38.5432014,-121.2116365999,"12409 Chelidon Way, Rancho Cordova, CA, 95742",Rancho Cordova,CALIFORNIA,95742,,"Sunday: 11:00-18:00, Monday: 09:00-17:00, Tuesday: 09:00-17:00, Wednesday: 09:00-17:00, Thursday: 09:00-17:00, Friday: 09:00-17:00, Saturday: 09:00-17:00",916-237-9550,https://www.khov.com/,,K. Hovnanian Homes,single family,,,,Y,2,,Y,"The Clubhouse,Clubhouse Grounds,Pickleball Courts,Fitness Center,Fire Pit,Gated Entry,Fitness Pavilion,Outdoor Pool,Indoor Pool,Lounge,Billiards,Bocce Ball Courts,Dog Park,Horseshoe Pit,Cards Room,Events Pavilion,Clubhouse Dining Area,Catering Kitchen,Foyer",,"Tucked-away home office for quiet focus Open kitchen, dining & great room with ceiling detail throughout Slate Grey cabinetry & quartz island anchor the kitchen Wall oven adds everyday ease 12' multi-slide door opens wide to the covered patio Primary suite with elevated ceiling treatment Private bath with dual freestanding vanities",,,,300,,,1.06,,,,,,Davis,2,2,2,1,1758,557830,2026-07-24,,,,,"Tucked-away home office for quiet focus Open kitchen, dining & great room with ceiling detail throughout Slate Grey cabinetry & quartz island anchor the kitchen Wall oven adds everyday ease 12' multi-slide door opens wide to the covered patio Primary suite with elevated ceiling treatment Private bath with dual freestanding vanities",2,2,1,1,Garage,,2,1758,,557830,757090,555830,,,,,"[""https://www.khov.com/contentassets/a896bf03124d43b3bee70e685868fd10/169498_Four_Seasons_at_The_Ranch_Spring_Davis_Home_Elevation_Farmhouse_Palette_3_Level_1.jpg"", ""https://www.khov.com/contentassets/a896bf03124d43b3bee70e685868fd10/159981_Tucson_Kitchen_Farmhouse_Palette_4_Level_1_European_Farmhouse.jpg"", ""https://www.khov.com/contentassets/a896bf03124d43b3bee70e685868fd10/160002_Tucson_Primary_Bath_Plus_Farmhouse_Palette_4_Level_1_European_Farmhouse.jpg"", ""https://www.khov.com/contentassets/a896bf03124d43b3bee70e685868fd10/4_framing_exterior_21424864.jpg"", ""https://www.khov.com/contentassets/a896bf03124d43b3bee70e685868fd10/4_framing_exterior_21424866.jpg"", ""https://www.khov.com/contentassets/a896bf03124d43b3bee70e685868fd10/4_framing_exterior_21424870.jpg""]"
https://www.khov.com/new-construction-homes/california/rancho-cordova/k-hovnanians-four-seasons-at-the-ranch/falcon-12388-chelidon-way-0033/,,K Hovnanians Four Seasons At The Ranch,38.5432014,-121.2116365999,"12388 Chelidon Way, Rancho Cordova, CA, 95742",Rancho Cordova,CALIFORNIA,95742,,"Sunday: 11:00-18:00, Monday: 09:00-17:00, Tuesday: 09:00-17:00, Wednesday: 09:00-17:00, Thursday: 09:00-17:00, Friday: 09:00-17:00, Saturday: 09:00-17:00",916-237-9550,https://www.khov.com/,,K. Hovnanian Homes,single family,,,,Y,2,,Y,"The Clubhouse,Clubhouse Grounds,Pickleball Courts,Fitness Center,Fire Pit,Gated Entry,Fitness Pavilion,Outdoor Pool,Indoor Pool,Lounge,Billiards,Bocce Ball Courts,Dog Park,Horseshoe Pit,Cards Room,Events Pavilion,Clubhouse Dining Area,Catering Kitchen,Foyer",,Kitchen with wall oven & spacious central island for gathering & prep Covered patio just off the main living areas for easy indoor-outdoor living Great room with ceiling detail that adds height & character Primary suite with ceiling detail & walk-in closet for everyday storage Primary bath with dual sinks & glass-enclosed shower Two-car garage with extra room for storage,,,,300,,,1.06,,,,,,Falcon,2,2,2,0,1442,476817,2026-08-11,,,,,Kitchen with wall oven & spacious central island for gathering & prep Covered patio just off the main living areas for easy indoor-outdoor living Great room with ceiling detail that adds height & character Primary suite with ceiling detail & walk-in closet for everyday storage Primary bath with dual sinks & glass-enclosed shower Two-car garage with extra room for storage,2,2,0,1,Garage,,2,1442,,476817,757090,474847,,,,,"[""https://www.khov.com/contentassets/79c503765261494eb3858827ae2290e6/175118_four-seasons-at-the-ranch-winter_falcon_covered-patio_classic_palette-4_level-1.jpg"", ""https://www.khov.com/contentassets/79c503765261494eb3858827ae2290e6/149815_Four_Seasons_at_the_Ranch_Falcon_Falcon_YB_Craftsman_Level_1.jpg"", ""https://www.khov.com/contentassets/79c503765261494eb3858827ae2290e6/175108_four-seasons-at-the-ranch-winter_falcon_kitchen_classic_palette-4_level-1.jpg"", ""https://www.khov.com/contentassets/79c503765261494eb3858827ae2290e6/175109_four-seasons-at-the-ranch-winter_falcon_kitchen_classic_palette-4_level-1.jpg"", ""https://www.khov.com/contentassets/79c503765261494eb3858827ae2290e6/175107_four-seasons-at-the-ranch-winter_falcon_kitchen_classic_palette-4_level-1.jpg"", ""https://www.khov.com/contentassets/79c503765261494eb3858827ae2290e6/175113_four-seasons-at-the-ranch-winter_falcon_kitchen_classic_palette-4_level-1.jpg"", ""https://www.khov.com/contentassets/79c503765261494eb3858827ae2290e6/175121_four-seasons-at-the-ranch-winter_falcon_primary-bath_classic_palette-4_level-1.jpg"", ""https://www.khov.com/contentassets/79c503765261494eb3858827ae2290e6/175122_four-seasons-at-the-ranch-winter_falcon_primary-bath_classic_palette-4_level-1.jpg"", ""https://www.khov.com/contentassets/79c503765261494eb3858827ae2290e6/175114_four-seasons-at-the-ranch-winter_falcon_great-room_classic_palette-4_level-1.jpg"", ""https://www.khov.com/contentassets/79c503765261494eb3858827ae2290e6/175115_four-seasons-at-the-ranch-winter_falcon_great-room_classic_palette-4_level-1.jpg"", ""https://www.khov.com/contentassets/79c503765261494eb3858827ae2290e6/175106_four-seasons-at-the-ranch-winter_falcon_great-room_classic_palette-4_level-1.jpg"", ""https://www.khov.com/contentassets/79c503765261494eb3858827ae2290e6/175119_four-seasons-at-the-ranch-winter_falcon_primary-suite_classic_palette-4_level-1.jpg"", ""https://www.khov.com/contentassets/79c503765261494eb3858827ae2290e6/175120_four-seasons-at-the-ranch-winter_falcon_primary-suite_classic_palette-4_level-1.jpg"", ""https://www.khov.com/contentassets/79c503765261494eb3858827ae2290e6/175117_four-seasons-at-the-ranch-winter_falcon_bedroom-2_classic_palette-4_level-1.jpg"", ""https://www.khov.com/contentassets/79c503765261494eb3858827ae2290e6/2_foundation_exterior_21425789.jpg"", ""https://www.khov.com/contentassets/79c503765261494eb3858827ae2290e6/2_foundation_exterior_21425790.jpg"", ""https://www.khov.com/contentassets/79c503765261494eb3858827ae2290e6/2_foundation_exterior_21425793.jpg""]"
https://www.khov.com/new-construction-homes/california/rancho-cordova/k-hovnanians-four-seasons-at-the-ranch/davis-12425-chelidon-way-0012/,,K Hovnanians Four Seasons At The Ranch,38.5432014,-121.2116365999,"12425 Chelidon Way, Rancho Cordova, CA, 95742",Rancho Cordova,CALIFORNIA,95742,,"Sunday: 11:00-18:00, Monday: 09:00-17:00, Tuesday: 09:00-17:00, Wednesday: 09:00-17:00, Thursday: 09:00-17:00, Friday: 09:00-17:00, Saturday: 09:00-17:00",916-237-9550,https://www.khov.com/,,K. Hovnanian Homes,single family,,,,Y,2,,Y,"The Clubhouse,Clubhouse Grounds,Pickleball Courts,Fitness Center,Fire Pit,Gated Entry,Fitness Pavilion,Outdoor Pool,Indoor Pool,Lounge,Billiards,Bocce Ball Courts,Dog Park,Horseshoe Pit,Cards Room,Events Pavilion,Clubhouse Dining Area,Catering Kitchen,Foyer",,"Charming kitchen featuring Pewter Grey cabinetry, wall oven, & ample counter space Stylish ceiling treatment connects dining area & great room Pristine primary suite & bath with walk-in closet Private home office for working remotely Peaceful covered patio featuring 12' multi-slide door Functional laundry room with utility sink for everyday ease Attached 2-car garage provides convenient parking",,,,300,,,1.06,,,,,,Davis,2,2,2,1,1758,553990,2026-08-06,,,,,"Charming kitchen featuring Pewter Grey cabinetry, wall oven, & ample counter space Stylish ceiling treatment connects dining area & great room Pristine primary suite & bath with walk-in closet Private home office for working remotely Peaceful covered patio featuring 12' multi-slide door Functional laundry room with utility sink for everyday ease Attached 2-car garage provides convenient parking",2,2,1,1,Garage,,2,1758,,553990,757090,551990,,,,,"[""https://www.khov.com/contentassets/d9f4785cd8a84e4588a5542717a00795/149809_Four_Seasons_at_the_Ranch_Davis_Davis_XB_Hacienda_Level_1.jpg"", ""https://www.khov.com/contentassets/d9f4785cd8a84e4588a5542717a00795/159983_Tucson_Kitchen_Farmhouse_Palette_6_Level_1_European_Farmhouse.jpg"", ""https://www.khov.com/contentassets/d9f4785cd8a84e4588a5542717a00795/160010_Tucson_Primary_Bath_Plus_Farmhouse_Palette_6_Level_1_European_Farmhouse.jpg"", ""https://www.khov.com/contentassets/d9f4785cd8a84e4588a5542717a00795/3_foundation_exterior_21424851.jpg"", ""https://www.khov.com/contentassets/d9f4785cd8a84e4588a5542717a00795/3_foundation_exterior_21424852.jpg"", ""https://www.khov.com/contentassets/d9f4785cd8a84e4588a5542717a00795/3_foundation_exterior_21424854.jpg""]"
https://www.khov.com/new-construction-homes/california/rancho-cordova/k-hovnanians-four-seasons-at-the-ranch/falcon-12427-columba-way-0060/,,K Hovnanians Four Seasons At The Ranch,38.5432014,-121.2116365999,"12427 Columba Way, Rancho Cordova, CA, 95742",Rancho Cordova,CALIFORNIA,95742,,"Sunday: 11:00-18:00, Monday: 09:00-17:00, Tuesday: 09:00-17:00, Wednesday: 09:00-17:00, Thursday: 09:00-17:00, Friday: 09:00-17:00, Saturday: 09:00-17:00",916-237-9550,https://www.khov.com/,,K. Hovnanian Homes,single family,,,,Y,2,,Y,"The Clubhouse,Clubhouse Grounds,Pickleball Courts,Fitness Center,Fire Pit,Gated Entry,Fitness Pavilion,Outdoor Pool,Indoor Pool,Lounge,Billiards,Bocce Ball Courts,Dog Park,Horseshoe Pit,Cards Room,Events Pavilion,Clubhouse Dining Area,Catering Kitchen,Foyer",,Central island and wall oven define the kitchen layout Covered patio opens directly off the kitchen Ceiling treatment adds architectural detail to the great room Primary suite features a ceiling treatment & walk-in closet Primary bath includes dual sinks for everyday convenience 2-car garage provides everyday parking,,,,300,,,1.06,,,,,,Falcon,2,2,2,0,1442,466837,2026-06-17,,,,,Central island and wall oven define the kitchen layout Covered patio opens directly off the kitchen Ceiling treatment adds architectural detail to the great room Primary suite features a ceiling treatment & walk-in closet Primary bath includes dual sinks for everyday convenience 2-car garage provides everyday parking,2,2,0,1,Garage,,2,1442,,466837,757090,458877,,,,,"[""https://www.khov.com/contentassets/3c073303aa5f447987577925caaa8483/175118_four-seasons-at-the-ranch-winter_falcon_covered-patio_classic_palette-4_level-1.jpg"", ""https://www.khov.com/contentassets/3c073303aa5f447987577925caaa8483/149813_Four_Seasons_at_the_Ranch_Falcon_FalconUBSpanish_ModernGen3elev_DAY_Level_1.jpg"", ""https://www.khov.com/contentassets/3c073303aa5f447987577925caaa8483/175108_four-seasons-at-the-ranch-winter_falcon_kitchen_classic_palette-4_level-1.jpg"", ""https://www.khov.com/contentassets/3c073303aa5f447987577925caaa8483/175107_four-seasons-at-the-ranch-winter_falcon_kitchen_classic_palette-4_level-1.jpg"", ""https://www.khov.com/contentassets/3c073303aa5f447987577925caaa8483/175109_four-seasons-at-the-ranch-winter_falcon_kitchen_classic_palette-4_level-1.jpg"", ""https://www.khov.com/contentassets/3c073303aa5f447987577925caaa8483/175113_four-seasons-at-the-ranch-winter_falcon_kitchen_classic_palette-4_level-1.jpg"", ""https://www.khov.com/contentassets/3c073303aa5f447987577925caaa8483/175121_four-seasons-at-the-ranch-winter_falcon_primary-bath_classic_palette-4_level-1.jpg"", ""https://www.khov.com/contentassets/3c073303aa5f447987577925caaa8483/175122_four-seasons-at-the-ranch-winter_falcon_primary-bath_classic_palette-4_level-1.jpg"", ""https://www.khov.com/contentassets/3c073303aa5f447987577925caaa8483/175114_four-seasons-at-the-ranch-winter_falcon_great-room_classic_palette-4_level-1.jpg"", ""https://www.khov.com/contentassets/3c073303aa5f447987577925caaa8483/175115_four-seasons-at-the-ranch-winter_falcon_great-room_classic_palette-4_level-1.jpg"", ""https://www.khov.com/contentassets/3c073303aa5f447987577925caaa8483/175106_four-seasons-at-the-ranch-winter_falcon_great-room_classic_palette-4_level-1.jpg"", ""https://www.khov.com/contentassets/3c073303aa5f447987577925caaa8483/175119_four-seasons-at-the-ranch-winter_falcon_primary-suite_classic_palette-4_level-1.jpg"", ""https://www.khov.com/contentassets/3c073303aa5f447987577925caaa8483/175120_four-seasons-at-the-ranch-winter_falcon_primary-suite_classic_palette-4_level-1.jpg"", ""https://www.khov.com/contentassets/3c073303aa5f447987577925caaa8483/175117_four-seasons-at-the-ranch-winter_falcon_bedroom-2_classic_palette-4_level-1.jpg"", ""https://www.khov.com/contentassets/3c073303aa5f447987577925caaa8483/4_insulation_exterior_21425839.jpg"", ""https://www.khov.com/contentassets/3c073303aa5f447987577925caaa8483/4_insulation_interior_21425841.jpg"", ""https://www.khov.com/contentassets/3c073303aa5f447987577925caaa8483/4_insulation_bedroom_21425842.jpg"", ""https://www.khov.com/contentassets/3c073303aa5f447987577925caaa8483/4_insulation_interior_21425844.jpg"", ""https://www.khov.com/contentassets/3c073303aa5f447987577925caaa8483/4_insulation_interior_21425845.jpg"", ""https://www.khov.com/contentassets/3c073303aa5f447987577925caaa8483/4_insulation_interior_21425846.jpg"", ""https://www.khov.com/contentassets/3c073303aa5f447987577925caaa8483/4_insulation_interior_21425847.jpg"", ""https://www.khov.com/contentassets/3c073303aa5f447987577925caaa8483/4_insulation_interior_21425848.jpg""]"
https://www.khov.com/new-construction-homes/california/rancho-cordova/k-hovnanians-four-seasons-at-the-ranch/franklin-12340-collared-crow-way-0027/,,K Hovnanians Four Seasons At The Ranch,38.5432014,-121.2116365999,"12340 Collared Crow Way, Rancho Cordova, CA, 95742",Rancho Cordova,CALIFORNIA,95742,,"Sunday: 11:00-18:00, Monday: 09:00-17:00, Tuesday: 09:00-17:00, Wednesday: 09:00-17:00, Thursday: 09:00-17:00, Friday: 09:00-17:00, Saturday: 09:00-17:00",916-237-9550,https://www.khov.com/,,K. Hovnanian Homes,single family,,,,Y,2,,Y,"The Clubhouse,Clubhouse Grounds,Pickleball Courts,Fitness Center,Fire Pit,Gated Entry,Fitness Pavilion,Outdoor Pool,Indoor Pool,Lounge,Billiards,Bocce Ball Courts,Dog Park,Horseshoe Pit,Cards Room,Events Pavilion,Clubhouse Dining Area,Catering Kitchen,Foyer",,Vaulted ceiling connects dining area & great room 15' multi-slide door opens to vaulted covered patio Kitchen features Birch White cabinetry & wall oven Home office provides a versatile space Primary suite enhanced by a ceiling treatment Luxurious primary bath offers freestanding tub & dual vanities,,,,300,,,1.06,,,,,,Franklin,2,3,3,1,2916,757090,2026-07-23,,,,,Vaulted ceiling connects dining area & great room 15' multi-slide door opens to vaulted covered patio Kitchen features Birch White cabinetry & wall oven Home office provides a versatile space Primary suite enhanced by a ceiling treatment Luxurious primary bath offers freestanding tub & dual vanities,3,3,1,1,Garage,,2,2916,,757090,757090,757090,,,,,"[""https://www.khov.com/contentassets/7b8e7ffa76544dbc9ade18aa712158ae/149819_Four_Seasons_at_the_Ranch_Mediterranean_VB_Franklin_VB_Mediterranean_Level_2.jpg"", ""https://www.khov.com/contentassets/7b8e7ffa76544dbc9ade18aa712158ae/160379_Tacoma_Kitchen_Classic_Palette_3_Level_2_Restoration_Classic.jpg"", ""https://www.khov.com/contentassets/7b8e7ffa76544dbc9ade18aa712158ae/160383_Tacoma_Primary_Bath_Tub_Classic_Palette_3_Level_2_Restoration_Classic.jpg"", ""https://www.khov.com/contentassets/7b8e7ffa76544dbc9ade18aa712158ae/3_foundation_exterior_21420786.jpg"", ""https://www.khov.com/contentassets/7b8e7ffa76544dbc9ade18aa712158ae/3_foundation_exterior_21420787.jpg"", ""https://www.khov.com/contentassets/7b8e7ffa76544dbc9ade18aa712158ae/3_foundation_exterior_21420789.jpg""]"
https://www.khov.com/new-construction-homes/california/rancho-cordova/k-hovnanians-four-seasons-at-the-ranch/jenkins-12405-chelidon-way-0017/,,K Hovnanians Four Seasons At The Ranch,38.5432014,-121.2116365999,"12405 Chelidon Way, Rancho Cordova, CA, 95742",Rancho Cordova,CALIFORNIA,95742,,"Sunday: 11:00-18:00, Monday: 09:00-17:00, Tuesday: 09:00-17:00, Wednesday: 09:00-17:00, Thursday: 09:00-17:00, Friday: 09:00-17:00, Saturday: 09:00-17:00",916-237-9550,https://www.khov.com/,,K. Hovnanian Homes,single family,,,,Y,2,,Y,"The Clubhouse,Clubhouse Grounds,Pickleball Courts,Fitness Center,Fire Pit,Gated Entry,Fitness Pavilion,Outdoor Pool,Indoor Pool,Lounge,Billiards,Bocce Ball Courts,Dog Park,Horseshoe Pit,Cards Room,Events Pavilion,Clubhouse Dining Area,Catering Kitchen,Foyer",,Sliding barn doors frame the private home office Ash Grey stacked cabinetry with glass uppers brings tailored contrast Wall oven enhances the kitchen layout Vaulted ceiling elevates the great room 15' multi-slide door connects seamlessly to the covered patio Primary suite highlighted by architectural ceiling treatment Primary bath featuring dual freestanding vanities,,,,300,,,1.06,,,,,,Jenkins,2,2,2,0,1978,570830,2026-07-22,,,,,Sliding barn doors frame the private home office Ash Grey stacked cabinetry with glass uppers brings tailored contrast Wall oven enhances the kitchen layout Vaulted ceiling elevates the great room 15' multi-slide door connects seamlessly to the covered patio Primary suite highlighted by architectural ceiling treatment Primary bath featuring dual freestanding vanities,2,2,0,1,Garage,,2,1978,,570830,757090,568830,,,,,"[""https://www.khov.com/contentassets/0d7e135ba60447629e5d127d017e6843/149823_Four_Seasons_at_the_Ranch_Jenkins_Jenkins_UB_Spanish_Modern_Level_1.jpg"", ""https://www.khov.com/contentassets/0d7e135ba60447629e5d127d017e6843/160017_Tucson_Kitchen_Classic_Palette_1_Level_1_Coastal_Classic.jpg"", ""https://www.khov.com/contentassets/0d7e135ba60447629e5d127d017e6843/160060_Tucson_Primary_Bath_Plus_Classic_Palette_1_Level_1_Coastal_Classic.jpg"", ""https://www.khov.com/contentassets/0d7e135ba60447629e5d127d017e6843/4_mechanical_exterior_21424868.jpg"", ""https://www.khov.com/contentassets/0d7e135ba60447629e5d127d017e6843/4_mechanical_interior_21424873.jpg"", ""https://www.khov.com/contentassets/0d7e135ba60447629e5d127d017e6843/4_mechanical_bedroom_21424875.jpg""]"
https://www.khov.com/new-construction-homes/california/rancho-cordova/k-hovnanians-four-seasons-at-the-ranch/jenkins-12413-chelidon-way-0015/,,K Hovnanians Four Seasons At The Ranch,38.5432014,-121.2116365999,"12413 Chelidon Way, Rancho Cordova, CA, 95742",Rancho Cordova,CALIFORNIA,95742,,"Sunday: 11:00-18:00, Monday: 09:00-17:00, Tuesday: 09:00-17:00, Wednesday: 09:00-17:00, Thursday: 09:00-17:00, Friday: 09:00-17:00, Saturday: 09:00-17:00",916-237-9550,https://www.khov.com/,,K. Hovnanian Homes,single family,,,,Y,2,,Y,"The Clubhouse,Clubhouse Grounds,Pickleball Courts,Fitness Center,Fire Pit,Gated Entry,Fitness Pavilion,Outdoor Pool,Indoor Pool,Lounge,Billiards,Bocce Ball Courts,Dog Park,Horseshoe Pit,Cards Room,Events Pavilion,Clubhouse Dining Area,Catering Kitchen,Foyer",,"Home office with sliding barn doors just off the main living space Birch White stacked cabinetry with glass uppers creates a timeless kitchen Wall oven adds everyday cooking convenience Great room with vaulted ceiling for an airy, open feel 15' multi-slide door extends living space to the covered patio Primary suite with ceiling detail Private primary bath with dual freestanding vanities",,,,300,,,1.06,,,,,,Jenkins,2,2,2,0,1978,586230,2026-07-28,,,,,"Home office with sliding barn doors just off the main living space Birch White stacked cabinetry with glass uppers creates a timeless kitchen Wall oven adds everyday cooking convenience Great room with vaulted ceiling for an airy, open feel 15' multi-slide door extends living space to the covered patio Primary suite with ceiling detail Private primary bath with dual freestanding vanities",2,2,0,1,Garage,,2,1978,,586230,757090,584230,,,,,"[""https://www.khov.com/contentassets/2266b1e452384d88a28ff545404c573e/149825_Four_Seasons_at_the_Ranch_Jenkins_Jenkins_XB_Hacienda_Level_1.jpg"", ""https://www.khov.com/contentassets/2266b1e452384d88a28ff545404c573e/160019_Tucson_Kitchen_Classic_Palette_3_Level_1_Coastal_Classic.jpg"", ""https://www.khov.com/contentassets/2266b1e452384d88a28ff545404c573e/160068_Tucson_Primary_Bath_Plus_Classic_Palette_3_Level_1_Coastal_Classic.jpg"", ""https://www.khov.com/contentassets/2266b1e452384d88a28ff545404c573e/4_framing_exterior_21424860.jpg"", ""https://www.khov.com/contentassets/2266b1e452384d88a28ff545404c573e/4_framing_exterior_21424862.jpg"", ""https://www.khov.com/contentassets/2266b1e452384d88a28ff545404c573e/4_framing_exterior_21424865.jpg""]"
https://www.khov.com/new-construction-homes/california/rancho-cordova/k-hovnanians-four-seasons-at-the-ranch/finch-12423-columba-way-0062/,,K Hovnanians Four Seasons At The Ranch,38.5432014,-121.2116365999,"12423 Columba Way, Rancho Cordova, CA, 95742",Rancho Cordova,CALIFORNIA,95742,,"Sunday: 11:00-18:00, Monday: 09:00-17:00, Tuesday: 09:00-17:00, Wednesday: 09:00-17:00, Thursday: 09:00-17:00, Friday: 09:00-17:00, Saturday: 09:00-17:00",916-237-9550,https://www.khov.com/,,K. Hovnanian Homes,single family,,,,Y,2,,Y,"The Clubhouse,Clubhouse Grounds,Pickleball Courts,Fitness Center,Fire Pit,Gated Entry,Fitness Pavilion,Outdoor Pool,Indoor Pool,Lounge,Billiards,Bocce Ball Courts,Dog Park,Horseshoe Pit,Cards Room,Events Pavilion,Clubhouse Dining Area,Catering Kitchen,Foyer",,Ceiling treatment adds visual interest to the great room Covered patio extends living space off the great room Kitchen with a central island & wall oven supports everyday use Primary suite features a ceiling treatment & walk-in closet Primary bath includes dual sinks & a glass shower enclosure Laundry room with a utility sink adds convenience 2-car garage provides everyday parking,,,,300,,,1.06,,,,,,Finch,2,2,2,0,1440,467412,2026-06-23,,,,,Ceiling treatment adds visual interest to the great room Covered patio extends living space off the great room Kitchen with a central island & wall oven supports everyday use Primary suite features a ceiling treatment & walk-in closet Primary bath includes dual sinks & a glass shower enclosure Laundry room with a utility sink adds convenience 2-car garage provides everyday parking,2,2,0,1,Garage,,2,1440,,467412,467412,459382,,,,,"[""https://www.khov.com/contentassets/d37944065993445eb895cc48a27c57ab/175151_four-seasons-at-the-ranch-winter_finch_covered-patio_farmhouse_palette-6_level-1.jpg"", ""https://www.khov.com/contentassets/d37944065993445eb895cc48a27c57ab/149817_Four_Seasons_at_the_Ranch_Finch_Finch_XB_Tuscan_Level_1.jpg"", ""https://www.khov.com/contentassets/d37944065993445eb895cc48a27c57ab/175152_four-seasons-at-the-ranch-winter_finch_kitchen_farmhouse_palette-6_level-1.jpg"", ""https://www.khov.com/contentassets/d37944065993445eb895cc48a27c57ab/175143_four-seasons-at-the-ranch-winter_finch_kitchen_farmhouse_palette-6_level-1.jpg"", ""https://www.khov.com/contentassets/d37944065993445eb895cc48a27c57ab/175145_four-seasons-at-the-ranch-winter_finch_kitchen_farmhouse_palette-6_level-1.jpg"", ""https://www.khov.com/contentassets/d37944065993445eb895cc48a27c57ab/175153_four-seasons-at-the-ranch-winter_finch_kitchen_farmhouse_palette-6_level-1.jpg"", ""https://www.khov.com/contentassets/d37944065993445eb895cc48a27c57ab/175154_four-seasons-at-the-ranch-winter_finch_kitchen_farmhouse_palette-6_level-1.jpg"", ""https://www.khov.com/contentassets/d37944065993445eb895cc48a27c57ab/175156_four-seasons-at-the-ranch-winter_finch_kitchen_farmhouse_palette-6_level-1.jpg"", ""https://www.khov.com/contentassets/d37944065993445eb895cc48a27c57ab/175159_four-seasons-at-the-ranch-winter_finch_primary-bath_farmhouse_palette-6_level-1.jpg"", ""https://www.khov.com/contentassets/d37944065993445eb895cc48a27c57ab/175142_four-seasons-at-the-ranch-winter_finch_great-room_farmhouse_palette-6_level-1.jpg"", ""https://www.khov.com/contentassets/d37944065993445eb895cc48a27c57ab/175148_four-seasons-at-the-ranch-winter_finch_great-room_farmhouse_palette-6_level-1.jpg"", ""https://www.khov.com/contentassets/d37944065993445eb895cc48a27c57ab/175155_four-seasons-at-the-ranch-winter_finch_great-room_farmhouse_palette-6_level-1.jpg"", ""https://www.khov.com/contentassets/d37944065993445eb895cc48a27c57ab/175157_four-seasons-at-the-ranch-winter_finch_primary-suite_farmhouse_palette-6_level-1.jpg"", ""https://www.khov.com/contentassets/d37944065993445eb895cc48a27c57ab/3_mechanical_exterior_21326960.jpg"", ""https://www.khov.com/contentassets/d37944065993445eb895cc48a27c57ab/3_mechanical_exterior_21326961.jpg"", ""https://www.khov.com/contentassets/d37944065993445eb895cc48a27c57ab/3_mechanical_exterior_21326962.jpg"", ""https://www.khov.com/contentassets/d37944065993445eb895cc48a27c57ab/3_mechanical_exterior_21326963.jpg"", ""https://www.khov.com/contentassets/d37944065993445eb895cc48a27c57ab/3_mechanical_interior_21326965.jpg"", ""https://www.khov.com/contentassets/d37944065993445eb895cc48a27c57ab/3_mechanical_interior_21326968.jpg""]"
https://www.khov.com/new-construction-homes/california/rancho-cordova/k-hovnanians-four-seasons-at-the-ranch/jenkins-12421-chelidon-way-0013/,,K Hovnanians Four Seasons At The Ranch,38.5432014,-121.2116365999,"12421 Chelidon Way, Rancho Cordova, CA, 95742",Rancho Cordova,CALIFORNIA,95742,,"Sunday: 11:00-18:00, Monday: 09:00-17:00, Tuesday: 09:00-17:00, Wednesday: 09:00-17:00, Thursday: 09:00-17:00, Friday: 09:00-17:00, Saturday: 09:00-17:00",916-237-9550,https://www.khov.com/,,K. Hovnanian Homes,single family,,,,Y,2,,Y,"The Clubhouse,Clubhouse Grounds,Pickleball Courts,Fitness Center,Fire Pit,Gated Entry,Fitness Pavilion,Outdoor Pool,Indoor Pool,Lounge,Billiards,Bocce Ball Courts,Dog Park,Horseshoe Pit,Cards Room,Events Pavilion,Clubhouse Dining Area,Catering Kitchen,Foyer",,"Well-equipped kitchen featuring Slate Grey cabinetry & wall oven Vast center island looks out to beautiful vaulted ceiling Spacious great room for hosting family & friends Private primary suite for rest & relaxation Polished primary bath featuring dual sinks, matte black finishes, & walk-in closet Formal home office offers a quiet space for working remotely Inviting covered patio extends the living space outdoors",,,,300,,,1.06,,,,,,Jenkins,2,2,2,0,1978,575990,2026-08-04,,,,,"Well-equipped kitchen featuring Slate Grey cabinetry & wall oven Vast center island looks out to beautiful vaulted ceiling Spacious great room for hosting family & friends Private primary suite for rest & relaxation Polished primary bath featuring dual sinks, matte black finishes, & walk-in closet Formal home office offers a quiet space for working remotely Inviting covered patio extends the living space outdoors",2,2,0,1,Garage,,2,1978,,575990,757090,573990,,,,,"[""https://www.khov.com/contentassets/1ea75fe377b8431ba9316ce3026529c0/149824_Four_Seasons_at_the_Ranch_Jenkins_Jenkins_WB_Farmhouse_Level_1.jpg"", ""https://www.khov.com/contentassets/1ea75fe377b8431ba9316ce3026529c0/159981_Tucson_Kitchen_Farmhouse_Palette_4_Level_1_European_Farmhouse.jpg"", ""https://www.khov.com/contentassets/1ea75fe377b8431ba9316ce3026529c0/160002_Tucson_Primary_Bath_Plus_Farmhouse_Palette_4_Level_1_European_Farmhouse.jpg"", ""https://www.khov.com/contentassets/1ea75fe377b8431ba9316ce3026529c0/3_foundation_exterior_21424853.jpg"", ""https://www.khov.com/contentassets/1ea75fe377b8431ba9316ce3026529c0/3_foundation_exterior_21424855.jpg"", ""https://www.khov.com/contentassets/1ea75fe377b8431ba9316ce3026529c0/3_foundation_exterior_21424858.jpg""]"
https://www.khov.com/new-construction-homes/california/rancho-cordova/k-hovnanians-four-seasons-at-the-ranch/falcon-12400-chelidon-way-0036/,,K Hovnanians Four Seasons At The Ranch,38.5432014,-121.2116365999,"12400 Chelidon Way, Rancho Cordova, CA, 95742",Rancho Cordova,CALIFORNIA,95742,,"Sunday: 11:00-18:00, Monday: 09:00-17:00, Tuesday: 09:00-17:00, Wednesday: 09:00-17:00, Thursday: 09:00-17:00, Friday: 09:00-17:00, Saturday: 09:00-17:00",916-237-9550,https://www.khov.com/,,K. Hovnanian Homes,single family,,,,Y,2,,Y,"The Clubhouse,Clubhouse Grounds,Pickleball Courts,Fitness Center,Fire Pit,Gated Entry,Fitness Pavilion,Outdoor Pool,Indoor Pool,Lounge,Billiards,Bocce Ball Courts,Dog Park,Horseshoe Pit,Cards Room,Events Pavilion,Clubhouse Dining Area,Catering Kitchen,Foyer",,Beautiful kitchen with abundant cabinetry & sprawling island Charming dining area perfect for family meals Refined great room featuring luxury vinyl flooring & ceiling treatment Private primary suite featuring massive walk-in closet Luxurious primary bath with dual sinks & glass shower enclosure Covered patio with access to kitchen for outdoor meals,,,,300,,,1.06,,,,,,Falcon,2,2,2,0,1442,479990,,,,,,Beautiful kitchen with abundant cabinetry & sprawling island Charming dining area perfect for family meals Refined great room featuring luxury vinyl flooring & ceiling treatment Private primary suite featuring massive walk-in closet Luxurious primary bath with dual sinks & glass shower enclosure Covered patio with access to kitchen for outdoor meals,2,2,0,1,Garage,,2,1442,,479990,757090,552830,,,,,"[""https://www.khov.com/contentassets/5c42cd4b25864b2eba0061fa8a929326/2_hdr_exterior_21478204.jpg"", ""https://www.khov.com/contentassets/5c42cd4b25864b2eba0061fa8a929326/2_hdr_exterior_21478207.jpg"", ""https://www.khov.com/contentassets/5c42cd4b25864b2eba0061fa8a929326/2_hdr_exterior_21478219.jpg"", ""https://www.khov.com/contentassets/5c42cd4b25864b2eba0061fa8a929326/2_hdr_porch_21478224.jpg"", ""https://www.khov.com/contentassets/5c42cd4b25864b2eba0061fa8a929326/2_hdr_exterior_21478228.jpg"", ""https://www.khov.com/contentassets/5c42cd4b25864b2eba0061fa8a929326/2_hdr_interior_21478138.jpg"", ""https://www.khov.com/contentassets/5c42cd4b25864b2eba0061fa8a929326/2_hdr_bathroom_21478141.jpg"", ""https://www.khov.com/contentassets/5c42cd4b25864b2eba0061fa8a929326/2_hdr_bedroom_21478143.jpg"", ""https://www.khov.com/contentassets/5c42cd4b25864b2eba0061fa8a929326/2_hdr_bedroom_21478144.jpg"", ""https://www.khov.com/contentassets/5c42cd4b25864b2eba0061fa8a929326/2_hdr_bedroom_21478147.jpg"", ""https://www.khov.com/contentassets/5c42cd4b25864b2eba0061fa8a929326/2_hdr_interior_21478148.jpg"", ""https://www.khov.com/contentassets/5c42cd4b25864b2eba0061fa8a929326/2_hdr_kitchen_21478152.jpg"", ""https://www.khov.com/contentassets/5c42cd4b25864b2eba0061fa8a929326/2_hdr_kitchen_21478154.jpg"", ""https://www.khov.com/contentassets/5c42cd4b25864b2eba0061fa8a929326/2_hdr_kitchen_21478157.jpg"", ""https://www.khov.com/contentassets/5c42cd4b25864b2eba0061fa8a929326/2_hdr_greatroom_21478162.jpg"", ""https://www.khov.com/contentassets/5c42cd4b25864b2eba0061fa8a929326/2_hdr_greatroom_21478166.jpg"", ""https://www.khov.com/contentassets/5c42cd4b25864b2eba0061fa8a929326/2_hdr_greatroom_21478169.jpg"", ""https://www.khov.com/contentassets/5c42cd4b25864b2eba0061fa8a929326/2_hdr_greatroom_21478173.jpg"", ""https://www.khov.com/contentassets/5c42cd4b25864b2eba0061fa8a929326/2_hdr_greatroom_21478175.jpg"", ""https://www.khov.com/contentassets/5c42cd4b25864b2eba0061fa8a929326/2_hdr_laundryroom_21478180.jpg"", ""https://www.khov.com/contentassets/5c42cd4b25864b2eba0061fa8a929326/2_hdr_bedroom_21478184.jpg"", ""https://www.khov.com/contentassets/5c42cd4b25864b2eba0061fa8a929326/2_hdr_bedroom_21478188.jpg"", ""https://www.khov.com/contentassets/5c42cd4b25864b2eba0061fa8a929326/2_hdr_bedroom_21478192.jpg"", ""https://www.khov.com/contentassets/5c42cd4b25864b2eba0061fa8a929326/2_hdr_bedroom_21478196.jpg"", ""https://www.khov.com/contentassets/5c42cd4b25864b2eba0061fa8a929326/2_hdr_bathroom_21478200.jpg"", ""https://www.khov.com/contentassets/5c42cd4b25864b2eba0061fa8a929326/2_hdr_bedroom_21478212.jpg"", ""https://www.khov.com/contentassets/5c42cd4b25864b2eba0061fa8a929326/2_hdr_bedroom_21478216.jpg"", ""https://www.khov.com/contentassets/5c42cd4b25864b2eba0061fa8a929326/2_hdr_bathroom_21478231.jpg"", ""https://www.khov.com/contentassets/5c42cd4b25864b2eba0061fa8a929326/2_hdr_closet_21478235.jpg"", ""https://www.khov.com/contentassets/5c42cd4b25864b2eba0061fa8a929326/2_hdr_kitchen_21478240.jpg""]"
https://www.khov.com/new-construction-homes/california/rancho-cordova/k-hovnanians-four-seasons-at-the-ranch/jenkins-4446-doric-way-0118/,,K Hovnanians Four Seasons At The Ranch,38.5432014,-121.2116365999,"4446 Doric Way, Rancho Cordova, CA, 95742",Rancho Cordova,CALIFORNIA,95742,,"Sunday: 11:00-18:00, Monday: 09:00-17:00, Tuesday: 09:00-17:00, Wednesday: 09:00-17:00, Thursday: 09:00-17:00, Friday: 09:00-17:00, Saturday: 09:00-17:00",916-237-9550,https://www.khov.com/,,K. Hovnanian Homes,single family,,,,Y,2,,Y,"The Clubhouse,Clubhouse Grounds,Pickleball Courts,Fitness Center,Fire Pit,Gated Entry,Fitness Pavilion,Outdoor Pool,Indoor Pool,Lounge,Billiards,Bocce Ball Courts,Dog Park,Horseshoe Pit,Cards Room,Events Pavilion,Clubhouse Dining Area,Catering Kitchen,Foyer",,Home office with sliding barn doors for added character Sleek quartz island anchors the kitchen design Wall oven streamlines everyday meals Great room beneath a vaulted ceiling with modern appeal 15' multi-slide door opens wide to the covered patio Primary suite with eye-catching ceiling detail Refined bath with dual freestanding vanities,,,,300,,,1.06,,,,,,Jenkins,2,2,2,0,1978,571630,2026-07-13,,,,,Home office with sliding barn doors for added character Sleek quartz island anchors the kitchen design Wall oven streamlines everyday meals Great room beneath a vaulted ceiling with modern appeal 15' multi-slide door opens wide to the covered patio Primary suite with eye-catching ceiling detail Refined bath with dual freestanding vanities,2,2,0,1,Garage,,2,1978,,571630,757090,569630,,,,,"[""https://www.khov.com/contentassets/8abe039bfd334960848e36274c5564f2/149824_Four_Seasons_at_the_Ranch_Jenkins_Jenkins_WB_Farmhouse_Level_1.jpg"", ""https://www.khov.com/contentassets/8abe039bfd334960848e36274c5564f2/160026_Tucson_Kitchen_Loft_Palette_3_Level_1_Coastal_Loft.jpg"", ""https://www.khov.com/contentassets/8abe039bfd334960848e36274c5564f2/160039_Tucson_Primary_Bath_Loft_Palette_3_Level_1_Coastal_Loft.jpg"", ""https://www.khov.com/contentassets/8abe039bfd334960848e36274c5564f2/4_framing_exterior_21424841.jpg"", ""https://www.khov.com/contentassets/8abe039bfd334960848e36274c5564f2/4_framing_exterior_21424842.jpg"", ""https://www.khov.com/contentassets/8abe039bfd334960848e36274c5564f2/4_framing_exterior_21424843.jpg"", ""https://www.khov.com/contentassets/8abe039bfd334960848e36274c5564f2/4_framing_exterior_21424845.jpg""]"
https://www.khov.com/new-construction-homes/california/rancho-cordova/k-hovnanians-four-seasons-at-the-ranch/poitier-esp-4464-bran-st-0098/,,K Hovnanians Four Seasons At The Ranch,38.5432014,-121.2116365999,"4464 Bran St, Rancho Cordova, CA, 95742",Rancho Cordova,CALIFORNIA,95742,,"Sunday: 11:00-18:00, Monday: 09:00-17:00, Tuesday: 09:00-17:00, Wednesday: 09:00-17:00, Thursday: 09:00-17:00, Friday: 09:00-17:00, Saturday: 09:00-17:00",916-237-9550,https://www.khov.com/,,K. Hovnanian Homes,single family,,,,Y,2,,Y,"The Clubhouse,Clubhouse Grounds,Pickleball Courts,Fitness Center,Fire Pit,Gated Entry,Fitness Pavilion,Outdoor Pool,Indoor Pool,Lounge,Billiards,Bocce Ball Courts,Dog Park,Horseshoe Pit,Cards Room,Events Pavilion,Clubhouse Dining Area,Catering Kitchen,Foyer",,Private Extra Suite Plus with convenient kitchenette Welcoming foyer leads to beautiful vaulted ceiling in main living area Sleek kitchen featuring Pewter Grey cabinetry & wall oven Connected great room & dining area create seamless flow Pristine primary suite & bath with generous walk-in closet Peaceful covered patio featuring 12' multi-slide door Functional 2-car garage for vehicles & storage,,,,300,,,1.06,,,,,,Poitier ESP,2,3,3,0,2076,581990,2026-05-13,,,,,Private Extra Suite Plus with convenient kitchenette Welcoming foyer leads to beautiful vaulted ceiling in main living area Sleek kitchen featuring Pewter Grey cabinetry & wall oven Connected great room & dining area create seamless flow Pristine primary suite & bath with generous walk-in closet Peaceful covered patio featuring 12' multi-slide door Functional 2-car garage for vehicles & storage,3,3,0,1,Garage,,2,2076,,581990,757090,578780,,,,,"[""https://www.khov.com/contentassets/92111e8638ad4c5283092dcf4e4247e9/149829_Four_Seasons_at_the_Ranch_Poitier_Poitier_UB_Spanish_Modern_Level_1.jpg"", ""https://www.khov.com/contentassets/92111e8638ad4c5283092dcf4e4247e9/159983_Tucson_Kitchen_Farmhouse_Palette_6_Level_1_European_Farmhouse.jpg"", ""https://www.khov.com/contentassets/92111e8638ad4c5283092dcf4e4247e9/160009_Tucson_Primary_Bath_Farmhouse_Palette_6_Level_1_European_Farmhouse.jpg"", ""https://www.khov.com/contentassets/92111e8638ad4c5283092dcf4e4247e9/4_int.-finish_exterior_21425413.jpg"", ""https://www.khov.com/contentassets/92111e8638ad4c5283092dcf4e4247e9/4_int.-finish_exterior_21425415.jpg"", ""https://www.khov.com/contentassets/92111e8638ad4c5283092dcf4e4247e9/4_int.-finish_exterior_21425416.jpg"", ""https://www.khov.com/contentassets/92111e8638ad4c5283092dcf4e4247e9/4_int.-finish_bedroom_21425419.jpg"", ""https://www.khov.com/contentassets/92111e8638ad4c5283092dcf4e4247e9/4_int.-finish_bathroom_21425420.jpg"", ""https://www.khov.com/contentassets/92111e8638ad4c5283092dcf4e4247e9/4_int.-finish_bedroom_21425421.jpg"", ""https://www.khov.com/contentassets/92111e8638ad4c5283092dcf4e4247e9/4_int.-finish_bathroom_21425422.jpg"", ""https://www.khov.com/contentassets/92111e8638ad4c5283092dcf4e4247e9/4_int.-finish_interior_21425423.jpg"", ""https://www.khov.com/contentassets/92111e8638ad4c5283092dcf4e4247e9/4_int.-finish_bedroom_21425424.jpg"", ""https://www.khov.com/contentassets/92111e8638ad4c5283092dcf4e4247e9/4_int.-finish_bedroom_21425425.jpg""]"
https://www.khov.com/new-construction-homes/california/rancho-cordova/k-hovnanians-four-seasons-at-the-ranch/poitier-esp-12368-riverbottom-way-0155/,,K Hovnanians Four Seasons At The Ranch,38.5432014,-121.2116365999,"12368 Riverbottom Way, Rancho Cordova, CA, 95742",Rancho Cordova,CALIFORNIA,95742,,"Sunday: 11:00-18:00, Monday: 09:00-17:00, Tuesday: 09:00-17:00, Wednesday: 09:00-17:00, Thursday: 09:00-17:00, Friday: 09:00-17:00, Saturday: 09:00-17:00",916-237-9550,https://www.khov.com/,,K. Hovnanian Homes,single family,,,,Y,2,,Y,"The Clubhouse,Clubhouse Grounds,Pickleball Courts,Fitness Center,Fire Pit,Gated Entry,Fitness Pavilion,Outdoor Pool,Indoor Pool,Lounge,Billiards,Bocce Ball Courts,Dog Park,Horseshoe Pit,Cards Room,Events Pavilion,Clubhouse Dining Area,Catering Kitchen,Foyer",,"Extra Suite Plus with private living room, kitchenette & full bath Home office with sliding barn doors just off the foyer Great room & dining area beneath a soaring vaulted ceiling 12' multi-slide door opens to a covered patio Slate Grey cabinetry & wall oven define the kitchen Primary suite with ceiling detail & walk-in closet Primary bath with dual freestanding vanities",,,,300,,,1.06,,,,,,Poitier ESP,2,3,3,0,2076,592540,2026-07-15,,,,,"Extra Suite Plus with private living room, kitchenette & full bath Home office with sliding barn doors just off the foyer Great room & dining area beneath a soaring vaulted ceiling 12' multi-slide door opens to a covered patio Slate Grey cabinetry & wall oven define the kitchen Primary suite with ceiling detail & walk-in closet Primary bath with dual freestanding vanities",3,3,0,1,Garage,,2,2076,,592540,757090,587540,,,,,"[""https://www.khov.com/contentassets/b02acb45cf8a43e09afba2ac04afd77b/149831_Four_Seasons_at_the_Ranch_Poitier_Poitier_YB_Craftsman_Level_1.jpg"", ""https://www.khov.com/contentassets/b02acb45cf8a43e09afba2ac04afd77b/160027_Tucson_Kitchen_Loft_Palette_4_Level_1_Coastal_Loft.jpg"", ""https://www.khov.com/contentassets/b02acb45cf8a43e09afba2ac04afd77b/160044_Tucson_Primary_Bath_Plus_Loft_Palette_4_Level_1_Coastal_Loft.jpg"", ""https://www.khov.com/contentassets/b02acb45cf8a43e09afba2ac04afd77b/5_mechanical_exterior_21527127.jpg"", ""https://www.khov.com/contentassets/b02acb45cf8a43e09afba2ac04afd77b/5_mechanical_exterior_21527129.jpg"", ""https://www.khov.com/contentassets/b02acb45cf8a43e09afba2ac04afd77b/5_mechanical_exterior_21527130.jpg"", ""https://www.khov.com/contentassets/b02acb45cf8a43e09afba2ac04afd77b/5_mechanical_interior_21527131.jpg"", ""https://www.khov.com/contentassets/b02acb45cf8a43e09afba2ac04afd77b/5_mechanical_interior_21527132.jpg"", ""https://www.khov.com/contentassets/b02acb45cf8a43e09afba2ac04afd77b/5_mechanical_interior_21527133.jpg"", ""https://www.khov.com/contentassets/b02acb45cf8a43e09afba2ac04afd77b/5_mechanical_interior_21527135.jpg"", ""https://www.khov.com/contentassets/b02acb45cf8a43e09afba2ac04afd77b/5_mechanical_interior_21527136.jpg"", ""https://www.khov.com/contentassets/b02acb45cf8a43e09afba2ac04afd77b/5_mechanical_interior_21527138.jpg""]"
https://www.khov.com/new-construction-homes/california/rancho-cordova/k-hovnanians-four-seasons-at-the-ranch/poitier-esp-4465-bran-st-0101/,,K Hovnanians Four Seasons At The Ranch,38.5432014,-121.2116365999,"4465 Bran St, Rancho Cordova, CA, 95742",Rancho Cordova,CALIFORNIA,95742,,"Sunday: 11:00-18:00, Monday: 09:00-17:00, Tuesday: 09:00-17:00, Wednesday: 09:00-17:00, Thursday: 09:00-17:00, Friday: 09:00-17:00, Saturday: 09:00-17:00",916-237-9550,https://www.khov.com/,,K. Hovnanian Homes,single family,,,,Y,2,,Y,"The Clubhouse,Clubhouse Grounds,Pickleball Courts,Fitness Center,Fire Pit,Gated Entry,Fitness Pavilion,Outdoor Pool,Indoor Pool,Lounge,Billiards,Bocce Ball Courts,Dog Park,Horseshoe Pit,Cards Room,Events Pavilion,Clubhouse Dining Area,Catering Kitchen,Foyer",,"Private Extra Suite Plus for multigenerational families Elegant kitchen featuring Birch White cabinetry & wall oven Vast center island, perfect for prepping family meals Striking vaulted ceiling connects great room & dining area Functional home office for studying or reading Serene primary suite featuring generous walk-in closet Polished primary bath with dual vanities & brushed nickel finishes Versatile covered patio featuring 12' multi-slide door",,,,300,,,1.06,,,,,,Poitier ESP,2,3,3,0,2076,600530,2026-07-08,,,,,"Private Extra Suite Plus for multigenerational families Elegant kitchen featuring Birch White cabinetry & wall oven Vast center island, perfect for prepping family meals Striking vaulted ceiling connects great room & dining area Functional home office for studying or reading Serene primary suite featuring generous walk-in closet Polished primary bath with dual vanities & brushed nickel finishes Versatile covered patio featuring 12' multi-slide door",3,3,0,1,Garage,,2,2076,,600530,757090,595530,,,,,"[""https://www.khov.com/contentassets/be45fdeb50f54a2594e0a4ed944688be/149831_Four_Seasons_at_the_Ranch_Poitier_Poitier_YB_Craftsman_Level_1.jpg"", ""https://www.khov.com/contentassets/be45fdeb50f54a2594e0a4ed944688be/160019_Tucson_Kitchen_Classic_Palette_3_Level_1_Coastal_Classic.jpg"", ""https://www.khov.com/contentassets/be45fdeb50f54a2594e0a4ed944688be/160068_Tucson_Primary_Bath_Plus_Classic_Palette_3_Level_1_Coastal_Classic.jpg"", ""https://www.khov.com/contentassets/be45fdeb50f54a2594e0a4ed944688be/4_framing_exterior_21425434.jpg"", ""https://www.khov.com/contentassets/be45fdeb50f54a2594e0a4ed944688be/4_framing_exterior_21425435.jpg"", ""https://www.khov.com/contentassets/be45fdeb50f54a2594e0a4ed944688be/4_framing_interior_21425436.jpg"", ""https://www.khov.com/contentassets/be45fdeb50f54a2594e0a4ed944688be/4_framing_exterior_21425437.jpg"", ""https://www.khov.com/contentassets/be45fdeb50f54a2594e0a4ed944688be/4_framing_interior_21425438.jpg"", ""https://www.khov.com/contentassets/be45fdeb50f54a2594e0a4ed944688be/4_framing_interior_21425439.jpg"", ""https://www.khov.com/contentassets/be45fdeb50f54a2594e0a4ed944688be/4_framing_interior_21425440.jpg"", ""https://www.khov.com/contentassets/be45fdeb50f54a2594e0a4ed944688be/4_framing_interior_21425442.jpg"", ""https://www.khov.com/contentassets/be45fdeb50f54a2594e0a4ed944688be/4_framing_interior_21425443.jpg"", ""https://www.khov.com/contentassets/be45fdeb50f54a2594e0a4ed944688be/4_framing_interior_21425447.jpg""]"
https://www.khov.com/new-construction-homes/california/rancho-cordova/k-hovnanians-four-seasons-at-the-ranch/poitier-esp-4468-hooded-crow-way-0087/,,K Hovnanians Four Seasons At The Ranch,38.5432014,-121.2116365999,"4468 Hooded Crow Way, Rancho Cordova, CA, 95742",Rancho Cordova,CALIFORNIA,95742,,"Sunday: 11:00-18:00, Monday: 09:00-17:00, Tuesday: 09:00-17:00, Wednesday: 09:00-17:00, Thursday: 09:00-17:00, Friday: 09:00-17:00, Saturday: 09:00-17:00",916-237-9550,https://www.khov.com/,,K. Hovnanian Homes,single family,,,,Y,2,,Y,"The Clubhouse,Clubhouse Grounds,Pickleball Courts,Fitness Center,Fire Pit,Gated Entry,Fitness Pavilion,Outdoor Pool,Indoor Pool,Lounge,Billiards,Bocce Ball Courts,Dog Park,Horseshoe Pit,Cards Room,Events Pavilion,Clubhouse Dining Area,Catering Kitchen,Foyer",,Extra Suite Plus on first floor with private bath & living room Home office with sliding barn door for focused work Great room & dining area beneath a vaulted ceiling 12' multi-slide door opening to covered patio Kitchen with Chestnut Brown cabinetry & quartz central island Primary suite with ceiling detail & walk-in closet Primary bath with dual freestanding vanities & glass shower enclosure,,,,300,,,1.06,,,,,,Poitier ESP,2,3,3,0,2076,600640,2026-07-22,,,,,Extra Suite Plus on first floor with private bath & living room Home office with sliding barn door for focused work Great room & dining area beneath a vaulted ceiling 12' multi-slide door opening to covered patio Kitchen with Chestnut Brown cabinetry & quartz central island Primary suite with ceiling detail & walk-in closet Primary bath with dual freestanding vanities & glass shower enclosure,3,3,0,1,Garage,,2,2076,,600640,757090,598640,,,,,"[""https://www.khov.com/contentassets/6bed662d55c34aeea5cd27e1fcad4926/149830_Four_Seasons_at_the_Ranch_Poitier_Poitier_WB_Farmhouse_Level_1.jpg"", ""https://www.khov.com/contentassets/6bed662d55c34aeea5cd27e1fcad4926/159982_Tucson_Kitchen_Farmhouse_Palette_5_Level_1_European_Farmhouse.jpg"", ""https://www.khov.com/contentassets/6bed662d55c34aeea5cd27e1fcad4926/160006_Tucson_Primary_Bath_Plus_Farmhouse_Palette_5_Level_1_European_Farmhouse.jpg"", ""https://www.khov.com/contentassets/6bed662d55c34aeea5cd27e1fcad4926/3_foundation_exterior_21425402.jpg"", ""https://www.khov.com/contentassets/6bed662d55c34aeea5cd27e1fcad4926/3_foundation_exterior_21425404.jpg"", ""https://www.khov.com/contentassets/6bed662d55c34aeea5cd27e1fcad4926/3_foundation_exterior_21425405.jpg""]"
https://www.khov.com/new-construction-homes/california/rancho-cordova/k-hovnanians-four-seasons-at-the-ranch/raven-12425-columba-way-0061/,,K Hovnanians Four Seasons At The Ranch,38.5432014,-121.2116365999,"12425 Columba Way, Rancho Cordova, CA, 95742",Rancho Cordova,CALIFORNIA,95742,,"Sunday: 11:00-18:00, Monday: 09:00-17:00, Tuesday: 09:00-17:00, Wednesday: 09:00-17:00, Thursday: 09:00-17:00, Friday: 09:00-17:00, Saturday: 09:00-17:00",916-237-9550,https://www.khov.com/,,K. Hovnanian Homes,single family,,,,Y,2,,Y,"The Clubhouse,Clubhouse Grounds,Pickleball Courts,Fitness Center,Fire Pit,Gated Entry,Fitness Pavilion,Outdoor Pool,Indoor Pool,Lounge,Billiards,Bocce Ball Courts,Dog Park,Horseshoe Pit,Cards Room,Events Pavilion,Clubhouse Dining Area,Catering Kitchen,Foyer",,Home office sits just off the foyer Kitchen with a central island & wall oven supports everyday use Ceiling treatment adds visual interest to the great room Covered patio connects directly to the main living space Primary suite includes a walk-in closet Primary bath features dual sinks 2-car garage provides everyday parking,,,,300,,,1.06,,,,,,Raven,2,2,2,1,1701,501193,2026-06-18,,,,,Home office sits just off the foyer Kitchen with a central island & wall oven supports everyday use Ceiling treatment adds visual interest to the great room Covered patio connects directly to the main living space Primary suite includes a walk-in closet Primary bath features dual sinks 2-car garage provides everyday parking,2,2,1,1,Garage,,2,1701,,501193,501193,493903,,,,,"[""https://www.khov.com/contentassets/5f5b12a003014ede91a7577c3e52bdcd/175179_four-seasons-at-the-ranch-winter_raven_covered-patio_loft_palette-1_level-1.jpg"", ""https://www.khov.com/contentassets/5f5b12a003014ede91a7577c3e52bdcd/149836_Four_Seasons_at_the_Ranch_Raven_Raven_YB_Craftsman_Level_1.jpg"", ""https://www.khov.com/contentassets/5f5b12a003014ede91a7577c3e52bdcd/175172_four-seasons-at-the-ranch-winter_raven_kitchen_loft_palette-1_level-1.jpg"", ""https://www.khov.com/contentassets/5f5b12a003014ede91a7577c3e52bdcd/175168_four-seasons-at-the-ranch-winter_raven_kitchen_loft_palette-1_level-1.jpg"", ""https://www.khov.com/contentassets/5f5b12a003014ede91a7577c3e52bdcd/175169_four-seasons-at-the-ranch-winter_raven_kitchen_loft_palette-1_level-1.jpg"", ""https://www.khov.com/contentassets/5f5b12a003014ede91a7577c3e52bdcd/175163_four-seasons-at-the-ranch-winter_raven_primary-bath_loft_palette-1_level-1.jpg"", ""https://www.khov.com/contentassets/5f5b12a003014ede91a7577c3e52bdcd/175164_four-seasons-at-the-ranch-winter_raven_primary-bath_loft_palette-1_level-1.jpg"", ""https://www.khov.com/contentassets/5f5b12a003014ede91a7577c3e52bdcd/175170_four-seasons-at-the-ranch-winter_raven_great-room_loft_palette-1_level-1.jpg"", ""https://www.khov.com/contentassets/5f5b12a003014ede91a7577c3e52bdcd/175171_four-seasons-at-the-ranch-winter_raven_great-room_loft_palette-1_level-1.jpg"", ""https://www.khov.com/contentassets/5f5b12a003014ede91a7577c3e52bdcd/175167_four-seasons-at-the-ranch-winter_raven_primary-suite_loft_palette-1_level-1.jpg"", ""https://www.khov.com/contentassets/5f5b12a003014ede91a7577c3e52bdcd/175162_four-seasons-at-the-ranch-winter_raven_bedroom-2_loft_palette-1_level-1.jpg"", ""https://www.khov.com/contentassets/5f5b12a003014ede91a7577c3e52bdcd/3_mechanical_exterior_21326970.jpg"", ""https://www.khov.com/contentassets/5f5b12a003014ede91a7577c3e52bdcd/3_mechanical_exterior_21326971.jpg"", ""https://www.khov.com/contentassets/5f5b12a003014ede91a7577c3e52bdcd/3_mechanical_interior_21326972.jpg"", ""https://www.khov.com/contentassets/5f5b12a003014ede91a7577c3e52bdcd/3_mechanical_interior_21326973.jpg"", ""https://www.khov.com/contentassets/5f5b12a003014ede91a7577c3e52bdcd/3_mechanical_interior_21326974.jpg"", ""https://www.khov.com/contentassets/5f5b12a003014ede91a7577c3e52bdcd/3_mechanical_interior_21326975.jpg"", ""https://www.khov.com/contentassets/5f5b12a003014ede91a7577c3e52bdcd/3_mechanical_interior_21326976.jpg"", ""https://www.khov.com/contentassets/5f5b12a003014ede91a7577c3e52bdcd/3_mechanical_bathroom_21326977.jpg"", ""https://www.khov.com/contentassets/5f5b12a003014ede91a7577c3e52bdcd/3_mechanical_interior_21326978.jpg"", ""https://www.khov.com/contentassets/5f5b12a003014ede91a7577c3e52bdcd/3_mechanical_interior_21326980.jpg""]"
https://www.khov.com/new-construction-homes/california/rancho-cordova/k-hovnanians-four-seasons-at-the-ranch/stanwyck-4464-hooded-crow-way-0086/,,K Hovnanians Four Seasons At The Ranch,38.5432014,-121.2116365999,"4464 Hooded Crow Way, Rancho Cordova, CA, 95742",Rancho Cordova,CALIFORNIA,95742,,"Sunday: 11:00-18:00, Monday: 09:00-17:00, Tuesday: 09:00-17:00, Wednesday: 09:00-17:00, Thursday: 09:00-17:00, Friday: 09:00-17:00, Saturday: 09:00-17:00",916-237-9550,https://www.khov.com/,,K. Hovnanian Homes,single family,,,,Y,2,,Y,"The Clubhouse,Clubhouse Grounds,Pickleball Courts,Fitness Center,Fire Pit,Gated Entry,Fitness Pavilion,Outdoor Pool,Indoor Pool,Lounge,Billiards,Bocce Ball Courts,Dog Park,Horseshoe Pit,Cards Room,Events Pavilion,Clubhouse Dining Area,Catering Kitchen,Foyer",,"Private home office with sliding barn doors for a quiet workspace Kitchen, great room & dining area united beneath a soaring vaulted ceiling Kitchen with Chestnut Brown cabinetry & sleek quartz island 15' multi-slide door opens to a covered patio for easy indoor-outdoor living Serene primary suite with elevated ceiling detail Primary bath with dual freestanding vanities & glass-enclosed shower Spacious walk-in closet in the primary suite for everyday ease",,,,300,,,1.06,,,,,,Stanwyck,2,2,2,1,1975,565960,2026-07-22,,,,,"Private home office with sliding barn doors for a quiet workspace Kitchen, great room & dining area united beneath a soaring vaulted ceiling Kitchen with Chestnut Brown cabinetry & sleek quartz island 15' multi-slide door opens to a covered patio for easy indoor-outdoor living Serene primary suite with elevated ceiling detail Primary bath with dual freestanding vanities & glass-enclosed shower Spacious walk-in closet in the primary suite for everyday ease",2,2,1,1,Garage,,2,1975,,565960,757090,563960,,,,,"[""https://www.khov.com/contentassets/df3386a8789e4935b7d9b603cf84bb78/149838_Four_Seasons_at_the_Ranch_Stanwyck_Stanwyck_UB_Spanish_Modern_Level_1.jpg"", ""https://www.khov.com/contentassets/df3386a8789e4935b7d9b603cf84bb78/160028_Tucson_Kitchen_Loft_Palette_5_Level_1_Coastal_Loft.jpg"", ""https://www.khov.com/contentassets/df3386a8789e4935b7d9b603cf84bb78/160048_Tucson_Primary_Bath_Plus_Loft_Palette_5_Level_1_Coastal_Loft.jpg"", ""https://www.khov.com/contentassets/df3386a8789e4935b7d9b603cf84bb78/3_foundation_exterior_21425406.jpg"", ""https://www.khov.com/contentassets/df3386a8789e4935b7d9b603cf84bb78/3_foundation_exterior_21425407.jpg"", ""https://www.khov.com/contentassets/df3386a8789e4935b7d9b603cf84bb78/3_foundation_exterior_21425410.jpg""]"
https://www.khov.com/new-construction-homes/california/rancho-cordova/k-hovnanians-four-seasons-at-the-ranch/stanwyck-4468-bran-st-0099/,,K Hovnanians Four Seasons At The Ranch,38.5432014,-121.2116365999,"4468 Bran St, Rancho Cordova, CA, 95742",Rancho Cordova,CALIFORNIA,95742,,"Sunday: 11:00-18:00, Monday: 09:00-17:00, Tuesday: 09:00-17:00, Wednesday: 09:00-17:00, Thursday: 09:00-17:00, Friday: 09:00-17:00, Saturday: 09:00-17:00",916-237-9550,https://www.khov.com/,,K. Hovnanian Homes,single family,,,,Y,2,,Y,"The Clubhouse,Clubhouse Grounds,Pickleball Courts,Fitness Center,Fire Pit,Gated Entry,Fitness Pavilion,Outdoor Pool,Indoor Pool,Lounge,Billiards,Bocce Ball Courts,Dog Park,Horseshoe Pit,Cards Room,Events Pavilion,Clubhouse Dining Area,Catering Kitchen,Foyer",,"Vaulted ceiling ties together the kitchen, great room & dining area Stacked Chestnut Brown cabinetry with glass-front uppers defines the kitchen 15' multi-slide door opens the living space to the covered patio Ceiling treatment adds dimension to the primary suite Primary bath features dual freestanding vanities Walk-in closet completes the primary suite Home office sits just off the foyer",,,,300,,,1.06,,,,,,Stanwyck,2,2,2,1,1975,584630,2026-07-14,,,,,"Vaulted ceiling ties together the kitchen, great room & dining area Stacked Chestnut Brown cabinetry with glass-front uppers defines the kitchen 15' multi-slide door opens the living space to the covered patio Ceiling treatment adds dimension to the primary suite Primary bath features dual freestanding vanities Walk-in closet completes the primary suite Home office sits just off the foyer",2,2,1,1,Garage,,2,1975,,584630,757090,570630,,,,,"[""https://www.khov.com/contentassets/17b80337a04c4e7e8810b50b3e11efa4/149842_Four_Seasons_at_the_Ranch_Stanwyck_Stanwyck_YB_Craftsman_Level_1.jpg"", ""https://www.khov.com/contentassets/17b80337a04c4e7e8810b50b3e11efa4/160021_Tucson_Kitchen_Classic_Palette_5_Level_1_Coastal_Classic.jpg"", ""https://www.khov.com/contentassets/17b80337a04c4e7e8810b50b3e11efa4/160076_Tucson_Primary_Bath_Plus_Classic_Palette_5_Level_1_Coastal_Classic.jpg"", ""https://www.khov.com/contentassets/17b80337a04c4e7e8810b50b3e11efa4/4_framing_exterior_21425409.jpg"", ""https://www.khov.com/contentassets/17b80337a04c4e7e8810b50b3e11efa4/4_framing_exterior_21425412.jpg""]"
https://www.khov.com/new-construction-homes/california/rancho-cordova/reserve-at-the-ranch/belfast-esp-12454-wheat-ridge-drive-0052/,,Reserve At The Ranch,38.550116,-121.216452,"12454 Wheat Ridge Drive, Rancho Cordova, CA, 95742",Rancho Cordova,CALIFORNIA,95742,,"Sunday: 11:00-18:00, Monday: 10:00-18:00, Tuesday: 10:00-18:00, Wednesday: 10:00-18:00, Thursday: 10:00-18:00, Friday: 10:00-18:00, Saturday: 10:00-18:00",916-237-9080,https://www.khov.com/,,K. Hovnanian Homes,single family,,,,Y,3,,Y,"Basketball Court,Park,Picnic Area,Playground",,"Extra Suite Plus with private living room, kitchenette & full bath Extra Suite Plus features private entrances from the porch & foyer Kitchen, dining area & great room share a vaulted ceiling Kitchen with Ash Grey cabinetry & quartz central island Wall oven adds everyday convenience in the kitchen Covered patio off the dining area for outdoor living Private primary bath with freestanding soaking tub",,,,35,,,1.06,,,,,,Belfast ESP,3,4,3,0,2399,734370,2026-06-23,,,,,"Extra Suite Plus with private living room, kitchenette & full bath Extra Suite Plus features private entrances from the porch & foyer Kitchen, dining area & great room share a vaulted ceiling Kitchen with Ash Grey cabinetry & quartz central island Wall oven adds everyday convenience in the kitchen Covered patio off the dining area for outdoor living Private primary bath with freestanding soaking tub",4,3,0,1,Garage,,3,2399,,734370,787460,725370,,,,,"[""https://www.khov.com/contentassets/ffc75a4d48fb44dcab4335a81f4ee1fd/162516_Reserve_at_The_Ranch_Belfast_ESP_Belfast_ESP_Farmhouse_WB.jpg"", ""https://www.khov.com/contentassets/ffc75a4d48fb44dcab4335a81f4ee1fd/160410_Tacoma_Kitchen_Farmhouse_Palette_1_Level_2_Fresh_Farmhouse.jpg"", ""https://www.khov.com/contentassets/ffc75a4d48fb44dcab4335a81f4ee1fd/160414_Tacoma_Primary_Bath_Tub_Farmhouse_Palette_1_Level_2_Fresh_Farmhouse.jpg"", ""https://www.khov.com/contentassets/ffc75a4d48fb44dcab4335a81f4ee1fd/3_mechanical_exterior_21326356.jpg"", ""https://www.khov.com/contentassets/ffc75a4d48fb44dcab4335a81f4ee1fd/3_mechanical_exterior_21326359.jpg"", ""https://www.khov.com/contentassets/ffc75a4d48fb44dcab4335a81f4ee1fd/3_mechanical_exterior_21326361.jpg"", ""https://www.khov.com/contentassets/ffc75a4d48fb44dcab4335a81f4ee1fd/3_mechanical_exterior_21326362.jpg"", ""https://www.khov.com/contentassets/ffc75a4d48fb44dcab4335a81f4ee1fd/3_mechanical_interior_21326363.jpg"", ""https://www.khov.com/contentassets/ffc75a4d48fb44dcab4335a81f4ee1fd/3_mechanical_exterior_21326364.jpg"", ""https://www.khov.com/contentassets/ffc75a4d48fb44dcab4335a81f4ee1fd/3_mechanical_exterior_21326366.jpg"", ""https://www.khov.com/contentassets/ffc75a4d48fb44dcab4335a81f4ee1fd/3_mechanical_interior_21326367.jpg"", ""https://www.khov.com/contentassets/ffc75a4d48fb44dcab4335a81f4ee1fd/3_mechanical_interior_21326368.jpg"", ""https://www.khov.com/contentassets/ffc75a4d48fb44dcab4335a81f4ee1fd/3_mechanical_interior_21326369.jpg""]"
https://www.khov.com/new-construction-homes/california/rancho-cordova/reserve-at-the-ranch/belfast-esp-12468-wheat-ridge-drive-0049/,,Reserve At The Ranch,38.550116,-121.216452,"12468 Wheat Ridge Drive, Rancho Cordova, CA, 95742",Rancho Cordova,CALIFORNIA,95742,,"Sunday: 11:00-18:00, Monday: 10:00-18:00, Tuesday: 10:00-18:00, Wednesday: 10:00-18:00, Thursday: 10:00-18:00, Friday: 10:00-18:00, Saturday: 10:00-18:00",916-237-9080,https://www.khov.com/,,K. Hovnanian Homes,single family,,,,Y,3,,Y,"Basketball Court,Park,Picnic Area,Playground",,"Extra Suite Plus with private bath, living room & kitchenette Great room, dining area & kitchen connected by vaulted ceiling Kitchen with Ash Grey cabinetry & wall oven Sprawling quartz island overlooks living spaces Covered patio off the dining area for spacious outdoor living Private primary sute & bath with freestanding soaking tub 2-car garage connects to the home plus a separate 1-car garage",,,,35,,,1.06,,,,,,Belfast ESP,3,4,3,0,2399,761470,2026-07-27,,,,,"Extra Suite Plus with private bath, living room & kitchenette Great room, dining area & kitchen connected by vaulted ceiling Kitchen with Ash Grey cabinetry & wall oven Sprawling quartz island overlooks living spaces Covered patio off the dining area for spacious outdoor living Private primary sute & bath with freestanding soaking tub 2-car garage connects to the home plus a separate 1-car garage",4,3,0,1,Garage,,3,2399,,761470,787460,751470,,,,,"[""https://www.khov.com/contentassets/f346b6699efb49a995cec79f81bdf087/162515_Reserve_at_The_Ranch_Belfast_ESP_Belfast_ESP_Contemporary_ZB.jpg"", ""https://www.khov.com/contentassets/f346b6699efb49a995cec79f81bdf087/160410_Tacoma_Kitchen_Farmhouse_Palette_1_Level_2_Fresh_Farmhouse.jpg"", ""https://www.khov.com/contentassets/f346b6699efb49a995cec79f81bdf087/160414_Tacoma_Primary_Bath_Tub_Farmhouse_Palette_1_Level_2_Fresh_Farmhouse.jpg"", ""https://www.khov.com/contentassets/f346b6699efb49a995cec79f81bdf087/4_framing_exterior_21425992.jpg""]"
https://www.khov.com/new-construction-homes/california/rancho-cordova/reserve-at-the-ranch/limerick-12370-pine-warbler-court-0042/,,Reserve At The Ranch,38.550116,-121.216452,"12370 Pine Warbler Court, Rancho Cordova, CA, 95742",Rancho Cordova,CALIFORNIA,95742,,"Sunday: 11:00-18:00, Monday: 10:00-18:00, Tuesday: 10:00-18:00, Wednesday: 10:00-18:00, Thursday: 10:00-18:00, Friday: 10:00-18:00, Saturday: 10:00-18:00",916-237-9080,https://www.khov.com/,,K. Hovnanian Homes,single family,,,,Y,3,,Y,"Basketball Court,Park,Picnic Area,Playground",,"Efficient kitchen with Birch White cabinetry, quartz countertops, & wall oven Open concept living areas featuring striking vaulted ceiling Lavish primary suite & bath with freestanding tub Private Extra Suite, perfect for overnight guests Versatile covered patio with 12' multi-slide door Functional utility sink in laundry room for added convenience Spacious 3-car tandem garage provides ample parking",,,,35,,,1.06,,,,,,Limerick,3,4,3,0,3003,767680,2026-07-29,,,,,"Efficient kitchen with Birch White cabinetry, quartz countertops, & wall oven Open concept living areas featuring striking vaulted ceiling Lavish primary suite & bath with freestanding tub Private Extra Suite, perfect for overnight guests Versatile covered patio with 12' multi-slide door Functional utility sink in laundry room for added convenience Spacious 3-car tandem garage provides ample parking",4,3,0,2,Garage,,3,3003,,767680,787460,762680,,,,,"[""https://www.khov.com/contentassets/f2da447827344e699891b08301bea5bd/162511_Reserve_at_The_Ranch_Limerick_Limerick_Hacienda_XB.jpg"", ""https://www.khov.com/contentassets/f2da447827344e699891b08301bea5bd/160420_Tacoma_Kitchen_Farmhouse_Palette_3_Level_2_Fresh_Farmhouse.jpg"", ""https://www.khov.com/contentassets/f2da447827344e699891b08301bea5bd/160424_Tacoma_Primary_Bath_Tub_Farmhouse_Palette_3_Level_2_Fresh_Farmhouse.jpg"", ""https://www.khov.com/contentassets/f2da447827344e699891b08301bea5bd/3_foundation_exterior_21326422.jpg"", ""https://www.khov.com/contentassets/f2da447827344e699891b08301bea5bd/3_foundation_exterior_21326424.jpg"", ""https://www.khov.com/contentassets/f2da447827344e699891b08301bea5bd/3_foundation_exterior_21326425.jpg""]"
https://www.khov.com/new-construction-homes/california/rancho-cordova/reserve-at-the-ranch/limerick-12371-pine-warbler-court-0043/,,Reserve At The Ranch,38.550116,-121.216452,"12371 Pine Warbler Court, Rancho Cordova, CA, 95742",Rancho Cordova,CALIFORNIA,95742,,"Sunday: 11:00-18:00, Monday: 10:00-18:00, Tuesday: 10:00-18:00, Wednesday: 10:00-18:00, Thursday: 10:00-18:00, Friday: 10:00-18:00, Saturday: 10:00-18:00",916-237-9080,https://www.khov.com/,,K. Hovnanian Homes,single family,,,,Y,3,,Y,"Basketball Court,Park,Picnic Area,Playground",,"Efficient kitchen featuring Birch White cabinetry, wall oven, & matte black finishes Striking vaulted ceiling connects dining area & great room Formal home office & dining room off foyer Private primary suite & bath featuring freestanding tub Secluded Extra Suite for overnight guests Peaceful covered patio with 12' multi-slide door Spacious 3-car tandem garage for vehicles & storage",,,,35,,,1.06,,,,,,Limerick,3,4,3,0,3003,775380,2026-08-13,,,,,"Efficient kitchen featuring Birch White cabinetry, wall oven, & matte black finishes Striking vaulted ceiling connects dining area & great room Formal home office & dining room off foyer Private primary suite & bath featuring freestanding tub Secluded Extra Suite for overnight guests Peaceful covered patio with 12' multi-slide door Spacious 3-car tandem garage for vehicles & storage",4,3,0,2,Garage,,3,3003,,775380,787460,771380,,,,,"[""https://www.khov.com/contentassets/dfe5592ff30c4f35a7c9fbf5a23395b5/162510_Reserve_at_The_Ranch_Limerick_Limerick_Farmhouse_WB.jpg"", ""https://www.khov.com/contentassets/dfe5592ff30c4f35a7c9fbf5a23395b5/160420_Tacoma_Kitchen_Farmhouse_Palette_3_Level_2_Fresh_Farmhouse.jpg"", ""https://www.khov.com/contentassets/dfe5592ff30c4f35a7c9fbf5a23395b5/160424_Tacoma_Primary_Bath_Tub_Farmhouse_Palette_3_Level_2_Fresh_Farmhouse.jpg"", ""https://www.khov.com/contentassets/dfe5592ff30c4f35a7c9fbf5a23395b5/3_foundation_exterior_21426009.jpg"", ""https://www.khov.com/contentassets/dfe5592ff30c4f35a7c9fbf5a23395b5/3_foundation_exterior_21426011.jpg"", ""https://www.khov.com/contentassets/dfe5592ff30c4f35a7c9fbf5a23395b5/3_foundation_exterior_21426012.jpg""]"
https://www.khov.com/new-construction-homes/california/rancho-cordova/reserve-at-the-ranch/mykonos-12378-pine-warbler-court-0040/,,Reserve At The Ranch,38.550116,-121.216452,"12378 Pine Warbler Court, Rancho Cordova, CA, 95742",Rancho Cordova,CALIFORNIA,95742,,"Sunday: 11:00-18:00, Monday: 10:00-18:00, Tuesday: 10:00-18:00, Wednesday: 10:00-18:00, Thursday: 10:00-18:00, Friday: 10:00-18:00, Saturday: 10:00-18:00",916-237-9080,https://www.khov.com/,,K. Hovnanian Homes,single family,,,,Y,3,,Y,"Basketball Court,Park,Picnic Area,Playground",,"Sleek kitchen with Pewter Grey cabinetry, wall oven, & quartz countertops Inviting great room featuring beautiful vaulted ceiling Serene primary suite with generous walk-in closet Refreshing primary bath featuring dual vanities & freestanding tub Private Extra Suite & home office off foyer Inviting covered patio featuring 12' multi-slide door Functional laundry room with convenient utility sink",,,,35,,,1.06,,,,,,Mykonos,3,4,3,1,3383,787460,2026-08-11,,,,,"Sleek kitchen with Pewter Grey cabinetry, wall oven, & quartz countertops Inviting great room featuring beautiful vaulted ceiling Serene primary suite with generous walk-in closet Refreshing primary bath featuring dual vanities & freestanding tub Private Extra Suite & home office off foyer Inviting covered patio featuring 12' multi-slide door Functional laundry room with convenient utility sink",4,3,1,2,Garage,,3,3383,,787460,787460,783460,,,,,"[""https://www.khov.com/contentassets/7f7a0a49a7ff4d9fb963dcb9df6d2fa1/162514_Reserve_at_The_Ranch_Mykonos_Mykonos_Hacienda_XB.jpg"", ""https://www.khov.com/contentassets/7f7a0a49a7ff4d9fb963dcb9df6d2fa1/160363_Tacoma_Kitchen_Loft_Palette_6_Level_2_Neutral_Loft.jpg"", ""https://www.khov.com/contentassets/7f7a0a49a7ff4d9fb963dcb9df6d2fa1/160366_Tacoma_Primary_Bath_Plus_Tub_Loft_Palette_6_Level_2_Neutral_Loft.jpg"", ""https://www.khov.com/contentassets/7f7a0a49a7ff4d9fb963dcb9df6d2fa1/3_foundation_exterior_21426019.jpg"", ""https://www.khov.com/contentassets/7f7a0a49a7ff4d9fb963dcb9df6d2fa1/3_foundation_exterior_21426020.jpg"", ""https://www.khov.com/contentassets/7f7a0a49a7ff4d9fb963dcb9df6d2fa1/3_foundation_exterior_21426023.jpg""]"
https://www.khov.com/new-construction-homes/california/rancho-cordova/silverbrook-at-the-ranch/del-mar-12176-grey-crow-circle-1035/,,Silverbrook At The Ranch,38.5477066773,-121.2172054870,"12176 Grey Crow Circle, Rancho Cordova, CA, 95742",Rancho Cordova,CALIFORNIA,95742,,"Sunday: 11:00-18:00, Monday: 10:00-18:00, Tuesday: 10:00-18:00, Wednesday: 10:00-18:00, Thursday: 10:00-18:00, Friday: 10:00-18:00, Saturday: 10:00-18:00",916-237-9080,https://www.khov.com/,,K. Hovnanian Homes,single family,,,,Y,2,,Y,"Basketball Court,Picnic Area,Nature Preserve,Parks,Playground",,Efficient kitchen featuring designer cabinetry & center island Connected dining area & great room create seamless flow for entertaining guests Private primary suite for rest & relaxation Refreshing primary bath featuring dual sinks & generous walk-in closet Versatile loft creates extra space for leisure activities Functional 2-car garage for vehicles & storage,,,,35,,,1.06,,,,,,Del Mar,2,3,2,1,2150,541953,2026-06-23,,,,,Efficient kitchen featuring designer cabinetry & center island Connected dining area & great room create seamless flow for entertaining guests Private primary suite for rest & relaxation Refreshing primary bath featuring dual sinks & generous walk-in closet Versatile loft creates extra space for leisure activities Functional 2-car garage for vehicles & storage,3,2,1,2,Garage,,2,2150,,541953,541953,526953,,,,,"[""https://www.khov.com/contentassets/8abdcfe173ee43bbaf1d1fb60f4bed6b/164375_Silverbrook_at_The_Ranch_Del_Mar_ZB_Contemporary_Level_1.jpg"", ""https://www.khov.com/contentassets/8abdcfe173ee43bbaf1d1fb60f4bed6b/4_insulation_exterior_21425565.jpg"", ""https://www.khov.com/contentassets/8abdcfe173ee43bbaf1d1fb60f4bed6b/4_insulation_exterior_21425566.jpg"", ""https://www.khov.com/contentassets/8abdcfe173ee43bbaf1d1fb60f4bed6b/4_insulation_exterior_21425569.jpg""]"
https://www.khov.com/new-construction-homes/california/rancho-cordova/silverbrook-at-the-ranch/hillrose-12172-grey-crow-circle-1037/,,Silverbrook At The Ranch,38.5477066773,-121.2172054870,"12172 Grey Crow Circle, Rancho Cordova, CA, 95742",Rancho Cordova,CALIFORNIA,95742,,"Sunday: 11:00-18:00, Monday: 10:00-18:00, Tuesday: 10:00-18:00, Wednesday: 10:00-18:00, Thursday: 10:00-18:00, Friday: 10:00-18:00, Saturday: 10:00-18:00",916-237-9080,https://www.khov.com/,,K. Hovnanian Homes,single family,,,,Y,2,,Y,"Basketball Court,Picnic Area,Nature Preserve,Parks,Playground",,Well-equipped kitchen featuring designer cabinets & vast island Welcoming great room for hosting family & friends Charming dining area adjacent to kitchen for easy mornings Private primary suite & bath with walk-in closet Primary bath includes dual sinks & glass shower enclosure Versatile loft for leisure activities Functional 2-car garage provides convenient parking,,,,35,,,1.06,,,,,,Hillrose,2,3,2,1,2007,546803,2026-07-13,,,,,Well-equipped kitchen featuring designer cabinets & vast island Welcoming great room for hosting family & friends Charming dining area adjacent to kitchen for easy mornings Private primary suite & bath with walk-in closet Primary bath includes dual sinks & glass shower enclosure Versatile loft for leisure activities Functional 2-car garage provides convenient parking,3,2,1,2,Garage,,2,2007,,546803,546803,539803,,,,,"[""https://www.khov.com/contentassets/d30fb27a478f47439ef5137ea40f71bb/164377_Silverbrook_at_The_Ranch_Hillrose_YB_Tuscan_Level_1.jpg"", ""https://www.khov.com/contentassets/d30fb27a478f47439ef5137ea40f71bb/101990_Springs_at_The_Ranch_Hillrose_Kitchen.jpg"", ""https://www.khov.com/contentassets/d30fb27a478f47439ef5137ea40f71bb/101991_Springs_at_The_Ranch_Hillrose_Kitchen.jpg"", ""https://www.khov.com/contentassets/d30fb27a478f47439ef5137ea40f71bb/101996_Springs_at_The_Ranch_Hillrose_Owners_Bath.jpg"", ""https://www.khov.com/contentassets/d30fb27a478f47439ef5137ea40f71bb/101999_Springs_at_The_Ranch_Hillrose_Owners_Suite.jpg"", ""https://www.khov.com/contentassets/d30fb27a478f47439ef5137ea40f71bb/101985_Springs_at_The_Ranch_Hillrose_Great_Room.jpg"", ""https://www.khov.com/contentassets/d30fb27a478f47439ef5137ea40f71bb/101982_Springs_at_The_Ranch_Hillrose_Bedroom.jpg"", ""https://www.khov.com/contentassets/d30fb27a478f47439ef5137ea40f71bb/101984_Springs_at_The_Ranch_Hillrose_Bedroom.jpg"", ""https://www.khov.com/contentassets/d30fb27a478f47439ef5137ea40f71bb/101995_Springs_at_The_Ranch_Hillrose_Loft.jpg"", ""https://www.khov.com/contentassets/d30fb27a478f47439ef5137ea40f71bb/101988_Springs_at_The_Ranch_Hillrose_Hall_Bath.jpg"", ""https://www.khov.com/contentassets/d30fb27a478f47439ef5137ea40f71bb/101993_Springs_at_The_Ranch_Hillrose_Laundry_Room.jpg"", ""https://www.khov.com/contentassets/d30fb27a478f47439ef5137ea40f71bb/4_foundation_exterior_21425556.jpg"", ""https://www.khov.com/contentassets/d30fb27a478f47439ef5137ea40f71bb/4_foundation_exterior_21425559.jpg"", ""https://www.khov.com/contentassets/d30fb27a478f47439ef5137ea40f71bb/4_foundation_exterior_21425560.jpg""]"
https://www.khov.com/new-construction-homes/california/rancho-cordova/silverbrook-at-the-ranch/lamar-12164-grey-crow-circle-1012/,,Silverbrook At The Ranch,38.5477066773,-121.2172054870,"12164 Grey Crow Circle, Rancho Cordova, CA, 95742",Rancho Cordova,CALIFORNIA,95742,,"Sunday: 11:00-18:00, Monday: 10:00-18:00, Tuesday: 10:00-18:00, Wednesday: 10:00-18:00, Thursday: 10:00-18:00, Friday: 10:00-18:00, Saturday: 10:00-18:00",916-237-9080,https://www.khov.com/,,K. Hovnanian Homes,single family,,,,Y,2,,Y,"Basketball Court,Picnic Area,Nature Preserve,Parks,Playground",,"Open great room, dining area & kitchen create an easy-flow layout Kitchen with central island for prep space & casual gathering Second-floor loft offers flexible living or work space Primary suite with a private bath with dual sinks Functional loft on second-floor for added comfort Second-floor laundry room with utility sink near all bedrooms Attached 2-car garage for vehicles and storage",,,,35,,,1.06,,,,,,Lamar,2,4,2,1,2150,558954,2026-07-21,,,,,"Open great room, dining area & kitchen create an easy-flow layout Kitchen with central island for prep space & casual gathering Second-floor loft offers flexible living or work space Primary suite with a private bath with dual sinks Functional loft on second-floor for added comfort Second-floor laundry room with utility sink near all bedrooms Attached 2-car garage for vehicles and storage",4,2,1,2,Garage,,2,2150,,558954,558954,551954,,,,,"[""https://www.khov.com/contentassets/369ebcc8679448b99d6df0efee47189c/164379_Silverbrook_at_The_Ranch_Lamar_UB_Spanish_Level_1.jpg"", ""https://www.khov.com/contentassets/369ebcc8679448b99d6df0efee47189c/175625_silverbrook-at-the-ranch_lamar_kitchen_ascend.jpg"", ""https://www.khov.com/contentassets/369ebcc8679448b99d6df0efee47189c/175627_silverbrook-at-the-ranch_lamar_kitchen_ascend.jpg"", ""https://www.khov.com/contentassets/369ebcc8679448b99d6df0efee47189c/175632_silverbrook-at-the-ranch_lamar_kitchen_ascend.jpg"", ""https://www.khov.com/contentassets/369ebcc8679448b99d6df0efee47189c/175635_silverbrook-at-the-ranch_lamar_primary-bath_ascend.jpg"", ""https://www.khov.com/contentassets/369ebcc8679448b99d6df0efee47189c/175634_silverbrook-at-the-ranch_lamar_primary-suite_ascend.jpg"", ""https://www.khov.com/contentassets/369ebcc8679448b99d6df0efee47189c/175633_silverbrook-at-the-ranch_lamar_primary-suite_ascend.jpg"", ""https://www.khov.com/contentassets/369ebcc8679448b99d6df0efee47189c/175631_silverbrook-at-the-ranch_lamar_great-room_ascend.jpg"", ""https://www.khov.com/contentassets/369ebcc8679448b99d6df0efee47189c/175624_silverbrook-at-the-ranch_lamar_great-room_ascend.jpg"", ""https://www.khov.com/contentassets/369ebcc8679448b99d6df0efee47189c/175623_silverbrook-at-the-ranch_lamar_great-room_ascend.jpg"", ""https://www.khov.com/contentassets/369ebcc8679448b99d6df0efee47189c/175630_silverbrook-at-the-ranch_lamar_dining-area_ascend.jpg"", ""https://www.khov.com/contentassets/369ebcc8679448b99d6df0efee47189c/175628_silverbrook-at-the-ranch_lamar_bedroom-2_ascend.jpg"", ""https://www.khov.com/contentassets/369ebcc8679448b99d6df0efee47189c/4_foundation_exterior_21425486.jpg"", ""https://www.khov.com/contentassets/369ebcc8679448b99d6df0efee47189c/4_foundation_exterior_21425487.jpg"", ""https://www.khov.com/contentassets/369ebcc8679448b99d6df0efee47189c/4_foundation_exterior_21425488.jpg""]"
https://www.khov.com/new-construction-homes/california/rosamond/monterosa/goldenrod-ii-3379-kellie-avenue-6009/,,Monterosa,34.8584452,-118.1943428,"3379 Kellie Avenue, Rosamond, CA, 93560",Rosamond,CALIFORNIA,93560,,"Sunday: 11:00-17:00, Monday: 09:00-17:00, Tuesday: 09:00-17:00, Wednesday: 09:00-17:00, Thursday: 09:00-17:00, Friday: 09:00-17:00, Saturday: 09:00-17:00",661-475-6167,https://www.khov.com/,,K. Hovnanian Homes,single family,,,,Y,2,,Y,"Extra Suite Available,Extra Suite Plus Available,Edwards Air Force Base,Vaulted Ceilings,Interiors",,"Seamless kitchen, great room & dining layout Matte black pendant lighting highlights the kitchen’s central island Open shelving creates a light, curated feel Dining area opens to a covered patio for easy outdoor living Generous primary suite with walk-in closet Primary bath with dual sinks for everyday convenience",,,,0,,,1.6,,,,,,Goldenrod II,2,4,2,0,1731,511990,2026-06-15,,,,,"Seamless kitchen, great room & dining layout Matte black pendant lighting highlights the kitchen’s central island Open shelving creates a light, curated feel Dining area opens to a covered patio for easy outdoor living Generous primary suite with walk-in closet Primary bath with dual sinks for everyday convenience",4,2,0,1,Garage,,2,1731,,511990,556990,509990,,,,,"[""https://www.khov.com/contentassets/5388f5d23ea54583aaa8eb30880f3c82/143607_Monterosa_Goldenrod_II_Goldenrod_II_WB_Farmhouse.jpg"", ""https://www.khov.com/contentassets/5388f5d23ea54583aaa8eb30880f3c82/140378_monterosa_goldenrod-ii_kitchen_farmhouse_palette-4_ascend_fresh---farmhouse.jpg"", ""https://www.khov.com/contentassets/5388f5d23ea54583aaa8eb30880f3c82/140379_monterosa_goldenrod-ii_kitchen_farmhouse_palette-4_ascend_fresh---farmhouse.jpg"", ""https://www.khov.com/contentassets/5388f5d23ea54583aaa8eb30880f3c82/140382_monterosa_goldenrod-ii_primary-bath_farmhouse_palette-4_ascend_fresh---farmhouse.jpg"", ""https://www.khov.com/contentassets/5388f5d23ea54583aaa8eb30880f3c82/140383_monterosa_goldenrod-ii_primary-bath_farmhouse_palette-4_ascend_fresh---farmhouse.jpg"", ""https://www.khov.com/contentassets/5388f5d23ea54583aaa8eb30880f3c82/140370_monterosa_goldenrod-ii_primary-suite_farmhouse_palette-4_ascend_fresh---farmhouse.jpg"", ""https://www.khov.com/contentassets/5388f5d23ea54583aaa8eb30880f3c82/140371_monterosa_goldenrod-ii_primary-suite_farmhouse_palette-4_ascend_fresh---farmhouse.jpg"", ""https://www.khov.com/contentassets/5388f5d23ea54583aaa8eb30880f3c82/140376_monterosa_goldenrod-ii_ca_monterosa_goldenrod-ii_ascend_farmhouse-fresh-4_great-room-1_farmhouse_palette-4_ascend_fresh---farmhouse.jpg"", ""https://www.khov.com/contentassets/5388f5d23ea54583aaa8eb30880f3c82/140377_monterosa_goldenrod-ii_great-room_farmhouse_palette-4_ascend_fresh---farmhouse.jpg"", ""https://www.khov.com/contentassets/5388f5d23ea54583aaa8eb30880f3c82/140373_monterosa_goldenrod-ii_dining-area_farmhouse_palette-4_ascend_fresh---farmhouse.jpg"", ""https://www.khov.com/contentassets/5388f5d23ea54583aaa8eb30880f3c82/140372_monterosa_goldenrod-ii_dining-area_farmhouse_palette-4_ascend_fresh---farmhouse.jpg"", ""https://www.khov.com/contentassets/5388f5d23ea54583aaa8eb30880f3c82/5_drywall_exterior_21513303.jpg"", ""https://www.khov.com/contentassets/5388f5d23ea54583aaa8eb30880f3c82/5_drywall_exterior_21513304.jpg"", ""https://www.khov.com/contentassets/5388f5d23ea54583aaa8eb30880f3c82/5_drywall_exterior_21513305.jpg"", ""https://www.khov.com/contentassets/5388f5d23ea54583aaa8eb30880f3c82/5_drywall_exterior_21513306.jpg"", ""https://www.khov.com/contentassets/5388f5d23ea54583aaa8eb30880f3c82/5_drywall_exterior_21513307.jpg"", ""https://www.khov.com/contentassets/5388f5d23ea54583aaa8eb30880f3c82/5_drywall_bedroom_21513310.jpg"", ""https://www.khov.com/contentassets/5388f5d23ea54583aaa8eb30880f3c82/5_drywall_interior_21513311.jpg"", ""https://www.khov.com/contentassets/5388f5d23ea54583aaa8eb30880f3c82/5_drywall_interior_21513312.jpg"", ""https://www.khov.com/contentassets/5388f5d23ea54583aaa8eb30880f3c82/5_drywall_kitchen_21513313.jpg"", ""https://www.khov.com/contentassets/5388f5d23ea54583aaa8eb30880f3c82/5_drywall_kitchen_21513314.jpg""]"
https://www.khov.com/new-construction-homes/california/rosamond/monterosa/goldenrod-ii-3437-kellie-avenue-6003/,,Monterosa,34.8584452,-118.1943428,"3437 Kellie Avenue, Rosamond, CA, 93560",Rosamond,CALIFORNIA,93560,,"Sunday: 11:00-17:00, Monday: 09:00-17:00, Tuesday: 09:00-17:00, Wednesday: 09:00-17:00, Thursday: 09:00-17:00, Friday: 09:00-17:00, Saturday: 09:00-17:00",661-475-6167,https://www.khov.com/,,K. Hovnanian Homes,single family,,,,Y,2,,Y,"Extra Suite Available,Extra Suite Plus Available,Edwards Air Force Base,Vaulted Ceilings,Interiors",,"Seamless kitchen, dining area & great room designed for gathering Kitchen features a statement island illuminated by pendant lighting Dining area offers direct access to a covered patio Relaxing primary suite with walk-in closet Ensuite primary bath with dual sinks & sleek glass shower enclosure Two-car garage with practical storage space",,,,0,,,1.6,,,,,,Goldenrod II,2,4,2,0,1731,491990,,,,,,"Seamless kitchen, dining area & great room designed for gathering Kitchen features a statement island illuminated by pendant lighting Dining area offers direct access to a covered patio Relaxing primary suite with walk-in closet Ensuite primary bath with dual sinks & sleek glass shower enclosure Two-car garage with practical storage space",4,2,0,1,Garage,,2,1731,,491990,556990,500990,,,,,"[""https://www.khov.com/contentassets/eb6f793f723d4d38b2e1e7dd21893257/143606_Monterosa_Goldenrod_II_Goldenrod_II_UB_Spanish.jpg""]"
https://www.khov.com/new-construction-homes/california/rosamond/monterosa/goldenrod-ii-3373-kellie-avenue-6010/,,Monterosa,34.8584452,-118.1943428,"3373 Kellie Avenue, Rosamond, CA, 93560",Rosamond,CALIFORNIA,93560,,"Sunday: 11:00-17:00, Monday: 09:00-17:00, Tuesday: 09:00-17:00, Wednesday: 09:00-17:00, Thursday: 09:00-17:00, Friday: 09:00-17:00, Saturday: 09:00-17:00",661-475-6167,https://www.khov.com/,,K. Hovnanian Homes,single family,,,,Y,2,,Y,"Extra Suite Available,Extra Suite Plus Available,Edwards Air Force Base,Vaulted Ceilings,Interiors",,"Open kitchen, dining & great room with effortless flow Central island framed by matte black pendant lighting Floating shelves add character in the kitchen Covered patio just off the dining area Primary suite with a spacious walk-in closet Private bath with dual sinks & glass shower enclosure",,,,0,,,1.6,,,,,,Goldenrod II,2,4,2,0,1731,501990,2026-06-15,,,,,"Open kitchen, dining & great room with effortless flow Central island framed by matte black pendant lighting Floating shelves add character in the kitchen Covered patio just off the dining area Primary suite with a spacious walk-in closet Private bath with dual sinks & glass shower enclosure",4,2,0,1,Garage,,2,1731,,501990,556990,499990,,,,,"[""https://www.khov.com/contentassets/1e5e22f0f78c4d8c8d5a06e9d57993f6/143606_Monterosa_Goldenrod_II_Goldenrod_II_UB_Spanish.jpg"", ""https://www.khov.com/contentassets/1e5e22f0f78c4d8c8d5a06e9d57993f6/140378_monterosa_goldenrod-ii_kitchen_farmhouse_palette-4_ascend_fresh---farmhouse.jpg"", ""https://www.khov.com/contentassets/1e5e22f0f78c4d8c8d5a06e9d57993f6/140379_monterosa_goldenrod-ii_kitchen_farmhouse_palette-4_ascend_fresh---farmhouse.jpg"", ""https://www.khov.com/contentassets/1e5e22f0f78c4d8c8d5a06e9d57993f6/140382_monterosa_goldenrod-ii_primary-bath_farmhouse_palette-4_ascend_fresh---farmhouse.jpg"", ""https://www.khov.com/contentassets/1e5e22f0f78c4d8c8d5a06e9d57993f6/140383_monterosa_goldenrod-ii_primary-bath_farmhouse_palette-4_ascend_fresh---farmhouse.jpg"", ""https://www.khov.com/contentassets/1e5e22f0f78c4d8c8d5a06e9d57993f6/140376_monterosa_goldenrod-ii_ca_monterosa_goldenrod-ii_ascend_farmhouse-fresh-4_great-room-1_farmhouse_palette-4_ascend_fresh---farmhouse.jpg"", ""https://www.khov.com/contentassets/1e5e22f0f78c4d8c8d5a06e9d57993f6/140377_monterosa_goldenrod-ii_great-room_farmhouse_palette-4_ascend_fresh---farmhouse.jpg"", ""https://www.khov.com/contentassets/1e5e22f0f78c4d8c8d5a06e9d57993f6/140372_monterosa_goldenrod-ii_dining-area_farmhouse_palette-4_ascend_fresh---farmhouse.jpg"", ""https://www.khov.com/contentassets/1e5e22f0f78c4d8c8d5a06e9d57993f6/140373_monterosa_goldenrod-ii_dining-area_farmhouse_palette-4_ascend_fresh---farmhouse.jpg"", ""https://www.khov.com/contentassets/1e5e22f0f78c4d8c8d5a06e9d57993f6/140370_monterosa_goldenrod-ii_primary-suite_farmhouse_palette-4_ascend_fresh---farmhouse.jpg"", ""https://www.khov.com/contentassets/1e5e22f0f78c4d8c8d5a06e9d57993f6/140371_monterosa_goldenrod-ii_primary-suite_farmhouse_palette-4_ascend_fresh---farmhouse.jpg"", ""https://www.khov.com/contentassets/1e5e22f0f78c4d8c8d5a06e9d57993f6/5_drywall_exterior_21513285.jpg"", ""https://www.khov.com/contentassets/1e5e22f0f78c4d8c8d5a06e9d57993f6/5_drywall_bathroom_21513286.jpg"", ""https://www.khov.com/contentassets/1e5e22f0f78c4d8c8d5a06e9d57993f6/5_drywall_interior_21513287.jpg"", ""https://www.khov.com/contentassets/1e5e22f0f78c4d8c8d5a06e9d57993f6/5_drywall_exterior_21513288.jpg"", ""https://www.khov.com/contentassets/1e5e22f0f78c4d8c8d5a06e9d57993f6/5_drywall_interior_21513289.jpg"", ""https://www.khov.com/contentassets/1e5e22f0f78c4d8c8d5a06e9d57993f6/5_drywall_interior_21513292.jpg"", ""https://www.khov.com/contentassets/1e5e22f0f78c4d8c8d5a06e9d57993f6/5_drywall_interior_21513295.jpg"", ""https://www.khov.com/contentassets/1e5e22f0f78c4d8c8d5a06e9d57993f6/5_drywall_bathroom_21513296.jpg"", ""https://www.khov.com/contentassets/1e5e22f0f78c4d8c8d5a06e9d57993f6/5_drywall_closet_21513298.jpg"", ""https://www.khov.com/contentassets/1e5e22f0f78c4d8c8d5a06e9d57993f6/5_drywall_exterior_21513299.jpg""]"
