City,State,URL
Atlanta,GA,https://www.ticketmaster.com/atlanta-braves-v-los-angeles-dodgers-atlanta-georgia-08-25-2026/event/0E00634DCD9170DB
Atlanta,GA,https://www.ticketmaster.com/atlanta-braves-vs-los-angeles-dodgers-atlanta-georgia-08-26-2026/event/0E00634DCBEC6EF1
Atlanta,GA,https://www.ticketmaster.com/atlanta-braves-v-los-angeles-dodgers-atlanta-georgia-08-26-2026/event/0E00634DCD9370DE
Atlanta,GA,https://www.ticketmaster.com/atlanta-braves-vs-los-angeles-dodgers-atlanta-georgia-08-27-2026/event/0E00634DCBEE6F00
Atlanta,GA,https://www.ticketmaster.com/atlanta-braves-v-los-angeles-dodgers-atlanta-georgia-08-27-2026/event/0E00634DCD9570E0
Atlanta,GA,https://www.ticketmaster.com/atlanta-united-fc-vs-orlando-city-atlanta-georgia-09-09-2026/event/0E006372B38B9D61
Atlanta,GA,https://www.ticketmaster.com/shakira-las-mujeres-ya-no-lloran-atlanta-georgia-06-26-2026/event/0E006471CD56AE69
Atlanta,GA,https://www.ticketmaster.com/don-toliver-octane-tour-atlanta-georgia-05-19-2026/event/0E00643CC959A744
Atlanta,GA,https://www.ticketmaster.com/megan-moroney-the-cloud-9-tour-atlanta-georgia-06-08-2026/event/0E0063829858749C
Atlanta,GA,https://www.ticketmaster.com/megan-moroney-the-cloud-9-tour-atlanta-georgia-06-09-2026/event/0E00638A0FB2E010
Atlanta,GA,https://www.ticketmaster.com/hawks-round-1-home-game-1-atlanta-georgia/event/0E006474D099F066
Atlanta,GA,https://www.ticketmaster.com/hawks-round-1-home-game-2-atlanta-georgia/event/0E006474D0B2F095
Atlanta,GA,https://www.ticketmaster.com/hawks-round-1-home-game-3-atlanta-georgia/event/0E006474D0C5F0AF
Atlanta,GA,https://www.ticketmaster.com/weezer-the-gathering-atlanta-georgia-10-10-2026/event/0E006470D9A0CD93
Atlanta,GA,https://www.ticketmaster.com/johnny-blue-skies-the-dark-clouds-atlanta-georgia-10-25-2026/event/0E00647ED889DC47
Atlanta,GA,https://www.ticketmaster.com/springsteen-e-street-land-of-hope-atlanta-georgia-05-02-2026/event/0E00644DDD83DF9B
Atlanta,GA,https://www.ticketmaster.com/atlanta-dream-v-indiana-fever-atlanta-georgia-06-20-2026/event/0E006474BA1CCF1E
Atlanta,GA,https://www.ticketmaster.com/atlanta-dream-v-indiana-fever-atlanta-georgia-08-16-2026/event/0E006474BA25CF32
Atlanta,GA,https://www.ticketmaster.com/5-seconds-of-summer-everyones-a-atlanta-georgia-06-16-2026/event/0E006356ECCA99CD
Atlanta,GA,https://www.ticketmaster.com/lionel-richie-and-earth-wind-fire-atlanta-georgia-07-19-2026/event/0E006435C1C4A7E2
Austin,TX,https://www.ticketmaster.com/tim-mcgraw-pawn-shop-guitar-tour-austin-texas-09-10-2026/event/3A00643ED209106F
Austin,TX,https://travel.ticketmaster.com/tm-event/3A00636CCF0BE99C?_uid=ac74da7d-8f54-4d50-8b7e-dbdb135f1d70&utm_source=TPR&utm_medium=TMADP_DudePerfect0709
Austin,TX,https://www.ticketmaster.com/dude-perfect-squad-games-tour-2026-austin-texas-07-09-2026/event/3A00636CCF0BE99C
Austin,TX,https://www.ticketmaster.com/johnny-blue-skies-the-dark-clouds-austin-texas-09-04-2026/event/3A00647EDD63E6F3
Austin,TX,https://www.ticketmaster.com/an-evening-with-goose-austin-texas-04-24-2026/event/3A006367E2CDF860
Austin,TX,https://www.ticketmaster.com/springsteen-e-street-land-of-hope-austin-texas-04-26-2026/event/3A006450D4CFC5E8
Austin,TX,https://www.ticketmaster.com/the-avett-brothers-and-mike-patton-austin-texas-05-14-2026/event/3A00636DE55E93CC
Austin,TX,https://www.ticketmaster.com/nate-bargatze-big-dumb-eyes-world-austin-texas-06-20-2026/event/3A006319E0DB5F17
Austin,TX,https://www.ticketmaster.com/nate-bargatze-big-dumb-eyes-world-austin-texas-06-20-2026/event/3A006319E0D75F14
Austin,TX,https://am.ticketmaster.com/cota/buy/quickbuy?id=Mzg1
Austin,TX,https://www.ticketmaster.com/2026-formula-1-msc-cruises-usgp-austin-texas-10-24-2026/event/3A00642D96C856BF
Austin,TX,https://www.ticketmaster.com/5-seconds-of-summer-everyones-a-austin-texas-06-21-2026/event/3A0063564050D535
Austin,TX,https://www.ticketmaster.com/southern-hospitality-tour-the-black-crowes-austin-texas-05-17-2026/event/3A00643BEADCD611
Austin,TX,https://www.ticketmaster.com/lionel-richie-and-earth-wind-fire-austin-texas-08-14-2026/event/3A006435EBEBFBA6
Austin,TX,https://www.ticketmaster.com/koe-wetzel-the-night-champion-world-austin-texas-09-03-2026/event/3A006457D6BFF9EC
Austin,TX,https://www.ticketmaster.com/staind-break-the-cycle-25th-anniversary-austin-texas-10-19-2026/event/3A00643C063099B5
Austin,TX,https://www.ticketmaster.com/grupo-frontera-triste-pero-bien-cbron-austin-texas-07-22-2026/event/3A006463AE289F6B
Austin,TX,https://www.ticketmaster.com/ariana-grande-the-eternal-sunshine-tour-austin-texas-06-24-2026/event/3A00631B9CE923DB
Austin,TX,https://www.ticketmaster.com/ariana-grande-the-eternal-sunshine-tour-austin-texas-06-26-2026/event/3A00631B9E202403
Austin,TX,https://www.ticketmaster.com/ariana-grande-the-eternal-sunshine-tour-austin-texas-06-27-2026/event/3A00631B9F022430
Orlando,FL,https://www.ticketmaster.com/megan-moroney-the-cloud-9-tour-orlando-florida-07-16-2026/event/22006382B96B44B0
Orlando,FL,https://www.ticketmaster.com/nba-playin-tournament-tbd-at-orlando-orlando-florida/event/22006482C8B74E6E
Orlando,FL,https://www.ticketmaster.com/nba-playoffs-first-round-tbd-at-orlando-florida/event/22006482DA6B58DE
Orlando,FL,https://www.ticketmaster.com/nba-playoffs-first-round-tbd-at-orlando-florida/event/22006482DA6F58E0
Orlando,FL,https://www.ticketmaster.com/nba-playoffs-first-round-tbd-at-orlando-florida/event/22006482DA7458E5
Orlando,FL,https://www.ticketmaster.com/nba-playin-tournament-tbd-at-orlando-orlando-florida-04-17-2026/event/22006482C8B14E69
Orlando,FL,https://www.ticketmaster.com/meghan-trainor-the-get-in-girl-orlando-florida-06-30-2026/event/2200636B8A0233B1
Orlando,FL,https://www.ticketmaster.com/weezer-the-gathering-orlando-florida-10-11-2026/event/2200646DD0BC9349
Orlando,FL,https://www.ticketmaster.com/carin-leon-de-sonora-para-el-orlando-florida-06-26-2026/event/22006443AD882F50
Orlando,FL,https://www.ticketmaster.com/noah-kahan-the-great-divide-tour-orlando-florida-06-11-2026/event/2200643EE6045958
Orlando,FL,https://www.ticketmaster.com/noah-kahan-the-great-divide-tour-orlando-florida-06-12-2026/event/22006446A7DD3F4E
Orlando,FL,https://www.ticketmaster.com/5-seconds-of-summer-everyones-a-orlando-florida-06-17-2026/event/22006356D0735B12
Orlando,FL,https://www.ticketmaster.com/lionel-richie-and-earth-wind-fire-orlando-florida-07-25-2026/event/22006434CE944A8D
Orlando,FL,https://www.ticketmaster.com/myke-towers-la-pantera-negra-tour-orlando-florida/event/220060F7A69518DE
Orlando,FL,https://www.ticketmaster.com/grupo-frontera-triste-pero-bien-cbron-orlando-florida-09-12-2026/event/220064669FC96859
Orlando,FL,https://www.ticketmaster.com/manilow-the-last-orlando-concert-orlando-florida-01-21-2027/event/2200632CCE031F54
Orlando,FL,https://www.ticketmaster.com/zayn-the-konnakol-tour-orlando-florida-11-19-2026/event/22006444A186328B
Orlando,FL,https://www.ticketmaster.com/hardy-the-country-country-tour-orlando-florida-04-25-2026/event/22006343C9F63173
Orlando,FL,https://www.ticketmaster.com/camilo-orlando-florida-10-10-2026/event/22006333AF491DEB
Orlando,FL,https://www.ticketmaster.com/young-miko-late-checkout-tour-orlando-florida-10-29-2026/event/22006483BC244DB4
Nashville,TN,https://www.ticketmaster.com/event/Z7r9jZ1A74Zx_
Nashville,TN,https://www.ticketmaster.com/event/Z7r9jZ1A74Z0e
Nashville,TN,https://www.ticketmaster.com/event/Z7r9jZ1A74Z0v
Nashville,TN,https://www.ticketmaster.com/tennessee-titans-vs-indianapolis-colts-nashville-tennessee/event/1B006470D206F655
Nashville,TN,https://www.ticketmaster.com/tennessee-titans-vs-jacksonville-jaguars-nashville-tennessee/event/1B006470D20DF658
Nashville,TN,https://www.ticketmaster.com/preseason-game-2-tennessee-titans-v-nashville-tennessee/event/1B006470D22BF67B
Nashville,TN,https://www.ticketmaster.com/preseason-game-1-tennessee-titans-v-nashville-tennessee/event/1B006470D225F678
Nashville,TN,https://www.ticketmaster.com/tennessee-titans-vs-washington-commanders-nashville-tennessee/event/1B006470D232F684
Nashville,TN,https://www.ticketmaster.com/2026-cma-fest-presented-by-sofi-nashville-tennessee-06-05-2026/event/1B00646BA593D479
Nashville,TN,https://www.ticketmaster.com/megan-moroney-the-cloud-9-tour-nashville-tennessee-08-21-2026/event/1B0063838FBBAA78
Nashville,TN,https://www.ticketmaster.com/megan-moroney-the-cloud-9-tour-nashville-tennessee-08-22-2026/event/1B00638A9EFBD046
Nashville,TN,https://www.ticketmaster.com/matt-rife-stay-golden-world-tour-nashville-tennessee-10-24-2026/event/1B006365398EF601
Nashville,TN,https://www.ticketmaster.com/lil-wayne-20-years-of-carter-nashville-tennessee-09-25-2026/event/1B006470F59759AD
Nashville,TN,https://www.ticketmaster.com/meghan-trainor-the-get-in-girl-nashville-tennessee-07-24-2026/event/1B00636BDF84F167
Nashville,TN,https://www.ticketmaster.com/weezer-the-gathering-nashville-tennessee-10-09-2026/event/1B00646DED66C2EA
Nashville,TN,https://www.ticketmaster.com/carin-leon-de-sonora-para-el-nashville-tennessee-06-11-2026/event/1B0064448A275B1B
Nashville,TN,https://www.ticketmaster.com/brooks-dunn-neon-moon-tour-2026-nashville-tennessee-09-12-2026/event/1B006454A4B2E404
Nashville,TN,https://www.ticketmaster.com/nashville-predators-v-san-jose-sharks-nashville-tennessee-04-13-2026/event/1B006314D8426E41
Nashville,TN,https://www.ticketmaster.com/chris-tomlin-good-friday-nashville-2027-nashville-tennessee-03-26-2027/event/1B00647FC4B5BE68
Nashville,TN,https://www.ticketmaster.com/johnny-blue-skies-the-dark-clouds-nashville-tennessee-10-02-2026/event/1B00647E8DD17A7B
Atlanta,GA,https://www.ticketmaster.com/ariana-grande-the-eternal-sunshine-tour-atlanta-georgia-07-06-2026/event/0E00631A8E691E65
Atlanta,GA,https://www.ticketmaster.com/ariana-grande-the-eternal-sunshine-tour-atlanta-georgia-07-08-2026/event/0E00631A8F331ED1
Atlanta,GA,https://www.ticketmaster.com/ariana-grande-the-eternal-sunshine-tour-atlanta-georgia-07-09-2026/event/0E006325BEA26298
Atlanta,GA,https://www.ticketmaster.com/atlanta-dream-v-chicago-sky-hbcu-atlanta-georgia-09-19-2026/event/0E006474BA2ACF38
Atlanta,GA,https://www.ticketmaster.com/mumford-sons-prizefighter-tour-atlanta-georgia-08-04-2026/event/0E006451E9825B0F
Atlanta,GA,https://www.ticketmaster.com/the-rb-lovers-tour-atlanta-georgia-08-29-2026/event/0E006443B2676A3C
Atlanta,GA,https://www.ticketmaster.com/atlanta-dream-v-las-vegas-aces-atlanta-georgia-05-17-2026/event/0E006474BA18CF15
Atlanta,GA,https://www.ticketmaster.com/atlanta-dream-v-toronto-tempo-atlanta-georgia-06-22-2026/event/0E006474BA20CF27
Atlanta,GA,https://www.ticketmaster.com/j-cole-the-falloff-tour-atlanta-georgia-07-17-2026/event/0E006449ACD35AA7
Atlanta,GA,https://www.ticketmaster.com/j-cole-the-falloff-tour-atlanta-georgia-07-18-2026/event/0E00644DA1BD94EA
Atlanta,GA,https://www.ticketmaster.com/young-miko-late-checkout-tour-atlanta-georgia-10-31-2026/event/0E006482B522EA73
Atlanta,GA,https://www.ticketmaster.com/daniel-caesar-son-of-spergy-tour-atlanta-georgia-07-24-2026/event/0E00647BB660BC53
Atlanta,GA,https://www.ticketmaster.com/tame-impala-the-deadbeat-tour-atlanta-georgia-07-11-2026/event/0E00643EDC96CA9D
Atlanta,GA,https://www.ticketmaster.com/tame-impala-the-deadbeat-tour-atlanta-georgia-07-12-2026/event/0E006434BF8A88A8
Atlanta,GA,https://www.ticketmaster.com/the-red-clay-strays-atlanta-georgia-11-13-2026/event/0E00644BD38B9C21
Atlanta,GA,https://www.ticketmaster.com/florence-the-machine-everybody-scream-tour-atlanta-georgia-05-01-2026/event/0E006355BDF87F7D
Atlanta,GA,https://www.ticketmaster.com/idle-world-tour-syncopation-atlanta-georgia-08-08-2026/event/0E006463AB4AAAA4
Atlanta,GA,https://www.ticketmaster.com/romeo-santos-prince-royce-mejor-tarde-atlanta-georgia-04-30-2026/event/0E00638BDC7DC7D3
Atlanta,GA,https://www.ticketmaster.com/rush-fifty-something-atlanta-georgia-11-25-2026/event/0E006350D2B1924E
Atlanta,GA,https://www.ticketmaster.com/rush-fifty-something-atlanta-georgia-11-27-2026/event/0E00635692B0686C
Austin,TX,https://www.ticketmaster.com/mana-vivir-sin-aire-tour-austin-texas-11-08-2026/event/3A0063780576D4F7
Austin,TX,https://www.ticketmaster.com/stevie-nicks-austin-texas-04-22-2026/event/3A006430979392EA
Austin,TX,https://www.ticketmaster.com/eric-claptons-crossroads-guitar-festival-austin-texas-09-26-2026/event/3A00647AFB353B3C
Austin,TX,https://www.ticketmaster.com/eric-claptons-crossroads-guitar-festival-austin-texas-09-27-2026/event/3A00647AFD774141
Austin,TX,https://www.ticketmaster.com/shinedown-dance-kid-dance-act-ii-austin-texas-05-22-2026/event/3A00644AA83193E3
Austin,TX,https://www.ticketmaster.com/ramon-ayala-historia-de-un-final-austin-texas-07-25-2026/event/3A006482F7863D39
Austin,TX,https://www.ticketmaster.com/j-cole-the-falloff-tour-austin-texas-09-14-2026/event/3A00644BCE64D3BD
Austin,TX,https://www.ticketmaster.com/mt-joy-hope-we-have-fun-austin-texas-04-25-2026/event/3A006366724A490F
Austin,TX,https://www.ticketmaster.com/daniel-caesar-son-of-spergy-tour-austin-texas-07-19-2026/event/3A00647EBE31BC64
Austin,TX,https://www.ticketmaster.com/jungle-world-tour-2026-austin-texas-09-24-2026/event/3A006471B677B085
Austin,TX,https://www.ticketmaster.com/demi-lovato-its-not-that-deep-austin-texas-05-24-2026/event/3A006358D48C907F
Austin,TX,https://www.ticketmaster.com/brandi-carlile-the-human-tour-austin-texas-09-06-2026/event/3A006463DAD0DB34
Austin,TX,https://www.ticketmaster.com/florence-the-machine-everybody-scream-tour-austin-texas-05-04-2026/event/3A006355C3858A7F
Austin,TX,https://www.ticketmaster.com/romeo-santos-prince-royce-mejor-tarde-austin-texas-05-10-2026/event/3A00638CD861E244
Austin,TX,https://www.ticketmaster.com/forrest-frank-the-jesus-generation-tour-austin-texas-07-30-2026/event/3A006385B764961D
Austin,TX,https://www.ticketmaster.com/pbr-teams-gambler-days-austin-texas-08-21-2026/event/3A006364F38DD8B1
Austin,TX,https://www.ticketmaster.com/pbr-team-series-3-day-package-austin-texas-08-21-2026/event/3A00636799C7A057
Austin,TX,https://www.ticketmaster.com/pbr-teams-gambler-days-austin-texas-08-22-2026/event/3A006364F39AD8C4
Austin,TX,https://www.ticketmaster.com/pbr-teams-gambler-days-austin-texas-08-23-2026/event/3A006364F3A2D8CB
Austin,TX,https://www.ticketmaster.com/bryan-adams-roll-with-the-punches-austin-texas-07-28-2026/event/3A0064748BFF5F56
Orlando,FL,https://www.ticketmaster.com/demi-lovato-its-not-that-deep-orlando-florida-04-13-2026/event/22006358DE3942A0
Orlando,FL,https://www.ticketmaster.com/idle-world-tour-syncopation-orlando-florida-08-11-2026/event/22006463950F3A7F
Orlando,FL,https://www.ticketmaster.com/romeo-santos-prince-royce-mejor-tarde-orlando-florida-04-29-2026/event/2200638D8FAC38CA
Orlando,FL,https://www.ticketmaster.com/bryan-adams-roll-with-the-punches-orlando-florida-08-05-2026/event/22006471D73E7369
Orlando,FL,https://www.ticketmaster.com/wutang-forever-the-final-chamber-orlando-florida-09-22-2026/event/2200647484402D6B
Orlando,FL,https://www.ticketmaster.com/doja-cat-tour-ma-vie-world-orlando-florida-11-14-2026/event/2200633AE37E3BA9
Orlando,FL,https://www.ticketmaster.com/laura-pausini-yo-canto-world-tour-orlando-florida-05-21-2026/event/220063299D970D22
Orlando,FL,https://www.ticketmaster.com/rawayana-donde-es-el-after-world-orlando-florida-12-03-2026/event/2200646D9ABA6409
Orlando,FL,https://www.ticketmaster.com/carlos-vives-tour-al-sol-orlando-florida-05-24-2026/event/22006364C7D63F7F
Orlando,FL,https://www.ticketmaster.com/gorillaz-the-mountain-tour-orlando-florida-09-17-2026/event/2200645AD17776FF
Orlando,FL,https://www.ticketmaster.com/roberto-carlos-orlando-florida-05-30-2026/event/2200635DD7E54EB3
Orlando,FL,https://www.ticketmaster.com/orlando-pirates-vs-jacksonville-sharks-orlando-florida-06-21-2026/event/2200637A9B2A38E4
Orlando,FL,https://www.ticketmaster.com/freestyle-explosion-orlando-florida-07-31-2026/event/2200646CA98374CC
Orlando,FL,https://www.ticketmaster.com/joji-solaris-orlando-florida-07-01-2026/event/22006457CDCB7C0F
Orlando,FL,https://www.ticketmaster.com/alejandro-sanz-y-ahora-que-orlando-florida-05-01-2026/event/220063589F092DCE
Orlando,FL,https://www.ticketmaster.com/ricardo-montaner-el-ultimo-regreso-tour-orlando-florida-08-28-2026/event/22006361B1882D0D
Orlando,FL,https://www.ticketmaster.com/diljit-dosanjh-aura-world-tour-2026-orlando-florida-05-13-2026/event/2200644386901C2A
Orlando,FL,https://www.ticketmaster.com/orlando-pirates-vs-fishers-freight-football-orlando-florida-05-09-2026/event/2200637A9B1A38D9
Orlando,FL,https://www.ticketmaster.com/aap-rocky-dont-be-dumb-world-orlando-florida-06-14-2026/event/2200643097583A05
Orlando,FL,https://www.ticketmaster.com/orlando-pirates-vs-iowa-barnstormers-orlando-florida-06-06-2026/event/2200637A9B2338DE
Nashville,TN,https://www.ticketmaster.com/riley-green-cowboy-as-it-gets-nashville-tennessee-04-18-2026/event/1B00632CA4EC36E1
Nashville,TN,https://www.gofevo.com/group/BridgestoneArenaPremium2025
Nashville,TN,https://www.ticketmaster.com/banda-ms-somos-ms-2026-tour-nashville-tennessee-08-07-2026/event/1B006473AF3D2CE4
Nashville,TN,https://www.ticketmaster.com/5-seconds-of-summer-everyones-a-nashville-tennessee-06-19-2026/event/1B006356EABA900C
Nashville,TN,https://www.ticketmaster.com/southern-hospitality-tour-the-black-crowes-nashville-tennessee-05-21-2026/event/1B00643BB3F4A3D4
Nashville,TN,https://www.ticketmaster.com/music-city-rodeo-followed-by-miranda-nashville-tennessee-05-28-2026/event/1B006383E3295551
Nashville,TN,https://www.ticketmaster.com/koe-wetzel-the-night-champion-world-nashville-tennessee-08-08-2026/event/1B0064597E6AD241
Nashville,TN,https://www.ticketmaster.com/music-city-rodeo-followed-by-jon-nashville-tennessee-05-30-2026/event/1B006383EE5B7A81
Nashville,TN,https://www.ticketmaster.com/manilow-the-last-nashville-concert-nashville-tennessee-08-01-2026/event/1B006427DF0BDE68
Nashville,TN,https://www.ticketmaster.com/leanne-morgan-the-time-of-our-nashville-tennessee-12-11-2026/event/1B006474B1AD51D8
Nashville,TN,https://www.ticketmaster.com/zayn-the-konnakol-tour-nashville-tennessee-07-31-2026/event/1B0064448B5E5DAF
Nashville,TN,https://www.ticketmaster.com/los-tigres-del-norte-nashville-tennessee-12-04-2026/event/1B006458CB6FD9DD
Nashville,TN,https://www.ticketmaster.com/shane-gillis-live-nashville-tennessee-04-17-2026/event/1B00638F30DC2CAF
Nashville,TN,https://www.ticketmaster.com/tame-impala-the-deadbeat-tour-nashville-tennessee-08-04-2026/event/1B006444F3A11168
Nashville,TN,https://www.ticketmaster.com/tame-impala-the-deadbeat-tour-nashville-tennessee-08-05-2026/event/1B00644CC4B60E9A
Nashville,TN,https://www.ticketmaster.com/demi-lovato-its-not-that-deep-nashville-tennessee-04-14-2026/event/1B006358D5EB9A37
Nashville,TN,https://www.ticketmaster.com/josh-groban-with-special-guest-jennifer-nashville-tennessee-06-16-2026/event/1B00638BE9EAE760
Nashville,TN,https://www.ticketmaster.com/the-red-clay-strays-nashville-tennessee-10-22-2026/event/1B00636B90F8A2B2
Nashville,TN,https://www.ticketmaster.com/the-red-clay-strays-nashville-tennessee-10-23-2026/event/1B00636EACCADA5C
Atlanta,GA,https://www.ticketmaster.com/louis-tomlinson-how-did-we-get-atlanta-georgia-07-22-2026/event/0E00633AE9586F76
Atlanta,GA,https://www.ticketmaster.com/doja-cat-tour-ma-vie-world-atlanta-georgia-11-17-2026/event/0E00633AC24B633B
Atlanta,GA,https://www.ticketmaster.com/cardi-b-little-miss-drama-tour-atlanta-georgia-04-17-2026/event/0E00632FDD8241A3
Atlanta,GA,https://www.ticketmaster.com/cardi-b-little-miss-drama-tour-atlanta-georgia-04-18-2026/event/0E006333E7A350CA
Atlanta,GA,https://www.ticketmaster.com/birthday-bash-atl-2026-30th-anniversary-atlanta-georgia-05-24-2026/event/0E00642EDA1C9D47
Atlanta,GA,https://www.ticketmaster.com/joji-solaris-atlanta-georgia-07-02-2026/event/0E006458BC43E553
Atlanta,GA,https://www.ticketmaster.com/alex-warren-finding-family-on-the-atlanta-georgia-06-25-2026/event/0E006365D5AA97AE
Atlanta,GA,https://www.ticketmaster.com/diljit-dosanjh-aura-world-tour-2026-atlanta-georgia-05-22-2026/event/0E00644394F2409F
Atlanta,GA,https://www.ticketmaster.com/aap-rocky-dont-be-dumb-world-atlanta-georgia-06-11-2026/event/0E00642EB1587632
Atlanta,GA,https://www.ticketmaster.com/summer-walker-still-finally-over-it-atlanta-georgia-06-12-2026/event/0E006434ED9CA34C
Atlanta,GA,https://www.ticketmaster.com/the-neighbourhood-the-wourld-tour-atlanta-georgia-11-10-2026/event/0E006444A7A0612C
Atlanta,GA,https://www.ticketmaster.com/olivia-dean-the-art-of-loving-atlanta-georgia-08-22-2026/event/0E00636DDF15BA55
Atlanta,GA,https://www.ticketmaster.com/disney-descendants-zombies-camp-rock-worlds-atlanta-georgia-11-30-2026/event/0E006469DE54C00D
Atlanta,GA,https://www.ticketmaster.com/chris-stapletons-allamerican-road-show-atlanta-georgia-08-21-2026/event/0E00639CDD75AC85
Atlanta,GA,https://www.ticketmaster.com/ed-sheeran-loop-tour-atlanta-georgia-10-03-2026/event/0E00632FC0572CC1
Atlanta,GA,https://www.ticketmaster.com/atlanta-united-fc-vs-inter-miami-atlanta-georgia-10-17-2026/event/0E006372B37D9D49
Atlanta,GA,https://www.ticketmaster.com/dinastia-tour-by-peso-pluma-tito-atlanta-georgia-04-24-2026/event/0E00642EBE8786EE
Atlanta,GA,https://www.ticketmaster.com/braves-country-fest-ft-cody-johnson-atlanta-georgia-06-13-2026/event/0E006436D709AA2E
Atlanta,GA,https://www.ticketmaster.com/dave-matthews-band-alpharetta-georgia-05-15-2026/event/0E006381BBD29570
Atlanta,GA,https://www.ticketmaster.com/meghan-trainor-the-get-in-girl-duluth-georgia-07-25-2026/event/0E00636BCECBA7F4
Austin,TX,https://www.ticketmaster.com/louis-tomlinson-how-did-we-get-austin-texas-06-22-2026/event/3A00633ABB7971A9
Austin,TX,https://www.ticketmaster.com/empire-of-the-sun-ask-that-austin-texas-09-21-2026/event/3A00646A9B8E774C
Austin,TX,https://www.ticketmaster.com/doja-cat-tour-ma-vie-world-austin-texas-11-03-2026/event/3A00633ACFDC7883
Austin,TX,https://www.ticketmaster.com/charlie-puth-whatevers-clever-world-tour-austin-texas-06-11-2026/event/3A006428CF30986A
Austin,TX,https://www.ticketmaster.com/neyo-akon-nights-like-this-tour-austin-texas-08-11-2026/event/3A0064350B7F64DF
Austin,TX,https://www.ticketmaster.com/gorillaz-the-mountain-tour-austin-texas-10-15-2026/event/3A00645BCFD7447F
Austin,TX,https://www.ticketmaster.com/twice-this-is-for-world-tour-austin-texas-04-17-2026/event/3A00633AA8CF6754
Austin,TX,https://www.ticketmaster.com/twice-this-is-for-world-tour-austin-texas-04-18-2026/event/3A00633AA9006759
Austin,TX,https://www.ticketmaster.com/joji-solaris-austin-texas-07-06-2026/event/3A006457E06B2550
Austin,TX,https://www.ticketmaster.com/madison-beer-the-locket-tour-austin-texas-06-08-2026/event/3A00642CB9579785
Austin,TX,https://www.ticketmaster.com/alex-warren-finding-family-on-the-austin-texas-05-30-2026/event/3A00636AE278E3B8
Austin,TX,https://www.ticketmaster.com/aap-rocky-dont-be-dumb-world-austin-texas-06-19-2026/event/3A00642FF4F68F92
Austin,TX,https://www.ticketmaster.com/ive-world-tour-show-what-i-austin-texas-07-29-2026/event/3A00646D9AC79120
Austin,TX,https://www.ticketmaster.com/summer-walker-still-finally-over-it-austin-texas-06-18-2026/event/3A006435B9C1C9EB
Austin,TX,https://www.ticketmaster.com/ty-myers-the-legal-tour-2026-austin-texas-11-20-2026/event/3A00646DA0949E2B
Austin,TX,https://www.ticketmaster.com/ella-langley-the-dandelion-tour-austin-texas-08-13-2026/event/3A00643C3BD9D641
Austin,TX,https://www.ticketmaster.com/preseason-dallas-wings-vs-las-vegas-austin-texas-05-03-2026/event/3A00645AE96266A7
Austin,TX,https://www.ticketmaster.com/olivia-dean-the-art-of-loving-austin-texas-08-28-2026/event/3A00636D9FBDCE0F
Austin,TX,https://www.ticketmaster.com/olivia-dean-the-art-of-loving-austin-texas-08-29-2026/event/3A00636DCB6959FD
Austin,TX,https://www.ticketmaster.com/disney-descendants-zombies-camp-rock-worlds-austin-texas-12-04-2026/event/3A00646C3500E378
Orlando,FL,https://www.ticketmaster.com/stifel-stars-on-ice-us-orlando-florida-04-18-2026/event/2200636AA9544940
Orlando,FL,https://www.ticketmaster.com/orlando-pirates-vs-green-bay-blizzard-orlando-florida-07-05-2026/event/2200637A9B3838ED
Orlando,FL,https://www.ticketmaster.com/rosalia-lux-tour-2026-orlando-florida-06-08-2026/event/2200636FCCAA5621
Orlando,FL,https://www.ticketmaster.com/the-neighbourhood-the-wourld-tour-orlando-florida-11-11-2026/event/22006451B763471F
Orlando,FL,https://www.ticketmaster.com/disney-descendants-zombies-camp-rock-worlds-orlando-florida-11-25-2026/event/2200646CB0BA7B40
Orlando,FL,https://on.fgtix.com/trk/MN3K
Orlando,FL,https://www.ticketmaster.com/wale-smino-everything-is-a-lot-orlando-florida-06-14-2026/event/22006446AFFA42F9
Orlando,FL,https://livemu.sc/Foreigner-VIP
Orlando,FL,https://www.ticketmaster.com/oar-three-decades-tour-orlando-florida-11-15-2026/event/2200635D859529A4
Orlando,FL,https://www.ticketmaster.com/john-crist-live-orlando-florida-10-02-2026/event/2200646A99F458C3
Orlando,FL,https://www.ticketmaster.com/jessica-kirson-orlando-florida-05-01-2026/event/22006346BBA32124
Orlando,FL,https://www.ticketmaster.com/adam-ray-who-is-me-tour-orlando-florida-07-24-2026/event/2200632FE36E227E
Orlando,FL,https://on.fgtix.com/trk/nrIYb
Orlando,FL,https://www.ticketmaster.com/juanes-north-america-tour-2026-orlando-florida-09-03-2026/event/2200644B99DF366F
Orlando,FL,https://www.ticketmaster.com/jack-white-live-2026-orlando-florida-11-16-2026/event/22006488B66B5797
Orlando,FL,https://www.ticketmaster.com/collective-soul-orlando-florida-04-24-2026/event/220063747C012D8E
Orlando,FL,https://www.ticketmaster.com/the-wiggles-tree-of-wisdom-spectacular-orlando-florida-08-12-2026/event/2200635E00F55126
Orlando,FL,https://www.ticketmaster.com/the-wiggles-tree-of-wisdom-spectacular-orlando-florida-08-12-2026/event/22006443A29B2A79
Nashville,TN,https://www.ticketmaster.com/brandi-carlile-the-human-tour-nashville-tennessee-08-29-2026/event/1B00646A0730ECE2
Nashville,TN,https://www.ticketmaster.com/florence-the-machine-everybody-scream-tour-nashville-tennessee-05-02-2026/event/1B006357C22E748D
Nashville,TN,https://www.ticketmaster.com/bring-me-the-horizon-n-american-nashville-tennessee-05-07-2026/event/1B0063424DEEA7A6
Nashville,TN,https://www.ticketmaster.com/evanescence-2026-world-tour-with-spiritbox-nashville-tennessee-06-15-2026/event/1B00637DE64C69EB
Nashville,TN,https://www.ticketmaster.com/three-days-grace-alienation-tour-nashville-tennessee-11-01-2026/event/1B0063657C694E45
Nashville,TN,https://www.ticketmaster.com/music-city-rodeo-followed-by-charley-nashville-tennessee-05-29-2026/event/1B006383E9BA6C91
Nashville,TN,https://www.ticketmaster.com/pbr-team-series-nashville-tennessee-08-14-2026/event/1B006357EF089018
Nashville,TN,https://www.ticketmaster.com/pbr-team-series-nashville-tennessee-08-15-2026/event/1B006357EF6C902C
Nashville,TN,https://www.ticketmaster.com/pbr-team-series-nashville-tennessee-08-16-2026/event/1B006357EFED9056
Nashville,TN,https://www.ticketmaster.com/treaty-oak-revival-west-texas-degenerate-nashville-tennessee-05-16-2026/event/1B006383DDDA4538
Nashville,TN,https://www.ticketmaster.com/alex-warren-finding-family-on-the-nashville-tennessee-05-25-2026/event/1B006366FC29E00D
Nashville,TN,https://www.ticketmaster.com/broadway-block-party-nashville-tennessee-09-06-2026/event/1B00645A9F4ED5CD
Nashville,TN,https://www.ticketmaster.com/diljit-dosanjh-aura-world-tour-2026-nashville-tennessee-05-20-2026/event/1B0064420128D842
Nashville,TN,https://www.ticketmaster.com/57th-annual-gma-dove-awards-nashville-tennessee-10-06-2026/event/1B006388B1B6C014
Nashville,TN,https://www.ticketmaster.com/hot-wheels-monster-trucks-live-glownfire-nashville-tennessee-07-18-2026/event/1B006462A3B9B5EC
Nashville,TN,https://www.ticketmaster.com/hot-wheels-monster-trucks-live-glownfire-nashville-tennessee-07-18-2026/event/1B006465A17FDE73
Nashville,TN,https://www.ticketmaster.com/hot-wheels-monster-trucks-live-glownfire-nashville-tennessee-07-19-2026/event/1B006465A18BDE86
Nashville,TN,https://www.ticketmaster.com/pbr-threeday-package-ticket-includes-access-nashville-tennessee-08-14-2026/event/1B006356EA618FF0
Nashville,TN,https://www.ticketmaster.com/disney-worlds-collide-concert-tour-nashville-tennessee-11-22-2026/event/1B00646BC0E41578
Nashville,TN,https://www.ticketmaster.com/tommee-profitt-the-birth-of-a-nashville-tennessee-12-12-2026/event/1B006371C00BC350
Atlanta,GA,https://www.ticketmaster.com/carin-leon-de-sonora-para-el-duluth-georgia-06-12-2026/event/0E006430CE49A236
Atlanta,GA,https://www.ticketmaster.com/atlanta-united-fc-vs-nashville-sc-atlanta-georgia-04-18-2026/event/0E006372B3849D5A
Atlanta,GA,https://www.ticketmaster.com/atlanta-united-fc-vs-new-england-atlanta-georgia-04-22-2026/event/0E006372B3829D58
Atlanta,GA,https://www.ticketmaster.com/atlanta-united-fc-vs-cf-montreal-atlanta-georgia-05-02-2026/event/0E006372B3809D53
Atlanta,GA,https://www.ticketmaster.com/atlanta-united-fc-vs-la-galaxy-atlanta-georgia-05-09-2026/event/0E006372B3959D6D
Atlanta,GA,https://www.ticketmaster.com/atlanta-united-fc-vs-red-bull-atlanta-georgia-08-15-2026/event/0E006372B3899D5F
Atlanta,GA,https://www.ticketmaster.com/atlanta-united-fc-vs-sporting-kansas-atlanta-georgia-08-23-2026/event/0E006372B3979D6F
Atlanta,GA,https://www.ticketmaster.com/atlanta-united-fc-vs-charlotte-fc-atlanta-georgia-08-29-2026/event/0E006372B3789D40
Atlanta,GA,https://www.ticketmaster.com/atlanta-united-fc-vs-new-york-atlanta-georgia-09-26-2026/event/0E006372B3879D5C
Atlanta,GA,https://www.ticketmaster.com/atlanta-united-fc-vs-fc-cincinnati-atlanta-georgia-10-10-2026/event/0E006372B3749D39
Atlanta,GA,https://www.ticketmaster.com/atlanta-united-fc-vs-chicago-fire-atlanta-georgia-10-24-2026/event/0E006372B3719D30
Atlanta,GA,https://www.ticketmaster.com/atlanta-united-fc-vs-toronto-fc-atlanta-georgia-11-01-2026/event/0E006372B38E9D65
Atlanta,GA,https://travel.ticketmaster.com/tm-event/0E006367D47CAC72?_uid=ac74da7d-8f54-4d50-8b7e-dbdb135f1d70&utm_source=TPR&utm_medium=TMADP_DudePerfect0731
Atlanta,GA,https://www.ticketmaster.com/dude-perfect-squad-games-tour-2026-duluth-georgia-07-31-2026/event/0E006367D47CAC72
Atlanta,GA,https://on.fgtix.com/trk/AuGK
Atlanta,GA,https://www.ticketmaster.com/banda-ms-somos-ms-tour-2026-duluth-georgia-11-14-2026/event/0E00646CBE599CE7
Atlanta,GA,https://www.ticketmaster.com/acdc-power-up-tour-2026-atlanta-georgia-08-27-2026/event/0E00635E98487A46
Atlanta,GA,https://www.ticketmaster.com/atlanta-braves-vs-miami-marlins-atlanta-georgia-04-13-2026/event/0E00634DCB6C6DD9
Atlanta,GA,https://www.ticketmaster.com/atlanta-braves-v-miami-marlins-premium-atlanta-georgia-04-13-2026/event/0E00634DCD116FF3
Atlanta,GA,https://www.ticketmaster.com/atlanta-braves-vs-miami-marlins-atlanta-georgia-04-14-2026/event/0E00634DCB6E6DDC
Austin,TX,https://www.ticketmaster.com/2026-formula-1-msc-cruises-usgp-austin-texas-10-23-2026/event/3A00642D96CF56D7
Austin,TX,https://www.ticketmaster.com/willie-nelsons-4th-of-july-picnic-austin-texas-07-04-2026/event/3A006472809B42BC
Austin,TX,https://www.ticketmaster.com/uicideboy-present-grey-day-tour-2026-austin-texas-10-13-2026/event/3A00647BC8B110BC
Austin,TX,https://www.ticketmaster.com/foreigner-celebrating-fifty-years-cedar-park-texas-10-07-2026/event/3A006454A4D4DC8C
Austin,TX,https://www.ticketmaster.com/five-finger-death-punch-austin-texas-09-28-2026/event/3A0064268C9F4335
Austin,TX,https://www.ticketmaster.com/leon-bridges-benefiting-the-andy-roddick-austin-texas-05-08-2026/event/3A00647B1508D0E9
Austin,TX,https://www.ticketmaster.com/godsmack-the-rise-of-rock-world-austin-texas-05-29-2026/event/3A006435860A6598
Austin,TX,https://www.ticketmaster.com/babymetal-world-tour-2026-austin-texas-09-26-2026/event/3A006474C6FEF92A
Austin,TX,https://www.ticketmaster.com/sting-30-tour-austin-texas-05-12-2026/event/3A006355B5148081
Austin,TX,https://www.ticketmaster.com/motionless-in-white-the-sweat-and-austin-texas-07-26-2026/event/3A00643AC119C88F
Austin,TX,https://www.ticketmaster.com/jack-johnson-surfilmusic-tour-2026-austin-texas-08-29-2026/event/3A00635FF557CB68
Austin,TX,https://www.ticketmaster.com/dirty-heads-and-311-so-glad-austin-texas-08-22-2026/event/3A006471C8D6CAC0
Austin,TX,https://am.ticketmaster.com/cota/buy/2026-lslm
Austin,TX,https://www.ticketmaster.com/2026-formula-1-msc-cruises-usgp-austin-texas-10-25-2026/event/3A00642D96C356B5
Austin,TX,https://www.ticketmaster.com/bethel-music-2026-tour-austin-texas-04-30-2026/event/3A00638AB36DC695
Austin,TX,https://www.ticketmaster.com/wasp-1984-to-headless-austin-texas-09-16-2026/event/3A006437C485C483
Austin,TX,https://www.ticketmaster.com/wale-smino-everything-is-a-lot-austin-texas-06-06-2026/event/3A006449A56C8240
Austin,TX,https://www.ticketmaster.com/gwar-austin-texas-04-23-2026/event/3A006382ABEC84D9
Austin,TX,https://www.ticketmaster.com/leanne-morgan-the-time-of-our-cedar-park-texas-11-12-2026/event/3A00647A8A105269
Austin,TX,https://www.ticketmaster.com/leanne-morgan-the-time-of-our-cedar-park-texas-11-13-2026/event/3A006473E6BD507C
Orlando,FL,https://www.ticketmaster.com/blue-october-the-foiled-20th-anniversary-orlando-florida-11-21-2026/event/2200646AB78B7A93
Orlando,FL,https://www.ticketmaster.com/satchvai-band-ft-joe-satriani-steve-orlando-florida-04-26-2026/event/22006381DB4B55E9
Orlando,FL,https://www.ticketmaster.com/lord-huron-orlando-florida-07-29-2026/event/2200646B00C5259F
Orlando,FL,https://www.ticketmaster.com/ub40-orlando-florida-11-13-2026/event/22006430DDEF6063
Orlando,FL,https://www.ticketmaster.com/killswitch-engage-orlando-florida-06-16-2026/event/22006457E4258B5C
Orlando,FL,https://www.ticketmaster.com/sabaton-legends-on-tour-orlando-florida-12-11-2026/event/2200645500EFAA8A
Orlando,FL,https://www.ticketmaster.com/bilmuri-kinda-hard-tour-orlando-florida-09-04-2026/event/22006443C40E3B84
Orlando,FL,https://www.ticketmaster.com/jonathan-van-ness-hot-healed-orlando-florida-11-20-2026/event/220062969C830F93
Orlando,FL,https://www.ticketmaster.com/ashnikko-smoochies-tour-orlando-florida-05-05-2026/event/2200632BB9E91258
Orlando,FL,https://www.ticketmaster.com/ella-mai-do-you-still-love-orlando-florida-08-10-2026/event/2200646C1C37F956
Orlando,FL,https://www.ticketmaster.com/micky-dolenz-60-years-of-the-orlando-florida-06-26-2026/event/22006364E3904549
Orlando,FL,https://www.ticketmaster.com/boys-like-girls-the-soundtrack-of-orlando-florida-04-23-2026/event/220063588A2222F7
Orlando,FL,https://www.ticketmaster.com/blessd-el-mejor-hombre-del-mundo-orlando-florida-05-08-2026/event/2200642F9DE03CEA
Orlando,FL,https://www.ticketmaster.com/mon-laferte-femme-fatale-tour-orlando-florida-08-09-2026/event/2200646BC2AE8383
Orlando,FL,https://www.ticketmaster.com/an-evening-with-pinkpantheress-orlando-florida-04-27-2026/event/22006385CBF15B97
Orlando,FL,https://www.ticketmaster.com/the-mars-volta-orlando-florida-09-17-2026/event/22006481D214528C
Orlando,FL,https://www.ticketmaster.com/macy-gray-on-how-life-is-orlando-florida/event/2200631BAA18144C
Orlando,FL,https://www.ticketmaster.com/a-night-with-david-lee-roth-orlando-florida-05-03-2026/event/22006397E402536A
Orlando,FL,https://www.ticketmaster.com/wjrr-presents-poppy-constantly-nowhere-tour-orlando-florida-08-15-2026/event/2200644BB3044710
Orlando,FL,https://www.ticketmaster.com/devo-mutate-dont-stagnate-orlando-florida-08-30-2026/event/2200647F973E43DA
Nashville,TN,https://www.ticketmaster.com/tommee-profitt-the-birth-of-a-nashville-tennessee-12-13-2026/event/1B006371C013C35D
Nashville,TN,https://www.ticketmaster.com/2026-cma-fest-presented-by-sofi-nashville-tennessee-06-07-2026/event/1B00646BA5A0D492
Nashville,TN,https://www.ticketmaster.com/event/Z7r9jZ1A7OgbS
Nashville,TN,https://www.ticketmaster.com/event/Z7r9jZ1A7q67F
Nashville,TN,https://www.ticketmaster.com/2026-cma-fest-presented-by-sofi-nashville-tennessee-06-04-2026/event/1B00646BA58DD472
Nashville,TN,https://www.ticketmaster.com/event/Z7r9jZ1A7O9uP
Nashville,TN,https://seatgeek.com/foo-fighters-tickets/nashville-tennessee-nissan-stadium-2026-08-15-5-30-pm/concert/17840680
Nashville,TN,https://www.gofevo.com/event/TRPREMIUM
Nashville,TN,https://www.ticketmaster.com/thomas-rhett-niall-horan-live-nashville-tennessee-07-09-2026/event/1B006463BEF7F1A9
Nashville,TN,https://www.ticketmaster.com/2026-cma-fest-presented-by-sofi-nashville-tennessee-06-06-2026/event/1B00646BA59AD489
Nashville,TN,https://www.ticketmaster.com/nashville-sc-vs-inter-miami-cf-nashville-tennessee-08-15-2026/event/1B0063739944BBA2
Nashville,TN,https://www.ticketmaster.com/event/Z7r9jZ1A7-FPs
Nashville,TN,https://www.ticketmaster.com/event/Z7r9jZ1A7OZpA
Nashville,TN,https://www.ticketmaster.com/event/Z7r9jZ1A7O98z
Nashville,TN,https://www.ticketmaster.com/event/Z7r9jZ1A7qzx_
Nashville,TN,https://www.ticketmaster.com/event/Z7r9jZ1A7qzos
Nashville,TN,https://seatgeek.com/my-chemical-romance-tickets/nashville-tennessee-nissan-stadium-2026-08-13-6-pm/concert/17736000
Nashville,TN,https://www.ticketmaster.com/event/Z7r9jZ1A7-FjY
Nashville,TN,https://www.ticketmaster.com/event/Z7r9jZ1A7OYf_
Atlanta,GA,https://www.ticketmaster.com/atlanta-braves-v-miami-marlins-premium-atlanta-georgia-04-14-2026/event/0E00634DCD136FF6
Atlanta,GA,https://www.ticketmaster.com/atlanta-braves-vs-miami-marlins-atlanta-georgia-04-15-2026/event/0E00634DCB706DDE
Atlanta,GA,https://www.ticketmaster.com/atlanta-braves-v-miami-marlins-premium-atlanta-georgia-04-15-2026/event/0E00634DCD156FF9
Atlanta,GA,https://www.ticketmaster.com/atlanta-braves-vs-philadelphia-phillies-atlanta-georgia-04-24-2026/event/0E00634DCB726DE0
Atlanta,GA,https://www.ticketmaster.com/atlanta-braves-v-philadelphia-phillies-premium-atlanta-georgia-04-24-2026/event/0E00634DCD176FFB
Atlanta,GA,https://www.ticketmaster.com/atlanta-braves-vs-philadelphia-phillies-atlanta-georgia-04-25-2026/event/0E00634DCB746DE2
Atlanta,GA,https://www.ticketmaster.com/atlanta-braves-v-philadelphia-phillies-premium-atlanta-georgia-04-25-2026/event/0E00634DCD197001
Atlanta,GA,https://www.ticketmaster.com/atlanta-braves-vs-philadelphia-phillies-atlanta-georgia-04-26-2026/event/0E00634DCB766DE4
Atlanta,GA,https://www.ticketmaster.com/atlanta-braves-v-philadelphia-phillies-premium-atlanta-georgia-04-26-2026/event/0E00634DCD1B7003
Atlanta,GA,https://www.ticketmaster.com/atlanta-braves-vs-detroit-tigers-atlanta-georgia-04-28-2026/event/0E00634DCB7A6DE7
Atlanta,GA,https://www.ticketmaster.com/atlanta-braves-v-detroit-tigers-premium-atlanta-georgia-04-28-2026/event/0E00634DCD20700E
Atlanta,GA,https://www.ticketmaster.com/atlanta-braves-vs-detroit-tigers-atlanta-georgia-04-29-2026/event/0E00634DCB7C6DE9
Atlanta,GA,https://www.ticketmaster.com/atlanta-braves-v-detroit-tigers-premium-atlanta-georgia-04-29-2026/event/0E00634DCD227013
Atlanta,GA,https://www.ticketmaster.com/atlanta-braves-vs-detroit-tigers-atlanta-georgia-04-30-2026/event/0E00634DCB7E6DED
Atlanta,GA,https://www.ticketmaster.com/atlanta-braves-v-detroit-tigers-premium-atlanta-georgia-04-30-2026/event/0E00634DCD247015
Atlanta,GA,https://www.ticketmaster.com/atlanta-braves-vs-chicago-cubs-atlanta-georgia-05-12-2026/event/0E00634DCB826DFD
Atlanta,GA,https://www.ticketmaster.com/atlanta-braves-v-chicago-cubs-premium-atlanta-georgia-05-12-2026/event/0E00634DCD257019
Atlanta,GA,https://www.ticketmaster.com/atlanta-braves-vs-chicago-cubs-atlanta-georgia-05-13-2026/event/0E00634DCB856E00
Atlanta,GA,https://www.ticketmaster.com/atlanta-braves-v-chicago-cubs-premium-atlanta-georgia-05-13-2026/event/0E00634DCD27701B
Atlanta,GA,https://www.ticketmaster.com/atlanta-braves-vs-chicago-cubs-atlanta-georgia-05-14-2026/event/0E00634DCB876E04
Austin,TX,https://www.ticketmaster.com/101x-concert-series-presents-muse-the-austin-texas-08-15-2026/event/3A0064779C196B9A
Austin,TX,https://www.ticketmaster.com/hatebreed-summer-slaughter-tour-2026-austin-texas-07-11-2026/event/3A006472B8F7B6B7
Austin,TX,https://www.ticketmaster.com/mgk-lost-americana-tour-austin-texas-05-22-2026/event/3A00632388FA38D6
Austin,TX,https://www.ticketmaster.com/jinjer-duel-north-america-2026-austin-texas-06-27-2026/event/3A00646BA34B98A6
Austin,TX,https://www.ticketmaster.com/event/Z7r9jZ1A7--Gv
Austin,TX,https://www.ticketmaster.com/thievery-corporation-austin-texas-06-17-2026/event/3A006464F04E3007
Austin,TX,https://www.ticketmaster.com/elmiene-sounds-for-someone-tour-austin-texas-05-19-2026/event/3A0064359C3AA0D0
Austin,TX,https://www.ticketmaster.com/the-kid-laroi-a-perfect-world-austin-texas-05-30-2026/event/3A006446A17AAA85
Austin,TX,https://www.ticketmaster.com/enter-shikari-north-america-2026-austin-texas-09-25-2026/event/3A00647A9FAF8DCA
Austin,TX,https://www.ticketmaster.com/two-feet-the-next-steps-tour-austin-texas-05-04-2026/event/3A00636ABAD9BD95
Austin,TX,https://www.ticketmaster.com/rise-against-ricochet-2026-austin-texas-09-23-2026/event/3A00646BAC71A8BF
Austin,TX,https://www.ticketmaster.com/buckethead-austin-texas-06-13-2026/event/3A00646BB34DB512
Austin,TX,https://www.ticketmaster.com/good-kid-can-we-hang-out-austin-texas-04-27-2026/event/3A006378CFF9ACB9
Austin,TX,https://www.ticketmaster.com/zeds-dead-journey-of-a-lifetime-austin-texas-09-11-2026/event/3A00645787918635
Austin,TX,https://www.ticketmaster.com/water-boyz-presents-chris-travis-performing-austin-texas-07-30-2026/event/3A006487E847577E
Austin,TX,https://www.ticketmaster.com/together-pangea-and-the-red-pears-austin-texas-04-26-2026/event/3A006391A0BD68D5
Austin,TX,https://www.ticketmaster.com/big-krit-austin-texas-06-12-2026/event/3A006477A50D7979
Austin,TX,https://www.ticketmaster.com/jutes-smile-youre-on-tour-austin-texas-09-08-2026/event/3A006481BE48E0E5
Austin,TX,https://www.ticketmaster.com/the-paper-kites-if-you-go-austin-texas-05-01-2026/event/3A006338A55243D2
Austin,TX,https://www.ticketmaster.com/the-monster-energy-outbreak-tour-presents-austin-texas-05-13-2026/event/3A00644C9600C031
Orlando,FL,https://www.ticketmaster.com/kamelot-dark-asylum-world-tour-orlando-florida-08-28-2026/event/22006454ACAD4C7E
Orlando,FL,https://www.ticketmaster.com/dante-gebel-world-tour-despedida-2026-orlando-florida-11-18-2026/event/22006470ECC3711F
Orlando,FL,https://www.ticketmaster.com/tito-nieves-50-anos-la-historia-orlando-florida-10-17-2026/event/2200644B90432E0E
Orlando,FL,https://www.ticketmaster.com/the-calling-orlando-florida-05-15-2026/event/220064647DC725D3
Orlando,FL,https://www.ticketmaster.com/konpa-en-symphony-arly-lariviere-orlando-florida-05-09-2026/event/2200645A18B2C651
Orlando,FL,https://www.ticketmaster.com/anime-soundtracks-live-the-music-of-orlando-florida-07-30-2026/event/220063388EF710B2
Orlando,FL,https://www.ticketmaster.com/pearcy-demartini-performing-the-music-of-orlando-florida-08-23-2026/event/2200636C939B368E
Orlando,FL,https://www.ticketmaster.com/event/Z7r9jZ1A7jVA9
Orlando,FL,https://www.ticketmaster.com/event/Z7r9jZ1A7qzqg
Orlando,FL,https://am.ticketmaster.com/ucf/buy/quickbuy?id=NzM5
Orlando,FL,https://www.ticketmaster.com/charlie-puth-whatevers-clever-world-tour-orlando-florida-06-06-2026/event/22006426A2833EA0
Orlando,FL,https://www.ticketmaster.com/the-rb-lovers-tour-orlando-florida-04-17-2026/event/2200631596AC20B5
Orlando,FL,https://www.ticketmaster.com/bethel-music-2026-tour-orlando-florida-10-10-2026/event/22006389D6937033
Orlando,FL,https://www.drphillipscenter.org/events/tickets/2026/derek-hough/
Orlando,FL,https://www.ticketmaster.com/maren-morris-the-dreamsicle-tour-orlando-florida-04-24-2026/event/2200635C1BDF565A
Orlando,FL,https://www.ticketmaster.com/cece-winans-come-worship-tour-orlando-florida-10-27-2026/event/22006453997A37D4
Orlando,FL,https://www.ticketmaster.com/grupo-duelo-orlando-florida-11-27-2026/event/2200645A2228CE73
Orlando,FL,https://www.ticketmaster.com/jinjer-duel-north-america-2026-orlando-florida-06-21-2026/event/2200646BAC786D7D
Orlando,FL,https://www.ticketmaster.com/qveen-herby-isle-of-qveen-tour-orlando-florida-07-25-2026/event/22006433001D8117
Nashville,TN,https://www.ticketmaster.com/sting-30-tour-nashville-tennessee-10-19-2026/event/1B00646CF2989287
Nashville,TN,https://www.ticketmaster.com/sting-30-tour-nashville-tennessee-10-20-2026/event/1B00646CF29C928D
Nashville,TN,https://www.ticketmaster.com/diaz-music-group-latino-live-presents-nashville-tennessee-05-07-2026/event/1B00636492BE8FEB
Nashville,TN,https://www.ticketmaster.com/nashville-sc-vs-columbus-crew-nashville-tennessee-08-22-2026/event/1B0063739946BBA8
Nashville,TN,https://www.ticketmaster.com/bethel-music-2026-tour-nashville-tennessee-10-25-2026/event/1B00638BB4B85A6E
Nashville,TN,https://www.ticketmaster.com/jam-for-good-presents-the-head-nashville-tennessee-04-29-2026/event/1B00639EC8C6B9E8
Nashville,TN,https://www.ticketmaster.com/nashville-sc-v-atlanta-united-fc-nashville-tennessee-07-17-2026/event/1B006373993FBB93
Nashville,TN,https://livemu.sc/BaileyZimmermanVIP
Nashville,TN,https://www.axs.com/events/1097890/bailey-zimmerman-tickets
Nashville,TN,https://www.ticketmaster.com/the-black-dahlia-murder-nashville-tennessee-04-19-2026/event/1B006429A98FA563
Nashville,TN,https://www.ticketmaster.com/cozy-worldwide-throwback-and-current-rb-nashville-tennessee-04-24-2026/event/1B006454E567D161
Nashville,TN,https://www.ticketmaster.com/hatebreed-summer-slaughter-tour-2026-nashville-tennessee-07-08-2026/event/1B006473D908C39C
Nashville,TN,https://www.ticketmaster.com/calum-scott-the-avenoir-tour-2026-nashville-tennessee-04-18-2026/event/1B006283CEB08BAE
Nashville,TN,https://www.ticketmaster.com/2026-cma-fest-presented-by-sofi-nashville-tennessee-06-04-2026/event/1B0062D099082409
Nashville,TN,https://www.ticketmaster.com/grupo-duelo-nashville-tennessee-10-01-2026/event/1B00645BE9581832
Nashville,TN,https://www.ticketmaster.com/story-of-the-year-silverstein-camp-nashville-tennessee-08-05-2026/event/1B006481DB72AE01
Nashville,TN,https://www.ticketmaster.com/jinjer-duel-north-america-2026-nashville-tennessee-06-19-2026/event/1B00646CE93B73D2
Nashville,TN,https://www.ticketmaster.com/gasolina-presents-reggaeton-bowl-nashville-tennessee-05-02-2026/event/1B00646AE5B1A729
Nashville,TN,https://www.ticketmaster.com/sepultura-celebrating-life-through-death-final-nashville-tennessee-05-06-2026/event/1B006430CA9E2B41
Atlanta,GA,https://www.ticketmaster.com/atlanta-braves-v-chicago-cubs-premium-atlanta-georgia-05-14-2026/event/0E00634DCD29701F
Atlanta,GA,https://www.ticketmaster.com/atlanta-braves-vs-boston-red-sox-atlanta-georgia-05-15-2026/event/0E00634DCB896E06
Atlanta,GA,https://www.ticketmaster.com/atlanta-braves-v-boston-red-sox-atlanta-georgia-05-15-2026/event/0E00634DCD2B7025
Atlanta,GA,https://www.ticketmaster.com/atlanta-braves-vs-boston-red-sox-atlanta-georgia-05-16-2026/event/0E00634DCB8B6E0C
Atlanta,GA,https://www.ticketmaster.com/atlanta-braves-v-boston-red-sox-atlanta-georgia-05-16-2026/event/0E00634DCD2D7028
Atlanta,GA,https://www.ticketmaster.com/atlanta-braves-vs-boston-red-sox-atlanta-georgia-05-17-2026/event/0E00634DCB8D6E12
Atlanta,GA,https://www.ticketmaster.com/atlanta-braves-v-boston-red-sox-atlanta-georgia-05-17-2026/event/0E00634DCD2F702A
Atlanta,GA,https://www.ticketmaster.com/atlanta-braves-vs-washington-nationals-atlanta-georgia-05-22-2026/event/0E00634DCB8F6E14
Atlanta,GA,https://www.ticketmaster.com/atlanta-braves-v-washington-nationals-premium-atlanta-georgia-05-22-2026/event/0E00634DCD317033
Atlanta,GA,https://www.ticketmaster.com/atlanta-braves-vs-washington-nationals-atlanta-georgia-05-23-2026/event/0E00634DCB916E17
Atlanta,GA,https://www.ticketmaster.com/atlanta-braves-v-washington-nationals-premium-atlanta-georgia-05-23-2026/event/0E00634DCD337036
Atlanta,GA,https://www.ticketmaster.com/atlanta-braves-vs-washington-nationals-atlanta-georgia-05-24-2026/event/0E00634DCB946E1B
Atlanta,GA,https://www.ticketmaster.com/atlanta-braves-v-washington-nationals-premium-atlanta-georgia-05-24-2026/event/0E00634DCD357038
Atlanta,GA,https://www.ticketmaster.com/atlanta-braves-vs-toronto-blue-jays-atlanta-georgia-06-02-2026/event/0E00634DCB966E1D
Atlanta,GA,https://www.ticketmaster.com/atlanta-braves-v-toronto-blue-jays-atlanta-georgia-06-02-2026/event/0E00634DCD39703B
Atlanta,GA,https://www.ticketmaster.com/atlanta-braves-vs-toronto-blue-jays-atlanta-georgia-06-03-2026/event/0E00634DCB986E1F
Atlanta,GA,https://www.ticketmaster.com/atlanta-braves-v-toronto-blue-jays-atlanta-georgia-06-03-2026/event/0E00634DCD3D7040
Atlanta,GA,https://www.ticketmaster.com/atlanta-braves-vs-toronto-blue-jays-atlanta-georgia-06-04-2026/event/0E00634DCB9A6E22
Atlanta,GA,https://www.ticketmaster.com/atlanta-braves-v-toronto-blue-jays-atlanta-georgia-06-04-2026/event/0E00634DCD3F7042
Atlanta,GA,https://www.ticketmaster.com/atlanta-braves-vs-pittsburgh-pirates-atlanta-georgia-06-05-2026/event/0E00634DCB9C6E2F
Austin,TX,https://www.ticketmaster.com/boulet-brothers-dragula-titans-2-tour-austin-texas-04-28-2026/event/3A006391BC638412
Austin,TX,https://www.ticketmaster.com/wolfmother-20th-anniversary-tour-austin-texas-06-07-2026/event/3A00635DAD0D7FD8
Austin,TX,https://www.ticketmaster.com/mo-gilligan-the-mo-you-know-austin-texas-04-25-2026/event/3A00632FCF8262E7
Austin,TX,https://www.ticketmaster.com/nettspend-early-life-crisis-austin-texas-05-14-2026/event/3A00644CEAC19D13
Austin,TX,https://www.ticketmaster.com/chet-faker-austin-texas-05-15-2026/event/3A006355D723953A
Austin,TX,https://www.ticketmaster.com/eve-6-fastball-austin-texas-04-16-2026/event/3A0064588ACAF86C
Austin,TX,https://www.ticketmaster.com/kesha-the-freedom-tour-austin-texas-08-09-2026/event/3A006470E144EF94
Austin,TX,https://www.ticketmaster.com/chance-pena-austin-texas-07-31-2026/event/3A006378EDF8C2CB
Austin,TX,https://www.ticketmaster.com/slayyyter-wort-girl-in-the-world-austin-texas-09-17-2026/event/3A006472B841B5EA
Austin,TX,https://www.ticketmaster.com/peelingflesh-austin-texas-05-16-2026/event/3A006446DD8B3059
Austin,TX,https://www.ticketmaster.com/tomahawk-austin-texas-07-20-2026/event/3A006452B54F2AFE
Austin,TX,https://www.ticketmaster.com/health-x-carpenter-brut-austin-texas-05-05-2026/event/3A006331E1A75EC0
Austin,TX,https://www.ticketmaster.com/arms-length-theres-a-whole-world-austin-texas-05-06-2026/event/3A006382B9718FD3
Austin,TX,https://www.ticketmaster.com/the-academy-is-almost-here-20th-austin-texas-04-24-2026/event/3A006379EE9EAE44
Austin,TX,https://www.ticketmaster.com/bloodywood-system-of-a-brown-tour-austin-texas-04-29-2026/event/3A006435A483AD72
Austin,TX,https://www.ticketmaster.com/benjamin-tod-and-the-inline-six-austin-texas-04-21-2026/event/3A00635FB6D696C8
Austin,TX,https://www.ticketmaster.com/fakemink-a-terrible-beauty-the-tour-austin-texas-04-22-2026/event/3A006452B7423294
Austin,TX,https://www.ticketmaster.com/tripping-daisy-i-am-an-elastic-austin-texas-05-02-2026/event/3A00643DBC2DC44A
Austin,TX,https://www.ticketmaster.com/chris-mitchell-jazz-begging-for-sax-austin-texas-05-10-2026/event/3A00646B9D168F26
Austin,TX,https://www.ticketmaster.com/smokedope2016-the-comedown-tour-austin-texas-05-09-2026/event/3A006474B9B2DC0D
Orlando,FL,https://www.ticketmaster.com/badfish-a-tribute-to-sublime-orlando-florida-05-15-2026/event/2200646C1ACFF81A
Orlando,FL,https://www.ticketmaster.com/alter-bridge-what-lies-within-tour-orlando-florida-04-25-2026/event/2200631B22CA59A6
Orlando,FL,https://www.ticketmaster.com/departure-tribute-to-journey-orlando-florida-05-08-2026/event/2200647A09AB7D2C
Orlando,FL,https://www.ticketmaster.com/august-burns-red-the-amity-affliction-orlando-florida-04-16-2026/event/220063741CD995A4
Orlando,FL,https://www.ticketmaster.com/i-love-you-but-i-chose-orlando-florida-04-26-2026/event/22006383FC537967
Orlando,FL,https://www.drphillipscenter.org/events/tickets/2026/matt-matthews/
Orlando,FL,https://www.drphillipscenter.org/events/tickets/2026/matt-matthews
Orlando,FL,https://www.ticketmaster.com/redferrin-orlando-florida-05-24-2026/event/22006459FCE1AC96
Orlando,FL,https://www.ticketmaster.com/the-midnight-time-machines-orlando-florida-04-17-2026/event/22006339B95623FD
Orlando,FL,https://www.ticketmaster.com/tarrus-riley-ft-dean-fraser-and-orlando-florida-05-23-2026/event/2200645BFDECA25B
Orlando,FL,https://www.ticketmaster.com/bad-suns-acceleratour-usa-2026-orlando-florida-04-18-2026/event/2200638AD3B26169
Orlando,FL,https://www.ticketmaster.com/boulet-brothers-dragula-titans-2-tour-orlando-florida-04-15-2026/event/22006437BA0052CE
Orlando,FL,https://www.ticketmaster.com/tell-me-lies-a-tribute-to-orlando-florida-05-30-2026/event/22006483189D8D7C
Orlando,FL,https://www.ticketmaster.com/lacuna-coil-sleepless-empire-tour-2026-orlando-florida-04-21-2026/event/2200638BD9677AF3
Orlando,FL,https://www.ticketmaster.com/baby-keem-the-caino-tour-orlando-florida-04-22-2026/event/22006445CC91484D
Orlando,FL,https://www.ticketmaster.com/baby-keem-the-caino-tour-orlando-florida-04-23-2026/event/22006445CC954852
Orlando,FL,https://www.ticketmaster.com/cold-alien-ant-farm-presented-by-orlando-florida-05-17-2026/event/2200642805B091F2
Orlando,FL,https://www.ticketmaster.com/idobi-radio-summer-school-w-honey-orlando-florida-06-26-2026/event/220064510AAE7925
Orlando,FL,https://www.ticketmaster.com/the-chili-poppers-rhcp-tribute-remake-orlando-florida-05-16-2026/event/2200648727FCA9DF
Orlando,FL,https://www.ticketmaster.com/arms-length-theres-a-whole-world-orlando-florida-05-03-2026/event/22006382000B65D7
Nashville,TN,https://www.ticketmaster.com/here-come-the-mummies-nashville-tennessee-09-26-2026/event/1B006471F1C6C005
Nashville,TN,https://www.ticketmaster.com/nashville-sc-v-charlotte-fc-star-nashville-tennessee-04-25-2026/event/1B0063739934BB7B
Nashville,TN,https://www.ticketmaster.com/elmiene-sounds-for-someone-tour-nashville-tennessee-05-12-2026/event/1B006436CAC8D8EC
Nashville,TN,https://www.ticketmaster.com/hunter-hayes-the-evergreen-tour-nashville-tennessee-04-23-2026/event/1B006374C4CFD7AB
Nashville,TN,https://www.ticketmaster.com/nashville-sc-v-new-york-city-nashville-tennessee-05-23-2026/event/1B006373993CBB90
Nashville,TN,https://www.ticketmaster.com/the-wallflowers-nashville-tennessee-06-05-2026/event/1B006437C0E3D53E
Nashville,TN,https://www.ticketmaster.com/the-mountain-goats-nashville-tennessee-05-26-2026/event/1B006384D87D4019
Nashville,TN,https://www.ticketmaster.com/limp-bizkit-nashville-tennessee-10-11-2026/event/1B00646BDE857EBA
Nashville,TN,https://www.ticketmaster.com/limp-bizkit-nashville-tennessee-10-12-2026/event/1B00646BDE897ECE
Nashville,TN,https://www.ticketmaster.com/91one-wnxp-presents-echo-the-bunnymen-nashville-tennessee-05-29-2026/event/1B006350D333E092
Nashville,TN,https://www.ticketmaster.com/microwave-much-love-10-year-anniversary-nashville-tennessee-04-25-2026/event/1B006382DD1DF237
Nashville,TN,https://www.ticketmaster.com/pond-terrestrials-tour-north-america-2026-nashville-tennessee-08-06-2026/event/1B006482CAA1909E
Nashville,TN,https://www.ticketmaster.com/walk-off-the-earth-nashville-tennessee-08-10-2026/event/1B00646CB7DDE904
Nashville,TN,https://www.ticketmaster.com/nashville-sc-v-chicago-fire-fc-nashville-tennessee-09-19-2026/event/1B006373994BBBB0
Nashville,TN,https://www.ticketmaster.com/red-not-chili-peppers-nashville-tennessee-08-08-2026/event/1B006472CB1D7B48
Nashville,TN,https://www.ticketmaster.com/event/Z7r9jZ1A7-0FE
Nashville,TN,https://www.ticketmaster.com/chaos-carnage-2026-w-thy-art-nashville-tennessee-05-08-2026/event/1B006388DC89E513
Nashville,TN,https://www.ticketmaster.com/the-growlers-nashville-tennessee-04-13-2026/event/1B006428ACA3A7E7
Nashville,TN,https://www.ticketmaster.com/2026-cma-fest-riverside-retreat-fourday-nashville-tennessee-06-04-2026/event/1B006474F3404E29
Nashville,TN,https://www.ticketmaster.com/liverpool-fc-v-sunderland-afc-nashville-tennessee-07-25-2026/event/1B00645995C8B0B5
Atlanta,GA,https://www.ticketmaster.com/atlanta-braves-v-pittsburgh-pirates-premium-atlanta-georgia-06-05-2026/event/0E00634DCD417048
Atlanta,GA,https://www.ticketmaster.com/atlanta-braves-vs-pittsburgh-pirates-atlanta-georgia-06-06-2026/event/0E00634DCB9E6E33
Atlanta,GA,https://www.ticketmaster.com/atlanta-braves-v-pittsburgh-pirates-premium-atlanta-georgia-06-06-2026/event/0E00634DCD43704C
Atlanta,GA,https://www.ticketmaster.com/atlanta-braves-vs-pittsburgh-pirates-atlanta-georgia-06-07-2026/event/0E00634DCBA06E3B
Atlanta,GA,https://www.ticketmaster.com/atlanta-braves-v-pittsburgh-pirates-premium-atlanta-georgia-06-07-2026/event/0E00634DCD45704E
Atlanta,GA,https://www.ticketmaster.com/atlanta-braves-vs-san-francisco-giants-atlanta-georgia-06-16-2026/event/0E00634DCBA26E40
Atlanta,GA,https://www.ticketmaster.com/atlanta-braves-v-san-francisco-giants-atlanta-georgia-06-16-2026/event/0E00634DCD477050
Atlanta,GA,https://www.ticketmaster.com/atlanta-braves-vs-san-francisco-giants-atlanta-georgia-06-17-2026/event/0E00634DCBA56E5B
Atlanta,GA,https://www.ticketmaster.com/atlanta-braves-v-san-francisco-giants-atlanta-georgia-06-17-2026/event/0E00634DCD497052
Atlanta,GA,https://www.ticketmaster.com/atlanta-braves-vs-san-francisco-giants-atlanta-georgia-06-18-2026/event/0E00634DCBA76E5E
Atlanta,GA,https://www.ticketmaster.com/atlanta-braves-v-san-francisco-giants-atlanta-georgia-06-18-2026/event/0E00634DCD4B7054
Atlanta,GA,https://www.ticketmaster.com/atlanta-braves-vs-milwaukee-brewers-atlanta-georgia-06-19-2026/event/0E00634DCBA96E63
Atlanta,GA,https://www.ticketmaster.com/atlanta-braves-v-milwaukee-brewers-premium-atlanta-georgia-06-19-2026/event/0E00634DCD4D7056
Atlanta,GA,https://www.ticketmaster.com/atlanta-braves-vs-milwaukee-brewers-atlanta-georgia-06-20-2026/event/0E00634DCBAB6E67
Atlanta,GA,https://www.ticketmaster.com/atlanta-braves-v-milwaukee-brewers-premium-atlanta-georgia-06-20-2026/event/0E00634DCD4F705A
Atlanta,GA,https://www.ticketmaster.com/atlanta-braves-vs-milwaukee-brewers-atlanta-georgia-06-21-2026/event/0E00634DCBAD6E69
Atlanta,GA,https://www.ticketmaster.com/atlanta-braves-v-milwaukee-brewers-premium-atlanta-georgia-06-21-2026/event/0E00634DCD51705C
Atlanta,GA,https://www.ticketmaster.com/atlanta-braves-vs-st-louis-cardinals-atlanta-georgia-06-30-2026/event/0E00634DCBAF6E6B
Atlanta,GA,https://www.ticketmaster.com/atlanta-braves-v-st-louis-cardinals-atlanta-georgia-06-30-2026/event/0E00634DCD53705E
Atlanta,GA,https://www.ticketmaster.com/atlanta-braves-vs-st-louis-cardinals-atlanta-georgia-07-01-2026/event/0E00634DCBB16E6E
Austin,TX,https://www.ticketmaster.com/jensen-mcrae-god-has-a-hitman-austin-texas-05-12-2026/event/3A0064269E2D6223
Austin,TX,https://www.ticketmaster.com/joshua-slone-thinking-too-much-tour-austin-texas-06-03-2026/event/3A006477BC6D9A4E
Austin,TX,https://www.ticketmaster.com/yebba-jean-tour-austin-texas-06-14-2026/event/3A006462CBA2CBC8
Austin,TX,https://www.ticketmaster.com/tiny-desk-contest-on-the-road-austin-texas-06-24-2026/event/3A006482D301BE69
Austin,TX,https://www.ticketmaster.com/john-cameron-mitchell-hedwig-25th-anniversary-austin-texas-08-05-2026/event/3A00645BA3B0C6F4
Austin,TX,https://www.ticketmaster.com/the-marvelous-miss-gender-starring-bosco-austin-texas-07-24-2026/event/3A006462EB9EEE15
Austin,TX,https://www.ticketmaster.com/bahamas-industrial-sport-sound-austin-texas-11-21-2026/event/3A006452B93B3A0F
Austin,TX,https://www.ticketmaster.com/sex-pistols-steve-jones-paul-cook-austin-texas-09-12-2026/event/3A006458E061F58F
Austin,TX,https://www.ticketmaster.com/culture-wars-austin-texas-10-24-2026/event/3A0064829B18E66A
Austin,TX,https://www.ticketmaster.com/toto-christopher-cross-the-romantics-austin-texas-08-08-2026/event/3A0063838D306344
Austin,TX,https://www.ticketmaster.com/kid-cudi-presents-the-rebel-ragers-austin-texas-05-01-2026/event/3A00642F81CE7703
Austin,TX,https://www.ticketmaster.com/kali-uchis-for-the-girls-tour-austin-texas-06-19-2026/event/3A00647808CE29F5
Austin,TX,https://www.ticketmaster.com/the-fray-summer-of-light-tour-austin-texas-07-29-2026/event/3A006436B879B473
Austin,TX,https://www.ticketmaster.com/cory-wong-lost-in-the-wonder-austin-texas-05-02-2026/event/3A00636AA54DA64A
Austin,TX,https://www.ticketmaster.com/event/Z7r9jZ1A74oPA
Austin,TX,https://www.ticketmaster.com/event/Z7r9jZ1A74oJ_
Austin,TX,https://www.ticketmaster.com/event/Z7r9jZ1A74oPa
Austin,TX,https://www.ticketmaster.com/event/Z7r9jZ1A74oPx
Austin,TX,https://www.ticketmaster.com/event/Z7r9jZ1A74oJk
Austin,TX,https://www.ticketmaster.com/event/Z7r9jZ1A74oPo
Orlando,FL,https://www.ticketmaster.com/the-academy-is-almost-here-20th-orlando-florida-04-19-2026/event/2200637907DE6650
Orlando,FL,https://www.ticketmaster.com/the-boss-project-the-premier-bruce-orlando-florida-05-01-2026/event/22006477CAFA640C
Orlando,FL,https://www.ticketmaster.com/moonchild-orlando-florida-05-22-2026/event/22006476FFCB855A
Orlando,FL,https://www.ticketmaster.com/the-runarounds-the-minivan-tour-orlando-florida-06-19-2026/event/22006436B9ED5446
Orlando,FL,https://www.ticketmaster.com/julia-wolf-orlando-florida-09-21-2026/event/2200647FE0A091CF
Orlando,FL,https://www.ticketmaster.com/los-mirlos-orlando-florida-04-29-2026/event/22006462C7305C9D
Orlando,FL,https://www.ticketmaster.com/the-cab-orlando-florida-06-20-2026/event/2200644B0403756E
Orlando,FL,https://www.ticketmaster.com/los-hermanos-rosario-orlando-florida-05-31-2026/event/22006449DD3148A6
Orlando,FL,https://www.ticketmaster.com/dj-gallixc-presents-limewired-21-orlando-florida-05-09-2026/event/2200647FCCD478BC
Orlando,FL,https://www.ticketmaster.com/reggae-bash-world-tour-21-orlando-florida-05-29-2026/event/22006486093D709A
Orlando,FL,https://www.ticketmaster.com/ca7riel-paco-amoroso-free-spirits-world-orlando-florida-06-14-2026/event/2200647220119665
Orlando,FL,https://www.ticketmaster.com/vilma-palma-tour-36-aniversario-orlando-florida-09-19-2026/event/22006486FB6C6670
Orlando,FL,https://www.ticketmaster.com/president-north-american-campaign-2026-orlando-florida-09-22-2026/event/220064791C42BE1E
Orlando,FL,https://www.ticketmaster.com/freya-skye-stars-align-tour-orlando-florida-10-13-2026/event/2200644AD0136CEB
Orlando,FL,https://www.ticketmaster.com/orlando-pride-v-san-diego-wave-orlando-florida-10-02-2026/event/2200642CD5576585
Orlando,FL,https://www.ticketmaster.com/orlando-pride-vs-washington-spirit-orlando-florida-05-02-2026/event/2200642CD560658D
Orlando,FL,https://www.ticketmaster.com/louis-tomlinson-how-did-we-get-orlando-florida-07-23-2026/event/2200633691070E00
Orlando,FL,https://www.ticketmaster.com/song-of-the-saints-tour-with-orlando-florida-10-09-2026/event/2200644D8BC938BC
Orlando,FL,https://travel.ticketmaster.com/en-US/package-forward/64457462?_uid=ac74da7d-8f54-4d50-8b7e-dbdb135f1d70&utm_source=TPR&utm_medium=TMADP_Wickham_109
Orlando,FL,https://on.fgtix.com/trk/MSLec
Nashville,TN,https://www.ticketmaster.com/nashville-sc-v-dc-united-eddi-nashville-tennessee-05-09-2026/event/1B0063739937BB85
Nashville,TN,https://www.ticketmaster.com/free-throw-moments-before-the-wind-nashville-tennessee-05-30-2026/event/1B00644AEE3EF4F1
Nashville,TN,https://www.ticketmaster.com/behemoth-the-godless-iv-2026-nashville-tennessee-05-15-2026/event/1B006428BCB3B5B9
Nashville,TN,https://www.ticketweb.com/event/juveniles-boiling-point-album-release-marathon-music-works-tickets/14075484
Nashville,TN,https://www.ticketmaster.com/chrisette-michele-grounding-room-only-tour-nashville-tennessee-05-22-2026/event/1B00644CF69E9627
Nashville,TN,https://www.ticketmaster.com/the-paper-kites-if-you-go-nashville-tennessee-05-04-2026/event/1B006339DFEA7D2A
Nashville,TN,https://www.ticketmaster.com/grateful-shred-nashville-tennessee-11-13-2026/event/1B00647BEFE877A1
Nashville,TN,https://www.ticketmaster.com/kittie-with-special-guests-kingdom-of-nashville-tennessee-06-18-2026/event/1B006458F4C02ADA
Nashville,TN,https://www.ticketmaster.com/pub-choir-eyes-up-2026-us-nashville-tennessee-05-14-2026/event/1B006435D632F354
Nashville,TN,https://www.ticketmaster.com/dai-freyr-too-much-not-enough-nashville-tennessee-10-04-2026/event/1B006474B9B17610
Nashville,TN,https://www.ticketmaster.com/chance-pena-nashville-tennessee-08-21-2026/event/1B006379D4D1C697
Nashville,TN,https://www.ticketmaster.com/slayyyter-wort-girl-in-the-world-nashville-tennessee-09-22-2026/event/1B0064729C70CF00
Nashville,TN,https://www.ticketmaster.com/tomahawk-nashville-tennessee-07-18-2026/event/1B006453BDB45040
Nashville,TN,https://www.ticketmaster.com/health-x-carpenter-brut-nashville-tennessee-04-22-2026/event/1B006332C9DA6034
Nashville,TN,https://www.ticketmaster.com/arms-length-theres-a-whole-world-nashville-tennessee-05-01-2026/event/1B006384F49FA4A8
Nashville,TN,https://www.ticketmaster.com/the-academy-is-almost-here-20th-nashville-tennessee-04-16-2026/event/1B006379F529DBA6
Nashville,TN,https://www.ticketmaster.com/goldford-space-of-the-heart-tour-nashville-tennessee-04-21-2026/event/1B00632CFD246989
Nashville,TN,https://www.ticketmaster.com/alpha-wolf-let-it-rip-usa-nashville-tennessee-05-10-2026/event/1B00642FB25AE66A
Nashville,TN,https://www.ticketmaster.com/tank-and-the-bangas-the-last-nashville-tennessee-10-17-2026/event/1B006471C5013529
Nashville,TN,https://www.ticketmaster.com/kiefer-sutherland-love-will-bring-you-nashville-tennessee-06-21-2026/event/1B00645AEFD6C8F5
Atlanta,GA,https://www.ticketmaster.com/atlanta-braves-v-st-louis-cardinals-atlanta-georgia-07-01-2026/event/0E00634DCD557064
Atlanta,GA,https://www.ticketmaster.com/atlanta-braves-vs-st-louis-cardinals-atlanta-georgia-07-02-2026/event/0E00634DCBB36E72
Atlanta,GA,https://www.ticketmaster.com/atlanta-braves-v-st-louis-cardinals-atlanta-georgia-07-02-2026/event/0E00634DCD597068
Atlanta,GA,https://www.ticketmaster.com/atlanta-braves-vs-new-york-mets-atlanta-georgia-07-03-2026/event/0E00634DCBB56E74
Atlanta,GA,https://www.ticketmaster.com/atlanta-braves-v-new-york-mets-atlanta-georgia-07-03-2026/event/0E00634DCD5B7088
Atlanta,GA,https://www.ticketmaster.com/atlanta-braves-vs-new-york-mets-atlanta-georgia-07-04-2026/event/0E00634DCBB76E7A
Atlanta,GA,https://www.ticketmaster.com/atlanta-braves-v-new-york-mets-atlanta-georgia-07-04-2026/event/0E00634DCD5D7090
Atlanta,GA,https://www.ticketmaster.com/atlanta-braves-vs-new-york-mets-atlanta-georgia-07-05-2026/event/0E00634DCBB96E7D
Atlanta,GA,https://www.ticketmaster.com/atlanta-braves-v-new-york-mets-atlanta-georgia-07-05-2026/event/0E00634DCD5F7094
Atlanta,GA,https://www.ticketmaster.com/atlanta-braves-vs-new-york-mets-atlanta-georgia-07-06-2026/event/0E00634DCBBC6E7F
Atlanta,GA,https://www.ticketmaster.com/atlanta-braves-v-new-york-mets-atlanta-georgia-07-06-2026/event/0E00634DCD617096
Atlanta,GA,https://www.ticketmaster.com/atlanta-braves-vs-texas-rangers-atlanta-georgia-07-17-2026/event/0E00634DCBBE6E83
Atlanta,GA,https://www.ticketmaster.com/atlanta-braves-v-texas-rangers-premium-atlanta-georgia-07-17-2026/event/0E00634DCD657098
Atlanta,GA,https://www.ticketmaster.com/atlanta-braves-vs-texas-rangers-atlanta-georgia-07-18-2026/event/0E00634DCBC16E8B
Atlanta,GA,https://www.ticketmaster.com/atlanta-braves-v-texas-rangers-premium-atlanta-georgia-07-18-2026/event/0E00634DCD67709B
Atlanta,GA,https://www.ticketmaster.com/atlanta-braves-vs-texas-rangers-atlanta-georgia-07-19-2026/event/0E00634DCBC46E8F
Atlanta,GA,https://www.ticketmaster.com/atlanta-braves-v-texas-rangers-premium-atlanta-georgia-07-19-2026/event/0E00634DCD69709D
Atlanta,GA,https://www.ticketmaster.com/atlanta-braves-vs-san-diego-padres-atlanta-georgia-07-20-2026/event/0E00634DCBC66E97
Atlanta,GA,https://www.ticketmaster.com/atlanta-braves-v-san-diego-padres-atlanta-georgia-07-20-2026/event/0E00634DCD6B70A3
Atlanta,GA,https://www.ticketmaster.com/atlanta-braves-vs-san-diego-padres-atlanta-georgia-07-21-2026/event/0E00634DCBC86E9A
Austin,TX,https://www.ticketmaster.com/event/Z7r9jZ1A743Z6
Austin,TX,https://www.ticketmaster.com/event/Z7r9jZ1A743Z7
Austin,TX,https://www.ticketmaster.com/needtobreathe-the-long-surrender-tour-austin-texas-09-12-2026/event/3A00646B8F3C6AA3
Austin,TX,https://www.ticketmaster.com/hilary-duff-the-lucky-me-tour-austin-texas-06-28-2026/event/3A0064458DB682F0
Austin,TX,https://www.ticketmaster.com/dance-gavin-dance-with-special-guests-austin-texas-05-05-2026/event/3A00644B967A86D5
Austin,TX,https://www.ticketmaster.com/panchiko-austin-texas-04-16-2026/event/3A00636BB8B9C877
Austin,TX,https://www.ticketmaster.com/artemas-lovercore-getting-up-to-no-austin-texas-09-19-2026/event/3A00647BA8FFBF6B
Austin,TX,https://www.ticketmaster.com/franz-ferdinand-greater-glasgow-cultural-exchange-austin-texas-08-14-2026/event/3A006454E508B194
Austin,TX,https://www.ticketmaster.com/ari-lennox-the-vacancy-tour-austin-texas-04-30-2026/event/3A00643CB39ADD2C
Austin,TX,https://www.ticketmaster.com/architects-austin-texas-05-04-2026/event/3A0064349774870F
Austin,TX,https://www.ticketmaster.com/i-love-you-but-i-chose-austin-texas-05-01-2026/event/3A006382CDFD9BAC
Austin,TX,https://www.ticketmaster.com/poppy-constantly-nowhere-tour-austin-texas-08-11-2026/event/3A00644BA04B93C9
Austin,TX,https://www.ticketmaster.com/kutx-presents-snail-mail-austin-texas-04-26-2026/event/3A00642DB50E84C1
Austin,TX,https://www.ticketmaster.com/poison-the-well-peace-in-place-austin-texas-05-09-2026/event/3A0064299B3F737A
Austin,TX,https://www.ticketmaster.com/jack-white-live-2026-austin-texas-10-06-2026/event/3A00648880EB4995
Austin,TX,https://www.ticketmaster.com/kutx-presents-kevin-morby-austin-texas-06-20-2026/event/3A006445D9DD320E
Austin,TX,https://www.ticketmaster.com/tinzo-jojo-plur-tour-austin-texas-04-17-2026/event/3A00634AC3B86C98
Austin,TX,https://www.ticketmaster.com/2026-us-hockey-hall-of-fame-cedar-park-texas-10-31-2026/event/3A006351EBF8AF56
Austin,TX,https://www.ticketmaster.com/khalid-its-always-summer-somewhere-tour-austin-texas-06-19-2026/event/3A006384C16C9F74
Austin,TX,https://www.ticketmaster.com/bob-dylan-austin-texas-06-29-2026/event/3A0064831BC019C1
Orlando,FL,https://www.ticketmaster.com/orlando-pride-v-nc-courage-survivor-orlando-florida-05-08-2026/event/2200642CD5466577
Orlando,FL,https://www.ticketmaster.com/russell-dickerson-orlando-florida-04-25-2026/event/2200631BBA411B61
Orlando,FL,https://www.ticketmaster.com/orlando-pride-v-gotham-fc-spooky-orlando-florida-10-25-2026/event/2200642CD52E6563
Orlando,FL,https://www.ticketmaster.com/yungblud-idols-the-world-tour-orlando-florida-06-01-2026/event/22006341A5142474
Orlando,FL,https://www.drphillipscenter.org/events/tickets/2026/jason-mraz
Orlando,FL,https://www.ticketmaster.com/orlando-pride-v-bay-fc-pride-orlando-florida-05-29-2026/event/2200642CD5216559
Orlando,FL,https://www.ticketmaster.com/orlando-pride-vs-kansas-city-current-orlando-florida-07-10-2026/event/2200642CD538656F
Orlando,FL,https://www.ticketmaster.com/orlando-pride-vs-boston-legacy-fc-orlando-florida-07-15-2026/event/2200642CD5416575
Orlando,FL,https://www.ticketmaster.com/orlando-pride-v-chicago-stars-villa-orlando-florida-07-24-2026/event/2200642CD525655E
Orlando,FL,https://www.ticketmaster.com/orlando-pride-v-racing-louisville-fc-orlando-florida-08-07-2026/event/2200642CD53C6572
Orlando,FL,https://www.ticketmaster.com/orlando-pride-vs-utah-royals-fc-orlando-florida-08-29-2026/event/2200642CD55B658A
Orlando,FL,https://www.ticketmaster.com/orlando-pride-v-houston-dash-teddy-orlando-florida-09-06-2026/event/2200642CD5336568
Orlando,FL,https://www.ticketmaster.com/orlando-pride-v-portland-thorns-around-orlando-florida-09-19-2026/event/2200642CD54A657D
Orlando,FL,https://www.ticketmaster.com/orlando-valkyries-vs-omaha-supernovas-orlando-florida-04-16-2026/event/2200633DB84030EB
Orlando,FL,https://www.ticketmaster.com/orlando-valkyries-vs-atlanta-vibe-orlando-florida-05-01-2026/event/2200633DB84630F3
Orlando,FL,https://www.ticketmaster.com/orlando-valkyries-vs-san-diego-mojo-orlando-florida-04-19-2026/event/2200633DB84230ED
Orlando,FL,https://www.ticketmaster.com/orlando-valkyries-vs-indy-ignite-orlando-florida-04-23-2026/event/2200633DB84430F1
Orlando,FL,https://www.ticketmaster.com/breakers-conference-with-mike-signorelli-and-orlando-florida-08-07-2026/event/22006481BC8A477F
Orlando,FL,https://www.ticketmaster.com/cristian-castro-nada-solo-exitos-tour-orlando-florida-03-12-2027/event/220064538E2F2D7B
Orlando,FL,https://www.ticketmaster.com/event/Z7r9jZ1A7-bfI
Nashville,TN,https://www.ticketmaster.com/the-cab-nashville-tennessee-06-17-2026/event/1B00644CDBC15350
Nashville,TN,https://www.ticketmaster.com/up-top-comedy-nashville-tennessee-04-25-2026/event/1B006477D243F63B
Nashville,TN,https://www.ticketmaster.com/benjamin-tod-and-the-inline-six-nashville-tennessee-05-09-2026/event/1B00636BC9E1E49A
Nashville,TN,https://www.ticketmaster.com/2000s-rave-nashville-tennessee-05-16-2026/event/1B006473C4769396
Nashville,TN,https://www.ticketmaster.com/death-angel-act-iii-tour-2026-nashville-tennessee-06-02-2026/event/1B006452D087799E
Nashville,TN,https://www.ticketmaster.com/yebba-nashville-tennessee-06-07-2026/event/1B006464DD223E65
Nashville,TN,https://www.ticketmaster.com/daddys-money-a-roo-pregame-nashville-tennessee-06-10-2026/event/1B00645BEE5F342B
Nashville,TN,https://www.ticketmaster.com/dad-rock-night-a-tribute-to-nashville-tennessee-08-20-2026/event/1B006443D9E4C456
Nashville,TN,https://www.ticketmaster.com/president-north-american-campaign-2026-nashville-tennessee-09-04-2026/event/1B00647AC6C18A60
Nashville,TN,https://www.ticketmaster.com/public-image-ltd-this-is-not-nashville-tennessee-10-09-2026/event/1B00646CF8F4A39C
Nashville,TN,https://www.ticketmaster.com/sugar-love-you-even-still-2026-nashville-tennessee-10-21-2026/event/1B006433B248A6A1
Nashville,TN,https://www.ticketmaster.com/91one-wnxp-presents-die-spitz-nashville-tennessee-11-21-2026/event/1B006457B3DAF104
Nashville,TN,https://www.ticketmaster.com/nashville-sc-v-new-york-red-nashville-tennessee-11-01-2026/event/1B0063739956BBCC
Nashville,TN,https://www.ticketmaster.com/event/Z7r9jZ1A7-bGs
Nashville,TN,https://www.ticketmaster.com/nashville-sc-v-los-angeles-football-nashville-tennessee-05-17-2026/event/1B006373993ABB8C
Nashville,TN,https://www.ticketmaster.com/nashville-sc-v-cf-montreal-1-nashville-tennessee-07-22-2026/event/1B0063739941BB9D
Nashville,TN,https://www.ticketmaster.com/nashville-sc-v-cincinnati-kids-night-nashville-tennessee-08-29-2026/event/1B0063739949BBAB
Nashville,TN,https://www.ticketmaster.com/nashville-sc-v-toronto-fc-harry-nashville-tennessee-09-26-2026/event/1B006373994EBBB3
Nashville,TN,https://www.ticketmaster.com/nashville-sc-v-sporting-kansas-city-nashville-tennessee-10-14-2026/event/1B0063739951BBBD
Nashville,TN,https://www.ticketmaster.com/event/Z7r9jZ1A7OSxb
Atlanta,GA,https://www.ticketmaster.com/atlanta-braves-v-san-diego-padres-atlanta-georgia-07-21-2026/event/0E00634DCD6D70A6
Atlanta,GA,https://www.ticketmaster.com/atlanta-braves-vs-san-diego-padres-atlanta-georgia-07-22-2026/event/0E00634DCBCA6E9C
Atlanta,GA,https://www.ticketmaster.com/atlanta-braves-v-san-diego-padres-atlanta-georgia-07-22-2026/event/0E00634DCD6F70A9
Atlanta,GA,https://www.ticketmaster.com/atlanta-braves-vs-san-diego-padres-atlanta-georgia-07-23-2026/event/0E00634DCBCC6EA1
Atlanta,GA,https://www.ticketmaster.com/atlanta-braves-v-san-diego-padres-atlanta-georgia-07-23-2026/event/0E00634DCD7170AD
Atlanta,GA,https://www.ticketmaster.com/atlanta-braves-vs-washington-nationals-atlanta-georgia-07-30-2026/event/0E00634DCBCE6EA4
Atlanta,GA,https://www.ticketmaster.com/atlanta-braves-v-washington-nationals-premium-atlanta-georgia-07-30-2026/event/0E00634DCD7370B2
Atlanta,GA,https://www.ticketmaster.com/atlanta-braves-vs-washington-nationals-atlanta-georgia-07-31-2026/event/0E00634DCBD16EA9
Atlanta,GA,https://www.ticketmaster.com/atlanta-braves-v-washington-nationals-premium-atlanta-georgia-07-31-2026/event/0E00634DCD7570B4
Atlanta,GA,https://www.ticketmaster.com/atlanta-braves-vs-washington-nationals-atlanta-georgia-08-01-2026/event/0E00634DCBD36EB4
Atlanta,GA,https://www.ticketmaster.com/atlanta-braves-v-washington-nationals-premium-atlanta-georgia-08-01-2026/event/0E00634DCD7770B6
Atlanta,GA,https://www.ticketmaster.com/atlanta-braves-vs-washington-nationals-atlanta-georgia-08-02-2026/event/0E00634DCBD56EBA
Atlanta,GA,https://www.ticketmaster.com/atlanta-braves-v-washington-nationals-premium-atlanta-georgia-08-02-2026/event/0E00634DCD7A70B9
Atlanta,GA,https://www.ticketmaster.com/atlanta-braves-vs-miami-marlins-atlanta-georgia-08-04-2026/event/0E00634DCBD76EBD
Atlanta,GA,https://www.ticketmaster.com/atlanta-braves-v-miami-marlins-premium-atlanta-georgia-08-04-2026/event/0E00634DCD7C70BB
Atlanta,GA,https://www.ticketmaster.com/atlanta-braves-vs-miami-marlins-atlanta-georgia-08-05-2026/event/0E00634DCBD96EBF
Atlanta,GA,https://www.ticketmaster.com/atlanta-braves-v-miami-marlins-premium-atlanta-georgia-08-05-2026/event/0E00634DCD7E70BE
Atlanta,GA,https://www.ticketmaster.com/atlanta-braves-vs-miami-marlins-atlanta-georgia-08-06-2026/event/0E00634DCBDB6EC3
Atlanta,GA,https://www.ticketmaster.com/atlanta-braves-v-miami-marlins-premium-atlanta-georgia-08-06-2026/event/0E00634DCD8070C3
Atlanta,GA,https://www.ticketmaster.com/atlanta-braves-vs-new-york-mets-atlanta-georgia-08-10-2026/event/0E00634DCBDD6ECB
Austin,TX,https://www.ticketmaster.com/event/Z7r9jZ1A7OPfA
Austin,TX,https://www.ticketmaster.com/young-the-giant-victory-garden-tour-austin-texas-07-10-2026/event/3A00644DCA869362
Austin,TX,https://www.ticketmaster.com/event/Z7r9jZ1A7Q7u8
Austin,TX,https://www.ticketmaster.com/event/Z7r9jZ1A7Q7uo
Austin,TX,https://www.ticketmaster.com/event/Z7r9jZ1A7Q7u3
Austin,TX,https://www.ticketmaster.com/event/Z7r9jZ1A7Q7uK
Austin,TX,https://www.ticketmaster.com/event/Z7r9jZ1A7Q7uf
Austin,TX,https://www.ticketmaster.com/event/Z7r9jZ1A7Q7u4
Austin,TX,https://www.ticketmaster.com/event/Z7r9jZ1A7Q7up
Austin,TX,https://www.ticketmaster.com/event/Z7r9jZ1A7Q7u9
Austin,TX,https://www.ticketmaster.com/event/Z7r9jZ1A7Q7ub
Austin,TX,https://www.ticketmaster.com/event/Z7r9jZ1A7Q7u_
Austin,TX,https://www.ticketmaster.com/event/Z7r9jZ1A7Q7uO
Austin,TX,https://www.ticketmaster.com/event/Z7r9jZ1A7Q7u-
Austin,TX,https://www.ticketmaster.com/event/Z7r9jZ1A7Q7uN
Austin,TX,https://www.ticketmaster.com/event/Z7r9jZ1A7Q7ux
Austin,TX,https://www.ticketmaster.com/event/Z7r9jZ1A7Q7u0
Austin,TX,https://www.ticketmaster.com/event/Z7r9jZ1A7Q7uP
Austin,TX,https://www.ticketmaster.com/event/Z7r9jZ1A7Q7uJ
Austin,TX,https://www.ticketmaster.com/texas-stars-vs-rockford-icehogs-cedar-park-texas-04-17-2026/event/3A0063148AF1185A
Orlando,FL,https://www.ticketmaster.com/event/Z7r9jZ1A7-bft
Orlando,FL,https://www.ticketmaster.com/event/Z7r9jZ1A7-bfY
Orlando,FL,https://www.ticketmaster.com/event/Z7r9jZ1A7-bfs
Orlando,FL,https://www.ticketmaster.com/event/Z7r9jZ1A7-bfS
Orlando,FL,https://www.ticketmaster.com/event/Z7r9jZ1A7-bfw
Orlando,FL,https://www.ticketmaster.com/event/Z7r9jZ1A7-bfV
Orlando,FL,https://www.ticketmaster.com/event/Z7r9jZ1A7-bfg
Orlando,FL,https://www.ticketmaster.com/event/Z7r9jZ1A7-bfM
Orlando,FL,https://www.ticketmaster.com/event/Z7r9jZ1A7-bfU
Orlando,FL,https://www.ticketmaster.com/event/Z7r9jZ1A7-bfy
Orlando,FL,https://www.ticketmaster.com/event/Z7r9jZ1A7-bfz
Orlando,FL,https://www.ticketmaster.com/event/Z7r9jZ1A7-b4Z
Orlando,FL,https://www.ticketmaster.com/event/Z7r9jZ1A7-b4v
Orlando,FL,https://www.ticketmaster.com/event/Z7r9jZ1A7-b4e
Orlando,FL,https://www.ticketmaster.com/event/Z7r9jZ1A7-b4d
Orlando,FL,https://www.ticketmaster.com/event/Z7r9jZ1A7-b47
Orlando,FL,https://www.ticketmaster.com/event/Z7r9jZ1A7-b4A
Orlando,FL,https://www.ticketmaster.com/event/Z7r9jZ1A7-b46
Orlando,FL,https://www.ticketmaster.com/event/Z7r9jZ1A7-b4k
Orlando,FL,https://www.ticketmaster.com/event/Z7r9jZ1A7-b4F
Nashville,TN,https://www.ticketmaster.com/nashville-sc-v-philadelphia-union-1-nashville-tennessee-10-28-2026/event/1B0063739953BBC5
Nashville,TN,https://www.ticketmaster.com/event/Z7r9jZ1A7qU1f
Nashville,TN,https://www.ticketmaster.com/event/Z7r9jZ1A7fKF0
Nashville,TN,https://www.ticketmaster.com/event/Z7r9jZ1A7fyq8
Nashville,TN,https://www.ticketmaster.com/marcus-king-band-darling-blue-tour-nashville-tennessee-05-27-2026/event/1B00643DD6D1EED1
Nashville,TN,https://www.ticketmaster.com/event/Z7r9jZ1A7O_Fd
Nashville,TN,https://www.ticketmaster.com/subtronics-nashville-tennessee-11-13-2026/event/1B00646DD0B16BA1
Nashville,TN,https://www.axs.com/events/1220414/brad-williams-tickets?skin=ryman
Nashville,TN,https://www.ticketmaster.com/event/Z7r9jZ1A7-6Av
Nashville,TN,https://www.ticketmaster.com/event/Z7r9jZ1A7-FJ8
Nashville,TN,https://www.ticketmaster.com/lamb-of-god-into-oblivion-tour-nashville-tennessee-04-14-2026/event/1B00636DCC52F8A4
Nashville,TN,https://www.ticketmaster.com/khalid-its-always-summer-somewhere-tour-nashville-tennessee-06-03-2026/event/1B006383E5585DE3
Nashville,TN,https://www.ticketmaster.com/glorilla-nashville-tennessee-11-04-2026/event/1B00646B9CE0C03C
Nashville,TN,https://www.ticketmaster.com/nashville-sounds-vs-norfolk-tides-nashville-tennessee-04-28-2026/event/1B00642C78804AC2
Nashville,TN,https://www.ticketmaster.com/nashville-sounds-vs-norfolk-tides-nashville-tennessee-04-29-2026/event/1B00642C78844AC7
Nashville,TN,https://www.ticketmaster.com/nashville-sounds-vs-norfolk-tides-nashville-tennessee-04-30-2026/event/1B00642C78894AD0
Nashville,TN,https://www.ticketmaster.com/nashville-sounds-vs-norfolk-tides-nashville-tennessee-05-01-2026/event/1B00642C788E4AE1
Nashville,TN,https://www.ticketmaster.com/nashville-sounds-vs-norfolk-tides-nashville-tennessee-05-02-2026/event/1B00642C78934AFA
Nashville,TN,https://www.ticketmaster.com/nashville-sounds-vs-norfolk-tides-nashville-tennessee-05-03-2026/event/1B00642C78984B0A
Nashville,TN,https://www.ticketmaster.com/forrest-frank-the-jesus-generation-tour-nashville-tennessee-06-19-2026/event/1B0063830904ABF3
Atlanta,GA,https://www.ticketmaster.com/atlanta-braves-v-new-york-mets-atlanta-georgia-08-10-2026/event/0E00634DCD8270C5
Atlanta,GA,https://www.ticketmaster.com/atlanta-braves-vs-new-york-mets-atlanta-georgia-08-11-2026/event/0E00634DCBDF6ED6
Atlanta,GA,https://www.ticketmaster.com/atlanta-braves-v-new-york-mets-atlanta-georgia-08-11-2026/event/0E00634DCD8470CA
Atlanta,GA,https://www.ticketmaster.com/atlanta-braves-vs-new-york-mets-atlanta-georgia-08-12-2026/event/0E00634DCBE26ED9
Atlanta,GA,https://www.ticketmaster.com/atlanta-braves-v-new-york-mets-atlanta-georgia-08-12-2026/event/0E00634DCD8670CC
Atlanta,GA,https://www.ticketmaster.com/atlanta-braves-vs-arizona-diamondbacks-atlanta-georgia-08-14-2026/event/0E00634DCBE46EDB
Atlanta,GA,https://www.ticketmaster.com/atlanta-braves-v-arizona-diamondbacks-premium-atlanta-georgia-08-14-2026/event/0E00634DCD8970CF
Atlanta,GA,https://www.ticketmaster.com/atlanta-braves-vs-arizona-diamondbacks-atlanta-georgia-08-15-2026/event/0E00634DCBE66EE3
Atlanta,GA,https://www.ticketmaster.com/atlanta-braves-v-arizona-diamondbacks-premium-atlanta-georgia-08-15-2026/event/0E00634DCD8D70D6
Atlanta,GA,https://www.ticketmaster.com/atlanta-braves-vs-arizona-diamondbacks-atlanta-georgia-08-16-2026/event/0E00634DCBE86EE8
Atlanta,GA,https://www.ticketmaster.com/atlanta-braves-v-arizona-diamondbacks-premium-atlanta-georgia-08-16-2026/event/0E00634DCD8F70D8
Atlanta,GA,https://www.ticketmaster.com/atlanta-braves-vs-colorado-rockies-atlanta-georgia-08-28-2026/event/0E00634DCBF06F02
Atlanta,GA,https://www.ticketmaster.com/atlanta-braves-v-colorado-rockies-premium-atlanta-georgia-08-28-2026/event/0E00634DCD9770E4
Atlanta,GA,https://www.ticketmaster.com/atlanta-braves-vs-colorado-rockies-atlanta-georgia-08-29-2026/event/0E00634DCBF26F06
Atlanta,GA,https://www.ticketmaster.com/atlanta-braves-v-colorado-rockies-premium-atlanta-georgia-08-29-2026/event/0E00634DCD9A70ED
Atlanta,GA,https://www.ticketmaster.com/atlanta-braves-vs-colorado-rockies-atlanta-georgia-08-30-2026/event/0E00634DCBF46F0A
Atlanta,GA,https://www.ticketmaster.com/atlanta-braves-v-colorado-rockies-premium-atlanta-georgia-08-30-2026/event/0E00634DCD9C70F2
Atlanta,GA,https://www.ticketmaster.com/atlanta-braves-vs-tampa-bay-rays-atlanta-georgia-09-08-2026/event/0E00634DCBF66F0C
Atlanta,GA,https://www.ticketmaster.com/atlanta-braves-v-tampa-bay-rays-atlanta-georgia-09-08-2026/event/0E00634DCD9E70F6
Atlanta,GA,https://www.ticketmaster.com/atlanta-braves-vs-tampa-bay-rays-atlanta-georgia-09-09-2026/event/0E00634DCBF86F12
Austin,TX,https://www.ticketmaster.com/texas-stars-vs-rockford-icehogs-cedar-park-texas-04-18-2026/event/3A0063148AF41860
Austin,TX,https://www.ticketmaster.com/event/Z7r9jZ1A7Q7uE
Austin,TX,https://www.ticketmaster.com/event/Z7r9jZ1A7Q7uI
Austin,TX,https://www.ticketmaster.com/event/Z7r9jZ1A7Q7ut
Austin,TX,https://www.ticketmaster.com/event/Z7r9jZ1A7Q7uY
Austin,TX,https://www.ticketmaster.com/event/Z7r9jZ1A7Q7us
Austin,TX,https://www.ticketmaster.com/event/Z7r9jZ1A7Q7uw
Austin,TX,https://www.ticketmaster.com/event/Z7r9jZ1A7Q7uS
Austin,TX,https://www.ticketmaster.com/event/Z7r9jZ1A7Q7uV
Austin,TX,https://www.ticketmaster.com/event/Z7r9jZ1A7Q7ug
Austin,TX,https://www.ticketmaster.com/event/Z7r9jZ1A7Q7uU
Austin,TX,https://www.ticketmaster.com/event/Z7r9jZ1A7Q7uM
Austin,TX,https://www.ticketmaster.com/event/Z7r9jZ1A7Q7uz
Austin,TX,https://www.ticketmaster.com/event/Z7r9jZ1A7Q7CZ
Austin,TX,https://www.ticketmaster.com/event/Z7r9jZ1A7Q7uy
Austin,TX,https://www.ticketmaster.com/event/Z7r9jZ1A7Q7Cv
Austin,TX,https://www.ticketmaster.com/simple-plan-bigger-than-you-think-austin-texas-08-07-2026/event/3A006445D7F82DA2
Austin,TX,https://www.ticketmaster.com/event/Z7r9jZ1A7jJu7
Austin,TX,https://www.ticketmaster.com/101x-concert-series-jimmy-eat-world-austin-texas-09-09-2026/event/3A00644693488B8E
Austin,TX,https://www.ticketmaster.com/dermot-kennedy-the-weight-of-the-austin-texas-10-13-2026/event/3A006478E7C4E970
Orlando,FL,https://www.ticketmaster.com/event/Z7r9jZ1A7-b4a
Orlando,FL,https://www.ticketmaster.com/event/Z7r9jZ1A7-b48
Orlando,FL,https://www.ticketmaster.com/event/Z7r9jZ1A7-b4o
Orlando,FL,https://www.ticketmaster.com/event/Z7r9jZ1A7-b43
Orlando,FL,https://www.ticketmaster.com/event/Z7r9jZ1A7-b4K
Orlando,FL,https://www.ticketmaster.com/event/Z7r9jZ1A7-b44
Orlando,FL,https://www.ticketmaster.com/event/Z7r9jZ1A7-b4f
Orlando,FL,https://www.ticketmaster.com/event/Z7r9jZ1A7-b4p
Orlando,FL,https://www.ticketmaster.com/event/Z7r9jZ1A7-b49
Orlando,FL,https://www.ticketmaster.com/event/Z7r9jZ1A7-b4b
Orlando,FL,https://www.ticketmaster.com/event/Z7r9jZ1A7-b4_
Orlando,FL,https://www.ticketmaster.com/event/Z7r9jZ1A7-b4O
Orlando,FL,https://www.ticketmaster.com/event/Z7r9jZ1A7-b4-
Orlando,FL,https://www.ticketmaster.com/event/Z7r9jZ1A7-b4x
Orlando,FL,https://www.ticketmaster.com/event/Z7r9jZ1A7-b40
Orlando,FL,https://www.ticketmaster.com/event/Z7r9jZ1A7-b4N
Orlando,FL,https://www.ticketmaster.com/event/Z7r9jZ1A7-b4J
Orlando,FL,https://www.ticketmaster.com/event/Z7r9jZ1A7-b4P
Orlando,FL,https://www.ticketmaster.com/event/Z7r9jZ1A7-b4E
Orlando,FL,https://www.ticketmaster.com/event/Z7r9jZ1A7-b4I
Nashville,TN,https://www.ticketmaster.com/nashville-sounds-vs-norfolk-tides-nashville-tennessee-07-17-2026/event/1B00642C79304D2B
Nashville,TN,https://www.ticketmaster.com/nashville-sounds-vs-norfolk-tides-nashville-tennessee-07-18-2026/event/1B00642C79354D32
Nashville,TN,https://www.ticketmaster.com/nashville-sounds-vs-norfolk-tides-nashville-tennessee-07-19-2026/event/1B00642C793B4D48
Nashville,TN,https://www.ticketmaster.com/event/Z7r9jZ1A7OZpk
Nashville,TN,https://www.ticketmaster.com/event/Z7r9jZ1A7OVr9
Nashville,TN,https://www.ticketmaster.com/hardy-halloween-nashville-tennessee-10-29-2026/event/1B00646DAFA0EE65
Nashville,TN,https://www.ticketmaster.com/hardy-halloween-nashville-tennessee-10-30-2026/event/1B00646DAFA4EE77
Nashville,TN,https://www.ticketmaster.com/nashville-sounds-vs-worcester-red-sox-nashville-tennessee-04-14-2026/event/1B00642C78624A8B
Nashville,TN,https://fevo-enterprise.com/group/nashville-sounds-nightly-premium-club-suite
Nashville,TN,https://www.ticketmaster.com/nashville-sounds-vs-worcester-red-sox-nashville-tennessee-04-15-2026/event/1B00642C78674A8E
Nashville,TN,https://www.ticketmaster.com/nashville-sounds-vs-worcester-red-sox-nashville-tennessee-04-16-2026/event/1B00642C786C4AAD
Nashville,TN,https://www.ticketmaster.com/nashville-sounds-vs-worcester-red-sox-nashville-tennessee-04-17-2026/event/1B00642C78714AB1
Nashville,TN,https://www.ticketmaster.com/nashville-sounds-vs-worcester-red-sox-nashville-tennessee-04-18-2026/event/1B00642C78764AB3
Nashville,TN,https://www.ticketmaster.com/nashville-sounds-vs-worcester-red-sox-nashville-tennessee-04-19-2026/event/1B00642C787B4ABB
Atlanta,GA,https://www.ticketmaster.com/atlanta-braves-v-tampa-bay-rays-atlanta-georgia-09-09-2026/event/0E00634DCDA070FE
Atlanta,GA,https://www.ticketmaster.com/atlanta-braves-vs-tampa-bay-rays-atlanta-georgia-09-10-2026/event/0E00634DCBFB6F14
Atlanta,GA,https://www.ticketmaster.com/atlanta-braves-v-tampa-bay-rays-atlanta-georgia-09-10-2026/event/0E00634DCDA27107
Atlanta,GA,https://www.ticketmaster.com/atlanta-braves-vs-philadelphia-phillies-atlanta-georgia-09-11-2026/event/0E00634DCBFF6F16
Atlanta,GA,https://www.ticketmaster.com/atlanta-braves-v-philadelphia-phillies-premium-atlanta-georgia-09-11-2026/event/0E00634DCDA4710B
Atlanta,GA,https://www.ticketmaster.com/atlanta-braves-vs-philadelphia-phillies-atlanta-georgia-09-12-2026/event/0E00634DCC016F18
Atlanta,GA,https://www.ticketmaster.com/atlanta-braves-v-philadelphia-phillies-premium-atlanta-georgia-09-12-2026/event/0E00634DCDA6710D
Atlanta,GA,https://www.ticketmaster.com/atlanta-braves-vs-philadelphia-phillies-atlanta-georgia-09-13-2026/event/0E00634DCC056F1A
Atlanta,GA,https://www.ticketmaster.com/atlanta-braves-v-philadelphia-phillies-premium-atlanta-georgia-09-13-2026/event/0E00634DCDA87111
Atlanta,GA,https://www.ticketmaster.com/atlanta-braves-vs-cincinnati-reds-atlanta-georgia-09-22-2026/event/0E00634DCC086F2B
Atlanta,GA,https://www.ticketmaster.com/atlanta-braves-v-cincinnati-reds-premium-atlanta-georgia-09-22-2026/event/0E00634DCDAA7113
Atlanta,GA,https://www.ticketmaster.com/atlanta-braves-vs-cincinnati-reds-atlanta-georgia-09-23-2026/event/0E00634DCC0A6F2D
Atlanta,GA,https://www.ticketmaster.com/atlanta-braves-v-cincinnati-reds-premium-atlanta-georgia-09-23-2026/event/0E00634DCDAC7115
Atlanta,GA,https://www.ticketmaster.com/atlanta-braves-vs-cincinnati-reds-atlanta-georgia-09-24-2026/event/0E00634DCC0C6F30
Atlanta,GA,https://www.ticketmaster.com/atlanta-braves-v-cincinnati-reds-premium-atlanta-georgia-09-24-2026/event/0E00634DCDAE7119
Atlanta,GA,https://www.ticketmaster.com/myke-towers-la-pantera-negra-tour-duluth-georgia/event/0E0060F391EA23EF
Atlanta,GA,https://www.ticketmaster.com/manilow-the-last-duluth-concert-duluth-georgia/event/0E00632D32C977CC
Atlanta,GA,https://www.ticketmaster.com/grupo-frontera-triste-pero-bien-cbron-duluth-georgia-09-06-2026/event/0E006463AD49AD25
Atlanta,GA,https://www.ticketmaster.com/uicideboy-present-grey-day-tour-2026-atlanta-georgia-10-16-2026/event/0E00647BF19754D0
Atlanta,GA,https://www.ticketmaster.com/bert-kreischer-permission-to-party-duluth-georgia-06-05-2026/event/0E00633ACA856766
Austin,TX,https://www.ticketmaster.com/event/Z7r9jZ1A7-k8v
Austin,TX,https://www.ticketmaster.com/event/Z7r9jZ1A7qEeA
Austin,TX,https://www.ticketmaster.com/song-of-the-saints-tour-with-cedar-park-texas-09-25-2026/event/3A006451070CDDB7
Austin,TX,https://travel.ticketmaster.com/en-US/package-forward/65256422?_uid=ac74da7d-8f54-4d50-8b7e-dbdb135f1d70&utm_source=TPR&utm_medium=TMADP_Wickham_925
Austin,TX,https://www.ticketmaster.com/gary-clark-jr-austin-texas-05-04-2026/event/3A00643BC26AB2D4
Austin,TX,https://www.ticketmaster.com/gary-clark-jr-austin-texas-05-11-2026/event/3A00643BC26CB2D8
Austin,TX,https://www.ticketmaster.com/gary-clark-jr-austin-texas-05-18-2026/event/3A00643BC26EB2DC
Austin,TX,https://www.ticketmaster.com/gary-clark-jr-austin-texas-05-25-2026/event/3A00643BC26FB2E7
Austin,TX,https://www.ticketmaster.com/gary-clark-jr-austin-texas-06-18-2026/event/3A00643BC290B2FF
Austin,TX,https://www.ticketmaster.com/gary-clark-jr-austin-texas-06-25-2026/event/3A00643BC292B303
Austin,TX,https://www.ticketmaster.com/gary-clark-jr-austin-texas-07-02-2026/event/3A00643BC294B30A
Austin,TX,https://www.ticketmaster.com/gary-clark-jr-austin-texas-07-09-2026/event/3A00643BC296B30C
Austin,TX,https://www.axs.com/events/1362161/kathleen-madigan-tickets?skin=acllive
Austin,TX,https://www.ticketmaster.com/margaritaville-presents-jimmy-buffetts-coral-reefer-austin-texas-07-23-2026/event/3A00646CE1C7203E
Austin,TX,https://www.ticketmaster.com/event/Z7r9jZ1A7O6Gz
Austin,TX,https://www.ticketmaster.com/event/Z7r9jZ1A7O6Gy
Austin,TX,https://www.ticketmaster.com/event/Z7r9jZ1A7O6uZ
Austin,TX,https://www.ticketmaster.com/yungblud-idols-the-world-tour-austin-texas-05-29-2026/event/3A006342A94063B4
Austin,TX,https://www.ticketmaster.com/taylorville-austin-texas-06-27-2026/event/3A006446B88DD369
Austin,TX,https://www.ticketmaster.com/all-the-feelings-tour-with-metric-austin-texas-06-08-2026/event/3A00643E82DC6B2B
Orlando,FL,https://www.ticketmaster.com/event/Z7r9jZ1A7-b4t
Orlando,FL,https://www.ticketmaster.com/event/Z7r9jZ1A7-b4Y
Orlando,FL,https://www.ticketmaster.com/event/Z7r9jZ1A7-b4s
Orlando,FL,https://www.ticketmaster.com/event/Z7r9jZ1A7-b4S
Orlando,FL,https://www.ticketmaster.com/event/Z7r9jZ1A7-b4w
Orlando,FL,https://www.ticketmaster.com/event/Z7r9jZ1A7-b4V
Orlando,FL,https://www.ticketmaster.com/event/Z7r9jZ1A7-b4g
Orlando,FL,https://www.ticketmaster.com/event/Z7r9jZ1A7-b4U
Orlando,FL,https://www.ticketmaster.com/event/Z7r9jZ1A7-b4M
Orlando,FL,https://www.ticketmaster.com/event/Z7r9jZ1A7-b4z
Orlando,FL,https://www.ticketmaster.com/event/Z7r9jZ1A7-b4y
Orlando,FL,https://www.ticketmaster.com/event/Z7r9jZ1A7-bpZ
Orlando,FL,https://www.ticketmaster.com/event/Z7r9jZ1A7-bpe
Orlando,FL,https://www.ticketmaster.com/event/Z7r9jZ1A7-bpv
Orlando,FL,https://www.ticketmaster.com/event/Z7r9jZ1A7-bp7
Orlando,FL,https://www.ticketmaster.com/event/Z7r9jZ1A7-bpd
Orlando,FL,https://www.ticketmaster.com/event/Z7r9jZ1A7-bpA
Orlando,FL,https://www.ticketmaster.com/event/Z7r9jZ1A7-bpk
Orlando,FL,https://www.ticketmaster.com/event/Z7r9jZ1A7-bp6
Orlando,FL,https://www.ticketmaster.com/event/Z7r9jZ1A7-bpF
Nashville,TN,https://www.ticketmaster.com/nashville-sounds-vs-iowa-cubs-nashville-tennessee-05-12-2026/event/1B00642C789D4B1C
Nashville,TN,https://www.ticketmaster.com/nashville-sounds-vs-iowa-cubs-nashville-tennessee-05-13-2026/event/1B00642C78A14B38
Nashville,TN,https://www.ticketmaster.com/nashville-sounds-vs-iowa-cubs-nashville-tennessee-05-14-2026/event/1B00642C78A64B3A
Nashville,TN,https://www.ticketmaster.com/nashville-sounds-vs-iowa-cubs-nashville-tennessee-05-15-2026/event/1B00642C78AB4B50
Nashville,TN,https://www.ticketmaster.com/nashville-sounds-vs-iowa-cubs-nashville-tennessee-05-16-2026/event/1B00642C78B04B8A
Nashville,TN,https://www.ticketmaster.com/nashville-sounds-vs-iowa-cubs-nashville-tennessee-05-17-2026/event/1B00642C78B54BA2
Nashville,TN,https://www.ticketmaster.com/nashville-sounds-vs-gwinnett-stripers-nashville-tennessee-05-26-2026/event/1B00642C78BA4BA8
Nashville,TN,https://www.ticketmaster.com/nashville-sounds-vs-gwinnett-stripers-nashville-tennessee-05-27-2026/event/1B00642C78BF4BB0
Atlanta,GA,https://www.ticketmaster.com/thee-sacred-souls-la-lom-the-atlanta-georgia-09-15-2026/event/0E00644BDDFBA5AB
Atlanta,GA,https://www.ticketmaster.com/cece-winans-come-worship-tour-duluth-georgia-10-23-2026/event/0E006454A758C390
Atlanta,GA,https://www.ticketmaster.com/third-day-30th-anniversary-tour-with-duluth-georgia-05-10-2026/event/0E0062C9DA7E4025
Atlanta,GA,https://www.ticketmaster.com/social-distortion-atlanta-georgia-09-01-2026/event/0E006454BCDF1DC6
Atlanta,GA,https://www.ticketmaster.com/josh-groban-with-special-guest-jennifer-duluth-georgia-06-17-2026/event/0E00638BD89DC4DE
Atlanta,GA,https://www.ticketmaster.com/john-crist-live-duluth-georgia-06-06-2026/event/0E00633DD9974923
Atlanta,GA,https://www.ticketmaster.com/bulls-bands-barrels-with-bigxthaplug-and-duluth-georgia-05-01-2026/event/0E00636C99B780EA
Atlanta,GA,https://www.ticketmaster.com/brandi-carlile-the-human-tour-duluth-georgia-09-03-2026/event/0E00646502D77D0A
Atlanta,GA,https://www.ticketmaster.com/palomazo-norteno-clase-maestra-tour-duluth-georgia-05-16-2026/event/0E006426A7694CE1
Atlanta,GA,https://www.ticketmaster.com/weird-al-yankovic-bigger-weirder-2026-alpharetta-georgia-05-31-2026/event/0E006367BA679AEE
Atlanta,GA,https://www.ticketmaster.com/theresa-caputo-live-the-experience-atlanta-georgia-04-21-2026/event/0E006344E28A72B9
Atlanta,GA,https://www.ticketmaster.com/wale-smino-everything-is-a-lot-atlanta-georgia-06-11-2026/event/0E006446C5669A0D
Atlanta,GA,https://www.ticketmaster.com/chelsea-handler-the-high-and-mighty-atlanta-georgia-10-02-2026/event/0E00647396DB83B3
Atlanta,GA,https://www.ticketmaster.com/song-of-the-saints-tour-with-duluth-georgia-10-07-2026/event/0E00644DE24FE44F
Atlanta,GA,https://travel.ticketmaster.com/en-US/package-forward/64458393?_uid=ac74da7d-8f54-4d50-8b7e-dbdb135f1d70&utm_source=TPR&utm_medium=TMADP_Wickham_107
Atlanta,GA,https://www.ticketmaster.com/los-tucanes-de-tijuana-duluth-georgia-08-15-2026/event/0E0062ADC07E3919
Atlanta,GA,https://www.ticketmaster.com/event/Z7r9jZ1A7OVoI
Atlanta,GA,https://www.ticketmaster.com/the-return-of-the-carnival-of-alpharetta-georgia-08-12-2026/event/0E00636EE6D6D292
Atlanta,GA,https://www.ticketmaster.com/beres-hammond-kes-the-band-duluth-georgia-08-16-2026/event/0E00647FF6F9B0CE
Atlanta,GA,https://www.ticketmaster.com/breaking-benjamin-alpharetta-georgia-10-17-2026/event/0E00644BA2C86686
Austin,TX,https://www.ticketmaster.com/austin-blues-festival-2day-passes-austin-texas-04-25-2026/event/3A006382B5C78D2B
Austin,TX,https://www.ticketmaster.com/austin-blues-festival-single-day-passes-austin-texas-04-26-2026/event/3A00642D9F2A668C
Austin,TX,https://www.ticketmaster.com/austin-blues-festival-single-day-passes-austin-texas-04-25-2026/event/3A00642D9F276686
Austin,TX,https://www.ticketmaster.com/event/Z7r9jZ1A7qOxa
Austin,TX,https://www.ticketmaster.com/mon-laferte-femme-fatale-tour-austin-texas-10-20-2026/event/3A00646BDEFD1B5B
Austin,TX,https://www.ticketmaster.com/raye-this-tour-may-contain-new-austin-texas-05-04-2026/event/3A006331A6493396
Austin,TX,https://www.ticketmaster.com/ca7riel-paco-amoroso-free-spirits-world-austin-texas-06-04-2026/event/3A006474D72334C2
Austin,TX,https://www.ticketmaster.com/freya-skye-stars-align-tour-austin-texas-09-24-2026/event/3A00644BF1DC20AD
Austin,TX,https://www.ticketmaster.com/event/Z7r9jZ1A7-94F
Austin,TX,https://www.ticketmaster.com/hatsune-miku-expo-2026-north-america-cedar-park-texas-05-01-2026/event/3A00635704CF9D3B
Austin,TX,https://www.ticketmaster.com/for-the-mothers-concert-series-feat-cedar-park-texas-05-02-2026/event/3A00643DB6EEBF29
Austin,TX,https://www.ticketmaster.com/event/Z7r9jZ1A7rovv
Austin,TX,https://www.ticketmaster.com/event/Z7r9jZ1A7-67w
Austin,TX,https://www.ticketmaster.com/event/Z7r9jZ1A7-NfA
Austin,TX,https://www.ticketmaster.com/disney-on-ice-presents-jump-in-cedar-park-texas-04-23-2026/event/3A006388A1AE6ABD
Austin,TX,https://www.ticketmaster.com/disney-on-ice-presents-jump-in-cedar-park-texas-04-24-2026/event/3A006388A1B36AC3
Austin,TX,https://www.ticketmaster.com/disney-on-ice-presents-jump-in-cedar-park-texas-04-25-2026/event/3A006388A17E6A95
Austin,TX,https://www.ticketmaster.com/disney-on-ice-presents-jump-in-cedar-park-texas-04-25-2026/event/3A006388A1B76AD5
Austin,TX,https://www.ticketmaster.com/disney-on-ice-presents-jump-in-cedar-park-texas-04-25-2026/event/3A006388A1786A8D
Austin,TX,https://www.ticketmaster.com/disney-on-ice-presents-jump-in-cedar-park-texas-04-26-2026/event/3A006388A13D6A25
Orlando,FL,https://www.ticketmaster.com/event/Z7r9jZ1A7-bpa
Orlando,FL,https://www.ticketmaster.com/event/Z7r9jZ1A7-bp8
Orlando,FL,https://www.ticketmaster.com/event/Z7r9jZ1A7-bpo
Orlando,FL,https://www.ticketmaster.com/event/Z7r9jZ1A7-bp3
Orlando,FL,https://www.ticketmaster.com/event/Z7r9jZ1A7-bpK
Orlando,FL,https://www.ticketmaster.com/event/Z7r9jZ1A7-bpf
Orlando,FL,https://www.ticketmaster.com/event/Z7r9jZ1A7-bp4
Orlando,FL,https://www.ticketmaster.com/event/Z7r9jZ1A7-bpp
Orlando,FL,https://www.ticketmaster.com/event/Z7r9jZ1A7-bp9
Orlando,FL,https://www.ticketmaster.com/event/Z7r9jZ1A7-bpb
Orlando,FL,https://www.ticketmaster.com/event/Z7r9jZ1A7-bbZ
Orlando,FL,https://www.ticketmaster.com/event/Z7r9jZ1A7-bp_
Orlando,FL,https://www.ticketmaster.com/event/Z7r9jZ1A7-bbe
Orlando,FL,https://www.ticketmaster.com/event/Z7r9jZ1A7-bbv
Orlando,FL,https://www.ticketmaster.com/event/Z7r9jZ1A7-bbd
Orlando,FL,https://www.ticketmaster.com/event/Z7r9jZ1A7-bb9
Orlando,FL,https://www.ticketmaster.com/event/Z7r9jZ1A7-bbb
Orlando,FL,https://www.ticketmaster.com/event/Z7r9jZ1A7-bbO
Orlando,FL,https://www.ticketmaster.com/event/Z7r9jZ1A7-bb_
Orlando,FL,https://www.ticketmaster.com/event/Z7r9jZ1A7-bb-
Nashville,TN,https://www.ticketmaster.com/nashville-sounds-vs-gwinnett-stripers-nashville-tennessee-05-28-2026/event/1B00642C78C44BB7
Nashville,TN,https://www.ticketmaster.com/nashville-sounds-vs-gwinnett-stripers-nashville-tennessee-05-29-2026/event/1B00642C78C84BBB
Nashville,TN,https://www.ticketmaster.com/nashville-sounds-vs-gwinnett-stripers-nashville-tennessee-05-30-2026/event/1B00642C78CE4BC3
Nashville,TN,https://www.ticketmaster.com/nashville-sounds-vs-gwinnett-stripers-nashville-tennessee-05-31-2026/event/1B00642C78D34BDE
Nashville,TN,https://www.ticketmaster.com/nashville-sounds-vs-durham-bulls-nashville-tennessee-06-09-2026/event/1B00642C78D74C10
Nashville,TN,https://www.ticketmaster.com/nashville-sounds-vs-durham-bulls-nashville-tennessee-06-10-2026/event/1B00642C78DC4C18
Nashville,TN,https://www.ticketmaster.com/nashville-sounds-vs-durham-bulls-nashville-tennessee-06-11-2026/event/1B00642C78E14C31
Nashville,TN,https://www.ticketmaster.com/nashville-sounds-vs-durham-bulls-nashville-tennessee-06-12-2026/event/1B00642C78E64C45
Nashville,TN,https://www.ticketmaster.com/nashville-sounds-vs-durham-bulls-nashville-tennessee-06-13-2026/event/1B00642C78EB4C53
Nashville,TN,https://www.ticketmaster.com/nashville-sounds-vs-durham-bulls-nashville-tennessee-06-14-2026/event/1B00642C78F04C5B
Atlanta,GA,https://www.ticketmaster.com/two-door-cinema-club-tourist-history-atlanta-georgia-10-09-2026/event/0E006466095673CF
Atlanta,GA,https://www.ticketmaster.com/yellowcard-the-up-up-down-down-atlanta-georgia-05-06-2026/event/0E006383B1C59FB3
Atlanta,GA,https://www.ticketmaster.com/the-kid-laroi-a-perfect-world-atlanta-georgia-04-29-2026/event/0E006449E69F9246
Atlanta,GA,https://www.ticketmaster.com/air-supply-a-matter-of-time-atlanta-georgia-09-11-2026/event/0E006471F08ECDFB
Atlanta,GA,https://www.ticketmaster.com/santana-the-doobie-brothers-oneness-tour-alpharetta-georgia-07-09-2026/event/0E00644DB68AB026
Atlanta,GA,https://www.ticketmaster.com/georgia-swarm-vs-rochester-knighthawks-duluth-georgia-04-18-2026/event/0E00633EC5A4421A
Atlanta,GA,https://www.ticketmaster.com/styx-chicago-the-windy-cities-tour-alpharetta-georgia-07-17-2026/event/0E0063798DB8679E
Atlanta,GA,https://www.ticketmaster.com/event/Z7r9jZ1A7O98S
Atlanta,GA,https://www.ticketmaster.com/event/Z7r9jZ1A7Ox1_
Atlanta,GA,https://www.ticketmaster.com/juanes-north-america-tour-2026-atlanta-georgia-09-09-2026/event/0E00644D116262DA
Atlanta,GA,https://www.ticketmaster.com/critical-role-live-atlanta-duluth-georgia-05-26-2026/event/0E0062D8AA9D4212
Atlanta,GA,https://www.ticketmaster.com/jack-white-live-2026-atlanta-georgia-11-20-2026/event/0E0064879B217D30
Atlanta,GA,https://www.ticketmaster.com/jack-white-live-2026-atlanta-georgia-11-21-2026/event/0E0064879B017CB2
Atlanta,GA,https://www.ticketmaster.com/hatsune-miku-expo-2026-north-america-duluth-georgia-05-03-2026/event/0E006356E80A97B1
Atlanta,GA,https://www.ticketmaster.com/myles-smith-my-mess-my-heart-atlanta-georgia-06-19-2026/event/0E00647299DE7CF9
Atlanta,GA,https://www.ticketmaster.com/ricardo-montaner-el-ultimo-regreso-tour-duluth-georgia-08-12-2026/event/0E006365F4FFA806
Atlanta,GA,https://www.ticketmaster.com/bill-burr-live-atlanta-georgia-05-12-2026/event/0E006443391FD16E
Atlanta,GA,https://www.ticketmaster.com/bill-burr-live-atlanta-georgia-05-13-2026/event/0E0064433922D170
Atlanta,GA,https://www.ticketmaster.com/bill-burr-live-atlanta-georgia-05-14-2026/event/0E0064433925D178
Atlanta,GA,https://www.ticketmaster.com/billy-currington-kip-moore-atlanta-georgia-08-08-2026/event/0E00644BEB7DB209
Austin,TX,https://www.ticketmaster.com/disney-on-ice-presents-jump-in-cedar-park-texas-04-26-2026/event/3A006388A16F6A76
Austin,TX,https://www.ticketmaster.com/disney-on-ice-presents-jump-in-cedar-park-texas-04-26-2026/event/3A006388A1746A83
Austin,TX,https://www.ticketmaster.com/event/Z7r9jZ1A7-to_
Austin,TX,https://www.ticketmaster.com/undertale-the-determination-symphony-cedar-park-texas-09-02-2026/event/3A00646BE0AD1F62
Austin,TX,https://www.ticketmaster.com/cristian-castro-nada-solo-exitos-tour-cedar-park-texas-02-28-2027/event/3A006454D58490B2
Austin,TX,https://www.ticketmaster.com/black-pistol-fire-flagrant-act-of-austin-texas-04-25-2026/event/3A006378DB6DB4DF
Austin,TX,https://www.ticketmaster.com/grateful-shred-austin-texas-11-07-2026/event/3A0064829B8AE7F9
Austin,TX,https://www.ticketmaster.com/the-brook-the-bluff-werewolf-tour-austin-texas-04-18-2026/event/3A006355D5749452
Austin,TX,https://www.ticketmaster.com/josiah-and-the-bonnevilles-the-redline-austin-texas-05-16-2026/event/3A006446A13AA9F3
Austin,TX,https://www.ticketmaster.com/event/Z7r9jZ1A7rov6
Austin,TX,https://www.ticketmaster.com/teen-suicide-austin-texas-05-30-2026/event/3A00643C9C94B6C6
Austin,TX,https://www.ticketmaster.com/marlon-funaki-half-moon-tour-austin-texas-04-19-2026/event/3A00643EC969F2BB
Austin,TX,https://www.ticketmaster.com/laura-jane-grace-band-austin-texas-05-12-2026/event/3A0064439B07721E
Austin,TX,https://www.ticketmaster.com/goldford-space-of-the-heart-tour-austin-texas-05-02-2026/event/3A00632FA13A49B4
Austin,TX,https://www.ticketmaster.com/event/Z7r9jZ1A7OJ-z
Austin,TX,https://www.ticketmaster.com/searows-death-in-the-business-of-austin-texas-04-24-2026/event/3A006392C32992F9
Austin,TX,https://www.ticketmaster.com/yot-club-simpleton-tour-austin-texas-05-22-2026/event/3A006436C387BE6C
Austin,TX,https://www.ticketmaster.com/eagles-of-death-metal-austin-texas-08-07-2026/event/3A006472EBF91023
Austin,TX,https://www.ticketmaster.com/underscores-galleria-north-american-chapter-austin-texas-06-05-2026/event/3A006458078CDAA5
Austin,TX,https://www.ticketmaster.com/sons-of-legion-soul-to-sl-austin-texas-05-15-2026/event/3A006354C76874E1
Orlando,FL,https://www.ticketmaster.com/event/Z7r9jZ1A7-bbx
Orlando,FL,https://www.ticketmaster.com/event/Z7r9jZ1A7-bb0
Orlando,FL,https://www.ticketmaster.com/event/Z7r9jZ1A7-bbP
Orlando,FL,https://www.ticketmaster.com/event/Z7r9jZ1A7-bbJ
Orlando,FL,https://www.ticketmaster.com/event/Z7r9jZ1A7-bbE
Orlando,FL,https://www.ticketmaster.com/event/Z7r9jZ1A7-bbI
Orlando,FL,https://www.ticketmaster.com/event/Z7r9jZ1A7-bbt
Orlando,FL,https://www.ticketmaster.com/event/Z7r9jZ1A7-bbY
Orlando,FL,https://www.ticketmaster.com/event/Z7r9jZ1A7-bbs
Orlando,FL,https://www.ticketmaster.com/event/Z7r9jZ1A7-bbS
Orlando,FL,https://www.ticketmaster.com/event/Z7r9jZ1A7-bbw
Orlando,FL,https://www.ticketmaster.com/event/Z7r9jZ1A7-bbV
Orlando,FL,https://www.ticketmaster.com/event/Z7r9jZ1A7-bbg
Orlando,FL,https://www.ticketmaster.com/event/Z7r9jZ1A7-bbU
Orlando,FL,https://www.ticketmaster.com/event/Z7r9jZ1A7-bbM
Orlando,FL,https://www.ticketmaster.com/event/Z7r9jZ1A7-bbz
Orlando,FL,https://www.ticketmaster.com/event/Z7r9jZ1A7-bby
Orlando,FL,https://www.ticketmaster.com/event/Z7r9jZ1A7-b_Z
Orlando,FL,https://www.ticketmaster.com/event/Z7r9jZ1A7-b_v
Orlando,FL,https://www.ticketmaster.com/event/Z7r9jZ1A7-b_d
Nashville,TN,https://www.ticketmaster.com/nashville-sounds-vs-gwinnett-stripers-nashville-tennessee-06-23-2026/event/1B00642C78F54C5E
Nashville,TN,https://www.ticketmaster.com/nashville-sounds-vs-gwinnett-stripers-nashville-tennessee-06-24-2026/event/1B00642C78FA4C63
Nashville,TN,https://www.ticketmaster.com/nashville-sounds-vs-gwinnett-stripers-nashville-tennessee-06-25-2026/event/1B00642C78FE4C69
Nashville,TN,https://www.ticketmaster.com/nashville-sounds-vs-gwinnett-stripers-nashville-tennessee-06-26-2026/event/1B00642C79034C70
Nashville,TN,https://www.ticketmaster.com/nashville-sounds-vs-gwinnett-stripers-nashville-tennessee-06-27-2026/event/1B00642C79084C7F
Nashville,TN,https://www.ticketmaster.com/nashville-sounds-vs-gwinnett-stripers-nashville-tennessee-06-28-2026/event/1B00642C790D4CB6
Nashville,TN,https://www.ticketmaster.com/nashville-sounds-vs-jacksonville-jumbo-shrimp-nashville-tennessee-06-30-2026/event/1B00642C79124CC1
Nashville,TN,https://www.ticketmaster.com/nashville-sounds-vs-jacksonville-jumbo-shrimp-nashville-tennessee-07-01-2026/event/1B00642C79174CD6
Nashville,TN,https://www.ticketmaster.com/nashville-sounds-vs-jacksonville-jumbo-shrimp-nashville-tennessee-07-02-2026/event/1B00642C791C4CF3
Nashville,TN,https://www.ticketmaster.com/nashville-sounds-vs-jacksonville-jumbo-shrimp-nashville-tennessee-07-03-2026/event/1B00642C79214CF6
Atlanta,GA,https://www.ticketmaster.com/lamb-of-god-into-oblivion-tour-atlanta-georgia-04-15-2026/event/0E00636D0D73DE78
Atlanta,GA,https://www.ticketmaster.com/playoff-game-georgia-swarm-vs-tbd-duluth-georgia/event/0E006486C78ABC96
Atlanta,GA,https://www.ticketmaster.com/atlanta-vibe-vs-omaha-supernovas-duluth-georgia-04-19-2026/event/0E006365AB747992
Atlanta,GA,https://www.ticketmaster.com/atlanta-vibe-vs-san-diego-mojo-duluth-georgia-04-17-2026/event/0E006365AB6F798F
Atlanta,GA,https://www.ticketmaster.com/atlanta-vibe-vs-indy-ignite-duluth-georgia-04-26-2026/event/0E006365AB787997
Atlanta,GA,https://www.ticketmaster.com/bulls-bands-barrels-vip-addons-duluth-georgia-05-01-2026/event/0E00636DAAF694B8
Atlanta,GA,https://www.ticketmaster.com/staind-break-the-cycle-25th-anniversary-atlanta-georgia-09-08-2026/event/0E00643CBB419B7B
Atlanta,GA,https://www.ticketmaster.com/lynyrd-skynyrd-x-foreigner-double-trouble-alpharetta-georgia-07-23-2026/event/0E00636CC91EA7B7
Atlanta,GA,https://www.ticketmaster.com/jack-harlow-monica-tour-atlanta-georgia-09-04-2026/event/0E00646DAB4C8AAD
Atlanta,GA,https://www.ticketmaster.com/bleachers-forever-atlanta-georgia-10-05-2026/event/0E00646AD2B5C1C0
Atlanta,GA,https://www.ticketmaster.com/universoul-circus-atlanta-georgia-05-06-2026/event/0E00647FF0579502
Atlanta,GA,https://www.ticketmaster.com/universoul-circus-atlanta-georgia-05-07-2026/event/0E006479FA783241
Atlanta,GA,https://www.ticketmaster.com/universoul-circus-atlanta-georgia-05-08-2026/event/0E006479FA7C3245
Atlanta,GA,https://www.ticketmaster.com/universoul-circus-atlanta-georgia-05-09-2026/event/0E006479FA853260
Atlanta,GA,https://www.ticketmaster.com/universoul-circus-atlanta-georgia-05-09-2026/event/0E006479FA803252
Atlanta,GA,https://www.ticketmaster.com/universoul-circus-atlanta-georgia-05-09-2026/event/0E006479FA893268
Atlanta,GA,https://www.ticketmaster.com/universoul-circus-atlanta-georgia-05-10-2026/event/0E006479FA923277
Atlanta,GA,https://www.ticketmaster.com/universoul-circus-atlanta-georgia-05-10-2026/event/0E006479FA8D3270
Atlanta,GA,https://www.ticketmaster.com/universoul-circus-atlanta-georgia-05-10-2026/event/0E006479FA963283
Atlanta,GA,https://www.ticketmaster.com/universoul-circus-atlanta-georgia-05-14-2026/event/0E006479FA9A328F
Austin,TX,https://www.ticketmaster.com/yeri-mua-baddie-tour-austin-texas-05-31-2026/event/3A00644CD0436177
Austin,TX,https://www.ticketmaster.com/jigitz-austin-texas-06-26-2026/event/3A0064299E957780
Austin,TX,https://www.ticketmaster.com/deer-tick-austin-texas-10-16-2026/event/3A006463EEAFF085
Austin,TX,https://www.ticketmaster.com/haute-freddys-big-disgrace-tour-austin-texas-09-20-2026/event/3A006457F35274A2
Austin,TX,https://www.ticketmaster.com/vacations-the-holy-grail-tour-w-austin-texas-06-08-2026/event/3A00647BA94AC071
Austin,TX,https://www.ticketmaster.com/vacations-the-holy-grail-tour-w-austin-texas-06-09-2026/event/3A006475E51D3011
Austin,TX,https://www.ticketmaster.com/event/Z7r9jZ1A7qVjP
Austin,TX,https://www.ticketmaster.com/event/Z7r9jZ1A7QAp4
Austin,TX,https://www.ticketmaster.com/event/Z7r9jZ1A7QApp
Austin,TX,https://www.ticketmaster.com/event/Z7r9jZ1A7QAp9
Austin,TX,https://www.ticketmaster.com/event/Z7r9jZ1A7QApb
Austin,TX,https://www.ticketmaster.com/event/Z7r9jZ1A7QAp_
Austin,TX,https://www.ticketmaster.com/event/Z7r9jZ1A7QAbZ
Austin,TX,https://www.ticketmaster.com/event/Z7r9jZ1A7QAbv
Austin,TX,https://www.ticketmaster.com/event/Z7r9jZ1A7QAbe
Austin,TX,https://www.ticketmaster.com/event/Z7r9jZ1A7QAb7
Austin,TX,https://www.ticketmaster.com/event/Z7r9jZ1A7QAbd
Austin,TX,https://www.ticketmaster.com/event/Z7r9jZ1A7QAbA
Austin,TX,https://www.ticketmaster.com/event/Z7r9jZ1A7QAbk
Austin,TX,https://www.ticketmaster.com/event/Z7r9jZ1A7QAb6
Orlando,FL,https://www.ticketmaster.com/event/Z7r9jZ1A7-b_e
Orlando,FL,https://www.ticketmaster.com/event/Z7r9jZ1A7-b_7
Orlando,FL,https://www.ticketmaster.com/event/Z7r9jZ1A7-b_A
Orlando,FL,https://www.ticketmaster.com/event/Z7r9jZ1A7-b_k
Orlando,FL,https://www.ticketmaster.com/event/Z7r9jZ1A7-b_6
Orlando,FL,https://www.ticketmaster.com/event/Z7r9jZ1A7-b_F
Orlando,FL,https://www.ticketmaster.com/event/Z7r9jZ1A7-b_a
Orlando,FL,https://www.ticketmaster.com/event/Z7r9jZ1A7-b_8
Orlando,FL,https://www.ticketmaster.com/event/Z7r9jZ1A7-b_o
Orlando,FL,https://www.ticketmaster.com/event/Z7r9jZ1A7-b_3
Orlando,FL,https://www.ticketmaster.com/event/Z7r9jZ1A7-b_K
Orlando,FL,https://www.ticketmaster.com/event/Z7r9jZ1A7-b_4
Orlando,FL,https://www.ticketmaster.com/event/Z7r9jZ1A7-b_f
Orlando,FL,https://www.ticketmaster.com/event/Z7r9jZ1A7-b_p
Orlando,FL,https://www.ticketmaster.com/event/Z7r9jZ1A7-b_9
Orlando,FL,https://www.ticketmaster.com/event/Z7r9jZ1A7-b_b
Orlando,FL,https://www.ticketmaster.com/event/Z7r9jZ1A7-b__
Orlando,FL,https://www.ticketmaster.com/event/Z7r9jZ1A7-b_-
Orlando,FL,https://www.ticketmaster.com/event/Z7r9jZ1A7-b_O
Orlando,FL,https://www.ticketmaster.com/event/Z7r9jZ1A7-bq7
Nashville,TN,https://www.ticketmaster.com/nashville-sounds-vs-jacksonville-jumbo-shrimp-nashville-tennessee-07-04-2026/event/1B00642C79264D00
Nashville,TN,https://www.ticketmaster.com/nashville-sounds-vs-jacksonville-jumbo-shrimp-nashville-tennessee-07-05-2026/event/1B00642C792B4D13
Nashville,TN,https://www.ticketmaster.com/nashville-sounds-vs-charlotte-knights-nashville-tennessee-07-28-2026/event/1B00642C79404D54
Nashville,TN,https://www.ticketmaster.com/nashville-sounds-vs-charlotte-knights-nashville-tennessee-07-29-2026/event/1B00642C79454D65
Nashville,TN,https://www.ticketmaster.com/nashville-sounds-vs-charlotte-knights-nashville-tennessee-07-30-2026/event/1B00642C794A4D6C
Nashville,TN,https://www.ticketmaster.com/nashville-sounds-vs-charlotte-knights-nashville-tennessee-07-31-2026/event/1B00642C794F4D70
Nashville,TN,https://www.ticketmaster.com/nashville-sounds-vs-charlotte-knights-nashville-tennessee-08-01-2026/event/1B00642C79544D77
Nashville,TN,https://www.ticketmaster.com/nashville-sounds-vs-charlotte-knights-nashville-tennessee-08-02-2026/event/1B00642C79594D7C
Atlanta,GA,https://www.ticketmaster.com/universoul-circus-atlanta-georgia-05-15-2026/event/0E006479FA9E3293
Atlanta,GA,https://www.ticketmaster.com/universoul-circus-atlanta-georgia-05-16-2026/event/0E006479FAA2329A
Atlanta,GA,https://www.ticketmaster.com/universoul-circus-atlanta-georgia-05-16-2026/event/0E006479FAAB32B0
Atlanta,GA,https://www.ticketmaster.com/universoul-circus-atlanta-georgia-05-16-2026/event/0E006479FAA6329F
Atlanta,GA,https://www.ticketmaster.com/universoul-circus-atlanta-georgia-05-17-2026/event/0E006479FAB732E5
Atlanta,GA,https://www.ticketmaster.com/universoul-circus-atlanta-georgia-05-17-2026/event/0E006479FAB332DA
Atlanta,GA,https://www.ticketmaster.com/universoul-circus-atlanta-georgia-05-17-2026/event/0E006479FAAF32BC
Atlanta,GA,https://www.ticketmaster.com/universoul-circus-atlanta-georgia-05-21-2026/event/0E006479FABB32EC
Atlanta,GA,https://www.ticketmaster.com/universoul-circus-atlanta-georgia-05-22-2026/event/0E006479FABF32F6
Atlanta,GA,https://www.ticketmaster.com/universoul-circus-atlanta-georgia-05-23-2026/event/0E006479FACC330D
Atlanta,GA,https://www.ticketmaster.com/universoul-circus-atlanta-georgia-05-23-2026/event/0E006479FAC432FD
Atlanta,GA,https://www.ticketmaster.com/universoul-circus-atlanta-georgia-05-23-2026/event/0E006479FAC83304
Atlanta,GA,https://www.ticketmaster.com/universoul-circus-atlanta-georgia-05-24-2026/event/0E006479FAD83325
Atlanta,GA,https://www.ticketmaster.com/universoul-circus-atlanta-georgia-05-24-2026/event/0E006479FAD13317
Atlanta,GA,https://www.ticketmaster.com/universoul-circus-atlanta-georgia-05-24-2026/event/0E006479FAD53321
Atlanta,GA,https://www.ticketmaster.com/universoul-circus-atlanta-georgia-05-25-2026/event/0E006479FADC3329
Atlanta,GA,https://www.ticketmaster.com/universoul-circus-atlanta-georgia-05-25-2026/event/0E006479FAE1332C
Atlanta,GA,https://www.ticketmaster.com/universoul-circus-atlanta-georgia-05-28-2026/event/0E006479FAE53336
Atlanta,GA,https://www.ticketmaster.com/universoul-circus-atlanta-georgia-05-29-2026/event/0E006479FAE9333E
Atlanta,GA,https://www.ticketmaster.com/universoul-circus-atlanta-georgia-05-30-2026/event/0E006479FAEE3343
Austin,TX,https://www.ticketmaster.com/event/Z7r9jZ1A7QAbF
Austin,TX,https://www.ticketmaster.com/event/Z7r9jZ1A7QAb8
Austin,TX,https://www.ticketmaster.com/event/Z7r9jZ1A7QAba
Austin,TX,https://www.ticketmaster.com/event/Z7r9jZ1A7QAbo
Austin,TX,https://www.ticketmaster.com/event/Z7r9jZ1A7QAb3
Austin,TX,https://www.ticketmaster.com/event/Z7r9jZ1A7QAbK
Austin,TX,https://www.ticketmaster.com/event/Z7r9jZ1A7QAbf
Austin,TX,https://www.ticketmaster.com/event/Z7r9jZ1A7QAb4
Austin,TX,https://www.ticketmaster.com/event/Z7r9jZ1A7QAbp
Austin,TX,https://www.ticketmaster.com/event/Z7r9jZ1A7QAb9
Austin,TX,https://www.ticketmaster.com/event/Z7r9jZ1A7QAbb
Austin,TX,https://www.ticketmaster.com/event/Z7r9jZ1A7QAb_
Austin,TX,https://www.ticketmaster.com/event/Z7r9jZ1A7QAbO
Austin,TX,https://www.ticketmaster.com/event/Z7r9jZ1A7QAb-
Austin,TX,https://www.ticketmaster.com/event/Z7r9jZ1A7QAbN
Austin,TX,https://www.ticketmaster.com/event/Z7r9jZ1A7QAbx
Austin,TX,https://www.ticketmaster.com/event/Z7r9jZ1A7QAb0
Austin,TX,https://www.ticketmaster.com/event/Z7r9jZ1A7QAbP
Austin,TX,https://www.ticketmaster.com/event/Z7r9jZ1A7QAbJ
Austin,TX,https://www.ticketmaster.com/event/Z7r9jZ1A7QAbE
Orlando,FL,https://www.ticketmaster.com/event/Z7r9jZ1A7-bqe
Orlando,FL,https://www.ticketmaster.com/event/Z7r9jZ1A7-bqF
Orlando,FL,https://www.ticketmaster.com/event/Z7r9jZ1A7-bqk
Orlando,FL,https://www.ticketmaster.com/event/Z7r9jZ1A7-bq8
Orlando,FL,https://www.ticketmaster.com/event/Z7r9jZ1A7-bqK
Orlando,FL,https://www.ticketmaster.com/event/Z7r9jZ1A7-bq4
Orlando,FL,https://www.ticketmaster.com/event/Z7r9jZ1A7-bq9
Orlando,FL,https://www.ticketmaster.com/event/Z7r9jZ1A7-bq-
Orlando,FL,https://www.ticketmaster.com/event/Z7r9jZ1A7-bq_
Orlando,FL,https://www.ticketmaster.com/event/Z7r9jZ1A7-bqN
Orlando,FL,https://www.ticketmaster.com/event/Z7r9jZ1A7-bqP
Orlando,FL,https://www.ticketmaster.com/event/Z7r9jZ1A7-bqE
Orlando,FL,https://www.ticketmaster.com/event/Z7r9jZ1A7-bqt
Orlando,FL,https://www.ticketmaster.com/event/Z7r9jZ1A7-bqs
Orlando,FL,https://www.ticketmaster.com/event/Z7r9jZ1A7-bqS
Orlando,FL,https://www.ticketmaster.com/event/Z7r9jZ1A7-bqM
Orlando,FL,https://www.ticketmaster.com/event/Z7r9jZ1A7-bqg
Orlando,FL,https://www.ticketmaster.com/event/Z7r9jZ1A7-bqy
Orlando,FL,https://www.ticketmaster.com/event/Z7r9jZ1A7-brv
Orlando,FL,https://www.ticketmaster.com/event/Z7r9jZ1A7-brd
Nashville,TN,https://www.ticketmaster.com/nashville-sounds-vs-indianapolis-indians-nashville-tennessee-08-11-2026/event/1B00642C795E4D82
Nashville,TN,https://www.ticketmaster.com/nashville-sounds-vs-indianapolis-indians-nashville-tennessee-08-12-2026/event/1B00642C79634D89
Nashville,TN,https://www.ticketmaster.com/nashville-sounds-vs-indianapolis-indians-nashville-tennessee-08-13-2026/event/1B00642C79684D8F
Nashville,TN,https://www.ticketmaster.com/nashville-sounds-vs-indianapolis-indians-nashville-tennessee-08-14-2026/event/1B00642C796D4DA3
Nashville,TN,https://www.ticketmaster.com/nashville-sounds-vs-indianapolis-indians-nashville-tennessee-08-15-2026/event/1B00642C79724DAD
Nashville,TN,https://www.ticketmaster.com/nashville-sounds-vs-indianapolis-indians-nashville-tennessee-08-16-2026/event/1B00642C79774DB6
Nashville,TN,https://www.ticketmaster.com/nashville-sounds-vs-louisville-bats-nashville-tennessee-09-01-2026/event/1B00642C797C4DBA
Nashville,TN,https://www.ticketmaster.com/nashville-sounds-vs-louisville-bats-nashville-tennessee-09-02-2026/event/1B00642C79814DBF
Nashville,TN,https://www.ticketmaster.com/nashville-sounds-vs-louisville-bats-nashville-tennessee-09-03-2026/event/1B00642C79854DC4
Nashville,TN,https://www.ticketmaster.com/nashville-sounds-vs-louisville-bats-nashville-tennessee-09-04-2026/event/1B00642C798A4DCD
Atlanta,GA,https://www.ticketmaster.com/universoul-circus-atlanta-georgia-05-30-2026/event/0E006479FAF23348
Atlanta,GA,https://www.ticketmaster.com/universoul-circus-atlanta-georgia-05-30-2026/event/0E006479FAF6334E
Atlanta,GA,https://www.ticketmaster.com/universoul-circus-atlanta-georgia-05-31-2026/event/0E006479FAFF3363
Atlanta,GA,https://www.ticketmaster.com/universoul-circus-atlanta-georgia-05-31-2026/event/0E006479FAFB335D
Atlanta,GA,https://www.ticketmaster.com/universoul-circus-atlanta-georgia-05-31-2026/event/0E006479FB03336B
Atlanta,GA,https://www.ticketmaster.com/lany-soft-world-tour-atlanta-georgia-04-22-2026/event/0E00634AA0F450B7
Atlanta,GA,https://www.ticketmaster.com/grupo-duelo-gravedad-tour-2026-atlanta-georgia-10-03-2026/event/0E00645BB631D0BA
Atlanta,GA,https://www.ticketmaster.com/the-black-keys-peaches-n-kream-atlanta-georgia-04-26-2026/event/0E006442D0CC823F
Atlanta,GA,https://www.ticketmaster.com/the-black-keys-peaches-n-kream-atlanta-georgia-04-27-2026/event/0E006442D0CF8242
Atlanta,GA,https://www.ticketmaster.com/stephen-wilson-jr-gary-the-torch-atlanta-georgia-12-09-2026/event/0E00646C935560A9
Atlanta,GA,https://www.ticketmaster.com/lord-huron-atlanta-georgia-08-01-2026/event/0E006472AEA89978
Atlanta,GA,https://www.ticketmaster.com/dance-gavin-dance-with-special-guests-atlanta-georgia-06-06-2026/event/0E00644CC26FD555
Atlanta,GA,https://www.ticketmaster.com/train-drops-of-jupiter-25-years-alpharetta-georgia-07-11-2026/event/0E00636495897965
Atlanta,GA,https://www.ticketmaster.com/elmiene-sounds-for-someone-tour-atlanta-georgia-05-15-2026/event/0E006435A3B48ED9
Atlanta,GA,https://www.ticketmaster.com/madison-beer-the-locket-tour-atlanta-georgia-07-01-2026/event/0E00642CC564714C
Atlanta,GA,https://www.ticketmaster.com/alter-bridge-what-lies-within-tour-atlanta-georgia-04-26-2026/event/0E00631C11C56DAF
Atlanta,GA,https://www.ticketmaster.com/sabaton-legends-on-tour-atlanta-georgia-12-08-2026/event/0E006329A34D31F8
Atlanta,GA,https://www.ticketmaster.com/electric-callboy-tanzneid-world-tour-atlanta-georgia-05-23-2026/event/0E00634FD8EF8308
Atlanta,GA,https://www.ticketmaster.com/feid-vs-ferxxo-falxo-tour-el-atlanta-georgia-04-14-2026/event/0E00647416BBC4B9
Atlanta,GA,https://www.ticketmaster.com/bilmuri-kinda-hard-tour-atlanta-georgia-05-05-2026/event/0E0063849BE19394
Austin,TX,https://www.ticketmaster.com/event/Z7r9jZ1A7QAbI
Austin,TX,https://www.ticketmaster.com/event/Z7r9jZ1A7QAbY
Austin,TX,https://www.ticketmaster.com/event/Z7r9jZ1A7QAbt
Austin,TX,https://www.ticketmaster.com/event/Z7r9jZ1A7QAbs
Austin,TX,https://www.ticketmaster.com/event/Z7r9jZ1A7QAbw
Austin,TX,https://www.ticketmaster.com/event/Z7r9jZ1A7QAuv
Austin,TX,https://www.ticketmaster.com/event/Z7r9jZ1A7QAue
Austin,TX,https://www.ticketmaster.com/event/Z7r9jZ1A7QAud
Austin,TX,https://www.ticketmaster.com/event/Z7r9jZ1A7QAu7
Austin,TX,https://www.ticketmaster.com/event/Z7r9jZ1A7QAuA
Austin,TX,https://www.ticketmaster.com/event/Z7r9jZ1A7QAuk
Austin,TX,https://www.ticketmaster.com/event/Z7r9jZ1A7QAu6
Austin,TX,https://www.ticketmaster.com/event/Z7r9jZ1A7QAuF
Austin,TX,https://www.ticketmaster.com/event/Z7r9jZ1A7QAua
Austin,TX,https://www.ticketmaster.com/event/Z7r9jZ1A7QAu8
Austin,TX,https://www.ticketmaster.com/event/Z7r9jZ1A7QAuo
Austin,TX,https://www.ticketmaster.com/event/Z7r9jZ1A7QAu3
Austin,TX,https://www.ticketmaster.com/event/Z7r9jZ1A7QAuK
Austin,TX,https://www.ticketmaster.com/event/Z7r9jZ1A7QAuf
Austin,TX,https://www.ticketmaster.com/event/Z7r9jZ1A7QAu4
Orlando,FL,https://www.ticketmaster.com/event/Z7r9jZ1A7-brk
Orlando,FL,https://www.ticketmaster.com/event/Z7r9jZ1A7-bra
Orlando,FL,https://www.ticketmaster.com/event/Z7r9jZ1A7-bro
Orlando,FL,https://www.ticketmaster.com/event/Z7r9jZ1A7-br4
Orlando,FL,https://www.ticketmaster.com/event/Z7r9jZ1A7-brK
Orlando,FL,https://www.ticketmaster.com/event/Z7r9jZ1A7-br9
Orlando,FL,https://www.ticketmaster.com/event/Z7r9jZ1A7-br_
Orlando,FL,https://www.ticketmaster.com/event/Z7r9jZ1A7-bOd
Orlando,FL,https://www.ticketmaster.com/event/Z7r9jZ1A7-bOv
Orlando,FL,https://www.ticketmaster.com/event/Z7r9jZ1A7-bOA
Orlando,FL,https://www.ticketmaster.com/event/Z7r9jZ1A7-bO6
Orlando,FL,https://www.ticketmaster.com/event/Z7r9jZ1A7-bOa
Orlando,FL,https://www.ticketmaster.com/event/Z7r9jZ1A7-bOo
Orlando,FL,https://www.ticketmaster.com/event/Z7r9jZ1A7-bO4
Orlando,FL,https://www.ticketmaster.com/event/Z7r9jZ1A7-bOK
Orlando,FL,https://www.ticketmaster.com/event/Z7r9jZ1A7-bO9
Orlando,FL,https://www.ticketmaster.com/event/Z7r9jZ1A7-bOb
Orlando,FL,https://www.ticketmaster.com/event/Z7r9jZ1A7-bxf
Orlando,FL,https://www.ticketmaster.com/event/Z7r9jZ1A7-bx4
Orlando,FL,https://www.ticketmaster.com/event/Z7r9jZ1A7-bx9
Nashville,TN,https://www.ticketmaster.com/nashville-sounds-vs-louisville-bats-nashville-tennessee-09-05-2026/event/1B00642C798F4DD9
Nashville,TN,https://www.ticketmaster.com/nashville-sounds-vs-louisville-bats-nashville-tennessee-09-06-2026/event/1B00642C79944DEA
Nashville,TN,https://www.ticketmaster.com/nashville-sounds-vs-memphis-redbirds-nashville-tennessee-09-15-2026/event/1B00642C79994DF3
Nashville,TN,https://www.ticketmaster.com/nashville-sounds-vs-memphis-redbirds-nashville-tennessee-09-16-2026/event/1B00642C799E4E0C
Nashville,TN,https://www.ticketmaster.com/nashville-sounds-vs-memphis-redbirds-nashville-tennessee-09-17-2026/event/1B00642C79A34E10
Nashville,TN,https://www.ticketmaster.com/nashville-sounds-vs-memphis-redbirds-nashville-tennessee-09-18-2026/event/1B00642C79A94E17
Nashville,TN,https://www.ticketmaster.com/nashville-sounds-vs-memphis-redbirds-nashville-tennessee-09-19-2026/event/1B00642C79AE4E1A
Nashville,TN,https://www.ticketmaster.com/nashville-sounds-vs-memphis-redbirds-nashville-tennessee-09-20-2026/event/1B00642C79B44E2D
Nashville,TN,https://www.ticketmaster.com/event/Z7r9jZ1A7-81Z
Nashville,TN,https://www.ticketmaster.com/event/Z7r9jZ1A7-8Pw
Nashville,TN,https://www.ticketmaster.com/event/Z7r9jZ1A7-8J7
Nashville,TN,https://www.ticketmaster.com/event/Z7r9jZ1A7-p49
Atlanta,GA,https://www.ticketmaster.com/derek-hough-symphony-of-dance-encore-atlanta-georgia-08-08-2026/event/0E00636ABB6C94CD
Atlanta,GA,https://www.ticketmaster.com/dethklok-amon-amarth-the-amonklok-conquest-atlanta-georgia-05-09-2026/event/0E006384B724B2D3
Atlanta,GA,https://www.ticketmaster.com/ashnikko-smoochies-tour-atlanta-georgia-05-02-2026/event/0E006329D9E256A9
Atlanta,GA,https://www.ticketmaster.com/brooks-dunn-neon-moon-tour-2026-alpharetta-georgia-09-11-2026/event/0E00645297E68C45
Atlanta,GA,https://www.ticketmaster.com/yeat-the-lovelyfe-tour-atlanta-georgia-07-30-2026/event/0E00647A8D2E5C28
Atlanta,GA,https://www.ticketmaster.com/tim-mcgraw-pawn-shop-guitar-tour-alpharetta-georgia-09-24-2026/event/0E00644296A04458
Atlanta,GA,https://www.ticketmaster.com/an-evening-with-pinkpantheress-atlanta-georgia-04-30-2026/event/0E006385F768E8C8
Atlanta,GA,https://www.ticketmaster.com/an-evening-with-pinkpantheress-atlanta-georgia-05-01-2026/event/0E006385F7E4E946
Atlanta,GA,https://www.ticketmaster.com/grupo-bryndis-industria-del-amor-guardianes-atlanta-georgia-05-17-2026/event/0E006428C6EB7A14
Atlanta,GA,https://www.ticketmaster.com/amyl-and-the-sniffers-atlanta-georgia-10-04-2026/event/0E00646BAB87882C
Atlanta,GA,https://www.ticketmaster.com/dave-atlanta-georgia-04-14-2026/event/0E006379BF57918A
Atlanta,GA,https://www.ticketmaster.com/david-and-tamela-mann-the-love-atlanta-georgia-04-17-2026/event/0E006383A0228BAB
Atlanta,GA,https://www.ticketmaster.com/baby-keem-the-caino-tour-atlanta-georgia-04-19-2026/event/0E006446992D61E7
Atlanta,GA,https://www.ticketmaster.com/baby-keem-the-caino-tour-atlanta-georgia-04-20-2026/event/0E00644699406251
Atlanta,GA,https://www.ticketmaster.com/raye-this-tour-may-contain-new-atlanta-georgia-04-28-2026/event/0E006330BA6E453A
Atlanta,GA,https://www.ticketmaster.com/dropout-improv-spring-2026-tour-atlanta-georgia-04-21-2026/event/0E006468FEB7CAB6
Atlanta,GA,https://www.ticketmaster.com/sammy-virji-north-america-tour-2026-atlanta-georgia-05-08-2026/event/0E006449FB37A2B2
Atlanta,GA,https://www.ticketmaster.com/ca7riel-paco-amoroso-free-spirits-world-atlanta-georgia-06-10-2026/event/0E006473B3EDBCE5
Atlanta,GA,https://www.ticketmaster.com/ammy-virk-atlanta-georgia-08-21-2026/event/0E0064718C9845DA
Atlanta,GA,https://www.ticketmaster.com/freya-skye-stars-align-tour-atlanta-georgia-10-12-2026/event/0E00644AC5BD9CAA
Austin,TX,https://www.ticketmaster.com/event/Z7r9jZ1A7QAu9
Austin,TX,https://www.ticketmaster.com/event/Z7r9jZ1A7QAup
Austin,TX,https://www.ticketmaster.com/event/Z7r9jZ1A7QAub
Austin,TX,https://www.ticketmaster.com/event/Z7r9jZ1A7QAu_
Austin,TX,https://www.ticketmaster.com/event/Z7r9jZ1A7QAuO
Austin,TX,https://www.ticketmaster.com/event/Z7r9jZ1A7QAu-
Austin,TX,https://www.ticketmaster.com/event/Z7r9jZ1A7QAuN
Austin,TX,https://www.ticketmaster.com/event/Z7r9jZ1A7QAux
Austin,TX,https://www.ticketmaster.com/event/Z7r9jZ1A7QAu0
Austin,TX,https://www.ticketmaster.com/event/Z7r9jZ1A7QAuP
Austin,TX,https://www.ticketmaster.com/event/Z7r9jZ1A7QAuJ
Austin,TX,https://www.ticketmaster.com/event/Z7r9jZ1A7QAuE
Austin,TX,https://www.ticketmaster.com/event/Z7r9jZ1A7QAuI
Austin,TX,https://www.ticketmaster.com/event/Z7r9jZ1A7QAut
Austin,TX,https://www.ticketmaster.com/event/Z7r9jZ1A7QAuY
Austin,TX,https://www.ticketmaster.com/event/Z7r9jZ1A7QAus
Austin,TX,https://www.ticketmaster.com/event/Z7r9jZ1A7QAuw
Austin,TX,https://www.ticketmaster.com/event/Z7r9jZ1A7QAuS
Austin,TX,https://www.ticketmaster.com/event/Z7r9jZ1A7QAuV
Austin,TX,https://www.ticketmaster.com/event/Z7r9jZ1A7QAuU
Orlando,FL,https://www.ticketmaster.com/event/Z7r9jZ1A7-bxp
Orlando,FL,https://www.ticketmaster.com/event/Z7r9jZ1A7-bx_
Orlando,FL,https://www.ticketmaster.com/event/Z7r9jZ1A7-bxb
Orlando,FL,https://www.ticketmaster.com/event/Z7r9jZ1A7-b0Z
Orlando,FL,https://www.ticketmaster.com/event/Z7r9jZ1A7-b0v
Orlando,FL,https://www.ticketmaster.com/event/Z7r9jZ1A7-b0e
Orlando,FL,https://www.ticketmaster.com/event/Z7r9jZ1A7-b0d
Orlando,FL,https://www.ticketmaster.com/event/Z7r9jZ1A7-b07
Orlando,FL,https://www.ticketmaster.com/event/Z7r9jZ1A7-b0A
Orlando,FL,https://www.ticketmaster.com/event/Z7r9jZ1A7-b06
Orlando,FL,https://www.ticketmaster.com/event/Z7r9jZ1A7-b0k
Orlando,FL,https://www.ticketmaster.com/event/Z7r9jZ1A7-b0F
Orlando,FL,https://www.ticketmaster.com/event/Z7r9jZ1A7-b0a
Orlando,FL,https://www.ticketmaster.com/event/Z7r9jZ1A7-b08
Orlando,FL,https://www.ticketmaster.com/event/Z7r9jZ1A7-b0o
Orlando,FL,https://www.ticketmaster.com/event/Z7r9jZ1A7-b03
Orlando,FL,https://www.ticketmaster.com/event/Z7r9jZ1A7-b0K
Orlando,FL,https://www.ticketmaster.com/event/Z7r9jZ1A7-b04
Orlando,FL,https://www.ticketmaster.com/event/Z7r9jZ1A7-b0f
Orlando,FL,https://www.ticketmaster.com/event/Z7r9jZ1A7-b09
Nashville,TN,https://www.ticketweb.com/event/the-kid-laroi-marathon-music-works-tickets/14150634
Nashville,TN,https://www.ticketmaster.com/event/Z7r9jZ1A7-P77
Nashville,TN,https://www.ticketmaster.com/event/Z7r9jZ1A7-F__
Nashville,TN,https://www.ticketmaster.com/kevin-gates-nashville-tennessee-10-24-2026/event/1B00646D9A90C2D5
Nashville,TN,https://www.ticketmaster.com/event/Z7r9jZ1A7-koy
Nashville,TN,https://www.ticketmaster.com/event/Z7r9jZ1A7OM-o
Nashville,TN,https://www.ticketmaster.com/event/Z7r9jZ1A7--_E
Nashville,TN,https://www.ticketmaster.com/two-friends-presents-big-boots-land-nashville-tennessee-12-05-2026/event/1B00646DD4067882
Nashville,TN,https://www.ticketmaster.com/event/Z7r9jZ1A7-V_K
Nashville,TN,https://www.ticketmaster.com/event/Z7r9jZ1A7O60o
Nashville,TN,https://www.ticketmaster.com/event/Z7r9jZ1A7O603
Nashville,TN,https://www.ticketmaster.com/event/Z7r9jZ1A7O60K
Nashville,TN,https://www.ticketmaster.com/event/Z7r9jZ1A7OZpF
Nashville,TN,https://www.ticketmaster.com/event/Z7r9jZ1A7OZp6
Nashville,TN,https://www.ticketmaster.com/team-boxing-league-presents-phoenix-fury-nashville-tennessee-04-17-2026/event/1B006473E828E8C9
Nashville,TN,https://www.ticketmaster.com/team-boxing-league-presents-miami-assassins-nashville-tennessee-05-31-2026/event/1B006473E82CE8CD
Nashville,TN,https://www.ticketmaster.com/team-boxing-league-presents-atlanta-attack-nashville-tennessee-06-12-2026/event/1B006473E82FE8D6
Nashville,TN,https://www.ticketmaster.com/event/Z7r9jZ1A7-Fj-
Nashville,TN,https://www.ticketmaster.com/event/Z7r9jZ1A7OKvP
Atlanta,GA,https://www.ticketmaster.com/parker-mccollum-alpharetta-georgia-07-18-2026/event/0E00634DBA1866AE
Atlanta,GA,https://www.ticketmaster.com/the-beach-boys-atlanta-georgia-07-17-2026/event/0E00646CC1CDA0C4
Atlanta,GA,https://www.ticketmaster.com/james-taylor-and-his-all-star-atlanta-georgia-09-17-2026/event/0E0064269F4F4583
Atlanta,GA,https://www.ticketmaster.com/james-taylor-and-his-all-star-atlanta-georgia-09-18-2026/event/0E0064269F5C45C3
Atlanta,GA,https://www.ticketmaster.com/dogstar-all-in-now-tour-atlanta-georgia-08-04-2026/event/0E00646392916C24
Atlanta,GA,https://www.ticketmaster.com/noah-kahan-the-great-divide-tour-atlanta-georgia-07-27-2026/event/0E006441FD01CA39
Atlanta,GA,https://www.ticketmaster.com/rema-rave-roses-north-american-tour-atlanta-georgia/event/0E005E93CC8241D7
Atlanta,GA,https://www.ticketmaster.com/buddy-guy-90-atlanta-georgia-08-20-2026/event/0E006443CDC888D6
Atlanta,GA,https://www.ticketmaster.com/sting-30-tour-atlanta-georgia-05-15-2026/event/0E006339E37F6D90
Atlanta,GA,https://www.ticketmaster.com/guster-with-the-atlanta-symphony-orchestra-atlanta-georgia-10-16-2026/event/0E006473F3001D3D
Atlanta,GA,https://www.ticketmaster.com/guster-with-the-atlanta-symphony-orchestra-atlanta-georgia-10-17-2026/event/0E006471D1C6B420
Atlanta,GA,https://www.ticketmaster.com/blue-october-foiled-20th-anniversary-world-atlanta-georgia-11-22-2026/event/0E006470C3E3B192
Atlanta,GA,https://www.ticketmaster.com/calum-scott-the-avenoir-tour-2026-atlanta-georgia-04-17-2026/event/0E0062839C5450A8
Atlanta,GA,https://www.ticketmaster.com/houndmouth-atlanta-georgia-05-02-2026/event/0E0063829FC27A52
Atlanta,GA,https://www.ticketmaster.com/san-holo-presents-true-love-in-atlanta-georgia-10-16-2026/event/0E0064781AC7559A
Atlanta,GA,https://www.ticketmaster.com/one-night-of-queen-atlanta-georgia-05-12-2026/event/0E006427E2F9865A
Atlanta,GA,https://www.ticketmaster.com/satchvai-band-ft-joe-satriani-steve-atlanta-georgia-04-27-2026/event/0E006384A1B19B50
Atlanta,GA,https://www.ticketmaster.com/killswitch-engage-atlanta-georgia-06-17-2026/event/0E006457AC90A502
Atlanta,GA,https://www.ticketmaster.com/riley-green-cowboy-as-it-gets-alpharetta-georgia-05-08-2026/event/0E00632A9F7A2AE0
Atlanta,GA,https://www.ticketmaster.com/riley-green-cowboy-as-it-gets-alpharetta-georgia-05-09-2026/event/0E00632BD5DC3E75
Austin,TX,https://www.ticketmaster.com/event/Z7r9jZ1A7QAug
Austin,TX,https://www.ticketmaster.com/event/Z7r9jZ1A7QAuM
Austin,TX,https://www.ticketmaster.com/event/Z7r9jZ1A7QAuz
Austin,TX,https://www.ticketmaster.com/event/Z7r9jZ1A7QACZ
Austin,TX,https://www.ticketmaster.com/event/Z7r9jZ1A7QACv
Austin,TX,https://www.ticketmaster.com/event/Z7r9jZ1A7QACe
Austin,TX,https://www.ticketmaster.com/event/Z7r9jZ1A7QAC7
Austin,TX,https://www.ticketmaster.com/event/Z7r9jZ1A7QACd
Austin,TX,https://www.ticketmaster.com/event/Z7r9jZ1A7QACA
Austin,TX,https://www.ticketmaster.com/event/Z7r9jZ1A7QACk
Austin,TX,https://www.ticketmaster.com/la-santa-cecilia-austin-texas-04-29-2026/event/3A00643BDF1CCCFD
Austin,TX,https://www.ticketmaster.com/event/Z7r9jZ1A7-688
Austin,TX,https://www.ticketmaster.com/girl-named-tom-austin-texas-06-10-2026/event/3A006430C63FCF53
Austin,TX,https://www.ticketmaster.com/americas-got-talent-austin-texas/event/3A00642DD8A6B2B0
Austin,TX,https://www.ticketmaster.com/pawpaw-rod-picture-day-tour-austin-texas-08-25-2026/event/3A00644DDA05B5A8
Austin,TX,https://www.ticketmaster.com/event/Z7r9jZ1A7-V0K
Austin,TX,https://www.ticketmaster.com/brigitte-calls-me-baby-irreversible-tour-austin-texas-05-05-2026/event/3A006425DA9B897D
Austin,TX,https://www.ticketmaster.com/prince-daddy-the-hyena-austin-texas-05-13-2026/event/3A00642ED9D0F24E
Austin,TX,https://www.ticketmaster.com/smells-like-nirvana-austin-texas-05-15-2026/event/3A006427C98896DD
Austin,TX,https://www.ticketmaster.com/austin-blues-fest-late-show-the-austin-texas-04-23-2026/event/3A006446D5841274
Orlando,FL,https://www.ticketmaster.com/event/Z7r9jZ1A7-b0p
Orlando,FL,https://www.ticketmaster.com/event/Z7r9jZ1A7-b0b
Orlando,FL,https://www.ticketmaster.com/event/Z7r9jZ1A7-b0_
Orlando,FL,https://www.ticketmaster.com/event/Z7r9jZ1A7-b0-
Orlando,FL,https://www.ticketmaster.com/event/Z7r9jZ1A7-b0O
Orlando,FL,https://www.ticketmaster.com/event/Z7r9jZ1A7-b0N
Orlando,FL,https://www.ticketmaster.com/event/Z7r9jZ1A7-b0x
Orlando,FL,https://www.ticketmaster.com/event/Z7r9jZ1A7-b00
Orlando,FL,https://www.ticketmaster.com/event/Z7r9jZ1A7-b0P
Orlando,FL,https://www.ticketmaster.com/event/Z7r9jZ1A7-b0J
Orlando,FL,https://www.ticketmaster.com/event/Z7r9jZ1A7-b0E
Orlando,FL,https://www.ticketmaster.com/event/Z7r9jZ1A7-b0I
Orlando,FL,https://www.ticketmaster.com/event/Z7r9jZ1A7-b0t
Orlando,FL,https://www.ticketmaster.com/event/Z7r9jZ1A7-b0Y
Orlando,FL,https://www.ticketmaster.com/event/Z7r9jZ1A7-b0s
Orlando,FL,https://www.ticketmaster.com/event/Z7r9jZ1A7-b0S
Orlando,FL,https://www.ticketmaster.com/event/Z7r9jZ1A7-b0w
Orlando,FL,https://www.ticketmaster.com/event/Z7r9jZ1A7-b0V
Orlando,FL,https://www.ticketmaster.com/event/Z7r9jZ1A7-b0g
Orlando,FL,https://www.ticketmaster.com/event/Z7r9jZ1A7-b0M
Nashville,TN,https://www.ticketmaster.com/event/Z7r9jZ1A7OKvN
Nashville,TN,https://www.ticketmaster.com/wyatt-flores-nashville-tennessee-11-21-2026/event/1B00646CA2A3BDC1
Nashville,TN,https://www.ticketmaster.com/jack-white-live-2026-nashville-tennessee-10-09-2026/event/1B006486AB20C541
Nashville,TN,https://www.ticketmaster.com/event/Z7r9jZ1A7-kvg
Nashville,TN,https://www.ticketmaster.com/beck-ride-lonesome-tour-nashville-tennessee-10-31-2026/event/1B00646CD68A37DC
Nashville,TN,https://www.ticketmaster.com/event/Z7r9jZ1A7-S04
Nashville,TN,https://www.ticketmaster.com/event/Z7r9jZ1A7rbqp
Nashville,TN,https://www.ticketmaster.com/event/Z7r9jZ1A7-6od
Nashville,TN,https://www.ticketmaster.com/scotty-mccreery-nashville-tennessee-12-03-2026/event/1B00646CC31AF858
Nashville,TN,https://www.ticketmaster.com/event/Z7r9jZ1A7-U7K
Nashville,TN,https://www.ticketmaster.com/event/Z7r9jZ1A7-xP3
Nashville,TN,https://www.ticketmaster.com/event/Z7r9jZ1A7-NZv
Nashville,TN,https://www.ticketmaster.com/event/Z7r9jZ1A7-NZ7
Nashville,TN,https://www.ticketmaster.com/event/Z7r9jZ1A7xd37
Nashville,TN,https://www.ticketmaster.com/event/Z7r9jZ1A7jK_4
Nashville,TN,https://www.ticketmaster.com/event/Z7r9jZ1A7-A3Z
Nashville,TN,https://www.ticketmaster.com/event/Z7r9jZ1A7-PvA
Nashville,TN,https://www.ticketmaster.com/event/Z7r9jZ1A7qO8O
Nashville,TN,https://www.ticketmaster.com/event/Z7r9jZ1A7OOfM
Nashville,TN,https://www.ticketweb.com/event/dance-gavin-dance-with-special-marathon-music-works-tickets/14156564
Atlanta,GA,https://www.ticketmaster.com/artemas-lovercore-getting-up-to-no-atlanta-georgia-10-07-2026/event/0E00647AE394FBD8
Atlanta,GA,https://www.ticketmaster.com/jordan-conducts-symphonie-fantastique-atlanta-georgia-04-16-2026/event/0E0062D9A10C3854
Atlanta,GA,https://www.ticketmaster.com/jordan-conducts-symphonie-fantastique-atlanta-georgia-04-18-2026/event/0E0062D9A10E3892
Atlanta,GA,https://www.ticketmaster.com/flores-performs-marquez-atlanta-georgia-04-23-2026/event/0E0062D9A27F3EC1
Atlanta,GA,https://www.ticketmaster.com/flores-performs-marquez-atlanta-georgia-04-25-2026/event/0E0062D9A2823ED8
Atlanta,GA,https://www.ticketmaster.com/america250-spano-conducts-rachmaninoff-atlanta-georgia-04-30-2026/event/0E0062D9A3403F3A
Atlanta,GA,https://www.ticketmaster.com/america250-spano-conducts-rachmaninoff-atlanta-georgia-05-02-2026/event/0E0062D9A3433F47
Atlanta,GA,https://www.ticketmaster.com/america250-spano-conducts-bernstein-atlanta-georgia-05-07-2026/event/0E0062D9A3EE3FF4
Atlanta,GA,https://www.ticketmaster.com/america250-spano-conducts-bernstein-atlanta-georgia-05-09-2026/event/0E0062D9A3F33FF6
Atlanta,GA,https://www.ticketmaster.com/mozarts-jupiter-symphony-aso-atlanta-georgia-05-14-2026/event/0E0062D9A4B6414B
Atlanta,GA,https://www.ticketmaster.com/mozarts-jupiter-symphony-aso-atlanta-georgia-05-15-2026/event/0E0062D9A4BA4152
Atlanta,GA,https://www.ticketmaster.com/stutzmann-conducts-tchaikovsky-atlanta-georgia-05-28-2026/event/0E0062D9968A29B8
Atlanta,GA,https://www.ticketmaster.com/stutzmann-conducts-tchaikovsky-atlanta-georgia-05-29-2026/event/0E00646DE2F8D727
Atlanta,GA,https://www.ticketmaster.com/stutzmann-conducts-tchaikovsky-atlanta-georgia-05-30-2026/event/0E0062D9968C2A25
Atlanta,GA,https://www.ticketmaster.com/stutzmann-mahlers-second-symphony-atlanta-georgia-06-04-2026/event/0E0062D9977B2E0B
Atlanta,GA,https://www.ticketmaster.com/stutzmann-mahlers-second-symphony-atlanta-georgia-06-06-2026/event/0E0062D9977D2E2E
Atlanta,GA,https://www.ticketmaster.com/stutzmann-mahlers-second-symphony-atlanta-georgia-06-07-2026/event/0E0062D997802E7E
Atlanta,GA,https://www.ticketmaster.com/an-evening-with-lettuce-and-the-atlanta-georgia-06-11-2026/event/0E00636DEEE9C5E3
Atlanta,GA,https://www.ticketmaster.com/st-vincent-live-with-the-atlanta-atlanta-georgia-06-23-2026/event/0E00646C98E9699D
Atlanta,GA,https://www.ticketmaster.com/mike-campbell-with-the-atlanta-symphony-atlanta-georgia-09-12-2026/event/0E00647FBCD1E1BE
Austin,TX,https://www.ticketmaster.com/abf-late-show-madam-radar-new-austin-texas-04-24-2026/event/3A006446D8801DE4
Austin,TX,https://www.ticketmaster.com/austin-blues-fest-late-show-dk-austin-texas-04-25-2026/event/3A006446D67A16D8
Austin,TX,https://www.ticketmaster.com/langhorne-slim-the-dreamin-kind-tour-austin-texas-04-14-2026/event/3A006367DDF7F2C2
Austin,TX,https://www.ticketmaster.com/ray-bull-please-stop-laughing-tour-austin-texas-06-07-2026/event/3A006449D79DBFA8
Austin,TX,https://www.ticketmaster.com/lil-ed-the-blues-imperials-austin-texas-05-01-2026/event/3A00646AC51FBE41
Austin,TX,https://www.ticketmaster.com/rhett-miller-austin-texas-05-02-2026/event/3A00646AC6D2C0C8
Austin,TX,https://www.ticketmaster.com/flyte-w-samantha-crain-austin-texas-04-27-2026/event/3A006282BA864693
Austin,TX,https://www.ticketmaster.com/delicate-steve-austin-texas-05-06-2026/event/3A00639F2E21D5BD
Austin,TX,https://www.ticketmaster.com/trill-sammy-austin-texas/event/3A006184CE1B483A
Austin,TX,https://www.ticketmaster.com/yung-kai-stay-with-the-ocean-austin-texas-04-13-2026/event/3A00634FD5FF8650
Austin,TX,https://www.ticketmaster.com/austin-salute-to-prince-grupo-fantasma-austin-texas-04-21-2026/event/3A0064638D3F61C6
Austin,TX,https://www.ticketmaster.com/sadie-jean-early-twenties-tourture-austin-texas-06-11-2026/event/3A00647E2C6D8FC1
Austin,TX,https://www.ticketmaster.com/lucy-bedroque-w-9lives-kuru-austin-texas-04-28-2026/event/3A00638B9FA376C9
Austin,TX,https://www.ticketmaster.com/buffalo-traffic-jam-austin-texas-04-30-2026/event/3A006434DC57F413
Austin,TX,https://www.ticketmaster.com/jay-worthy-rome-streetz-austin-texas-05-08-2026/event/3A00647DDC9A9121
Austin,TX,https://www.ticketmaster.com/camille-stites-album-release-birthday-bash-austin-texas-05-09-2026/event/3A006479CE4AF3CF
Austin,TX,https://www.ticketmaster.com/gelli-haha-where-in-the-world-austin-texas-05-10-2026/event/3A006430CC09D5A0
Austin,TX,https://www.ticketmaster.com/arts-fishing-club-austin-texas-05-16-2026/event/3A006361F4BCB47F
Austin,TX,https://www.ticketmaster.com/old-mervs-austin-texas-05-14-2026/event/3A00644DDF3FC034
Austin,TX,https://www.ticketmaster.com/the-altons-show-you-love-tour-austin-texas-06-04-2026/event/3A006463C57EC29C
Orlando,FL,https://www.ticketmaster.com/event/Z7r9jZ1A7-b0U
Orlando,FL,https://www.ticketmaster.com/event/Z7r9jZ1A7-b0y
Orlando,FL,https://www.ticketmaster.com/event/Z7r9jZ1A7-b0z
Orlando,FL,https://www.ticketmaster.com/event/Z7r9jZ1A7-bPZ
Orlando,FL,https://www.ticketmaster.com/event/Z7r9jZ1A7-bPv
Orlando,FL,https://www.ticketmaster.com/event/Z7r9jZ1A7-bPe
Orlando,FL,https://www.ticketmaster.com/event/Z7r9jZ1A7-bPd
Orlando,FL,https://www.ticketmaster.com/event/Z7r9jZ1A7-bP7
Orlando,FL,https://www.ticketmaster.com/event/Z7r9jZ1A7-bPA
Orlando,FL,https://www.ticketmaster.com/event/Z7r9jZ1A7-bP6
Orlando,FL,https://www.ticketmaster.com/event/Z7r9jZ1A7-bPk
Orlando,FL,https://www.ticketmaster.com/event/Z7r9jZ1A7-bPF
Orlando,FL,https://www.ticketmaster.com/event/Z7r9jZ1A7-bPa
Orlando,FL,https://www.ticketmaster.com/event/Z7r9jZ1A7-bP8
Orlando,FL,https://www.ticketmaster.com/event/Z7r9jZ1A7-bPo
Orlando,FL,https://www.ticketmaster.com/event/Z7r9jZ1A7-bP3
Orlando,FL,https://www.ticketmaster.com/event/Z7r9jZ1A7-bPK
Orlando,FL,https://www.ticketmaster.com/event/Z7r9jZ1A7-bP4
Orlando,FL,https://www.ticketmaster.com/event/Z7r9jZ1A7-bPf
Orlando,FL,https://www.ticketmaster.com/event/Z7r9jZ1A7-bP9
Nashville,TN,https://www.ticketmaster.com/chicago-hounds-rugby-vs-new-england-nashville-tennessee-04-19-2026/event/1B006430CFA943AB
Nashville,TN,https://www.ticketweb.com/event/artemas-lovercore-marathon-music-works-tickets/14820273
Nashville,TN,https://www.ticketweb.com/event/sleeping-with-sirens-marathon-music-works-tickets/14799933
Nashville,TN,https://www.ticketmaster.com/blue-october-nashville-tennessee-11-25-2026/event/1B00646CC67FFC74
Nashville,TN,https://www.ticketmaster.com/bleachers-forever-nashville-tennessee-10-08-2026/event/1B00646B98B0B6D2
Nashville,TN,https://www.ticketweb.com/event/tech-n9ne-x-e-40-marathon-music-works-tickets/14753593
Nashville,TN,https://www.ticketmaster.com/event/Z7r9jZ1A7-MuS
Nashville,TN,https://www.ticketmaster.com/event/Z7r9jZ1A7-Yqz
Nashville,TN,https://www.ticketmaster.com/event/Z7r9jZ1A7OPZa
Nashville,TN,https://www.ticketmaster.com/event/Z7r9jZ1A7OPu-
Nashville,TN,https://www.ticketmaster.com/event/Z7r9jZ1A7OP7M
Nashville,TN,https://www.ticketmaster.com/event/Z7r9jZ1A7OP7P
Nashville,TN,https://www.ticketmaster.com/event/Z7r9jZ1A7OPuN
Nashville,TN,https://www.ticketmaster.com/event/Z7r9jZ1A7OP7Y
Nashville,TN,https://www.ticketmaster.com/event/Z7r9jZ1A7OP7J
Nashville,TN,https://www.ticketmaster.com/event/Z7r9jZ1A74ZbI
Nashville,TN,https://www.ticketmaster.com/event/Z7r9jZ1A74Zbt
Nashville,TN,https://www.ticketmaster.com/event/Z7r9jZ1A74ZbY
Nashville,TN,https://www.ticketmaster.com/event/Z7r9jZ1A74Zbs
Nashville,TN,https://www.ticketmaster.com/event/Z7r9jZ1A74Z8d
Atlanta,GA,https://www.ticketmaster.com/ledisi-with-the-atlanta-symphony-orchestra-atlanta-georgia-09-19-2026/event/0E006465DD4017B3
Atlanta,GA,https://www.ticketmaster.com/la-la-land-live-with-the-atlanta-georgia-09-26-2026/event/0E00636EE10CCDB3
Atlanta,GA,https://www.ticketmaster.com/la-la-land-live-with-the-atlanta-georgia-09-27-2026/event/0E00636EE5FED1C5
Atlanta,GA,https://www.ticketmaster.com/hocus-pocus-live-with-the-atlanta-atlanta-georgia-10-30-2026/event/0E006464E156F3FB
Atlanta,GA,https://www.ticketmaster.com/hocus-pocus-live-with-the-atlanta-atlanta-georgia-11-01-2026/event/0E006464E1E4F4E1
Atlanta,GA,https://www.ticketmaster.com/elf-in-concert-live-with-the-atlanta-georgia-11-28-2026/event/0E00646AE00DD0CC
Atlanta,GA,https://www.ticketmaster.com/elf-in-concert-live-with-the-atlanta-georgia-11-29-2026/event/0E00646AE010D0D1
Atlanta,GA,https://www.ticketmaster.com/josh-gates-live-an-evening-of-atlanta-georgia-05-03-2026/event/0E00638396DB7F03
Atlanta,GA,https://www.ticketmaster.com/brit-floyd-the-moon-the-wall-atlanta-georgia-05-13-2026/event/0E00637DB7B48A65
Atlanta,GA,https://www.ticketmaster.com/avatar-dont-go-in-the-forest-atlanta-georgia-05-05-2026/event/0E006426A9254F34
Atlanta,GA,https://www.ticketmaster.com/black-veil-brides-north-american-tour-atlanta-georgia-05-08-2026/event/0E006436A418809F
Atlanta,GA,https://www.ticketmaster.com/hulvey-could-be-tonight-tour-atlanta-georgia-09-27-2026/event/0E00647FC968F758
Atlanta,GA,https://www.ticketmaster.com/echo-the-bunnymen-more-songs-to-atlanta-georgia-05-30-2026/event/0E00634D2688887E
Atlanta,GA,https://www.ticketmaster.com/all-the-feelings-tour-with-metric-atlanta-georgia-08-03-2026/event/0E00643C9C907CDA
Atlanta,GA,https://www.ticketmaster.com/good-kid-can-we-hang-out-atlanta-georgia-04-24-2026/event/0E006378B04D8292
Atlanta,GA,https://www.ticketmaster.com/courtney-barnett-creature-of-habit-tour-atlanta-georgia-05-06-2026/event/0E00642DCB888BF5
Atlanta,GA,https://www.ticketmaster.com/the-amity-affliction-august-burns-red-atlanta-georgia-04-15-2026/event/0E006373D4B5B7C7
Atlanta,GA,https://www.ticketmaster.com/tedeschi-trucks-band-and-jason-isbell-alpharetta-georgia-04-28-2026/event/0E00643695C2718D
Atlanta,GA,https://www.ticketmaster.com/james-blake-trying-times-tour-atlanta-georgia-05-27-2026/event/0E00644BE238A9BC
Atlanta,GA,https://www.ticketmaster.com/bobby-lee-the-finally-tour-2026-atlanta-georgia-09-26-2026/event/0E00646592F88C8D
Austin,TX,https://www.ticketmaster.com/rob-baird-smoke-on-the-breeze-austin-texas-05-22-2026/event/3A006451F752C4D4
Austin,TX,https://www.ticketmaster.com/kelsy-karter-the-heroines-the-pleasure-austin-texas-06-06-2026/event/3A006428E3D9A90E
Austin,TX,https://www.ticketmaster.com/mhart-presents-kisses-austin-austin-texas-05-29-2026/event/3A006463C112BC74
Austin,TX,https://www.ticketmaster.com/racing-mount-pleasant-w-isobel-austin-texas-05-30-2026/event/3A006445F5007DBC
Austin,TX,https://www.ticketmaster.com/parker-millsap-austin-texas-06-20-2026/event/3A006477F521DAD8
Austin,TX,https://www.ticketmaster.com/ian-moore-vinyl-release-30th-anniversary-austin-texas-06-19-2026/event/3A006437DFB5DBD6
Austin,TX,https://www.ticketmaster.com/augustana-phantom-planet-austin-texas-06-23-2026/event/3A00644BD2D7D8D2
Austin,TX,https://www.ticketmaster.com/blue-jays-rockin-review-austin-texas-07-16-2026/event/3A0064638AE45D71
Austin,TX,https://www.ticketmaster.com/sincere-engineer-the-probable-claws-tour-austin-texas-07-22-2026/event/3A006474F2EA948A
Austin,TX,https://www.ticketmaster.com/tank-and-the-bangas-the-last-austin-texas-11-19-2026/event/3A00647300BB9F75
Austin,TX,https://www.ticketmaster.com/riff-wood-austin-texas-07-30-2026/event/3A006479CBA1EEE3
Austin,TX,https://www.ticketmaster.com/tank-and-the-bangas-the-last-austin-texas-11-20-2026/event/3A00647300BD9F82
Austin,TX,https://www.ticketmaster.com/cheekface-w-special-guest-catbite-austin-texas-08-28-2026/event/3A006474F67CA130
Austin,TX,https://www.ticketmaster.com/meltt-austin-texas-09-08-2026/event/3A006482438F1FA6
Austin,TX,https://www.ticketmaster.com/ariel-posen-austin-texas-09-26-2026/event/3A00647DDE5594AA
Austin,TX,https://www.ticketmaster.com/chasing-abbey-austin-texas-10-28-2026/event/3A0064662624D748
Austin,TX,https://www.ticketmaster.com/event/Z7r9jZ1A7-bud
Austin,TX,https://www.ticketmaster.com/event/Z7r9jZ1A7rovK
Austin,TX,https://www.ticketmaster.com/event/Z7r9jZ1A7-NCe
Austin,TX,https://www.ticketmaster.com/event/Z7r9jZ1A7x6Og
Orlando,FL,https://www.ticketmaster.com/event/Z7r9jZ1A7-bPp
Orlando,FL,https://www.ticketmaster.com/event/Z7r9jZ1A7-bPb
Orlando,FL,https://www.ticketmaster.com/event/Z7r9jZ1A7-bP_
Orlando,FL,https://www.ticketmaster.com/event/Z7r9jZ1A7-bP-
Orlando,FL,https://www.ticketmaster.com/event/Z7r9jZ1A7-bPO
Orlando,FL,https://www.ticketmaster.com/event/Z7r9jZ1A7-bPN
Orlando,FL,https://www.ticketmaster.com/event/Z7r9jZ1A7-bPx
Orlando,FL,https://www.ticketmaster.com/event/Z7r9jZ1A7-bJd
Orlando,FL,https://www.ticketmaster.com/event/Z7r9jZ1A7-bJe
Orlando,FL,https://www.ticketmaster.com/event/Z7r9jZ1A7-bJ7
Orlando,FL,https://www.ticketmaster.com/event/Z7r9jZ1A7-bJA
Orlando,FL,https://www.ticketmaster.com/event/Z7r9jZ1A7-bJ6
Orlando,FL,https://www.ticketmaster.com/event/Z7r9jZ1A7-bJk
Orlando,FL,https://www.ticketmaster.com/event/Z7r9jZ1A7-bJF
Orlando,FL,https://www.ticketmaster.com/event/Z7r9jZ1A7-bJa
Orlando,FL,https://www.ticketmaster.com/event/Z7r9jZ1A7-bJ8
Orlando,FL,https://www.ticketmaster.com/event/Z7r9jZ1A7-bJo
Orlando,FL,https://www.ticketmaster.com/event/Z7r9jZ1A7-bJ3
Orlando,FL,https://www.ticketmaster.com/event/Z7r9jZ1A7-bJK
Orlando,FL,https://www.ticketmaster.com/event/Z7r9jZ1A7-bJ4
Nashville,TN,https://www.ticketmaster.com/event/Z7r9jZ1A74ZbV
Nashville,TN,https://www.ticketmaster.com/event/Z7r9jZ1A74ZbU
Nashville,TN,https://www.ticketmaster.com/event/Z7r9jZ1A74Zbg
Nashville,TN,https://www.ticketmaster.com/event/Z7r9jZ1A7Ov_6
Nashville,TN,https://www.ticketmaster.com/event/Z7r9jZ1A7OYfO
Nashville,TN,https://www.ticketmaster.com/event/Z7r9jZ1A7O_vE
Nashville,TN,https://www.ticketweb.com/event/two-feet-the-next-steps-marathon-music-works-tickets/14681013
Nashville,TN,https://www.ticketmaster.com/event/Z7r9jZ1A7O74I
Nashville,TN,https://www.ticketmaster.com/event/Z7r9jZ1A7O74t
Nashville,TN,https://www.ticketmaster.com/event/Z7r9jZ1A7OI89
Nashville,TN,https://www.ticketweb.com/event/pop-evil-the-what-the-basement-east-tickets/14132984
Nashville,TN,https://www.ticketweb.com/event/the-dear-hunter-the-basement-east-tickets/14182084
Nashville,TN,https://www.ticketmaster.com/event/Z7r9jZ1A7Ove_
Nashville,TN,https://www.ticketmaster.com/rawayana-donde-es-el-after-world-nashville-tennessee-10-21-2026/event/1B00646BAC26E1EA
Nashville,TN,https://www.ticketmaster.com/event/Z7r9jZ1A7OUOx
Nashville,TN,https://www.ticketmaster.com/event/Z7r9jZ1A7OMv4
Nashville,TN,https://www.axs.com/events/1400669/comedy-bang-bang-tickets?skin=category10
Nashville,TN,https://www.ticketmaster.com/event/Z7r9jZ1A7rvj3
Nashville,TN,https://www.ticketmaster.com/stephen-wilson-jr-gary-the-torch-nashville-tennessee-12-11-2026/event/1B00646C8D038C92
Nashville,TN,https://www.ticketmaster.com/stephen-wilson-jr-gary-the-torch-nashville-tennessee-12-12-2026/event/1B00646C8D078CA6
Atlanta,GA,https://www.ticketmaster.com/five-finger-death-punch-alpharetta-georgia-10-13-2026/event/0E0064268F4E3843
Atlanta,GA,https://www.ticketmaster.com/natalia-lafourcade-cancionera-tour-atlanta-georgia-04-18-2026/event/0E00623DC9B25013
Atlanta,GA,https://www.ticketmaster.com/natalia-lafourcade-cancionera-tour-atlanta-georgia-04-19-2026/event/0E00625BAB564AEA
Atlanta,GA,https://www.ticketmaster.com/waxahatchee-mj-lenderman-with-special-guest-atlanta-georgia-04-13-2026/event/0E00636BCF21A82A
Atlanta,GA,https://www.ticketmaster.com/aj-ghent-his-singing-guitar-atlanta-georgia-07-17-2026/event/0E00637CC570EFC4
Atlanta,GA,https://www.ticketmaster.com/tori-amos-in-times-of-dragons-atlanta-georgia-07-18-2026/event/0E0063760500E5C4
Atlanta,GA,https://www.ticketmaster.com/michelle-buteau-the-surviving-and-thriving-atlanta-georgia-05-15-2026/event/0E0062C9EBCB4C8B
Atlanta,GA,https://www.ticketmaster.com/daniel-sloss-bitter-brand-new-tour-atlanta-georgia-11-04-2026/event/0E006442B53B6667
Atlanta,GA,https://www.ticketmaster.com/poppy-constantly-nowhere-tour-atlanta-georgia-08-16-2026/event/0E00644BFB93C3B6
Atlanta,GA,https://www.ticketmaster.com/herbie-hancock-atlanta-georgia-05-05-2026/event/0E006381CBBAA1A9
Atlanta,GA,https://www.ticketmaster.com/the-monster-outbreak-tour-presents-che-atlanta-georgia-05-09-2026/event/0E00644CA449AD5C
Atlanta,GA,https://www.universe.com/events/r-b-only-live-atlanta-ga-tickets-64HDJR?ref=ticketmaster
Atlanta,GA,https://www.ticketmaster.com/alex-isley-when-the-city-sleeps-atlanta-georgia-05-26-2026/event/0E00646BE476D5A7
Atlanta,GA,https://www.ticketmaster.com/akaash-singh-generational-triumph-tour-atlanta-georgia-05-16-2026/event/0E00632F9FDC1E91
Atlanta,GA,https://www.ticketmaster.com/flyleaf-with-lacey-sturm-20th-anniversary-atlanta-georgia-07-08-2026/event/0E00645290956D2D
Atlanta,GA,https://www.ticketmaster.com/the-runarounds-the-minivan-tour-atlanta-georgia-04-16-2026/event/0E006436BF25989C
Atlanta,GA,https://www.ticketmaster.com/audrey-hobert-the-staircase-to-stardom-atlanta-georgia-06-12-2026/event/0E00642CA3875239
Atlanta,GA,https://www.ticketmaster.com/smokedope2016-the-comedown-tour-moved-to-atlanta-georgia-06-25-2026/event/0E006477D203C5B6
Atlanta,GA,https://www.ticketmaster.com/smokedope2016-the-comedown-tour-moved-from-atlanta-georgia-06-25-2026/event/0E00648637C7908C
Austin,TX,https://www.ticketmaster.com/event/Z7r9jZ1A7OPGY
Austin,TX,https://www.ticketmaster.com/event/Z7r9jZ1A7-pG-
Austin,TX,https://www.ticketmaster.com/event/Z7r9jZ1A7-Y8O
Austin,TX,https://www.ticketmaster.com/event/Z7r9jZ1A7ro0-
Austin,TX,https://www.ticketmaster.com/big-bubble-rave-austin-texas-04-24-2026/event/3A00638622EAECC9
Austin,TX,https://www.ticketmaster.com/event/Z7r9jZ1A7q_Op
Austin,TX,https://www.ticketmaster.com/event/Z7r9jZ1A7jbGx
Austin,TX,https://www.ticketmaster.com/event/Z7r9jZ1A7QZuv
Austin,TX,https://www.ticketmaster.com/event/Z7r9jZ1A7QZud
Austin,TX,https://www.ticketmaster.com/event/Z7r9jZ1A7-sqF
Austin,TX,https://www.ticketmaster.com/event/Z7r9jZ1A7-Nf-
Austin,TX,https://www.axs.com/events/1221477/hayley-williams-at-a-bachelorette-party-tickets?skin=acllive
Austin,TX,https://www.axs.com/events/1221495/hayley-williams-tickets?skin=acllive
Austin,TX,https://www.axs.com/events/1324669/daniel-sloss-tickets
Austin,TX,https://www.ticketmaster.com/event/Z7r9jZ1A7btGp
Austin,TX,https://www.ticketmaster.com/event/Z7r9jZ1A7btx6
Austin,TX,https://www.ticketmaster.com/event/Z7r9jZ1A7O0qz
Austin,TX,https://tickets.austintheatre.org/12910/12911
Austin,TX,https://www.universe.com/events/jurassic-quest-palmer-event-center-austin-tx-2026-tickets-V06MPL?ref=ticketmaster
Orlando,FL,https://www.ticketmaster.com/event/Z7r9jZ1A7-bJf
Orlando,FL,https://www.ticketmaster.com/event/Z7r9jZ1A7-bJ9
Orlando,FL,https://www.ticketmaster.com/event/Z7r9jZ1A7-bJp
Orlando,FL,https://www.ticketmaster.com/event/Z7r9jZ1A7-bJ_
Orlando,FL,https://www.ticketmaster.com/event/Z7r9jZ1A7-bJb
Orlando,FL,https://www.ticketmaster.com/event/Z7r9jZ1A7-_ZZ
Orlando,FL,https://www.ticketmaster.com/event/Z7r9jZ1A7-_Zv
Orlando,FL,https://www.ticketmaster.com/event/Z7r9jZ1A7-_Zd
Orlando,FL,https://www.ticketmaster.com/event/Z7r9jZ1A7-_Ze
Orlando,FL,https://www.ticketmaster.com/event/Z7r9jZ1A7-_Z7
Orlando,FL,https://www.ticketmaster.com/event/Z7r9jZ1A7-_ZA
Orlando,FL,https://www.ticketmaster.com/event/Z7r9jZ1A7-_Z6
Orlando,FL,https://www.ticketmaster.com/event/Z7r9jZ1A7-_Zk
Orlando,FL,https://www.ticketmaster.com/event/Z7r9jZ1A7-_ZF
Orlando,FL,https://www.ticketmaster.com/event/Z7r9jZ1A7-_Za
Orlando,FL,https://www.ticketmaster.com/event/Z7r9jZ1A7-_Z8
Orlando,FL,https://www.ticketmaster.com/event/Z7r9jZ1A7-_Zo
Orlando,FL,https://www.ticketmaster.com/event/Z7r9jZ1A7-_Z3
Orlando,FL,https://www.ticketmaster.com/event/Z7r9jZ1A7-_ZK
Orlando,FL,https://www.ticketmaster.com/event/Z7r9jZ1A7-_Zf
Nashville,TN,https://www.ticketmaster.com/jimmy-eat-world-25-years-of-nashville-tennessee-11-12-2026/event/1B00646B9E4EC26B
Nashville,TN,https://www.ticketweb.com/event/ashnikko-marathon-music-works-tickets/14549573
Nashville,TN,https://www.ticketmaster.com/event/Z7r9jZ1A7-p4p
Nashville,TN,https://www.ticketweb.com/event/enter-shikari-north-america-2026-the-basement-east-tickets/14159794
Nashville,TN,https://www.ticketmaster.com/event/Z7r9jZ1A7OUrb
Nashville,TN,https://www.ticketmaster.com/event/Z7r9jZ1A7Oboz
Nashville,TN,https://www.ticketmaster.com/event/Z7r9jZ1A7OSvf
Nashville,TN,https://www.ticketmaster.com/event/Z7r9jZ1A7jwra
Nashville,TN,https://www.ticketweb.com/event/american-football-with-afternoon-bike-marathon-music-works-tickets/14122684
Nashville,TN,https://www.ticketmaster.com/event/Z7r9jZ1A7q7qd
Nashville,TN,https://www.ticketmaster.com/event/Z7r9jZ1A7ONxA
Nashville,TN,https://www.ticketweb.com/event/i-love-you-but-i-marathon-music-works-tickets/13967914
Nashville,TN,https://www.ticketmaster.com/event/Z7r9jZ1A7-0aA
Nashville,TN,https://www.ticketmaster.com/event/Z7r9jZ1A7-EOk
Nashville,TN,https://www.ticketmaster.com/event/Z7r9jZ1A7rbQK
Nashville,TN,https://www.ticketweb.com/event/alyssa-edwards-thanks-marathon-music-works-tickets/14099084
Nashville,TN,https://www.ticketmaster.com/event/Z7r9jZ1A7rZ48
Nashville,TN,https://www.ticketmaster.com/event/Z7r9jZ1A7OOPV
Nashville,TN,https://www.ticketweb.com/event/poppy-constantly-nowhere-marathon-music-works-tickets/14159784
Nashville,TN,https://www.ticketmaster.com/event/Z7r9jZ1A7-6OM
Atlanta,GA,https://www.universe.com/events/breakaway-atlanta-2026-tickets-BR2LCF?ref=ticketmaster
Atlanta,GA,https://www.ticketmaster.com/the-fab-four-tribute-to-the-atlanta-georgia-11-06-2026/event/0E0064710499DDC0
Atlanta,GA,https://www.ticketmaster.com/max-richter-with-the-american-contemporary-atlanta-georgia-06-12-2026/event/0E00644D0C8A4EF0
Atlanta,GA,https://www.ticketmaster.com/celtic-thunder-atlanta-georgia-10-08-2026/event/0E00644BA11E6411
Atlanta,GA,https://www.ticketmaster.com/muse-the-wow-signal-tour-atlanta-georgia-08-12-2026/event/0E006479AF4BA83C
Atlanta,GA,https://www.ticketmaster.com/southern-hospitality-tour-the-black-crowes-alpharetta-georgia-05-23-2026/event/0E00643B8FF2504C
Atlanta,GA,https://www.ticketmaster.com/an-evening-with-david-sedaris-atlanta-georgia-05-19-2026/event/0E00633695F12673
Atlanta,GA,https://www.ticketmaster.com/ichiko-aoba-across-the-oceans-tour-atlanta-georgia-05-04-2026/event/0E006338EF086A47
Atlanta,GA,https://www.ticketmaster.com/eden-munoz-como-en-los-viejos-atlanta-georgia-08-29-2026/event/0E0062959B902EFB
Atlanta,GA,https://www.ticketmaster.com/alexandre-kantorow-in-recital-atlanta-georgia-04-19-2026/event/0E00630D9D8E29C7
Atlanta,GA,https://www.ticketmaster.com/the-georgia-boy-choir-international-festival-atlanta-georgia-04-26-2026/event/0E00643BD531A1A6
Atlanta,GA,https://www.ticketmaster.com/atlanta-jazz-festival-kickoff-miles-electric-atlanta-georgia-05-22-2026/event/0E006459D134B3EB
Atlanta,GA,https://www.ticketmaster.com/georgia-symphony-orchestra-75th-anniversary-concert-atlanta-georgia-05-23-2026/event/0E0062F0B5362A13
Atlanta,GA,https://www.ticketmaster.com/bethel-music-2026-tour-atlanta-georgia-10-09-2026/event/0E006389C3829338
Atlanta,GA,https://www.ticketmaster.com/mgk-lost-americana-tour-atlanta-georgia-05-29-2026/event/0E006323E6566710
Atlanta,GA,https://www.ticketmaster.com/universoul-circus-duluth-georgia-06-18-2026/event/0E00647905C34BF5
Atlanta,GA,https://www.ticketmaster.com/universoul-circus-duluth-georgia-06-19-2026/event/0E00647905CC4C07
Atlanta,GA,https://www.ticketmaster.com/universoul-circus-duluth-georgia-06-19-2026/event/0E00647905C74BF9
Atlanta,GA,https://www.ticketmaster.com/universoul-circus-duluth-georgia-06-20-2026/event/0E00647905D94C30
Atlanta,GA,https://www.ticketmaster.com/universoul-circus-duluth-georgia-06-20-2026/event/0E00647905D04C15
Austin,TX,https://www.axs.com/events/1183945/sam-harris-tickets?skin=acllive
Austin,TX,https://www.axs.com/events/1300390/dallas-cowboy-cheerleaders-tickets?skin=acllive
Austin,TX,https://www.ticketmaster.com/lil-xan-austin-texas-05-15-2026/event/3A00645ADF9C46FE
Austin,TX,https://www.ticketmaster.com/event/Z7r9jZ1A7-t0a
Austin,TX,https://www.ticketmaster.com/event/Z7r9jZ1A7-0vN
Austin,TX,https://www.ticketmaster.com/event/Z7r9jZ1A7-bPI
Austin,TX,https://www.ticketmaster.com/event/Z7r9jZ1A7O_ZJ
Austin,TX,https://www.ticketmaster.com/event/Z7r9jZ1A7OpZ7
Austin,TX,https://www.ticketmaster.com/event/Z7r9jZ1A7-k8e
Austin,TX,https://www.ticketmaster.com/event/Z7r9jZ1A7Otuz
Austin,TX,https://www.ticketmaster.com/event/Z7r9jZ1A7-kC_
Orlando,FL,https://www.ticketmaster.com/event/Z7r9jZ1A7-_Z4
Orlando,FL,https://www.ticketmaster.com/event/Z7r9jZ1A7-_Z9
Orlando,FL,https://www.ticketmaster.com/event/Z7r9jZ1A7-_Zp
Orlando,FL,https://www.ticketmaster.com/event/Z7r9jZ1A7-_ZO
Orlando,FL,https://www.ticketmaster.com/event/Z7r9jZ1A7-_Z_
Orlando,FL,https://www.ticketmaster.com/event/Z7r9jZ1A7-_Zb
Orlando,FL,https://www.ticketmaster.com/event/Z7r9jZ1A7-_Z-
Orlando,FL,https://www.ticketmaster.com/event/Z7r9jZ1A7-_Zx
Orlando,FL,https://www.ticketmaster.com/event/Z7r9jZ1A7-_ZN
Orlando,FL,https://www.ticketmaster.com/event/Z7r9jZ1A7-_Z0
Orlando,FL,https://www.ticketmaster.com/event/Z7r9jZ1A7-_ZJ
Orlando,FL,https://www.ticketmaster.com/event/Z7r9jZ1A7-_ZP
Orlando,FL,https://www.ticketmaster.com/event/Z7r9jZ1A7-_ZE
Orlando,FL,https://www.ticketmaster.com/event/Z7r9jZ1A7-_ZI
Orlando,FL,https://www.ticketmaster.com/event/Z7r9jZ1A7-_ZY
Orlando,FL,https://www.ticketmaster.com/event/Z7r9jZ1A7-_Zt
Orlando,FL,https://www.ticketmaster.com/event/Z7r9jZ1A7-_Zs
Orlando,FL,https://www.ticketmaster.com/event/Z7r9jZ1A7-_Zw
Orlando,FL,https://www.ticketmaster.com/event/Z7r9jZ1A7-_ZS
Orlando,FL,https://www.ticketmaster.com/event/Z7r9jZ1A7-_ZV
Nashville,TN,https://www.ticketweb.com/event/the-moss-w-hotel-fiction-the-basement-east-tickets/14584073
Nashville,TN,https://www.ticketmaster.com/event/Z7r9jZ1A7qwuU
Nashville,TN,https://www.ticketmaster.com/event/Z7r9jZ1A7qwuy
Nashville,TN,https://www.ticketmaster.com/event/Z7r9jZ1A7b0A_
Nashville,TN,https://www.ticketmaster.com/event/Z7r9jZ1A7-6eA
Nashville,TN,https://www.ticketweb.com/event/baby-keem-marathon-music-works-tickets/14147574
Nashville,TN,https://www.ticketmaster.com/event/Z7r9jZ1A7-Skd
Nashville,TN,https://www.axs.com/events/1219983/hayley-williams-tickets?skin=ryman
Nashville,TN,https://www.axs.com/events/1221455/hayley-williams-tickets?skin=ryman
Nashville,TN,https://www.axs.com/events/1223778/hayley-williams-at-a-bachelorette-party-tickets?skin=ryman
Nashville,TN,https://www.ticketmaster.com/event/Z7r9jZ1A7rKpZ
Nashville,TN,https://www.ticketmaster.com/event/Z7r9jZ1A7pAP_
Nashville,TN,https://www.ticketmaster.com/event/Z7r9jZ1A7pAPO
Nashville,TN,https://www.ticketmaster.com/event/Z7r9jZ1A7pAP-
Nashville,TN,https://www.ticketmaster.com/event/Z7r9jZ1A7pAPx
Nashville,TN,https://www.ticketmaster.com/event/Z7r9jZ1A7pAPN
Nashville,TN,https://veeps.com/highlysuspect/27023085-f3c2-47cb-8280-a5874a460669
Nashville,TN,https://veeps.com/themaine/2e81e880-7660-47dd-bc04-b67cb3ae0fae
Nashville,TN,https://www.ticketweb.com/event/flyleaf-with-lacey-sturm-20th-marathon-music-works-tickets/14174184
Nashville,TN,https://www.ticketmaster.com/jo-dee-messina-nashville-tennessee-11-06-2026/event/1B00646AD5D46719
Atlanta,GA,https://www.ticketmaster.com/universoul-circus-duluth-georgia-06-20-2026/event/0E00647905D54C26
Atlanta,GA,https://www.ticketmaster.com/universoul-circus-duluth-georgia-06-21-2026/event/0E00647905DD4C3A
Atlanta,GA,https://www.ticketmaster.com/universoul-circus-duluth-georgia-06-21-2026/event/0E00647905E64C4C
Atlanta,GA,https://www.ticketmaster.com/universoul-circus-duluth-georgia-06-21-2026/event/0E00647905E24C41
Atlanta,GA,https://www.ticketmaster.com/universoul-circus-duluth-georgia-06-25-2026/event/0E00647905EB4C64
Atlanta,GA,https://www.ticketmaster.com/universoul-circus-duluth-georgia-06-26-2026/event/0E00647905EF4C81
Atlanta,GA,https://www.ticketmaster.com/universoul-circus-duluth-georgia-06-27-2026/event/0E00647905F34C8F
Atlanta,GA,https://www.ticketmaster.com/universoul-circus-duluth-georgia-06-27-2026/event/0E00647905FC4CA4
Atlanta,GA,https://www.ticketmaster.com/universoul-circus-duluth-georgia-06-27-2026/event/0E00647905F74C9E
Atlanta,GA,https://www.ticketmaster.com/universoul-circus-duluth-georgia-06-28-2026/event/0E00647906004CAE
Atlanta,GA,https://www.ticketmaster.com/universoul-circus-duluth-georgia-06-28-2026/event/0E00647906084CCB
Atlanta,GA,https://www.ticketmaster.com/universoul-circus-duluth-georgia-06-28-2026/event/0E00647906044CBD
Atlanta,GA,https://www.ticketmaster.com/universoul-circus-duluth-georgia-07-02-2026/event/0E006479060D4CDA
Atlanta,GA,https://www.ticketmaster.com/universoul-circus-duluth-georgia-07-03-2026/event/0E00647906114CEA
Atlanta,GA,https://www.ticketmaster.com/universoul-circus-duluth-georgia-07-03-2026/event/0E00647906154CF3
Atlanta,GA,https://www.ticketmaster.com/universoul-circus-duluth-georgia-07-04-2026/event/0E006479061E4D0A
Atlanta,GA,https://www.ticketmaster.com/universoul-circus-duluth-georgia-07-04-2026/event/0E00647906224D10
Atlanta,GA,https://www.ticketmaster.com/universoul-circus-duluth-georgia-07-04-2026/event/0E006479061A4D04
Atlanta,GA,https://www.ticketmaster.com/universoul-circus-duluth-georgia-07-05-2026/event/0E006479062A4D19
Atlanta,GA,https://www.ticketmaster.com/universoul-circus-duluth-georgia-07-05-2026/event/0E006479062E4D22
Austin,TX,https://www.ticketmaster.com/nappy-roots-austin-texas-04-18-2026/event/3A00644AD12AD35B
Austin,TX,https://www.ticketmaster.com/master-boot-record-austin-texas-05-22-2026/event/3A006391B6137F43
Austin,TX,https://www.ticketmaster.com/event/Z7r9jZ1A7-eop
Austin,TX,https://www.ticketmaster.com/jared-benjamin-austin-texas-05-01-2026/event/3A006425C87C7D06
Austin,TX,https://www.ticketmaster.com/call-me-karizma-austin-texas-05-08-2026/event/3A0063789BDA8090
Austin,TX,https://www.ticketmaster.com/event/Z7r9jZ1A7O30_
Austin,TX,https://www.ticketmaster.com/emo-karaoke-austin-texas-04-16-2026/event/3A006325EDD4734A
Austin,TX,https://www.ticketmaster.com/ollie-joseph-matt-corman-austin-texas-05-20-2026/event/3A006446C2AEE26A
Austin,TX,https://www.ticketmaster.com/event/Z7r9jZ1A7-33e
Austin,TX,https://www.ticketmaster.com/event/Z7r9jZ1A7-414
Austin,TX,https://www.ticketmaster.com/troy-doherty-austin-texas-06-19-2026/event/3A006379ABD57C89
Austin,TX,https://www.ticketmaster.com/event/Z7r9jZ1A7r3qS
Austin,TX,https://www.ticketmaster.com/amelias-best-friend-a-band-called-austin-texas-04-16-2026/event/3A006481E62F51F7
Austin,TX,https://stubbsaustin.com/gospel-brunch/
Austin,TX,https://www.ticketmaster.com/street-peach-ultravioletcoraline-austin-texas-04-30-2026/event/3A00647BCF5222F1
Austin,TX,https://www.ticketmaster.com/barb-chancla-fight-club-austin-texas-05-01-2026/event/3A006481E669527D
Austin,TX,https://www.ticketmaster.com/animal-arcade-blue-tongue-austin-texas-05-02-2026/event/3A00643DD195D8DF
Austin,TX,https://www.ticketmaster.com/my-dead-body-dripfed-austin-texas-05-09-2026/event/3A00646CAE91B482
Orlando,FL,https://www.ticketmaster.com/event/Z7r9jZ1A7-_ZM
Orlando,FL,https://www.ticketmaster.com/event/Z7r9jZ1A7-_Zg
Orlando,FL,https://www.ticketmaster.com/event/Z7r9jZ1A7-_Zy
Orlando,FL,https://www.ticketmaster.com/event/Z7r9jZ1A7-_Zz
Orlando,FL,https://www.ticketmaster.com/event/Z7r9jZ1A7-_vZ
Orlando,FL,https://www.ticketmaster.com/event/Z7r9jZ1A7-_vv
Orlando,FL,https://www.ticketmaster.com/event/Z7r9jZ1A7-_vd
Orlando,FL,https://www.ticketmaster.com/event/Z7r9jZ1A7-_ve
Orlando,FL,https://www.ticketmaster.com/event/Z7r9jZ1A7-_v7
Orlando,FL,https://www.ticketmaster.com/event/Z7r9jZ1A7-_vA
Orlando,FL,https://www.ticketmaster.com/event/Z7r9jZ1A7-_v6
Orlando,FL,https://www.ticketmaster.com/event/Z7r9jZ1A7-_vk
Orlando,FL,https://www.ticketmaster.com/event/Z7r9jZ1A7-_v8
Orlando,FL,https://www.ticketmaster.com/event/Z7r9jZ1A7-_vF
Orlando,FL,https://www.ticketmaster.com/event/Z7r9jZ1A7-_va
Orlando,FL,https://www.ticketmaster.com/event/Z7r9jZ1A7-_v3
Orlando,FL,https://www.ticketmaster.com/event/Z7r9jZ1A7-_vK
Orlando,FL,https://www.ticketmaster.com/event/Z7r9jZ1A7-_vo
Orlando,FL,https://www.ticketmaster.com/event/Z7r9jZ1A7-_v4
Orlando,FL,https://www.ticketmaster.com/event/Z7r9jZ1A7-_vf
Nashville,TN,https://www.ticketmaster.com/event/Z7r9jZ1A7OSvO
Nashville,TN,https://www.ticketmaster.com/event/Z7r9jZ1A7x7Pv
Nashville,TN,https://www.ticketweb.com/event/white-reaper-x-drug-church-the-basement-east-tickets/13990824
Nashville,TN,https://www.ticketmaster.com/event/Z7r9jZ1A7O-jz
Nashville,TN,https://www.ticketweb.com/event/minus-the-bear-marathon-music-works-tickets/14777633
Nashville,TN,https://www.ticketmaster.com/event/Z7r9jZ1A7-J8k
Nashville,TN,https://www.ticketmaster.com/event/Z7r9jZ1A7rabz
Nashville,TN,https://on.fgtix.com/trk/Tu4cc
Nashville,TN,https://www.ticketmaster.com/event/Z7r9jZ1A7O4a3
Nashville,TN,https://www.ticketmaster.com/event/Z7r9jZ1A7-U_g
Nashville,TN,https://www.ticketweb.com/event/the-buddies-tour-with-annie-cross-point-church-tickets/14754823
Nashville,TN,https://www.ticketweb.com/event/curreny-the-winners-circle-tour-marathon-music-works-tickets/14160124
Nashville,TN,https://www.ticketmaster.com/event/Z7r9jZ1A7OI8p
Nashville,TN,https://www.ticketmaster.com/event/Z7r9jZ1A7OIZM
Nashville,TN,https://www.ticketweb.com/event/the-iron-maidens-marathon-music-works-tickets/14186364
Nashville,TN,https://www.ticketmaster.com/event/Z7r9jZ1A7O6u0
Nashville,TN,https://www.ticketmaster.com/event/Z7r9jZ1A7OI84
Atlanta,GA,https://www.ticketmaster.com/universoul-circus-duluth-georgia-07-05-2026/event/0E00647906264D12
Atlanta,GA,https://www.ticketmaster.com/guns-n-roses-world-tour-2026-atlanta-georgia-09-19-2026/event/0E006375B41BA0CA
Atlanta,GA,https://www.ticketmaster.com/iration-atlanta-georgia-05-14-2026/event/0E00638CBE5AB597
Atlanta,GA,https://www.universe.com/events/breakaway-mass-2026-tickets-3VLQGP?ref=ticketmaster
Atlanta,GA,https://www.ticketmaster.com/koe-wetzel-alpharetta-georgia-09-17-2026/event/0E006453C7CDD642
Atlanta,GA,https://www.ticketmaster.com/atlanta-dream-v-new-york-liberty-college-park-georgia-06-11-2026/event/0E00647391A17254
Atlanta,GA,https://www.ticketmaster.com/cozy-worldwide-21-atlanta-georgia-05-22-2026/event/0E00646CDD84BF5A
Atlanta,GA,https://www.ticketmaster.com/todd-rundgren-damned-if-i-do-atlanta-georgia-06-22-2026/event/0E0064779E0F7D97
Atlanta,GA,https://www.ticketmaster.com/barak-tour-iglesia-atlanta-georgia-06-21-2026/event/0E00647B8A995BA5
Atlanta,GA,https://www.ticketmaster.com/apocalyptica-atlanta-georgia-05-08-2026/event/0E006436C015997D
Atlanta,GA,https://www.ticketmaster.com/kathy-griffin-new-face-new-tour-atlanta-georgia-10-18-2026/event/0E00647018415C7C
Atlanta,GA,https://www.ticketmaster.com/the-wiggles-tree-of-wisdom-spectacular-atlanta-georgia-08-16-2026/event/0E00635D872F441C
Atlanta,GA,https://www.ticketmaster.com/men-at-work-toad-the-wet-atlanta-georgia-07-21-2026/event/0E006434828A36C9
Atlanta,GA,https://www.ticketmaster.com/jim-breuer-find-the-funny-atlanta-georgia-05-17-2026/event/0E00636CEF17C497
Atlanta,GA,https://www.ticketmaster.com/jinjer-duel-north-america-2026-atlanta-georgia-06-18-2026/event/0E0064690214E353
Atlanta,GA,https://www.ticketmaster.com/maria-bamford-atlanta-georgia-12-04-2026/event/0E006442CD877F51
Atlanta,GA,https://www.ticketmaster.com/neyo-akon-nights-like-this-tour-atlanta-georgia-07-11-2026/event/0E006435E533C342
Atlanta,GA,https://www.ticketmaster.com/french-montana-and-max-b-atlanta-georgia-06-01-2026/event/0E00647EAC9F91A1
Atlanta,GA,https://www.ticketmaster.com/rob-zombie-marilyn-manson-with-the-alpharetta-georgia-08-23-2026/event/0E00642CBEAE6C5A
Atlanta,GA,https://www.ticketmaster.com/franz-ferdinand-greater-glasgow-cultural-exchange-atlanta-georgia-08-12-2026/event/0E006464F32C35C0
Austin,TX,https://www.ticketmaster.com/event/Z7r9jZ1A7OJxe
Austin,TX,https://www.ticketmaster.com/event/Z7r9jZ1A7-7ba
Austin,TX,https://www.ticketmaster.com/event/Z7r9jZ1A7O6u8
Austin,TX,https://www.ticketmaster.com/event/Z7r9jZ1A7OJ-U
Orlando,FL,https://www.ticketmaster.com/event/Z7r9jZ1A7-_vp
Orlando,FL,https://www.ticketmaster.com/event/Z7r9jZ1A7-_v9
Orlando,FL,https://www.ticketmaster.com/event/Z7r9jZ1A7-_vb
Orlando,FL,https://www.ticketmaster.com/event/Z7r9jZ1A7-_vO
Orlando,FL,https://www.ticketmaster.com/event/Z7r9jZ1A7-_v_
Orlando,FL,https://www.ticketmaster.com/event/Z7r9jZ1A7-_v-
Orlando,FL,https://www.ticketmaster.com/event/Z7r9jZ1A7-_vN
Orlando,FL,https://www.ticketmaster.com/event/Z7r9jZ1A7-_vx
Orlando,FL,https://www.ticketmaster.com/event/Z7r9jZ1A7-_v0
Orlando,FL,https://www.ticketmaster.com/event/Z7r9jZ1A7-_vJ
Orlando,FL,https://www.ticketmaster.com/event/Z7r9jZ1A7-_vP
Orlando,FL,https://www.ticketmaster.com/event/Z7r9jZ1A7-_vE
Orlando,FL,https://www.ticketmaster.com/event/Z7r9jZ1A7-_vI
Orlando,FL,https://www.ticketmaster.com/event/Z7r9jZ1A7-_vt
Orlando,FL,https://www.ticketmaster.com/event/Z7r9jZ1A7-_vY
Orlando,FL,https://www.ticketmaster.com/event/Z7r9jZ1A7-_vs
Orlando,FL,https://www.ticketmaster.com/event/Z7r9jZ1A7-_vw
Orlando,FL,https://www.ticketmaster.com/event/Z7r9jZ1A7-_vS
Orlando,FL,https://www.ticketmaster.com/event/Z7r9jZ1A7-_vV
Orlando,FL,https://www.ticketmaster.com/event/Z7r9jZ1A7-_vg
Nashville,TN,https://www.ticketmaster.com/event/Z7r9jZ1A7-SqJ
Nashville,TN,https://www.ticketweb.com/event/fruit-bats-the-basement-east-tickets/14803063
Nashville,TN,https://www.ticketweb.com/event/the-protomen-night-marathon-music-works-tickets/14085894
Nashville,TN,https://www.ticketweb.com/event/fulton-lee-sing-the-basement-east-tickets/14096394
Nashville,TN,https://www.ticketweb.com/event/postponed-2026-whib-1st-us-marathon-music-works-tickets/14771563
Nashville,TN,https://www.ticketweb.com/event/deep-end-live-taylor-welch-marathon-music-works-tickets/14175204
Nashville,TN,https://www.ticketweb.com/event/ben-harper-the-innocent-the-basement-east-tickets/14145874
Nashville,TN,https://www.ticketweb.com/event/joshua-slone-thinking-marathon-music-works-tickets/14808093
Nashville,TN,https://www.ticketweb.com/event/sold-out-ben-harper-the-basement-east-tickets/14127864
Nashville,TN,https://www.ticketmaster.com/event/Z7r9jZ1A7OeJ_
Nashville,TN,https://www.ticketweb.com/event/pour-minds-podcast-still-sippin-marathon-music-works-tickets/14820573
Nashville,TN,https://www.ticketweb.com/event/the-protomen-3-marathon-music-works-tickets/14085564
Nashville,TN,https://www.ticketweb.com/event/the-protomen-night-marathon-music-works-tickets/14085424
Nashville,TN,https://www.ticketmaster.com/event/Z7r9jZ1A7OdZZ
Nashville,TN,https://www.ticketweb.com/event/the-protomen-night-marathon-music-works-tickets/14085884
Nashville,TN,https://www.ticketmaster.com/event/Z7r9jZ1A7OdZv
Nashville,TN,https://www.ticketweb.com/event/lupita-infante-marathon-music-works-tickets/14791093
Nashville,TN,https://www.ticketweb.com/event/qveen-herby-isle-of-marathon-music-works-tickets/14105004
Nashville,TN,https://www.ticketweb.com/event/chiodos-its-not-you-its-marathon-music-works-tickets/14777813
Nashville,TN,https://www.ticketmaster.com/event/Z7r9jZ1A7Oxa4
Atlanta,GA,https://www.ticketmaster.com/godsmack-the-rise-of-rock-world-alpharetta-georgia-05-21-2026/event/0E006437CBB5AD6F
Atlanta,GA,https://www.ticketmaster.com/the-wallflowers-atlanta-georgia-05-04-2026/event/0E006382D3B49EA8
Atlanta,GA,https://www.ticketmaster.com/marc-maron-yammering-into-the-void-atlanta-georgia-09-11-2026/event/0E006481156D83CB
Atlanta,GA,https://www.ticketmaster.com/comedy-bang-bang-ground-beefing-tour-atlanta-georgia-06-16-2026/event/0E00648220BC4034
Atlanta,GA,https://www.ticketmaster.com/two-feet-the-next-steps-tour-atlanta-georgia-04-26-2026/event/0E00636AF665C21A
Atlanta,GA,https://www.ticketmaster.com/eric-roberson-atlanta-georgia-05-23-2026/event/0E00645BF9579B18
Atlanta,GA,https://www.ticketmaster.com/like-a-star-celebrating-20-years-atlanta-georgia-06-12-2026/event/0E00645329A88401
Atlanta,GA,https://www.ticketmaster.com/boys-like-girls-the-soundtrack-of-atlanta-georgia-04-21-2026/event/0E006357EBDBA209
Atlanta,GA,https://www.ticketmaster.com/braxton-keith-atlanta-georgia-05-07-2026/event/0E006392FC4CCF50
Atlanta,GA,https://www.ticketmaster.com/water-boyz-presents-chris-travis-performing-atlanta-georgia-06-19-2026/event/0E00647FC6CEF37D
Atlanta,GA,https://www.ticketmaster.com/kid-cudi-presents-the-rebel-ragers-atlanta-georgia-05-06-2026/event/0E00642FF294B44E
Atlanta,GA,https://www.ticketmaster.com/the-rush-tribute-project-atlanta-georgia-04-17-2026/event/0E00631AAAFC4857
Atlanta,GA,https://www.ticketmaster.com/naomi-watanabe-from-tokyo-atlanta-georgia-05-09-2026/event/0E00634E00348875
Atlanta,GA,https://www.ticketmaster.com/ilana-glazer-live-atlanta-georgia-05-12-2026/event/0E006458D8817F98
Atlanta,GA,https://www.ticketmaster.com/kali-uchis-for-the-girls-tour-atlanta-georgia-06-10-2026/event/0E006479ADC0A522
Atlanta,GA,https://www.ticketmaster.com/tomahawk-atlanta-georgia-07-24-2026/event/0E006451DA573948
Atlanta,GA,https://www.ticketmaster.com/dexta-daps-live-champagne-tour-atlanta-georgia-04-24-2026/event/0E00644D96A9856B
Atlanta,GA,https://www.ticketmaster.com/atlanta-ballet-presents-the-nutcracker-atlanta-georgia-12-05-2026/event/0E006474CA0CE777
Atlanta,GA,https://www.ticketmaster.com/atlanta-ballet-presents-the-nutcracker-atlanta-georgia-12-05-2026/event/0E006474CA08E771
Atlanta,GA,https://www.ticketmaster.com/atlanta-ballet-presents-the-nutcracker-atlanta-georgia-12-06-2026/event/0E006474CA11E785
Austin,TX,https://www.ticketmaster.com/event/Z7r9jZ1A7OgQb
Austin,TX,https://www.ticketmaster.com/event/Z7r9jZ1A7-7GF
Austin,TX,https://www.ticketmaster.com/event/Z7r9jZ1A7OPjZ
Austin,TX,https://www.ticketmaster.com/event/Z7r9jZ1A7jVJk
Austin,TX,https://www.ticketmaster.com/event/Z7r9jZ1A7OEfb
Austin,TX,https://www.ticketweb.ca/event/sam-tripoli-levity-comedy-club-lounge-tickets/14744213?REFERRAL_ID=tmfeed
Austin,TX,https://www.ticketweb.ca/event/jessie-jetski-johnson-levity-comedy-club-lounge-tickets/14085344?REFERRAL_ID=tmfeed
Austin,TX,https://www.ticketmaster.com/event/Z7r9jZ1A7OAQ3
Austin,TX,https://www.ticketmaster.com/event/Z7r9jZ1A7-Oed
Austin,TX,https://www.ticketmaster.com/event/Z7r9jZ1A7-3jY
Austin,TX,https://www.ticketmaster.com/event/Z7r9jZ1A7-O40
Austin,TX,https://www.ticketmaster.com/event/Z7r9jZ1A7-YZS
Austin,TX,https://www.ticketmaster.com/event/Z7r9jZ1A7-kCf
Austin,TX,https://www.ticketmaster.com/event/Z7r9jZ1A7-VZ8
Austin,TX,https://www.ticketmaster.com/event/Z7r9jZ1A7-8vI
Orlando,FL,https://www.ticketmaster.com/event/Z7r9jZ1A7-_vM
Orlando,FL,https://www.ticketmaster.com/event/Z7r9jZ1A7-_vU
Orlando,FL,https://www.ticketmaster.com/event/Z7r9jZ1A7-_vz
Orlando,FL,https://www.ticketmaster.com/orlando-storm-vs-st-louis-battlehawks-orlando-florida-04-25-2026/event/2200639EB0414535
Orlando,FL,https://www.ticketmaster.com/event/Z7r9jZ1A7OP8Y
Orlando,FL,https://www.ticketmaster.com/orlando-storm-vs-dc-defenders-orlando-florida-05-22-2026/event/2200639EB04B453A
Orlando,FL,https://www.ticketmaster.com/florida-series-england-vs-costa-rica-orlando-florida-06-10-2026/event/220064889D234443
Orlando,FL,https://www.ticketmaster.com/orlando-storm-vs-birmingham-stallions-orlando-florida-05-03-2026/event/2200639EB0464538
Orlando,FL,https://www.ticketmaster.com/event/Z7r9jZ1A7uEaf
Orlando,FL,https://www.ticketmaster.com/event/Z7r9jZ1A74NO7
Orlando,FL,https://www.ticketmaster.com/event/Z7r9jZ1A7-Yjs
Orlando,FL,https://www.ticketmaster.com/event/Z7r9jZ1A7raCf
Orlando,FL,https://www.ticketmaster.com/event/Z7r9jZ1A7OPvJ
Orlando,FL,https://www.drphillipscenter.org/events/tickets/2026/ari-lennox
Orlando,FL,https://www.ticketmaster.com/event/Z7r9jZ1A7xd0e
Orlando,FL,https://www.ticketmaster.com/event/Z7r9jZ1A7rKpA
Orlando,FL,https://www.ticketweb.com/event/white-reaper-and-drug-church-the-abbey-tickets/13997994
Orlando,FL,https://www.universe.com/events/collect-a-con-orlando-fl-tickets-92T4B8?ref=ticketmaster
Orlando,FL,https://www.drphillipscenter.org/events/tickets/2025/natalia-lafourcade/
Nashville,TN,https://www.ticketweb.com/event/sex-pistols-steve-jones-paul-marathon-music-works-tickets/14740793
Nashville,TN,https://www.ticketmaster.com/event/Z7r9jZ1A7jVOM
Nashville,TN,https://www.ticketmaster.com/event/Z7r9jZ1A7_U76
Nashville,TN,https://www.ticketmaster.com/event/Z7r9jZ1A7O6A7
Nashville,TN,https://www.ticketmaster.com/event/Z7r9jZ1A7O6AA
Nashville,TN,https://www.ticketmaster.com/event/Z7r9jZ1A7O6A6
Nashville,TN,https://www.ticketmaster.com/event/Z7r9jZ1A7OI86
Nashville,TN,https://www.ticketmaster.com/event/Z7r9jZ1A7Ode8
Nashville,TN,https://www.ticketmaster.com/event/Z7r9jZ1A74Z_A
Nashville,TN,https://www.ticketmaster.com/event/Z7r9jZ1A74Z_k
Nashville,TN,https://www.ticketmaster.com/event/Z7r9jZ1A74Z_6
Nashville,TN,https://www.ticketmaster.com/event/Z7r9jZ1A74Z_F
Nashville,TN,https://www.ticketmaster.com/event/Z7r9jZ1A74Z8a
Nashville,TN,https://www.ticketmaster.com/event/Z7r9jZ1A74Z_a
Nashville,TN,https://www.ticketmaster.com/event/Z7r9jZ1A74Z_8
Nashville,TN,https://www.ticketmaster.com/event/Z7r9jZ1A74Z_o
Nashville,TN,https://www.ticketmaster.com/event/Z7r9jZ1A7O6A8
Nashville,TN,https://www.ticketmaster.com/sabaton-legends-on-tour-nashville-tennessee-12-09-2026/event/1B00646BB024E931
Nashville,TN,https://www.ticketmaster.com/event/Z7r9jZ1A7q0e6
Nashville,TN,https://www.ticketmaster.com/event/Z7r9jZ1A7-SG9
Atlanta,GA,https://www.ticketmaster.com/atlanta-ballet-presents-the-nutcracker-atlanta-georgia-12-11-2026/event/0E006474CA15E78B
Atlanta,GA,https://www.ticketmaster.com/atlanta-ballet-presents-the-nutcracker-atlanta-georgia-12-12-2026/event/0E006474CA1EE7A0
Atlanta,GA,https://www.ticketmaster.com/atlanta-ballet-presents-the-nutcracker-atlanta-georgia-12-12-2026/event/0E006474CA19E795
Atlanta,GA,https://www.ticketmaster.com/atlanta-ballet-presents-the-nutcracker-atlanta-georgia-12-13-2026/event/0E006474CA22E7A8
Atlanta,GA,https://www.ticketmaster.com/atlanta-ballet-presents-the-nutcracker-atlanta-georgia-12-13-2026/event/0E006474CA27E7AD
Atlanta,GA,https://www.ticketmaster.com/the-boulet-brothers-dragula-titans-2-atlanta-georgia-04-13-2026/event/0E006436D391A813
Atlanta,GA,https://www.ticketmaster.com/atlanta-ballet-presents-the-nutcracker-atlanta-georgia-12-18-2026/event/0E006474CA2BE7BD
Atlanta,GA,https://www.ticketmaster.com/atlanta-ballet-presents-the-nutcracker-atlanta-georgia-12-19-2026/event/0E006474CA2FE7CA
Atlanta,GA,https://www.ticketmaster.com/atlanta-ballet-presents-the-nutcracker-atlanta-georgia-12-19-2026/event/0E006474CA34E7D4
Atlanta,GA,https://www.ticketmaster.com/atlanta-ballet-presents-the-nutcracker-atlanta-georgia-12-20-2026/event/0E006474CA3DE7E1
Atlanta,GA,https://www.ticketmaster.com/atlanta-ballet-presents-the-nutcracker-atlanta-georgia-12-20-2026/event/0E006474CA38E7DC
Atlanta,GA,https://www.ticketmaster.com/atlanta-ballet-presents-the-nutcracker-atlanta-georgia-12-22-2026/event/0E006474CA41E7E9
Atlanta,GA,https://www.ticketmaster.com/atlanta-ballet-presents-the-nutcracker-atlanta-georgia-12-22-2026/event/0E006474CA46E7F4
Atlanta,GA,https://www.ticketmaster.com/marisela-la-dama-de-hierro-atlanta-georgia-05-21-2026/event/0E006237A5442EBD
Atlanta,GA,https://www.ticketmaster.com/atlanta-ballet-presents-the-nutcracker-atlanta-georgia-12-23-2026/event/0E006474CA4AE801
Atlanta,GA,https://www.ticketmaster.com/atlanta-ballet-presents-the-nutcracker-atlanta-georgia-12-23-2026/event/0E006474CA4FE805
Atlanta,GA,https://www.ticketmaster.com/atlanta-ballet-presents-the-nutcracker-atlanta-georgia-12-24-2026/event/0E006474CA53E80C
Atlanta,GA,https://www.ticketmaster.com/atlanta-ballet-presents-the-nutcracker-atlanta-georgia-12-26-2026/event/0E006474CA58E814
Atlanta,GA,https://www.ticketmaster.com/gary-owen-no-hard-feelings-tour-atlanta-georgia-09-26-2026/event/0E006481E223FC96
Atlanta,GA,https://www.ticketmaster.com/wolfmother-20th-anniversary-tour-atlanta-georgia-06-13-2026/event/0E00635C157AA7EB
Austin,TX,https://www.ticketmaster.com/event/Z7r9jZ1A7-J8w
Austin,TX,https://www.ticketmaster.com/event/Z7r9jZ1A7OP7V
Austin,TX,https://www.ticketmaster.com/event/Z7r9jZ1A7-IPb
Austin,TX,https://www.ticketmaster.com/event/Z7r9jZ1A7O44M
Austin,TX,https://www.ticketmaster.com/event/Z7r9jZ1A7O44z
Austin,TX,https://www.ticketmaster.com/event/Z7r9jZ1A7O44y
Austin,TX,https://www.ticketmaster.com/event/Z7r9jZ1A7-xPZ
Austin,TX,https://www.ticketmaster.com/event/Z7r9jZ1A7-Ix9
Austin,TX,https://www.ticketmaster.com/event/Z7r9jZ1A7O6ua
Austin,TX,https://www.universe.com/events/brick-convention-lego-fan-expo-austin-tx-tickets-JLZ5T6?ref=ticketmaster
Austin,TX,https://www.ticketmaster.com/event/Z7r9jZ1A7O44s
Austin,TX,https://www.ticketmaster.com/event/Z7r9jZ1A7xkqS
Orlando,FL,https://www.ticketweb.com/event/fulton-lee-sing-the-abbey-tickets/14095044
Orlando,FL,https://www.ticketmaster.com/event/Z7r9jZ1A7xv0g
Orlando,FL,https://www.ticketmaster.com/event/Z7r9jZ1A7O38S
Orlando,FL,https://www.drphillipscenter.org/events/tickets/2026/daniel-sloss
Orlando,FL,https://www.ticketmaster.com/event/Z7r9jZ1A7-of6
Orlando,FL,https://www.drphillipscenter.org/events/tickets/2026/the-australian-pink-floyd-show/
Orlando,FL,https://www.ticketmaster.com/event/Z7r9jZ1A7OVr6
Orlando,FL,https://www.ticketmaster.com/event/Z7r9jZ1A7-90b
Orlando,FL,https://www.ticketweb.com/event/archspire-long-roads-big-loads-the-abbey-tickets/13990374
Orlando,FL,https://www.ticketweb.com/event/lords-of-acid-cheeky-freaky-the-abbey-tickets/14052374
Orlando,FL,https://www.ticketweb.com/event/prince-daddy-the-hyena-the-abbey-tickets/14080834
Orlando,FL,https://www.ticketmaster.com/no-sitter-necessary-the-family-dance-orlando-florida-05-17-2026/event/2200646A0155D1DE
Orlando,FL,https://www.drphillipscenter.org/events/tickets/2026/luka-sulic/
Orlando,FL,https://www.ticketweb.com/event/high-fade-twice-the-abbey-tickets/14103774
Orlando,FL,https://www.ticketmaster.com/event/Z7r9jZ1A7j3A4
Orlando,FL,https://www.ticketmaster.com/event/Z7r9jZ1A7-6AA
Orlando,FL,https://www.ticketweb.com/event/driveways-have-mercy-and-eternal-the-abbey-tickets/14037014
Orlando,FL,https://www.ticketweb.com/event/armand-hammer-and-more-in-the-abbey-tickets/13983814
Orlando,FL,https://www.ticketweb.com/event/dogs-out-the-cage-tour-the-abbey-tickets/14607933
Orlando,FL,https://www.ticketweb.com/event/best-of-both-worlds-a-the-abbey-tickets/14773713
Nashville,TN,https://www.ticketmaster.com/event/Z7r9jZ1A7-P7A
Nashville,TN,https://www.ticketmaster.com/event/Z7r9jZ1A7xd3k
Nashville,TN,https://www.ticketweb.com/event/mushroomhead-fear-factory-co-headline-the-basement-east-tickets/14169714
Nashville,TN,https://www.ticketweb.com/event/sarah-kinsley-exitin-tickets/14716733
Nashville,TN,https://www.ticketmaster.com/event/Z7r9jZ1A7-s0F
Nashville,TN,https://www.ticketmaster.com/event/Z7r9jZ1A7-woU
Nashville,TN,https://www.ticketweb.com/event/tophouse-exitin-tickets/14786503
Nashville,TN,https://www.ticketweb.com/event/zinadelphia-exitin-tickets/14095754
Nashville,TN,https://www.ticketweb.com/event/comedy-music-roadshow-with-wolves-exitin-tickets/14629393
Nashville,TN,https://www.ticketmaster.com/2026-cma-fest-fan-fair-x-nashville-tennessee-06-04-2026/event/1B006474F45753DB
Nashville,TN,https://www.ticketmaster.com/2026-cma-fest-fan-fair-x-nashville-tennessee-06-04-2026/event/1B006474F446539D
Nashville,TN,https://www.ticketmaster.com/2026-cma-fest-fan-fair-x-nashville-tennessee-06-05-2026/event/1B006474F44A53B3
Nashville,TN,https://www.ticketmaster.com/2026-cma-fest-fan-fair-x-nashville-tennessee-06-06-2026/event/1B006474F44E53BE
Nashville,TN,https://www.ticketmaster.com/2026-cma-fest-fan-fair-x-nashville-tennessee-06-07-2026/event/1B006474F45353CD
Nashville,TN,https://www.ticketweb.com/event/black-pistol-fire-the-basement-east-tickets/14709533
Nashville,TN,https://www.ticketweb.com/event/happy-landing-exitin-tickets/14079934
Nashville,TN,https://www.ticketmaster.com/the-living-tombstone-the-multiplayer-tour-nashville-tennessee-11-01-2026/event/1B00646C9470A117
Nashville,TN,https://www.ticketweb.com/event/postponed-vnv-nation-exitin-tickets/14618423
Nashville,TN,https://www.ticketweb.com/event/from-ashes-to-new-the-basement-east-tickets/14832223
Nashville,TN,https://www.ticketmaster.com/event/Z7r9jZ1A7q00t
Atlanta,GA,https://www.ticketmaster.com/kokoroko-atlanta-georgia-06-11-2026/event/0E00636EFCFFE6BE
Atlanta,GA,https://www.ticketmaster.com/babymetal-world-tour-2026-alpharetta-georgia-09-16-2026/event/0E00647BA01F8E54
Atlanta,GA,https://www.ticketmaster.com/brandy-clark-atlanta-georgia-04-29-2026/event/0E006458D8FA8156
Atlanta,GA,https://www.ticketmaster.com/panic-stricken-atlanta-georgia/event/0E0060CCFFB96D96
Atlanta,GA,https://www.ticketmaster.com/idobi-radio-summer-school-w-honey-atlanta-georgia-06-27-2026/event/0E006452D4BD72C5
Atlanta,GA,https://www.ticketmaster.com/sherri-shepherd-make-it-make-sense-atlanta-georgia-05-16-2026/event/0E006331D4C14FDB
Atlanta,GA,https://www.ticketmaster.com/arms-length-theres-a-whole-world-atlanta-georgia-05-02-2026/event/0E006382ACB084B7
Atlanta,GA,https://www.ticketmaster.com/the-academy-is-almost-here-20-atlanta-georgia-04-15-2026/event/0E006377E977B730
Atlanta,GA,https://www.ticketmaster.com/goldlink-atlanta-georgia/event/0E0062C209306806
Atlanta,GA,https://www.ticketmaster.com/bloodywood-system-of-a-brown-tour-atlanta-georgia-05-11-2026/event/0E0063848F7E829D
Atlanta,GA,https://www.ticketmaster.com/kandi-burruss-i-do-i-did-atlanta-georgia-05-13-2026/event/0E00647F10371A14
Atlanta,GA,https://www.ticketmaster.com/john-cameron-mitchell-hedwig-25th-anniversary-atlanta-georgia-06-17-2026/event/0E00645BBA9CD8DD
Atlanta,GA,https://www.ticketmaster.com/sistersinlaw-live-atlanta-georgia-05-03-2026/event/0E0064760267D90B
Atlanta,GA,https://www.ticketmaster.com/freddie-dredd-atlanta-georgia-05-06-2026/event/0E00644A70552365
Atlanta,GA,https://www.ticketmaster.com/sons-of-legion-soul-to-sl-atlanta-georgia-05-10-2026/event/0E006354ED6F91EF
Atlanta,GA,https://www.ticketmaster.com/natalie-nunn-already-rich-tour-atlanta-georgia-05-19-2026/event/0E00647EB4EB9EBB
Atlanta,GA,https://www.ticketmaster.com/noise-complaints-presents-the-late-night-atlanta-georgia-06-06-2026/event/0E006469A413814A
Atlanta,GA,https://www.ticketmaster.com/yebba-jean-tour-atlanta-georgia-06-08-2026/event/0E00646389CE499E
Atlanta,GA,https://www.ticketmaster.com/the-kevin-langue-show-live-atlanta-georgia-06-20-2026/event/0E0064582D07D9B7
Atlanta,GA,https://www.ticketmaster.com/clarent-atlanta-georgia-07-16-2026/event/0E006488AE40B6E1
Austin,TX,https://www.ticketweb.com/event/strawberry-milk-cult-cathedral-bells-hole-in-the-wall-tickets/14783583
Austin,TX,https://www.ticketmaster.com/event/Z7r9jZ1A7O44w
Austin,TX,https://www.ticketmaster.com/event/Z7r9jZ1A7O44S
Austin,TX,https://www.ticketmaster.com/event/Z7r9jZ1A7O44V
Austin,TX,https://www.ticketmaster.com/event/Z7r9jZ1A7O44g
Austin,TX,https://www.ticketmaster.com/event/Z7r9jZ1A7O44U
Austin,TX,https://www.ticketmaster.com/event/Z7r9jZ1A7O4pZ
Austin,TX,https://www.ticketmaster.com/event/Z7r9jZ1A7O4pv
Austin,TX,https://www.ticketmaster.com/event/Z7r9jZ1A7O4pe
Austin,TX,https://www.ticketmaster.com/event/Z7r9jZ1A7O4pd
Austin,TX,https://www.ticketmaster.com/event/Z7r9jZ1A7Q7a4
Austin,TX,https://www.ticketmaster.com/event/Z7r9jZ1A7Q7af
Austin,TX,https://www.ticketmaster.com/event/Z7r9jZ1A7Q7ap
Austin,TX,https://www.ticketmaster.com/event/Z7r9jZ1A7Q7a9
Austin,TX,https://www.ticketmaster.com/event/Z7r9jZ1A7Q7ab
Austin,TX,https://www.ticketmaster.com/event/Z7r9jZ1A7Q7a_
Austin,TX,https://www.ticketmaster.com/event/Z7r9jZ1A7Q7a-
Austin,TX,https://www.ticketmaster.com/event/Z7r9jZ1A7Q7aO
Austin,TX,https://www.ticketmaster.com/event/Z7r9jZ1A7Q7ax
Austin,TX,https://www.ticketmaster.com/event/Z7r9jZ1A7Q7a0
Orlando,FL,https://www.ticketweb.com/event/death-angel-act-iii-tour-the-abbey-tickets/14160824
Orlando,FL,https://www.ticketweb.com/event/aurelio-voltaire-in-orlando-the-abbey-tickets/13985104
Orlando,FL,https://www.ticketweb.com/event/dead-calm-in-orlando-the-abbey-tickets/14094714
Orlando,FL,https://www.ticketweb.com/event/over-50-and-flourishing-the-abbey-tickets/14792523
Orlando,FL,https://www.ticketweb.com/event/diggy-graves-the-no-vacancy-the-abbey-tickets/14056524
Orlando,FL,https://www.ticketmaster.com/event/Z7r9jZ1A7OYQv
Orlando,FL,https://www.ticketmaster.com/event/Z7r9jZ1A7-MuI
Orlando,FL,https://www.ticketmaster.com/event/Z7r9jZ1A7Od8x
Orlando,FL,https://www.ticketweb.com/event/weatherday-hornet-disaster-tour-2026-the-abbey-tickets/14835223
Orlando,FL,https://on.fgtix.com/trk/8uFM
Orlando,FL,https://www.ticketmaster.com/event/Z7r9jZ1A7xZJ9
Orlando,FL,https://on.fgtix.com/trk/TtDfc
Orlando,FL,https://www.ticketmaster.com/event/Z7r9jZ1A7j_04
Orlando,FL,https://www.ticketmaster.com/event/Z7r9jZ1A7j_0o
Orlando,FL,https://www.ticketmaster.com/event/Z7r9jZ1A7j_03
Orlando,FL,https://www.ticketmaster.com/event/Z7r9jZ1A7j_0p
Orlando,FL,https://www.ticketmaster.com/event/Z7r9jZ1A7j_0b
Orlando,FL,https://www.ticketmaster.com/event/Z7r9jZ1A7j_0f
Nashville,TN,https://www.ticketmaster.com/event/Z7r9jZ1A7-S7y
Nashville,TN,https://www.ticketweb.com/event/the-black-angels-passover-2026-the-basement-east-tickets/14107394
Nashville,TN,https://www.ticketweb.com/event/robyn-hitchcock-live-and-electric-the-basement-east-tickets/13989794
Nashville,TN,https://www.ticketweb.com/event/krooked-kings-exitin-tickets/13975064
Nashville,TN,https://www.ticketweb.com/event/noah-gundersen-w-elizabeth-gundersen-the-basement-east-tickets/14739413
Nashville,TN,https://www.ticketmaster.com/event/Z7r9jZ1A7-JZs
Nashville,TN,https://www.ticketweb.com/event/landry-lowrimore-logan-pilcher-the-east-room-tickets/14813403
Nashville,TN,https://www.ticketweb.com/event/lindsay-liebro-kikko-mai-the-east-room-tickets/14823173
Nashville,TN,https://www.ticketweb.com/event/weeping-lillith-annelise-the-east-room-tickets/14185884
Nashville,TN,https://www.ticketweb.com/event/eliza-harrison-smith-cas-the-east-room-tickets/14771083
Nashville,TN,https://www.ticketweb.com/event/matinee-show-2-5pm-music-the-east-room-tickets/14817613
Nashville,TN,https://www.ticketweb.com/event/future-crib-sugar-limb-the-east-room-tickets/14808143
Nashville,TN,https://www.ticketweb.com/event/davin-hunter-moab-the-east-room-tickets/14825153
Nashville,TN,https://www.ticketweb.com/event/harper-oneill-presents-easy-company-the-east-room-tickets/14793663
Nashville,TN,https://www.ticketweb.com/event/lost-daughter-feel-the-water-the-east-room-tickets/14749983
Nashville,TN,https://www.ticketweb.com/event/fascination-street-presents-feyleux-w-the-east-room-tickets/14188314
Nashville,TN,https://www.ticketweb.com/event/ren-olivia-ray-the-east-room-tickets/14831453
Nashville,TN,https://www.ticketweb.com/event/speakeasy-byrd-whystle-the-east-room-tickets/14837693
Nashville,TN,https://www.ticketweb.com/event/sundock-ancient-country-the-east-room-tickets/14827203
Nashville,TN,https://www.ticketweb.com/event/john-gallagher-jr-feat-special-the-east-room-tickets/14127874
Atlanta,GA,https://www.ticketmaster.com/kail-lowry-fatherless-behavior-tour-atlanta-georgia-07-31-2026/event/0E006470EC10E2B4
Atlanta,GA,https://www.ticketmaster.com/josh-garrels-with-special-guest-taylor-atlanta-georgia-11-11-2026/event/0E0064631AFEF93F
Atlanta,GA,https://www.ticketmaster.com/president-north-american-campaign-2026-atlanta-georgia-09-23-2026/event/0E0064798ED66311
Atlanta,GA,https://www.ticketmaster.com/josh-thomas-jiggle-jiggle-atlanta-georgia-10-23-2026/event/0E006456E48DCD6E
Atlanta,GA,https://www.ticketmaster.com/gianmarco-soresi-the-misery-loves-tour-atlanta-georgia-12-11-2026/event/0E0064710D44E4A1
Atlanta,GA,https://www.ticketmaster.com/max-amini-atlanta-georgia-06-20-2026/event/0E00647CE02D467B
Atlanta,GA,https://www.ticketmaster.com/willie-nelson-family-atlanta-georgia-04-23-2026/event/0E00646CAFBD8B16
Atlanta,GA,https://www.ticketmaster.com/danae-hays-the-buckwild-tour-atlanta-georgia-05-01-2026/event/0E006383E4D1D38E
Atlanta,GA,https://www.ticketmaster.com/club-90s-euphoria-rave-18-atlanta-georgia-06-05-2026/event/0E006489D36BF5D9
Atlanta,GA,https://www.ticketmaster.com/jorge-medina-josi-cuen-juntos-atlanta-georgia-04-24-2026/event/0E00626EA2F63308
Atlanta,GA,https://www.ticketmaster.com/mariachazo-atlanta-georgia-08-07-2026/event/0E006453DCEBE9BC
Atlanta,GA,https://premium.livenation.com/venue/lakewood-amphitheatre
Atlanta,GA,https://www.ticketmaster.com/atlanta-ballet-presents-frida-atlanta-georgia-05-08-2026/event/0E0062C2D11E3BE0
Atlanta,GA,https://www.ticketmaster.com/atlanta-ballet-presents-frida-atlanta-georgia-05-09-2026/event/0E0062C2D1213BF9
Atlanta,GA,https://www.ticketmaster.com/atlanta-ballet-presents-frida-atlanta-georgia-05-09-2026/event/0E0062C2D1253C04
Atlanta,GA,https://www.ticketmaster.com/atlanta-ballet-presents-frida-atlanta-georgia-05-10-2026/event/0E0062C2D1283C12
Atlanta,GA,https://www.ticketmaster.com/dante-gebel-world-tour-despedida-2026-atlanta-georgia-09-24-2026/event/0E006474C720E33B
Atlanta,GA,https://www.ticketmaster.com/atlanta-opera-presents-turandot-atlanta-georgia-04-25-2026/event/0E0062F19B6D1D64
Atlanta,GA,https://www.ticketmaster.com/atlanta-opera-presents-turandot-atlanta-georgia-04-28-2026/event/0E0062F19B741D6B
Austin,TX,https://www.ticketmaster.com/event/Z7r9jZ1A7Q7aN
Austin,TX,https://www.ticketmaster.com/event/Z7r9jZ1A7Q7aP
Austin,TX,https://www.ticketmaster.com/event/Z7r9jZ1A7Q7aE
Austin,TX,https://www.ticketmaster.com/event/Z7r9jZ1A7Q7aJ
Austin,TX,https://www.ticketmaster.com/event/Z7r9jZ1A7Q7aI
Austin,TX,https://www.ticketmaster.com/event/Z7r9jZ1A7OMoF
Austin,TX,https://www.ticketmaster.com/event/Z7r9jZ1A7OMoa
Austin,TX,https://www.ticketmaster.com/event/Z7r9jZ1A7OMo8
Austin,TX,https://www.ticketmaster.com/event/Z7r9jZ1A7OMoo
Austin,TX,https://on.fgtix.com/trk/v8SK
Austin,TX,https://on.fgtix.com/trk/y8SK
Austin,TX,https://www.ticketmaster.com/event/Z7r9jZ1A7rova
Austin,TX,https://www.ticketmaster.com/event/Z7r9jZ1A7rovA
Austin,TX,https://www.ticketmaster.com/event/Z7r9jZ1A7qzqv
Austin,TX,https://www.ticketweb.com/event/kb-the-signal-tour-lifefamily-mueller-tickets/14120824
Austin,TX,https://www.ticketmaster.com/event/Z7r9jZ1A7rovO
Orlando,FL,https://www.ticketmaster.com/event/Z7r9jZ1A7j_09
Orlando,FL,https://www.ticketmaster.com/event/Z7r9jZ1A7j_0K
Orlando,FL,https://www.ticketweb.com/event/the-buddies-tour-with-annie-summit-church-tickets/14760173
Orlando,FL,https://www.ticketmaster.com/event/Z7r9jZ1A7-fG_
Orlando,FL,https://www.ticketmaster.com/event/Z7r9jZ1A7OVqo
Orlando,FL,https://www.ticketmaster.com/funny-business-comedy-orlando-florida-04-18-2026/event/22006462CF0F6203
Orlando,FL,https://www.ticketmaster.com/florida-open-2026-season-pass-orlando-florida-08-04-2026/event/22006443B4D633E4
Orlando,FL,https://www.ticketmaster.com/florida-open-2026-orlando-florida-08-04-2026/event/220064726B5E1963
Orlando,FL,https://www.ticketmaster.com/florida-open-2026-orlando-florida-08-05-2026/event/22006443B10331AE
Orlando,FL,https://www.ticketmaster.com/florida-open-2026-orlando-florida-08-06-2026/event/22006443B10531B0
Orlando,FL,https://www.ticketmaster.com/florida-open-2026-orlando-florida-08-07-2026/event/22006443B10631D2
Orlando,FL,https://www.ticketmaster.com/florida-open-2026-orlando-florida-08-08-2026/event/22006443B10831E2
Orlando,FL,https://www.ticketmaster.com/florida-open-2026-orlando-florida-08-09-2026/event/22006443B10B31F3
Orlando,FL,https://www.universe.com/events/brick-convention-lego-fan-expo-orlando-fl-tickets-N1C4ML?ref=ticketmaster
Orlando,FL,https://www.ticketmaster.com/hades66-el-sei66eis-usa-tour-orlando-florida-05-15-2026/event/2200646DCC148F80
Orlando,FL,https://www.ticketmaster.com/mosconi-cup-2026-orlando-florida-11-27-2026/event/2200637AB73044DD
Orlando,FL,https://www.ticketmaster.com/mosconi-cup-2026-orlando-florida-11-28-2026/event/2200637AB73344E2
Orlando,FL,https://www.ticketmaster.com/mosconi-cup-2026-orlando-florida-11-29-2026/event/2200637AB73744E5
Orlando,FL,https://www.ticketmaster.com/mosconi-cup-2026-orlando-florida-11-30-2026/event/2200637AB73944E8
Orlando,FL,https://www.ticketmaster.com/orlando-city-b-vs-huntsville-city-kissimmee-florida-07-26-2026/event/22006430E7D365E5
Nashville,TN,https://www.ticketweb.com/event/fascination-street-presents-past-self-the-east-room-tickets/14124634
Nashville,TN,https://www.ticketweb.com/event/xander-ward-boydrive-the-east-room-tickets/14771503
Nashville,TN,https://www.ticketweb.com/event/choreomanias-presents-everybody-scream-tour-the-east-room-tickets/14182804
Nashville,TN,https://www.ticketweb.com/event/molly-murphy-shaun-livingston-the-east-room-tickets/14843583
Nashville,TN,https://www.ticketweb.com/event/new-candys-the-silkies-the-east-room-tickets/14162054
Nashville,TN,https://www.ticketweb.com/event/for-the-love-of-nashville-the-east-room-tickets/14750103
Nashville,TN,https://www.ticketweb.com/event/levi-foster-court-taylor-the-east-room-tickets/14112634
Nashville,TN,https://www.ticketweb.com/event/sooflay-cardboard-rock-n-rolletry-the-east-room-tickets/14822233
Nashville,TN,https://www.ticketweb.com/event/trauma-prom-release-show-feat-the-east-room-tickets/14752733
Nashville,TN,https://www.ticketweb.com/event/sayryn-ep-release-feat-black-the-east-room-tickets/14832173
Nashville,TN,https://www.ticketweb.com/event/god-in-rehab-oudi-the-east-room-tickets/14837703
Nashville,TN,https://www.ticketweb.com/event/outside-dog-chipped-beef-ep-the-east-room-tickets/14842633
Nashville,TN,https://www.ticketweb.com/event/dylan-taylor-taxiway-the-east-room-tickets/14820893
Nashville,TN,https://www.ticketweb.com/event/miggie-snyder-hot-young-the-east-room-tickets/14777873
Nashville,TN,https://www.ticketweb.com/event/brye-the-east-room-tickets/14820063
Nashville,TN,https://www.ticketweb.com/event/magnolia-park-nights-the-basement-east-tickets/14687093
Nashville,TN,https://www.ticketweb.com/event/cattle-decapitation-30-years-of-the-basement-east-tickets/14150774
Nashville,TN,https://www.ticketweb.com/event/bahamas-industrial-sport-sound-the-basement-east-tickets/14731243
Nashville,TN,https://www.ticketweb.com/event/moved-to-brooklyn-bowl-slayyyter-the-basement-east-tickets/14781653
Nashville,TN,https://www.ticketweb.com/event/failure-w-all-under-heaven-the-basement-east-tickets/14163184
Atlanta,GA,https://www.ticketmaster.com/atlanta-opera-presents-turandot-atlanta-georgia-05-01-2026/event/0E0062F19B771D71
Atlanta,GA,https://www.ticketmaster.com/atlanta-opera-presents-turandot-atlanta-georgia-05-03-2026/event/0E0062F19B7A1D9A
Atlanta,GA,https://www.ticketmaster.com/atlanta-opera-presents-twilight-of-the-atlanta-georgia-05-30-2026/event/0E0062F1A5D623F5
Atlanta,GA,https://www.ticketmaster.com/atlanta-opera-presents-twilight-of-the-atlanta-georgia-06-02-2026/event/0E0062F1A5D9240B
Atlanta,GA,https://www.ticketmaster.com/atlanta-opera-presents-twilight-of-the-atlanta-georgia-06-05-2026/event/0E0062F1A5DC2431
Atlanta,GA,https://www.ticketmaster.com/atlanta-opera-presents-twilight-of-the-atlanta-georgia-06-07-2026/event/0E0062F1A5DF244B
Atlanta,GA,https://www.ticketmaster.com/professor-brian-cox-emergence-atlanta-georgia-11-28-2026/event/0E006336BAFE41A5
Atlanta,GA,https://www.ticketmaster.com/las-alucines-atlanta-georgia-05-12-2026/event/0E006466983C87CF
Atlanta,GA,https://foxtheatre.evenue.net/cgi-bin/ncommerce3/SEGetEventList?groupCode=JAY&linkID=fta&shopperContext=&caller=&appCode=
Atlanta,GA,https://www.ticketmaster.com/kanan-gill-not-this-again-atlanta-georgia-10-10-2026/event/0E00643CCDDAAB15
Atlanta,GA,https://www.ticketmaster.com/ub40-atlanta-georgia-11-12-2026/event/0E006435BA58A1C9
Atlanta,GA,https://www.ticketmaster.com/hunter-hayes-the-evergreen-tour-atlanta-georgia-04-22-2026/event/0E006378AF4381FE
Atlanta,GA,https://www.ticketmaster.com/motionless-in-white-the-sweat-and-alpharetta-georgia-07-22-2026/event/0E00643CBEDE9ECC
Atlanta,GA,https://www.ticketmaster.com/wage-war-it-calls-me-by-atlanta-georgia-05-29-2026/event/0E006458AF85BC71
Atlanta,GA,https://www.ticketmaster.com/the-magic-of-motown-atlanta-georgia-06-05-2026/event/0E00636CB7D89944
Atlanta,GA,https://www.ticketmaster.com/claypool-gold-atlanta-georgia-06-20-2026/event/0E00643091B75824
Atlanta,GA,https://www.ticketmaster.com/justin-hayward-atlanta-georgia-04-19-2026/event/0E006427DE0583E4
Atlanta,GA,https://www.ticketmaster.com/charlie-puth-whatevers-clever-world-tour-atlanta-georgia-06-03-2026/event/0E006426A8B34E4D
Atlanta,GA,https://www.ticketmaster.com/atlanta-dream-v-minnesota-lynx-college-park-georgia-08-30-2026/event/0E00647391D17316
Atlanta,GA,https://www.ticketmaster.com/jonathan-van-ness-atlanta-georgia-11-21-2026/event/0E006473989C8918
Austin,TX,https://www.ticketmaster.com/event/Z7r9jZ1A7roZy
Austin,TX,https://www.ticketmaster.com/event/Z7r9jZ1A7rovd
Austin,TX,https://www.ticketmaster.com/event/Z7r9jZ1A7roZS
Austin,TX,https://www.ticketmaster.com/good-good-championship-thursday-austin-texas-11-12-2026/event/3A00646BC061CB90
Austin,TX,https://www.ticketmaster.com/good-good-championship-friday-austin-texas-11-13-2026/event/3A00646BC066CB96
Austin,TX,https://www.ticketmaster.com/good-good-championship-saturday-austin-texas-11-14-2026/event/3A00646BC06BCBA3
Austin,TX,https://www.ticketmaster.com/good-good-championship-sunday-austin-texas-11-15-2026/event/3A00646BC06FCBAC
Austin,TX,https://www.ticketmaster.com/event/Z7r9jZ1A7QFZf
Austin,TX,https://www.ticketmaster.com/event/Z7r9jZ1A7QFZ_
Austin,TX,https://www.ticketmaster.com/event/Z7r9jZ1A7QFZd
Austin,TX,https://www.ticketmaster.com/event/Z7r9jZ1A7QFZy
Austin,TX,https://www.ticketmaster.com/event/Z7r9jZ1A7QFZ9
Austin,TX,https://www.ticketmaster.com/event/Z7r9jZ1A7QFZx
Austin,TX,https://www.ticketmaster.com/event/Z7r9jZ1A7Q6PV
Austin,TX,https://www.ticketmaster.com/event/Z7r9jZ1A7QFZe
Austin,TX,https://www.ticketmaster.com/event/Z7r9jZ1A7Q6Jv
Austin,TX,https://www.ticketmaster.com/event/Z7r9jZ1A7QFZa
Austin,TX,https://www.ticketmaster.com/event/Z7r9jZ1A7QFZO
Austin,TX,https://www.ticketmaster.com/event/Z7r9jZ1A7QFZJ
Austin,TX,https://www.ticketmaster.com/event/Z7r9jZ1A7roZU
Orlando,FL,https://www.ticketweb.com/event/indie-900-jam-lil-indies-tickets/14810643
Orlando,FL,https://www.ticketweb.com/event/the-moss-park-strings-lil-indies-tickets/14810603
Orlando,FL,https://www.ticketweb.com/event/jordan-foley-lil-indies-tickets/14828583
Orlando,FL,https://www.ticketweb.com/event/hard-swingin-country-soiree-with-lil-indies-tickets/14810693
Orlando,FL,https://www.ticketweb.com/event/nestos-jazz-trio-lil-indies-tickets/14810773
Orlando,FL,https://www.ticketweb.com/event/the-jk-trio-lil-indies-tickets/14828573
Orlando,FL,https://www.ticketweb.com/event/dj-bmf-lil-indies-tickets/14810863
Orlando,FL,https://www.ticketweb.com/event/united-groove-lil-indies-tickets/14810933
Orlando,FL,https://www.ticketweb.com/event/jayo-lil-indies-tickets/14810583
Orlando,FL,https://www.ticketweb.com/event/the-moss-park-strings-lil-indies-tickets/14810623
Orlando,FL,https://www.ticketweb.com/event/indie-900-jam-lil-indies-tickets/14810653
Orlando,FL,https://www.ticketweb.com/event/electric-biscuits-lil-indies-tickets/14832093
Orlando,FL,https://www.ticketweb.com/event/hard-swingin-country-soiree-with-lil-indies-tickets/14810713
Orlando,FL,https://www.ticketweb.com/event/nestos-jazz-trio-lil-indies-tickets/14810753
Orlando,FL,https://www.ticketweb.com/event/michael-jackson-jam-with-dj-lil-indies-tickets/14810853
Orlando,FL,https://www.ticketweb.com/event/basketball-and-breaks-with-b8ta-lil-indies-tickets/14810953
Orlando,FL,https://www.ticketweb.com/event/jayo-lil-indies-tickets/14810573
Orlando,FL,https://www.ticketweb.com/event/the-moss-park-strings-lil-indies-tickets/14810613
Orlando,FL,https://www.ticketweb.com/event/indie-900-jam-lil-indies-tickets/14810663
Orlando,FL,https://www.ticketweb.com/event/electric-biscuits-lil-indies-tickets/14832103
Nashville,TN,https://www.ticketweb.com/event/terror-w-pain-of-truth-the-basement-east-tickets/14739383
Nashville,TN,https://www.ticketweb.com/event/emm-the-dumb-the-east-room-tickets/14596223
Nashville,TN,https://www.ticketweb.com/event/dry-cleaning-with-hotline-tnt-the-basement-east-tickets/14615693
Nashville,TN,https://www.ticketmaster.com/event/Z7r9jZ1A7OwGF
Nashville,TN,https://www.ticketweb.com/event/dave-pomeroy-charles-wigg-3rd-and-lindsley-tickets/14768253
Nashville,TN,https://www.ticketweb.com/event/sold-out-searows-the-basement-east-tickets/13987384
Nashville,TN,https://www.ticketweb.com/event/sold-out-patrick-droney-exitin-tickets/14786483
Nashville,TN,https://www.ticketweb.com/event/steinza-exitin-tickets/14721473
Nashville,TN,https://www.ticketmaster.com/event/Z7r9jZ1A7O6uP
Nashville,TN,https://www.ticketweb.com/event/vana-the-lady-the-basement-east-tickets/14711323
Nashville,TN,https://www.ticketweb.com/event/cold-w-idle-heirs-and-the-basement-east-tickets/14072564
Nashville,TN,https://www.ticketweb.com/event/em-beihold-tales-of-a-the-basement-east-tickets/14103004
Nashville,TN,https://www.ticketweb.com/event/lee-fields-the-expressions-exitin-tickets/14157114
Nashville,TN,https://www.ticketweb.com/event/voxtrot-w-see-night-the-basement-east-tickets/14712773
Nashville,TN,https://www.ticketweb.com/event/dylan-leblanc-w-carlyle-griffin-the-basement-east-tickets/14761933
Nashville,TN,https://www.ticketweb.com/event/the-nude-party-w-tobacco-the-basement-east-tickets/14629793
Nashville,TN,https://www.ticketweb.com/event/phoneboy-with-heart-attack-man-the-basement-east-tickets/14107594
Nashville,TN,https://www.ticketweb.com/event/driveways-w-have-mercy-the-basement-east-tickets/14072524
Nashville,TN,https://www.ticketweb.com/event/jake-worthington-intent-the-basement-east-tickets/14162754
Nashville,TN,https://www.ticketweb.com/event/unprocessed-w-allt-lauren-babic-the-basement-east-tickets/14668893
Atlanta,GA,https://www.ticketmaster.com/andrew-callaghan-all-gas-x-channel-atlanta-georgia-04-18-2026/event/0E0062F9B4FD3E59
Atlanta,GA,https://www.ticketmaster.com/joe-jackson-atlanta-georgia-06-26-2026/event/0E006365AE657B66
Atlanta,GA,https://www.ticketmaster.com/hawthorne-heights-20th-anniversary-of-if-atlanta-georgia-11-06-2026/event/0E006470E423DA77
Atlanta,GA,https://www.ticketmaster.com/hank-williams-jr-alpharetta-georgia-06-27-2026/event/0E00645A8E727CA2
Atlanta,GA,https://www.ticketmaster.com/zoltan-kaszas-worldwideish-tour-atlanta-georgia-05-15-2026/event/0E006366DA3AA06D
Atlanta,GA,https://www.ticketmaster.com/gimme-gimme-disco-18-atlanta-georgia-04-24-2026/event/0E0064694807573E
Atlanta,GA,https://www.ticketmaster.com/choir-choir-choir-presents-mamma-mia-atlanta-georgia-06-14-2026/event/0E006466D9FCEB2F
Atlanta,GA,https://www.ticketmaster.com/the-church-the-singles-19802025-atlanta-georgia-06-19-2026/event/0E00626BCE4C377F
Atlanta,GA,https://www.ticketmaster.com/progpower-usa-day-1-atlanta-georgia-09-09-2026/event/0E006365D996998B
Atlanta,GA,https://www.ticketmaster.com/progpower-usa-xxv-day-2-atlanta-georgia-09-10-2026/event/0E006356C43A8594
Atlanta,GA,https://www.ticketmaster.com/progpower-usa-xxv-days-3-4-atlanta-georgia-09-11-2026/event/0E006319AF0A3E33
Atlanta,GA,https://www.ticketmaster.com/randy-feltface-gimmick-atlanta-georgia-11-14-2026/event/0E006459E4F5DBB7
Atlanta,GA,https://www.ticketmaster.com/monet-x-change-atlanta-georgia-05-02-2026/event/0E006426C536685E
Atlanta,GA,https://www.ticketmaster.com/concrete-boys-atlanta-georgia-04-23-2026/event/0E0064599CC3DC08
Atlanta,GA,https://www.ticketmaster.com/concrete-boys-atlanta-georgia-05-26-2026/event/0E00646322C0B6CE
Atlanta,GA,https://www.ticketmaster.com/emo-orchestra-with-the-spill-canvas-atlanta-georgia-05-14-2026/event/0E00639393536D85
Atlanta,GA,https://www.ticketmaster.com/grateful-shred-atlanta-georgia-11-11-2026/event/0E00647FB072CA57
Atlanta,GA,https://www.ticketmaster.com/kings-kaleidoscope-credo-spirit-tour-atlanta-georgia-05-08-2026/event/0E0062A9F44B5B0E
Atlanta,GA,https://www.ticketmaster.com/curreny-atlanta-georgia-04-24-2026/event/0E00644E003BFA2C
Atlanta,GA,https://www.ticketmaster.com/slayyyter-wort-girl-in-the-world-atlanta-georgia-09-21-2026/event/0E00646C9E3E7272
Austin,TX,https://www.ticketmaster.com/event/Z7r9jZ1A7--1_
Austin,TX,https://www.ticketmaster.com/event/Z7r9jZ1A7--GZ
Austin,TX,https://www.ticketmaster.com/event/Z7r9jZ1A7rovo
Austin,TX,https://www.ticketmaster.com/event/Z7r9jZ1A7rov4
Austin,TX,https://www.ticketmaster.com/event/Z7r9jZ1A7rov9
Austin,TX,https://www.ticketmaster.com/event/Z7r9jZ1A7QFZF
Austin,TX,https://www.ticketmaster.com/event/Z7r9jZ1A7Q6Py
Austin,TX,https://www.ticketmaster.com/event/Z7r9jZ1A7Q6Je
Austin,TX,https://www.ticketmaster.com/event/Z7r9jZ1A7Q6JA
Austin,TX,https://www.ticketmaster.com/event/Z7r9jZ1A7QFZg
Austin,TX,https://www.ticketmaster.com/event/Z7r9jZ1A7QFZS
Austin,TX,https://www.ticketweb.com/event/megan-woodss-the-truth-tour-lifefamily-austin-tickets/14128184
Austin,TX,https://www.ticketmaster.com/event/Z7r9jZ1A7Q6J_
Austin,TX,https://www.ticketmaster.com/event/Z7r9jZ1A7QFZ-
Austin,TX,https://www.ticketmaster.com/event/Z7r9jZ1A7QFZ8
Austin,TX,https://www.ticketmaster.com/event/Z7r9jZ1A7Q6Pz
Austin,TX,https://www.ticketmaster.com/event/Z7r9jZ1A7Q6PE
Austin,TX,https://www.ticketmaster.com/event/Z7r9jZ1A7QFZ6
Austin,TX,https://www.ticketmaster.com/event/Z7r9jZ1A7QFZv
Austin,TX,https://www.ticketmaster.com/event/Z7r9jZ1A7Q6Jb
Orlando,FL,https://www.ticketweb.com/event/nestos-jazz-trio-lil-indies-tickets/14810743
Orlando,FL,https://www.ticketweb.com/event/miski-dee-mike-levin-and-lil-indies-tickets/14778243
Orlando,FL,https://www.ticketweb.com/event/152-productions-presents-canaan-cox-wills-pub-tickets/14557573
Orlando,FL,https://www.ticketweb.com/event/thursday-thinks-trivia-dirty-laundry-tickets/14810823
Orlando,FL,https://www.ticketweb.com/event/thursday-thinks-trivia-dirty-laundry-tickets/14810813
Orlando,FL,https://www.ticketweb.com/event/thursday-thinks-trivia-dirty-laundry-tickets/14810803
Orlando,FL,https://www.ticketweb.com/event/keep-flying-10th-wills-pub-tickets/14759343
Orlando,FL,https://www.ticketweb.com/event/lowheaven-drosera-fluxe-and-doolittle-wills-pub-tickets/14742383
Orlando,FL,https://www.ticketweb.com/event/headbangers-ball-cover-show-wills-pub-tickets/14741723
Orlando,FL,https://www.ticketweb.com/event/mjt-in-orlando-wills-pub-tickets/14779613
Orlando,FL,https://www.ticketweb.com/event/the-fraternals-the-boas-lady-wills-pub-tickets/14746923
Orlando,FL,https://www.ticketweb.com/event/northvale-with-good-night-moon-wills-pub-tickets/14130054
Orlando,FL,https://www.ticketweb.com/event/math-rock-spring-break-2026-wills-pub-tickets/14158854
Orlando,FL,https://www.ticketweb.com/event/seven-teller-in-orlando-wills-pub-tickets/14135344
Orlando,FL,https://www.ticketweb.com/event/house-high-with-blair-sound-wills-pub-tickets/14816583
Orlando,FL,https://www.ticketweb.com/event/modern-moog-4-a-tribute-wills-pub-tickets/14782963
Orlando,FL,https://www.ticketweb.com/event/confession-kids-with-trustfall-and-wills-pub-tickets/14776453
Orlando,FL,https://www.ticketweb.com/event/a-night-of-ska-wills-pub-tickets/14835693
Orlando,FL,https://www.ticketweb.com/event/the-boogarins-timothy-eerie-and-wills-pub-tickets/14128124
Orlando,FL,https://www.ticketweb.com/event/clarion-blue-fairy-wills-pub-tickets/14004074
Nashville,TN,https://www.ticketweb.com/event/freddie-dredd-back-the-basement-east-tickets/14153474
Nashville,TN,https://www.ticketweb.com/event/flyte-w-samantha-crain-the-basement-east-tickets/14376643
Nashville,TN,https://www.ticketweb.com/event/cut-worms-w-liam-kazar-the-basement-east-tickets/14076694
Nashville,TN,https://www.ticketweb.com/event/adrian-vandenberg-my-the-basement-east-tickets/14823143
Nashville,TN,https://www.ticketweb.com/event/ashley-kutcher-exitin-tickets/14065284
Nashville,TN,https://www.ticketweb.com/event/raven-with-special-guest-slackjaw-exitin-tickets/14072094
Nashville,TN,https://www.ticketweb.com/event/gorilla-zoe-exitin-tickets/14453343
Nashville,TN,https://www.ticketweb.com/event/the-brudi-brothers-exitin-tickets/14132784
Nashville,TN,https://www.ticketweb.com/event/melrose-avenue-w-autumn-kings-the-basement-east-tickets/14603123
Nashville,TN,https://www.ticketweb.com/event/qdp-the-basement-east-tickets/14847133
Nashville,TN,https://www.ticketweb.com/event/strings-heart-exitin-tickets/14155724
Nashville,TN,https://www.ticketweb.com/event/aj-lee-blue-summit-the-basement-east-tickets/13977844
Nashville,TN,https://www.ticketweb.com/event/sold-out-in-color-w-the-basement-east-tickets/13978164
Nashville,TN,https://www.ticketweb.com/event/underscores-galleria-the-basement-east-tickets/14186204
Nashville,TN,https://www.ticketweb.com/event/80s-kids-the-basement-east-tickets/14107174
Nashville,TN,https://www.ticketweb.com/event/tripping-daisy-playing-the-basement-east-tickets/14127954
Nashville,TN,https://www.ticketweb.com/event/breakfield-formerly-known-exitin-tickets/13975144
Nashville,TN,https://www.ticketweb.com/event/chameleons-arctic-moon-the-basement-east-tickets/14077944
Nashville,TN,https://www.ticketweb.com/event/sold-out-sons-of-legion-exitin-tickets/14544493
Nashville,TN,https://www.ticketweb.com/event/sold-out-sons-of-legion-exitin-tickets/14641093
Atlanta,GA,https://www.ticketmaster.com/akeem-ali-atlanta-georgia-12-04-2026/event/0E00647EABF29083
Atlanta,GA,https://www.ticketmaster.com/big-boogie-pain-on-paper-tour-atlanta-georgia/event/0E00637AC9F0A55B
Atlanta,GA,https://www.ticketmaster.com/nick-shoulders-atlanta-georgia-10-23-2026/event/0E00647FD8123C33
Atlanta,GA,https://www.ticketmaster.com/majic-afer-dark-presents-kevin-ross-atlanta-georgia-05-09-2026/event/0E00645907CB1C97
Atlanta,GA,https://www.ticketmaster.com/eagles-of-death-metal-atlanta-georgia-08-11-2026/event/0E006473E615F4A7
Atlanta,GA,https://www.ticketmaster.com/naika-atlanta-georgia-04-15-2026/event/0E006373F95CD6D6
Atlanta,GA,https://www.ticketmaster.com/autumn-live-on-the-kickoff-tour-atlanta-georgia-05-21-2026/event/0E006453BED3CD37
Atlanta,GA,https://www.ticketmaster.com/club-1bd-ft-dj-miss-milan-atlanta-georgia-04-17-2026/event/0E006396B23B784A
Atlanta,GA,https://www.ticketmaster.com/emma-grede-atlanta-georgia-04-25-2026/event/0E00643CA0E98265
Atlanta,GA,https://www.ticketmaster.com/one-or-eight-atlanta-georgia-04-28-2026/event/0E006443EB379E88
Atlanta,GA,https://www.ticketmaster.com/clara-la-san-chosen-silences-tour-atlanta-georgia-05-06-2026/event/0E00644DEC25EF9A
Atlanta,GA,https://www.ticketmaster.com/rafael-portugal-atlanta-georgia-05-10-2026/event/0E00645197C176D6
Atlanta,GA,https://www.ticketmaster.com/fattmack-the-mckenzie-tour-atlanta-georgia-05-13-2026/event/0E0064712194F578
Atlanta,GA,https://www.ticketmaster.com/ruslan-kd-atlanta-georgia-05-16-2026/event/0E00636EA197952F
Atlanta,GA,https://www.ticketmaster.com/yves-tour-2026-the-americas-atlanta-georgia-05-17-2026/event/0E006469949B6B0F
Atlanta,GA,https://www.ticketmaster.com/kenny-mason-atlanta-georgia-06-27-2026/event/0E00644A9647529C
Atlanta,GA,https://www.ticketmaster.com/zain-zohaib-qawwali-night-atlanta-georgia-05-23-2026/event/0E00647AB589B71D
Atlanta,GA,https://www.ticketmaster.com/derrick-stroup-atlanta-georgia-05-27-2026/event/0E00647303D33DDD
Atlanta,GA,https://www.ticketmaster.com/derrick-stroup-live-atlanta-georgia-05-28-2026/event/0E006392A3B683FC
Atlanta,GA,https://www.ticketmaster.com/national-wrestling-alliance-presents-hard-times-atlanta-georgia-06-06-2026/event/0E006488DE3C2F57
Austin,TX,https://www.ticketmaster.com/event/Z7r9jZ1A7Q6JF
Austin,TX,https://www.ticketmaster.com/event/Z7r9jZ1A7Os0a
Austin,TX,https://www.ticketmaster.com/event/Z7r9jZ1A7Q6PM
Austin,TX,https://www.ticketmaster.com/event/Z7r9jZ1A7Q6Jk
Austin,TX,https://www.ticketmaster.com/event/Z7r9jZ1A7QFZz
Austin,TX,https://www.ticketmaster.com/event/Z7r9jZ1A7Q6Jp
Austin,TX,https://www.ticketmaster.com/event/Z7r9jZ1A7Q6JK
Austin,TX,https://www.ticketmaster.com/event/Z7r9jZ1A7QFZb
Austin,TX,https://www.ticketmaster.com/event/Z7r9jZ1A7-3GE
Austin,TX,https://www.ticketmaster.com/event/Z7r9jZ1A7-3GJ
Austin,TX,https://www.ticketmaster.com/event/Z7r9jZ1A7-3GN
Austin,TX,https://www.ticketmaster.com/event/Z7r9jZ1A7-3G0
Austin,TX,https://www.ticketmaster.com/event/Z7r9jZ1A7-3GP
Austin,TX,https://www.ticketweb.com/event/kingdom-come-a-night-of-the-fellowship-church-tickets/14064624
Austin,TX,https://www.ticketmaster.com/event/Z7r9jZ1A7QFZ4
Austin,TX,https://www.ticketmaster.com/event/Z7r9jZ1A7Q6J6
Austin,TX,https://www.ticketmaster.com/event/Z7r9jZ1A7Q6Pw
Austin,TX,https://www.ticketmaster.com/event/Z7r9jZ1A7QFZP
Austin,TX,https://www.ticketmaster.com/event/Z7r9jZ1A7QFZw
Austin,TX,https://www.ticketmaster.com/event/Z7r9jZ1A7Q6Ps
Orlando,FL,https://www.ticketweb.com/event/wills-pub-spelling-bee-competition-wills-pub-tickets/14810513
Orlando,FL,https://www.ticketweb.com/event/film-screening-a-band-called-wills-pub-tickets/14831843
Orlando,FL,https://www.ticketweb.com/event/n-values-night-wills-pub-tickets/14809303
Orlando,FL,https://www.ticketweb.com/event/bleach-30-year-anniversary-w-wills-pub-tickets/14827283
Orlando,FL,https://www.ticketweb.com/event/house-of-heavy-a-night-wills-pub-tickets/14818753
Orlando,FL,https://www.ticketweb.com/event/faire-of-the-dog-night-wills-pub-tickets/14839813
Orlando,FL,https://www.ticketweb.com/event/lavola-did-you-wills-pub-tickets/14752893
Orlando,FL,https://www.ticketweb.com/event/sulynn-hago-big-sad-and-wills-pub-tickets/14836063
Orlando,FL,https://www.ticketweb.com/event/oklahoma-stackhouse-with-the-firewater-wills-pub-tickets/14769633
Orlando,FL,https://www.ticketweb.com/event/kick-in-the-eye-goth-wills-pub-tickets/14836153
Orlando,FL,https://www.ticketweb.com/event/broken-ground-tour-featuring-dove-wills-pub-tickets/14835703
Orlando,FL,https://www.ticketweb.com/event/andres-the-purgatoryland-wills-pub-tickets/14763683
Orlando,FL,https://www.ticketweb.com/event/nite-in-orlando-wills-pub-tickets/13997274
Orlando,FL,https://www.ticketweb.com/event/hopper1000-dj-orange-julius-venus-wills-pub-tickets/14847953
Orlando,FL,https://www.ticketweb.com/event/degenerates-tv-generation-best-days-wills-pub-tickets/14184724
Orlando,FL,https://www.ticketweb.com/event/subhumans-with-special-guests-the-wills-pub-tickets/14812863
Orlando,FL,https://www.ticketweb.com/event/tunnel-of-set-insectile-maidenhead-wills-pub-tickets/14836303
Orlando,FL,https://www.ticketweb.com/event/shak-nasti-glennjammin-jk-wills-pub-tickets/14831993
Orlando,FL,https://www.ticketweb.com/event/the-end-of-an-eras-wills-pub-tickets/14832783
Orlando,FL,https://www.ticketweb.com/event/cancerslug-in-orlando-wills-pub-tickets/14836163
Nashville,TN,https://www.ticketweb.com/event/denny-diamond-neil-diamond-tribute-the-basement-east-tickets/14829663
Nashville,TN,https://www.ticketweb.com/event/denny-diamond-neil-diamond-tribute-the-basement-east-tickets/14832053
Nashville,TN,https://www.ticketweb.com/event/amelia-day-exitin-tickets/14151204
Nashville,TN,https://www.ticketweb.com/event/colby-acuff-w-low-gap-the-basement-east-tickets/14107044
Nashville,TN,https://www.ticketweb.com/event/bella-white-the-basement-east-tickets/14759423
Nashville,TN,https://www.ticketweb.com/event/culture-wars-exitin-tickets/14078604
Nashville,TN,https://www.ticketweb.com/event/little-image-w-two-car-the-basement-east-tickets/14124094
Nashville,TN,https://www.ticketweb.com/event/los-retros-the-basement-east-tickets/14185644
Nashville,TN,https://www.ticketweb.com/event/mixtape-x-noise-pollution-the-the-basement-east-tickets/14834373
Nashville,TN,https://www.ticketweb.com/event/jarrod-walker-the-basement-east-tickets/14808663
Nashville,TN,https://www.ticketweb.com/event/best-song-ever-a-1d-the-basement-east-tickets/14799413
Nashville,TN,https://www.ticketweb.com/event/ben-chapmans-peach-jam-the-basement-east-tickets/14100004
Nashville,TN,https://www.ticketweb.com/event/in-the-end-exitin-tickets/14155634
Nashville,TN,https://www.ticketweb.com/event/genevieve-heyward-exitin-tickets/14819993
Nashville,TN,https://www.ticketweb.com/event/tyler-boone-exitin-tickets/14062714
Nashville,TN,https://www.ticketweb.com/event/gnash-exitin-tickets/14163884
Nashville,TN,https://www.ticketweb.com/event/sold-out-fattmack-exitin-tickets/14795823
Nashville,TN,https://www.ticketweb.com/event/boot-scootin-boogie-nights-the-basement-east-tickets/14180034
Nashville,TN,https://www.ticketweb.com/event/peelingflesh-w-kruelty-bayway-the-basement-east-tickets/14156624
Nashville,TN,https://www.ticketweb.com/event/starlito-with-special-guest-bandplay-exitin-tickets/14839833
Atlanta,GA,https://www.ticketmaster.com/harland-williams-atlanta-georgia-06-13-2026/event/0E006385D653C978
Atlanta,GA,https://www.ticketmaster.com/pour-minds-still-sippin-tour-atlanta-georgia-07-09-2026/event/0E0064899CB690D5
Atlanta,GA,https://www.ticketmaster.com/pour-minds-still-sippin-tour-atlanta-georgia-07-10-2026/event/0E006481AB54A6C7
Atlanta,GA,https://www.ticketmaster.com/murry-peter-present-the-marvelous-miss-atlanta-georgia-07-18-2026/event/0E006464993887D2
Atlanta,GA,https://www.ticketmaster.com/day26-friends-atlanta-georgia-07-25-2026/event/0E0064549127786B
Atlanta,GA,https://www.ticketmaster.com/the-1-urban-stageplay-man-of-atlanta-georgia-08-01-2026/event/0E0064790135415C
Atlanta,GA,https://www.ticketmaster.com/the-1-urban-stageplay-man-of-atlanta-georgia-08-01-2026/event/0E006479F95C2F97
Atlanta,GA,https://www.ticketmaster.com/john-violinist-atlanta-georgia-10-24-2026/event/0E00647AE4CEFDC2
Atlanta,GA,https://www.ticketmaster.com/inna-atlanta-georgia-11-06-2026/event/0E00643CD15EADD4
Atlanta,GA,https://www.ticketmaster.com/chris-mitchell-jazz-presents-begging-for-atlanta-georgia-12-12-2026/event/0E00647FB004C958
Atlanta,GA,https://www.ticketmaster.com/mt-joy-hope-we-have-fun-atlanta-georgia-04-18-2026/event/0E006365BE5C8764
Atlanta,GA,https://www.ticketmaster.com/sarah-mclachlan-better-broken-tour-atlanta-georgia-07-03-2026/event/0E006446B10A828B
Atlanta,GA,https://www.ticketmaster.com/oar-three-decades-tour-atlanta-georgia-08-01-2026/event/0E00635BE8A2A602
Atlanta,GA,https://www.ticketmaster.com/jack-johnson-surfilmusic-tour-2026-alpharetta-georgia-08-21-2026/event/0E006363A4605F29
Atlanta,GA,https://www.ticketmaster.com/311-and-dirty-heads-so-glad-alpharetta-georgia-08-28-2026/event/0E006474A9A2B269
Atlanta,GA,https://www.ticketmaster.com/pretty-vee-presents-why-am-i-atlanta-georgia-09-28-2027/event/0E0062E898323C83
Atlanta,GA,https://www.ticketmaster.com/sepultura-celebrating-life-through-death-final-atlanta-georgia-05-07-2026/event/0E006430055CC84B
Atlanta,GA,https://www.ticketmaster.com/the-fray-summer-of-light-tour-atlanta-georgia-08-05-2026/event/0E006437E233BE19
Atlanta,GA,https://www.ticketmaster.com/event/Z7r9jZ1A7OVos
Atlanta,GA,https://www.ticketmaster.com/wynonna-judd-melissa-etheridge-raised-on-atlanta-georgia-08-07-2026/event/0E006459DD92D28F
Austin,TX,https://www.ticketmaster.com/event/Z7r9jZ1A7QFZ7
Austin,TX,https://www.ticketmaster.com/event/Z7r9jZ1A7Q6Pt
Austin,TX,https://www.ticketmaster.com/event/Z7r9jZ1A7QFZZ
Austin,TX,https://www.ticketmaster.com/event/Z7r9jZ1A7QFZo
Austin,TX,https://www.ticketmaster.com/event/Z7r9jZ1A7QFZ0
Austin,TX,https://www.ticketmaster.com/event/Z7r9jZ1A7QFZU
Austin,TX,https://www.ticketmaster.com/event/Z7r9jZ1A7O_8g
Austin,TX,https://www.ticketmaster.com/event/Z7r9jZ1A7Q6J8
Austin,TX,https://www.ticketmaster.com/event/Z7r9jZ1A7Q6Jo
Austin,TX,https://www.ticketmaster.com/event/Z7r9jZ1A7QFZp
Austin,TX,https://www.ticketmaster.com/event/Z7r9jZ1A7QFZK
Austin,TX,https://www.ticketmaster.com/event/Z7r9jZ1A7Q6Pg
Austin,TX,https://www.ticketmaster.com/event/Z7r9jZ1A7Q6PY
Austin,TX,https://www.ticketmaster.com/event/Z7r9jZ1A7Q6J7
Austin,TX,https://www.ticketmaster.com/event/Z7r9jZ1A7Q6JZ
Austin,TX,https://www.ticketmaster.com/event/Z7r9jZ1A7QFZY
Austin,TX,https://www.ticketmaster.com/event/Z7r9jZ1A7Q6Jd
Austin,TX,https://www.ticketmaster.com/event/Z7r9jZ1A7QFZI
Austin,TX,https://www.ticketmaster.com/event/Z7r9jZ1A7QFZV
Austin,TX,https://www.ticketmaster.com/event/Z7r9jZ1A7Q6Ja
Orlando,FL,https://www.ticketweb.com/event/tv-dinner-the-snares-sick-wills-pub-tickets/14757893
Orlando,FL,https://www.ticketweb.com/event/flickers-from-the-fen-apoxupon-wills-pub-tickets/14846093
Orlando,FL,https://www.ticketweb.com/event/vacation-manor-w-nolen-durham-wills-pub-tickets/14836543
Orlando,FL,https://www.ticketweb.com/event/store-run-local-to-global-wills-pub-tickets/14761793
Orlando,FL,https://www.ticketweb.com/event/marching-orders-vol-2-wills-pub-tickets/14835073
Orlando,FL,https://www.ticketweb.com/event/the-company-ogilvie-trio-and-wills-pub-tickets/14777283
Orlando,FL,https://www.ticketweb.com/event/matt-pryor-in-orlando-wills-pub-tickets/14601223
Orlando,FL,https://www.ticketweb.com/event/parrotfish-with-special-guests-wills-pub-tickets/14786193
Orlando,FL,https://www.ticketweb.com/event/born-without-bones-with-wills-pub-tickets/14737993
Orlando,FL,https://www.ticketweb.com/event/american-vanity-in-orlando-wills-pub-tickets/14837653
Orlando,FL,https://www.ticketweb.com/event/sincere-engineer-the-wills-pub-tickets/14786203
Orlando,FL,https://www.ticketweb.com/event/diles-que-no-me-maten-wills-pub-tickets/14838093
Orlando,FL,https://www.ticketmaster.com/orlando-city-b-vs-crown-legacy-kissimmee-florida-05-03-2026/event/22006430E7BD65C9
Orlando,FL,https://www.ticketmaster.com/orlando-city-b-vs-carolina-core-kissimmee-florida-04-19-2026/event/22006430E7B965C5
Orlando,FL,https://www.ticketmaster.com/orlando-city-b-vs-inter-miami-kissimmee-florida-05-24-2026/event/22006430E7C265CD
Orlando,FL,https://www.ticketmaster.com/orlando-city-b-vs-carolina-core-kissimmee-florida-06-07-2026/event/22006430E7C665D5
Orlando,FL,https://www.ticketmaster.com/orlando-city-b-vs-philadelphia-union-kissimmee-florida-06-21-2026/event/22006430E7CA65DD
Orlando,FL,https://www.ticketmaster.com/orlando-city-b-vs-columbus-crew-kissimmee-florida-06-28-2026/event/22006430E7CE65E1
Orlando,FL,https://www.ticketmaster.com/orlando-city-b-vs-crown-legacy-kissimmee-florida-08-30-2026/event/22006430E7DB65EF
Orlando,FL,https://www.ticketmaster.com/orlando-city-b-vs-chattanooga-fc-kissimmee-florida-08-19-2026/event/22006430E7D765EA
Nashville,TN,https://www.ticketweb.com/event/excis-exitin-tickets/14769763
Nashville,TN,https://www.ticketweb.com/event/jared-james-nichols-w-tuk-the-basement-east-tickets/14774433
Nashville,TN,https://www.ticketweb.com/event/sold-out-haute-freddys-exitin-tickets/14188904
Nashville,TN,https://www.ticketweb.com/event/jessica-baio-exitin-tickets/14095844
Nashville,TN,https://www.ticketweb.com/event/nashville-is-the-reason-the-basement-east-tickets/14801623
Nashville,TN,https://www.ticketweb.com/event/hot-in-herre-2000s-dance-the-basement-east-tickets/14793093
Nashville,TN,https://www.ticketweb.com/event/the-ultimate-doors-tribute-to-the-basement-east-tickets/14759463
Nashville,TN,https://www.ticketweb.com/event/amy-ray-band-w-kristy-the-basement-east-tickets/13990774
Nashville,TN,https://www.ticketweb.com/event/lil-timme-album-exitin-tickets/14602803
Nashville,TN,https://www.ticketweb.com/event/myspace-nite-the-basement-east-tickets/14818143
Nashville,TN,https://www.ticketweb.com/event/royal-the-serpent-the-basement-east-tickets/14832563
Nashville,TN,https://www.ticketweb.com/event/nashville-basement-stage-presents-brett-the-basement-east-tickets/14845593
Nashville,TN,https://www.ticketweb.com/event/sonido-gallo-negro-exitin-tickets/14163864
Nashville,TN,https://www.ticketweb.com/event/rostam-w-henry-solomon-the-basement-east-tickets/14759453
Nashville,TN,https://www.ticketweb.com/event/southcourt-exitin-tickets/14825193
Nashville,TN,https://www.ticketweb.com/event/troy-doherty-the-basement-east-tickets/14718503
Nashville,TN,https://www.ticketweb.com/event/supernova-a-tribute-the-basement-east-tickets/14829413
Nashville,TN,https://www.ticketweb.com/event/midnight-north-exitin-tickets/14824753
Nashville,TN,https://www.ticketweb.com/event/the-warped-band-exitin-tickets/14792903
Nashville,TN,https://www.ticketweb.com/event/the-strike-the-basement-east-tickets/14779483
Atlanta,GA,https://www.ticketmaster.com/toadies-the-charmer-tour-atlanta-georgia-05-12-2026/event/0E00644BCAD492F7
Atlanta,GA,https://www.ticketmaster.com/gin-blossomsblues-traveler-with-spin-doctors-atlanta-georgia-09-05-2026/event/0E00642DD91693C1
Atlanta,GA,https://www.ticketmaster.com/microwave-celebrating-10-years-of-the-atlanta-georgia-04-26-2026/event/0E006385CD1EC012
Atlanta,GA,https://www.ticketmaster.com/i-love-you-but-i-chose-atlanta-georgia-04-25-2026/event/0E006384048F392A
Atlanta,GA,https://www.ticketmaster.com/the-dear-hunter-the-road-to-atlanta-georgia-07-31-2026/event/0E006454F53CBF74
Atlanta,GA,https://www.ticketmaster.com/behemoth-the-godless-iv-2026-atlanta-georgia-05-16-2026/event/0E00642CE32482B1
Atlanta,GA,https://www.ticketmaster.com/lexa-gates-atlanta-georgia-04-21-2026/event/0E006434E57F9E7C
Atlanta,GA,https://www.ticketmaster.com/archspire-long-roads-big-loads-tour-atlanta-georgia-05-13-2026/event/0E00638FCB4F8D43
Atlanta,GA,https://www.ticketmaster.com/cradle-of-filth-atlanta-georgia-05-09-2026/event/0E006384D511D771
Atlanta,GA,https://www.ticketmaster.com/kittie-with-special-guests-kingdom-of-atlanta-georgia-06-19-2026/event/0E00645BDC7F3BEE
Atlanta,GA,https://www.ticketmaster.com/all-that-remains-with-special-guests-atlanta-georgia-05-05-2026/event/0E00638FDB2F972D
Atlanta,GA,https://www.ticketmaster.com/spite-atlanta-georgia-06-20-2026/event/0E006391C58C8ED7
Atlanta,GA,https://www.ticketmaster.com/chet-faker-atlanta-georgia-05-18-2026/event/0E006356FA8FA07B
Atlanta,GA,https://www.ticketmaster.com/jutes-smile-youre-on-tour-atlanta-georgia-09-02-2026/event/0E006483F815AA81
Atlanta,GA,https://www.ticketmaster.com/kamelot-dark-asylum-world-tour-atlanta-georgia-08-29-2026/event/0E006457BBCDBD41
Atlanta,GA,https://www.ticketmaster.com/kreator-atlanta-georgia-05-10-2026/event/0E006389DDECA7CE
Atlanta,GA,https://www.ticketmaster.com/the-glass-cannon-network-presents-call-atlanta-georgia-09-03-2026/event/0E00642FCCD79BE1
Atlanta,GA,https://www.ticketmaster.com/alpha-wolf-let-it-rip-usa-atlanta-georgia-05-06-2026/event/0E00642FE5FDABD6
Atlanta,GA,https://www.ticketmaster.com/free-throw-moments-before-the-wind-atlanta-georgia-05-01-2026/event/0E00642CD84F7D47
Atlanta,GA,https://www.ticketmaster.com/julia-wolf-atlanta-georgia-09-22-2026/event/0E0064882AA9E0FA
Austin,TX,https://www.ticketmaster.com/event/Z7r9jZ1A7Q6PU
Austin,TX,https://www.ticketmaster.com/event/Z7r9jZ1A7QFZ3
Austin,TX,https://www.ticketmaster.com/event/Z7r9jZ1A7QFZs
Austin,TX,https://www.ticketmaster.com/event/Z7r9jZ1A7QFZN
Austin,TX,https://www.ticketmaster.com/event/Z7r9jZ1A7Q6J3
Austin,TX,https://www.ticketmaster.com/event/Z7r9jZ1A7Q6PI
Austin,TX,https://www.ticketmaster.com/event/Z7r9jZ1A7QFZt
Austin,TX,https://www.ticketmaster.com/event/Z7r9jZ1A7Q6J4
Austin,TX,https://www.ticketmaster.com/event/Z7r9jZ1A7QFZE
Austin,TX,https://www.ticketmaster.com/event/Z7r9jZ1A7QFvv
Austin,TX,https://www.ticketmaster.com/event/Z7r9jZ1A7QFZM
Austin,TX,https://www.ticketmaster.com/event/Z7r9jZ1A7-Iot
Austin,TX,https://www.ticketmaster.com/event/Z7r9jZ1A7-JCZ
Austin,TX,https://www.ticketmaster.com/event/Z7r9jZ1A7-Nf4
Austin,TX,https://www.ticketmaster.com/event/Z7r9jZ1A7-Nf9
Austin,TX,https://www.ticketmaster.com/event/Z7r9jZ1A7-Nfp
Austin,TX,https://www.ticketmaster.com/event/Z7r9jZ1A7-b_U
Austin,TX,https://www.ticketmaster.com/event/Z7r9jZ1A7-g--
Austin,TX,https://www.ticketmaster.com/event/Z7r9jZ1A7-wOo
Austin,TX,https://www.ticketmaster.com/event/Z7r9jZ1A7OAQK
Orlando,FL,https://www.ticketmaster.com/2026-g-league-finals-game-3-kissimmee-florida-04-13-2026/event/2200647096802F2F
Orlando,FL,https://www.ticketmaster.com/orlando-city-b-vs-toronto-fc-kissimmee-florida-09-13-2026/event/22006430E7E065F5
Orlando,FL,https://www.ticketmaster.com/orlando-city-b-vs-atlanta-united-kissimmee-florida-09-20-2026/event/22006430E7E465F7
Orlando,FL,https://www.ticketmaster.com/alex-campos-y-ingrid-rosario-unidos-kissimmee-florida-05-30-2026/event/22006443D4AD427A
Orlando,FL,https://www.ticketmaster.com/hot-wheels-monster-trucks-live-glownfire-kissimmee-florida-05-02-2026/event/2200631B28CF59C9
Orlando,FL,https://www.ticketmaster.com/hot-wheels-monster-trucks-live-glownfire-kissimmee-florida-05-02-2026/event/2200631B28D559CB
Orlando,FL,https://www.ticketmaster.com/hot-wheels-monster-trucks-live-glownfire-kissimmee-florida-05-03-2026/event/2200631B28DA59CE
Orlando,FL,https://www.ticketmaster.com/the-orlando-oddities-and-curiosities-market-kissimmee-florida-06-27-2026/event/22006465C64C7D73
Orlando,FL,https://www.ticketweb.com/event/danny-worsnop-tyler-rich-conduit-tickets/14056274
Orlando,FL,https://www.ticketweb.com/event/montgomery-drive-presents-bad-times-conduit-tickets/14013414
Orlando,FL,https://www.ticketweb.com/event/uada-and-mortiis-with-special-conduit-tickets/13985224
Orlando,FL,https://www.ticketweb.com/event/six-feet-under-kataklysm-wormhole-conduit-tickets/14773153
Orlando,FL,https://www.ticketweb.com/event/mc-chris-in-orlando-conduit-tickets/14777713
Orlando,FL,https://www.ticketweb.com/event/dropout-kings-lost-in-separation-conduit-tickets/14164594
Orlando,FL,https://www.ticketweb.com/event/vana-the-lady-in-red-conduit-tickets/14705433
Orlando,FL,https://www.ticketweb.com/event/millionaires-whitney-peyton-waiting-4-conduit-tickets/14105684
Orlando,FL,https://www.ticketweb.com/event/selias-blood-of-angels-ashes-conduit-tickets/14773893
Orlando,FL,https://www.ticketweb.com/event/american-theory-create-control-what-conduit-tickets/14779743
Orlando,FL,https://www.ticketweb.com/event/melrose-avenue-in-orlando-conduit-tickets/14603383
Orlando,FL,https://www.ticketweb.com/event/little-miss-nasty-conduit-tickets/14753053
Nashville,TN,https://www.ticketweb.com/event/riff-wood-w-willowake-the-basement-east-tickets/14812463
Nashville,TN,https://www.ticketweb.com/event/diggy-graves-w-resentvul-the-basement-east-tickets/14067724
Nashville,TN,https://www.ticketweb.com/event/wetouchgrass-presents-anime-rave-the-basement-east-tickets/14832013
Nashville,TN,https://www.ticketweb.com/event/rescheduled-clipping-w-open-mike-the-basement-east-tickets/14581813
Nashville,TN,https://www.ticketweb.com/event/deer-tick-w-dug-the-basement-east-tickets/14759433
Nashville,TN,https://www.ticketweb.com/event/canaan-cox-exitin-tickets/14769373
Nashville,TN,https://www.ticketmaster.com/event/Z7r9jZ1A7OMv_
Nashville,TN,https://www.ticketweb.com/event/hiss-golden-messenger-the-basement-east-tickets/14152114
Nashville,TN,https://www.ticketweb.com/event/ben-chapmans-peach-jam-the-basement-east-tickets/14100014
Nashville,TN,https://www.ticketweb.com/event/ugly-kid-joe-w-platinum-the-basement-east-tickets/14823123
Nashville,TN,https://www.ticketweb.com/event/project-pat-exitin-tickets/14029834
Nashville,TN,https://www.ticketweb.com/event/an-evening-with-jed-harrelson-the-basement-east-tickets/14832583
Nashville,TN,https://www.ticketweb.com/event/owen-riegling-exitin-tickets/14838013
Nashville,TN,https://www.ticketweb.com/event/red-leather-tahoe-tour-the-basement-east-tickets/14784933
Nashville,TN,https://www.ticketweb.com/event/the-bros-landreth-tumbling-wild-the-basement-east-tickets/14768583
Nashville,TN,https://www.ticketweb.com/event/bridgette-tatum-tomato-takeover-3rd-and-lindsley-tickets/14814133
Nashville,TN,https://www.ticketmaster.com/event/Z7r9jZ1A7OFke
Nashville,TN,https://www.ticketmaster.com/event/Z7r9jZ1A7OFkd
Nashville,TN,https://www.ticketmaster.com/event/Z7r9jZ1A7OFk7
Nashville,TN,https://www.ticketweb.com/event/chasing-abbey-the-basement-east-tickets/14773623
Atlanta,GA,https://www.ticketmaster.com/julia-wolf-atlanta-georgia-09-23-2026/event/0E006482DE9C767E
Atlanta,GA,https://www.ticketmaster.com/best-of-both-worlds-rave-18-atlanta-georgia-04-17-2026/event/0E006478F390EE41
Atlanta,GA,https://www.ticketmaster.com/skillibeng-badman-she-love-tour-atlanta-georgia-06-12-2026/event/0E006486D079CA24
Atlanta,GA,https://www.ticketmaster.com/underscores-galleria-north-american-chapter-atlanta-georgia-06-08-2026/event/0E006459E04ED5B9
Atlanta,GA,https://www.ticketweb.com/event/escape-the-fate-vip-the-masquerade-tickets/14008374?REFERRAL_ID=tmfeed
Atlanta,GA,https://www.ticketmaster.com/fakemink-a-terrible-beauty-the-tour-atlanta-georgia-04-27-2026/event/0E006458DD7591C8
Atlanta,GA,https://www.ticketmaster.com/bleed-from-within-the-zenith-tour-atlanta-georgia-05-02-2026/event/0E006371E287A33A
Atlanta,GA,https://www.ticketmaster.com/the-cab-atlanta-georgia-06-21-2026/event/0E00644DEDA9F164
Atlanta,GA,https://www.ticketmaster.com/in-the-end-the-linkin-park-atlanta-georgia-05-29-2026/event/0E00644BAAB271EA
Atlanta,GA,https://www.ticketmaster.com/the-kitty-kat-ball-2026-18-atlanta-georgia-05-31-2026/event/0E00647BFF9887E0
Atlanta,GA,https://www.ticketmaster.com/earlybirds-club-21-atlanta-georgia-06-27-2026/event/0E00647F829451FD
Atlanta,GA,https://www.ticketmaster.com/diggy-graves-the-no-vacancy-tour-atlanta-georgia-08-04-2026/event/0E00642BC6A7612D
Atlanta,GA,https://www.ticketmaster.com/nine-vicious-a-tour-atlanta-georgia-08-06-2026/event/0E006487BE0EBF4F
Atlanta,GA,https://www.ticketmaster.com/atlanta-dream-v-chicago-sky-college-park-georgia-07-19-2026/event/0E00647391B772A6
Atlanta,GA,https://www.ticketmaster.com/heav3n-atlanta-georgia-05-29-2027/event/0E006090DD444A3E
Atlanta,GA,https://www.ticketmaster.com/vundabar-gawk-10-year-anniversary-tour-atlanta-georgia-06-09-2026/event/0E006429B15271FC
Atlanta,GA,https://www.ticketmaster.com/demon-hunter-there-was-a-light-atlanta-georgia-05-11-2026/event/0E006430E542B106
Atlanta,GA,https://www.ticketmaster.com/turnpike-troubadours-atlanta-georgia-10-09-2026/event/0E006472DCBBCE82
Atlanta,GA,https://www.ticketmaster.com/yhapojj-atlanta-georgia/event/0E00612AA8DA249D
Atlanta,GA,https://www.ticketmaster.com/together-pangea-the-red-pears-atlanta-georgia-04-23-2026/event/0E006393E9DAC1A9
Austin,TX,https://www.ticketmaster.com/event/Z7r9jZ1A7OKuJ
Austin,TX,https://www.ticketmaster.com/event/Z7r9jZ1A7OSO0
Austin,TX,https://www.ticketmaster.com/event/Z7r9jZ1A7ro0x
Austin,TX,https://www.ticketmaster.com/event/Z7r9jZ1A7xZka
Austin,TX,https://www.ticketmaster.com/event/Z7r9jZ1A7xvuE
Austin,TX,https://www.ticketmaster.com/level-up-ultimate-access-pass-ca7riel-austin-texas-06-04-2026/event/3A006477C01CA09A
Austin,TX,https://www.ticketmaster.com/level-up-lounge-access-ca7riel-paco-austin-texas-06-04-2026/event/3A006477C062A181
Austin,TX,https://www.ticketmaster.com/level-up-expedited-entry-ca7riel-paco-austin-texas-06-04-2026/event/3A006477C0C8A279
Austin,TX,https://www.ticketmaster.com/moody-amp-social-club-happy-hour-austin-texas-06-04-2026/event/3A006477C1A7A39E
Austin,TX,https://www.ticketmaster.com/level-up-lounge-access-mon-laferte-austin-texas-10-20-2026/event/3A006478EC3FEDFE
Austin,TX,https://www.ticketmaster.com/level-up-expedited-entry-mon-laferte-austin-texas-10-20-2026/event/3A006478ECE4EEC0
Austin,TX,https://www.ticketmaster.com/level-up-ultimate-access-pass-mon-austin-texas-10-20-2026/event/3A006478EBE8EDB1
Austin,TX,https://www.ticketmaster.com/level-up-expedited-entry-all-the-austin-texas-06-08-2026/event/3A006443C285AB11
Austin,TX,https://www.ticketmaster.com/level-up-ultimate-access-pass-all-austin-texas-06-08-2026/event/3A006443BBE9A454
Austin,TX,https://www.ticketmaster.com/level-up-lounge-access-all-the-austin-texas-06-08-2026/event/3A006443BCB7A4CE
Austin,TX,https://www.ticketmaster.com/level-up-lounge-access-jimmy-eat-austin-texas-09-09-2026/event/3A00644AC4D3BD91
Austin,TX,https://www.ticketmaster.com/level-up-expedited-entry-simple-plan-austin-texas-08-07-2026/event/3A00644ACE98D04C
Austin,TX,https://www.ticketmaster.com/level-up-ultimate-access-pass-simple-austin-texas-08-07-2026/event/3A00644ACD4ECED4
Austin,TX,https://www.ticketmaster.com/level-up-lounge-access-simple-plan-austin-texas-08-07-2026/event/3A00644ACDCBCF61
Austin,TX,https://www.ticketmaster.com/level-up-expedited-entry-young-the-austin-texas-07-10-2026/event/3A00645289FB86BC
Orlando,FL,https://www.ticketweb.com/event/gatecreeper-eternal-dying-remains-and-conduit-tickets/14741883
Orlando,FL,https://www.ticketweb.com/event/conduit-is-for-lovers-conduit-tickets/14811163
Orlando,FL,https://www.ticketweb.com/event/one-directon-night-conduit-tickets/14751603
Orlando,FL,https://www.ticketweb.com/event/pump-action-and-the-retrograde-conduit-tickets/13988764
Orlando,FL,https://www.ticketweb.com/event/void-terror-silence-a-free-conduit-tickets/14827173
Orlando,FL,https://www.ticketweb.com/event/global-warming-vip-event-conduit-tickets/14786283
Orlando,FL,https://www.ticketweb.com/event/k-pop-rave-w-global-conduit-tickets/14786243
Orlando,FL,https://www.ticketweb.com/event/the-dark-80s-dance-party-conduit-tickets/14844723
Orlando,FL,https://www.ticketweb.com/event/68-farewell-tour-w-derek-conduit-tickets/14759253
Orlando,FL,https://www.ticketweb.com/event/defeated-sanity-inferi-organectomy-and-conduit-tickets/13972854
Orlando,FL,https://www.ticketweb.com/event/pb-tat-tv-generation-conduit-tickets/14790903
Orlando,FL,https://www.ticketweb.com/event/essenger-echos-and-more-in-conduit-tickets/14111524
Orlando,FL,https://www.ticketweb.com/event/bloodlines-with-blood-comes-cleansing-conduit-tickets/14187814
Orlando,FL,https://www.ticketweb.com/event/deadguy-novely-concealer-and-movingdigginteeth-conduit-tickets/14737453
Orlando,FL,https://www.ticketweb.com/event/spiritworld-desmadre-and-doomsday-in-conduit-tickets/14187124
Orlando,FL,https://www.ticketweb.com/event/by-storm-in-orlando-conduit-tickets/14120194
Orlando,FL,https://www.ticketweb.com/event/club-space-fish-nite-love-conduit-tickets/14184754
Orlando,FL,https://www.ticketweb.com/event/arankai-the-portrait-tour-w-conduit-tickets/14164044
Orlando,FL,https://www.ticketweb.com/event/confessions-of-a-traitor-fight-conduit-tickets/14182124
Orlando,FL,https://www.ticketweb.com/event/k-pop-rave-conduit-tickets/14839583
Nashville,TN,https://www.ticketmaster.com/event/Z7r9jZ1A7-ox7
Nashville,TN,https://www.ticketweb.com/event/west-22nd-places-to-be-exitin-tickets/14839773
Nashville,TN,https://www.ticketweb.com/event/-country-for-a-cause-3rd-and-lindsley-tickets/14774833
Nashville,TN,https://www.ticketweb.com/event/ben-chapmans-peach-jam-the-basement-east-tickets/14100044
Nashville,TN,https://www.ticketmaster.com/event/Z7r9jZ1A7j3Ab
Nashville,TN,https://www.ticketmaster.com/event/Z7r9jZ1A7OzFM
Nashville,TN,https://www.ticketmaster.com/event/Z7r9jZ1A7-7b_
Nashville,TN,https://www.ticketmaster.com/event/Z7r9jZ1A7-M4w
Nashville,TN,https://www.ticketmaster.com/event/Z7r9jZ1A7-UF9
Nashville,TN,https://www.ticketmaster.com/event/Z7r9jZ1A7-P0o
Nashville,TN,https://www.ticketmaster.com/event/Z7r9jZ1A7-UOV
Nashville,TN,https://www.ticketweb.com/event/foy-vance-the-the-basement-east-tickets/14117694
Nashville,TN,https://www.ticketweb.com/event/barns-courtney-unplugged-solo-sessions-3rd-and-lindsley-tickets/14705093
Nashville,TN,https://www.ticketmaster.com/event/Z7r9jZ1A7-VjO
Nashville,TN,https://www.ticketweb.com/event/cowboy-mouth-blondeme-3rd-and-lindsley-tickets/14010674
Nashville,TN,https://www.ticketmaster.com/event/Z7r9jZ1A7OFAU
Nashville,TN,https://www.ticketmaster.com/event/Z7r9jZ1A7OFAM
Nashville,TN,https://www.ticketmaster.com/event/Z7r9jZ1A7OFAz
Nashville,TN,https://www.ticketmaster.com/event/Z7r9jZ1A7OFAy
Nashville,TN,https://www.ticketmaster.com/event/Z7r9jZ1A7OFkZ
Atlanta,GA,https://www.ticketmaster.com/event/Z7r9jZ1A7Okay
Atlanta,GA,https://www.ticketmaster.com/event/Z7r9jZ1A7Ok1Z
Atlanta,GA,https://www.ticketmaster.com/event/Z7r9jZ1A7Ok1v
Atlanta,GA,https://www.ticketmaster.com/event/Z7r9jZ1A7-PFd
Atlanta,GA,https://www.ticketmaster.com/pawpaw-rod-picture-day-tour-atlanta-georgia-06-10-2026/event/0E00644DD432D546
Atlanta,GA,https://www.ticketmaster.com/black-pistol-fire-flagrant-act-of-atlanta-georgia-04-21-2026/event/0E006375BA80A58D
Atlanta,GA,https://www.ticketmaster.com/rafsaperra-heavy-steppin-tour-atlanta-georgia-04-16-2026/event/0E006436BEF39857
Atlanta,GA,https://www.ticketmaster.com/libianca-atlanta-georgia/event/0E006065F5D054FC
Atlanta,GA,https://www.ticketmaster.com/charley-crockett-age-of-the-ram-atlanta-georgia-09-25-2026/event/0E006452B3C2DBF4
Atlanta,GA,https://www.ticketmaster.com/needtobreathe-the-long-surrender-tour-alpharetta-georgia-09-19-2026/event/0E006463D07DE63C
Atlanta,GA,https://www.ticketmaster.com/lords-of-acid-atlanta-georgia-05-14-2026/event/0E006425ED4382CA
Atlanta,GA,https://www.ticketmaster.com/lacuna-coil-sleepless-empire-tour-2026-atlanta-georgia-04-25-2026/event/0E00638F0DEBB4F9
Atlanta,GA,https://www.ticketmaster.com/failure-atlanta-georgia-05-06-2026/event/0E0064504EEAEB0F
Atlanta,GA,https://www.ticketmaster.com/teen-suicide-atlanta-georgia-05-26-2026/event/0E00643BC4F096EA
Atlanta,GA,https://www.ticketmaster.com/the-pharcyde-atlanta-georgia-05-19-2026/event/0E006463DE35F538
Atlanta,GA,https://www.ticketmaster.com/dark-tranquillity-soen-atlanta-georgia-04-13-2026/event/0E006434B32D7FC1
Atlanta,GA,https://www.ticketmaster.com/glixen-trauma-ray-atlanta-georgia-04-15-2026/event/0E006430D5B6A704
Atlanta,GA,https://www.ticketmaster.com/vana-the-lady-in-red-tour-atlanta-georgia-04-17-2026/event/0E006375D143BA85
Atlanta,GA,https://www.ticketmaster.com/ingested-atlanta-georgia-05-10-2026/event/0E006483B101DA7F
Atlanta,GA,https://www.ticketmaster.com/cold-atlanta-georgia-05-24-2026/event/0E00642CC3926F6E
Austin,TX,https://www.ticketmaster.com/level-up-lounge-access-young-the-austin-texas-07-10-2026/event/3A00645289B48615
Austin,TX,https://www.ticketmaster.com/level-up-ultimate-access-pass-young-austin-texas-07-10-2026/event/3A0064528905842E
Austin,TX,https://www.ticketmaster.com/level-up-expedited-entry-taylorville-austin-texas-06-27-2026/event/3A006451E616A5DE
Austin,TX,https://www.ticketmaster.com/level-up-lounge-access-social-distortion-austin-texas-08-28-2026/event/3A006458E410193D
Austin,TX,https://www.ticketmaster.com/moody-amp-social-club-happy-hour-austin-texas-08-07-2026/event/3A00645BCE233B01
Austin,TX,https://www.ticketmaster.com/moody-amp-social-club-happy-hour-austin-texas-07-29-2026/event/3A00645BCD8A3900
Austin,TX,https://www.ticketmaster.com/level-up-ultimate-access-pass-taylorville-austin-texas-06-27-2026/event/3A006451B1C4ECB2
Austin,TX,https://www.ticketmaster.com/level-up-lounge-access-taylorville-austin-texas-06-27-2026/event/3A006451B286EECA
Austin,TX,https://www.ticketmaster.com/moody-amp-social-club-happy-hour-austin-texas-05-29-2026/event/3A00645BB354E594
Austin,TX,https://www.ticketmaster.com/moody-amp-social-club-happy-hour-austin-texas-07-10-2026/event/3A00645BB6B0EB35
Austin,TX,https://www.ticketmaster.com/moody-amp-social-club-happy-hour-austin-texas-06-19-2026/event/3A00645BB4F3E874
Austin,TX,https://www.ticketmaster.com/moody-amp-social-club-happy-hour-austin-texas-06-08-2026/event/3A00645BB47CE7AA
Austin,TX,https://www.ticketmaster.com/moody-amp-social-club-happy-hour-austin-texas-06-27-2026/event/3A00645BB57CE959
Austin,TX,https://www.ticketmaster.com/moody-amp-social-club-happy-hour-austin-texas-05-04-2026/event/3A00645BB22DE32A
Austin,TX,https://www.ticketmaster.com/moody-amp-social-club-happy-hour-austin-texas-05-12-2026/event/3A00645BB2D1E454
Austin,TX,https://www.ticketmaster.com/level-up-lounge-access-the-fray-austin-texas-07-29-2026/event/3A006437FC3FF6B9
Austin,TX,https://www.ticketmaster.com/level-up-ultimate-access-pass-the-austin-texas-07-29-2026/event/3A006437F65CF142
Austin,TX,https://www.ticketmaster.com/level-up-expedited-entry-the-fray-austin-texas-07-29-2026/event/3A006437FD18F781
Austin,TX,https://www.ticketmaster.com/private-lounge-and-terrace-access-austin-austin-texas-04-25-2026/event/3A00642DAA5E76F2
Austin,TX,https://www.ticketmaster.com/private-lounge-and-terrace-access-austin-austin-texas-04-26-2026/event/3A00642DAA5F76F9
Orlando,FL,https://www.ticketweb.com/event/bleed-the-witch-chaos-relic-conduit-tickets/14839323
Orlando,FL,https://www.ticketweb.com/event/your-neighbors-live-in-real-conduit-tickets/14116604
Orlando,FL,https://www.ticketweb.com/event/all-your-friends-the-indie-conduit-tickets/14812553
Orlando,FL,https://www.ticketweb.com/event/three-knuckles-deep-withering-earth-conduit-tickets/14824183
Orlando,FL,https://www.ticketweb.com/event/haunt-intranced-and-more-in-conduit-tickets/14807143
Orlando,FL,https://www.ticketweb.com/event/the-bunny-the-bear-living-conduit-tickets/14751353
Orlando,FL,https://www.ticketweb.com/event/himalayas-in-orlando-conduit-tickets/14789753
Orlando,FL,https://www.ticketweb.com/event/die-sexual-in-orlando-conduit-tickets/14846183
Orlando,FL,https://www.ticketweb.com/event/donefor-and-were-wolves-conduit-tickets/14754243
Orlando,FL,https://www.ticketweb.com/event/alejandro-aranda-in-orlando-conduit-tickets/14805203
Orlando,FL,https://www.ticketweb.com/event/lowertown-and-truman-sinclair-in-conduit-tickets/14141304
Orlando,FL,https://www.ticketweb.com/event/rave-jesus-conduit-tickets/14792413
Orlando,FL,https://www.ticketweb.com/event/worm-total-possession-conduit-tickets/14793473
Orlando,FL,https://www.ticketweb.com/event/indorphine-glowsticks-for-clubbing-baby-conduit-tickets/14849533
Orlando,FL,https://www.ticketweb.com/event/jeffrey-nothing-october-noir-and-conduit-tickets/14840923
Orlando,FL,https://www.ticketweb.com/event/hello-sister-common-ground-francesca-conduit-tickets/14849673
Orlando,FL,https://www.ticketweb.com/event/emm-the-dumb-tour-conduit-tickets/14544013
Orlando,FL,https://www.ticketweb.com/event/dopethrone-fister-and-crud-in-conduit-tickets/14832843
Orlando,FL,https://www.ticketweb.com/event/red-leather-tahoe-conduit-tickets/14787893
Orlando,FL,https://am.ticketmaster.com/espnwwos/BananaBall
Nashville,TN,https://www.ticketmaster.com/event/Z7r9jZ1A7OFkv
Nashville,TN,https://www.ticketweb.com/event/rooneys-irregulars-pat-alger-sam-3rd-and-lindsley-tickets/14609343
Nashville,TN,https://www.ticketweb.com/event/the-wild-feathers-nigel-dupree-3rd-and-lindsley-tickets/14104234
Nashville,TN,https://www.ticketweb.com/event/nashville-navy-party-darryl-worley-3rd-and-lindsley-tickets/14803263
Nashville,TN,https://www.ticketweb.com/event/darryl-worley-fan-3rd-and-lindsley-tickets/14785183
Nashville,TN,https://www.ticketmaster.com/rounds-for-hope-nashville-tennessee-05-12-2026/event/1B00646CA80FC7FC
Nashville,TN,https://www.ticketweb.com/event/stacy-mitchhart-no-rhyme-3rd-and-lindsley-tickets/14782523
Nashville,TN,https://www.ticketweb.com/event/an-evening-with-mary-gauthier-3rd-and-lindsley-tickets/13859574
Nashville,TN,https://www.ticketmaster.com/event/Z7r9jZ1A7OFAf
Nashville,TN,https://www.ticketweb.com/event/high-fade-twice-as-nice-3rd-and-lindsley-tickets/14104424
Nashville,TN,https://www.ticketweb.com/event/rodney-crowell-airline-highway-tour-3rd-and-lindsley-tickets/14751243
Nashville,TN,https://www.ticketweb.com/event/parker-barrow-the-steepwater-band-3rd-and-lindsley-tickets/14104344
Nashville,TN,https://www.ticketweb.com/event/bluegrass-on-3rd-an-evening-3rd-and-lindsley-tickets/14725363
Nashville,TN,https://www.ticketweb.com/event/we-are-the-merle-celebrating-3rd-and-lindsley-tickets/14790083
Nashville,TN,https://www.ticketweb.com/event/backstage-nashville-daytime-hit-songwriters-3rd-and-lindsley-tickets/14637633
Nashville,TN,https://www.ticketweb.com/event/sam-lewis-elles-bailey-3rd-and-lindsley-tickets/14751363
Nashville,TN,https://www.ticketweb.com/event/bluebird-on-3rd-brett-3rd-and-lindsley-tickets/14152544
Nashville,TN,https://www.ticketweb.com/event/the-time-jumpers-3rd-and-lindsley-tickets/14671793
Nashville,TN,https://www.ticketweb.com/event/bluebird-on-3rd-located-at-3rd-and-lindsley-tickets/14797273
Nashville,TN,https://www.ticketweb.com/event/gale-mayes-presents-a-classic-3rd-and-lindsley-tickets/14166014
Atlanta,GA,https://www.ticketmaster.com/upon-a-burning-body-atlanta-georgia-06-06-2026/event/0E006477F635EBBC
Atlanta,GA,https://www.ticketmaster.com/inner-wave-los-mesoneros-atlanta-georgia-05-07-2026/event/0E0064290CB6ACFA
Atlanta,GA,https://www.ticketmaster.com/unprocessed-atlanta-georgia-05-09-2026/event/0E006366D3C39C8E
Atlanta,GA,https://www.ticketmaster.com/the-decibel-tour-2026-atlanta-georgia-05-05-2026/event/0E006437FEF8D625
Atlanta,GA,https://www.ticketmaster.com/sadie-jean-early-twenties-tourture-atlanta-georgia-06-05-2026/event/0E00647FCF851E4E
Atlanta,GA,https://www.ticketmaster.com/2016-throwback-day-party-brought-to-atlanta-georgia-04-19-2026/event/0E00647BEB4140A8
Atlanta,GA,https://www.ticketmaster.com/tripping-daisy-i-am-an-elastic-atlanta-georgia-04-26-2026/event/0E006442DC7E8BB4
Atlanta,GA,https://www.ticketmaster.com/troy-doherty-atlanta-georgia-04-30-2026/event/0E006382A8A1819F
Atlanta,GA,https://www.ticketmaster.com/lucy-bedroque-atlanta-georgia-05-01-2026/event/0E00638CF005E998
Atlanta,GA,https://www.ticketmaster.com/los-mirlos-atlanta-georgia-05-02-2026/event/0E006462F53AE44C
Atlanta,GA,https://www.ticketmaster.com/daft-punk-night-18-atlanta-georgia-05-16-2026/event/0E006462E315D4BD
Atlanta,GA,https://www.ticketmaster.com/the-black-queen-fever-daydream-10-atlanta-georgia-06-04-2026/event/0E0064519A957F0B
Atlanta,GA,https://www.ticketmaster.com/death-angel-act-iii-tour-atlanta-georgia-05-27-2026/event/0E006453A4B3AB6E
Atlanta,GA,https://www.ticketmaster.com/babyfxce-e-atlanta-georgia-05-31-2026/event/0E00646AEE75DE00
Atlanta,GA,https://www.ticketmaster.com/hemlocke-springs-the-apple-tree-under-atlanta-georgia-06-13-2026/event/0E006445ECD0D0C9
Atlanta,GA,https://www.ticketmaster.com/choker-atlanta-georgia-06-12-2026/event/0E006453D600E39B
Atlanta,GA,https://www.ticketmaster.com/lowertown-atlanta-georgia-06-17-2026/event/0E006445E306C9D1
Atlanta,GA,https://www.ticketmaster.com/68-farewell-tour-atlanta-georgia-06-20-2026/event/0E00646AB1019214
Atlanta,GA,https://www.ticketmaster.com/kpop-club-night-with-dj-chen-atlanta-georgia-07-10-2026/event/0E006487D80AE169
Atlanta,GA,https://www.ticketmaster.com/myspace-nite-18-atlanta-georgia-07-25-2026/event/0E0064819A878323
Austin,TX,https://www.ticketmaster.com/private-lounge-terrace-and-parking-austin-austin-texas-04-25-2026/event/3A00642DB1D58145
Austin,TX,https://www.ticketmaster.com/private-lounge-terrace-and-parking-austin-austin-texas-04-26-2026/event/3A00642DB1D7814A
Austin,TX,https://www.ticketmaster.com/level-up-ultimate-access-pass-coral-austin-texas-07-23-2026/event/3A00646EE1891E1E
Austin,TX,https://www.ticketmaster.com/moody-amp-social-club-happy-hour-austin-texas-07-23-2026/event/3A00646EE4372685
Austin,TX,https://www.ticketmaster.com/level-up-lounge-access-rise-against-austin-texas-09-23-2026/event/3A00646EE08C1AB6
Austin,TX,https://www.ticketmaster.com/level-up-lounge-access-coral-reefer-austin-texas-07-23-2026/event/3A00646EE20B1FEA
Austin,TX,https://www.ticketmaster.com/level-up-expedited-entry-coral-reefer-austin-texas-07-23-2026/event/3A00646EE2B221C7
Austin,TX,https://www.ticketmaster.com/level-up-ultimate-access-pass-raye-austin-texas-05-04-2026/event/3A006336A79032B1
Austin,TX,https://www.ticketmaster.com/level-up-lounge-access-raye-austin-texas-05-04-2026/event/3A006336A79932B9
Austin,TX,https://www.ticketmaster.com/level-up-premium-parking-raye-austin-texas-05-04-2026/event/3A006336A7AF32BE
Austin,TX,https://www.ticketmaster.com/level-up-expedited-entry-raye-austin-texas-05-04-2026/event/3A006336A7A632BC
Austin,TX,https://www.ticketmaster.com/level-up-lounge-access-sting-austin-texas-05-12-2026/event/3A006363958482CA
Austin,TX,https://www.ticketmaster.com/level-up-expedited-entry-sting-austin-texas-05-12-2026/event/3A00636395FA8372
Austin,TX,https://www.ticketmaster.com/level-up-ultimate-access-pass-sting-austin-texas-05-12-2026/event/3A00636394118051
Austin,TX,https://www.ticketmaster.com/level-up-premium-parking-yungblud-austin-texas-05-29-2026/event/3A006343EF968438
Austin,TX,https://www.ticketmaster.com/level-up-expedited-entry-yungblud-austin-texas-05-29-2026/event/3A006343EF09841D
Austin,TX,https://www.ticketmaster.com/level-up-lounge-access-yungblud-austin-texas-05-29-2026/event/3A006343EC8B83A1
Austin,TX,https://www.ticketmaster.com/level-up-ultimate-access-pass-yungblud-austin-texas-05-29-2026/event/3A006343EE7F8406
Austin,TX,https://www.ticketmaster.com/level-up-expedited-entry-khalid-austin-texas-06-19-2026/event/3A0063899A3D684E
Austin,TX,https://www.ticketmaster.com/level-up-ultimate-access-pass-khalid-austin-texas-06-19-2026/event/3A0063899A6968A1
Orlando,FL,https://www.ticketmaster.com/ucf-knights-baseball-vs-arizona-state-orlando-florida-05-01-2026/event/2200638BA24553EA
Orlando,FL,https://www.ticketmaster.com/ucf-knights-baseball-vs-arizona-state-orlando-florida-05-02-2026/event/2200638BA24953EF
Orlando,FL,https://www.ticketmaster.com/ucf-knights-baseball-vs-arizona-state-orlando-florida-05-03-2026/event/2200638BA24D53F4
Orlando,FL,https://www.ticketmaster.com/ucf-knights-baseball-vs-stetson-univeristy-orlando-florida/event/2200638BA23053D5
Orlando,FL,https://www.ticketmaster.com/ucf-knights-baseball-vs-jacksonville-university-orlando-florida-04-14-2026/event/2200638BA23453D9
Orlando,FL,https://www.ticketmaster.com/ucf-knights-baseball-vs-cincinnati-bearcats-orlando-florida-04-17-2026/event/2200638BA23853DC
Orlando,FL,https://www.ticketmaster.com/ucf-knights-baseball-vs-cincinnati-bearcats-orlando-florida-04-18-2026/event/2200638BA23C53DE
Orlando,FL,https://www.ticketmaster.com/ucf-knights-baseball-vs-cincinnati-bearcats-orlando-florida-04-19-2026/event/2200638BA24153E3
Orlando,FL,https://www.ticketmaster.com/ucf-knights-baseball-vs-bethunecookman-baseball-orlando-florida-05-12-2026/event/2200638BA25153F9
Orlando,FL,https://www.ticketmaster.com/ucf-knights-baseball-vs-kansas-state-orlando-florida-05-14-2026/event/2200638BA25653FF
Orlando,FL,https://www.ticketmaster.com/ucf-knights-baseball-vs-kansas-state-orlando-florida-05-15-2026/event/2200638BA25A5403
Orlando,FL,https://www.ticketmaster.com/ucf-knights-baseball-vs-kansas-state-orlando-florida-05-16-2026/event/2200638BA25E5406
Orlando,FL,https://www.ticketmaster.com/ucf-knights-softball-vs-florida-gators-orlando-florida-04-25-2026/event/2200638FA39F33FA
Orlando,FL,https://www.ticketmaster.com/ucf-knights-softball-vs-stetson-university-orlando-florida-04-15-2026/event/2200638FA38A33CE
Orlando,FL,https://www.ticketmaster.com/ucf-knights-softball-vs-university-of-orlando-florida-04-17-2026/event/2200638FA38E33D0
Orlando,FL,https://www.ticketmaster.com/ucf-knights-softball-vs-university-of-orlando-florida-04-18-2026/event/2200638FA39233D8
Orlando,FL,https://www.ticketmaster.com/ucf-knights-softball-vs-university-of-orlando-florida-04-19-2026/event/2200638FA39633DA
Orlando,FL,https://www.ticketmaster.com/ucf-knights-softball-vs-university-of-orlando-florida-04-22-2026/event/2200638FA39B33F2
Orlando,FL,https://am.ticketmaster.com/espnwwos/2026MLP
Orlando,FL,https://www.ticketmaster.com/event/Z7r9jZ1A7jsC3
Nashville,TN,https://www.ticketweb.com/event/sold-out-shelly-fairchild-album-3rd-and-lindsley-tickets/14113114
Nashville,TN,https://www.ticketweb.com/event/wmot-finally-friday-andy-sydow-3rd-and-lindsley-tickets/14796533
Nashville,TN,https://www.ticketweb.com/event/world-turning-band-the-live-3rd-and-lindsley-tickets/13987724
Nashville,TN,https://www.ticketweb.com/event/backstage-nashville-daytime-hit-songwriters-3rd-and-lindsley-tickets/14637803
Nashville,TN,https://www.ticketweb.com/event/daya-til-every-petal-drops-3rd-and-lindsley-tickets/14115524
Nashville,TN,https://www.ticketweb.com/event/bluebird-on-3rd-adam-3rd-and-lindsley-tickets/14152554
Nashville,TN,https://www.ticketweb.com/event/the-time-jumpers-3rd-and-lindsley-tickets/14671693
Nashville,TN,https://www.ticketweb.com/event/bluebird-on-3rd-located-at-3rd-and-lindsley-tickets/14798913
Nashville,TN,https://www.ticketweb.com/event/backstage-at-3rd-songs-and-3rd-and-lindsley-tickets/14799873
Nashville,TN,https://www.ticketweb.com/event/lightning-100s-music-city-mayhem-3rd-and-lindsley-tickets/14760383
Nashville,TN,https://www.ticketweb.com/event/midnight-riders-allman-3rd-and-lindsley-tickets/14809003
Nashville,TN,https://www.ticketweb.com/event/jonell-mosser-kentucky-thunder-special-3rd-and-lindsley-tickets/14773313
Nashville,TN,https://www.ticketweb.com/event/wmot-finally-friday-amanda-shaw-3rd-and-lindsley-tickets/14796543
Nashville,TN,https://www.ticketweb.com/event/guilty-pleasures-the-final-countdown-3rd-and-lindsley-tickets/13985234
Nashville,TN,https://www.ticketweb.com/event/backstage-nashville-daytime-hit-songwriters-3rd-and-lindsley-tickets/14637593
Nashville,TN,https://www.ticketweb.com/event/bluebird-on-3rd-marv-3rd-and-lindsley-tickets/14152564
Nashville,TN,https://www.ticketweb.com/event/the-time-jumpers-3rd-and-lindsley-tickets/14671743
Nashville,TN,https://www.ticketweb.com/event/bluebird-on-3rd-located-at-3rd-and-lindsley-tickets/14799323
Nashville,TN,https://www.ticketweb.com/event/cj-solar-the-old-3rd-and-lindsley-tickets/14768333
Nashville,TN,https://www.ticketweb.com/event/french-family-band-the-french-3rd-and-lindsley-tickets/14095154
Atlanta,GA,https://www.ticketmaster.com/sub-urban-the-bell-tolls-tour-atlanta-georgia-10-09-2026/event/0E00647EEC9BF5AA
Atlanta,GA,https://www.ticketmaster.com/khalid-its-always-summer-somewhere-tour-atlanta-georgia-06-04-2026/event/0E006384DEEFE1C8
Atlanta,GA,https://www.ticketmaster.com/event/Z7r9jZ1A7OVoE
Atlanta,GA,https://www.ticketmaster.com/event/Z7r9jZ1A7qgoU
Atlanta,GA,https://www.ticketmaster.com/the-australian-pink-floyd-show-the-atlanta-georgia-07-26-2026/event/0E006446D8B2AA27
Atlanta,GA,https://www.ticketmaster.com/event/Z7r9jZ1A7OVot
Atlanta,GA,https://www.ticketmaster.com/event/Z7r9jZ1A7OVoY
Atlanta,GA,https://www.ticketmaster.com/event/Z7r9jZ1A7OVow
Atlanta,GA,https://www.ticketmaster.com/cann-presents-yacht-rock-revue-primetime-alpharetta-georgia-04-25-2026/event/0E0064349D4D69B7
Atlanta,GA,https://www.ticketmaster.com/citizen-soldier-atlanta-georgia-05-22-2026/event/0E00642E9B2E59B1
Atlanta,GA,https://www.ticketmaster.com/atlanta-dream-v-dallas-wings-college-park-georgia-05-22-2026/event/0E006473918F720D
Atlanta,GA,https://www.ticketmaster.com/atlanta-dream-v-phoenix-mercury-college-park-georgia-05-24-2026/event/0E0064739194721D
Atlanta,GA,https://www.ticketmaster.com/atlanta-dream-v-connecticut-sun-college-park-georgia-06-02-2026/event/0E0064739199722C
Atlanta,GA,https://www.ticketmaster.com/atlanta-dream-v-washington-mystics-pride-college-park-georgia-06-06-2026/event/0E006473919D7243
Atlanta,GA,https://www.ticketmaster.com/atlanta-dream-v-golden-state-valkyries-college-park-georgia-07-04-2026/event/0E00647391A67267
Atlanta,GA,https://www.ticketmaster.com/atlanta-dream-v-seattle-storm-college-park-georgia-07-09-2026/event/0E00647391AB7273
Atlanta,GA,https://www.ticketmaster.com/atlanta-dream-v-portland-fire-throwback-college-park-georgia-07-11-2026/event/0E00647391AF727C
Atlanta,GA,https://www.ticketmaster.com/atlanta-dream-v-los-angeles-sparks-college-park-georgia-07-13-2026/event/0E00647391B3728F
Atlanta,GA,https://www.ticketmaster.com/atlanta-dream-v-seattle-storm-college-park-georgia-07-31-2026/event/0E00647391BB72AE
Atlanta,GA,https://www.ticketmaster.com/atlanta-dream-v-las-vegas-aces-college-park-georgia-08-03-2026/event/0E00647391C072B8
Austin,TX,https://www.ticketmaster.com/level-up-lounge-access-khalid-austin-texas-06-19-2026/event/3A0063899A7968B7
Austin,TX,https://www.ticketmaster.com/parking-eagles-of-death-metal-not-austin-texas-08-07-2026/event/3A00647512FDFD97
Austin,TX,https://www.ticketmaster.com/longhorn-lounge-5pm-eagles-of-death-austin-texas-08-07-2026/event/3A0064751442164C
Austin,TX,https://www.ticketmaster.com/parking-laura-jane-grace-not-a-austin-texas-05-12-2026/event/3A006443C42EACC2
Austin,TX,https://www.ticketmaster.com/parking-marlon-funaki-not-a-concert-austin-texas-04-19-2026/event/3A006442E416C208
Austin,TX,https://www.ticketmaster.com/longhorn-lounge-4pm-marlon-funaki-not-austin-texas-04-19-2026/event/3A006442E4F8C2A0
Austin,TX,https://www.ticketmaster.com/parking-teen-suicide-not-a-concert-austin-texas-05-30-2026/event/3A006442E6E7C3C2
Austin,TX,https://www.ticketmaster.com/longhorn-lounge-4pm-teen-suicide-not-austin-texas-05-30-2026/event/3A006442EB8FC791
Austin,TX,https://www.ticketmaster.com/longhorn-lounge-4pm-yeri-mua-not-austin-texas-05-31-2026/event/3A00644DBD9D6F17
Austin,TX,https://www.ticketmaster.com/parking-yeri-mua-not-a-concert-austin-texas-05-31-2026/event/3A00644DBDF6705D
Austin,TX,https://www.ticketmaster.com/longhorn-lounge-josiah-and-the-bonnevilles-austin-texas-05-16-2026/event/3A0064470C97D971
Austin,TX,https://www.ticketmaster.com/parking-josiah-and-the-bonnevilles-not-austin-texas-05-16-2026/event/3A006447069ACEA2
Austin,TX,https://www.ticketmaster.com/longhorn-lounge-5pm-underscores-not-a-austin-texas-06-05-2026/event/3A006459E48D2B88
Austin,TX,https://www.ticketmaster.com/parking-underscores-not-a-concert-ticket-austin-texas-06-05-2026/event/3A006459E4962BBF
Austin,TX,https://www.ticketmaster.com/parking-haute-freddy-not-a-concert-austin-texas-09-20-2026/event/3A006459DE3B18BA
Austin,TX,https://www.ticketmaster.com/longhorn-lounge-330pm-haute-freddy-not-austin-texas-09-20-2026/event/3A006459DE26188F
Austin,TX,https://www.ticketmaster.com/parking-grateful-shred-not-a-concert-austin-texas-11-07-2026/event/3A006482DBBED87D
Austin,TX,https://www.ticketmaster.com/longhorn-lounge-5pm-grateful-shred-not-austin-texas-11-07-2026/event/3A006482DBFAD8F7
Austin,TX,https://www.ticketmaster.com/parking-yot-club-not-a-concert-austin-texas-05-22-2026/event/3A006437DCA9D965
Austin,TX,https://www.ticketmaster.com/longhorn-lounge-5pm-yot-club-not-austin-texas-05-22-2026/event/3A006437DD6DDA01
Orlando,FL,https://www.ticketmaster.com/event/Z7r9jZ1A7jspp
Orlando,FL,https://www.ticketmaster.com/event/Z7r9jZ1A7js4E
Orlando,FL,https://www.ticketmaster.com/event/Z7r9jZ1A7js4_
Orlando,FL,https://www.ticketmaster.com/event/Z7r9jZ1A7jsCk
Orlando,FL,https://www.ticketmaster.com/event/Z7r9jZ1A7jsb6
Orlando,FL,https://www.ticketmaster.com/event/Z7r9jZ1A7js3d
Orlando,FL,https://www.ticketmaster.com/event/Z7r9jZ1A7jsff
Orlando,FL,https://www.ticketmaster.com/event/Z7r9jZ1A7js8J
Orlando,FL,https://www.ticketmaster.com/event/Z7r9jZ1A7jspd
Orlando,FL,https://www.ticketmaster.com/event/Z7r9jZ1A7jsbp
Orlando,FL,https://www.ticketmaster.com/event/Z7r9jZ1A7jsuM
Orlando,FL,https://www.ticketmaster.com/event/Z7r9jZ1A7jspF
Orlando,FL,https://www.ticketmaster.com/event/Z7r9jZ1A7jsup
Orlando,FL,https://www.ticketmaster.com/event/Z7r9jZ1A7js_t
Orlando,FL,https://www.ticketmaster.com/event/Z7r9jZ1A7jsbz
Orlando,FL,https://www.ticketmaster.com/event/Z7r9jZ1A7js_0
Orlando,FL,https://www.ticketmaster.com/event/Z7r9jZ1A7jsp8
Orlando,FL,https://www.ticketmaster.com/event/Z7r9jZ1A7js8P
Orlando,FL,https://www.ticketmaster.com/event/Z7r9jZ1A7js_J
Orlando,FL,https://www.ticketmaster.com/event/Z7r9jZ1A7jsCA
Nashville,TN,https://www.ticketweb.com/event/kent-blazy-stories-behind-the-3rd-and-lindsley-tickets/14140404
Nashville,TN,https://www.ticketweb.com/event/the-eaglemaniacs-the-music-of-3rd-and-lindsley-tickets/14776293
Nashville,TN,https://www.ticketweb.com/event/bluebird-on-3rd-matt-3rd-and-lindsley-tickets/14152594
Nashville,TN,https://www.ticketweb.com/event/the-time-jumpers-3rd-and-lindsley-tickets/14671713
Nashville,TN,https://www.ticketweb.com/event/bluebird-on-3rd-located-at-3rd-and-lindsley-tickets/14799523
Nashville,TN,https://www.ticketweb.com/event/tim-miner-friends-cinco-3rd-and-lindsley-tickets/14758073
Nashville,TN,https://www.ticketweb.com/event/sarah-buxton-carolyn-dawn-johnson-3rd-and-lindsley-tickets/14773213
Nashville,TN,https://www.ticketweb.com/event/backstage-nashville-daytime-hit-songwriters-3rd-and-lindsley-tickets/14637783
Nashville,TN,https://www.ticketweb.com/event/resurrection-a-journey-tribute-3rd-and-lindsley-tickets/14089404
Nashville,TN,https://www.ticketweb.com/event/jeffrey-steele-3rd-and-lindsley-tickets/14081364
Nashville,TN,https://www.ticketweb.com/event/bluebird-on-3rd-located-at-3rd-and-lindsley-tickets/14843493
Nashville,TN,https://www.ticketweb.com/event/bluebird-on-3rd-griffen-3rd-and-lindsley-tickets/14152624
Nashville,TN,https://www.ticketweb.com/event/the-time-jumpers-3rd-and-lindsley-tickets/14671893
Nashville,TN,https://www.ticketweb.com/event/the-lucky-losers-amanda-fish-3rd-and-lindsley-tickets/14745653
Nashville,TN,https://www.ticketweb.com/event/smoking-section-3rd-and-lindsley-tickets/14757313
Nashville,TN,https://www.ticketweb.com/event/jack-pearson-3rd-and-lindsley-tickets/14100114
Nashville,TN,https://www.ticketweb.com/event/backstage-nashville-daytime-hit-songwriters-3rd-and-lindsley-tickets/14637483
Nashville,TN,https://www.ticketweb.com/event/bluebird-on-3rd-3rd-and-lindsley-tickets/14152634
Nashville,TN,https://www.ticketweb.com/event/the-time-jumpers-3rd-and-lindsley-tickets/14671833
Nashville,TN,https://www.ticketweb.com/event/hot-writers-for-cool-charities-3rd-and-lindsley-tickets/14773323
Atlanta,GA,https://www.ticketmaster.com/atlanta-dream-v-phoenix-mercury-sneakerhead-college-park-georgia-08-05-2026/event/0E00647391C472D0
Atlanta,GA,https://www.ticketmaster.com/atlanta-dream-v-toronto-tempo-college-park-georgia-08-10-2026/event/0E00647391C872E7
Atlanta,GA,https://www.ticketmaster.com/atlanta-dream-v-portland-fire-college-park-georgia-08-28-2026/event/0E00647391CD730D
Atlanta,GA,https://www.ticketmaster.com/atlanta-dream-v-connecticut-sun-fan-college-park-georgia-09-17-2026/event/0E00647391D67321
Atlanta,GA,https://www.ticketmaster.com/paul-simon-a-quiet-celebration-atlanta-georgia-07-13-2026/event/0E00643CA46585A3
Atlanta,GA,https://www.ticketmaster.com/young-the-giant-victory-garden-tour-atlanta-georgia-06-06-2026/event/0E00644BA7656C64
Atlanta,GA,https://www.ticketmaster.com/fulton-lee-atlanta-georgia-05-31-2026/event/0E006435CA9EB009
Atlanta,GA,https://www.ticketmaster.com/the-warped-band-atlanta-georgia-06-04-2026/event/0E006354BD6979D4
Atlanta,GA,https://www.ticketmaster.com/asim-azhar-atlanta-georgia-04-26-2026/event/0E006381E326B440
Atlanta,GA,https://www.ticketmaster.com/evanescence-2026-world-tour-presented-by-alpharetta-georgia-06-14-2026/event/0E00637C9C599A91
Atlanta,GA,https://www.ticketmaster.com/driveways-atlanta-georgia-04-23-2026/event/0E006425D5CE7771
Atlanta,GA,https://www.ticketmaster.com/miles-minnick-atlanta-georgia-05-12-2026/event/0E00643B85D73B36
Atlanta,GA,https://www.ticketmaster.com/lil-xan-atlanta-georgia-05-10-2026/event/0E00646698878843
Atlanta,GA,https://www.ticketmaster.com/kolby-cooper-atlanta-georgia-04-16-2026/event/0E006446B6878914
Atlanta,GA,https://www.ticketmaster.com/kranium-a-slight-delay-tour-atlanta-georgia-05-07-2026/event/0E006477D21DC5E0
Atlanta,GA,https://www.ticketmaster.com/krooked-kings-atlanta-georgia-05-01-2026/event/0E0063889793711B
Atlanta,GA,https://www.ticketmaster.com/kpop-night-atlanta-georgia-06-05-2026/event/0E00646DA76583E2
Atlanta,GA,https://www.ticketmaster.com/ashley-kutcher-atlanta-georgia-04-15-2026/event/0E0064299DCE5DBD
Atlanta,GA,https://www.ticketmaster.com/fantastic-cat-atlanta-georgia-04-22-2026/event/0E00642C9A0C48AE
Atlanta,GA,https://www.ticketmaster.com/brigitte-calls-me-baby-atlanta-georgia-05-09-2026/event/0E006426BA785F4B
Austin,TX,https://www.ticketmaster.com/longhorn-lounge-5pm-jigitz-not-a-austin-texas-06-26-2026/event/3A006429BABF93C2
Austin,TX,https://www.ticketmaster.com/parking-jigitz-not-a-concert-ticket-austin-texas-06-26-2026/event/3A006429B9C09309
Austin,TX,https://www.ticketmaster.com/longhorn-lounge-5pm-searows-not-a-austin-texas-04-24-2026/event/3A006428D2519A68
Austin,TX,https://www.ticketmaster.com/parking-searows-not-a-concert-ticket-austin-texas-04-24-2026/event/3A006428D19899EB
Austin,TX,https://www.ticketmaster.com/longhorn-lounge-5pm-deer-tick-not-austin-texas-10-16-2026/event/3A006466E460A0C6
Austin,TX,https://www.ticketmaster.com/parking-deer-tick-not-a-concert-austin-texas-10-16-2026/event/3A006466E35C9D50
Austin,TX,https://www.ticketmaster.com/longhorn-lounge-5pm-black-pistol-fire-austin-texas-04-25-2026/event/3A006379C24F905F
Austin,TX,https://www.ticketmaster.com/parking-black-pistol-fire-not-a-austin-texas-04-25-2026/event/3A006379C2F590C5
Austin,TX,https://www.ticketmaster.com/parking-the-brook-the-bluff-not-austin-texas-04-18-2026/event/3A006363E8C3DA66
Austin,TX,https://www.ticketmaster.com/longhorn-lounge-5pm-the-brook-the-austin-texas-04-18-2026/event/3A006363E9E2DB64
Austin,TX,https://www.ticketmaster.com/longhorn-lounge-5pm-sons-of-legion-austin-texas-05-15-2026/event/3A00635599936AB3
Austin,TX,https://www.ticketmaster.com/parking-sons-of-legion-not-a-austin-texas-05-15-2026/event/3A00635598B16962
Austin,TX,https://www.ticketmaster.com/parking-goldford-not-a-concert-ticket-austin-texas-05-02-2026/event/3A00632FCFE36321
Austin,TX,https://www.ticketmaster.com/longhorn-lounge-5pm-dogs-in-a-austin-texas-05-01-2026/event/3A006388B1537B4A
Austin,TX,https://www.ticketmaster.com/parking-dogs-in-a-pile-not-austin-texas-05-01-2026/event/3A006388B2C77CC3
Austin,TX,https://www.ticketmaster.com/akon-meet-greet-vip-upgrade-ticket-austin-texas-08-11-2026/event/3A00647AE598FCC7
Austin,TX,https://www.ticketmaster.com/seether-early-entry-vip-upgrade-event-austin-texas-10-19-2026/event/3A006442F696D18D
Austin,TX,https://www.ticketmaster.com/tim-mcgraw-autographed-guitar-upgrade-event-austin-texas-09-10-2026/event/3A006443130FF66E
Austin,TX,https://www.ticketmaster.com/j-cole-vip-upgrade-event-ticket-austin-texas-09-14-2026/event/3A00645BB7D8ED15
Austin,TX,https://www.ticketmaster.com/charlie-puth-vip-merch-upgrade-no-austin-texas-06-11-2026/event/3A00643030A9A9B5
Orlando,FL,https://www.ticketmaster.com/event/Z7r9jZ1A7jsfe
Orlando,FL,https://www.ticketmaster.com/event/Z7r9jZ1A7jso7
Orlando,FL,https://www.ticketmaster.com/event/Z7r9jZ1A7jsob
Orlando,FL,https://www.ticketmaster.com/event/Z7r9jZ1A7js_Y
Orlando,FL,https://www.ticketmaster.com/event/Z7r9jZ1A7js_a
Orlando,FL,https://www.ticketmaster.com/event/Z7r9jZ1A7qo4x
Orlando,FL,https://www.ticketmaster.com/event/Z7r9jZ1A7js3A
Orlando,FL,https://www.ticketmaster.com/event/Z7r9jZ1A7jsfx
Orlando,FL,https://www.ticketmaster.com/event/Z7r9jZ1A7js84
Orlando,FL,https://www.ticketmaster.com/event/Z7r9jZ1A7js_Z
Orlando,FL,https://www.ticketmaster.com/event/Z7r9jZ1A7jsfK
Orlando,FL,https://www.ticketmaster.com/event/Z7r9jZ1A7jsfs
Orlando,FL,https://www.ticketmaster.com/event/Z7r9jZ1A7js3f
Orlando,FL,https://www.ticketmaster.com/event/Z7r9jZ1A7js46
Orlando,FL,https://www.ticketmaster.com/event/Z7r9jZ1A7js4J
Orlando,FL,https://www.ticketmaster.com/event/Z7r9jZ1A7jsbw
Orlando,FL,https://www.ticketmaster.com/event/Z7r9jZ1A7js4d
Orlando,FL,https://www.ticketmaster.com/event/Z7r9jZ1A7jsCF
Orlando,FL,https://www.ticketmaster.com/event/Z7r9jZ1A7js8_
Orlando,FL,https://www.ticketmaster.com/event/Z7r9jZ1A7js8p
Nashville,TN,https://www.ticketweb.com/event/12-against-nature-a-3rd-and-lindsley-tickets/14786003
Nashville,TN,https://www.ticketweb.com/event/backstage-nashville-daytime-hit-songwriters-3rd-and-lindsley-tickets/14637473
Nashville,TN,https://www.ticketweb.com/event/the-long-players-performing-jackson-3rd-and-lindsley-tickets/14792143
Nashville,TN,https://www.ticketweb.com/event/backstage-nashville-daytime-hit-songwriters-3rd-and-lindsley-tickets/14637373
Nashville,TN,https://www.ticketweb.com/event/the-time-jumpers-3rd-and-lindsley-tickets/14671853
Nashville,TN,https://www.ticketweb.com/event/delicious-3rd-and-lindsley-tickets/14808353
Nashville,TN,https://www.ticketweb.com/event/the-babys-rob-talton-3rd-and-lindsley-tickets/14162674
Nashville,TN,https://www.ticketweb.com/event/rizz-the-believerz-with-3rd-and-lindsley-tickets/14656443
Nashville,TN,https://www.ticketweb.com/event/bluebird-on-3rd-3rd-and-lindsley-tickets/14152654
Nashville,TN,https://www.ticketweb.com/event/the-time-jumpers-3rd-and-lindsley-tickets/14671803
Nashville,TN,https://www.ticketweb.com/event/pat-mclaughlin-band-kenny-greenberg-3rd-and-lindsley-tickets/14818113
Nashville,TN,https://www.ticketweb.com/event/vinyl-radio-3rd-and-lindsley-tickets/14823453
Nashville,TN,https://www.ticketweb.com/event/backstage-nashville-daytime-hit-songwriters-3rd-and-lindsley-tickets/14637743
Nashville,TN,https://www.ticketweb.com/event/patrick-wolf-tour-of-3rd-and-lindsley-tickets/14785983
Nashville,TN,https://www.ticketweb.com/event/bluebird-on-3rd-3rd-and-lindsley-tickets/14152674
Nashville,TN,https://www.ticketweb.com/event/the-time-jumpers-3rd-and-lindsley-tickets/14671763
Nashville,TN,https://www.ticketweb.com/event/mandy-barnett-3rd-and-lindsley-tickets/14842313
Nashville,TN,https://www.ticketweb.com/event/the-iguanas-3rd-and-lindsley-tickets/14140144
Nashville,TN,https://www.ticketweb.com/event/backstage-nashville-daytime-hit-songwriters-3rd-and-lindsley-tickets/14637653
Nashville,TN,https://www.ticketweb.com/event/the-piano-men-the-music-3rd-and-lindsley-tickets/14774343
Atlanta,GA,https://www.ticketmaster.com/tommy-newport-atlanta-georgia-05-05-2026/event/0E00645997C1CD4F
Atlanta,GA,https://www.ticketmaster.com/jay-electronica-the-19-day-reconnaissance-atlanta-georgia-05-21-2026/event/0E00647E93C5603D
Atlanta,GA,https://www.ticketmaster.com/shadow-of-intent-atlanta-georgia-05-08-2026/event/0E006382C70B96AB
Atlanta,GA,https://www.ticketmaster.com/noah-guy-atlanta-georgia-05-02-2026/event/0E0064539BC19CDE
Atlanta,GA,https://www.ticketmaster.com/event/Z7r9jZ1A7Q7e9
Atlanta,GA,https://www.ticketmaster.com/them-dirty-roses-atlanta-georgia-05-22-2026/event/0E006458CB8A3C0C
Atlanta,GA,https://www.ticketmaster.com/graham-atlanta-georgia-06-10-2026/event/0E0064629D5A7890
Atlanta,GA,https://www.ticketmaster.com/jared-benjamin-atlanta-georgia-04-26-2026/event/0E006427C965785A
Atlanta,GA,https://www.ticketmaster.com/chameleons-atlanta-georgia-04-27-2026/event/0E0064309F48751D
Atlanta,GA,https://www.ticketmaster.com/delicate-steve-atlanta-georgia-04-16-2026/event/0E00642694153B77
Atlanta,GA,https://www.ticketmaster.com/wifi-rich-featuring-notjadon-pito-friends-atlanta-georgia/event/0E006465C470DFA9
Atlanta,GA,https://www.ticketmaster.com/slimdan-atlanta-georgia-04-18-2026/event/0E00644AD8BAB055
Atlanta,GA,https://www.ticketmaster.com/pump-action-the-retrograde-atlanta-georgia-04-19-2026/event/0E006390AB6F7A85
Atlanta,GA,https://www.ticketmaster.com/kino-world-tour-2026-free-kino-atlanta-georgia-04-21-2026/event/0E00643094E06333
Atlanta,GA,https://www.ticketmaster.com/the-yawpers-atlanta-georgia-04-23-2026/event/0E00644A99305763
Atlanta,GA,https://www.ticketmaster.com/thee-coronation-2026-atlanta-georgia-04-25-2026/event/0E006465B892CD59
Atlanta,GA,https://www.ticketmaster.com/aaron-wolf-atlanta-georgia-04-30-2026/event/0E006442C3F3758A
Atlanta,GA,https://www.ticketmaster.com/ashes-remain-atlanta-georgia-05-03-2026/event/0E006443B95A72BC
Atlanta,GA,https://www.ticketmaster.com/bleach-atlanta-georgia-05-06-2026/event/0E00647FBA9EDDE0
Atlanta,GA,https://www.ticketmaster.com/fatt-smaxk-atlanta-georgia-05-07-2026/event/0E00648895107D71
Austin,TX,https://www.ticketmaster.com/monster-jam-postevent-driver-meet-greet-austin-texas-06-06-2026/event/3A00646424DE9FF1
Austin,TX,https://www.ticketmaster.com/monster-jam-postevent-driver-meet-greet-austin-texas-06-07-2026/event/3A00646424E3A004
Austin,TX,https://www.ticketmaster.com/monster-jam-pit-pass-preshow-pit-austin-texas-06-06-2026/event/3A00646413EF7EF2
Austin,TX,https://www.ticketmaster.com/monster-jam-pit-pass-preshow-pit-austin-texas-06-07-2026/event/3A00646413F47F0E
Austin,TX,https://www.ticketmaster.com/the-kw-vip-meet-greet-upgrade-austin-texas-09-03-2026/event/3A006465966295E6
Austin,TX,https://www.ticketmaster.com/brandi-carlile-vip-soundcheck-upgrade-ticket-austin-texas-09-06-2026/event/3A00646CBA8FCA56
Austin,TX,https://www.ticketmaster.com/5-seconds-of-summer-vip-upgrade-austin-texas-06-21-2026/event/3A00635EDEDCA92E
Austin,TX,https://www.ticketmaster.com/romeo-santos-prince-royce-vip-upgrade-austin-texas-05-10-2026/event/3A006390F6289B8A
Austin,TX,https://www.ticketmaster.com/chicago-saturday-in-the-park-upgrade-austin-texas-08-19-2026/event/3A006383BC2CB317
Austin,TX,https://www.ticketmaster.com/forrest-frank-vip-early-entry-package-austin-texas-07-30-2026/event/3A00638ACA65E1BB
Austin,TX,https://www.ticketmaster.com/event/Z7r9jZ1A7O6Cd
Austin,TX,https://www.ticketmaster.com/event/Z7r9jZ1A7O6Ce
Austin,TX,https://www.ticketmaster.com/event/Z7r9jZ1A7O6Cv
Austin,TX,https://www.ticketmaster.com/event/Z7r9jZ1A7OFe6
Austin,TX,https://www.ticketmaster.com/event/Z7r9jZ1A7revS
Austin,TX,https://www.ticketmaster.com/event/Z7r9jZ1A7revV
Austin,TX,https://www.ticketmaster.com/event/Z7r9jZ1A7revw
Austin,TX,https://www.ticketmaster.com/event/Z7r9jZ1A7x77-
Austin,TX,https://www.ticketmaster.com/event/Z7r9jZ1A7x770
Austin,TX,https://www.ticketmaster.com/event/Z7r9jZ1A7x77E
Orlando,FL,https://www.ticketmaster.com/event/Z7r9jZ1A7js_7
Orlando,FL,https://www.ticketmaster.com/event/Z7r9jZ1A7jsbA
Orlando,FL,https://www.ticketmaster.com/event/Z7r9jZ1A7js_F
Orlando,FL,https://www.ticketmaster.com/event/Z7r9jZ1A7jsuO
Orlando,FL,https://www.ticketmaster.com/event/Z7r9jZ1A7js_8
Orlando,FL,https://www.ticketmaster.com/event/Z7r9jZ1A7jso0
Orlando,FL,https://www.ticketmaster.com/event/Z7r9jZ1A7js87
Orlando,FL,https://www.ticketmaster.com/event/Z7r9jZ1A7jsuA
Orlando,FL,https://www.ticketmaster.com/event/Z7r9jZ1A7js44
Orlando,FL,https://www.ticketmaster.com/event/Z7r9jZ1A7jsuz
Orlando,FL,https://www.ticketmaster.com/event/Z7r9jZ1A7js49
Orlando,FL,https://www.ticketmaster.com/event/Z7r9jZ1A7jsbE
Orlando,FL,https://www.ticketmaster.com/event/Z7r9jZ1A7jsb4
Orlando,FL,https://www.ticketmaster.com/event/Z7r9jZ1A7jspo
Orlando,FL,https://www.ticketmaster.com/event/Z7r9jZ1A7jsuI
Orlando,FL,https://www.ticketmaster.com/event/Z7r9jZ1A7jsuN
Orlando,FL,https://www.ticketmaster.com/event/Z7r9jZ1A7jsb-
Orlando,FL,https://www.ticketmaster.com/event/Z7r9jZ1A7jsug
Orlando,FL,https://www.ticketmaster.com/event/Z7r9jZ1A7js8V
Orlando,FL,https://www.ticketmaster.com/event/Z7r9jZ1A7jsp3
Nashville,TN,https://www.ticketweb.com/event/the-cold-stares-3rd-and-lindsley-tickets/14115474
Nashville,TN,https://www.ticketweb.com/event/the-time-jumpers-3rd-and-lindsley-tickets/14671903
Nashville,TN,https://www.ticketweb.com/event/the-women-of-country-hannah-3rd-and-lindsley-tickets/14838793
Nashville,TN,https://www.ticketweb.com/event/the-petty-junkies-3rd-and-lindsley-tickets/14831273
Nashville,TN,https://www.ticketweb.com/event/backstage-nashville-daytime-hit-songwriters-3rd-and-lindsley-tickets/14637573
Nashville,TN,https://www.ticketweb.com/event/the-time-jumpers-3rd-and-lindsley-tickets/14671723
Nashville,TN,https://www.ticketweb.com/event/jake-hoot-jamie-floyd-3rd-and-lindsley-tickets/14776283
Nashville,TN,https://www.ticketweb.com/event/gabe-dixon-3rd-and-lindsley-tickets/14755613
Nashville,TN,https://www.ticketweb.com/event/backstage-nashville-daytime-hit-songwriters-3rd-and-lindsley-tickets/14637643
Nashville,TN,https://www.ticketweb.com/event/the-time-jumpers-3rd-and-lindsley-tickets/14671753
Nashville,TN,https://www.ticketweb.com/event/sold-out-screamin-cheetah-wheelies-3rd-and-lindsley-tickets/14840483
Nashville,TN,https://www.ticketweb.com/event/backstage-nashville-daytime-hit-songwriters-3rd-and-lindsley-tickets/14637673
Nashville,TN,https://www.ticketweb.com/event/sold-out-screamin-cheetah-wheelies-3rd-and-lindsley-tickets/14840493
Nashville,TN,https://www.ticketweb.com/event/screamin-cheetah-wheelies-3rd-and-lindsley-tickets/14845833
Nashville,TN,https://www.ticketweb.com/event/the-time-jumpers-3rd-and-lindsley-tickets/14093774
Nashville,TN,https://www.ticketweb.com/event/backstage-nashville-daytime-hit-songwriters-3rd-and-lindsley-tickets/14637493
Nashville,TN,https://www.ticketweb.com/event/the-time-jumpers-3rd-and-lindsley-tickets/14093854
Nashville,TN,https://www.ticketweb.com/event/backstage-nashville-daytime-hit-songwriters-3rd-and-lindsley-tickets/14637733
Nashville,TN,https://www.ticketweb.com/event/the-time-jumpers-3rd-and-lindsley-tickets/14093844
Nashville,TN,https://www.ticketweb.com/event/backstage-nashville-daytime-hit-songwriters-3rd-and-lindsley-tickets/14637623
Atlanta,GA,https://www.ticketmaster.com/folk-bitch-trio-atlanta-georgia-05-08-2026/event/0E006436A2357F24
Atlanta,GA,https://www.ticketmaster.com/2026-enno-cheng-moon-phases-20-atlanta-georgia-05-13-2026/event/0E006444A7D36198
Atlanta,GA,https://www.ticketmaster.com/fox-n-vead-atlanta-georgia-05-14-2026/event/0E00646ACB7BB8A1
Atlanta,GA,https://www.ticketmaster.com/1900rugrat-atlanta-georgia-05-15-2026/event/0E006465A949B4C4
Atlanta,GA,https://www.ticketmaster.com/the-sloppy-boys-atlanta-georgia-05-21-2026/event/0E006453A3A2A9F3
Atlanta,GA,https://www.ticketmaster.com/your-neighbors-atlanta-georgia-05-29-2026/event/0E00643CE3F7BB68
Atlanta,GA,https://www.ticketmaster.com/bright-light-social-hour-atlanta-georgia-06-06-2026/event/0E006478EC76E5E8
Atlanta,GA,https://www.ticketmaster.com/j-the-causeways-atlanta-georgia-05-28-2026/event/0E0064829B3CB551
Atlanta,GA,https://www.ticketmaster.com/nice-dream-atlanta-georgia-05-30-2026/event/0E0064829E91BEDA
Atlanta,GA,https://www.ticketmaster.com/kelsy-karter-the-heroines-atlanta-georgia-06-09-2026/event/0E00642CB5266606
Atlanta,GA,https://www.ticketmaster.com/alejandro-aranda-atlanta-georgia-06-17-2026/event/0E006474AFDFBDF2
Atlanta,GA,https://www.ticketmaster.com/heated-rivalry-rave-atlanta-georgia-06-27-2026/event/0E006482E88D8E75
Atlanta,GA,https://www.ticketmaster.com/perry-maysun-atlanta-georgia-06-30-2026/event/0E006458B04EBF87
Atlanta,GA,https://www.ticketmaster.com/domani-the-forever-lasting-tour-atlanta-georgia-07-10-2026/event/0E006479CD9AD6BB
Atlanta,GA,https://www.ticketmaster.com/the-isley-brothers-the-ojays-atlanta-georgia-08-22-2026/event/0E006474A0519DC4
Atlanta,GA,https://www.ticketmaster.com/elijah-scott-atlanta-georgia-07-13-2026/event/0E006472D94FCB72
Atlanta,GA,https://www.ticketmaster.com/justine-skye-atlanta-georgia-07-26-2026/event/0E00647AD467E761
Atlanta,GA,https://www.ticketmaster.com/kiefer-sutherland-atlanta-georgia-06-20-2026/event/0E00645AD531F184
Atlanta,GA,https://www.ticketmaster.com/ddg-atlanta-georgia-04-29-2026/event/0E006470D04BC1BB
Atlanta,GA,https://www.ticketmaster.com/chris-grey-atlanta-georgia-04-17-2026/event/0E00638CC947BFFC
Austin,TX,https://www.ticketmaster.com/event/Z7r9jZ1A7x77I
Austin,TX,https://www.ticketmaster.com/event/Z7r9jZ1A7x77J
Austin,TX,https://www.ticketmaster.com/event/Z7r9jZ1A7x77N
Austin,TX,https://www.ticketmaster.com/event/Z7r9jZ1A7x77O
Austin,TX,https://www.ticketmaster.com/event/Z7r9jZ1A7x77P
Austin,TX,https://www.ticketmaster.com/event/Z7r9jZ1A7x77_
Austin,TX,https://www.ticketmaster.com/event/Z7r9jZ1A7x77x
Austin,TX,https://www.ticketmaster.com/event/Z7r9jZ1A7xd-y
Austin,TX,https://www.ticketmaster.com/event/Z7r9jZ1A7Okk7
Austin,TX,https://www.ticketmaster.com/event/Z7r9jZ1A7OkkA
Austin,TX,https://www.ticketmaster.com/event/Z7r9jZ1A7Okkd
Austin,TX,https://www.ticketmaster.com/event/Z7r9jZ1A7Okke
Austin,TX,https://www.ticketmaster.com/event/Z7r9jZ1A7Okkk
Austin,TX,https://www.ticketmaster.com/event/Z7r9jZ1A7x7e3
Austin,TX,https://www.ticketmaster.com/event/Z7r9jZ1A7x7e4
Austin,TX,https://www.ticketmaster.com/event/Z7r9jZ1A7x7e6
Austin,TX,https://www.ticketmaster.com/event/Z7r9jZ1A7x7e8
Austin,TX,https://www.ticketmaster.com/event/Z7r9jZ1A7x7eA
Austin,TX,https://www.ticketmaster.com/event/Z7r9jZ1A7x7eF
Austin,TX,https://www.ticketmaster.com/event/Z7r9jZ1A7x7eK
Orlando,FL,https://www.ticketmaster.com/event/Z7r9jZ1A7js8x
Orlando,FL,https://www.ticketmaster.com/event/Z7r9jZ1A7jsue
Orlando,FL,https://www.ticketmaster.com/event/Z7r9jZ1A7js_e
Orlando,FL,https://www.ticketmaster.com/event/Z7r9jZ1A7jsoE
Orlando,FL,https://www.ticketmaster.com/event/Z7r9jZ1A7js8k
Orlando,FL,https://www.ticketmaster.com/event/Z7r9jZ1A7jsCv
Orlando,FL,https://www.ticketmaster.com/event/Z7r9jZ1A7js_P
Orlando,FL,https://www.ticketmaster.com/event/Z7r9jZ1A7js_b
Orlando,FL,https://www.ticketmaster.com/event/Z7r9jZ1A7js_s
Orlando,FL,https://www.ticketmaster.com/event/Z7r9jZ1A7jso-
Orlando,FL,https://www.ticketmaster.com/event/Z7r9jZ1A7jsb3
Orlando,FL,https://www.ticketmaster.com/event/Z7r9jZ1A7jsux
Orlando,FL,https://www.ticketmaster.com/event/Z7r9jZ1A7jsoN
Orlando,FL,https://www.ticketmaster.com/event/Z7r9jZ1A7jsus
Orlando,FL,https://www.ticketmaster.com/event/Z7r9jZ1A7js4w
Orlando,FL,https://www.ticketmaster.com/event/Z7r9jZ1A7js8E
Orlando,FL,https://www.ticketmaster.com/event/Z7r9jZ1A7js8e
Orlando,FL,https://www.ticketmaster.com/event/Z7r9jZ1A7jsbM
Orlando,FL,https://www.ticketmaster.com/event/Z7r9jZ1A7jsbZ
Orlando,FL,https://www.ticketmaster.com/event/Z7r9jZ1A7jsp_
Nashville,TN,https://www.ticketweb.com/event/the-time-jumpers-3rd-and-lindsley-tickets/14093814
Nashville,TN,https://www.ticketweb.com/event/backstage-nashville-daytime-hit-songwriters-3rd-and-lindsley-tickets/14637433
Nashville,TN,https://www.ticketweb.com/event/the-time-jumpers-3rd-and-lindsley-tickets/14093794
Nashville,TN,https://www.ticketweb.com/event/backstage-nashville-daytime-hit-songwriters-3rd-and-lindsley-tickets/14637503
Nashville,TN,https://www.ticketweb.com/event/the-time-jumpers-3rd-and-lindsley-tickets/14093864
Nashville,TN,https://www.ticketweb.com/event/josh-weathers-3rd-and-lindsley-tickets/14832003
Nashville,TN,https://www.ticketweb.com/event/backstage-nashville-daytime-hit-songwriters-3rd-and-lindsley-tickets/14637533
Nashville,TN,https://www.ticketweb.com/event/the-time-jumpers-3rd-and-lindsley-tickets/14093804
Nashville,TN,https://www.ticketweb.com/event/backstage-nashville-daytime-hit-songwriters-3rd-and-lindsley-tickets/14637563
Nashville,TN,https://www.ticketweb.com/event/the-time-jumpers-3rd-and-lindsley-tickets/14093784
Nashville,TN,https://www.ticketweb.com/event/backstage-nashville-daytime-hit-songwriters-3rd-and-lindsley-tickets/14637773
Nashville,TN,https://www.ticketweb.com/event/the-time-jumpers-3rd-and-lindsley-tickets/14093984
Nashville,TN,https://www.ticketmaster.com/420athon-nashville-tennessee-04-20-2026/event/1B0064798D09AC5F
Nashville,TN,https://www.ticketweb.com/event/backstage-nashville-daytime-hit-songwriters-3rd-and-lindsley-tickets/14637683
Nashville,TN,https://www.ticketweb.com/event/the-time-jumpers-3rd-and-lindsley-tickets/14093904
Nashville,TN,https://www.ticketweb.com/event/chrocktikal-the-1st-world-tour-riverside-revival-tickets/14177604
Nashville,TN,https://www.ticketweb.com/event/backstage-nashville-daytime-hit-songwriters-3rd-and-lindsley-tickets/14637703
Nashville,TN,https://www.ticketweb.com/event/billy-allen-the-pollies-3rd-and-lindsley-tickets/14006244
Nashville,TN,https://www.ticketweb.com/event/the-time-jumpers-3rd-and-lindsley-tickets/14093874
Nashville,TN,https://www.ticketweb.com/event/backstage-nashville-daytime-hit-songwriters-3rd-and-lindsley-tickets/14637723
Atlanta,GA,https://www.ticketmaster.com/big-ocean-atlanta-georgia-04-19-2026/event/0E006471D19CB3DE
Atlanta,GA,https://www.ticketmaster.com/plaqueboymax-atlanta-georgia-04-20-2026/event/0E00642CE43D8375
Atlanta,GA,https://www.ticketmaster.com/isaia-huron-atlanta-georgia-04-30-2026/event/0E00644DB767B1AC
Atlanta,GA,https://www.ticketmaster.com/beats-ballads-the-close-up-atlanta-georgia-05-01-2026/event/0E006479B6A2B404
Atlanta,GA,https://www.ticketmaster.com/trevor-jackson-atlanta-georgia-05-02-2026/event/0E00645BC888EF2E
Atlanta,GA,https://www.ticketmaster.com/lila-ike-atlanta-georgia-05-09-2026/event/0E00644BB5417D27
Atlanta,GA,https://www.ticketmaster.com/boogie-down-broadway-atlanta-georgia-05-16-2026/event/0E00647AAFB1AD4D
Atlanta,GA,https://www.ticketmaster.com/sina-bathaie-white-lotus-world-tour-atlanta-georgia-05-26-2026/event/0E006382DA40A25D
Atlanta,GA,https://www.ticketmaster.com/feng-atlanta-georgia-06-03-2026/event/0E006465A0DFA63F
Atlanta,GA,https://www.ticketmaster.com/don-trip-live-in-atlanta-atlanta-georgia-06-27-2026/event/0E00647AA56B980E
Atlanta,GA,https://www.ticketmaster.com/the-bros-landreth-atlanta-georgia-09-29-2026/event/0E006459A35BECD9
Atlanta,GA,https://www.ticketmaster.com/red-leather-atlanta-georgia-11-20-2026/event/0E00646D99CC6B94
Atlanta,GA,https://www.ticketmaster.com/joshua-ray-walker-atlanta-georgia-10-10-2026/event/0E006477CF17C165
Atlanta,GA,https://www.ticketmaster.com/the-barista-league-north-america-atlanta-georgia-09-03-2026/event/0E00645199F67D15
Atlanta,GA,https://www.ticketmaster.com/bren-joy-the-sunset-black-tour-atlanta-georgia-03-10-2027/event/0E006237E5E24821
Atlanta,GA,https://www.ticketmaster.com/rawayana-donde-es-el-after-world-atlanta-georgia-10-23-2026/event/0E00646CA45D7B23
Atlanta,GA,https://www.ticketmaster.com/red-not-chili-peppers-atlanta-georgia-04-16-2026/event/0E00643DBFF7A994
Atlanta,GA,https://www.ticketmaster.com/sam-barber-the-american-route-tour-atlanta-georgia-09-26-2026/event/0E006486B7039E8B
Atlanta,GA,https://www.ticketmaster.com/dermot-kennedy-the-weight-of-the-atlanta-georgia-10-10-2026/event/0E006477A1228207
Atlanta,GA,https://www.ticketmaster.com/gatecreeper-atlanta-georgia-04-23-2026/event/0E00645AE5BA2403
Orlando,FL,https://www.ticketmaster.com/event/Z7r9jZ1A7js3p
Orlando,FL,https://www.ticketmaster.com/event/Z7r9jZ1A7jsu8
Orlando,FL,https://www.ticketmaster.com/event/Z7r9jZ1A7js_k
Orlando,FL,https://www.ticketmaster.com/event/Z7r9jZ1A7jsox
Orlando,FL,https://www.ticketmaster.com/event/Z7r9jZ1A7jsfa
Orlando,FL,https://www.ticketmaster.com/event/Z7r9jZ1A7jsuf
Orlando,FL,https://www.ticketmaster.com/event/Z7r9jZ1A7js4S
Orlando,FL,https://www.ticketmaster.com/event/Z7r9jZ1A7js_w
Orlando,FL,https://www.ticketmaster.com/event/Z7r9jZ1A7js4k
Orlando,FL,https://www.ticketmaster.com/event/Z7r9jZ1A7jsuk
Orlando,FL,https://www.ticketmaster.com/event/Z7r9jZ1A7js8K
Orlando,FL,https://www.ticketmaster.com/event/Z7r9jZ1A7jsbV
Orlando,FL,https://www.ticketmaster.com/event/Z7r9jZ1A7js4p
Orlando,FL,https://www.ticketmaster.com/event/Z7r9jZ1A7jsuE
Orlando,FL,https://www.ticketmaster.com/event/Z7r9jZ1A7jsfd
Orlando,FL,https://www.ticketmaster.com/event/Z7r9jZ1A7jso_
Orlando,FL,https://www.ticketmaster.com/event/Z7r9jZ1A7jsC6
Orlando,FL,https://www.ticketmaster.com/event/Z7r9jZ1A7jsuF
Orlando,FL,https://www.ticketmaster.com/event/Z7r9jZ1A7js4f
Orlando,FL,https://www.ticketmaster.com/event/Z7r9jZ1A7jsbx
Austin,TX,https://www.ticketmaster.com/event/Z7r9jZ1A7x7ea
Austin,TX,https://www.ticketmaster.com/event/Z7r9jZ1A7x7ef
Austin,TX,https://www.ticketmaster.com/event/Z7r9jZ1A7x7ek
Austin,TX,https://www.ticketmaster.com/event/Z7r9jZ1A7x7eo
Austin,TX,https://www.ticketmaster.com/predoors-patio-access-6pm-big-krit-austin-texas-06-12-2026/event/3A006477C326A5D4
Austin,TX,https://www.ticketmaster.com/predoors-patio-access-6pm-enter-shikari-austin-texas-09-25-2026/event/3A00647BCBDA1A08
Austin,TX,https://www.ticketmaster.com/predoors-patio-access-3pm-hatebreed-not-austin-texas-07-11-2026/event/3A0064750FFAF1C0
Austin,TX,https://www.ticketmaster.com/predoors-patio-access-530pm-joshua-slone-austin-texas-06-03-2026/event/3A006478AC61941E
Austin,TX,https://www.ticketmaster.com/predoors-patio-access-6pm-wasp-not-austin-texas-09-16-2026/event/3A006443E25FC9EE
Austin,TX,https://www.ticketmaster.com/predoors-patio-access-6pm-tripping-daisy-austin-texas-05-02-2026/event/3A006442ECA8C8A0
Austin,TX,https://www.ticketmaster.com/predoors-patio-access-6pm-nettspend-not-austin-texas-05-14-2026/event/3A00644D9826BD62
Austin,TX,https://www.ticketmaster.com/predoors-patio-access-5pm-peelingflesh-not-austin-texas-05-16-2026/event/3A0064470E65DC72
Austin,TX,https://www.ticketmaster.com/predoors-patio-access-6pm-tomahawk-not-austin-texas-07-20-2026/event/3A006454A3BDDA3F
Austin,TX,https://www.ticketmaster.com/predoors-patio-access-6pm-fakemink-not-austin-texas-04-22-2026/event/3A006454A524DD5B
Austin,TX,https://www.ticketmaster.com/predoors-patio-access-630pm-sex-pistols-austin-texas-09-12-2026/event/3A006459EBB13F4A
Austin,TX,https://www.ticketmaster.com/predoors-patio-access-6pm-eve-6-austin-texas-04-16-2026/event/3A006458CA1DA0FC
Austin,TX,https://www.ticketmaster.com/john-cameron-mitchell-post-show-meet-austin-texas-08-05-2026/event/3A00645BAA53D1B8
Austin,TX,https://www.ticketmaster.com/predoors-patio-5pm-tiny-desk-contest-austin-texas-06-24-2026/event/3A006483C61A8E5D
Austin,TX,https://www.ticketmaster.com/predoors-patio-access-5pm-jutes-not-austin-texas-09-08-2026/event/3A006482D7EACE64
Austin,TX,https://www.ticketmaster.com/predoors-patio-access-6pm-culture-wars-austin-texas-10-24-2026/event/3A006482D91CD165
Nashville,TN,https://www.ticketweb.com/event/the-time-jumpers-3rd-and-lindsley-tickets/14093824
Nashville,TN,https://www.ticketweb.com/event/backstage-nashville-daytime-hit-songwriters-3rd-and-lindsley-tickets/14637543
Nashville,TN,https://www.ticketweb.com/event/the-time-jumpers-3rd-and-lindsley-tickets/14093924
Nashville,TN,https://www.ticketweb.com/event/backstage-nashville-daytime-hit-songwriters-3rd-and-lindsley-tickets/14637583
Nashville,TN,https://www.ticketweb.com/event/the-time-jumpers-3rd-and-lindsley-tickets/14093834
Nashville,TN,https://www.ticketweb.com/event/tribal-fest-nashville-toro-event-center-tickets/14116904
Nashville,TN,https://www.ticketweb.com/event/backstage-nashville-daytime-hit-songwriters-3rd-and-lindsley-tickets/14637813
Nashville,TN,https://www.ticketweb.com/event/the-time-jumpers-3rd-and-lindsley-tickets/14093894
Nashville,TN,https://www.ticketweb.com/event/backstage-nashville-daytime-hit-songwriters-3rd-and-lindsley-tickets/14637603
Nashville,TN,https://www.ticketweb.com/event/the-time-jumpers-3rd-and-lindsley-tickets/14093974
Nashville,TN,https://www.ticketweb.com/event/backstage-nashville-daytime-hit-songwriters-3rd-and-lindsley-tickets/14637513
Nashville,TN,https://www.ticketweb.com/event/the-time-jumpers-3rd-and-lindsley-tickets/14093884
Nashville,TN,https://www.ticketweb.com/event/backstage-nashville-daytime-hit-songwriters-3rd-and-lindsley-tickets/14637753
Nashville,TN,https://www.ticketweb.com/event/the-time-jumpers-3rd-and-lindsley-tickets/14093964
Nashville,TN,https://www.ticketweb.com/event/backstage-nashville-daytime-hit-songwriters-3rd-and-lindsley-tickets/14637713
Nashville,TN,https://www.ticketweb.com/event/the-time-jumpers-3rd-and-lindsley-tickets/14093954
Nashville,TN,https://www.ticketweb.com/event/backstage-nashville-daytime-hit-songwriters-3rd-and-lindsley-tickets/14637763
Nashville,TN,https://www.ticketweb.com/event/the-time-jumpers-3rd-and-lindsley-tickets/14094004
Nashville,TN,https://www.ticketweb.com/event/backstage-nashville-daytime-hit-songwriters-3rd-and-lindsley-tickets/14637523
Nashville,TN,https://www.ticketweb.com/event/the-time-jumpers-3rd-and-lindsley-tickets/14093944
Atlanta,GA,https://www.ticketmaster.com/event/Z7r9jZ1A7-NZb
Atlanta,GA,https://www.ticketmaster.com/event/Z7r9jZ1A7-NZ_
Atlanta,GA,https://www.ticketmaster.com/bixby-atlanta-georgia-06-17-2026/event/0E006459B8045839
Atlanta,GA,https://www.ticketmaster.com/prince-daddy-the-hyena-atlanta-georgia-05-10-2026/event/0E00642DB39D7AE1
Atlanta,GA,https://www.ticketmaster.com/midrift-atlanta-georgia-05-15-2026/event/0E006487EB78F7A3
Atlanta,GA,https://www.ticketmaster.com/bad-time-records-tour-2026-kill-atlanta-georgia-06-20-2026/event/0E006392AC558BA3
Atlanta,GA,https://www.ticketmaster.com/laura-jane-grace-band-atlanta-georgia-05-06-2026/event/0E006442E78C92A4
Atlanta,GA,https://www.ticketmaster.com/nitro-circus-20-lawrenceville-georgia-08-28-2026/event/0E0064829DC1BC81
Atlanta,GA,https://www.ticketmaster.com/ray-bull-please-stop-laughing-tour-atlanta-georgia-06-09-2026/event/0E006445D7D9BFF2
Atlanta,GA,https://www.ticketmaster.com/ritt-momney-atlanta-georgia-04-26-2026/event/0E00643EE3B4D138
Atlanta,GA,https://www.ticketmaster.com/foxtide-atlanta-georgia-04-28-2026/event/0E006429CD1884F3
Atlanta,GA,https://www.ticketmaster.com/voxtrot-atlanta-georgia-04-14-2026/event/0E006381DFAAB147
Atlanta,GA,https://www.ticketmaster.com/wallice-atlanta-georgia-04-18-2026/event/0E006375D7BEBF53
Atlanta,GA,https://www.ticketmaster.com/melrose-avenue-atlanta-georgia-04-15-2026/event/0E00633E9D5F2D0E
Atlanta,GA,https://www.ticketmaster.com/six-sex-atlanta-georgia-04-17-2026/event/0E00634BDA587783
Atlanta,GA,https://www.ticketmaster.com/haunt-me-atlanta-georgia-04-25-2026/event/0E00646B9F4F775A
Atlanta,GA,https://www.ticketmaster.com/return-to-dust-atlanta-georgia-04-24-2026/event/0E006452BC15F06D
Atlanta,GA,https://www.ticketmaster.com/little-miss-nasty-atlanta-georgia-04-27-2026/event/0E00642C01569078
Atlanta,GA,https://www.ticketmaster.com/red-hot-empty-atlanta-georgia-04-29-2026/event/0E006478D4E8CC14
Atlanta,GA,https://www.ticketmaster.com/computer-kill-torturetwinn-atlanta-georgia-04-30-2026/event/0E00644BD856A02B
Orlando,FL,https://www.ticketmaster.com/event/Z7r9jZ1A7js4s
Orlando,FL,https://www.ticketmaster.com/event/Z7r9jZ1A7jsCd
Orlando,FL,https://www.ticketmaster.com/event/Z7r9jZ1A7js8O
Orlando,FL,https://www.ticketmaster.com/event/Z7r9jZ1A7jspf
Orlando,FL,https://www.ticketmaster.com/event/Z7r9jZ1A7jsfp
Orlando,FL,https://www.ticketmaster.com/event/Z7r9jZ1A7jsp6
Orlando,FL,https://www.ticketmaster.com/event/Z7r9jZ1A7jsoo
Orlando,FL,https://www.ticketmaster.com/event/Z7r9jZ1A7jsuw
Orlando,FL,https://www.ticketmaster.com/event/Z7r9jZ1A7js4P
Orlando,FL,https://www.ticketmaster.com/event/Z7r9jZ1A7jsuK
Orlando,FL,https://www.ticketmaster.com/event/Z7r9jZ1A7jsok
Orlando,FL,https://www.ticketmaster.com/event/Z7r9jZ1A7jsu6
Orlando,FL,https://www.ticketmaster.com/event/Z7r9jZ1A7jsbP
Orlando,FL,https://www.ticketmaster.com/event/Z7r9jZ1A7jsby
Orlando,FL,https://www.ticketmaster.com/event/Z7r9jZ1A7js4y
Orlando,FL,https://www.ticketmaster.com/event/Z7r9jZ1A7jsp9
Orlando,FL,https://www.ticketmaster.com/event/Z7r9jZ1A7js4g
Orlando,FL,https://www.ticketmaster.com/event/Z7r9jZ1A7jsu7
Orlando,FL,https://www.ticketmaster.com/event/Z7r9jZ1A7js40
Orlando,FL,https://www.ticketmaster.com/event/Z7r9jZ1A7js8w
Austin,TX,https://www.ticketmaster.com/predoors-patio-access-5pm-bloodywood-not-austin-texas-04-29-2026/event/3A006435E7DDF84D
Austin,TX,https://www.ticketmaster.com/predoors-patio-access-6pm-elmiene-not-austin-texas-05-19-2026/event/3A006435E781F7E8
Austin,TX,https://www.ticketmaster.com/predoors-patio-access-6pm-jensen-mcrae-austin-texas-05-12-2026/event/3A006428D5F29DB1
Austin,TX,https://www.ticketmaster.com/predoors-patio-access-6pm-yebba-not-austin-texas-06-14-2026/event/3A006463E2DCE3E5
Austin,TX,https://www.ticketmaster.com/predoors-patio-6pm-thievery-corporation-not-austin-texas-06-17-2026/event/3A006466D02E5A32
Austin,TX,https://www.ticketmaster.com/predoors-patio-access-6pm-bahamas-not-austin-texas-11-21-2026/event/3A006466DAC18188
Austin,TX,https://www.ticketmaster.com/preshow-mg-addon-chris-mitchell-not-austin-texas-05-10-2026/event/3A00646B9F3F9232
Austin,TX,https://www.ticketmaster.com/bosco-vip-addon-not-a-concert-austin-texas-07-24-2026/event/3A006465B14CCB38
Austin,TX,https://www.ticketmaster.com/predoors-patio-access-5pm-jinjer-not-austin-texas-06-27-2026/event/3A00646CACC9B171
Austin,TX,https://www.ticketmaster.com/predoors-patio-access-630pm-buckethead-not-austin-texas-06-13-2026/event/3A00646CAB28AEFF
Austin,TX,https://www.ticketmaster.com/predoors-patio-access-6pm-mo-gilligan-austin-texas-04-25-2026/event/3A006332047B7855
Austin,TX,https://www.ticketmaster.com/predoors-patio-6pm-health-x-carpenter-austin-texas-05-05-2026/event/3A006332066078F3
Austin,TX,https://www.ticketmaster.com/predoors-patio-access-6pm-the-paper-austin-texas-05-01-2026/event/3A006339A79F6207
Austin,TX,https://www.ticketmaster.com/predoors-patio-access-6pm-benjamin-tod-austin-texas-04-21-2026/event/3A006365D6B7E53B
Austin,TX,https://www.ticketmaster.com/predoors-patio-access-6pm-two-feet-austin-texas-05-04-2026/event/3A00636DCF256C02
Austin,TX,https://www.ticketmaster.com/predoors-patio-access-6pm-wolfmother-not-austin-texas-06-07-2026/event/3A00635FD11FAD18
Austin,TX,https://www.ticketmaster.com/predoors-patio-access-6pm-chet-faker-austin-texas-05-15-2026/event/3A0063563D73D492
Austin,TX,https://www.ticketmaster.com/predoors-patio-access-6pm-boulet-brothers-austin-texas-04-28-2026/event/3A00639C0719A09D
Austin,TX,https://www.ticketmaster.com/arms-length-vip-experience-not-a-austin-texas-05-06-2026/event/3A006382E25AA753
Austin,TX,https://www.ticketmaster.com/predoors-patio-access-6pm-good-kid-austin-texas-04-27-2026/event/3A006381CF9A95C2
Nashville,TN,https://www.ticketweb.com/event/backstage-nashville-daytime-hit-songwriters-3rd-and-lindsley-tickets/14637663
Nashville,TN,https://www.ticketweb.com/event/the-time-jumpers-3rd-and-lindsley-tickets/14093914
Nashville,TN,https://www.ticketweb.com/event/backstage-nashville-daytime-hit-songwriters-3rd-and-lindsley-tickets/14637613
Nashville,TN,https://www.ticketmaster.com/amyl-and-the-sniffers-nashville-tennessee-10-06-2026/event/1B00646BB611F26A
Nashville,TN,https://www.ticketweb.com/event/the-time-jumpers-3rd-and-lindsley-tickets/14093994
Nashville,TN,https://www.ticketweb.com/event/backstage-nashville-daytime-hit-songwriters-3rd-and-lindsley-tickets/14637693
Nashville,TN,https://www.ticketweb.com/event/the-time-jumpers-3rd-and-lindsley-tickets/14093934
Nashville,TN,https://www.ticketmaster.com/the-neighbourhood-the-wourld-tour-nashville-tennessee-11-14-2026/event/1B00646BB8E7F668
Nashville,TN,https://www.ticketmaster.com/event/Z7r9jZ1A7-3uS
Nashville,TN,https://www.ticketmaster.com/daniel-sloss-bitter-brand-new-tour-nashville-tennessee-11-05-2026/event/1B00646CBEE9F2A4
Nashville,TN,https://www.ticketmaster.com/event/Z7r9jZ1A7-3us
Nashville,TN,https://www.ticketweb.com/event/brigitte-calls-me-baby-the-basement-tickets/14067344
Nashville,TN,https://www.ticketmaster.com/freya-skye-stars-align-tour-nashville-tennessee-10-05-2026/event/1B00646BC10915D3
Nashville,TN,https://www.ticketweb.com/event/john-robert-the-basement-tickets/14793203
Nashville,TN,https://www.ticketweb.com/event/jeffrey-martin-special-guest-the-basement-tickets/14080814
Nashville,TN,https://www.ticketweb.com/event/ga-20-jontavious-willis-the-basement-tickets/14171624
Nashville,TN,https://www.ticketweb.com/event/impediment-w-jason-shapiro-and-the-basement-tickets/14833633
Nashville,TN,https://www.ticketweb.com/event/cam-clark-his-orchestra-the-basement-tickets/14737473
Nashville,TN,https://www.ticketweb.com/event/new-faces-night-feat-the-basement-tickets/13983614
Nashville,TN,https://www.ticketweb.com/event/emma-zinck-w-bridgette-tatum-the-basement-tickets/14749893
Atlanta,GA,https://www.ticketmaster.com/emily-yacina-atlanta-georgia-05-02-2026/event/0E00642DA30D662F
Atlanta,GA,https://www.ticketmaster.com/soul-blind-atlanta-georgia-05-05-2026/event/0E006428D69E848B
Atlanta,GA,https://www.ticketmaster.com/sophia-stel-atlanta-georgia-05-04-2026/event/0E00643AC7BE90AC
Atlanta,GA,https://www.ticketmaster.com/jiluka-atlanta-georgia-05-09-2026/event/0E006436A78083B6
Atlanta,GA,https://www.ticketmaster.com/niko-rubio-atlanta-georgia-05-07-2026/event/0E00646BE8D1DB8E
Atlanta,GA,https://www.ticketmaster.com/grace-ives-atlanta-georgia-05-16-2026/event/0E006452F303AAF8
Atlanta,GA,https://www.ticketmaster.com/infected-rain-atlanta-georgia-05-12-2026/event/0E00638BA1119363
Atlanta,GA,https://www.ticketmaster.com/seahaven-atlanta-georgia-06-19-2026/event/0E006470FACFF681
Atlanta,GA,https://www.ticketmaster.com/by-storm-atlanta-georgia-05-13-2026/event/0E006442C21E73B3
Atlanta,GA,https://www.ticketmaster.com/arankai-the-portrait-tour-atlanta-georgia-05-19-2026/event/0E006451D85833B9
Atlanta,GA,https://www.ticketmaster.com/bug-hunter-the-narcissist-cookbook-jam-atlanta-georgia-06-30-2026/event/0E00644BD08D98AA
Atlanta,GA,https://www.ticketmaster.com/clejan-atlanta-georgia-05-22-2026/event/0E0064709BD372E0
Atlanta,GA,https://www.ticketmaster.com/snuffed-on-sight-atlanta-georgia-05-24-2026/event/0E00643AB5CA819C
Atlanta,GA,https://www.ticketmaster.com/solya-atlanta-georgia-05-27-2026/event/0E006391BAC785F3
Atlanta,GA,https://www.ticketmaster.com/andres-atlanta-georgia-05-30-2026/event/0E00646BD643C1D9
Atlanta,GA,https://www.ticketmaster.com/subhumans-atlanta-georgia-06-25-2026/event/0E00647AD191E2A9
Atlanta,GA,https://www.ticketmaster.com/if-not-for-me-colorblind-windwaker-atlanta-georgia-06-03-2026/event/0E0064620077ED80
Atlanta,GA,https://www.ticketmaster.com/man-man-atlanta-georgia-07-08-2026/event/0E00647ABD74C511
Atlanta,GA,https://www.ticketmaster.com/brendan-lane-atlanta-georgia-06-10-2026/event/0E00648898DA87BC
Atlanta,GA,https://www.ticketmaster.com/himalayas-atlanta-georgia-06-11-2026/event/0E006470A58881EF
Orlando,FL,https://www.ticketmaster.com/event/Z7r9jZ1A7js_f
Orlando,FL,https://www.ticketmaster.com/event/Z7r9jZ1A7jsb0
Orlando,FL,https://www.ticketmaster.com/event/Z7r9jZ1A7jsf0
Orlando,FL,https://www.ticketmaster.com/event/Z7r9jZ1A7jsoe
Orlando,FL,https://www.ticketmaster.com/event/Z7r9jZ1A7js_U
Orlando,FL,https://www.ticketmaster.com/event/Z7r9jZ1A7jsu3
Orlando,FL,https://www.ticketmaster.com/event/Z7r9jZ1A7js_N
Orlando,FL,https://www.ticketmaster.com/event/Z7r9jZ1A7jsu-
Orlando,FL,https://www.ticketmaster.com/event/Z7r9jZ1A7jsCo
Orlando,FL,https://www.ticketmaster.com/event/Z7r9jZ1A7jsfk
Orlando,FL,https://www.ticketmaster.com/event/Z7r9jZ1A7js8F
Orlando,FL,https://www.ticketmaster.com/event/Z7r9jZ1A7js_-
Orlando,FL,https://www.ticketmaster.com/event/Z7r9jZ1A7js4N
Orlando,FL,https://www.ticketmaster.com/event/Z7r9jZ1A7jsCK
Orlando,FL,https://www.ticketmaster.com/event/Z7r9jZ1A7js4b
Orlando,FL,https://www.ticketmaster.com/event/Z7r9jZ1A7jspv
Orlando,FL,https://www.ticketmaster.com/event/Z7r9jZ1A7js4M
Orlando,FL,https://www.ticketmaster.com/event/Z7r9jZ1A7js83
Orlando,FL,https://www.ticketmaster.com/event/Z7r9jZ1A7js3Z
Orlando,FL,https://www.ticketmaster.com/event/Z7r9jZ1A7js3v
Austin,TX,https://www.ticketmaster.com/predoors-patio-access-6pm-the-academy-austin-texas-04-24-2026/event/3A006381C8238CE9
Austin,TX,https://www.ticketmaster.com/predoors-patio-access-6pm-chance-pena-austin-texas-07-31-2026/event/3A006381C93F8E06
Austin,TX,https://www.ticketmaster.com/predoors-patio-access-5pm-bethel-music-austin-texas-04-30-2026/event/3A00638BD25A9F7E
Austin,TX,https://www.ticketmaster.com/predoors-patio-access-530pm-gwar-not-austin-texas-04-23-2026/event/3A006385A7AE875C
Austin,TX,https://www.ticketmaster.com/predoors-patio-access-5pm-arms-length-austin-texas-05-06-2026/event/3A0063859D297D92
Austin,TX,https://www.ticketmaster.com/event/Z7r9jZ1A7OtA6
Austin,TX,https://www.ticketmaster.com/event/Z7r9jZ1A7OtAF
Austin,TX,https://www.ticketmaster.com/event/Z7r9jZ1A7OtAa
Austin,TX,https://www.ticketmaster.com/event/Z7r9jZ1A7OtAk
Austin,TX,https://www.ticketmaster.com/event/Z7r9jZ1A7Q7u7
Austin,TX,https://www.ticketmaster.com/event/Z7r9jZ1A7Q7uA
Austin,TX,https://www.ticketmaster.com/event/Z7r9jZ1A7Q7ud
Austin,TX,https://www.ticketmaster.com/event/Z7r9jZ1A7Q7uk
Austin,TX,https://www.ticketmaster.com/event/Z7r9jZ1A7QA4-
Austin,TX,https://www.ticketmaster.com/event/Z7r9jZ1A7QA40
Austin,TX,https://www.ticketmaster.com/event/Z7r9jZ1A7QA43
Austin,TX,https://www.ticketmaster.com/event/Z7r9jZ1A7QA44
Austin,TX,https://www.ticketmaster.com/event/Z7r9jZ1A7QA46
Austin,TX,https://www.ticketmaster.com/event/Z7r9jZ1A7QA47
Austin,TX,https://www.ticketmaster.com/event/Z7r9jZ1A7QA48
Nashville,TN,https://www.ticketweb.com/event/the-floating-men-the-basement-tickets/14786033
Nashville,TN,https://www.ticketweb.com/event/tom-hamilton-band-from-joe-the-basement-tickets/14153444
Nashville,TN,https://www.ticketweb.com/event/free-show-scott-pryor-and-the-basement-tickets/14176054
Nashville,TN,https://www.ticketweb.com/event/connor-kelly-the-time-the-basement-tickets/14839223
Nashville,TN,https://www.ticketweb.com/event/garrett-boys-w-austin-jenckes-the-basement-tickets/14795643
Nashville,TN,https://www.ticketweb.com/event/still-moves-oliver-sayani-the-basement-tickets/14115854
Nashville,TN,https://www.ticketweb.com/event/virga-the-basement-tickets/14181024
Nashville,TN,https://www.ticketweb.com/event/abby-powledge-w-bridey-costello-the-basement-tickets/14179624
Nashville,TN,https://www.ticketweb.com/event/couch-dog-w-morbid-orchid-the-basement-tickets/14724423
Nashville,TN,https://www.ticketweb.com/event/jeer-sour-tooth-celltower-and-the-basement-tickets/14751663
Nashville,TN,https://www.ticketweb.com/event/new-faces-night-feat-the-basement-tickets/13983524
Nashville,TN,https://www.ticketweb.com/event/deaf-andrews-w-under-high-the-basement-tickets/14175954
Nashville,TN,https://www.ticketweb.com/event/georgia-parker-w-your-friend-the-basement-tickets/14744113
Nashville,TN,https://www.ticketweb.com/event/down-to-the-basement-celebrating-the-basement-tickets/14836913
Nashville,TN,https://www.ticketweb.com/event/victor-jones-the-construct-tour-the-basement-tickets/14077614
Nashville,TN,https://www.ticketweb.com/event/nicholas-jamerson-the-basement-tickets/14124844
Nashville,TN,https://www.ticketweb.com/event/ryan-cooper-album-the-basement-tickets/14142934
Nashville,TN,https://www.ticketweb.com/event/jacob-augustine-w-lawndry-the-basement-tickets/14828353
Nashville,TN,https://www.ticketweb.com/event/reptilian-w-voltage-hawk-the-basement-tickets/14792293
Nashville,TN,https://www.ticketweb.com/event/the-beau-burnette-show-the-basement-tickets/14816643
Atlanta,GA,https://www.ticketmaster.com/daisy-grenade-atlanta-georgia-06-12-2026/event/0E00642DEDA19D79
Atlanta,GA,https://www.ticketmaster.com/sace6-atlanta-georgia-06-16-2026/event/0E00646DEC9BE115
Atlanta,GA,https://www.ticketmaster.com/haiden-henderson-atlanta-georgia-06-18-2026/event/0E0064693F834E84
Atlanta,GA,https://www.ticketmaster.com/worm-total-possession-of-america-atlanta-georgia-06-26-2026/event/0E006471E182C2C1
Atlanta,GA,https://www.ticketmaster.com/the-body-big-brave-atlanta-georgia-08-04-2026/event/0E006486CCDFC4A3
Atlanta,GA,https://www.ticketmaster.com/nirvani-nirvana-tribute-atlanta-georgia-08-08-2026/event/0E00647AE489FD51
Atlanta,GA,https://www.ticketmaster.com/cheekface-w-special-guest-catbite-atlanta-georgia-09-06-2026/event/0E006474EB8B47E9
Atlanta,GA,https://www.ticketmaster.com/meltt-atlanta-georgia-09-04-2026/event/0E006486C668BAD9
Atlanta,GA,https://www.ticketmaster.com/emo-nite-18-atlanta-georgia-05-08-2026/event/0E006462EC90DCFB
Atlanta,GA,https://www.ticketmaster.com/alabama-shakes-atlanta-georgia-04-24-2026/event/0E00638987A14C31
Atlanta,GA,https://www.ticketmaster.com/tlc-saltnpepa-with-en-vogue-its-atlanta-georgia-10-02-2026/event/0E006471A73E82C7
Atlanta,GA,https://www.ticketmaster.com/empire-of-the-sun-ask-that-alpharetta-georgia-09-13-2026/event/0E006466AAAEAAE3
Atlanta,GA,https://www.ticketmaster.com/margaritaville-presents-jimmy-buffetts-coral-reefer-atlanta-georgia-07-18-2026/event/0E006470A5188178
Atlanta,GA,https://www.ticketmaster.com/harry-connick-jr-atlanta-georgia-07-11-2026/event/0E006462C1F8AFE1
Atlanta,GA,https://www.ticketmaster.com/leanna-firestone-with-special-guest-abby-atlanta-georgia-06-19-2026/event/0E0064639B028A7C
Atlanta,GA,https://www.ticketmaster.com/big-joanie-atlanta-georgia-05-14-2027/event/0E005D8CBFD79AF1
Atlanta,GA,https://www.ticketmaster.com/jon-batiste-with-atlanta-pops-orchestra-atlanta-georgia-04-25-2026/event/0E00644CA7CAB30E
Atlanta,GA,https://www.ticketmaster.com/2026-cricket-meacswac-challenge-atlanta-georgia-08-29-2026/event/0E00647ACB2DD9AF
Atlanta,GA,https://www.ticketmaster.com/yungblud-idols-the-world-tour-atlanta-georgia-06-13-2026/event/0E006341CD0D5DA1
Atlanta,GA,https://www.ticketmaster.com/john-mellencamp-dancing-words-tour-the-alpharetta-georgia-08-01-2026/event/0E006429A6736840
Orlando,FL,https://www.ticketmaster.com/event/Z7r9jZ1A7js4Z
Orlando,FL,https://www.ticketmaster.com/event/Z7r9jZ1A7jsov
Orlando,FL,https://www.ticketmaster.com/event/Z7r9jZ1A7jsbI
Orlando,FL,https://www.ticketmaster.com/event/Z7r9jZ1A7jsfV
Orlando,FL,https://www.ticketmaster.com/event/Z7r9jZ1A7js8I
Orlando,FL,https://www.ticketmaster.com/event/Z7r9jZ1A7js_M
Orlando,FL,https://www.ticketmaster.com/event/Z7r9jZ1A7js37
Orlando,FL,https://www.ticketmaster.com/event/Z7r9jZ1A7jsfY
Orlando,FL,https://www.ticketmaster.com/event/Z7r9jZ1A7jsfg
Orlando,FL,https://www.ticketmaster.com/event/Z7r9jZ1A7jsoZ
Orlando,FL,https://www.ticketmaster.com/event/Z7r9jZ1A7js8U
Orlando,FL,https://www.ticketmaster.com/event/Z7r9jZ1A7jsod
Orlando,FL,https://www.ticketmaster.com/event/Z7r9jZ1A7jsbY
Orlando,FL,https://www.ticketmaster.com/event/Z7r9jZ1A7jsuP
Orlando,FL,https://www.ticketmaster.com/event/Z7r9jZ1A7js8Y
Orlando,FL,https://www.ticketmaster.com/event/Z7r9jZ1A7js8z
Orlando,FL,https://www.ticketmaster.com/event/Z7r9jZ1A7js8f
Orlando,FL,https://www.ticketmaster.com/event/Z7r9jZ1A7jsCa
Orlando,FL,https://www.ticketmaster.com/event/Z7r9jZ1A7jso6
Orlando,FL,https://www.ticketmaster.com/event/Z7r9jZ1A7jsua
Austin,TX,https://www.ticketmaster.com/event/Z7r9jZ1A7QA49
Austin,TX,https://www.ticketmaster.com/event/Z7r9jZ1A7QA4A
Austin,TX,https://www.ticketmaster.com/event/Z7r9jZ1A7QA4E
Austin,TX,https://www.ticketmaster.com/event/Z7r9jZ1A7QA4F
Austin,TX,https://www.ticketmaster.com/event/Z7r9jZ1A7QA4I
Austin,TX,https://www.ticketmaster.com/event/Z7r9jZ1A7QA4J
Austin,TX,https://www.ticketmaster.com/event/Z7r9jZ1A7QA4K
Austin,TX,https://www.ticketmaster.com/event/Z7r9jZ1A7QA4N
Austin,TX,https://www.ticketmaster.com/event/Z7r9jZ1A7QA4O
Austin,TX,https://www.ticketmaster.com/event/Z7r9jZ1A7QA4P
Austin,TX,https://www.ticketmaster.com/event/Z7r9jZ1A7QA4Z
Austin,TX,https://www.ticketmaster.com/event/Z7r9jZ1A7QA4_
Austin,TX,https://www.ticketmaster.com/event/Z7r9jZ1A7QA4a
Austin,TX,https://www.ticketmaster.com/event/Z7r9jZ1A7QA4b
Austin,TX,https://www.ticketmaster.com/event/Z7r9jZ1A7QA4d
Austin,TX,https://www.ticketmaster.com/event/Z7r9jZ1A7QA4e
Austin,TX,https://www.ticketmaster.com/event/Z7r9jZ1A7QA4f
Austin,TX,https://www.ticketmaster.com/event/Z7r9jZ1A7QA4k
Austin,TX,https://www.ticketmaster.com/event/Z7r9jZ1A7QA4o
Austin,TX,https://www.ticketmaster.com/event/Z7r9jZ1A7QA4p
Nashville,TN,https://www.ticketweb.com/event/new-faces-night-feat-the-basement-tickets/13983304
Nashville,TN,https://www.ticketweb.com/event/wes-parker-w-eva-cassel-the-basement-tickets/14127104
Nashville,TN,https://www.ticketweb.com/event/kassi-valazza-nikki-barber-the-basement-tickets/14799723
Nashville,TN,https://www.ticketweb.com/event/anthony-da-costa-the-basement-tickets/14737613
Nashville,TN,https://www.ticketweb.com/event/slap-dragon-the-basement-tickets/14763493
Nashville,TN,https://www.ticketweb.com/event/new-faces-night-feat-the-basement-tickets/13983654
Nashville,TN,https://www.ticketweb.com/event/saints-of-saturn-w-moondance-the-basement-tickets/14828983
Nashville,TN,https://www.ticketweb.com/event/fabrizio-hannah-marie-kelley-the-basement-tickets/14077494
Nashville,TN,https://www.ticketweb.com/event/certainly-so-w-materializer-the-basement-tickets/14790073
Nashville,TN,https://www.ticketweb.com/event/theo-kandel-w-kate-stephenson-the-basement-tickets/14122204
Nashville,TN,https://www.ticketweb.com/event/new-faces-night-feat-the-basement-tickets/13983174
Nashville,TN,https://www.ticketweb.com/event/zoe-cummins-album-the-basement-tickets/14817443
Nashville,TN,https://www.ticketweb.com/event/glom-w-buffchick-the-basement-tickets/14734923
Nashville,TN,https://www.ticketweb.com/event/orca-the-basement-tickets/14087984
Nashville,TN,https://www.ticketweb.com/event/new-faces-night-feat-the-basement-tickets/13983384
Nashville,TN,https://www.ticketweb.com/event/andrew-martinez-w-nick-folwarczny-the-basement-tickets/14836953
Nashville,TN,https://www.ticketweb.com/event/proud-highway-the-basement-tickets/14810053
Nashville,TN,https://www.ticketweb.com/event/frail-talk-emily-hines-the-basement-tickets/14762263
Nashville,TN,https://www.ticketweb.com/event/the-beau-burnette-show-the-basement-tickets/14816653
Nashville,TN,https://www.ticketweb.com/event/new-faces-night-feat-the-basement-tickets/13983594
Atlanta,GA,https://www.ticketmaster.com/dorian-electra-atlanta-georgia-06-17-2026/event/0E00647ED05CD059
Atlanta,GA,https://www.ticketmaster.com/event/Z7r9jZ1A7Qvv3
Atlanta,GA,https://www.ticketmaster.com/coma-cinema-trace-mountains-atlanta-georgia-04-28-2026/event/0E0063738FED77E6
Atlanta,GA,https://www.ticketmaster.com/faetooth-atlanta-georgia/event/0E006425F6F48734
Atlanta,GA,https://www.ticketmaster.com/the-supervillains-atlanta-georgia/event/0E006282DF1A53B0
Atlanta,GA,https://www.ticketmaster.com/event/Z7r9jZ1A7-P0v
Atlanta,GA,https://www.ticketmaster.com/clarion-blue-fairy-tour-atlanta-georgia-04-25-2026/event/0E006390DD7DA101
Atlanta,GA,https://www.ticketmaster.com/lip-critic-atlanta-georgia-06-20-2026/event/0E006444E56AA069
Atlanta,GA,https://www.ticketmaster.com/guilt-trip-malevolence-atlanta-georgia-04-14-2026/event/0E00643EFAFDE692
Atlanta,GA,https://www.ticketmaster.com/wicca-phase-springs-eternal-atlanta-georgia-04-29-2026/event/0E00645AC8FFE1EE
Atlanta,GA,https://www.ticketmaster.com/never-ending-fall-atlanta-georgia-04-18-2026/event/0E006383EFE3DD20
Atlanta,GA,https://www.ticketmaster.com/gatlin-atlanta-georgia-04-24-2026/event/0E006388FC29BD70
Atlanta,GA,https://www.ticketmaster.com/keep-flying-atlanta-georgia-05-04-2026/event/0E006471E841C83E
Atlanta,GA,https://www.ticketmaster.com/kaydelis-atlanta-georgia-04-16-2026/event/0E00646DE1C9D5C2
Atlanta,GA,https://www.ticketmaster.com/rec-hall-atlanta-georgia-04-17-2026/event/0E006363D1837EA3
Atlanta,GA,https://www.ticketmaster.com/volterra-atlanta-georgia-04-19-2026/event/0E00646DD227C166
Atlanta,GA,https://www.ticketmaster.com/nite-atlanta-georgia-05-30-2026/event/0E00638BBC48ABF1
Atlanta,GA,https://www.ticketmaster.com/princesss-atlanta-georgia-04-23-2026/event/0E006472C31AB1D8
Atlanta,GA,https://www.ticketmaster.com/push-up-masq-intern-showcase-atlanta-georgia-04-26-2026/event/0E00646BE284D3B3
Atlanta,GA,https://www.ticketmaster.com/sessa-atlanta-georgia-05-05-2026/event/0E00635DFF379D07
Orlando,FL,https://www.ticketmaster.com/event/Z7r9jZ1A7js3F
Orlando,FL,https://www.ticketmaster.com/event/Z7r9jZ1A7js8A
Orlando,FL,https://www.ticketmaster.com/event/Z7r9jZ1A7jsbK
Orlando,FL,https://www.ticketmaster.com/event/Z7r9jZ1A7jsbg
Orlando,FL,https://www.ticketmaster.com/event/Z7r9jZ1A7js3o
Orlando,FL,https://www.ticketmaster.com/event/Z7r9jZ1A7jsf3
Orlando,FL,https://www.ticketmaster.com/event/Z7r9jZ1A7jsfP
Orlando,FL,https://www.ticketmaster.com/event/Z7r9jZ1A7jsoa
Orlando,FL,https://www.ticketmaster.com/event/Z7r9jZ1A7js_v
Orlando,FL,https://www.ticketmaster.com/event/Z7r9jZ1A7jsos
Orlando,FL,https://www.ticketmaster.com/event/Z7r9jZ1A7js8d
Orlando,FL,https://www.ticketmaster.com/event/Z7r9jZ1A7jsu0
Orlando,FL,https://www.ticketmaster.com/event/Z7r9jZ1A7js8S
Orlando,FL,https://www.ticketmaster.com/event/Z7r9jZ1A7js_o
Orlando,FL,https://www.ticketmaster.com/event/Z7r9jZ1A7js_S
Orlando,FL,https://www.ticketmaster.com/event/Z7r9jZ1A7jsfv
Orlando,FL,https://www.ticketmaster.com/event/Z7r9jZ1A7js8v
Orlando,FL,https://www.ticketmaster.com/event/Z7r9jZ1A7jsf-
Orlando,FL,https://www.ticketmaster.com/event/Z7r9jZ1A7js4o
Orlando,FL,https://www.ticketmaster.com/event/Z7r9jZ1A7js_p
Austin,TX,https://www.ticketmaster.com/event/Z7r9jZ1A7QA4v
Austin,TX,https://www.ticketmaster.com/event/Z7r9jZ1A7QA4x
Austin,TX,https://www.ticketmaster.com/event/Z7r9jZ1A7QAfy
Austin,TX,https://www.ticketmaster.com/event/Z7r9jZ1A7QAfz
Austin,TX,https://www.ticketweb.com/event/the-capable-book-tour-featuring-lake-hills-church-tickets/14107354
Austin,TX,https://www.ticketmaster.com/upgraded-parking-willie-nelson-austin-texas-07-04-2026/event/3A006472813B4457
Austin,TX,https://www.ticketmaster.com/upgraded-parking-dirty-heads-austin-texas-08-22-2026/event/3A006471C9B5CBC2
Austin,TX,https://www.ticketmaster.com/lawn-chair-rental-kali-uchis-austin-texas-06-19-2026/event/3A006479CF1EF5BC
Austin,TX,https://www.ticketmaster.com/lawn-chair-rental-muse-austin-texas-08-15-2026/event/3A006479CFA0F69C
Austin,TX,https://www.ticketmaster.com/lawn-chair-rental-babymetal-austin-texas-09-26-2026/event/3A006479D09BF82E
Austin,TX,https://www.ticketmaster.com/fast-lane-access-babymetal-austin-texas-09-26-2026/event/3A006479CE4EF3D7
Austin,TX,https://www.ticketmaster.com/fast-lane-access-kali-uchis-austin-texas-06-19-2026/event/3A006479CCD5F104
Austin,TX,https://www.ticketmaster.com/fast-lane-access-muse-austin-texas-08-15-2026/event/3A006479CDA2F2D0
Austin,TX,https://www.ticketmaster.com/upgraded-parking-babymetal-austin-texas-09-26-2026/event/3A006474C7BCFA7A
Austin,TX,https://www.ticketmaster.com/lawn-chair-rental-dirty-heads-and-austin-texas-08-22-2026/event/3A006474ED418289
Austin,TX,https://www.ticketmaster.com/lawn-chair-rental-kesha-austin-texas-08-09-2026/event/3A006474EC927FFA
Austin,TX,https://www.ticketmaster.com/lawn-chair-rental-willie-nelson-austin-texas-07-04-2026/event/3A006474EBCB7CF9
Austin,TX,https://www.ticketmaster.com/fast-lane-access-dirty-heads-and-austin-texas-08-22-2026/event/3A006474EACE79DE
Austin,TX,https://www.ticketmaster.com/fast-lane-access-kesha-austin-texas-08-09-2026/event/3A006474EA077727
Austin,TX,https://www.ticketmaster.com/fast-lane-access-willie-nelson-austin-texas-07-04-2026/event/3A006474E96174B5
Nashville,TN,https://www.ticketweb.com/event/coey-redd-the-basement-tickets/14834033
Nashville,TN,https://www.ticketweb.com/event/nathan-evans-fox-w-stephanie-the-basement-tickets/14189744
Nashville,TN,https://www.ticketweb.com/event/fungkshui-womcat-the-basement-tickets/14797213
Nashville,TN,https://www.ticketweb.com/event/new-faces-night-feat-the-basement-tickets/13983394
Nashville,TN,https://www.ticketweb.com/event/lunalay-w-saint-lavender-the-basement-tickets/14832603
Nashville,TN,https://www.ticketweb.com/event/new-faces-night-feat-the-basement-tickets/13983254
Nashville,TN,https://www.ticketweb.com/event/billy-king-and-the-bad-the-basement-tickets/14828333
Nashville,TN,https://www.ticketweb.com/event/syd-taylor-the-basement-tickets/14822593
Nashville,TN,https://www.ticketweb.com/event/the-animeros-the-basement-tickets/14814113
Nashville,TN,https://www.ticketweb.com/event/new-faces-night-feat-the-basement-tickets/13983264
Nashville,TN,https://www.ticketweb.com/event/laid-back-country-picker-the-basement-tickets/14815343
Nashville,TN,https://www.ticketweb.com/event/the-snares-the-basement-tickets/14763693
Nashville,TN,https://www.ticketweb.com/event/jess-ray-bless-the-basement-tickets/14814023
Nashville,TN,https://www.ticketweb.com/event/noah-smiths-deadly-swift-the-basement-tickets/14143044
Nashville,TN,https://www.ticketweb.com/event/jeff-bearcat-bunch-w-wsgcass-the-basement-tickets/14789483
Nashville,TN,https://www.ticketweb.com/event/new-faces-night-feat-the-basement-tickets/13983344
Nashville,TN,https://www.ticketweb.com/event/the-beau-burnette-show-the-basement-tickets/14816673
Nashville,TN,https://www.ticketweb.com/event/new-faces-night-feat-the-basement-tickets/13983474
Nashville,TN,https://www.ticketweb.com/event/jack-mckeon-album-the-basement-tickets/14823263
Nashville,TN,https://www.ticketweb.com/event/new-faces-night-feat-the-basement-tickets/13983494
Atlanta,GA,https://www.ticketmaster.com/mietze-conte-atlanta-georgia-05-06-2026/event/0E006459B029321C
Atlanta,GA,https://www.ticketmaster.com/gelli-haha-where-in-the-world-atlanta-georgia-05-07-2026/event/0E006430AFFC86F3
Atlanta,GA,https://www.ticketmaster.com/raue-w-olive-vox-atlanta-georgia-05-10-2026/event/0E00647FE1115B26
Atlanta,GA,https://www.ticketmaster.com/buffchick-atlanta-georgia-05-12-2026/event/0E006457DA5DE5A2
Atlanta,GA,https://www.ticketmaster.com/grant-knoche-glgom-tour-atlanta-georgia-05-14-2026/event/0E00645ADF950D94
Atlanta,GA,https://www.ticketmaster.com/the-spooklights-atlanta-georgia-05-16-2026/event/0E00646CDF75C26E
Atlanta,GA,https://www.ticketmaster.com/liquid-mike-pony-atlanta-georgia-05-22-2026/event/0E006472D388C5EA
Atlanta,GA,https://www.ticketmaster.com/racing-mount-pleasant-moved-to-terminal-atlanta-georgia-05-27-2026/event/0E006445BD87A463
Atlanta,GA,https://www.ticketmaster.com/bad-cop-bad-cop-atlanta-georgia-06-10-2026/event/0E006483CB2824EB
Atlanta,GA,https://www.ticketmaster.com/the-sonder-bombs-atlanta-georgia-06-12-2026/event/0E00646BEF55E29B
Atlanta,GA,https://www.ticketmaster.com/vacation-manor-atlanta-georgia-06-18-2026/event/0E006486EB7FEA94
Atlanta,GA,https://www.ticketmaster.com/ally-nicholas-atlanta-georgia-06-16-2026/event/0E00647AB41DB556
Atlanta,GA,https://www.ticketmaster.com/born-without-bones-atlanta-georgia-07-24-2026/event/0E006463D22BE80A
Atlanta,GA,https://www.ticketmaster.com/hayden-pedigo-atlanta-georgia-09-23-2026/event/0E0062C49ACE1C01
Atlanta,GA,https://www.ticketmaster.com/sincere-engineer-the-probable-claws-tour-atlanta-georgia-08-28-2026/event/0E006477DD04D2D5
Atlanta,GA,https://www.ticketmaster.com/dua-saleh-atlanta-georgia-09-06-2026/event/0E00646DBB209F66
Atlanta,GA,https://www.ticketmaster.com/event/Z7r9jZ1A7OUOO
Atlanta,GA,https://www.ticketmaster.com/event/Z7r9jZ1A7Ow39
Atlanta,GA,https://www.ticketmaster.com/event/Z7r9jZ1A7-4P6
Atlanta,GA,https://www.ticketmaster.com/event/Z7r9jZ1A7-4PF
Orlando,FL,https://www.ticketmaster.com/event/Z7r9jZ1A7js8b
Orlando,FL,https://www.ticketmaster.com/event/Z7r9jZ1A7jsp4
Orlando,FL,https://www.ticketmaster.com/event/Z7r9jZ1A7jsbd
Orlando,FL,https://www.ticketmaster.com/event/Z7r9jZ1A7jsf_
Orlando,FL,https://www.ticketmaster.com/event/Z7r9jZ1A7jsb8
Orlando,FL,https://www.ticketmaster.com/event/Z7r9jZ1A7jsut
Orlando,FL,https://www.ticketmaster.com/event/Z7r9jZ1A7jsCe
Orlando,FL,https://www.ticketmaster.com/event/Z7r9jZ1A7js_I
Orlando,FL,https://www.ticketmaster.com/event/Z7r9jZ1A7js8Z
Orlando,FL,https://www.ticketmaster.com/event/Z7r9jZ1A7jsfy
Orlando,FL,https://www.ticketmaster.com/event/Z7r9jZ1A7js4V
Orlando,FL,https://www.ticketmaster.com/event/Z7r9jZ1A7js80
Orlando,FL,https://www.ticketmaster.com/event/Z7r9jZ1A7js3k
Orlando,FL,https://www.ticketmaster.com/event/Z7r9jZ1A7js4K
Orlando,FL,https://www.ticketmaster.com/event/Z7r9jZ1A7js4a
Orlando,FL,https://www.ticketmaster.com/event/Z7r9jZ1A7jsow
Orlando,FL,https://www.ticketmaster.com/event/Z7r9jZ1A7js3e
Orlando,FL,https://www.ticketmaster.com/event/Z7r9jZ1A7js4I
Orlando,FL,https://www.ticketmaster.com/event/Z7r9jZ1A7js8g
Orlando,FL,https://www.ticketmaster.com/event/Z7r9jZ1A7jsfI
Austin,TX,https://www.ticketmaster.com/upgraded-parking-kali-uchis-austin-texas-06-19-2026/event/3A00647809932BC2
Austin,TX,https://www.ticketmaster.com/upgraded-parking-uicideboy-austin-texas-10-13-2026/event/3A00647BC99013F9
Austin,TX,https://www.ticketmaster.com/fast-lane-access-uicideboy-austin-texas-10-13-2026/event/3A00647F88C85D5B
Austin,TX,https://www.ticketmaster.com/upgraded-parking-kesha-austin-texas-08-09-2026/event/3A006470E20CF09C
Austin,TX,https://www.ticketmaster.com/upgraded-parking-muse-austin-texas-08-15-2026/event/3A0064779D566D8B
Austin,TX,https://www.ticketmaster.com/upgraded-parking-hilary-duff-austin-texas-06-28-2026/event/3A0064458E9F85F1
Austin,TX,https://www.ticketmaster.com/fast-lane-access-kid-cudi-austin-texas-05-01-2026/event/3A006459843FC498
Austin,TX,https://www.ticketmaster.com/fast-lane-access-mgk-austin-texas-05-22-2026/event/3A0064598528C7B8
Austin,TX,https://www.ticketmaster.com/fast-lane-access-godsmack-austin-texas-05-29-2026/event/3A006459866ACBF4
Austin,TX,https://www.ticketmaster.com/upgraded-parking-zeds-dead-austin-texas-09-11-2026/event/3A0064578977898B
Austin,TX,https://www.ticketmaster.com/big-boi-vip-upgrade-experience-no-austin-texas-05-01-2026/event/3A00643D16D482FE
Austin,TX,https://www.ticketmaster.com/upgraded-parking-motionless-in-white-austin-texas-07-26-2026/event/3A00643AC1F7C956
Austin,TX,https://www.ticketmaster.com/upgraded-parking-godsmack-austin-texas-05-29-2026/event/3A00643588516A5F
Austin,TX,https://www.ticketmaster.com/upgraded-parking-five-finger-death-punch-austin-texas-09-28-2026/event/3A0064268E454567
Austin,TX,https://www.ticketmaster.com/upgraded-parking-kid-cudi-austin-texas-05-01-2026/event/3A00642F82D478AA
Austin,TX,https://www.ticketmaster.com/fast-lane-access-toto-austin-texas-08-08-2026/event/3A006462A11C8F47
Austin,TX,https://www.ticketmaster.com/fast-lane-access-jack-johnson-austin-texas-08-29-2026/event/3A006462A1DA9088
Austin,TX,https://www.ticketmaster.com/fast-lane-access-hilary-duff-austin-texas-06-28-2026/event/3A0064629F298C2F
Austin,TX,https://www.ticketmaster.com/fast-lane-access-motionless-in-white-austin-texas-07-26-2026/event/3A0064629FCF8D8B
Austin,TX,https://www.ticketmaster.com/fast-lane-access-five-finger-death-austin-texas-09-28-2026/event/3A006462A3429287
Nashville,TN,https://www.ticketweb.com/event/new-faces-night-feat-the-basement-tickets/13983314
Nashville,TN,https://www.ticketweb.com/event/new-faces-night-feat-the-basement-tickets/13983444
Nashville,TN,https://www.ticketweb.com/event/shebad-the-basement-tickets/14829683
Nashville,TN,https://www.ticketweb.com/event/new-faces-night-feat-the-basement-tickets/13983644
Nashville,TN,https://www.ticketweb.com/event/boomstick-w-los-ojos-muertos-the-basement-tickets/14756723
Nashville,TN,https://www.ticketweb.com/event/new-faces-night-feat-the-basement-tickets/13983624
Nashville,TN,https://www.ticketweb.com/event/new-faces-night-feat-the-basement-tickets/13983634
Nashville,TN,https://www.ticketweb.com/event/new-faces-night-feat-the-basement-tickets/13983324
Nashville,TN,https://www.ticketweb.com/event/new-faces-night-feat-the-basement-tickets/13983584
Nashville,TN,https://www.ticketweb.com/event/soft-palms-the-basement-tickets/14798343
Nashville,TN,https://www.ticketweb.com/event/new-faces-night-feat-the-basement-tickets/13983434
Nashville,TN,https://www.ticketweb.com/event/new-faces-night-feat-the-basement-tickets/13983514
Nashville,TN,https://www.ticketweb.com/event/new-faces-night-feat-the-basement-tickets/13983354
Nashville,TN,https://www.ticketweb.com/event/new-faces-night-feat-the-basement-tickets/13983374
Nashville,TN,https://www.ticketweb.com/event/new-faces-night-feat-the-basement-tickets/13983544
Nashville,TN,https://www.ticketweb.com/event/new-faces-night-feat-the-basement-tickets/13983664
Nashville,TN,https://www.ticketweb.com/event/new-faces-night-feat-the-basement-tickets/13983234
Nashville,TN,https://www.ticketweb.com/event/new-faces-night-feat-the-basement-tickets/13983364
Nashville,TN,https://www.ticketweb.com/event/new-faces-night-feat-the-basement-tickets/13983534
Nashville,TN,https://www.ticketweb.com/event/new-faces-night-feat-the-basement-tickets/13983414
Atlanta,GA,https://www.ticketmaster.com/event/Z7r9jZ1A7-4Pa
Atlanta,GA,https://www.ticketmaster.com/event/Z7r9jZ1A7-4P8
Atlanta,GA,https://www.ticketmaster.com/event/Z7r9jZ1A7-4Po
Atlanta,GA,https://www.ticketmaster.com/event/Z7r9jZ1A7-4P3
Atlanta,GA,https://www.ticketmaster.com/event/Z7r9jZ1A7-4PK
Atlanta,GA,https://www.ticketmaster.com/event/Z7r9jZ1A7-4Pf
Atlanta,GA,https://www.ticketmaster.com/event/Z7r9jZ1A7-4P4
Atlanta,GA,https://www.ticketmaster.com/event/Z7r9jZ1A7-4Pp
Atlanta,GA,https://www.ticketmaster.com/event/Z7r9jZ1A7-4P9
Atlanta,GA,https://www.ticketmaster.com/the-guess-who-takin-it-back-atlanta-georgia-08-06-2026/event/0E006459B6324F51
Atlanta,GA,https://www.ticketmaster.com/event/Z7r9jZ1A7xeGz
Atlanta,GA,https://www.ticketmaster.com/ella-mai-do-you-still-love-atlanta-georgia-08-14-2026/event/0E006466C3F9D0B7
Atlanta,GA,https://www.ticketmaster.com/star-wars-and-more-with-the-alpharetta-georgia-05-16-2026/event/0E00635D76CF2ED8
Atlanta,GA,https://www.ticketmaster.com/event/Z7r9jZ1A7qbuw
Atlanta,GA,https://www.ticketmaster.com/event/Z7r9jZ1A7xdq0
Atlanta,GA,https://www.ticketmaster.com/event/Z7r9jZ1A7O38A
Atlanta,GA,https://www.ticketmaster.com/event/Z7r9jZ1A7-9G3
Atlanta,GA,https://www.ticketmaster.com/event/Z7r9jZ1A7-9GK
Atlanta,GA,https://www.ticketmaster.com/event/Z7r9jZ1A7-9Gf
Atlanta,GA,https://www.ticketmaster.com/event/Z7r9jZ1A7-9G4
Orlando,FL,https://www.ticketmaster.com/event/Z7r9jZ1A7jsbN
Orlando,FL,https://www.ticketmaster.com/event/Z7r9jZ1A7jsbf
Orlando,FL,https://www.ticketmaster.com/event/Z7r9jZ1A7js4z
Orlando,FL,https://www.ticketmaster.com/event/Z7r9jZ1A7js_O
Orlando,FL,https://www.ticketmaster.com/event/Z7r9jZ1A7-tu4
Orlando,FL,https://www.ticketmaster.com/event/Z7r9jZ1A7OOPo
Orlando,FL,https://www.ticketmaster.com/chefs-kiss-gold-vip-upgrade-addon-orlando-florida-06-30-2026/event/2200637122BE82C1
Orlando,FL,https://www.ticketmaster.com/parking-carlos-vives-orlando-florida-05-24-2026/event/2200636620E964D2
Orlando,FL,https://www.ticketmaster.com/parking-young-miko-orlando-florida-10-29-2026/event/22006483975E3196
Orlando,FL,https://www.ticketmaster.com/romeo-santos-prince-royce-vip-upgrade-orlando-florida-04-29-2026/event/22006390042F7B8C
Orlando,FL,https://www.ticketmaster.com/parking-joji-orlando-florida-07-01-2026/event/22006459950BFB34
Orlando,FL,https://www.ticketmaster.com/parking-doja-cat-orlando-florida-11-14-2026/event/22006342006A387E
Orlando,FL,https://www.ticketmaster.com/parking-myke-towers-orlando-florida/event/220060F7B1221D29
Orlando,FL,https://www.ticketmaster.com/parking-gorillaz-orlando-florida-09-17-2026/event/2200645B99D9479C
Orlando,FL,https://www.ticketmaster.com/parking-noah-kahan-orlando-florida-06-11-2026/event/2200643D14906833
Orlando,FL,https://www.ticketmaster.com/parking-noah-kahan-orlando-florida-06-12-2026/event/2200643D14956836
Orlando,FL,https://www.ticketmaster.com/parking-zayn-orlando-florida-11-19-2026/event/2200643D29AC6F8F
Orlando,FL,https://www.ticketmaster.com/parking-aap-rocky-orlando-florida-06-14-2026/event/2200642EA41E3CFC
Orlando,FL,https://www.ticketmaster.com/parking-freestyle-explosion-orlando-florida-07-31-2026/event/2200646CE4E8AEC7
Orlando,FL,https://www.ticketmaster.com/parking-disney-worlds-collide-concert-tour-orlando-florida-11-25-2026/event/2200646DAA8B7540
Austin,TX,https://www.ticketmaster.com/fast-lane-access-zeds-dead-austin-texas-09-11-2026/event/3A006462A29D91A5
Austin,TX,https://www.ticketmaster.com/hilary-duff-vip-ticketless-upgrades-austin-texas-06-28-2026/event/3A0064624D96893B
Austin,TX,https://www.ticketmaster.com/lawn-chair-rental-five-finger-death-austin-texas-09-28-2026/event/3A00646AA14C825A
Austin,TX,https://www.ticketmaster.com/lawn-chair-rental-motionless-in-white-austin-texas-07-26-2026/event/3A00646A9F777EEA
Austin,TX,https://www.ticketmaster.com/lawn-chair-rental-toto-austin-texas-08-08-2026/event/3A00646AA0148039
Austin,TX,https://www.ticketmaster.com/lawn-chair-rental-jack-johnson-austin-texas-08-29-2026/event/3A00646AA0BE8170
Austin,TX,https://www.ticketmaster.com/lawn-chair-rental-kid-cudi-austin-texas-05-01-2026/event/3A00646A9CDE7970
Austin,TX,https://www.ticketmaster.com/lawn-chair-rental-mgk-austin-texas-05-22-2026/event/3A00646A9D6F7B0C
Austin,TX,https://www.ticketmaster.com/lawn-chair-rental-hilary-duff-austin-texas-06-28-2026/event/3A00646A9EC17D1E
Austin,TX,https://www.ticketmaster.com/lawn-chair-rental-godsmack-austin-texas-05-29-2026/event/3A00646A9E277C6D
Austin,TX,https://www.ticketmaster.com/lawn-chair-rental-zeds-dead-austin-texas-09-11-2026/event/3A00646AA201839F
Austin,TX,https://www.ticketmaster.com/upgraded-parking-jack-johnson-austin-texas-08-29-2026/event/3A00635FF61FCC51
Austin,TX,https://www.ticketmaster.com/upgraded-parking-mgk-austin-texas-05-22-2026/event/3A0063238EC9433A
Austin,TX,https://www.ticketmaster.com/upgraded-parking-toto-austin-texas-08-08-2026/event/3A0063838E98669D
Austin,TX,https://www.ticketmaster.com/2026-formula-1-msc-cruises-usgp-austin-texas-10-23-2026/event/3A0064668BF57C40
Austin,TX,https://www.ticketmaster.com/2026-formula-1-msc-cruises-usgp-austin-texas-10-24-2026/event/3A0064668CED7F1A
Austin,TX,https://www.ticketmaster.com/event/Z7r9jZ1A7-Kxo
Austin,TX,https://www.ticketmaster.com/event/Z7r9jZ1A7OZ_y
Austin,TX,https://www.ticketmaster.com/foreigner-vip-upgrade-no-ticket-included-cedar-park-texas-10-07-2026/event/3A006457ACC3C371
Austin,TX,https://www.ticketmaster.com/disney-on-ice-family-matching-tshirt-cedar-park-texas-04-24-2026/event/3A006385CD2BA8D1
Nashville,TN,https://www.ticketweb.com/event/new-faces-night-feat-the-basement-tickets/13983504
Nashville,TN,https://www.ticketweb.com/event/new-faces-night-feat-the-basement-tickets/13983334
Nashville,TN,https://www.ticketweb.com/event/new-faces-night-feat-the-basement-tickets/13983564
Nashville,TN,https://www.ticketweb.com/event/new-faces-night-feat-the-basement-tickets/13983484
Nashville,TN,https://www.ticketweb.com/event/new-faces-night-feat-the-basement-tickets/13983424
Nashville,TN,https://www.ticketweb.com/event/new-faces-night-feat-the-basement-tickets/13983404
Nashville,TN,https://www.ticketweb.com/event/new-faces-night-feat-the-basement-tickets/13983464
Nashville,TN,https://www.ticketweb.com/event/new-faces-night-feat-the-basement-tickets/13983454
Nashville,TN,https://www.ticketmaster.com/event/Z7r9jZ1A7-Y_8
Nashville,TN,https://www.ticketmaster.com/event/Z7r9jZ1A7-3uz
Nashville,TN,https://www.ticketmaster.com/event/Z7r9jZ1A7O4uU
Nashville,TN,https://www.ticketmaster.com/event/Z7r9jZ1A7-3uV
Nashville,TN,https://www.ticketmaster.com/event/Z7r9jZ1A7-Y_k
Nashville,TN,https://www.ticketmaster.com/event/Z7r9jZ1A7O4Fb
Nashville,TN,https://www.ticketmaster.com/event/Z7r9jZ1A7-3ut
Nashville,TN,https://www.ticketmaster.com/event/Z7r9jZ1A7xkJ9
Nashville,TN,https://www.ticketmaster.com/event/Z7r9jZ1A7-Y_3
Nashville,TN,https://www.ticketmaster.com/event/Z7r9jZ1A7O4FO
Nashville,TN,https://www.ticketmaster.com/event/Z7r9jZ1A7O4F-
Nashville,TN,https://www.ticketweb.com/event/in-the-round-with-rob-the-bluebird-cafe-tickets/14799353
Atlanta,GA,https://www.ticketmaster.com/event/Z7r9jZ1A7-9Gp
Atlanta,GA,https://www.ticketmaster.com/event/Z7r9jZ1A7qF0d
Atlanta,GA,https://www.ticketmaster.com/event/Z7r9jZ1A7-Su6
Atlanta,GA,https://www.ticketmaster.com/alison-krauss-and-union-station-featuring-atlanta-georgia-05-09-2026/event/0E006375A262934C
Atlanta,GA,https://www.ticketmaster.com/triumph-the-rock-roll-machine-reloaded-atlanta-georgia-05-26-2026/event/0E006383A1068D30
Atlanta,GA,https://www.ticketmaster.com/toto-christopher-cross-the-romantics-alpharetta-georgia-08-02-2026/event/0E00638393347856
Atlanta,GA,https://www.ticketmaster.com/event/Z7r9jZ1A7Ov7k
Atlanta,GA,https://www.ticketmaster.com/event/Z7r9jZ1A7-fPV
Atlanta,GA,https://www.ticketmaster.com/event/Z7r9jZ1A7O6ZJ
Atlanta,GA,https://www.ticketmaster.com/event/Z7r9jZ1A74aCk
Atlanta,GA,https://www.ticketmaster.com/event/Z7r9jZ1A74Kao
Atlanta,GA,https://www.ticketmaster.com/event/Z7r9jZ1A7fboJ
Atlanta,GA,https://www.ticketmaster.com/event/Z7r9jZ1A7fboE
Atlanta,GA,https://www.ticketmaster.com/event/Z7r9jZ1A7fboI
Atlanta,GA,https://www.ticketmaster.com/event/Z7r9jZ1A7fboY
Atlanta,GA,https://www.ticketmaster.com/event/Z7r9jZ1A7fZZs
Atlanta,GA,https://www.ticketmaster.com/event/Z7r9jZ1A7fbos
Atlanta,GA,https://www.ticketweb.com/event/yves-tour-2026-the-americas-center-stage-theater-tickets/14751813
Atlanta,GA,https://www.ticketmaster.com/an-evening-of-soul-anthony-hamilton-mableton-georgia-06-28-2026/event/0E00646DBADB9F23
Atlanta,GA,https://premium.livenation.com/venue/cadence-bank-amphitheater-at-chastain-park
Orlando,FL,https://www.ticketmaster.com/parking-raywayana-orlando-florida-12-03-2026/event/2200646DB2BC7BD4
Orlando,FL,https://www.ticketmaster.com/parking-rosalia-orlando-florida-06-08-2026/event/2200636EF9C785DE
Orlando,FL,https://www.ticketmaster.com/stifel-stars-on-ice-preshow-stargazer-orlando-florida-04-18-2026/event/2200636AB9E252EF
Orlando,FL,https://www.ticketmaster.com/parking-meghan-trainer-orlando-florida-06-30-2026/event/2200636CA53E3F69
Orlando,FL,https://www.ticketmaster.com/parking-ricardo-montaner-orlando-florida-08-28-2026/event/2200636C9E173BD4
Orlando,FL,https://www.ticketmaster.com/5-seconds-of-summer-vip-upgrade-orlando-florida-06-17-2026/event/2200635EECEF49A1
Orlando,FL,https://www.ticketmaster.com/parking-5-seconds-of-summer-orlando-florida-06-17-2026/event/2200635CD5B8408F
Orlando,FL,https://www.ticketmaster.com/parking-demi-lovato-orlando-florida-04-13-2026/event/2200635CCD753D92
Orlando,FL,https://www.ticketmaster.com/parking-roberto-carlos-orlando-florida-05-30-2026/event/2200635FBFAD36D3
Orlando,FL,https://www.ticketmaster.com/parking-stifel-stars-on-ice-orlando-florida-04-18-2026/event/2200635AC1D6362F
Orlando,FL,https://www.ticketmaster.com/parking-alejandro-sanz-orlando-florida-05-01-2026/event/2200635AB7BC32AB
Orlando,FL,https://www.ticketmaster.com/parking-romeo-santos-orlando-florida-04-29-2026/event/2200638CC1D273F3
Orlando,FL,https://www.ticketmaster.com/parking-playin-game-1-magic-v-orlando-florida-04-17-2026/event/22006482DA865911
Orlando,FL,https://www.ticketmaster.com/parking-playin-game-2-magic-v-orlando-florida/event/22006482DA825906
Orlando,FL,https://www.ticketmaster.com/bone-thugs-ultimate-meet-greet-package-orlando-florida-09-22-2026/event/22006486C4E345BB
Orlando,FL,https://www.ticketmaster.com/parking-lionel-richie-and-earth-wind-orlando-florida-07-25-2026/event/22006434CD2649E6
Orlando,FL,https://www.ticketmaster.com/parking-carin-leon-orlando-florida-06-26-2026/event/22006396B90940F3
Orlando,FL,https://www.ticketmaster.com/parking-megan-moroney-orlando-florida-07-16-2026/event/22006381CD114F81
Orlando,FL,https://www.ticketmaster.com/parking-camilo-orlando-florida-10-10-2026/event/22006336A0EE123F
Orlando,FL,https://www.ticketmaster.com/parking-laura-pausini-orlando-florida-05-21-2026/event/22006329E7C714F8
Austin,TX,https://www.ticketmaster.com/disney-on-ice-family-matching-tshirt-cedar-park-texas-04-25-2026/event/3A006385CD2FA8E1
Austin,TX,https://www.ticketmaster.com/disney-on-ice-family-matching-tshirt-cedar-park-texas-04-25-2026/event/3A006385CD2DA8D8
Austin,TX,https://www.ticketmaster.com/disney-on-ice-family-matching-tshirt-cedar-park-texas-04-26-2026/event/3A006385CD38A8F5
Austin,TX,https://www.ticketmaster.com/disney-on-ice-family-matching-tshirt-cedar-park-texas-04-25-2026/event/3A006385CD31A8E3
Austin,TX,https://www.ticketmaster.com/disney-on-ice-family-matching-tshirt-cedar-park-texas-04-23-2026/event/3A006385CD27A8CE
Austin,TX,https://www.ticketmaster.com/disney-on-ice-family-matching-tshirt-cedar-park-texas-04-26-2026/event/3A006385CD34A8EE
Austin,TX,https://www.ticketmaster.com/disney-on-ice-family-matching-tshirt-cedar-park-texas-04-26-2026/event/3A006385CD36A8F0
Austin,TX,https://www.ticketmaster.com/event/Z7r9jZ1A743f8
Austin,TX,https://www.ticketmaster.com/event/Z7r9jZ1A743fs
Austin,TX,https://www.ticketmaster.com/event/Z7r9jZ1A7433b
Austin,TX,https://www.ticketmaster.com/event/Z7r9jZ1A743fO
Austin,TX,https://www.ticketmaster.com/event/Z7r9jZ1A74346
Austin,TX,https://www.ticketmaster.com/event/Z7r9jZ1A7434p
Austin,TX,https://www.ticketmaster.com/event/Z7r9jZ1A7434t
Austin,TX,https://www.ticketmaster.com/event/Z7r9jZ1A743fE
Austin,TX,https://www.ticketmaster.com/event/Z7r9jZ1A7434a
Austin,TX,https://www.ticketmaster.com/event/Z7r9jZ1A7433_
Austin,TX,https://www.ticketmaster.com/event/Z7r9jZ1A743fa
Austin,TX,https://www.ticketmaster.com/event/Z7r9jZ1A743fz
Austin,TX,https://www.ticketmaster.com/event/Z7r9jZ1A7bOAx
Nashville,TN,https://www.ticketmaster.com/event/Z7r9jZ1A7QZG-
Nashville,TN,https://www.ticketweb.com/event/in-the-round-with-august-the-bluebird-cafe-tickets/14798973
Nashville,TN,https://www.ticketweb.com/event/bmi-presents-the-acoustic-lounge-the-bluebird-cafe-tickets/14798953
Nashville,TN,https://www.ticketweb.com/event/blue-monday-with-kevin-mckendree-the-bluebird-cafe-tickets/14797223
Nashville,TN,https://www.ticketweb.com/event/open-mic-performer-sign-ups-the-bluebird-cafe-tickets/14797203
Nashville,TN,https://www.ticketweb.com/event/open-mic-hosted-by-barbara-the-bluebird-cafe-tickets/14797193
Nashville,TN,https://www.ticketweb.com/event/shc-music-tribe-presents-in-the-bluebird-cafe-tickets/14798483
Nashville,TN,https://www.ticketweb.com/event/in-the-round-with-tony-the-bluebird-cafe-tickets/14798463
Nashville,TN,https://www.ticketweb.com/event/in-the-row-with-maddie-the-bluebird-cafe-tickets/14798493
Nashville,TN,https://www.ticketweb.com/event/an-evening-with-rebecca-loebe-the-bluebird-cafe-tickets/14798503
Nashville,TN,https://www.ticketweb.com/event/in-the-round-with-tony-the-bluebird-cafe-tickets/14798523
Nashville,TN,https://www.ticketweb.com/event/in-the-round-with-helene-the-bluebird-cafe-tickets/14798553
Nashville,TN,https://www.ticketweb.com/event/in-the-round-with-bill-the-bluebird-cafe-tickets/14798573
Nashville,TN,https://www.ticketweb.com/event/in-the-round-with-steve-the-bluebird-cafe-tickets/14798593
Nashville,TN,https://www.ticketweb.com/event/in-the-round-with-joseph-the-bluebird-cafe-tickets/14798583
Nashville,TN,https://www.ticketweb.com/event/sunday-spotlight-with-thomm-jutz-the-bluebird-cafe-tickets/14798863
Nashville,TN,https://www.ticketweb.com/event/writers-night-hosted-by-steve-the-bluebird-cafe-tickets/14798873
Nashville,TN,https://www.ticketweb.com/event/blue-monday-with-kevin-mckendree-the-bluebird-cafe-tickets/14798903
Nashville,TN,https://www.ticketweb.com/event/open-mic-performer-sign-ups-the-bluebird-cafe-tickets/14798893
Nashville,TN,https://www.ticketweb.com/event/open-mic-hosted-by-barbara-the-bluebird-cafe-tickets/14798883
