url,Community Details,Community Name,latitude,longitude,Street Address,City,State,Zip Code,County,Model hours,Phone number,Website,status,Builder,Product Type (SFD/SFA/CO),Model/Product Types Available,Avg Lot Size,Avg Lot - Width/Depth,Garages (Y/N),# of Garages,Adult Community (Y/N),Amenities Available,Amenity Type,Attributes/Features,Overall Description of the Community,Foundation Type,Exterior Specifications Available,Interior Specifications Available,HOA Fee,HOA Services,Other Fees (i.e. CDD),City/Town/Property Tax %,Sales Start Date,Sold Out Date,Total Lots Sold,Incentives,QMI Incentives,QMI Model Name,QMI # of Garages,QMI # of BR,QMI # of BA,QMI # of 1/2 BA,QMI Model SQFT,QMI Model Price,QMI Availability Date,QMI Lot SQFT,QMI Interior/Exterior Attributes,Model Details,Model Name,Plan Description,# BR,# BA,# 1/2 BA,# of Floors,Parking Type,Plan Garage Entry (Front load),# Garages,Minimum SQFT,Maximum SQFT,Minimum Base Price (Current),Maximum Base Price/All In Price,Previous Price,Last Updated,Plan Features,Interior Specifications Descriptions,First Floor Master (Y/N),images
https://www.marondahomes.com/va/fredericksburg/colebrook-estates-22405/job-ce00101.html,,Colebrook Estates,,,"101 Hillsdale Dr, Fredericksburg, VA 22405",Fredericksburg,VA,22405,Stafford County,Sun: Appointments Only | Mon: Appointments Only | Tue: Appointments Only | Wed: Appointments Only | Thu: Appointments Only | Fri: Appointments Only | Sat: Appointments Only,571-322-8831,https://www.marondahomes.com/,,Maronda Homes,SFD,Y,,,Y,2,,Y,Shopping | Dining | Parks | Golf | Fitness | Hospitals,,"Welcome home to Colebrook Estates by Maronda Homes, new homes on 1 acre homesites near Downtown Fredericksburg. Schedule an appointment today!",,,,,,,,,,,,,,,,,,,,,,,,Somerset,"Model Home for Sale! Located in the desirable Falmouth/White Oak area of Stafford County, this Somerset floor plan offers a fantastic leaseback opportunity. The open floor plan features luxury vinyl plank flooring throughout the main level. The kitchen is equipped with stainless steel Samsung appliances, upgraded cabinets, and quartz countertops. Enjoy outdoor living with a 10x18 composite deck off the rear sunroom extension. The upper level includes 4 bedrooms and 3 full baths. The owner's suite boasts a deluxe bathroom with a rain shower and soaking tub. The finished lower level features an expansive finished rec room with a full bathroom and a sliding door exit, adding even more convenience and space. This model home is ready for you to explore and could be yours with a leaseback option. Don’t miss this chance!",4,3,1,,Garage,,2,3194,4910,699880,874085,,,,,,"https://cdn2.marondahomes.com/assets/moveinready-photos/71/CE00101/71-CE00101-ORG-67520e648da99.png,https://cdn2.marondahomes.com/assets/moveinready-photos/71/CE00101/71-CE00101-ORG-6740dbd5de1f9.jpg,https://cdn2.marondahomes.com/assets/moveinready-photos/71/CE00101/71-CE00101-ORG-6740dbd9a38d3.jpg,https://cdn2.marondahomes.com/assets/moveinready-photos/71/CE00101/71-CE00101-ORG-6740dbcb53adc.jpg,https://cdn2.marondahomes.com/assets/moveinready-photos/71/CE00101/71-CE00101-ORG-6740dbc7d0507.jpg,https://cdn2.marondahomes.com/assets/moveinready-photos/71/CE00101/71-CE00101-ORG-6740dbd25d87b.jpg,https://cdn2.marondahomes.com/assets/moveinready-photos/71/CE00101/71-CE00101-ORG-6740dbcecf0e0.jpg,https://cdn2.marondahomes.com/assets/moveinready-photos/71/CE00101/71-CE00101-ORG-6740dc4aef0cb.jpg,https://cdn2.marondahomes.com/assets/moveinready-photos/71/CE00101/71-CE00101-ORG-6740dc476ecc3.jpg,https://cdn2.marondahomes.com/assets/moveinready-photos/71/CE00101/71-CE00101-ORG-6740dc4401978.jpg,https://cdn2.marondahomes.com/assets/moveinready-photos/71/CE00101/71-CE00101-ORG-6740dc64275b6.jpg,https://cdn2.marondahomes.com/assets/moveinready-photos/71/CE00101/71-CE00101-ORG-6740dc67a8f74.jpg,https://cdn2.marondahomes.com/assets/moveinready-photos/71/CE00101/71-CE00101-ORG-6740dc5d23d8b.jpg,https://cdn2.marondahomes.com/assets/moveinready-photos/71/CE00101/71-CE00101-ORG-6740dc609e6c6.jpg,https://cdn2.marondahomes.com/assets/moveinready-photos/71/CE00101/71-CE00101-ORG-6740dc7f223d0.jpg,https://cdn2.marondahomes.com/assets/moveinready-photos/71/CE00101/71-CE00101-ORG-6740dc82ac57c.jpg,https://cdn2.marondahomes.com/assets/moveinready-photos/71/CE00101/71-CE00101-ORG-6740dc863e03d.jpg,https://cdn2.marondahomes.com/assets/moveinready-photos/71/CE00101/71-CE00101-ORG-6740dca501afd.jpg,https://cdn2.marondahomes.com/assets/moveinready-photos/71/CE00101/71-CE00101-ORG-6740dca17c25c.jpg,https://cdn2.marondahomes.com/assets/moveinready-photos/71/CE00101/71-CE00101-ORG-6740dca885090.jpg,https://cdn2.marondahomes.com/assets/moveinready-photos/71/CE00101/71-CE00101-ORG-6740dcac0f92c.jpg,https://cdn2.marondahomes.com/assets/moveinready-photos/71/CE00101/71-CE00101-ORG-66fedc982799b.jpg,https://cdn2.marondahomes.com/assets/moveinready-photos/71/CE00101/71-CE00101-ORG-66fedca1c4cd9.jpg,https://cdn2.marondahomes.com/assets/moveinready-photos/71/CE00101/71-CE00101-ORG-66fedcab6f407.jpg,https://cdn2.marondahomes.com/assets/moveinready-photos/71/CE00101/71-CE00101-ORG-66fedcb5ed3d5.jpg,https://cdn2.marondahomes.com/assets/moveinready-photos/71/CE00101/71-CE00101-ORG-66fedcbfebbe3.jpg,https://cdn2.marondahomes.com/assets/moveinready-photos/71/CE00101/71-CE00101-ORG-66fedcc70b2af.jpg,https://cdn2.marondahomes.com/assets/moveinready-photos/71/CE00101/71-CE00101-ORG-66fedcd173537.jpg,https://cdn2.marondahomes.com/assets/moveinready-photos/71/CE00101/71-CE00101-ORG-66fedcd839ef9.jpg,https://cdn2.marondahomes.com/assets/moveinready-photos/71/CE00101/71-CE00101-ORG-66fedce07dfc1.jpg,https://cdn2.marondahomes.com/assets/moveinready-photos/71/CE00101/71-CE00101-ORG-66fedce6d27de.jpg,https://cdn2.marondahomes.com/assets/moveinready-photos/71/CE00101/71-CE00101-LRG-67520e648da99.jpg,https://cdn2.marondahomes.com/assets/moveinready-photos/71/BLO02401/71-BLO02401-LRG-697a6e13ded81.jpg"
https://www.marondahomes.com/va/stafford/stafford-22554/job-4sf00801.html,,Stafford,,,"8 Timberidge Dr. Fredericksburg, Stafford, VA 22406",Stafford,VA,22406,Stafford County,Sun: 12:00 PM-5:00 PM | Mon: 10:00 AM-5:00 PM | Tue: 10:00 AM-5:00 PM | Wed: 10:00 AM-5:00 PM | Thu: 10:00 AM-5:00 PM | Fri: 10:00 AM-5:00 PM | Sat: 11:00 AM-5:00 PM,571-322-8831,https://www.marondahomes.com/,,Maronda Homes,SFD,,,,Y,2,,Y,Shopping | Dining | Parks | Golf | Fitness | Hospitals,,"Maronda Homes is building new construction homes in Stafford County, VA. Schedule an appointment to view our model home today!",,,,,,,,,,,,,,,,,,,,,,,,Birmingham,,4,3,1,,Garage,,2,3717,3717,699990,699990,,,,,,"https://cdn2.marondahomes.com/assets/moveinready-photos/71/4SF00801/71-4SF00801-ORG-6759a41644bf7.png,https://cdn2.marondahomes.com/assets/moveinready-photos/71/4SF00801/71-4SF00801-ORG-6759a41416723.png,https://cdn2.marondahomes.com/assets/moveinready-photos/71/4SF00801/71-4SF00801-ORG-6759a4179782e.png,https://cdn2.marondahomes.com/assets/moveinready-photos/71/4SF00801/71-4SF00801-ORG-6759a4172c5cd.png,https://cdn2.marondahomes.com/assets/moveinready-photos/71/4SF00801/71-4SF00801-ORG-6759a415ae053.png,https://cdn2.marondahomes.com/assets/moveinready-photos/71/4SF00801/71-4SF00801-ORG-6759a41545be0.png,https://cdn2.marondahomes.com/assets/moveinready-photos/71/4SF00801/71-4SF00801-ORG-6759a4139c7bd.png,https://cdn2.marondahomes.com/assets/moveinready-photos/71/4SF00801/71-4SF00801-ORG-675880ddf1ff3.png,https://cdn2.marondahomes.com/assets/moveinready-photos/71/4SF00801/71-4SF00801-ORG-6759a4180f66f.png,https://cdn2.marondahomes.com/assets/moveinready-photos/71/4SF00801/71-4SF00801-ORG-675880c0c852e.png,https://cdn2.marondahomes.com/assets/moveinready-photos/71/4SF00801/71-4SF00801-ORG-675880cc5f2c8.png,https://cdn2.marondahomes.com/assets/moveinready-photos/71/4SF00801/71-4SF00801-ORG-6759a416b3dd8.png,https://cdn2.marondahomes.com/assets/moveinready-photos/71/4SF00801/71-4SF00801-ORG-6759a41879ef6.png,https://cdn2.marondahomes.com/assets/moveinready-photos/71/4SF00801/71-4SF00801-ORG-675880e8ec38c.png,https://cdn2.marondahomes.com/assets/moveinready-photos/71/4SF00801/71-4SF00801-ORG-6759a418e3550.png,https://cdn2.marondahomes.com/assets/moveinready-photos/71/4SF00801/71-4SF00801-ORG-675b2880da420.png,https://cdn2.marondahomes.com/assets/moveinready-photos/71/CE00201/71-CE00201-LRG-68015b9af15a6.jpg,https://cdn2.marondahomes.com/assets/moveinready-photos/71/4SF00801/71-4SF00801-LRG-6759a41644bf7.jpg"
https://www.marondahomes.com/va/fredericksburg/colebrook-estates-22405/job-ce00201.html,,Colebrook Estates,,,"109 Hillsdale Dr, Fredericksburg, VA 22405",Fredericksburg,VA,22405,Stafford County,Sun: Appointments Only | Mon: Appointments Only | Tue: Appointments Only | Wed: Appointments Only | Thu: Appointments Only | Fri: Appointments Only | Sat: Appointments Only,571-322-8831,https://www.marondahomes.com/,,Maronda Homes,SFD,Y,,,Y,2,,Y,Shopping | Dining | Parks | Golf | Fitness | Hospitals,,"Welcome home to Colebrook Estates by Maronda Homes, new homes on 1 acre homesites near Downtown Fredericksburg. Schedule an appointment today!",,,,,,,,,,,,,,,,,,,,,,,,Birmingham,"This Birmingham quick delivery home is situated on a spacious 1-acre homesite! Boasting an open-concept floorplan, the main level features a versatile flex space, a spacious living room, and a sunroom extension. The Chef’s Kitchen package is outfitted with a stainless steel hood, a gas cooktop, and a wall-mounted microwave/oven combination. The upper level comprises four bedrooms, including the owner's suite, along with two full bathrooms. The owner's bath is distinguished by its opulent rain shower feature. The lower level offers a fully finished recreation room, an additional full bathroom, and a sliding door that provides seamless outdoor access.",4,3,1,,Garage,,2,3717,4910,679990,874085,,,,,,"https://cdn2.marondahomes.com/assets/moveinready-photos/71/CE00201/71-CE00201-ORG-68015b9af15a6.jpg,https://cdn2.marondahomes.com/assets/moveinready-photos/71/CE00201/71-CE00201-ORG-680a9a6c02b33.jpg,https://cdn2.marondahomes.com/assets/moveinready-photos/71/CE00201/71-CE00201-ORG-680a9a6d0b07e.jpg,https://cdn2.marondahomes.com/assets/moveinready-photos/71/CE00201/71-CE00201-ORG-680a9a6aef1e5.jpg,https://cdn2.marondahomes.com/assets/moveinready-photos/71/CE00201/71-CE00201-ORG-68015ba284bdb.jpg,https://cdn2.marondahomes.com/assets/moveinready-photos/71/CE00201/71-CE00201-ORG-68015ba8cc898.jpg,https://cdn2.marondahomes.com/assets/moveinready-photos/71/CE00201/71-CE00201-ORG-680a9a67e17e0.jpg,https://cdn2.marondahomes.com/assets/moveinready-photos/71/CE00201/71-CE00201-ORG-680a9a69e98a0.jpg,https://cdn2.marondahomes.com/assets/moveinready-photos/71/CE00201/71-CE00201-ORG-680a9a7b0a740.jpg,https://cdn2.marondahomes.com/assets/moveinready-photos/71/CE00201/71-CE00201-ORG-68015bb19b0d9.jpg,https://cdn2.marondahomes.com/assets/moveinready-photos/71/CE00201/71-CE00201-ORG-680a9a6f3c7ee.jpg,https://cdn2.marondahomes.com/assets/moveinready-photos/71/CE00201/71-CE00201-ORG-680a9a7c22ca6.jpg,https://cdn2.marondahomes.com/assets/moveinready-photos/71/CE00201/71-CE00201-ORG-680a9a7e455f6.jpg,https://cdn2.marondahomes.com/assets/moveinready-photos/71/CE00201/71-CE00201-ORG-680a9a8fbd406.jpg,https://cdn2.marondahomes.com/assets/moveinready-photos/71/CE00201/71-CE00201-ORG-68015bc67ac8e.jpg,https://cdn2.marondahomes.com/assets/moveinready-photos/71/CE00201/71-CE00201-ORG-68015be13976e.jpg,https://cdn2.marondahomes.com/assets/moveinready-photos/71/CE00201/71-CE00201-ORG-680a9a8bbdde5.jpg,https://cdn2.marondahomes.com/assets/moveinready-photos/71/CE00201/71-CE00201-ORG-680a9a8ebd5ce.jpg,https://cdn2.marondahomes.com/assets/moveinready-photos/71/CE00201/71-CE00201-ORG-68015bd35f579.jpg,https://cdn2.marondahomes.com/assets/moveinready-photos/71/CE00201/71-CE00201-ORG-68015be7ad566.jpg,https://cdn2.marondahomes.com/assets/moveinready-photos/71/CE00201/71-CE00201-ORG-680a9a7f489f7.jpg,https://cdn2.marondahomes.com/assets/moveinready-photos/71/CE00201/71-CE00201-ORG-68015bef7cd9c.jpg,https://cdn2.marondahomes.com/assets/moveinready-photos/71/CE00201/71-CE00201-ORG-680a9a81500d0.jpg,https://cdn2.marondahomes.com/assets/moveinready-photos/71/CE00201/71-CE00201-ORG-680a9a835f299.jpg,https://cdn2.marondahomes.com/assets/moveinready-photos/71/CE00201/71-CE00201-ORG-680a9a8ac196f.jpg,https://cdn2.marondahomes.com/assets/moveinready-photos/71/CE00201/71-CE00201-ORG-68015bbf5e844.jpg,https://cdn2.marondahomes.com/assets/moveinready-photos/71/CE00201/71-CE00201-ORG-680a9aa11e043.jpg,https://cdn2.marondahomes.com/assets/moveinready-photos/71/CE00201/71-CE00201-ORG-680a9aa01426e.jpg,https://cdn2.marondahomes.com/assets/moveinready-photos/71/CE00201/71-CE00201-ORG-680a9a9dedede.jpg,https://cdn2.marondahomes.com/assets/moveinready-photos/71/CE00201/71-CE00201-ORG-680a9a66e0ca6.jpg,https://cdn2.marondahomes.com/assets/moveinready-photos/71/CE00201/71-CE00201-ORG-680a9a8255092.jpg,https://cdn2.marondahomes.com/assets/moveinready-photos/71/CE00201/71-CE00201-LRG-68015b9af15a6.jpg,https://cdn2.marondahomes.com/assets/moveinready-photos/71/4SF00801/71-4SF00801-LRG-6759a41644bf7.jpg"
https://www.marondahomes.com/oh/cleves/indian-walk-45002/job-iw025801.html,,Indian Walk,,,"8729 Deer Glen Ct, Cleves, OH 45002",Cleves,OH,45002,Hamilton County,Sun: 12:00 PM-6:00 PM | Mon: 10:00 AM-6:00 PM | Tue: 10:00 AM-6:00 PM | Wed: 12:00 PM-6:00 PM | Thu: Appointments Only | Fri: Appointments Only | Sat: 10:00 AM-6:00 PM,513-224-5577,https://www.marondahomes.com/,,Maronda Homes,SFD,Y,,,Y,2,,Y,Shopping | Dining | Parks | Golf | Fitness,,"Introducing Indian Walk, the only new single-family homes with a grand community boulevard, stocked fishing lake and included brick fronts in Miami Heights. This beautiful wooded community is part of the Three Rivers Local School District in Cleves, OH, with homesites backing up to the Mitchell Memorial Forest. Visit us at our model today!",,,,,,,,,,,,,,,,,,,,,,,,Brookwood,"Discover the Brookwood by Maronda Homes, a stunning new build in the tree-lined Indian Walk community. Offering 2,964 sq ft of energy-efficient living space, this home features a double loft overlooking the soaring two story family room ceiling, plus 9-ft ceilings throughout the first floor, create an open and airy atmosphere. The 1st floor Owner's Suite boasts a resort-style bathroom, while luxury vinyl plank and carpet flooring flow seamlessly throughout. Two convenient laundry rooms on each floor and Craftsman-style finishes complete the package. Plus, enjoy the peace of mind of a 1/2/10 warranty and the top-rated Three Rivers Schools. Reduced interest rates available! Can close within 30-45 days. Don't miss out on this opportunity to live in style and comfort.",4,2,1,,Garage,,2,2964,4566,579990,579990,,,,,,"https://cdn2.marondahomes.com/assets/moveinready-photos/17/IW025801/17-IW025801-ORG-683db9f9d99fa.jpg,https://cdn2.marondahomes.com/assets/moveinready-photos/17/IW025801/17-IW025801-ORG-683dba168f93b.jpg,https://cdn2.marondahomes.com/assets/moveinready-photos/17/IW025801/17-IW025801-ORG-683dba2769953.jpg,https://cdn2.marondahomes.com/assets/moveinready-photos/17/IW025801/17-IW025801-ORG-683dba0b653b8.jpg,https://cdn2.marondahomes.com/assets/moveinready-photos/17/IW025801/17-IW025801-ORG-683dba4208de8.jpg,https://cdn2.marondahomes.com/assets/moveinready-photos/17/IW025801/17-IW025801-ORG-683dba0260b88.jpg,https://cdn2.marondahomes.com/assets/moveinready-photos/17/IW025801/17-IW025801-ORG-683dbc2ac423f.jpg,https://cdn2.marondahomes.com/assets/moveinready-photos/17/IW025801/17-IW025801-ORG-683dba58189f5.jpg,https://cdn2.marondahomes.com/assets/moveinready-photos/17/IW025801/17-IW025801-ORG-683dbc1dbb69c.jpg,https://cdn2.marondahomes.com/assets/moveinready-photos/17/IW025801/17-IW025801-ORG-683dbc3c4387b.jpg,https://cdn2.marondahomes.com/assets/moveinready-photos/17/IW025801/17-IW025801-ORG-683dba697c57d.jpg,https://cdn2.marondahomes.com/assets/moveinready-photos/17/IW025801/17-IW025801-ORG-683dbc141dc53.jpg,https://cdn2.marondahomes.com/assets/moveinready-photos/17/IW025801/17-IW025801-ORG-683dbc28c38f5.jpg,https://cdn2.marondahomes.com/assets/moveinready-photos/17/IW025801/17-IW025801-ORG-683dba84ddccb.jpg,https://cdn2.marondahomes.com/assets/moveinready-photos/17/IW025801/17-IW025801-ORG-683dba77cbba6.jpg,https://cdn2.marondahomes.com/assets/moveinready-photos/17/IW025801/17-IW025801-ORG-683dba945e3c2.jpg,https://cdn2.marondahomes.com/assets/moveinready-photos/17/IW025801/17-IW025801-ORG-683dbaa423333.jpg,https://cdn2.marondahomes.com/assets/moveinready-photos/17/IW025801/17-IW025801-ORG-683dbac912acb.jpg,https://cdn2.marondahomes.com/assets/moveinready-photos/17/IW025801/17-IW025801-ORG-683dbaaf853c8.jpg,https://cdn2.marondahomes.com/assets/moveinready-photos/17/IW025801/17-IW025801-ORG-683dbae36b64c.jpg,https://cdn2.marondahomes.com/assets/moveinready-photos/17/IW025801/17-IW025801-ORG-683dba4ac4e4a.jpg,https://cdn2.marondahomes.com/assets/moveinready-photos/17/IW025801/17-IW025801-ORG-683dbad54a972.jpg,https://cdn2.marondahomes.com/assets/moveinready-photos/17/IW025801/17-IW025801-ORG-683dbb098c250.jpg,https://cdn2.marondahomes.com/assets/moveinready-photos/17/IW025801/17-IW025801-ORG-683dbc19017a4.jpg,https://cdn2.marondahomes.com/assets/moveinready-photos/17/IW025801/17-IW025801-ORG-683dbaf5abdac.jpg,https://cdn2.marondahomes.com/assets/moveinready-photos/17/IW025801/17-IW025801-ORG-683dbb786e28a.jpg,https://cdn2.marondahomes.com/assets/moveinready-photos/17/IW025801/17-IW025801-ORG-683dbbe57e1f8.jpg,https://cdn2.marondahomes.com/assets/moveinready-photos/17/IW025801/17-IW025801-ORG-683dbb14aa759.jpg,https://cdn2.marondahomes.com/assets/moveinready-photos/17/IW025801/17-IW025801-ORG-683dbb18ab7ba.jpg,https://cdn2.marondahomes.com/assets/moveinready-photos/17/IW025801/17-IW025801-ORG-683dbaba28eb4.jpg,https://cdn2.marondahomes.com/assets/moveinready-photos/17/IW025801/17-IW025801-ORG-683dbb35e0849.jpg,https://cdn2.marondahomes.com/assets/moveinready-photos/17/IW025801/17-IW025801-ORG-683dbb1d596f9.jpg,https://cdn2.marondahomes.com/assets/moveinready-photos/17/IW025801/17-IW025801-ORG-683dbb28bee13.jpg,https://cdn2.marondahomes.com/assets/moveinready-photos/17/IW025801/17-IW025801-ORG-683dbb2682848.jpg,https://cdn2.marondahomes.com/assets/moveinready-photos/17/IW025801/17-IW025801-ORG-683dbb2f1d7a4.jpg,https://cdn2.marondahomes.com/assets/moveinready-photos/17/IW025801/17-IW025801-ORG-683dbaf23eefe.jpg,https://cdn2.marondahomes.com/assets/moveinready-photos/17/IW025801/17-IW025801-ORG-683dbbb46f0fb.jpg,https://cdn2.marondahomes.com/assets/moveinready-photos/17/IW025801/17-IW025801-ORG-683dbbefddf49.jpg,https://cdn2.marondahomes.com/assets/moveinready-photos/17/IW025801/17-IW025801-ORG-683dbbfb8713d.jpg,https://cdn2.marondahomes.com/assets/moveinready-photos/17/IW025801/17-IW025801-ORG-683dbbf0393c3.jpg,https://cdn2.marondahomes.com/assets/moveinready-photos/17/IW025801/17-IW025801-ORG-683dbbba8c8e2.jpg,https://cdn2.marondahomes.com/assets/moveinready-photos/17/IW025801/17-IW025801-ORG-683dbba899db6.jpg,https://cdn2.marondahomes.com/assets/moveinready-photos/17/IW025801/17-IW025801-ORG-683dbba0724b0.jpg,https://cdn2.marondahomes.com/assets/moveinready-photos/17/IW025801/17-IW025801-ORG-683dbb79d846b.jpg,https://cdn2.marondahomes.com/assets/moveinready-photos/17/IW025801/17-IW025801-ORG-683dbb418dfb9.jpg,https://cdn2.marondahomes.com/assets/moveinready-photos/17/IW025801/17-IW025801-ORG-683dbb62c7a7f.jpg,https://cdn2.marondahomes.com/assets/moveinready-photos/17/IW025801/17-IW025801-ORG-683dbc0823f1e.jpg,https://cdn2.marondahomes.com/assets/moveinready-photos/17/IW025801/17-IW025801-ORG-683dbb680baf0.jpg,https://cdn2.marondahomes.com/assets/moveinready-photos/17/IW025801/17-IW025801-ORG-683dbb6e16b3e.jpg,https://cdn2.marondahomes.com/assets/moveinready-photos/17/IW025801/17-IW025801-ORG-683dbae85d66f.jpg,https://cdn2.marondahomes.com/assets/moveinready-photos/17/IW025801/17-IW025801-ORG-683dbafac3f71.jpg,https://cdn2.marondahomes.com/assets/moveinready-photos/17/IW025801/17-IW025801-ORG-683dbb829918e.jpg,https://cdn2.marondahomes.com/assets/moveinready-photos/17/IW025801/17-IW025801-ORG-683dbb8c01f58.jpg,https://cdn2.marondahomes.com/assets/moveinready-photos/17/IW025801/17-IW025801-ORG-683dbb94dd809.jpg,https://cdn2.marondahomes.com/assets/moveinready-photos/17/IW025801/17-IW025801-LRG-683db9f9d99fa.jpg"
https://www.marondahomes.com/fl/poinciana/poinciana-34759/job-2600361a.html,,Poinciana,,,"137 Maple Dr Kissimmee, Poinciana, FL 34759",Poinciana,FL,34759,Polk County,Sun: 12:00 PM-6:00 PM | Mon: 12:00 PM-6:00 PM | Tue: 10:00 AM-6:00 PM | Wed: 10:00 AM-6:00 PM | Thu: 10:00 AM-6:00 PM | Fri: 10:00 AM-6:00 PM | Sat: 10:00 AM-6:00 PM,,https://www.marondahomes.com/,,Maronda Homes,SFD,Y,,,Y,2,,Y,Shopping | Dining | Parks | Hospitals,,"Introducing Poinciana, new construction homes nestled in the heart of Polk County with the lowest HOA fees in the area. Contact us to learn more about homesites and home designs.",,,,,,,,,,,,,,,,,,,,,,,,Poinsettia,"This 3-bedroom, 2-bathroom home offers the perfect opportunity to step into homeownership without sacrificing quality or breaking your budget. With a functional layout, comfortable living spaces, and a spacious yard, it’s ideal for first-time buyers or those looking to start their real estate portfolio. Enjoy affordable monthly payments in a growing community close to parks, schools, and shops. Picture yourself here—owning instead of renting. Schedule your showing today!",3,2,,,Garage,,2,1273,2284,289990,350000,,,,,,"https://cdn2.marondahomes.com/assets/moveinready-photos/41/2600361A/41-2600361A-ORG-688798da538e5.png,https://cdn2.marondahomes.com/assets/moveinready-photos/41/2600361A/41-2600361A-ORG-688798366bd11.jpg,https://cdn2.marondahomes.com/assets/moveinready-photos/41/2600361A/41-2600361A-ORG-6887983036896.jpg,https://cdn2.marondahomes.com/assets/moveinready-photos/41/2600361A/41-2600361A-ORG-6887983c36d3a.jpg,https://cdn2.marondahomes.com/assets/moveinready-photos/41/2600361A/41-2600361A-ORG-688798440bfd1.jpg,https://cdn2.marondahomes.com/assets/moveinready-photos/41/2600361A/41-2600361A-ORG-6887984a69b10.jpg,https://cdn2.marondahomes.com/assets/moveinready-photos/41/2600361A/41-2600361A-ORG-6887985036ae3.jpg,https://cdn2.marondahomes.com/assets/moveinready-photos/41/2600361A/41-2600361A-ORG-688798570f47d.jpg,https://cdn2.marondahomes.com/assets/moveinready-photos/41/2600361A/41-2600361A-ORG-6887986065e07.jpg,https://cdn2.marondahomes.com/assets/moveinready-photos/41/2600361A/41-2600361A-ORG-6887986883890.jpg,https://cdn2.marondahomes.com/assets/moveinready-photos/41/2600361A/41-2600361A-ORG-6887986fdfeaf.jpg,https://cdn2.marondahomes.com/assets/moveinready-photos/41/2600361A/41-2600361A-ORG-688798751d226.jpg,https://cdn2.marondahomes.com/assets/moveinready-photos/41/2600361A/41-2600361A-ORG-688798814be14.jpg,https://cdn2.marondahomes.com/assets/moveinready-photos/41/2600361A/41-2600361A-LRG-688798da538e5.jpg"
https://www.marondahomes.com/va/winchester/abrams-pointe-22602/job-ap20301.html,,Abrams Pointe,,,"159 Williamson Rd, Winchester, VA 22602",Winchester,VA,22602,Frederick County,Sun: 12:00 PM-5:00 PM | Mon: 10:00 AM-5:00 PM | Tue: 10:00 AM-5:00 PM | Wed: 10:00 AM-5:00 PM | Thu: 10:00 AM-5:00 PM | Fri: 10:00 AM-5:00 PM | Sat: 11:00 AM-5:00 PM,571-322-8831,https://www.marondahomes.com/,,Maronda Homes,SFD,Y,,,Y,2,,Y,Shopping | Dining | Parks | Golf | Fitness | Hospitals,,"Welcome home to Abrams Pointe, new single-family homes on wooded cul-de-sac streets in the heart of an established Winchester neighborhood. New model now open - schedule your tour today!",,,,,,,,,,,,,,,,,,,,,,,,Avalon,,2,2,,,Garage,,2,1494,3614,599990,749990,,,,,,"https://cdn2.marondahomes.com/assets/moveinready-photos/71/AP20301/71-AP20301-ORG-687a9bb371379.png,https://cdn2.marondahomes.com/assets/moveinready-photos/71/AP20301/71-AP20301-ORG-685456098c71b.jpeg,https://cdn2.marondahomes.com/assets/moveinready-photos/71/AP20301/71-AP20301-ORG-685455e562a2d.jpeg,https://cdn2.marondahomes.com/assets/moveinready-photos/71/AP20301/71-AP20301-ORG-685455f629c0f.jpeg,https://cdn2.marondahomes.com/assets/moveinready-photos/71/AP20301/71-AP20301-ORG-685456049af09.jpeg,https://cdn2.marondahomes.com/assets/moveinready-photos/71/AP20301/71-AP20301-ORG-685455db00eb2.jpeg,https://cdn2.marondahomes.com/assets/moveinready-photos/71/AP20301/71-AP20301-ORG-685455e078732.jpeg,https://cdn2.marondahomes.com/assets/moveinready-photos/71/AP20301/71-AP20301-ORG-685455ea0c9db.jpeg,https://cdn2.marondahomes.com/assets/moveinready-photos/71/AP20301/71-AP20301-ORG-685455fae4054.jpeg,https://cdn2.marondahomes.com/assets/moveinready-photos/71/AP20301/71-AP20301-ORG-685455ff94c20.jpeg,https://cdn2.marondahomes.com/assets/moveinready-photos/71/AP20301/71-AP20301-ORG-689a26242c537.png,https://cdn2.marondahomes.com/assets/moveinready-photos/71/AP20301/71-AP20301-LRG-687a9bb371379.jpg"
https://www.marondahomes.com/fl/alachua/briarwood-32615/job-9ba00501.html,,Briarwood,,,"17219 Nw 173rd Dr, Alachua, FL 32615",Alachua,FL,32615,Alachua County,Sun: 12:00 PM-6:00 PM | Mon: 12:00 PM-6:00 PM | Tue: 10:00 AM-6:00 PM | Wed: 10:00 AM-6:00 PM | Thu: 10:00 AM-6:00 PM | Fri: 10:00 AM-6:00 PM | Sat: 10:00 AM-6:00 PM,904-606-8849,https://www.marondahomes.com/,,Maronda Homes,SFD,Y,,,Y,2,,Y,Shopping | Dining | Parks | Fitness | Hospitals,,"Briarwood offers the best value for a new home in Alachua. Offering block construction and 3 car garages on select home designs, just 15 minutes from Gainesville. Schedule your personalized visit today!",,,,,,,,,,,,,,,,,,,,,,,,Drexel,,3,2,,,Garage,,2,1988,3059,409900,459900,,,,,,"https://cdn2.marondahomes.com/assets/moveinready-photos/43/9BA00501/43-9BA00501-ORG-69b0749ab8aa3.png,https://cdn2.marondahomes.com/assets/moveinready-photos/43/9BA00501/43-9BA00501-ORG-69b074c6cc7c1.jpg,https://cdn2.marondahomes.com/assets/moveinready-photos/43/9BA00501/43-9BA00501-ORG-69b074c96deb9.jpg,https://cdn2.marondahomes.com/assets/moveinready-photos/43/9BA00501/43-9BA00501-ORG-69b074ca57709.jpg,https://cdn2.marondahomes.com/assets/moveinready-photos/43/9BA00501/43-9BA00501-ORG-69b074cb3c529.jpg,https://cdn2.marondahomes.com/assets/moveinready-photos/43/9BA00501/43-9BA00501-ORG-69b074cc1e202.jpg,https://cdn2.marondahomes.com/assets/moveinready-photos/43/9BA00501/43-9BA00501-ORG-69b074cd00f78.jpg,https://cdn2.marondahomes.com/assets/moveinready-photos/43/9BA00501/43-9BA00501-ORG-69b074cdd5f81.jpg,https://cdn2.marondahomes.com/assets/moveinready-photos/43/9BA00501/43-9BA00501-ORG-69b074cebf6da.jpg,https://cdn2.marondahomes.com/assets/moveinready-photos/43/9BA00501/43-9BA00501-ORG-69b074eaca5c0.jpg,https://cdn2.marondahomes.com/assets/moveinready-photos/43/9BA00501/43-9BA00501-ORG-69b074ebebcb0.jpg,https://cdn2.marondahomes.com/assets/moveinready-photos/43/9BA00501/43-9BA00501-ORG-69b074ee63b40.jpg,https://cdn2.marondahomes.com/assets/moveinready-photos/43/9BA00501/43-9BA00501-ORG-69b074ef33457.jpg,https://cdn2.marondahomes.com/assets/moveinready-photos/43/9BA00501/43-9BA00501-ORG-69b074f005b29.jpg,https://cdn2.marondahomes.com/assets/moveinready-photos/43/9BA00501/43-9BA00501-ORG-69b074f0ccb32.jpg,https://cdn2.marondahomes.com/assets/moveinready-photos/43/9BA00501/43-9BA00501-ORG-69b074f1a2286.jpg,https://cdn2.marondahomes.com/assets/moveinready-photos/43/9BA00501/43-9BA00501-ORG-69b074f271e5e.jpg,https://cdn2.marondahomes.com/assets/moveinready-photos/43/9BA00501/43-9BA00501-ORG-69b074f415924.jpg,https://cdn2.marondahomes.com/assets/moveinready-photos/43/9BA00501/43-9BA00501-ORG-69b074f4d5f56.jpg,https://cdn2.marondahomes.com/assets/moveinready-photos/43/9BA00501/43-9BA00501-ORG-69b074f67bead.jpg,https://cdn2.marondahomes.com/assets/moveinready-photos/43/9BA00501/43-9BA00501-ORG-69b075090770a.jpg,https://cdn2.marondahomes.com/assets/moveinready-photos/43/9BA00501/43-9BA00501-ORG-69b0750c869f7.jpg,https://cdn2.marondahomes.com/assets/moveinready-photos/43/9BA00501/43-9BA00501-ORG-69b0750d52875.jpg,https://cdn2.marondahomes.com/assets/moveinready-photos/43/9BA00501/43-9BA00501-ORG-69b0750e1d62d.jpg,https://cdn2.marondahomes.com/assets/moveinready-photos/43/9BA00501/43-9BA00501-ORG-69b0750ed718a.jpg,https://cdn2.marondahomes.com/assets/moveinready-photos/43/9BA00501/43-9BA00501-ORG-69b075112c2ab.jpg,https://cdn2.marondahomes.com/assets/moveinready-photos/43/9BA00501/43-9BA00501-ORG-69b0751513300.jpg,https://cdn2.marondahomes.com/assets/moveinready-photos/43/9BA00501/43-9BA00501-ORG-69b07515d48bb.jpg,https://cdn2.marondahomes.com/assets/moveinready-photos/43/9BA00501/43-9BA00501-ORG-69b07511e6701.jpg,https://cdn2.marondahomes.com/assets/moveinready-photos/43/9BA00501/43-9BA00501-ORG-69b075137f61d.jpg,https://cdn2.marondahomes.com/assets/moveinready-photos/43/9BA00501/43-9BA00501-ORG-69b07512b3bb2.jpg,https://cdn2.marondahomes.com/assets/moveinready-photos/43/9BA00501/43-9BA00501-ORG-69b075144b78e.jpg,https://cdn2.marondahomes.com/assets/moveinready-photos/43/9BA00501/43-9BA00501-ORG-69b075177e916.jpg,https://cdn2.marondahomes.com/assets/moveinready-photos/43/9BA00501/43-9BA00501-ORG-69b0752db5ef9.jpg,https://cdn2.marondahomes.com/assets/moveinready-photos/43/9BA00501/43-9BA00501-ORG-69b07535c70c3.jpg,https://cdn2.marondahomes.com/assets/moveinready-photos/43/9BA00501/43-9BA00501-ORG-69b0753076777.jpg,https://cdn2.marondahomes.com/assets/moveinready-photos/43/9BA00501/43-9BA00501-ORG-69b07531edc96.jpg,https://cdn2.marondahomes.com/assets/moveinready-photos/43/9BA00501/43-9BA00501-ORG-69b07532b07bd.jpg,https://cdn2.marondahomes.com/assets/moveinready-photos/43/9BA00501/43-9BA00501-ORG-69b075343bea2.jpg,https://cdn2.marondahomes.com/assets/moveinready-photos/43/9BA00501/43-9BA00501-ORG-69b0753502553.jpg,https://cdn2.marondahomes.com/assets/moveinready-photos/43/9BA00501/43-9BA00501-ORG-69b0752f224c0.jpg,https://cdn2.marondahomes.com/assets/moveinready-photos/43/9BA00501/43-9BA00501-ORG-69b0752fc1359.jpg,https://cdn2.marondahomes.com/assets/moveinready-photos/43/9ES09301/43-9ES09301-LRG-69b1d27fa67e7.jpg,https://cdn2.marondahomes.com/assets/moveinready-photos/43/9BA00501/43-9BA00501-LRG-69b0749ab8aa3.jpg"
https://www.marondahomes.com/fl/haines-city/hammock-reserve-33844/job-2hm07301.html,,Hammock Reserve,,,"5587 Maddie Drive, Haines City, FL 33844",Haines City,FL,33844,Polk County,Sun: 12:00 PM-6:00 PM | Mon: 12:00 PM-6:00 PM | Tue: 10:00 AM-6:00 PM | Wed: 10:00 AM-6:00 PM | Thu: Closed | Fri: Closed | Sat: 10:00 AM-6:00 PM,407-305-7632,https://www.marondahomes.com/,,Maronda Homes,SFD,,,,Y,2,,Y,Shopping | Dining | Parks | Golf | Fitness | Hospitals,,"Hammock Reserve is a new, single-family community located in the heart of Haines City, Florida, near stunning Lake Marion. Reach out to learn about our home designs!",,,,,,,,,,,,,,,,,,,,,,,,Lexington,"Welcome to the Lexington 4-bedroom, 2.5-bath by Maronda Homes. This open-concept home features a spacious great room, dining area, and modern kitchen with an island and all appliances included. Elegant stair railing leads to a versatile loft and three additional bedrooms upstairs. First-floor primary suite offers dual vanities, a walk-in closet, and a luxurious bath. Additional highlights include a 2-car garage, a convenient drop zone, and a laundry room. Thoughtfully designed for family living and entertaining, this home combines style, functionality, and comfort.",4,2,1,,Garage,,2,2072,2072,347990,350000,,,,,,"https://cdn2.marondahomes.com/assets/moveinready-photos/41/2HM07301/41-2HM07301-ORG-698a3e04a6291.png,https://cdn2.marondahomes.com/assets/moveinready-photos/41/2HM07301/41-2HM07301-ORG-6965046389a73.jpeg,https://cdn2.marondahomes.com/assets/moveinready-photos/41/2HM07301/41-2HM07301-ORG-6965046a9441a.jpeg,https://cdn2.marondahomes.com/assets/moveinready-photos/41/2HM07301/41-2HM07301-ORG-6965047154a9c.jpeg,https://cdn2.marondahomes.com/assets/moveinready-photos/41/2HM07301/41-2HM07301-ORG-6965047b36ca3.jpeg,https://cdn2.marondahomes.com/assets/moveinready-photos/41/2HM07301/41-2HM07301-ORG-6965048478036.jpeg,https://cdn2.marondahomes.com/assets/moveinready-photos/41/2HM07301/41-2HM07301-ORG-6965048b1adc4.jpeg,https://cdn2.marondahomes.com/assets/moveinready-photos/41/2HM07301/41-2HM07301-ORG-69650491df644.jpeg,https://cdn2.marondahomes.com/assets/moveinready-photos/41/2HM07301/41-2HM07301-LRG-698a3e04a6291.jpg"
https://www.marondahomes.com/oh/cleves/indian-walk-45002/job-iw026801.html,,Indian Walk,,,"8762 Foxglove Lane, Cleves, OH 45002",Cleves,OH,45002,Hamilton County,Sun: 12:00 PM-6:00 PM | Mon: 10:00 AM-6:00 PM | Tue: 10:00 AM-6:00 PM | Wed: 12:00 PM-6:00 PM | Thu: Appointments Only | Fri: Appointments Only | Sat: 10:00 AM-6:00 PM,513-224-5577,https://www.marondahomes.com/,,Maronda Homes,SFD,Y,,,Y,2,,Y,Shopping | Dining | Parks | Golf | Fitness,,"Introducing Indian Walk, the only new single-family homes with a grand community boulevard, stocked fishing lake and included brick fronts in Miami Heights. This beautiful wooded community is part of the Three Rivers Local School District in Cleves, OH, with homesites backing up to the Mitchell Memorial Forest. Visit us at our model today!",,,,,,,,,,,,,,,,,,,,,,,,Rockford,"This brand new construction Rockford by Maronda Homes, in the beautiful Indian Walk community, features 2,267 sq ft with a full, unfinished, walkout basement on a wooded cul-de-sac homesite. An energy efficient, open concept home featuring a kitchen with island, pantry, & sunroom, 4 bedrooms, 2.5 baths, study/den, 1st floor 9' ceilings, 42 cabinets, Owner's Suite with resort style bathroom, luxury vinyl plank and carpet flooring, 2nd floor laundry, and craftsman styling throughout. 1/2/10 warranty included. Reduced interest rates available! Three Rivers Local Schools",4,2,1,,Garage,,2,2267,4566,474990,579990,,,,,,"https://cdn2.marondahomes.com/assets/moveinready-photos/17/IW026801/17-IW026801-ORG-683b7c5353a13.jpg,https://cdn2.marondahomes.com/assets/moveinready-photos/17/IW026801/17-IW026801-ORG-683b7c28b9652.jpg,https://cdn2.marondahomes.com/assets/moveinready-photos/17/IW026801/17-IW026801-ORG-683b7c6568390.jpg,https://cdn2.marondahomes.com/assets/moveinready-photos/17/IW026801/17-IW026801-ORG-683b7c16d1fd3.jpg,https://cdn2.marondahomes.com/assets/moveinready-photos/17/IW026801/17-IW026801-ORG-683b7c38db825.jpg,https://cdn2.marondahomes.com/assets/moveinready-photos/17/IW026801/17-IW026801-ORG-683db72e3eabf.jpg,https://cdn2.marondahomes.com/assets/moveinready-photos/17/IW026801/17-IW026801-ORG-683db79b0c437.jpg,https://cdn2.marondahomes.com/assets/moveinready-photos/17/IW026801/17-IW026801-ORG-683db7e16a09e.jpg,https://cdn2.marondahomes.com/assets/moveinready-photos/17/IW026801/17-IW026801-ORG-683db776ae1e2.jpg,https://cdn2.marondahomes.com/assets/moveinready-photos/17/IW026801/17-IW026801-ORG-683db7f15a839.jpg,https://cdn2.marondahomes.com/assets/moveinready-photos/17/IW026801/17-IW026801-ORG-683db80ccbb59.jpg,https://cdn2.marondahomes.com/assets/moveinready-photos/17/IW026801/17-IW026801-ORG-683db7fe0002c.jpg,https://cdn2.marondahomes.com/assets/moveinready-photos/17/IW026801/17-IW026801-ORG-683db78dcdfc3.jpg,https://cdn2.marondahomes.com/assets/moveinready-photos/17/IW026801/17-IW026801-ORG-683db630b1ad5.jpg,https://cdn2.marondahomes.com/assets/moveinready-photos/17/IW026801/17-IW026801-ORG-683db616ab688.jpg,https://cdn2.marondahomes.com/assets/moveinready-photos/17/IW026801/17-IW026801-ORG-683db60c7e849.jpg,https://cdn2.marondahomes.com/assets/moveinready-photos/17/IW026801/17-IW026801-ORG-683db5ffc1fc7.jpg,https://cdn2.marondahomes.com/assets/moveinready-photos/17/IW026801/17-IW026801-ORG-683db6c872d48.jpg,https://cdn2.marondahomes.com/assets/moveinready-photos/17/IW026801/17-IW026801-ORG-683db6b948a15.jpg,https://cdn2.marondahomes.com/assets/moveinready-photos/17/IW026801/17-IW026801-ORG-683db68e3d88c.jpg,https://cdn2.marondahomes.com/assets/moveinready-photos/17/IW026801/17-IW026801-ORG-683db69d1b484.jpg,https://cdn2.marondahomes.com/assets/moveinready-photos/17/IW026801/17-IW026801-ORG-683db6216eda5.jpg,https://cdn2.marondahomes.com/assets/moveinready-photos/17/IW026801/17-IW026801-ORG-683db64e3a0ad.jpg,https://cdn2.marondahomes.com/assets/moveinready-photos/17/IW026801/17-IW026801-ORG-683db65e870c7.jpg,https://cdn2.marondahomes.com/assets/moveinready-photos/17/IW026801/17-IW026801-ORG-683db66b2b132.jpg,https://cdn2.marondahomes.com/assets/moveinready-photos/17/IW026801/17-IW026801-ORG-683db6f01bb13.jpg,https://cdn2.marondahomes.com/assets/moveinready-photos/17/IW026801/17-IW026801-ORG-683db6761ac9b.jpg,https://cdn2.marondahomes.com/assets/moveinready-photos/17/IW026801/17-IW026801-ORG-683db6823d303.jpg,https://cdn2.marondahomes.com/assets/moveinready-photos/17/IW026801/17-IW026801-ORG-683db6a8c79a5.jpg,https://cdn2.marondahomes.com/assets/moveinready-photos/17/IW026801/17-IW026801-ORG-683db6d474f0c.jpg,https://cdn2.marondahomes.com/assets/moveinready-photos/17/IW026801/17-IW026801-ORG-683db70995a98.jpg,https://cdn2.marondahomes.com/assets/moveinready-photos/17/IW026801/17-IW026801-ORG-683db7394bc8f.jpg,https://cdn2.marondahomes.com/assets/moveinready-photos/17/IW026801/17-IW026801-ORG-683db7445686e.jpg,https://cdn2.marondahomes.com/assets/moveinready-photos/17/IW026801/17-IW026801-ORG-683db84090d8c.jpg,https://cdn2.marondahomes.com/assets/moveinready-photos/17/IW026801/17-IW026801-ORG-683db7c4caf38.jpg,https://cdn2.marondahomes.com/assets/moveinready-photos/17/IW026801/17-IW026801-ORG-683db7d31abea.jpg,https://cdn2.marondahomes.com/assets/moveinready-photos/17/IW026801/17-IW026801-ORG-683db76cdf428.jpg,https://cdn2.marondahomes.com/assets/moveinready-photos/17/IW026801/17-IW026801-ORG-683db82e08560.jpg,https://cdn2.marondahomes.com/assets/moveinready-photos/17/IW026801/17-IW026801-LRG-683b7c5353a13.jpg"
https://www.marondahomes.com/fl/port-charlotte/port-charlotte-33954/job-7pc43098.html,,Port Charlotte,,,"22500 Provance Ave, Port Charlotte, FL 33954",Port Charlotte,FL,33954,Charlotte County,Sun: 12:00 PM-6:00 PM | Mon: 12:00 PM-6:00 PM | Tue: 10:00 AM-6:00 PM | Wed: 10:00 AM-6:00 PM | Thu: 10:00 AM-6:00 PM | Fri: 10:00 AM-6:00 PM | Sat: 10:00 AM-6:00 PM,863-591-5670,https://www.marondahomes.com/,,Maronda Homes,,Y,,,Y,2,,Y,Shopping | Dining | Parks | Golf | Fitness | Hospitals,,"Personalized new homes in Port Charlotte with flexible floor plans, long-term value, and the option to build on your lot or one we purchase for you. Visit our model home today!",,,,,,,,,,,,,,,,,,,,,,,,Drexel,"Step into the stunning Drexel Model, where style and function meet. This thoughtfully designed home offers 3 spacious bedrooms, 2 full baths, and a versatile flex room—perfect for a home office, den, or playroom. The open-concept living area flows seamlessly to a screened lanai, ideal for relaxing or entertaining. Beautiful ceramic plank flooring runs throughout, adding warmth and durability, while the granite countertops in the kitchen and baths provide an elevated touch of elegance. A generous 2-car garage offers convenience and storage, making this home as practical as it is beautiful. This can be yours by September!",3,2,,,Garage,,2,1988,3282,389900,414900,,,,,,"https://cdn2.marondahomes.com/assets/moveinready-photos/44/7PC43098/44-7PC43098-ORG-698a882ae68c7.jpeg,https://cdn2.marondahomes.com/assets/moveinready-photos/44/7PC43098/44-7PC43098-ORG-6982119213d41.jpg,https://cdn2.marondahomes.com/assets/moveinready-photos/44/7PC43098/44-7PC43098-ORG-6982118c66589.jpg,https://cdn2.marondahomes.com/assets/moveinready-photos/44/7PC43098/44-7PC43098-ORG-69821196d6d6d.jpg,https://cdn2.marondahomes.com/assets/moveinready-photos/44/7PC43098/44-7PC43098-ORG-6982118f9d1c3.jpg,https://cdn2.marondahomes.com/assets/moveinready-photos/44/7PC43098/44-7PC43098-ORG-698a877515161.jpeg,https://cdn2.marondahomes.com/assets/moveinready-photos/44/7PC43098/44-7PC43098-ORG-698a880c35b22.jpeg,https://cdn2.marondahomes.com/assets/moveinready-photos/44/7PC43098/44-7PC43098-ORG-698a8812525d2.jpeg,https://cdn2.marondahomes.com/assets/moveinready-photos/44/7PC43098/44-7PC43098-ORG-698a879100975.jpeg,https://cdn2.marondahomes.com/assets/moveinready-photos/44/7PC43098/44-7PC43098-ORG-698211986fec1.jpg,https://cdn2.marondahomes.com/assets/moveinready-photos/44/7PC43098/44-7PC43098-ORG-6982119142d64.jpg,https://cdn2.marondahomes.com/assets/moveinready-photos/44/7PC43098/44-7PC43098-ORG-698211993f730.jpg,https://cdn2.marondahomes.com/assets/moveinready-photos/44/7PC43098/44-7PC43098-ORG-698a8807008de.jpeg,https://cdn2.marondahomes.com/assets/moveinready-photos/44/7PC43098/44-7PC43098-ORG-6982118ec9ebd.jpg,https://cdn2.marondahomes.com/assets/moveinready-photos/44/7PC43098/44-7PC43098-ORG-6982119b4f548.jpg,https://cdn2.marondahomes.com/assets/moveinready-photos/44/7PC43098/44-7PC43098-ORG-69821193a7e2f.jpg,https://cdn2.marondahomes.com/assets/moveinready-photos/44/7PC43098/44-7PC43098-ORG-69821189281a0.jpg,https://cdn2.marondahomes.com/assets/moveinready-photos/44/7PC43098/44-7PC43098-ORG-69821189f21d3.jpg,https://cdn2.marondahomes.com/assets/moveinready-photos/44/7PC43098/44-7PC43098-ORG-69821192d6fe5.jpg,https://cdn2.marondahomes.com/assets/moveinready-photos/44/7PC43098/44-7PC43098-ORG-6982118b9a1a4.jpg,https://cdn2.marondahomes.com/assets/moveinready-photos/44/7PC43098/44-7PC43098-ORG-698211885c46c.jpg,https://cdn2.marondahomes.com/assets/moveinready-photos/44/7PC43098/44-7PC43098-ORG-6982118d352b2.jpg,https://cdn2.marondahomes.com/assets/moveinready-photos/44/7PC43098/44-7PC43098-ORG-6982118ac79d7.jpg,https://cdn2.marondahomes.com/assets/moveinready-photos/44/7PC43098/44-7PC43098-ORG-698211907086d.jpg,https://cdn2.marondahomes.com/assets/moveinready-photos/44/7PC43098/44-7PC43098-ORG-698a87a5251fd.jpeg,https://cdn2.marondahomes.com/assets/moveinready-photos/44/7PC43098/44-7PC43098-ORG-69821197a268d.jpg,https://cdn2.marondahomes.com/assets/moveinready-photos/44/7PC43098/44-7PC43098-ORG-698a87becc95c.jpeg,https://cdn2.marondahomes.com/assets/moveinready-photos/44/7PC43098/44-7PC43098-ORG-698a87b7e0d97.jpeg,https://cdn2.marondahomes.com/assets/moveinready-photos/44/7PC43098/44-7PC43098-ORG-6982119c1665e.jpg,https://cdn2.marondahomes.com/assets/moveinready-photos/44/7PC43098/44-7PC43098-ORG-698a876071167.jpeg,https://cdn2.marondahomes.com/assets/moveinready-photos/44/7PC43098/44-7PC43098-ORG-698a8767d6a4f.jpeg,https://cdn2.marondahomes.com/assets/moveinready-photos/44/7PC43098/44-7PC43098-ORG-698a87c623a1a.jpeg,https://cdn2.marondahomes.com/assets/moveinready-photos/44/7PC43098/44-7PC43098-ORG-698a879822709.jpeg,https://cdn2.marondahomes.com/assets/moveinready-photos/44/7PC43098/44-7PC43098-ORG-698a881b7e215.jpeg,https://cdn2.marondahomes.com/assets/moveinready-photos/44/7PC43098/44-7PC43098-ORG-698a882622faf.jpeg,https://cdn2.marondahomes.com/assets/moveinready-photos/44/7PC43098/44-7PC43098-ORG-698a87f754c9e.jpeg,https://cdn2.marondahomes.com/assets/moveinready-photos/44/7PC43098/44-7PC43098-ORG-698a879e434b9.jpeg,https://cdn2.marondahomes.com/assets/moveinready-photos/44/7PC43098/44-7PC43098-ORG-698a883423e2b.jpeg,https://cdn2.marondahomes.com/assets/moveinready-photos/44/7PC43098/44-7PC43098-ORG-698a87cdcf89c.jpeg,https://cdn2.marondahomes.com/assets/moveinready-photos/44/7PC43098/44-7PC43098-ORG-698a87fc7e4e3.jpeg,https://cdn2.marondahomes.com/assets/moveinready-photos/44/7PC43098/44-7PC43098-ORG-6982119a035a7.jpg,https://cdn2.marondahomes.com/assets/moveinready-photos/44/7PC43098/44-7PC43098-ORG-6982119a9d0a0.jpg,https://cdn2.marondahomes.com/assets/moveinready-photos/44/7PC43098/44-7PC43098-ORG-698a87439def1.jpeg,https://cdn2.marondahomes.com/assets/moveinready-photos/44/7PC43098/44-7PC43098-ORG-698a87493a14f.jpeg,https://cdn2.marondahomes.com/assets/moveinready-photos/44/7PC43098/44-7PC43098-ORG-698a87512e577.jpeg,https://cdn2.marondahomes.com/assets/moveinready-photos/44/7B212515/44-7B212515-LRG-694acae0cf4a1.jpg,https://cdn2.marondahomes.com/assets/moveinready-photos/44/7BV14303/44-7BV14303-LRG-67361b18c7c23.jpg,https://cdn2.marondahomes.com/assets/moveinready-photos/44/7K662600/44-7K662600-LRG-6944600e92ab9.jpg,https://cdn2.marondahomes.com/assets/moveinready-photos/44/7K211131/44-7K211131-LRG-6939af1d5fdc0.jpg,https://cdn2.marondahomes.com/assets/moveinready-photos/44/7K443629/44-7K443629-LRG-69373baf21071.jpg,https://cdn2.marondahomes.com/assets/moveinready-photos/44/7K044008/44-7K044008-LRG-69971e6e8f568.jpg,https://cdn2.marondahomes.com/assets/moveinready-photos/44/7K033630/44-7K033630-LRG-6949a56435980.jpg,https://cdn2.marondahomes.com/assets/moveinready-photos/44/7PC43098/44-7PC43098-LRG-698a882ae68c7.jpg,https://cdn2.marondahomes.com/assets/moveinready-photos/44/7HS00121/44-7HS00121-LRG-69a8ac1ebf547.jpg,https://cdn2.marondahomes.com/assets/moveinready-photos/44/7HS00002/44-7HS00002-LRG-697cccb51e33b.jpg,https://cdn2.marondahomes.com/assets/moveinready-photos/44/7CT12257/44-7CT12257-LRG-68fbb034cde09.jpg,https://cdn2.marondahomes.com/assets/moveinready-photos/44/7AW00201/44-7AW00201-LRG-698a420569281.jpg"
https://www.marondahomes.com/fl/haines-city/hammock-reserve-33844/job-2hm06201.html,,Hammock Reserve,,,"5543 Maddie Drive, Haines City, FL 33844",Haines City,FL,33844,Polk County,Sun: 12:00 PM-6:00 PM | Mon: 12:00 PM-6:00 PM | Tue: 10:00 AM-6:00 PM | Wed: 10:00 AM-6:00 PM | Thu: Closed | Fri: Closed | Sat: 10:00 AM-6:00 PM,407-305-7632,https://www.marondahomes.com/,,Maronda Homes,SFD,,,,Y,2,,Y,Shopping | Dining | Parks | Golf | Fitness | Hospitals,,"Hammock Reserve is a new, single-family community located in the heart of Haines City, Florida, near stunning Lake Marion. Reach out to learn about our home designs!",,,,,,,,,,,,,,,,,,,,,,,,Ventura,,3,2,,,Garage,,2,1562,2072,314990,350000,,,,,,"https://cdn2.marondahomes.com/assets/moveinready-photos/41/2HM06201/41-2HM06201-ORG-68c449c427a70.jpg,https://cdn2.marondahomes.com/assets/moveinready-photos/41/2HM06201/41-2HM06201-ORG-69aad55b189d2.jpg,https://cdn2.marondahomes.com/assets/moveinready-photos/41/2HM06201/41-2HM06201-ORG-68c449cf753c7.jpg,https://cdn2.marondahomes.com/assets/moveinready-photos/41/2HM06201/41-2HM06201-ORG-68c449d4712cc.jpg,https://cdn2.marondahomes.com/assets/moveinready-photos/41/2HM06201/41-2HM06201-ORG-69aad562c41bd.jpg,https://cdn2.marondahomes.com/assets/moveinready-photos/41/2HM06201/41-2HM06201-ORG-69aad5877c534.jpg,https://cdn2.marondahomes.com/assets/moveinready-photos/41/2HM06201/41-2HM06201-ORG-69aad5815fb11.jpg,https://cdn2.marondahomes.com/assets/moveinready-photos/41/2HM06201/41-2HM06201-ORG-68c449eed4d3b.jpg,https://cdn2.marondahomes.com/assets/moveinready-photos/41/2HM06201/41-2HM06201-ORG-68c449c9e3c73.jpg,https://cdn2.marondahomes.com/assets/moveinready-photos/41/2HM06201/41-2HM06201-ORG-68c449e9ca388.jpg,https://cdn2.marondahomes.com/assets/moveinready-photos/41/2HM06201/41-2HM06201-ORG-69aad5ae3b743.jpg,https://cdn2.marondahomes.com/assets/moveinready-photos/41/2HM06201/41-2HM06201-ORG-69aad5797307d.jpg,https://cdn2.marondahomes.com/assets/moveinready-photos/41/2HM06201/41-2HM06201-ORG-68c449d99eae5.jpg,https://cdn2.marondahomes.com/assets/moveinready-photos/41/2HM06201/41-2HM06201-ORG-69aad5541a3b2.jpg,https://cdn2.marondahomes.com/assets/moveinready-photos/41/2HM06201/41-2HM06201-ORG-69aad571606a6.jpg,https://cdn2.marondahomes.com/assets/moveinready-photos/41/2HM06201/41-2HM06201-ORG-68c449deb2641.jpg,https://cdn2.marondahomes.com/assets/moveinready-photos/41/2HM06201/41-2HM06201-ORG-69aad5b47d1e4.jpg,https://cdn2.marondahomes.com/assets/moveinready-photos/41/2HM06201/41-2HM06201-LRG-68c449c427a70.jpg,https://cdn2.marondahomes.com/assets/moveinready-photos/41/2HM06001/41-2HM06001-LRG-68dc21a5d42de.jpg,https://cdn2.marondahomes.com/assets/moveinready-photos/41/2LD1972A/41-2LD1972A-LRG-698b4717c6815.jpg"
https://www.marondahomes.com/fl/haines-city/lake-deer-estates-33844/job-2ld1972a.html,,Lake Deer Estates,,,"3884 Bluethread Way Poinciana, Haines City, FL 34759",Haines City,FL,34759,Polk County,Sun: 12:00 PM-6:00 PM | Mon: 12:00 PM-6:00 PM | Tue: 10:00 AM-6:00 PM | Wed: 10:00 AM-6:00 PM | Thu: 10:00 AM-6:00 PM | Fri: 10:00 AM-6:00 PM | Sat: 10:00 AM-6:00 PM,407-305-7632,https://www.marondahomes.com/,,Maronda Homes,SFD,Y,,,Y,2,,Y,Shopping | Dining | Parks | Hospitals,,"Welcome Home to Lake Deer Estates, featuring the most personalization for a brand new home 1 mile from Poinciana Park with resort style amenities. Now selling, secure your appointment today! Hablamos español.",,,,,,,,,,,,,,,,,,,,,,,,Ventura,"Enjoy peaceful living in this four-bedroom, two-bath home featuring a private backyard with no rear neighbors and a beautiful water view you can take in from the lanai—perfect for watching Florida sunsets. The open layout offers both comfort and affordability, making it easy to feel right at home. Located in a welcoming community with a pool, playground, and dog park, this home also includes all Samsung appliances, including refrigerator, washer, and dryer, for added convenience. A rare opportunity to enjoy privacy, views, and value all in one.",3,2,,,Garage,,2,1562,3059,279990,389990,,,,,,"https://cdn2.marondahomes.com/assets/moveinready-photos/41/2LD1972A/41-2LD1972A-ORG-698b4717c6815.png,https://cdn2.marondahomes.com/assets/moveinready-photos/41/2LD1972A/41-2LD1972A-ORG-698a81ca64260.jpg,https://cdn2.marondahomes.com/assets/moveinready-photos/41/2LD1972A/41-2LD1972A-ORG-698a81d11db2f.jpg,https://cdn2.marondahomes.com/assets/moveinready-photos/41/2LD1972A/41-2LD1972A-ORG-698a81fc84ff2.jpg,https://cdn2.marondahomes.com/assets/moveinready-photos/41/2LD1972A/41-2LD1972A-ORG-698a81d8927ff.jpg,https://cdn2.marondahomes.com/assets/moveinready-photos/41/2LD1972A/41-2LD1972A-ORG-698a81df0339d.jpg,https://cdn2.marondahomes.com/assets/moveinready-photos/41/2LD1972A/41-2LD1972A-ORG-698a8201f3d0d.jpg,https://cdn2.marondahomes.com/assets/moveinready-photos/41/2LD1972A/41-2LD1972A-ORG-698a81f6e66e0.jpg,https://cdn2.marondahomes.com/assets/moveinready-photos/41/2LD1972A/41-2LD1972A-ORG-698a81e52359c.jpg,https://cdn2.marondahomes.com/assets/moveinready-photos/41/2LD1972A/41-2LD1972A-ORG-698a81eb93a71.jpg,https://cdn2.marondahomes.com/assets/moveinready-photos/41/2LD1972A/41-2LD1972A-ORG-698a81f1d1937.jpg,https://cdn2.marondahomes.com/assets/moveinready-photos/41/2LD1972A/41-2LD1972A-ORG-698a820759b01.jpg,https://cdn2.marondahomes.com/assets/moveinready-photos/41/2LD1972A/41-2LD1972A-ORG-698a8213513ff.jpg,https://cdn2.marondahomes.com/assets/moveinready-photos/41/2LD1972A/41-2LD1972A-ORG-698a820ca5871.jpg,https://cdn2.marondahomes.com/assets/moveinready-photos/41/2LD1972A/41-2LD1972A-ORG-698a8219aef87.jpg,https://cdn2.marondahomes.com/assets/moveinready-photos/41/2HM06201/41-2HM06201-LRG-68c449c427a70.jpg,https://cdn2.marondahomes.com/assets/moveinready-photos/41/2HM06001/41-2HM06001-LRG-68dc21a5d42de.jpg,https://cdn2.marondahomes.com/assets/moveinready-photos/41/2LD1972A/41-2LD1972A-LRG-698b4717c6815.jpg"
https://www.marondahomes.com/fl/cape-coral/cape-coral-33914/job-7k662600.html,,Cape Coral,,,"324 Nw 1st Pl, Cape Coral, FL 33993",Cape Coral,FL,33993,Lee County,Sun: 12:00 PM-6:00 PM | Mon: 12:00 PM-6:00 PM | Tue: 10:00 AM-6:00 PM | Wed: 10:00 AM-6:00 PM | Thu: 10:00 AM-6:00 PM | Fri: 10:00 AM-6:00 PM | Sat: 10:00 AM-6:00 PM,,https://www.marondahomes.com/,,Maronda Homes,SFD,Y,,,Y,2,,Y,Shopping | Dining | Parks | Golf | Fitness | Hospitals,,"Cape Coral’s only builder offering true freedom—build on your lot, ours, or we’ll secure one for you. No HOA. No CDD. Just your home, your way.",,,,,,,,,,,,,,,,,,,,,,,,Drexel,,3,2,,,Garage,,2,1988,3282,369900,459900,,,,,,"https://cdn2.marondahomes.com/assets/moveinready-photos/44/7K662600/44-7K662600-ORG-6944600e92ab9.png,https://cdn2.marondahomes.com/assets/moveinready-photos/44/7K662600/44-7K662600-ORG-694460090fca6.png,https://cdn2.marondahomes.com/assets/moveinready-photos/44/7K662600/44-7K662600-ORG-69446015c927f.png,https://cdn2.marondahomes.com/assets/moveinready-photos/44/7K662600/44-7K662600-ORG-68ed10465748d.jpg,https://cdn2.marondahomes.com/assets/moveinready-photos/44/7K662600/44-7K662600-ORG-68ed104b2d70b.jpg,https://cdn2.marondahomes.com/assets/moveinready-photos/44/7K662600/44-7K662600-ORG-68ed104fcbad7.jpg,https://cdn2.marondahomes.com/assets/moveinready-photos/44/7K662600/44-7K662600-ORG-68ed10546fbf8.jpg,https://cdn2.marondahomes.com/assets/moveinready-photos/44/7K662600/44-7K662600-ORG-6944601d457b3.png,https://cdn2.marondahomes.com/assets/moveinready-photos/44/7K662600/44-7K662600-ORG-69446023445e4.png,https://cdn2.marondahomes.com/assets/moveinready-photos/44/7K662600/44-7K662600-ORG-6944602960ab3.png,https://cdn2.marondahomes.com/assets/moveinready-photos/44/7K662600/44-7K662600-ORG-6944603223b65.png,https://cdn2.marondahomes.com/assets/moveinready-photos/44/7K662600/44-7K662600-ORG-6944603816a3d.png,https://cdn2.marondahomes.com/assets/moveinready-photos/44/7K662600/44-7K662600-ORG-6944603dd2c5c.png,https://cdn2.marondahomes.com/assets/moveinready-photos/44/7K662600/44-7K662600-ORG-694462a7c4d5c.png,https://cdn2.marondahomes.com/assets/moveinready-photos/44/7B212515/44-7B212515-LRG-694acae0cf4a1.jpg,https://cdn2.marondahomes.com/assets/moveinready-photos/44/7BV14303/44-7BV14303-LRG-67361b18c7c23.jpg,https://cdn2.marondahomes.com/assets/moveinready-photos/44/7K662600/44-7K662600-LRG-6944600e92ab9.jpg,https://cdn2.marondahomes.com/assets/moveinready-photos/44/7K211131/44-7K211131-LRG-6939af1d5fdc0.jpg,https://cdn2.marondahomes.com/assets/moveinready-photos/44/7K443629/44-7K443629-LRG-69373baf21071.jpg,https://cdn2.marondahomes.com/assets/moveinready-photos/44/7K044008/44-7K044008-LRG-69971e6e8f568.jpg,https://cdn2.marondahomes.com/assets/moveinready-photos/44/7K033630/44-7K033630-LRG-6949a56435980.jpg,https://cdn2.marondahomes.com/assets/moveinready-photos/44/7PC43098/44-7PC43098-LRG-698a882ae68c7.jpg,https://cdn2.marondahomes.com/assets/moveinready-photos/44/7HS00121/44-7HS00121-LRG-69a8ac1ebf547.jpg,https://cdn2.marondahomes.com/assets/moveinready-photos/44/7HS00002/44-7HS00002-LRG-697cccb51e33b.jpg,https://cdn2.marondahomes.com/assets/moveinready-photos/44/7CT12257/44-7CT12257-LRG-68fbb034cde09.jpg,https://cdn2.marondahomes.com/assets/moveinready-photos/44/7AW00201/44-7AW00201-LRG-698a420569281.jpg"
https://www.marondahomes.com/fl/haines-city/lake-deer-estates-33844/job-2ld2042a.html,,Lake Deer Estates,,,"3844 Bluethread Way Poinciana, Haines City, FL 34759",Haines City,FL,34759,Polk County,Sun: 12:00 PM-6:00 PM | Mon: 12:00 PM-6:00 PM | Tue: 10:00 AM-6:00 PM | Wed: 10:00 AM-6:00 PM | Thu: 10:00 AM-6:00 PM | Fri: 10:00 AM-6:00 PM | Sat: 10:00 AM-6:00 PM,407-305-7632,https://www.marondahomes.com/,,Maronda Homes,SFD,Y,,,Y,2,,Y,Shopping | Dining | Parks | Hospitals,,"Welcome Home to Lake Deer Estates, featuring the most personalization for a brand new home 1 mile from Poinciana Park with resort style amenities. Now selling, secure your appointment today! Hablamos español.",,,,,,,,,,,,,,,,,,,,,,,,Victoria,"This single-story, three-bedroom, two-bath home offers comfort, privacy, and effortless living with no rear neighbors and a thoughtfully designed open layout. The kitchen features an impressive 11-foot island, perfect for gathering and entertaining, and comes fully equipped with all appliances included—refrigerator, washer, and dryer. Step outside to an oversized patio slab, ideal for relaxing or hosting outdoors. Located in a peaceful, friendly community with resort-style amenities, this home is perfect for those seeking ease, privacy, and everyday comfort.",3,2,,,Garage,,2,1492,3059,274990,389990,,,,,,"https://cdn2.marondahomes.com/assets/moveinready-photos/41/2LD2042A/41-2LD2042A-ORG-698a20e6ed2be.jpg,https://cdn2.marondahomes.com/assets/moveinready-photos/41/2LD2042A/41-2LD2042A-ORG-698a216c6628c.jpg,https://cdn2.marondahomes.com/assets/moveinready-photos/41/2LD2042A/41-2LD2042A-ORG-698a2149a55c8.jpg,https://cdn2.marondahomes.com/assets/moveinready-photos/41/2LD2042A/41-2LD2042A-ORG-698a2165c843e.jpg,https://cdn2.marondahomes.com/assets/moveinready-photos/41/2LD2042A/41-2LD2042A-ORG-69b2e0361b32a.png,https://cdn2.marondahomes.com/assets/moveinready-photos/41/2LD2042A/41-2LD2042A-ORG-698a21a896140.jpg,https://cdn2.marondahomes.com/assets/moveinready-photos/41/2LD2042A/41-2LD2042A-ORG-698a219bed73f.jpg,https://cdn2.marondahomes.com/assets/moveinready-photos/41/2LD2042A/41-2LD2042A-ORG-698a21a2042cd.jpg,https://cdn2.marondahomes.com/assets/moveinready-photos/41/2LD2042A/41-2LD2042A-ORG-698a218f9bbee.jpg,https://cdn2.marondahomes.com/assets/moveinready-photos/41/2LD2042A/41-2LD2042A-ORG-698a2195d8fa6.jpg,https://cdn2.marondahomes.com/assets/moveinready-photos/41/2LD2042A/41-2LD2042A-ORG-698a217d9904a.jpg,https://cdn2.marondahomes.com/assets/moveinready-photos/41/2LD2042A/41-2LD2042A-ORG-698a218455b92.jpg,https://cdn2.marondahomes.com/assets/moveinready-photos/41/2LD2042A/41-2LD2042A-ORG-698a2143ec8f2.jpg,https://cdn2.marondahomes.com/assets/moveinready-photos/41/2LD2042A/41-2LD2042A-ORG-698a21aeb7be5.jpg,https://cdn2.marondahomes.com/assets/moveinready-photos/41/2LD2042A/41-2LD2042A-ORG-698a21b501ea9.jpg,https://cdn2.marondahomes.com/assets/moveinready-photos/41/2HM07601/41-2HM07601-LRG-69c2f05a82ee7.jpg,https://cdn2.marondahomes.com/assets/moveinready-photos/41/2LD2042A/41-2LD2042A-LRG-698a20e6ed2be.jpg"
https://www.marondahomes.com/fl/citrus-springs/citrus-springs-34434/job-7ct12257.html,,Citrus Springs,,,"9825 N Angela Dr, Citrus Springs, FL 34433",Citrus Springs,FL,34433,Citrus County,Sun: 12:00 PM-6:00 PM | Mon: 12:00 PM-6:00 PM | Tue: 10:00 AM-6:00 PM | Wed: 10:00 AM-6:00 PM | Thu: 10:00 AM-6:00 PM | Fri: 10:00 AM-6:00 PM | Sat: 10:00 AM-6:00 PM,863-591-6631,https://www.marondahomes.com/,,Maronda Homes,SFD,Y,,,Y,2,,Y,Shopping | Dining | Parks | Golf,,"Escape the city life by choosing to live in Citrus Springs! Citrus Springs is a beautiful, quiet area located west of Ocala and south of Gainesville in Citrus County, Florida. Wedged between Dunnellon and Lecanto, Citrus Springs provides a small country feel that’s also close to city areas, shopping malls, and various beaches. Call today to learn more!",,,,,,,,,,,,,,,,,,,,,,,,Drexel,,3,2,,,Garage,,2,1988,2286,314900,350000,,,,,,"https://cdn2.marondahomes.com/assets/moveinready-photos/44/7CT12257/44-7CT12257-ORG-68fbb034cde09.jpg,https://cdn2.marondahomes.com/assets/moveinready-photos/44/7CT12257/44-7CT12257-ORG-68fbafeee0f8d.jpg,https://cdn2.marondahomes.com/assets/moveinready-photos/44/7CT12257/44-7CT12257-ORG-68fbb00f22ceb.jpg,https://cdn2.marondahomes.com/assets/moveinready-photos/44/7CT12257/44-7CT12257-ORG-68fbb015dbd4a.jpg,https://cdn2.marondahomes.com/assets/moveinready-photos/44/7CT12257/44-7CT12257-ORG-68fbb01d082da.jpg,https://cdn2.marondahomes.com/assets/moveinready-photos/44/7CT12257/44-7CT12257-ORG-68fbb023ddace.jpg,https://cdn2.marondahomes.com/assets/moveinready-photos/44/7CT12257/44-7CT12257-ORG-68fbb03fb342a.jpg,https://cdn2.marondahomes.com/assets/moveinready-photos/44/7CT12257/44-7CT12257-ORG-690241eabd395.jpg,https://cdn2.marondahomes.com/assets/moveinready-photos/44/7CT12257/44-7CT12257-ORG-690241f426c8f.jpg,https://cdn2.marondahomes.com/assets/moveinready-photos/44/7CT12257/44-7CT12257-ORG-690241f899fd3.jpg,https://cdn2.marondahomes.com/assets/moveinready-photos/44/7CT12257/44-7CT12257-ORG-690242016fdce.jpg,https://cdn2.marondahomes.com/assets/moveinready-photos/44/7CT12257/44-7CT12257-ORG-69024205432ec.jpg,https://cdn2.marondahomes.com/assets/moveinready-photos/44/7CT12257/44-7CT12257-ORG-6902420e97f13.jpg,https://cdn2.marondahomes.com/assets/moveinready-photos/44/7CT12257/44-7CT12257-ORG-69024217954bd.jpg,https://cdn2.marondahomes.com/assets/moveinready-photos/44/7CT12257/44-7CT12257-ORG-6902421c3a326.jpg,https://cdn2.marondahomes.com/assets/moveinready-photos/44/7CT12257/44-7CT12257-ORG-69024224d25dc.jpg,https://cdn2.marondahomes.com/assets/moveinready-photos/44/7CT12257/44-7CT12257-ORG-690242291a660.jpg,https://cdn2.marondahomes.com/assets/moveinready-photos/44/7CT12257/44-7CT12257-ORG-6902422d1ee2f.jpg,https://cdn2.marondahomes.com/assets/moveinready-photos/44/7CT12257/44-7CT12257-ORG-690242310026c.jpg,https://cdn2.marondahomes.com/assets/moveinready-photos/44/7B212515/44-7B212515-LRG-694acae0cf4a1.jpg,https://cdn2.marondahomes.com/assets/moveinready-photos/44/7BV14303/44-7BV14303-LRG-67361b18c7c23.jpg,https://cdn2.marondahomes.com/assets/moveinready-photos/44/7K662600/44-7K662600-LRG-6944600e92ab9.jpg,https://cdn2.marondahomes.com/assets/moveinready-photos/44/7K211131/44-7K211131-LRG-6939af1d5fdc0.jpg,https://cdn2.marondahomes.com/assets/moveinready-photos/44/7K443629/44-7K443629-LRG-69373baf21071.jpg,https://cdn2.marondahomes.com/assets/moveinready-photos/44/7K044008/44-7K044008-LRG-69971e6e8f568.jpg,https://cdn2.marondahomes.com/assets/moveinready-photos/44/7K033630/44-7K033630-LRG-6949a56435980.jpg,https://cdn2.marondahomes.com/assets/moveinready-photos/44/7PC43098/44-7PC43098-LRG-698a882ae68c7.jpg,https://cdn2.marondahomes.com/assets/moveinready-photos/44/7HS00121/44-7HS00121-LRG-69a8ac1ebf547.jpg,https://cdn2.marondahomes.com/assets/moveinready-photos/44/7HS00002/44-7HS00002-LRG-697cccb51e33b.jpg,https://cdn2.marondahomes.com/assets/moveinready-photos/44/7CT12257/44-7CT12257-LRG-68fbb034cde09.jpg,https://cdn2.marondahomes.com/assets/moveinready-photos/44/7AW00201/44-7AW00201-LRG-698a420569281.jpg"
https://www.marondahomes.com/fl/cape-coral/cape-coral-33914/job-7k044008.html,,Cape Coral,,,"2702 Nw 1st Ter, Cape Coral, FL 33993",Cape Coral,FL,33993,Lee County,Sun: 12:00 PM-6:00 PM | Mon: 12:00 PM-6:00 PM | Tue: 10:00 AM-6:00 PM | Wed: 10:00 AM-6:00 PM | Thu: 10:00 AM-6:00 PM | Fri: 10:00 AM-6:00 PM | Sat: 10:00 AM-6:00 PM,,https://www.marondahomes.com/,,Maronda Homes,SFD,Y,,,Y,2,,Y,Shopping | Dining | Parks | Golf | Fitness | Hospitals,,"Cape Coral’s only builder offering true freedom—build on your lot, ours, or we’ll secure one for you. No HOA. No CDD. Just your home, your way.",,,,,,,,,,,,,,,,,,,,,,,,Drexel,"Hi there. I’m The Drexel, and I might just be your favorite chapter waiting to happen. I sit sweetly on a canal-front lot in Cape Coral, with my very own seawall already in place — because I believe in being prepared for adventures. I’m tucked just north of Pine Island Road, which means I’m close to all the everyday conveniences (coffee runs, grocery stops, dinner dates) without losing that peaceful, breezy Florida feel. Mornings here? They’re kind of magical. Sunlight dances across the water behind me. The grass sparkles. The air feels light and warm. If homes could stretch and smile, that’s exactly what I’d be doing. Step inside and I’ll show you around. I keep things bright and airy with 9-foot ceilings and a tray ceiling that adds just a little flair — like a wink of personality. My tile floors are stylish and practical (because life gets messy sometimes), while my bedrooms are soft and cozy underfoot. Now let’s talk about my favorite spot — the kitchen. I have a big, beautiful island that loves being the center of attention. Breakfasts, charcuterie boards, homework, holiday cookies — I’ve seen it all (or at least I’m ready to). Granite countertops, shaker cabinets, and slee...",3,2,,,Garage,,2,1988,3282,399900,459900,,,,,,"https://cdn2.marondahomes.com/assets/moveinready-photos/44/7K044008/44-7K044008-ORG-69971e6e8f568.jpg,https://cdn2.marondahomes.com/assets/moveinready-photos/44/7K044008/44-7K044008-ORG-69971e7c876b3.jpg,https://cdn2.marondahomes.com/assets/moveinready-photos/44/7K044008/44-7K044008-ORG-69971e8b4e043.jpg,https://cdn2.marondahomes.com/assets/moveinready-photos/44/7K044008/44-7K044008-ORG-69971e9c41a5d.jpg,https://cdn2.marondahomes.com/assets/moveinready-photos/44/7K044008/44-7K044008-ORG-69971ea2e6696.jpg,https://cdn2.marondahomes.com/assets/moveinready-photos/44/7K044008/44-7K044008-ORG-69971ead4c377.jpg,https://cdn2.marondahomes.com/assets/moveinready-photos/44/7K044008/44-7K044008-ORG-69971ebf6795a.jpg,https://cdn2.marondahomes.com/assets/moveinready-photos/44/7K044008/44-7K044008-ORG-69971ec87d3f8.jpg,https://cdn2.marondahomes.com/assets/moveinready-photos/44/7K044008/44-7K044008-ORG-69971ed661db5.jpg,https://cdn2.marondahomes.com/assets/moveinready-photos/44/7K044008/44-7K044008-ORG-69971edd90981.jpg,https://cdn2.marondahomes.com/assets/moveinready-photos/44/7K044008/44-7K044008-ORG-69971ee6063c1.jpg,https://cdn2.marondahomes.com/assets/moveinready-photos/44/7K044008/44-7K044008-ORG-69971eef472db.jpg,https://cdn2.marondahomes.com/assets/moveinready-photos/44/7K044008/44-7K044008-ORG-69971ef78b160.jpg,https://cdn2.marondahomes.com/assets/moveinready-photos/44/7K044008/44-7K044008-ORG-69971efedb371.jpg,https://cdn2.marondahomes.com/assets/moveinready-photos/44/7K044008/44-7K044008-ORG-69971f0e7bfe4.jpg,https://cdn2.marondahomes.com/assets/moveinready-photos/44/7K044008/44-7K044008-ORG-69971f17da96e.jpg,https://cdn2.marondahomes.com/assets/moveinready-photos/44/7K044008/44-7K044008-ORG-69971f217f328.jpg,https://cdn2.marondahomes.com/assets/moveinready-photos/44/7K044008/44-7K044008-ORG-69971f2be408f.jpg,https://cdn2.marondahomes.com/assets/moveinready-photos/44/7B212515/44-7B212515-LRG-694acae0cf4a1.jpg,https://cdn2.marondahomes.com/assets/moveinready-photos/44/7BV14303/44-7BV14303-LRG-67361b18c7c23.jpg,https://cdn2.marondahomes.com/assets/moveinready-photos/44/7K662600/44-7K662600-LRG-6944600e92ab9.jpg,https://cdn2.marondahomes.com/assets/moveinready-photos/44/7K211131/44-7K211131-LRG-6939af1d5fdc0.jpg,https://cdn2.marondahomes.com/assets/moveinready-photos/44/7K443629/44-7K443629-LRG-69373baf21071.jpg,https://cdn2.marondahomes.com/assets/moveinready-photos/44/7K044008/44-7K044008-LRG-69971e6e8f568.jpg,https://cdn2.marondahomes.com/assets/moveinready-photos/44/7K033630/44-7K033630-LRG-6949a56435980.jpg,https://cdn2.marondahomes.com/assets/moveinready-photos/44/7PC43098/44-7PC43098-LRG-698a882ae68c7.jpg,https://cdn2.marondahomes.com/assets/moveinready-photos/44/7HS00121/44-7HS00121-LRG-69a8ac1ebf547.jpg,https://cdn2.marondahomes.com/assets/moveinready-photos/44/7HS00002/44-7HS00002-LRG-697cccb51e33b.jpg,https://cdn2.marondahomes.com/assets/moveinready-photos/44/7CT12257/44-7CT12257-LRG-68fbb034cde09.jpg,https://cdn2.marondahomes.com/assets/moveinready-photos/44/7AW00201/44-7AW00201-LRG-698a420569281.jpg"
https://www.marondahomes.com/fl/haines-city/hammock-reserve-33844/job-2hm07601.html,,Hammock Reserve,,,"5599 Maddie Drive, Haines City, FL 33844",Haines City,FL,33844,Polk County,Sun: 12:00 PM-6:00 PM | Mon: 12:00 PM-6:00 PM | Tue: 10:00 AM-6:00 PM | Wed: 10:00 AM-6:00 PM | Thu: Closed | Fri: Closed | Sat: 10:00 AM-6:00 PM,407-305-7632,https://www.marondahomes.com/,,Maronda Homes,SFD,,,,Y,2,,Y,Shopping | Dining | Parks | Golf | Fitness | Hospitals,,"Hammock Reserve is a new, single-family community located in the heart of Haines City, Florida, near stunning Lake Marion. Reach out to learn about our home designs!",,,,,,,,,,,,,,,,,,,,,,,,Victoria,"Welcome to the Victoria M floorplan by Maronda Homes in Haines City — a beautifully built single-family home offering 3 bedrooms, 2 bathrooms, and 1,492 sq. ft. of thoughtfully designed living space. This cozy yet modern home features quartz countertops, tile flooring throughout, and all appliances included, perfectly blending style and functionality. The open-concept layout seamlessly connects the kitchen, dining area, and great room, making it ideal for everyday living and entertaining. The primary suite offers a walk-in closet, while the additional bedrooms provide comfortable space for family or guests. Enjoy Florida living with a screened patio and spacious backyard, perfect for relaxing or hosting gatherings. Additional highlights include a 2-car garage and an energy-efficient design. Conveniently located in a vibrant community with easy access to shopping, dining, and major highways, this home offers comfort, convenience, and lifestyle all in one.",3,2,,,Garage,,2,1492,2072,299990,350000,,,,,,"https://cdn2.marondahomes.com/assets/moveinready-photos/41/2HM07601/41-2HM07601-ORG-69c2f05a82ee7.png,https://cdn2.marondahomes.com/assets/moveinready-photos/41/2HM07601/41-2HM07601-ORG-69a9d9a498803.jpg,https://cdn2.marondahomes.com/assets/moveinready-photos/41/2HM07601/41-2HM07601-ORG-69a9d99a21b0f.jpg,https://cdn2.marondahomes.com/assets/moveinready-photos/41/2HM07601/41-2HM07601-ORG-69a9d98d55119.jpg,https://cdn2.marondahomes.com/assets/moveinready-photos/41/2HM07601/41-2HM07601-ORG-69650746da484.jpg,https://cdn2.marondahomes.com/assets/moveinready-photos/41/2HM07601/41-2HM07601-ORG-6965074d6ec67.jpg,https://cdn2.marondahomes.com/assets/moveinready-photos/41/2HM07601/41-2HM07601-ORG-69a9d9ab10318.jpg,https://cdn2.marondahomes.com/assets/moveinready-photos/41/2HM07601/41-2HM07601-ORG-6965075c79e2e.jpg,https://cdn2.marondahomes.com/assets/moveinready-photos/41/2HM07601/41-2HM07601-ORG-6965076edc27d.jpg,https://cdn2.marondahomes.com/assets/moveinready-photos/41/2HM07601/41-2HM07601-ORG-696507760bf49.jpg,https://cdn2.marondahomes.com/assets/moveinready-photos/41/2HM07601/41-2HM07601-ORG-6965077f6e5a8.jpg,https://cdn2.marondahomes.com/assets/moveinready-photos/41/2HM07601/41-2HM07601-ORG-6965078619edb.jpg,https://cdn2.marondahomes.com/assets/moveinready-photos/41/2HM07601/41-2HM07601-ORG-69650765554d6.jpg,https://cdn2.marondahomes.com/assets/moveinready-photos/41/2HM07601/41-2HM07601-ORG-6965078cc3bf6.jpg,https://cdn2.marondahomes.com/assets/moveinready-photos/41/2HM07601/41-2HM07601-ORG-69a9d9b2d7af4.jpg,https://cdn2.marondahomes.com/assets/moveinready-photos/41/2HM07601/41-2HM07601-ORG-69a9d9ca367cf.jpg,https://cdn2.marondahomes.com/assets/moveinready-photos/41/2HM07601/41-2HM07601-LRG-69c2f05a82ee7.jpg,https://cdn2.marondahomes.com/assets/moveinready-photos/41/2LD2042A/41-2LD2042A-LRG-698a20e6ed2be.jpg"
https://www.marondahomes.com/fl/haines-city/hammock-reserve-33844/job-2hm06001.html,,Hammock Reserve,,,"5535 Maddie Drive, Haines City, FL 33844",Haines City,FL,33844,Polk County,Sun: 12:00 PM-6:00 PM | Mon: 12:00 PM-6:00 PM | Tue: 10:00 AM-6:00 PM | Wed: 10:00 AM-6:00 PM | Thu: Closed | Fri: Closed | Sat: 10:00 AM-6:00 PM,407-305-7632,https://www.marondahomes.com/,,Maronda Homes,SFD,,,,Y,2,,Y,Shopping | Dining | Parks | Golf | Fitness | Hospitals,,"Hammock Reserve is a new, single-family community located in the heart of Haines City, Florida, near stunning Lake Marion. Reach out to learn about our home designs!",,,,,,,,,,,,,,,,,,,,,,,,Ventura,"One story home 4 bedroom 2 bathrooms, featuring an upgraded kitchen with backsplash, a side by side refrigerator, and plank tile ceramic flooring. Hammock Reserve offers incredible amenities, including a Beautifull family clubhouse with a stunning pool, a children's playground and scenic walking trails.",3,2,,,Garage,,2,1562,2072,309990,350000,,,,,,"https://cdn2.marondahomes.com/assets/moveinready-photos/41/2HM06001/41-2HM06001-ORG-68dc21a5d42de.png,https://cdn2.marondahomes.com/assets/moveinready-photos/41/2HM06001/41-2HM06001-ORG-68c98cc9aa767.jpg,https://cdn2.marondahomes.com/assets/moveinready-photos/41/2HM06001/41-2HM06001-ORG-68c98cfb48181.jpg,https://cdn2.marondahomes.com/assets/moveinready-photos/41/2HM06001/41-2HM06001-ORG-68c98cdabcf85.jpg,https://cdn2.marondahomes.com/assets/moveinready-photos/41/2HM06001/41-2HM06001-ORG-68c98ce090f80.jpg,https://cdn2.marondahomes.com/assets/moveinready-photos/41/2HM06001/41-2HM06001-ORG-68c98cf637764.jpg,https://cdn2.marondahomes.com/assets/moveinready-photos/41/2HM06001/41-2HM06001-ORG-68c98ceaaf633.jpg,https://cdn2.marondahomes.com/assets/moveinready-photos/41/2HM06001/41-2HM06001-ORG-68c98cefb295f.jpg,https://cdn2.marondahomes.com/assets/moveinready-photos/41/2HM06001/41-2HM06001-ORG-68c98ce5e8ad8.jpg,https://cdn2.marondahomes.com/assets/moveinready-photos/41/2HM06001/41-2HM06001-ORG-68c98cd4e69e8.jpg,https://cdn2.marondahomes.com/assets/moveinready-photos/41/2HM06001/41-2HM06001-ORG-68c98ccf81cb5.jpg,https://cdn2.marondahomes.com/assets/moveinready-photos/41/2HM06201/41-2HM06201-LRG-68c449c427a70.jpg,https://cdn2.marondahomes.com/assets/moveinready-photos/41/2HM06001/41-2HM06001-LRG-68dc21a5d42de.jpg,https://cdn2.marondahomes.com/assets/moveinready-photos/41/2LD1972A/41-2LD1972A-LRG-698b4717c6815.jpg"
https://www.marondahomes.com/fl/port-st-lucie/port-st-lucie-34983/job-51080570.html,,Port St. Lucie,,,"1618 Se Shepard Ln, Port St Lucie, FL 34983",Port St Lucie,FL,34983,St. Lucie County,Sun: 12:00 PM-6:00 PM | Mon: 12:00 PM-6:00 PM | Tue: 10:00 AM-6:00 PM | Wed: 10:00 AM-6:00 PM | Thu: 10:00 AM-6:00 PM | Fri: 10:00 AM-6:00 PM | Sat: 10:00 AM-6:00 PM,,https://www.marondahomes.com/,,Maronda Homes,SFD,Y,,,Y,2,,Y,Shopping | Dining | Parks | Golf | Fitness | Hospitals,,"Port St. Lucie offers single-family homes with no HOA fees — built on your homesite or ours. Experience the best price and most personalized options for new homes in Port St. Lucie, FL. Schedule your visit today!",,,,,,,,,,,,,,,,,,,,,,,,Harmony,"✨ Just Listed — Move-In Ready Harmony Model! 1618 SE Shepard Ln, Port St. Lucie, FL 34983 Step into modern comfort with this stunning 4-bedroom, 3-bath Harmony ‘A’ — a spacious, thoughtfully designed home in a prime PSL location. With a 3-car garage, 9’4” ceilings, and an open layout, this home offers the perfect blend of style and functionality. You'll love the deluxe interior trim package, crown molding, and upgraded cabinetry and countertops throughout the kitchen, baths, and laundry room. The home also includes a den with double French doors — ideal for a home office, flex space, or private lounge. Ceramic tile flooring (Level 3) flows throughout the main living areas, while upgraded lighting, Deako switches, and cordless blinds add a modern touch. The deluxe master bath is your spa-like retreat — beautifully finished with high-level cabinets and brushed nickel fixtures. Additional features include: Hurricane shutters Laundry cabinets with countertops Flood lights + garage door opener LED lighting in great room & master Tile shower in Bath 2 & upgraded tile tub/shower in Bath 3 ZIP roof sheathing for enhanced durability This is a no-HOA community, offering the freedom you’re...",4,3,,,Garage,,2,2471,4075,559900,559900,,,,,,"https://cdn2.marondahomes.com/assets/moveinready-photos/42/51080570/42-51080570-ORG-698f73024bfa9.png,https://cdn2.marondahomes.com/assets/moveinready-photos/42/51080570/42-51080570-ORG-698f7302e7366.png,https://cdn2.marondahomes.com/assets/moveinready-photos/42/51080570/42-51080570-ORG-698f70e581f30.jpg,https://cdn2.marondahomes.com/assets/moveinready-photos/42/51080570/42-51080570-ORG-698f712d9ab89.jpg,https://cdn2.marondahomes.com/assets/moveinready-photos/42/51080570/42-51080570-ORG-698f712e6c337.jpg,https://cdn2.marondahomes.com/assets/moveinready-photos/42/51080570/42-51080570-ORG-698f712f3bb53.jpg,https://cdn2.marondahomes.com/assets/moveinready-photos/42/51080570/42-51080570-ORG-698f71301658e.jpg,https://cdn2.marondahomes.com/assets/moveinready-photos/42/51080570/42-51080570-ORG-698f7130f0595.jpg,https://cdn2.marondahomes.com/assets/moveinready-photos/42/51080570/42-51080570-ORG-698f7131d348e.jpg,https://cdn2.marondahomes.com/assets/moveinready-photos/42/51080570/42-51080570-ORG-698f7132c208b.jpg,https://cdn2.marondahomes.com/assets/moveinready-photos/42/51080570/42-51080570-ORG-698f71339e0b5.jpg,https://cdn2.marondahomes.com/assets/moveinready-photos/42/51080570/42-51080570-ORG-698f7134772fa.jpg,https://cdn2.marondahomes.com/assets/moveinready-photos/42/51080570/42-51080570-ORG-698f71354d5d6.jpg,https://cdn2.marondahomes.com/assets/moveinready-photos/42/51080570/42-51080570-ORG-698f71362fbdf.jpg,https://cdn2.marondahomes.com/assets/moveinready-photos/42/51080570/42-51080570-ORG-698f71370a9b6.jpg,https://cdn2.marondahomes.com/assets/moveinready-photos/42/51080570/42-51080570-ORG-698f715aa258b.jpg,https://cdn2.marondahomes.com/assets/moveinready-photos/42/51080570/42-51080570-ORG-698f7159d65a7.jpg,https://cdn2.marondahomes.com/assets/moveinready-photos/42/51080570/42-51080570-ORG-698f7156b8ac7.jpg,https://cdn2.marondahomes.com/assets/moveinready-photos/42/51080570/42-51080570-ORG-698f714fa4fff.jpg,https://cdn2.marondahomes.com/assets/moveinready-photos/42/51080570/42-51080570-ORG-698f7152c67c2.jpg,https://cdn2.marondahomes.com/assets/moveinready-photos/42/51080570/42-51080570-ORG-698f7157810f0.jpg,https://cdn2.marondahomes.com/assets/moveinready-photos/42/51080570/42-51080570-ORG-698f715208c60.jpg,https://cdn2.marondahomes.com/assets/moveinready-photos/42/51080570/42-51080570-ORG-698f715915bcc.jpg,https://cdn2.marondahomes.com/assets/moveinready-photos/42/51080570/42-51080570-ORG-698f71513e0d9.jpg,https://cdn2.marondahomes.com/assets/moveinready-photos/42/51080570/42-51080570-ORG-698f71552fa3c.jpg,https://cdn2.marondahomes.com/assets/moveinready-photos/42/51080570/42-51080570-ORG-698f71584b60d.jpg,https://cdn2.marondahomes.com/assets/moveinready-photos/42/51080570/42-51080570-ORG-698f7155f0dbf.jpg,https://cdn2.marondahomes.com/assets/moveinready-photos/42/51080570/42-51080570-ORG-698f71545fda4.jpg,https://cdn2.marondahomes.com/assets/moveinready-photos/42/51080570/42-51080570-ORG-698f715393128.jpg,https://cdn2.marondahomes.com/assets/moveinready-photos/42/51080570/42-51080570-ORG-698f714ed92de.jpg,https://cdn2.marondahomes.com/assets/moveinready-photos/42/51080570/42-51080570-ORG-698f714e181c4.jpg,https://cdn2.marondahomes.com/assets/moveinready-photos/42/51080570/42-51080570-ORG-698f714adc1f7.jpg,https://cdn2.marondahomes.com/assets/moveinready-photos/42/51080570/42-51080570-ORG-698f73aa51328.png,https://cdn2.marondahomes.com/assets/moveinready-photos/42/51080570/42-51080570-LRG-698f73024bfa9.jpg"
https://www.marondahomes.com/fl/punta-gorda/heritage-station-33955/job-7hs00057.html,,Heritage Station,,,"25503 Calusa Drive, Punta Gorda, FL 33955",Punta Gorda,FL,33955,Charlotte County,Sun: 12:00 PM-6:00 PM | Mon: 12:00 PM-6:00 PM | Tue: 10:00 AM-6:00 PM | Wed: 10:00 AM-6:00 PM | Thu: 10:00 AM-6:00 PM | Fri: 10:00 AM-6:00 PM | Sat: 10:00 AM-6:00 PM,863-591-5670,https://www.marondahomes.com/,,Maronda Homes,SFD,Y,,,Y,3,,Y,Dining | Golf,,"Introducing Heritage Station, the only gated community in Punta Gorda with low HOA costs, no CDD fees, and homesites deep enough for a private pool or oasis. Don't miss out - tour our model home today!",,,,,,,,,,,,,,,,,,,,,,,,Miramar,,4,2,,,Garage,,3,2151,2675,409900,419900,,,,,,"https://cdn2.marondahomes.com/assets/moveinready-photos/44/7HS00057/44-7HS00057-ORG-69baca32223ff.jpeg,https://cdn2.marondahomes.com/assets/moveinready-photos/44/7HS00057/44-7HS00057-ORG-69baca3b37a9d.jpeg,https://cdn2.marondahomes.com/assets/moveinready-photos/44/7HS00057/44-7HS00057-ORG-69baca426bfc0.jpeg,https://cdn2.marondahomes.com/assets/moveinready-photos/44/7HS00057/44-7HS00057-ORG-69baca648c760.jpeg,https://cdn2.marondahomes.com/assets/moveinready-photos/44/7HS00057/44-7HS00057-LRG-69baca32223ff.jpg"
https://www.marondahomes.com/fl/cape-coral/cape-coral-33914/job-7k283931.html,,Cape Coral,,,"341 Sw 29th Ave, Cape Coral, FL 33991",Cape Coral,FL,33991,Lee County,Sun: 12:00 PM-6:00 PM | Mon: 12:00 PM-6:00 PM | Tue: 10:00 AM-6:00 PM | Wed: 10:00 AM-6:00 PM | Thu: 10:00 AM-6:00 PM | Fri: 10:00 AM-6:00 PM | Sat: 10:00 AM-6:00 PM,,https://www.marondahomes.com/,,Maronda Homes,SFD,Y,,,Y,2,,Y,Shopping | Dining | Parks | Golf | Fitness | Hospitals,,"Cape Coral’s only builder offering true freedom—build on your lot, ours, or we’ll secure one for you. No HOA. No CDD. Just your home, your way.",,,,,,,,,,,,,,,,,,,,,,,,Maple,,4,2,,,Garage,,2,1876,3282,389900,459900,,,,,,"https://cdn2.marondahomes.com/assets/moveinready-photos/44/7K283931/44-7K283931-ORG-694574f4ace53.png,https://cdn2.marondahomes.com/assets/moveinready-photos/44/7K283931/44-7K283931-ORG-694574ee0e1a7.png,https://cdn2.marondahomes.com/assets/moveinready-photos/44/7K283931/44-7K283931-ORG-68ed11105cb6a.jpg,https://cdn2.marondahomes.com/assets/moveinready-photos/44/7K283931/44-7K283931-ORG-68ed1115e83ac.jpg,https://cdn2.marondahomes.com/assets/moveinready-photos/44/7K283931/44-7K283931-ORG-68ed111ee739a.jpg,https://cdn2.marondahomes.com/assets/moveinready-photos/44/7K283931/44-7K283931-ORG-68ed112435270.jpg,https://cdn2.marondahomes.com/assets/moveinready-photos/44/7K283931/44-7K283931-LRG-694574f4ace53.jpg,https://cdn2.marondahomes.com/assets/moveinready-photos/44/7K132589/44-7K132589-LRG-693996ce7388f.jpg,https://cdn2.marondahomes.com/assets/moveinready-photos/44/7K194820/44-7K194820-LRG-6949a67cd43e9.jpg,https://cdn2.marondahomes.com/assets/moveinready-photos/44/7HS00069/44-7HS00069-LRG-69373ae1ba26b.jpg"
https://www.marondahomes.com/va/winchester/rossum-crossing-townhomes-22602/job-rsc00201.html,,Rossum Crossing,,,"105 Boone Ct, Winchester, VA 22602",Winchester,VA,22602,Frederick County,Sun: 12:00 PM-5:00 PM | Mon: 10:00 AM-5:00 PM | Tue: 10:00 AM-5:00 PM | Wed: 10:00 AM-5:00 PM | Thu: 10:00 AM-5:00 PM | Fri: 10:00 AM-5:00 PM | Sat: 11:00 AM-5:00 PM,571-322-8831,https://www.marondahomes.com/,,Maronda Homes,SFA,,,,Y,1,,Y,Shopping | Dining | Parks | Golf | Fitness,,"Introducing Rossum Crossing, Winchester's newest and lowest priced 1-car garage townhomes with large backyards. Move-in ready homes available now - schedule your appointment today!",,,,,,,,,,,,,,,,,,,,,,,,St Paul,,3,3,1,,Garage,,1,1966,1966,374990,389990,,,,,,
https://www.marondahomes.com/va/winchester/rossum-crossing-townhomes-22602/job-rsc00701.html,,Rossum Crossing,,,"117 Boone Ct, Winchester, VA 22602",Winchester,VA,22602,Frederick County,Sun: 12:00 PM-5:00 PM | Mon: 10:00 AM-5:00 PM | Tue: 10:00 AM-5:00 PM | Wed: 10:00 AM-5:00 PM | Thu: 10:00 AM-5:00 PM | Fri: 10:00 AM-5:00 PM | Sat: 11:00 AM-5:00 PM,571-322-8831,https://www.marondahomes.com/,,Maronda Homes,SFA,,,,Y,1,,Y,Shopping | Dining | Parks | Golf | Fitness,,"Introducing Rossum Crossing, Winchester's newest and lowest priced 1-car garage townhomes with large backyards. Move-in ready homes available now - schedule your appointment today!",,,,,,,,,,,,,,,,,,,,,,,,St Paul,,3,3,1,,Garage,,1,1966,1966,389990,389990,,,,,,
https://www.marondahomes.com/fl/lehigh-acres/lehigh-acres-33971/job-7a250019.html,,Lehigh Acres,,,"3919 22nd St W, Lehigh Acres, FL 33971",Lehigh Acres,FL,33971,Lee County,Sun: 12:00 PM-6:00 PM | Mon: 12:00 PM-6:00 PM | Tue: 10:00 AM-6:00 PM | Wed: 10:00 AM-6:00 PM | Thu: 10:00 AM-6:00 PM | Fri: 10:00 AM-6:00 PM | Sat: 10:00 AM-6:00 PM,,https://www.marondahomes.com/,,Maronda Homes,SFD,Y,,,Y,2,,Y,Shopping | Dining | Parks | Golf | Fitness | Hospitals,,Lehigh Acres offers the best price and most personalization options for a new home. Build your home on your timeframe. Located just 12 miles east of Fort Myers. Schedule your visit today to learn more!,,,,,,,,,,,,,,,,,,,,,,,,Mesquite,,4,2,,,Garage,,2,1867,2471,349900,394900,,,,,,"https://cdn2.marondahomes.com/assets/moveinready-photos/44/7A250019/44-7A250019-ORG-698a242a9210a.jpeg,https://cdn2.marondahomes.com/assets/moveinready-photos/44/7A250019/44-7A250019-ORG-698a2424a8a5b.jpeg,https://cdn2.marondahomes.com/assets/moveinready-photos/44/7A250019/44-7A250019-ORG-698a2449efa68.jpeg,https://cdn2.marondahomes.com/assets/moveinready-photos/44/7A250019/44-7A250019-ORG-698a24a1aa68d.jpeg,https://cdn2.marondahomes.com/assets/moveinready-photos/44/7A250019/44-7A250019-ORG-698a24ad98236.jpeg,https://cdn2.marondahomes.com/assets/moveinready-photos/44/7A250019/44-7A250019-ORG-698a24da5063f.jpeg,https://cdn2.marondahomes.com/assets/moveinready-photos/44/7A250019/44-7A250019-ORG-698a24e156c9a.jpeg,https://cdn2.marondahomes.com/assets/moveinready-photos/44/7A250019/44-7A250019-ORG-698a24e6b6cf9.jpeg,https://cdn2.marondahomes.com/assets/moveinready-photos/44/7A250019/44-7A250019-ORG-698a2550ed946.jpeg,https://cdn2.marondahomes.com/assets/moveinready-photos/44/7A250019/44-7A250019-ORG-698a2556b2f0d.jpeg,https://cdn2.marondahomes.com/assets/moveinready-photos/44/7A250019/44-7A250019-ORG-698a2566f2870.jpeg,https://cdn2.marondahomes.com/assets/moveinready-photos/44/7A250019/44-7A250019-ORG-698a256e4dd02.jpeg,https://cdn2.marondahomes.com/assets/moveinready-photos/44/7A250019/44-7A250019-ORG-698a25742a867.jpeg,https://cdn2.marondahomes.com/assets/moveinready-photos/44/7A250019/44-7A250019-ORG-698a2579d6d65.jpeg,https://cdn2.marondahomes.com/assets/moveinready-photos/44/7A250019/44-7A250019-LRG-698a242a9210a.jpg,https://cdn2.marondahomes.com/assets/moveinready-photos/44/7A160051/44-7A160051-LRG-69600cf08b6ce.jpg"
https://www.marondahomes.com/fl/poinciana/poinciana-34759/job-2600241a.html,,Poinciana,,,"103 Orchid Ct Kissimmee, Poinciana, FL 34759",Poinciana,FL,34759,Polk County,Sun: 12:00 PM-6:00 PM | Mon: 12:00 PM-6:00 PM | Tue: 10:00 AM-6:00 PM | Wed: 10:00 AM-6:00 PM | Thu: 10:00 AM-6:00 PM | Fri: 10:00 AM-6:00 PM | Sat: 10:00 AM-6:00 PM,,https://www.marondahomes.com/,,Maronda Homes,SFD,Y,,,Y,2,,Y,Shopping | Dining | Parks | Hospitals,,"Introducing Poinciana, new construction homes nestled in the heart of Polk County with the lowest HOA fees in the area. Contact us to learn more about homesites and home designs.",,,,,,,,,,,,,,,,,,,,,,,,Violet,"Welcome to this delightful 3-bedroom, 2-bath home located on the Polk County side of Poinciana. With 1,443 square feet of thoughtfully designed living space, this home features a spacious open-concept living area, a well-appointed kitchen with modern appliances, and a cozy dining nook. The master bedroom includes an en-suite bath, offering a private retreat, while the additional bedrooms provide flexibility for family, guests, or a home office. Filled with natural light and a welcoming atmosphere, this home is perfect for creating lasting memories in a vibrant community.",3,2,,,Garage,,2,1443,2284,289990,350000,,,,,,"https://cdn2.marondahomes.com/assets/moveinready-photos/41/2600241A/41-2600241A-ORG-699629263e025.jpg,https://cdn2.marondahomes.com/assets/moveinready-photos/41/2600241A/41-2600241A-ORG-699629be58799.jpg,https://cdn2.marondahomes.com/assets/moveinready-photos/41/2600241A/41-2600241A-ORG-699738b35d4a3.jpg,https://cdn2.marondahomes.com/assets/moveinready-photos/41/2600241A/41-2600241A-ORG-6996294a6ec52.jpg,https://cdn2.marondahomes.com/assets/moveinready-photos/41/2600241A/41-2600241A-ORG-69962956e6672.jpg,https://cdn2.marondahomes.com/assets/moveinready-photos/41/2600241A/41-2600241A-ORG-699629684d012.jpg,https://cdn2.marondahomes.com/assets/moveinready-photos/41/2600241A/41-2600241A-ORG-6996297d61abc.jpg,https://cdn2.marondahomes.com/assets/moveinready-photos/41/2600241A/41-2600241A-ORG-69962984712e1.jpg,https://cdn2.marondahomes.com/assets/moveinready-photos/41/2600241A/41-2600241A-ORG-699629905e3d7.jpg,https://cdn2.marondahomes.com/assets/moveinready-photos/41/2600241A/41-2600241A-ORG-6996299aeafd7.jpg,https://cdn2.marondahomes.com/assets/moveinready-photos/41/2600241A/41-2600241A-ORG-699629a12f568.jpg,https://cdn2.marondahomes.com/assets/moveinready-photos/41/2600241A/41-2600241A-ORG-699629a72e86b.jpg,https://cdn2.marondahomes.com/assets/moveinready-photos/41/2600241A/41-2600241A-ORG-699629acb79d8.jpg,https://cdn2.marondahomes.com/assets/moveinready-photos/41/2600241A/41-2600241A-ORG-699629b78fdbe.jpg,https://cdn2.marondahomes.com/assets/moveinready-photos/41/2600241A/41-2600241A-ORG-699738adb5c46.jpg,https://cdn2.marondahomes.com/assets/moveinready-photos/41/2600241A/41-2600241A-ORG-699738c492547.jpg,https://cdn2.marondahomes.com/assets/moveinready-photos/41/2600241A/41-2600241A-ORG-699738d0a48bf.jpg,https://cdn2.marondahomes.com/assets/moveinready-photos/41/2600241A/41-2600241A-LRG-699629263e025.jpg,https://cdn2.marondahomes.com/assets/moveinready-photos/41/2CC100OD/41-2CC100OD-LRG-68cc5c6349e94.jpg,https://cdn2.marondahomes.com/assets/moveinready-photos/41/2CC101OD/41-2CC101OD-LRG-68cc5c76c38b2.jpg"
https://www.marondahomes.com/fl/inverness/inverness-34452/job-7vs09376.html,,Inverness,,,"6690 E. Lowden St., Inverness, FL 34452",Inverness,FL,34452,Citrus County,Sun: 12:00 PM-6:00 PM | Mon: 12:00 PM-6:00 PM | Tue: 10:00 AM-6:00 PM | Wed: 10:00 AM-6:00 PM | Thu: 10:00 AM-6:00 PM | Fri: 10:00 AM-6:00 PM | Sat: 10:00 AM-6:00 PM,863-591-6631,https://www.marondahomes.com/,,Maronda Homes,,Y,,,Y,2,,Y,Shopping | Dining | Parks | Golf | Fitness | Hospitals,,"Inverness is a scattered community nestled in Florida's heartland, just 40 miles southwest of vibrant Ocala. Schedule your appointment today to embark on this rare opportunity to embrace the serenity of rural life without sacrificing urban conveniences!",,,,,,,,,,,,,,,,,,,,,,,,Sunflower,"INVENTORY HOME- MOVE IN READY Welcome to The Sunflower in Inverness—a stunning Florida-style home where elegance meets comfort in a thoughtfully crafted floor plan designed for lasting enjoyment. The inviting entryway sets the tone with a touch of sophistication, welcoming you into a space that’s both stylish and functional. Just off the foyer, a versatile flex room offers endless possibilities—ideal for a home office, playroom, or additional living area tailored to your lifestyle. The kitchen is a chef’s dream, boasting a spacious island, dining area, generous pantry, and a refrigerator included for a seamless move-in experience. Luxury vinyl flooring extends through the main living areas, bathrooms, kitchen, and laundry room, delivering both style and durability, while plush carpeting in the bedrooms offers a warm and comfortable retreat. The walk-through laundry room provides a convenient connection from the 2-car garage, making daily routines effortless and organized. The home’s beauty continues outdoors with an extended rear patio—perfect for relaxing, entertaining, or enjoying the Florida sunshine. Designed with modern living in mind, this home includes architectural shing...",3,2,,,Garage,,2,1546,2286,249900,350000,,,,,,"https://cdn2.marondahomes.com/assets/moveinready-photos/44/7VS09376/44-7VS09376-ORG-698a45540842f.png,https://cdn2.marondahomes.com/assets/moveinready-photos/44/7VS09376/44-7VS09376-ORG-69863a2eec6b9.jpg,https://cdn2.marondahomes.com/assets/moveinready-photos/44/7VS09376/44-7VS09376-ORG-69863a7ec1919.jpg,https://cdn2.marondahomes.com/assets/moveinready-photos/44/7VS09376/44-7VS09376-ORG-69863a2fbeca5.jpg,https://cdn2.marondahomes.com/assets/moveinready-photos/44/7VS09376/44-7VS09376-ORG-69863a308a25a.jpg,https://cdn2.marondahomes.com/assets/moveinready-photos/44/7VS09376/44-7VS09376-ORG-69863a3152c6a.jpg,https://cdn2.marondahomes.com/assets/moveinready-photos/44/7VS09376/44-7VS09376-ORG-69863a3224526.jpg,https://cdn2.marondahomes.com/assets/moveinready-photos/44/7VS09376/44-7VS09376-ORG-69863a33b2447.jpg,https://cdn2.marondahomes.com/assets/moveinready-photos/44/7VS09376/44-7VS09376-ORG-69863a832575a.jpg,https://cdn2.marondahomes.com/assets/moveinready-photos/44/7VS09376/44-7VS09376-ORG-69863a83d445f.jpg,https://cdn2.marondahomes.com/assets/moveinready-photos/44/7VS09376/44-7VS09376-ORG-69863a7f80e03.jpg,https://cdn2.marondahomes.com/assets/moveinready-photos/44/7VS09376/44-7VS09376-ORG-69863a81a643c.jpg,https://cdn2.marondahomes.com/assets/moveinready-photos/44/7VS09376/44-7VS09376-ORG-69863a803b77f.jpg,https://cdn2.marondahomes.com/assets/moveinready-photos/44/7VS09376/44-7VS09376-ORG-69863a8a99637.jpg,https://cdn2.marondahomes.com/assets/moveinready-photos/44/7VS09376/44-7VS09376-ORG-69863a892191f.jpg,https://cdn2.marondahomes.com/assets/moveinready-photos/44/7VS09376/44-7VS09376-ORG-69863a89d8899.jpg,https://cdn2.marondahomes.com/assets/moveinready-photos/44/7VS09376/44-7VS09376-ORG-69863a80eab68.jpg,https://cdn2.marondahomes.com/assets/moveinready-photos/44/7VS09376/44-7VS09376-ORG-69863a855a8c6.jpg,https://cdn2.marondahomes.com/assets/moveinready-photos/44/7VS09376/44-7VS09376-ORG-69863a861e443.jpg,https://cdn2.marondahomes.com/assets/moveinready-photos/44/7VS09376/44-7VS09376-ORG-69863a885baa1.jpg,https://cdn2.marondahomes.com/assets/moveinready-photos/44/7VS09376/44-7VS09376-ORG-69863a879596d.jpg,https://cdn2.marondahomes.com/assets/moveinready-photos/44/7VS09376/44-7VS09376-ORG-69863a86d494d.jpg,https://cdn2.marondahomes.com/assets/moveinready-photos/44/7VS09376/44-7VS09376-ORG-69863a8262bac.jpg,https://cdn2.marondahomes.com/assets/moveinready-photos/44/7VS09376/44-7VS09376-LRG-698a45540842f.jpg"
https://www.marondahomes.com/fl/gainesville/oakhaven-walk-32607/job-9ohmodel.html,,Oakhaven Walk,,,"804 Sw 80th Way, Gainesville, FL 32608",Gainesville,FL,32608,Alachua County,Sun: 12:00 PM-6:00 PM | Mon: 12:00 PM-6:00 PM | Tue: 10:00 AM-6:00 PM | Wed: 10:00 AM-6:00 PM | Thu: 10:00 AM-6:00 PM | Fri: 10:00 AM-6:00 PM | Sat: 10:00 AM-6:00 PM,904-606-8849,https://www.marondahomes.com/,,Maronda Homes,SFD,Y,,,Y,2,,Y,Shopping | Dining | Parks | Golf | Fitness | Hospitals,,"Welcome home to Oakhaven Walk, the best price for a new home in Gainesville, just 3 miles from The Oaks Mall. Now selling! Schedule your model home visit today.",,,,,,,,,,,,,,,,,,,,,,,,Miramar,"MODEL HOME offering a sale / leaseback opportunity.This move-in ready Miramar model home is perfectly positioned on a premium corner lot within Oakhaven Walk, an intimate enclave of just 18 homesites featuring walking trails and a peaceful setting—only 3.9 miles from Tioga Town Center and conveniently close to the University of Florida, downtown Gainesville, and Celebration Pointe. A striking 6’8” full-lite glass front door opens to a welcoming foyer with 9’4” ceilings and an open-concept design. Luxury EVP flooring flows throughout the entire home, complemented by crown molding and abundant natural light. The great room is enhanced with additional flush-mount lighting, creating a bright, modern living space ideal for everyday living and entertaining. At the heart of the home, the chef-inspired kitchen showcases a large center island, granite countertops, tile backsplash, soft-close cabinetry, and a spacious pantry, complemented by a full line of stainless steel appliances, including an ENERGY STAR® certified side-by-side refrigerator, seamlessly connecting to the main living areas. The split-bedroom floor plan provides excellent privacy. Just off the foyer, two secondary bedroo...",4,3,,,Garage,,2,2154,3059,499900,499900,,,,,,"https://cdn2.marondahomes.com/assets/moveinready-photos/43/9OHMODEL/43-9OHMODEL-ORG-69e2993b0a4bb.png,https://cdn2.marondahomes.com/assets/moveinready-photos/43/9OHMODEL/43-9OHMODEL-ORG-69e29921a1c49.jpg,https://cdn2.marondahomes.com/assets/moveinready-photos/43/9OHMODEL/43-9OHMODEL-ORG-69e299319e1e8.jpg,https://cdn2.marondahomes.com/assets/moveinready-photos/43/9OHMODEL/43-9OHMODEL-ORG-69e299281a674.jpg,https://cdn2.marondahomes.com/assets/moveinready-photos/43/9OHMODEL/43-9OHMODEL-ORG-69e2993811737.jpg,https://cdn2.marondahomes.com/assets/moveinready-photos/43/9OHMODEL/43-9OHMODEL-ORG-69e2993013a98.jpg,https://cdn2.marondahomes.com/assets/moveinready-photos/43/9OHMODEL/43-9OHMODEL-ORG-69e299340640d.jpg,https://cdn2.marondahomes.com/assets/moveinready-photos/43/9OHMODEL/43-9OHMODEL-ORG-69e2992cd1172.jpg,https://cdn2.marondahomes.com/assets/moveinready-photos/43/9OHMODEL/43-9OHMODEL-ORG-69e299299ee66.jpg,https://cdn2.marondahomes.com/assets/moveinready-photos/43/9OHMODEL/43-9OHMODEL-ORG-69e299269a307.jpg,https://cdn2.marondahomes.com/assets/moveinready-photos/43/9OHMODEL/43-9OHMODEL-ORG-69e2992f42942.jpg,https://cdn2.marondahomes.com/assets/moveinready-photos/43/9OHMODEL/43-9OHMODEL-ORG-69e2992e72af9.jpg,https://cdn2.marondahomes.com/assets/moveinready-photos/43/9OHMODEL/43-9OHMODEL-ORG-69e2992c0c71c.jpg,https://cdn2.marondahomes.com/assets/moveinready-photos/43/9OHMODEL/43-9OHMODEL-ORG-69e2993735f3f.jpg,https://cdn2.marondahomes.com/assets/moveinready-photos/43/9OHMODEL/43-9OHMODEL-ORG-69e2991e1cd2b.jpg,https://cdn2.marondahomes.com/assets/moveinready-photos/43/9OHMODEL/43-9OHMODEL-ORG-69e2992360924.jpg,https://cdn2.marondahomes.com/assets/moveinready-photos/43/9OHMODEL/43-9OHMODEL-ORG-69e2992262c06.jpg,https://cdn2.marondahomes.com/assets/moveinready-photos/43/9OHMODEL/43-9OHMODEL-ORG-69e29925cb9ef.jpg,https://cdn2.marondahomes.com/assets/moveinready-photos/43/9OHMODEL/43-9OHMODEL-ORG-69e29928d1de9.jpg,https://cdn2.marondahomes.com/assets/moveinready-photos/43/9OHMODEL/43-9OHMODEL-ORG-69e2992b3e794.jpg,https://cdn2.marondahomes.com/assets/moveinready-photos/43/9OHMODEL/43-9OHMODEL-ORG-69e2992a73604.jpg,https://cdn2.marondahomes.com/assets/moveinready-photos/43/9OHMODEL/43-9OHMODEL-ORG-69e2992da2ad6.jpg,https://cdn2.marondahomes.com/assets/moveinready-photos/43/9OHMODEL/43-9OHMODEL-ORG-69e29924e6041.jpg,https://cdn2.marondahomes.com/assets/moveinready-photos/43/9OHMODEL/43-9OHMODEL-ORG-69e29930d822f.jpg,https://cdn2.marondahomes.com/assets/moveinready-photos/43/9OHMODEL/43-9OHMODEL-ORG-69e299326e648.jpg,https://cdn2.marondahomes.com/assets/moveinready-photos/43/9OHMODEL/43-9OHMODEL-ORG-69e299333938a.jpg,https://cdn2.marondahomes.com/assets/moveinready-photos/43/9OHMODEL/43-9OHMODEL-ORG-69e29934bf942.jpg,https://cdn2.marondahomes.com/assets/moveinready-photos/43/9OHMODEL/43-9OHMODEL-ORG-69e2993599442.jpg,https://cdn2.marondahomes.com/assets/moveinready-photos/43/9OHMODEL/43-9OHMODEL-ORG-69e29936616a1.jpg,https://cdn2.marondahomes.com/assets/moveinready-photos/43/9OHMODEL/43-9OHMODEL-ORG-69e29938cfc2e.jpg,https://cdn2.marondahomes.com/assets/moveinready-photos/43/9OHMODEL/43-9OHMODEL-ORG-69e299399c243.jpg,https://cdn2.marondahomes.com/assets/moveinready-photos/43/9OHMODEL/43-9OHMODEL-ORG-69e2993a60ac0.png,https://cdn2.marondahomes.com/assets/moveinready-photos/43/9OHMODEL/43-9OHMODEL-ORG-69e2993bb37b0.jpg,https://cdn2.marondahomes.com/assets/moveinready-photos/43/9OHMODEL/43-9OHMODEL-LRG-69e2993b0a4bb.jpg"
https://www.marondahomes.com/fl/cape-coral/cape-coral-33914/job-7k120871.html,,Cape Coral,,,"3008 Se 1st Ave, Cape Coral, FL 33904",Cape Coral,FL,33904,Lee County,Sun: 12:00 PM-6:00 PM | Mon: 12:00 PM-6:00 PM | Tue: 10:00 AM-6:00 PM | Wed: 10:00 AM-6:00 PM | Thu: 10:00 AM-6:00 PM | Fri: 10:00 AM-6:00 PM | Sat: 10:00 AM-6:00 PM,,https://www.marondahomes.com/,,Maronda Homes,SFD,Y,,,Y,2,,Y,Shopping | Dining | Parks | Golf | Fitness | Hospitals,,"Cape Coral’s only builder offering true freedom—build on your lot, ours, or we’ll secure one for you. No HOA. No CDD. Just your home, your way.",,,,,,,,,,,,,,,,,,,,,,,,Melody,,3,2,,,Garage,,2,2066,3282,459900,459900,,,,,,"https://cdn2.marondahomes.com/assets/moveinready-photos/44/7K120871/44-7K120871-ORG-6939aeec2aa34.jpg,https://cdn2.marondahomes.com/assets/moveinready-photos/44/7K120871/44-7K120871-ORG-69179379afb96.jpg,https://cdn2.marondahomes.com/assets/moveinready-photos/44/7K120871/44-7K120871-ORG-6939aee264b8f.jpg,https://cdn2.marondahomes.com/assets/moveinready-photos/44/7K120871/44-7K120871-ORG-6939aef1becca.jpg,https://cdn2.marondahomes.com/assets/moveinready-photos/44/7K120871/44-7K120871-ORG-6939aee72e9ab.jpg,https://cdn2.marondahomes.com/assets/moveinready-photos/44/7K120871/44-7K120871-ORG-6939aeddad1c4.jpg,https://cdn2.marondahomes.com/assets/moveinready-photos/44/7K120871/44-7K120871-ORG-69971d6011775.jpg,https://cdn2.marondahomes.com/assets/moveinready-photos/44/7K120871/44-7K120871-ORG-69971d65c2c3b.jpg,https://cdn2.marondahomes.com/assets/moveinready-photos/44/7K120871/44-7K120871-ORG-69971d6f216ba.jpg,https://cdn2.marondahomes.com/assets/moveinready-photos/44/7K120871/44-7K120871-ORG-69971d7949db4.jpg,https://cdn2.marondahomes.com/assets/moveinready-photos/44/7K120871/44-7K120871-ORG-69971d7f153bc.jpg,https://cdn2.marondahomes.com/assets/moveinready-photos/44/7K120871/44-7K120871-ORG-69971d854d043.jpg,https://cdn2.marondahomes.com/assets/moveinready-photos/44/7K120871/44-7K120871-ORG-69971dab8417b.jpg,https://cdn2.marondahomes.com/assets/moveinready-photos/44/7K120871/44-7K120871-ORG-69971db4903d9.jpg,https://cdn2.marondahomes.com/assets/moveinready-photos/44/7K120871/44-7K120871-ORG-69971dbb5ed7d.jpg,https://cdn2.marondahomes.com/assets/moveinready-photos/44/7K120871/44-7K120871-ORG-69971dc90a9e2.jpg,https://cdn2.marondahomes.com/assets/moveinready-photos/44/7K120871/44-7K120871-ORG-69971dd10854a.jpg,https://cdn2.marondahomes.com/assets/moveinready-photos/44/7K120871/44-7K120871-ORG-69971dd7cfcdd.jpg,https://cdn2.marondahomes.com/assets/moveinready-photos/44/7K120871/44-7K120871-ORG-69971de237f5c.jpg,https://cdn2.marondahomes.com/assets/moveinready-photos/44/7K120871/44-7K120871-ORG-69971de764b2d.jpg,https://cdn2.marondahomes.com/assets/moveinready-photos/44/7K120871/44-7K120871-ORG-69971df7611ff.jpg,https://cdn2.marondahomes.com/assets/moveinready-photos/44/7K120871/44-7K120871-ORG-69971dff4831b.jpg,https://cdn2.marondahomes.com/assets/moveinready-photos/44/7K120871/44-7K120871-ORG-69971e0463327.jpg,https://cdn2.marondahomes.com/assets/moveinready-photos/44/7K120871/44-7K120871-ORG-69971e096a0a4.jpg,https://cdn2.marondahomes.com/assets/moveinready-photos/44/7BV05318/44-7BV05318-LRG-674e0c7a52e92.jpg,https://cdn2.marondahomes.com/assets/moveinready-photos/44/7BV02339/44-7BV02339-LRG-698a43d3c24aa.jpg,https://cdn2.marondahomes.com/assets/moveinready-photos/44/7K120871/44-7K120871-LRG-6939aeec2aa34.jpg"
https://www.marondahomes.com/fl/cape-coral/cape-coral-33914/job-7k443629.html,,Cape Coral,,,"216 Sw 14th Ave, Cape Coral, FL 33991",Cape Coral,FL,33991,Lee County,Sun: 12:00 PM-6:00 PM | Mon: 12:00 PM-6:00 PM | Tue: 10:00 AM-6:00 PM | Wed: 10:00 AM-6:00 PM | Thu: 10:00 AM-6:00 PM | Fri: 10:00 AM-6:00 PM | Sat: 10:00 AM-6:00 PM,,https://www.marondahomes.com/,,Maronda Homes,SFD,Y,,,Y,2,,Y,Shopping | Dining | Parks | Golf | Fitness | Hospitals,,"Cape Coral’s only builder offering true freedom—build on your lot, ours, or we’ll secure one for you. No HOA. No CDD. Just your home, your way.",,,,,,,,,,,,,,,,,,,,,,,,Drexel,,3,2,,,Garage,,2,1988,3282,399900,459900,,,,,,"https://cdn2.marondahomes.com/assets/moveinready-photos/44/7K443629/44-7K443629-ORG-69373baf21071.jpg,https://cdn2.marondahomes.com/assets/moveinready-photos/44/7K443629/44-7K443629-ORG-69373b7f31779.jpg,https://cdn2.marondahomes.com/assets/moveinready-photos/44/7K443629/44-7K443629-ORG-69373bb4389f1.jpg,https://cdn2.marondahomes.com/assets/moveinready-photos/44/7B212515/44-7B212515-LRG-694acae0cf4a1.jpg,https://cdn2.marondahomes.com/assets/moveinready-photos/44/7BV14303/44-7BV14303-LRG-67361b18c7c23.jpg,https://cdn2.marondahomes.com/assets/moveinready-photos/44/7K662600/44-7K662600-LRG-6944600e92ab9.jpg,https://cdn2.marondahomes.com/assets/moveinready-photos/44/7K211131/44-7K211131-LRG-6939af1d5fdc0.jpg,https://cdn2.marondahomes.com/assets/moveinready-photos/44/7K443629/44-7K443629-LRG-69373baf21071.jpg,https://cdn2.marondahomes.com/assets/moveinready-photos/44/7K044008/44-7K044008-LRG-69971e6e8f568.jpg,https://cdn2.marondahomes.com/assets/moveinready-photos/44/7K033630/44-7K033630-LRG-6949a56435980.jpg,https://cdn2.marondahomes.com/assets/moveinready-photos/44/7PC43098/44-7PC43098-LRG-698a882ae68c7.jpg,https://cdn2.marondahomes.com/assets/moveinready-photos/44/7HS00121/44-7HS00121-LRG-69a8ac1ebf547.jpg,https://cdn2.marondahomes.com/assets/moveinready-photos/44/7HS00002/44-7HS00002-LRG-697cccb51e33b.jpg,https://cdn2.marondahomes.com/assets/moveinready-photos/44/7CT12257/44-7CT12257-LRG-68fbb034cde09.jpg,https://cdn2.marondahomes.com/assets/moveinready-photos/44/7AW00201/44-7AW00201-LRG-698a420569281.jpg"
https://www.marondahomes.com/fl/haines-city/lake-deer-estates-33844/job-2ld1362b.html,,Lake Deer Estates,,,"3262 Viceroy Ct Poinciana, Haines City, FL 34759",Haines City,FL,34759,Polk County,Sun: 12:00 PM-6:00 PM | Mon: 12:00 PM-6:00 PM | Tue: 10:00 AM-6:00 PM | Wed: 10:00 AM-6:00 PM | Thu: 10:00 AM-6:00 PM | Fri: 10:00 AM-6:00 PM | Sat: 10:00 AM-6:00 PM,407-305-7632,https://www.marondahomes.com/,,Maronda Homes,SFD,Y,,,Y,2,,Y,Shopping | Dining | Parks | Hospitals,,"Welcome Home to Lake Deer Estates, featuring the most personalization for a brand new home 1 mile from Poinciana Park with resort style amenities. Now selling, secure your appointment today! Hablamos español.",,,,,,,,,,,,,,,,,,,,,,,,Carlisle,,4,2,1,,Garage,,2,2797,3059,389990,389990,,,,,,"https://cdn2.marondahomes.com/assets/moveinready-photos/41/2LD1362B/41-2LD1362B-ORG-696e98903ad86.jpg,https://cdn2.marondahomes.com/assets/moveinready-photos/41/2LD1362B/41-2LD1362B-ORG-696e98944ad17.jpg,https://cdn2.marondahomes.com/assets/moveinready-photos/41/2LD1362B/41-2LD1362B-ORG-696e989848ed1.jpg,https://cdn2.marondahomes.com/assets/moveinready-photos/41/2LD1362B/41-2LD1362B-ORG-696e989eb7f6c.jpg,https://cdn2.marondahomes.com/assets/moveinready-photos/41/2LD1362B/41-2LD1362B-ORG-696e98a881524.jpg,https://cdn2.marondahomes.com/assets/moveinready-photos/41/2LD1362B/41-2LD1362B-ORG-696e98af38193.jpg,https://cdn2.marondahomes.com/assets/moveinready-photos/41/2LD1362B/41-2LD1362B-ORG-696e98b34be95.jpg,https://cdn2.marondahomes.com/assets/moveinready-photos/41/2LD1362B/41-2LD1362B-ORG-696e98b70179b.jpg,https://cdn2.marondahomes.com/assets/moveinready-photos/41/2LD1362B/41-2LD1362B-ORG-696e98baaa9d5.jpg,https://cdn2.marondahomes.com/assets/moveinready-photos/41/2LD1362B/41-2LD1362B-ORG-696e98bec05f9.jpg,https://cdn2.marondahomes.com/assets/moveinready-photos/41/2LD1362B/41-2LD1362B-LRG-696e98903ad86.jpg"
https://www.marondahomes.com/fl/san-antonio/mirada-townhomes-33576/job-7mt13018.html,,Mirada,,,"32107 Eastern Redbud Br, San Antonio, FL 33576",San Antonio,FL,33576,Pasco County,Sun: 12:00 PM-6:00 PM | Mon: 12:00 PM-6:00 PM | Tue: 10:00 AM-6:00 PM | Wed: 10:00 AM-6:00 PM | Thu: 10:00 AM-6:00 PM | Fri: 10:00 AM-6:00 PM | Sat: 10:00 AM-6:00 PM,863-591-6631,https://www.marondahomes.com/,,Maronda Homes,SFA,Y,,,Y,1,,Y,Shopping | Dining | Parks | Golf | Fitness | Hospitals,,"Mirada Townhomes by Maronda Homes is the only family-owned builder in the Mirada Lagoon Community featuring luxury living at an affordable price. Located just off I-75, living in this community provides you with a quick commute to all that Tampa & Wesley Chapel have to offer. Schedule your appointment to learn more today!",,,,,,,,,,,,,,,,,,,,,,,,St Sebastian,,3,2,1,,Garage,,1,1639,1694,274900,350000,,,,,,"https://cdn2.marondahomes.com/assets/moveinready-photos/44/7MT13018/44-7MT13018-ORG-68f68d3194f2e.png,https://cdn2.marondahomes.com/assets/moveinready-photos/44/7MT21623/44-7MT21623-LRG-68f68d47ecc46.jpg,https://cdn2.marondahomes.com/assets/moveinready-photos/44/7MT21823/44-7MT21823-LRG-68f68eb45e34d.jpg,https://cdn2.marondahomes.com/assets/moveinready-photos/44/7MT21021/44-7MT21021-LRG-68f69511a69be.jpg,https://cdn2.marondahomes.com/assets/moveinready-photos/44/7MT21121/44-7MT21121-LRG-68f68e9373e89.jpg,https://cdn2.marondahomes.com/assets/moveinready-photos/44/7MT21221/44-7MT21221-LRG-68f68e9d4e110.jpg,https://cdn2.marondahomes.com/assets/moveinready-photos/44/7MT22134/44-7MT22134-LRG-68f69001bc9e7.jpg,https://cdn2.marondahomes.com/assets/moveinready-photos/44/7MT22234/44-7MT22234-LRG-68f694e76ac71.jpg,https://cdn2.marondahomes.com/assets/moveinready-photos/44/7MT22434/44-7MT22434-LRG-68f68ec60e1a2.jpg,https://cdn2.marondahomes.com/assets/moveinready-photos/44/7MT22534/44-7MT22534-LRG-68f694de9e013.jpg,https://cdn2.marondahomes.com/assets/moveinready-photos/44/7MT22634/44-7MT22634-LRG-68f6900eaf515.jpg,https://cdn2.marondahomes.com/assets/moveinready-photos/44/7MT13018/44-7MT13018-LRG-68f68d3194f2e.jpg,https://cdn2.marondahomes.com/assets/moveinready-photos/44/7MT13218/44-7MT13218-LRG-69837b3192d59.jpg"
https://www.marondahomes.com/pa/venetia/pemberley-manor-15367/job-pm208.html,,Pemberley Manor,,,"415 Pemberley Court, Venetia, PA 15367",Venetia,PA,15367,Washington County,Sun: 12:00 PM-6:00 PM | Mon: 10:00 AM-6:00 PM | Tue: 10:00 AM-6:00 PM | Wed: 12:00 PM-6:00 PM | Thu: Appointments Only | Fri: Appointments Only | Sat: 10:00 AM-6:00 PM,412-838-3818,https://www.marondahomes.com/,,Maronda Homes,SFD,Y,,,Y,2,,Y,Shopping | Dining | Parks | Golf | Fitness | Hospitals,,"Pemberley Manor features the lowest priced, new single family homes in Peters Township with direct access to the Montour Trail and Peterswood Park. Schedule a tour of our model home today!",,,,,,,,,,,,,,,,,,,,,,,,Rockford,"Welcome to the Rockford by Maronda Homes — a bright, contemporary two-story home offering approximately 2,195 square feet of finished living space, plus a beautifully finished basement for even more room to relax or entertain. The open-concept main level features a spacious kitchen that flows seamlessly into the dining and living areas, creating the perfect setting for gatherings. Upstairs, you’ll find comfortable secondary bedrooms and a luxurious owner’s suite complete with a large walk-in closet and private bath. Set within a thoughtfully designed community offering direct access to Peterswood Park, this home combines modern comfort with everyday convenience. With its stylish exterior, inviting front porch, and versatile living spaces, the Rockford delivers the perfect blend of charm, function, and location.",3,2,1,,Garage,,2,2112,4602,579990,579990,,,,,,"https://cdn2.marondahomes.com/assets/moveinready-photos/3/PM208/3-PM208-ORG-6902329fce01c.jpg,https://cdn2.marondahomes.com/assets/moveinready-photos/3/PM208/3-PM208-ORG-6911faf442592.jpeg,https://cdn2.marondahomes.com/assets/moveinready-photos/3/PM208/3-PM208-ORG-6911fafada301.jpeg,https://cdn2.marondahomes.com/assets/moveinready-photos/3/PM208/3-PM208-ORG-6911fb027a898.jpeg,https://cdn2.marondahomes.com/assets/moveinready-photos/3/PM208/3-PM208-ORG-68eedbcc2196a.jpeg,https://cdn2.marondahomes.com/assets/moveinready-photos/3/PM208/3-PM208-ORG-6911fb0c3ddf6.jpeg,https://cdn2.marondahomes.com/assets/moveinready-photos/3/PM208/3-PM208-ORG-6911fb1212ae2.jpeg,https://cdn2.marondahomes.com/assets/moveinready-photos/3/PM208/3-PM208-ORG-6911fb186572c.jpeg,https://cdn2.marondahomes.com/assets/moveinready-photos/3/PM208/3-PM208-ORG-6911fb1f69420.jpeg,https://cdn2.marondahomes.com/assets/moveinready-photos/3/PM208/3-PM208-LRG-6902329fce01c.jpg"
https://www.marondahomes.com/fl/san-antonio/mirada-townhomes-33576/job-7mt13218.html,,Mirada,,,"32099 Eastern Redbud Br, San Antonio, FL 33576",San Antonio,FL,33576,Pasco County,Sun: 12:00 PM-6:00 PM | Mon: 12:00 PM-6:00 PM | Tue: 10:00 AM-6:00 PM | Wed: 10:00 AM-6:00 PM | Thu: 10:00 AM-6:00 PM | Fri: 10:00 AM-6:00 PM | Sat: 10:00 AM-6:00 PM,863-591-6631,https://www.marondahomes.com/,,Maronda Homes,SFA,Y,,,Y,1,,Y,Shopping | Dining | Parks | Golf | Fitness | Hospitals,,"Mirada Townhomes by Maronda Homes is the only family-owned builder in the Mirada Lagoon Community featuring luxury living at an affordable price. Located just off I-75, living in this community provides you with a quick commute to all that Tampa & Wesley Chapel have to offer. Schedule your appointment to learn more today!",,,,,,,,,,,,,,,,,,,,,,,,St Sebastian,"Brand New Townhome Move-In Ready December 2025! This stunning 3 bedroom, 2.5 bath townhome with a 1-car garage combines functionality with modern flare. The open concept first floor features durable EVP flooring throughout, complemented by white cabinetry and quartz countertops for that upscale look. Enjoy a chef inspired kitchen completed with stainless steel appliances such as a refrigerator, dishwasher, stove, and microwave. This townhome also includes a washer and dryer already included for your convenience. Upstairs, the owner's suite offers a luxurious walk in shower and generous closet space. With move in ready convenience, a modern touch, and a spacious design, this townhome is the perfect place to call home.",3,2,1,,Garage,,1,1639,1694,274900,350000,,,,,,"https://cdn2.marondahomes.com/assets/moveinready-photos/44/7MT13218/44-7MT13218-ORG-69837b3192d59.jpg,https://cdn2.marondahomes.com/assets/moveinready-photos/44/7MT13218/44-7MT13218-ORG-69837b349008d.jpg,https://cdn2.marondahomes.com/assets/moveinready-photos/44/7MT13218/44-7MT13218-ORG-69837b3614a7c.jpg,https://cdn2.marondahomes.com/assets/moveinready-photos/44/7MT13218/44-7MT13218-ORG-69837b3ec49f9.jpg,https://cdn2.marondahomes.com/assets/moveinready-photos/44/7MT13218/44-7MT13218-ORG-69837c1f08391.jpg,https://cdn2.marondahomes.com/assets/moveinready-photos/44/7MT13218/44-7MT13218-ORG-69837c26173cb.jpg,https://cdn2.marondahomes.com/assets/moveinready-photos/44/7MT13218/44-7MT13218-ORG-69837c27d5f27.jpg,https://cdn2.marondahomes.com/assets/moveinready-photos/44/7MT13218/44-7MT13218-ORG-69837c29bfa24.jpg,https://cdn2.marondahomes.com/assets/moveinready-photos/44/7MT13218/44-7MT13218-ORG-69837c2a9d948.jpg,https://cdn2.marondahomes.com/assets/moveinready-photos/44/7MT13218/44-7MT13218-ORG-69837c8a975b2.jpg,https://cdn2.marondahomes.com/assets/moveinready-photos/44/7MT13218/44-7MT13218-ORG-69837cc21376e.jpg,https://cdn2.marondahomes.com/assets/moveinready-photos/44/7MT13218/44-7MT13218-ORG-69837cc11b555.jpg,https://cdn2.marondahomes.com/assets/moveinready-photos/44/7MT13218/44-7MT13218-ORG-69837dc5776a2.jpg,https://cdn2.marondahomes.com/assets/moveinready-photos/44/7MT13218/44-7MT13218-ORG-69837dcb17577.jpg,https://cdn2.marondahomes.com/assets/moveinready-photos/44/7MT13218/44-7MT13218-ORG-69837dc64d8ef.jpg,https://cdn2.marondahomes.com/assets/moveinready-photos/44/7MT13218/44-7MT13218-ORG-69837dccb2963.jpg,https://cdn2.marondahomes.com/assets/moveinready-photos/44/7MT13218/44-7MT13218-ORG-69837dcd8d73d.jpg,https://cdn2.marondahomes.com/assets/moveinready-photos/44/7MT13218/44-7MT13218-ORG-69837dc457db4.jpg,https://cdn2.marondahomes.com/assets/moveinready-photos/44/7MT13218/44-7MT13218-ORG-69837dce5e9cd.jpg,https://cdn2.marondahomes.com/assets/moveinready-photos/44/7MT13218/44-7MT13218-ORG-69837db1f370f.jpg,https://cdn2.marondahomes.com/assets/moveinready-photos/44/7MT13218/44-7MT13218-ORG-69837dca46105.jpg,https://cdn2.marondahomes.com/assets/moveinready-photos/44/7MT13218/44-7MT13218-ORG-69837da4741cc.jpg,https://cdn2.marondahomes.com/assets/moveinready-photos/44/7MT13218/44-7MT13218-ORG-69837dcbe27fa.jpg,https://cdn2.marondahomes.com/assets/moveinready-photos/44/7MT13218/44-7MT13218-ORG-69837f09a224a.jpg,https://cdn2.marondahomes.com/assets/moveinready-photos/44/7MT13218/44-7MT13218-ORG-69837f08cecfd.jpg,https://cdn2.marondahomes.com/assets/moveinready-photos/44/7MT13218/44-7MT13218-ORG-69837f0e5ead9.jpg,https://cdn2.marondahomes.com/assets/moveinready-photos/44/7MT13218/44-7MT13218-ORG-69837f0c0bf19.jpg,https://cdn2.marondahomes.com/assets/moveinready-photos/44/7MT13218/44-7MT13218-ORG-69837ef4a62c5.jpg,https://cdn2.marondahomes.com/assets/moveinready-photos/44/7MT13218/44-7MT13218-ORG-69837f3a5ba12.jpg,https://cdn2.marondahomes.com/assets/moveinready-photos/44/7MT21623/44-7MT21623-LRG-68f68d47ecc46.jpg,https://cdn2.marondahomes.com/assets/moveinready-photos/44/7MT21823/44-7MT21823-LRG-68f68eb45e34d.jpg,https://cdn2.marondahomes.com/assets/moveinready-photos/44/7MT21021/44-7MT21021-LRG-68f69511a69be.jpg,https://cdn2.marondahomes.com/assets/moveinready-photos/44/7MT21121/44-7MT21121-LRG-68f68e9373e89.jpg,https://cdn2.marondahomes.com/assets/moveinready-photos/44/7MT21221/44-7MT21221-LRG-68f68e9d4e110.jpg,https://cdn2.marondahomes.com/assets/moveinready-photos/44/7MT22134/44-7MT22134-LRG-68f69001bc9e7.jpg,https://cdn2.marondahomes.com/assets/moveinready-photos/44/7MT22234/44-7MT22234-LRG-68f694e76ac71.jpg,https://cdn2.marondahomes.com/assets/moveinready-photos/44/7MT22434/44-7MT22434-LRG-68f68ec60e1a2.jpg,https://cdn2.marondahomes.com/assets/moveinready-photos/44/7MT22534/44-7MT22534-LRG-68f694de9e013.jpg,https://cdn2.marondahomes.com/assets/moveinready-photos/44/7MT22634/44-7MT22634-LRG-68f6900eaf515.jpg,https://cdn2.marondahomes.com/assets/moveinready-photos/44/7MT13018/44-7MT13018-LRG-68f68d3194f2e.jpg,https://cdn2.marondahomes.com/assets/moveinready-photos/44/7MT13218/44-7MT13218-LRG-69837b3192d59.jpg"
https://www.marondahomes.com/fl/cape-coral/cape-coral-33914/job-7k211131.html,,Cape Coral,,,"617 Se 3rd Ter, Cape Coral, FL 33990",Cape Coral,FL,33990,Lee County,Sun: 12:00 PM-6:00 PM | Mon: 12:00 PM-6:00 PM | Tue: 10:00 AM-6:00 PM | Wed: 10:00 AM-6:00 PM | Thu: 10:00 AM-6:00 PM | Fri: 10:00 AM-6:00 PM | Sat: 10:00 AM-6:00 PM,,https://www.marondahomes.com/,,Maronda Homes,SFD,Y,,,Y,2,,Y,Shopping | Dining | Parks | Golf | Fitness | Hospitals,,"Cape Coral’s only builder offering true freedom—build on your lot, ours, or we’ll secure one for you. No HOA. No CDD. Just your home, your way.",,,,,,,,,,,,,,,,,,,,,,,,Drexel,,3,2,,,Garage,,2,1988,3282,419900,459900,,,,,,"https://cdn2.marondahomes.com/assets/moveinready-photos/44/7K211131/44-7K211131-ORG-6939af1d5fdc0.jpg,https://cdn2.marondahomes.com/assets/moveinready-photos/44/7B212515/44-7B212515-LRG-694acae0cf4a1.jpg,https://cdn2.marondahomes.com/assets/moveinready-photos/44/7BV14303/44-7BV14303-LRG-67361b18c7c23.jpg,https://cdn2.marondahomes.com/assets/moveinready-photos/44/7K662600/44-7K662600-LRG-6944600e92ab9.jpg,https://cdn2.marondahomes.com/assets/moveinready-photos/44/7K211131/44-7K211131-LRG-6939af1d5fdc0.jpg,https://cdn2.marondahomes.com/assets/moveinready-photos/44/7K443629/44-7K443629-LRG-69373baf21071.jpg,https://cdn2.marondahomes.com/assets/moveinready-photos/44/7K044008/44-7K044008-LRG-69971e6e8f568.jpg,https://cdn2.marondahomes.com/assets/moveinready-photos/44/7K033630/44-7K033630-LRG-6949a56435980.jpg,https://cdn2.marondahomes.com/assets/moveinready-photos/44/7PC43098/44-7PC43098-LRG-698a882ae68c7.jpg,https://cdn2.marondahomes.com/assets/moveinready-photos/44/7HS00121/44-7HS00121-LRG-69a8ac1ebf547.jpg,https://cdn2.marondahomes.com/assets/moveinready-photos/44/7HS00002/44-7HS00002-LRG-697cccb51e33b.jpg,https://cdn2.marondahomes.com/assets/moveinready-photos/44/7CT12257/44-7CT12257-LRG-68fbb034cde09.jpg,https://cdn2.marondahomes.com/assets/moveinready-photos/44/7AW00201/44-7AW00201-LRG-698a420569281.jpg"
https://www.marondahomes.com/fl/cape-coral/burnt-store-33914/job-7b212515.html,,Burnt Store,,,"2119 Ne Juanita Pl, Cape Coral, FL 33909",Cape Coral,FL,33909,Lee County,Sun: 12:00 PM-6:00 PM | Mon: 12:00 PM-6:00 PM | Tue: 10:00 AM-6:00 PM | Wed: 10:00 AM-6:00 PM | Thu: 10:00 AM-6:00 PM | Fri: 10:00 AM-6:00 PM | Sat: 10:00 AM-6:00 PM,863-591-5670,https://www.marondahomes.com/,,Maronda Homes,SFD,,,,Y,2,,Y,Shopping | Dining | Parks | Golf | Fitness | Hospitals,,"Cape Coral’s only builder offering true freedom—build on your lot, ours, or we’ll secure one for you. No HOA. No CDD. Just your home, your way.",,,,,,,,,,,,,,,,,,,,,,,,Drexel,,3,2,,,Garage,,2,1988,1988,349900,350000,,,,,,"https://cdn2.marondahomes.com/assets/moveinready-photos/44/7B212515/44-7B212515-ORG-694acae0cf4a1.png,https://cdn2.marondahomes.com/assets/moveinready-photos/44/7B212515/44-7B212515-ORG-694acad8e239b.png,https://cdn2.marondahomes.com/assets/moveinready-photos/44/7B212515/44-7B212515-ORG-694acaa52870f.png,https://cdn2.marondahomes.com/assets/moveinready-photos/44/7B212515/44-7B212515-ORG-694aca94a0abf.png,https://cdn2.marondahomes.com/assets/moveinready-photos/44/7B212515/44-7B212515-ORG-694aca864ac42.png,https://cdn2.marondahomes.com/assets/moveinready-photos/44/7B212515/44-7B212515-ORG-694aca8d549f8.png,https://cdn2.marondahomes.com/assets/moveinready-photos/44/7B212515/44-7B212515-ORG-694aca9d363b1.png,https://cdn2.marondahomes.com/assets/moveinready-photos/44/7B212515/44-7B212515-ORG-694acac24b326.png,https://cdn2.marondahomes.com/assets/moveinready-photos/44/7B212515/44-7B212515-ORG-694acac9e3ec4.png,https://cdn2.marondahomes.com/assets/moveinready-photos/44/7B212515/44-7B212515-ORG-694acad2303b9.png,https://cdn2.marondahomes.com/assets/moveinready-photos/44/7B212515/44-7B212515-LRG-694acae0cf4a1.jpg,https://cdn2.marondahomes.com/assets/moveinready-photos/44/7BV14303/44-7BV14303-LRG-67361b18c7c23.jpg,https://cdn2.marondahomes.com/assets/moveinready-photos/44/7K662600/44-7K662600-LRG-6944600e92ab9.jpg,https://cdn2.marondahomes.com/assets/moveinready-photos/44/7K211131/44-7K211131-LRG-6939af1d5fdc0.jpg,https://cdn2.marondahomes.com/assets/moveinready-photos/44/7K443629/44-7K443629-LRG-69373baf21071.jpg,https://cdn2.marondahomes.com/assets/moveinready-photos/44/7K044008/44-7K044008-LRG-69971e6e8f568.jpg,https://cdn2.marondahomes.com/assets/moveinready-photos/44/7K033630/44-7K033630-LRG-6949a56435980.jpg,https://cdn2.marondahomes.com/assets/moveinready-photos/44/7PC43098/44-7PC43098-LRG-698a882ae68c7.jpg,https://cdn2.marondahomes.com/assets/moveinready-photos/44/7HS00121/44-7HS00121-LRG-69a8ac1ebf547.jpg,https://cdn2.marondahomes.com/assets/moveinready-photos/44/7HS00002/44-7HS00002-LRG-697cccb51e33b.jpg,https://cdn2.marondahomes.com/assets/moveinready-photos/44/7CT12257/44-7CT12257-LRG-68fbb034cde09.jpg,https://cdn2.marondahomes.com/assets/moveinready-photos/44/7AW00201/44-7AW00201-LRG-698a420569281.jpg"
https://www.marondahomes.com/fl/punta-gorda/heritage-station-33955/job-7hs00002.html,,Heritage Station,,,"25129 Calusa Drive, Punta Gorda, FL 33955",Punta Gorda,FL,33955,Charlotte County,Sun: 12:00 PM-6:00 PM | Mon: 12:00 PM-6:00 PM | Tue: 10:00 AM-6:00 PM | Wed: 10:00 AM-6:00 PM | Thu: 10:00 AM-6:00 PM | Fri: 10:00 AM-6:00 PM | Sat: 10:00 AM-6:00 PM,863-591-5670,https://www.marondahomes.com/,,Maronda Homes,SFD,Y,,,Y,2,,Y,Dining | Golf,,"Introducing Heritage Station, the only gated community in Punta Gorda with low HOA costs, no CDD fees, and homesites deep enough for a private pool or oasis. Don't miss out - tour our model home today!",,,,,,,,,,,,,,,,,,,,,,,,Drexel,"Welcome to the Drexel, a stunning home on homesite 2 at Heritage Station. This thoughtfully designed floor plan boasts 1865 square feet of living space, offering a perfect blend of comfort and style. With 3 bedrooms, 2 baths, and a spacious 3-car garage, this home is tailored for modern living. Step into luxury with upgraded cabinets and granite countertops. Enjoy the seamless flow of tile throughout, complemented by 9""4' ceilings that add an extra touch of grandeur. The Drexel comes complete with gas appliances, ensuring both efficiency and a touch of sophistication. As you approach, notice the exterior stone accent and a paver driveway that exude curb appeal. The home is situated within the secure embrace of a gated community, offering privacy and peace of mind. Yet, convenience is at your fingertips, with shopping, dining, and popular destinations like downtown Punta Gorda and Fishermen's Village just minutes away. Make the Drexel at Heritage Station your haven – where modern convenience meets timeless elegance in a gated community that feels like home.",3,2,,,Garage,,2,1988,2675,379900,419900,,,,,,"https://cdn2.marondahomes.com/assets/moveinready-photos/44/7HS00002/44-7HS00002-ORG-697cccb51e33b.jpg,https://cdn2.marondahomes.com/assets/moveinready-photos/44/7HS00002/44-7HS00002-ORG-697cccb5a13e8.jpg,https://cdn2.marondahomes.com/assets/moveinready-photos/44/7HS00002/44-7HS00002-ORG-697cccb49a7b1.jpg,https://cdn2.marondahomes.com/assets/moveinready-photos/44/7HS00002/44-7HS00002-ORG-697cccc3f2765.jpg,https://cdn2.marondahomes.com/assets/moveinready-photos/44/7HS00002/44-7HS00002-ORG-697cccc385d1f.jpg,https://cdn2.marondahomes.com/assets/moveinready-photos/44/7HS00002/44-7HS00002-ORG-697cccc46a54c.jpg,https://cdn2.marondahomes.com/assets/moveinready-photos/44/7HS00002/44-7HS00002-ORG-697cccdca33c2.jpg,https://cdn2.marondahomes.com/assets/moveinready-photos/44/7HS00002/44-7HS00002-ORG-697ccd26bc8ea.jpg,https://cdn2.marondahomes.com/assets/moveinready-photos/44/7HS00002/44-7HS00002-ORG-697ccd08e91b8.jpg,https://cdn2.marondahomes.com/assets/moveinready-photos/44/7HS00002/44-7HS00002-ORG-697ccd0a60b37.jpg,https://cdn2.marondahomes.com/assets/moveinready-photos/44/7HS00002/44-7HS00002-ORG-697cccdd7de3c.jpg,https://cdn2.marondahomes.com/assets/moveinready-photos/44/7HS00002/44-7HS00002-ORG-697ccd4881f42.jpg,https://cdn2.marondahomes.com/assets/moveinready-photos/44/7HS00002/44-7HS00002-ORG-697cccdd15656.jpg,https://cdn2.marondahomes.com/assets/moveinready-photos/44/7HS00002/44-7HS00002-ORG-697ccd48eca6f.jpg,https://cdn2.marondahomes.com/assets/moveinready-photos/44/7HS00002/44-7HS00002-ORG-697cccee7a9d1.jpg,https://cdn2.marondahomes.com/assets/moveinready-photos/44/7HS00002/44-7HS00002-ORG-697cccefc765f.jpg,https://cdn2.marondahomes.com/assets/moveinready-photos/44/7HS00002/44-7HS00002-ORG-697ccceee59d7.jpg,https://cdn2.marondahomes.com/assets/moveinready-photos/44/7HS00002/44-7HS00002-ORG-697cccef5c163.jpg,https://cdn2.marondahomes.com/assets/moveinready-photos/44/7HS00002/44-7HS00002-ORG-697ccd27293a7.jpg,https://cdn2.marondahomes.com/assets/moveinready-photos/44/7HS00002/44-7HS00002-ORG-697ccd0963b40.jpg,https://cdn2.marondahomes.com/assets/moveinready-photos/44/7HS00002/44-7HS00002-ORG-697ccd09da6f9.jpg,https://cdn2.marondahomes.com/assets/moveinready-photos/44/7B212515/44-7B212515-LRG-694acae0cf4a1.jpg,https://cdn2.marondahomes.com/assets/moveinready-photos/44/7BV14303/44-7BV14303-LRG-67361b18c7c23.jpg,https://cdn2.marondahomes.com/assets/moveinready-photos/44/7K662600/44-7K662600-LRG-6944600e92ab9.jpg,https://cdn2.marondahomes.com/assets/moveinready-photos/44/7K211131/44-7K211131-LRG-6939af1d5fdc0.jpg,https://cdn2.marondahomes.com/assets/moveinready-photos/44/7K443629/44-7K443629-LRG-69373baf21071.jpg,https://cdn2.marondahomes.com/assets/moveinready-photos/44/7K044008/44-7K044008-LRG-69971e6e8f568.jpg,https://cdn2.marondahomes.com/assets/moveinready-photos/44/7K033630/44-7K033630-LRG-6949a56435980.jpg,https://cdn2.marondahomes.com/assets/moveinready-photos/44/7PC43098/44-7PC43098-LRG-698a882ae68c7.jpg,https://cdn2.marondahomes.com/assets/moveinready-photos/44/7HS00121/44-7HS00121-LRG-69a8ac1ebf547.jpg,https://cdn2.marondahomes.com/assets/moveinready-photos/44/7HS00002/44-7HS00002-LRG-697cccb51e33b.jpg,https://cdn2.marondahomes.com/assets/moveinready-photos/44/7CT12257/44-7CT12257-LRG-68fbb034cde09.jpg,https://cdn2.marondahomes.com/assets/moveinready-photos/44/7AW00201/44-7AW00201-LRG-698a420569281.jpg"
https://www.marondahomes.com/fl/cape-coral/cape-coral-33914/job-7k033630.html,,Cape Coral,,,"1431 Sw 4th Ln, Cape Coral, FL 33991",Cape Coral,FL,33991,Lee County,Sun: 12:00 PM-6:00 PM | Mon: 12:00 PM-6:00 PM | Tue: 10:00 AM-6:00 PM | Wed: 10:00 AM-6:00 PM | Thu: 10:00 AM-6:00 PM | Fri: 10:00 AM-6:00 PM | Sat: 10:00 AM-6:00 PM,,https://www.marondahomes.com/,,Maronda Homes,SFD,Y,,,Y,2,,Y,Shopping | Dining | Parks | Golf | Fitness | Hospitals,,"Cape Coral’s only builder offering true freedom—build on your lot, ours, or we’ll secure one for you. No HOA. No CDD. Just your home, your way.",,,,,,,,,,,,,,,,,,,,,,,,Drexel,"Hi there, I’m brand new—but I’ve landed in one of those established neighborhoods in SW Cape Coral where things already feel grounded and familiar. Think mature surroundings, great access, and a place that just works for everyday life. I was built with peace of mind in mind, starting with impact-resistant windows and doors—strong, quiet, and ready for whatever Florida weather brings. A huge bonus is I am not in a flood zone! Step inside and you’ll find 3 bedrooms, 2 bathrooms, plus a dedicated den with French doors—perfect for a home office, study, or quiet retreat when privacy matters. My floors are dressed in ceramic plank, wood-look tile, giving you the warmth of wood with the durability you actually want. I’m a people-person at heart, which is why my kitchen sits right at the center of the home. I’ve got a huge eat-in island made for morning coffee, homework sessions, and weekend hosting, plus 42” upper cabinets and generous storage so everything has its place. Down the hall, I even thought ahead—there’s a coat closet right where you need it. My spare bedrooms are spacious and share a well-placed bathroom, making them ideal for family, guests, or both. Look up and you’ll not...",3,2,,,Garage,,2,1988,3282,409900,459900,,,,,,"https://cdn2.marondahomes.com/assets/moveinready-photos/44/7K033630/44-7K033630-ORG-6949a56435980.png,https://cdn2.marondahomes.com/assets/moveinready-photos/44/7K033630/44-7K033630-ORG-6986167871abf.jpg,https://cdn2.marondahomes.com/assets/moveinready-photos/44/7K033630/44-7K033630-ORG-6986165c09eaf.jpg,https://cdn2.marondahomes.com/assets/moveinready-photos/44/7K033630/44-7K033630-ORG-6986167e190d9.jpg,https://cdn2.marondahomes.com/assets/moveinready-photos/44/7K033630/44-7K033630-ORG-6986166c5a5af.jpg,https://cdn2.marondahomes.com/assets/moveinready-photos/44/7K033630/44-7K033630-ORG-6986168206f72.jpg,https://cdn2.marondahomes.com/assets/moveinready-photos/44/7K033630/44-7K033630-ORG-6949a5695dfdd.png,https://cdn2.marondahomes.com/assets/moveinready-photos/44/7K033630/44-7K033630-ORG-698616c9931c8.jpg,https://cdn2.marondahomes.com/assets/moveinready-photos/44/7K033630/44-7K033630-ORG-698616a164dcd.jpg,https://cdn2.marondahomes.com/assets/moveinready-photos/44/7K033630/44-7K033630-ORG-698616b18c715.jpg,https://cdn2.marondahomes.com/assets/moveinready-photos/44/7K033630/44-7K033630-ORG-6949a55b0008c.png,https://cdn2.marondahomes.com/assets/moveinready-photos/44/7K033630/44-7K033630-ORG-698616ce3f755.jpg,https://cdn2.marondahomes.com/assets/moveinready-photos/44/7K033630/44-7K033630-ORG-6986168d4eb91.jpg,https://cdn2.marondahomes.com/assets/moveinready-photos/44/7K033630/44-7K033630-ORG-6949a54fbb662.png,https://cdn2.marondahomes.com/assets/moveinready-photos/44/7K033630/44-7K033630-ORG-6949a53b50ffe.png,https://cdn2.marondahomes.com/assets/moveinready-photos/44/7K033630/44-7K033630-ORG-6949a53fd2c34.png,https://cdn2.marondahomes.com/assets/moveinready-photos/44/7K033630/44-7K033630-ORG-6949a544bfa87.png,https://cdn2.marondahomes.com/assets/moveinready-photos/44/7K033630/44-7K033630-ORG-6949a54a8bfda.png,https://cdn2.marondahomes.com/assets/moveinready-photos/44/7K033630/44-7K033630-ORG-6949a5554f008.png,https://cdn2.marondahomes.com/assets/moveinready-photos/44/7K033630/44-7K033630-ORG-6949a5601a267.png,https://cdn2.marondahomes.com/assets/moveinready-photos/44/7K033630/44-7K033630-ORG-6949a56da2d88.png,https://cdn2.marondahomes.com/assets/moveinready-photos/44/7K033630/44-7K033630-ORG-69861697846ce.jpg,https://cdn2.marondahomes.com/assets/moveinready-photos/44/7K033630/44-7K033630-ORG-6986169c107eb.jpg,https://cdn2.marondahomes.com/assets/moveinready-photos/44/7K033630/44-7K033630-ORG-698616a99dd4a.jpg,https://cdn2.marondahomes.com/assets/moveinready-photos/44/7K033630/44-7K033630-ORG-698616c4b1f92.jpg,https://cdn2.marondahomes.com/assets/moveinready-photos/44/7K033630/44-7K033630-ORG-698616d26769e.jpg,https://cdn2.marondahomes.com/assets/moveinready-photos/44/7K033630/44-7K033630-ORG-698616d75a3a9.jpg,https://cdn2.marondahomes.com/assets/moveinready-photos/44/7K033630/44-7K033630-ORG-698616db320e3.jpg,https://cdn2.marondahomes.com/assets/moveinready-photos/44/7B212515/44-7B212515-LRG-694acae0cf4a1.jpg,https://cdn2.marondahomes.com/assets/moveinready-photos/44/7BV14303/44-7BV14303-LRG-67361b18c7c23.jpg,https://cdn2.marondahomes.com/assets/moveinready-photos/44/7K662600/44-7K662600-LRG-6944600e92ab9.jpg,https://cdn2.marondahomes.com/assets/moveinready-photos/44/7K211131/44-7K211131-LRG-6939af1d5fdc0.jpg,https://cdn2.marondahomes.com/assets/moveinready-photos/44/7K443629/44-7K443629-LRG-69373baf21071.jpg,https://cdn2.marondahomes.com/assets/moveinready-photos/44/7K044008/44-7K044008-LRG-69971e6e8f568.jpg,https://cdn2.marondahomes.com/assets/moveinready-photos/44/7K033630/44-7K033630-LRG-6949a56435980.jpg,https://cdn2.marondahomes.com/assets/moveinready-photos/44/7PC43098/44-7PC43098-LRG-698a882ae68c7.jpg,https://cdn2.marondahomes.com/assets/moveinready-photos/44/7HS00121/44-7HS00121-LRG-69a8ac1ebf547.jpg,https://cdn2.marondahomes.com/assets/moveinready-photos/44/7HS00002/44-7HS00002-LRG-697cccb51e33b.jpg,https://cdn2.marondahomes.com/assets/moveinready-photos/44/7CT12257/44-7CT12257-LRG-68fbb034cde09.jpg,https://cdn2.marondahomes.com/assets/moveinready-photos/44/7AW00201/44-7AW00201-LRG-698a420569281.jpg"
https://www.marondahomes.com/fl/san-antonio/mirada-townhomes-33576/job-7mt21623.html,,Mirada,,,"10667 Ironwood Tree Way, San Antonio, FL 33576",San Antonio,FL,33576,Pasco County,Sun: 12:00 PM-6:00 PM | Mon: 12:00 PM-6:00 PM | Tue: 10:00 AM-6:00 PM | Wed: 10:00 AM-6:00 PM | Thu: 10:00 AM-6:00 PM | Fri: 10:00 AM-6:00 PM | Sat: 10:00 AM-6:00 PM,863-591-6631,https://www.marondahomes.com/,,Maronda Homes,SFA,Y,,,Y,1,,Y,Shopping | Dining | Parks | Golf | Fitness | Hospitals,,"Mirada Townhomes by Maronda Homes is the only family-owned builder in the Mirada Lagoon Community featuring luxury living at an affordable price. Located just off I-75, living in this community provides you with a quick commute to all that Tampa & Wesley Chapel have to offer. Schedule your appointment to learn more today!",,,,,,,,,,,,,,,,,,,,,,,,St Sebastian,"Brand New Townhome Move-In Ready December 2025! This stunning 3 bedroom, 2.5 bath townhome with a 1-car garage combines functionality with modern flare. The open concept first floor features durable EVP flooring throughout, complemented by cabinetry with an espresso color and quartz countertops for that upscale look. Enjoy a chef inspired kitchen completed with stainless steel appliances such as a refrigerator, dishwasher, stove, and microwave. This townhome also includes a washer and dryer already included for your convenience. Upstairs, the owner's suite offers a luxurious walk in shower and generous closet space. With move in ready convenience, a modern touch, and a spacious design, this townhome is the perfect place to call home.",3,2,1,,Garage,,1,1639,1694,279900,350000,,,,,,"https://cdn2.marondahomes.com/assets/moveinready-photos/44/7MT21623/44-7MT21623-ORG-68f68d47ecc46.png,https://cdn2.marondahomes.com/assets/moveinready-photos/44/7MT21623/44-7MT21623-LRG-68f68d47ecc46.jpg,https://cdn2.marondahomes.com/assets/moveinready-photos/44/7MT21823/44-7MT21823-LRG-68f68eb45e34d.jpg,https://cdn2.marondahomes.com/assets/moveinready-photos/44/7MT21021/44-7MT21021-LRG-68f69511a69be.jpg,https://cdn2.marondahomes.com/assets/moveinready-photos/44/7MT21121/44-7MT21121-LRG-68f68e9373e89.jpg,https://cdn2.marondahomes.com/assets/moveinready-photos/44/7MT21221/44-7MT21221-LRG-68f68e9d4e110.jpg,https://cdn2.marondahomes.com/assets/moveinready-photos/44/7MT22134/44-7MT22134-LRG-68f69001bc9e7.jpg,https://cdn2.marondahomes.com/assets/moveinready-photos/44/7MT22234/44-7MT22234-LRG-68f694e76ac71.jpg,https://cdn2.marondahomes.com/assets/moveinready-photos/44/7MT22434/44-7MT22434-LRG-68f68ec60e1a2.jpg,https://cdn2.marondahomes.com/assets/moveinready-photos/44/7MT22534/44-7MT22534-LRG-68f694de9e013.jpg,https://cdn2.marondahomes.com/assets/moveinready-photos/44/7MT22634/44-7MT22634-LRG-68f6900eaf515.jpg,https://cdn2.marondahomes.com/assets/moveinready-photos/44/7MT13018/44-7MT13018-LRG-68f68d3194f2e.jpg,https://cdn2.marondahomes.com/assets/moveinready-photos/44/7MT13218/44-7MT13218-LRG-69837b3192d59.jpg"
https://www.marondahomes.com/fl/san-antonio/mirada-townhomes-33576/job-7mt21823.html,,Mirada,,,"10657 Ironwood Tree Way, San Antonio, FL 33576",San Antonio,FL,33576,Pasco County,Sun: 12:00 PM-6:00 PM | Mon: 12:00 PM-6:00 PM | Tue: 10:00 AM-6:00 PM | Wed: 10:00 AM-6:00 PM | Thu: 10:00 AM-6:00 PM | Fri: 10:00 AM-6:00 PM | Sat: 10:00 AM-6:00 PM,863-591-6631,https://www.marondahomes.com/,,Maronda Homes,SFA,Y,,,Y,1,,Y,Shopping | Dining | Parks | Golf | Fitness | Hospitals,,"Mirada Townhomes by Maronda Homes is the only family-owned builder in the Mirada Lagoon Community featuring luxury living at an affordable price. Located just off I-75, living in this community provides you with a quick commute to all that Tampa & Wesley Chapel have to offer. Schedule your appointment to learn more today!",,,,,,,,,,,,,,,,,,,,,,,,St Sebastian,"Brand New Townhome Move-In Ready December 2025! This stunning 3 bedroom, 2.5 bath townhome with a 1-car garage combines functionality with modern flare. The open concept first floor features durable EVP flooring throughout, complemented by white cabinetry and quartz countertops for that upscale look. Enjoy a chef inspired kitchen completed with stainless steel appliances such as a refrigerator, dishwasher, stove, and microwave. This townhome also includes a washer and dryer already included for your convenience. Upstairs, the owner's suite offers a luxurious walk in shower and generous closet space. With move in ready convenience, a modern touch, and a spacious design, this townhome is the perfect place to call home.",3,2,1,,Garage,,1,1639,1694,269900,350000,,,,,,"https://cdn2.marondahomes.com/assets/moveinready-photos/44/7MT21823/44-7MT21823-ORG-68f68eb45e34d.png,https://cdn2.marondahomes.com/assets/moveinready-photos/44/7MT21623/44-7MT21623-LRG-68f68d47ecc46.jpg,https://cdn2.marondahomes.com/assets/moveinready-photos/44/7MT21823/44-7MT21823-LRG-68f68eb45e34d.jpg,https://cdn2.marondahomes.com/assets/moveinready-photos/44/7MT21021/44-7MT21021-LRG-68f69511a69be.jpg,https://cdn2.marondahomes.com/assets/moveinready-photos/44/7MT21121/44-7MT21121-LRG-68f68e9373e89.jpg,https://cdn2.marondahomes.com/assets/moveinready-photos/44/7MT21221/44-7MT21221-LRG-68f68e9d4e110.jpg,https://cdn2.marondahomes.com/assets/moveinready-photos/44/7MT22134/44-7MT22134-LRG-68f69001bc9e7.jpg,https://cdn2.marondahomes.com/assets/moveinready-photos/44/7MT22234/44-7MT22234-LRG-68f694e76ac71.jpg,https://cdn2.marondahomes.com/assets/moveinready-photos/44/7MT22434/44-7MT22434-LRG-68f68ec60e1a2.jpg,https://cdn2.marondahomes.com/assets/moveinready-photos/44/7MT22534/44-7MT22534-LRG-68f694de9e013.jpg,https://cdn2.marondahomes.com/assets/moveinready-photos/44/7MT22634/44-7MT22634-LRG-68f6900eaf515.jpg,https://cdn2.marondahomes.com/assets/moveinready-photos/44/7MT13018/44-7MT13018-LRG-68f68d3194f2e.jpg,https://cdn2.marondahomes.com/assets/moveinready-photos/44/7MT13218/44-7MT13218-LRG-69837b3192d59.jpg"
https://www.marondahomes.com/fl/palm-coast/enclave-at-seminole-palms-32164/job-9es09301.html,,Enclave At Seminole Palms,,,"48 Enclave Ave, Palm Coast, FL 32164",Palm Coast,FL,32164,Flagler County,Sun: 12:00 PM-6:00 PM | Mon: 12:00 PM-6:00 PM | Tue: 10:00 AM-6:00 PM | Wed: 10:00 AM-6:00 PM | Thu: 10:00 AM-6:00 PM | Fri: 10:00 AM-6:00 PM | Sat: 10:00 AM-6:00 PM,904-606-8849,https://www.marondahomes.com/,,Maronda Homes,SFD,Y,,,Y,2,,Y,Shopping | Dining | Parks | Golf | Fitness | Hospitals,,"Introducing Enclave at Seminole Palms—the only new single-family homes with block construction in an amenity-rich community, just 10 minutes from Flagler Beach. Make it yours with our design selections. Schedule a visit to our model home today!",,,,,,,,,,,,,,,,,,,,,,,,Drexel,"Experience the pinnacle of Florida living with the Drexel, perfectly situated in Enclave at Seminole Palms. This vibrant community features resort-style amenities, including a clubhouse, fitness room, pool with sundeck, patio, pavilion, playground, and dog park. Sidewalk-lined streets lead you to everyday conveniences just 5 minutes away and the pristine sands of Flagler Beach in only 10 minutes. From the striking stone-accent exterior, architectural shingles, and lush landscaping, to the bright and open foyer inside, this home makes a stunning first impression. Upscale finishes and thoughtful details create a warm and inviting atmosphere you’ll love returning to every day. At the heart of the home, the spacious great room is bright and airy, thanks to two large windows, and flows seamlessly into the kitchen. Here, quartz countertops, a full line of appliances including an ENERGY STAR side-by-side refrigerator, a generous island, and a large pantry make both everyday living and entertaining effortless. A sunlit breakfast nook provides the perfect spot for morning coffee or casual meals. The owner’s suite is a private sanctuary, featuring a tray ceiling, expansive walk-in closet,...",3,2,,,Garage,,2,1988,3662,359900,419900,,,,,,"https://cdn2.marondahomes.com/assets/moveinready-photos/43/9ES09301/43-9ES09301-ORG-69b1d27fa67e7.jpg,https://cdn2.marondahomes.com/assets/moveinready-photos/43/9ES09301/43-9ES09301-ORG-69b1b7cf3b23b.jpeg,https://cdn2.marondahomes.com/assets/moveinready-photos/43/9ES09301/43-9ES09301-ORG-697121bf8cf00.jpeg,https://cdn2.marondahomes.com/assets/moveinready-photos/43/9ES09301/43-9ES09301-ORG-697121b8df64f.jpeg,https://cdn2.marondahomes.com/assets/moveinready-photos/43/9ES09301/43-9ES09301-ORG-69b1d28f5dd8b.jpg,https://cdn2.marondahomes.com/assets/moveinready-photos/43/9ES09301/43-9ES09301-ORG-697121d57d8a1.jpeg,https://cdn2.marondahomes.com/assets/moveinready-photos/43/9ES09301/43-9ES09301-ORG-69b1d2953e927.jpg,https://cdn2.marondahomes.com/assets/moveinready-photos/43/9ES09301/43-9ES09301-ORG-697121e727722.jpeg,https://cdn2.marondahomes.com/assets/moveinready-photos/43/9ES09301/43-9ES09301-ORG-69b1b7d43ab4e.jpeg,https://cdn2.marondahomes.com/assets/moveinready-photos/43/9ES09301/43-9ES09301-ORG-697121efab106.jpeg,https://cdn2.marondahomes.com/assets/moveinready-photos/43/9ES09301/43-9ES09301-ORG-69b1b7eaa0a23.jpeg,https://cdn2.marondahomes.com/assets/moveinready-photos/43/9ES09301/43-9ES09301-ORG-697122333eac8.jpeg,https://cdn2.marondahomes.com/assets/moveinready-photos/43/9ES09301/43-9ES09301-ORG-69712214e69b0.jpeg,https://cdn2.marondahomes.com/assets/moveinready-photos/43/9ES09301/43-9ES09301-ORG-69b1b7f059d88.jpeg,https://cdn2.marondahomes.com/assets/moveinready-photos/43/9ES09301/43-9ES09301-ORG-6971221f711e6.jpeg,https://cdn2.marondahomes.com/assets/moveinready-photos/43/9ES09301/43-9ES09301-ORG-69b1d2a7459ea.jpg,https://cdn2.marondahomes.com/assets/moveinready-photos/43/9ES09301/43-9ES09301-ORG-69712228a5981.jpeg,https://cdn2.marondahomes.com/assets/moveinready-photos/43/9ES09301/43-9ES09301-ORG-6971223c8d999.jpeg,https://cdn2.marondahomes.com/assets/moveinready-photos/43/9ES09301/43-9ES09301-ORG-69712243c2e2c.jpeg,https://cdn2.marondahomes.com/assets/moveinready-photos/43/9ES09301/43-9ES09301-ORG-69b1b7da0b854.jpeg,https://cdn2.marondahomes.com/assets/moveinready-photos/43/9ES09301/43-9ES09301-ORG-69b1b7e5d0614.jpeg,https://cdn2.marondahomes.com/assets/moveinready-photos/43/9ES09301/43-9ES09301-LRG-69b1d27fa67e7.jpg,https://cdn2.marondahomes.com/assets/moveinready-photos/43/9BA00501/43-9BA00501-LRG-69b0749ab8aa3.jpg"
https://www.marondahomes.com/fl/punta-gorda/heritage-station-33955/job-7hs00069.html,,Heritage Station,,,"25575 Calusa Drive, Punta Gorda, FL 33955",Punta Gorda,FL,33955,Charlotte County,Sun: 12:00 PM-6:00 PM | Mon: 12:00 PM-6:00 PM | Tue: 10:00 AM-6:00 PM | Wed: 10:00 AM-6:00 PM | Thu: 10:00 AM-6:00 PM | Fri: 10:00 AM-6:00 PM | Sat: 10:00 AM-6:00 PM,863-591-5670,https://www.marondahomes.com/,,Maronda Homes,SFD,Y,,,Y,2,,Y,Dining | Golf,,"Introducing Heritage Station, the only gated community in Punta Gorda with low HOA costs, no CDD fees, and homesites deep enough for a private pool or oasis. Don't miss out - tour our model home today!",,,,,,,,,,,,,,,,,,,,,,,,Maple,,4,2,,,Garage,,2,1876,2675,389900,419900,,,,,,"https://cdn2.marondahomes.com/assets/moveinready-photos/44/7HS00069/44-7HS00069-ORG-69373ae1ba26b.jpeg,https://cdn2.marondahomes.com/assets/moveinready-photos/44/7HS00069/44-7HS00069-ORG-69373b41990c9.jpeg,https://cdn2.marondahomes.com/assets/moveinready-photos/44/7HS00069/44-7HS00069-ORG-69126fefa6f9a.jpeg,https://cdn2.marondahomes.com/assets/moveinready-photos/44/7HS00069/44-7HS00069-ORG-69373ae6af924.jpeg,https://cdn2.marondahomes.com/assets/moveinready-photos/44/7HS00069/44-7HS00069-ORG-69373af59d94b.jpeg,https://cdn2.marondahomes.com/assets/moveinready-photos/44/7HS00069/44-7HS00069-ORG-69373afd0a791.jpeg,https://cdn2.marondahomes.com/assets/moveinready-photos/44/7HS00069/44-7HS00069-ORG-69373b02c9dcb.jpeg,https://cdn2.marondahomes.com/assets/moveinready-photos/44/7HS00069/44-7HS00069-ORG-69373b09e7a8b.jpeg,https://cdn2.marondahomes.com/assets/moveinready-photos/44/7HS00069/44-7HS00069-ORG-69373b3aa5b68.jpeg,https://cdn2.marondahomes.com/assets/moveinready-photos/44/7HS00069/44-7HS00069-ORG-69496d5e375ea.png,https://cdn2.marondahomes.com/assets/moveinready-photos/44/7HS00069/44-7HS00069-ORG-69496d6529b39.png,https://cdn2.marondahomes.com/assets/moveinready-photos/44/7HS00069/44-7HS00069-ORG-69496d6bb6815.png,https://cdn2.marondahomes.com/assets/moveinready-photos/44/7K283931/44-7K283931-LRG-694574f4ace53.jpg,https://cdn2.marondahomes.com/assets/moveinready-photos/44/7K132589/44-7K132589-LRG-693996ce7388f.jpg,https://cdn2.marondahomes.com/assets/moveinready-photos/44/7K194820/44-7K194820-LRG-6949a67cd43e9.jpg,https://cdn2.marondahomes.com/assets/moveinready-photos/44/7HS00069/44-7HS00069-LRG-69373ae1ba26b.jpg"
https://www.marondahomes.com/fl/cape-coral/cape-coral-33914/job-7k194820.html,,Cape Coral,,,"1423 Sw 17th Ave, Cape Coral, FL 33991",Cape Coral,FL,33991,Lee County,Sun: 12:00 PM-6:00 PM | Mon: 12:00 PM-6:00 PM | Tue: 10:00 AM-6:00 PM | Wed: 10:00 AM-6:00 PM | Thu: 10:00 AM-6:00 PM | Fri: 10:00 AM-6:00 PM | Sat: 10:00 AM-6:00 PM,,https://www.marondahomes.com/,,Maronda Homes,SFD,Y,,,Y,2,,Y,Shopping | Dining | Parks | Golf | Fitness | Hospitals,,"Cape Coral’s only builder offering true freedom—build on your lot, ours, or we’ll secure one for you. No HOA. No CDD. Just your home, your way.",,,,,,,,,,,,,,,,,,,,,,,,Maple,,4,2,,,Garage,,2,1876,3282,389900,459900,,,,,,"https://cdn2.marondahomes.com/assets/moveinready-photos/44/7K194820/44-7K194820-ORG-6949a67cd43e9.png,https://cdn2.marondahomes.com/assets/moveinready-photos/44/7K194820/44-7K194820-ORG-6949a638e58ea.png,https://cdn2.marondahomes.com/assets/moveinready-photos/44/7K194820/44-7K194820-ORG-6949a676447dd.png,https://cdn2.marondahomes.com/assets/moveinready-photos/44/7K194820/44-7K194820-ORG-6949a68a0501a.png,https://cdn2.marondahomes.com/assets/moveinready-photos/44/7K194820/44-7K194820-ORG-6949a62f81ac6.png,https://cdn2.marondahomes.com/assets/moveinready-photos/44/7K194820/44-7K194820-ORG-6939af30f1d67.jpg,https://cdn2.marondahomes.com/assets/moveinready-photos/44/7K194820/44-7K194820-ORG-6949a623a0158.png,https://cdn2.marondahomes.com/assets/moveinready-photos/44/7K194820/44-7K194820-ORG-6949a629aac25.png,https://cdn2.marondahomes.com/assets/moveinready-photos/44/7K194820/44-7K194820-ORG-6949a63f8cc0f.png,https://cdn2.marondahomes.com/assets/moveinready-photos/44/7K194820/44-7K194820-ORG-6949a670213c8.png,https://cdn2.marondahomes.com/assets/moveinready-photos/44/7K194820/44-7K194820-ORG-6949a68326835.png,https://cdn2.marondahomes.com/assets/moveinready-photos/44/7K283931/44-7K283931-LRG-694574f4ace53.jpg,https://cdn2.marondahomes.com/assets/moveinready-photos/44/7K132589/44-7K132589-LRG-693996ce7388f.jpg,https://cdn2.marondahomes.com/assets/moveinready-photos/44/7K194820/44-7K194820-LRG-6949a67cd43e9.jpg,https://cdn2.marondahomes.com/assets/moveinready-photos/44/7HS00069/44-7HS00069-LRG-69373ae1ba26b.jpg"
https://www.marondahomes.com/fl/cape-coral/cape-coral-33914/job-7k132589.html,,Cape Coral,,,"215 Nw 4th Ave, Cape Coral, FL 33993",Cape Coral,FL,33993,Lee County,Sun: 12:00 PM-6:00 PM | Mon: 12:00 PM-6:00 PM | Tue: 10:00 AM-6:00 PM | Wed: 10:00 AM-6:00 PM | Thu: 10:00 AM-6:00 PM | Fri: 10:00 AM-6:00 PM | Sat: 10:00 AM-6:00 PM,,https://www.marondahomes.com/,,Maronda Homes,SFD,Y,,,Y,2,,Y,Shopping | Dining | Parks | Golf | Fitness | Hospitals,,"Cape Coral’s only builder offering true freedom—build on your lot, ours, or we’ll secure one for you. No HOA. No CDD. Just your home, your way.",,,,,,,,,,,,,,,,,,,,,,,,Maple,,4,2,,,Garage,,2,1876,3282,399900,459900,,,,,,"https://cdn2.marondahomes.com/assets/moveinready-photos/44/7K132589/44-7K132589-ORG-693996ce7388f.jpg,https://cdn2.marondahomes.com/assets/moveinready-photos/44/7K283931/44-7K283931-LRG-694574f4ace53.jpg,https://cdn2.marondahomes.com/assets/moveinready-photos/44/7K132589/44-7K132589-LRG-693996ce7388f.jpg,https://cdn2.marondahomes.com/assets/moveinready-photos/44/7K194820/44-7K194820-LRG-6949a67cd43e9.jpg,https://cdn2.marondahomes.com/assets/moveinready-photos/44/7HS00069/44-7HS00069-LRG-69373ae1ba26b.jpg"
https://www.marondahomes.com/fl/punta-gorda/heritage-station-33955/job-7hs00121.html,,Heritage Station,,,"25488 Calusa Drive, Punta Gorda, FL 33955",Punta Gorda,FL,33955,Charlotte County,Sun: 12:00 PM-6:00 PM | Mon: 12:00 PM-6:00 PM | Tue: 10:00 AM-6:00 PM | Wed: 10:00 AM-6:00 PM | Thu: 10:00 AM-6:00 PM | Fri: 10:00 AM-6:00 PM | Sat: 10:00 AM-6:00 PM,863-591-5670,https://www.marondahomes.com/,,Maronda Homes,SFD,Y,,,Y,2,,Y,Dining | Golf,,"Introducing Heritage Station, the only gated community in Punta Gorda with low HOA costs, no CDD fees, and homesites deep enough for a private pool or oasis. Don't miss out - tour our model home today!",,,,,,,,,,,,,,,,,,,,,,,,Drexel,"This stunning single-story home makes extraordinary use of modest square footage. The spacious 3 bedroom, 2 bath home features stone accent, 9'-4"" ceilings, stunning 9’ kitchen island and all appliances included. Tucked away at the rear of the home for privacy, the master suite dazzles with a walk-in closet, and private bathroom oasis.",3,2,,,Garage,,2,1988,2675,399900,419900,,,,,,"https://cdn2.marondahomes.com/assets/moveinready-photos/44/7HS00121/44-7HS00121-ORG-69a8ac1ebf547.jpeg,https://cdn2.marondahomes.com/assets/moveinready-photos/44/7HS00121/44-7HS00121-ORG-69a8ac24e3974.jpeg,https://cdn2.marondahomes.com/assets/moveinready-photos/44/7HS00121/44-7HS00121-ORG-69a8ac2b0f85f.jpeg,https://cdn2.marondahomes.com/assets/moveinready-photos/44/7HS00121/44-7HS00121-ORG-69a8ac3165bf0.jpeg,https://cdn2.marondahomes.com/assets/moveinready-photos/44/7B212515/44-7B212515-LRG-694acae0cf4a1.jpg,https://cdn2.marondahomes.com/assets/moveinready-photos/44/7BV14303/44-7BV14303-LRG-67361b18c7c23.jpg,https://cdn2.marondahomes.com/assets/moveinready-photos/44/7K662600/44-7K662600-LRG-6944600e92ab9.jpg,https://cdn2.marondahomes.com/assets/moveinready-photos/44/7K211131/44-7K211131-LRG-6939af1d5fdc0.jpg,https://cdn2.marondahomes.com/assets/moveinready-photos/44/7K443629/44-7K443629-LRG-69373baf21071.jpg,https://cdn2.marondahomes.com/assets/moveinready-photos/44/7K044008/44-7K044008-LRG-69971e6e8f568.jpg,https://cdn2.marondahomes.com/assets/moveinready-photos/44/7K033630/44-7K033630-LRG-6949a56435980.jpg,https://cdn2.marondahomes.com/assets/moveinready-photos/44/7PC43098/44-7PC43098-LRG-698a882ae68c7.jpg,https://cdn2.marondahomes.com/assets/moveinready-photos/44/7HS00121/44-7HS00121-LRG-69a8ac1ebf547.jpg,https://cdn2.marondahomes.com/assets/moveinready-photos/44/7HS00002/44-7HS00002-LRG-697cccb51e33b.jpg,https://cdn2.marondahomes.com/assets/moveinready-photos/44/7CT12257/44-7CT12257-LRG-68fbb034cde09.jpg,https://cdn2.marondahomes.com/assets/moveinready-photos/44/7AW00201/44-7AW00201-LRG-698a420569281.jpg"
https://www.marondahomes.com/va/rixeyville/blue-ridge-overlook-22737/job-blo02401.html,,Blue Ridge Overlook,,,"9076 Bell Mare Ln Culpeper, Rixeyville, VA 22701",Rixeyville,VA,22701,Culpeper County,Sun: 12:00 PM-5:00 PM | Mon: 10:00 AM-5:00 PM | Tue: 10:00 AM-5:00 PM | Wed: 10:00 AM-5:00 PM | Thu: Closed | Fri: Closed | Sat: 11:00 AM-5:00 PM,571-322-8831,https://www.marondahomes.com/,,Maronda Homes,SFD,Y,,,Y,2,,Y,Shopping,,"Introducing Blue Ridge Overlook, new homes on over 2-acre homesites, conveniently located between Culpeper and Warrenton. Experience the benefits of living on spacious rural land with beautiful views, while still being just a short drive away from everyday conveniences. Schedule an appointment today!",,,,,,,,,,,,,,,,,,,,,,,,Somerset,,4,3,1,,Garage,,2,3194,3822,639990,791385,,,,,,"https://cdn2.marondahomes.com/assets/moveinready-photos/71/BLO02401/71-BLO02401-ORG-697a6e13ded81.jpg,https://cdn2.marondahomes.com/assets/moveinready-photos/71/BLO02401/71-BLO02401-ORG-697a6e192b239.jpg,https://cdn2.marondahomes.com/assets/moveinready-photos/71/CE00101/71-CE00101-LRG-67520e648da99.jpg,https://cdn2.marondahomes.com/assets/moveinready-photos/71/BLO02401/71-BLO02401-LRG-697a6e13ded81.jpg"
https://www.marondahomes.com/fl/mt-plymouth/lake-county-communities-32776/job-2lc015mg.html,,Lake County Communities,,,"355 S Sunset Ave Mascotte, Mt Plymouth, FL 34753",Mt Plymouth,FL,34753,Lake County,Sun: 12:00 PM-6:00 PM | Mon: 12:00 PM-6:00 PM | Tue: 10:00 AM-6:00 PM | Wed: 10:00 AM-6:00 PM | Thu: 10:00 AM-6:00 PM | Fri: 10:00 AM-6:00 PM | Sat: 10:00 AM-6:00 PM,407-305-7632,https://www.marondahomes.com/,,Maronda Homes,SFD,,,,Y,2,,Y,Shopping | Dining | Parks | Golf | Fitness,,"Introducing Lake County Communities by Maronda Homes! Offering brand new homes on private homesites in Eustis, Leesburg & Tavares, Sorrento & Mt. Dora, and Mascotte & Groveland with no HOA or CDD fees. Explore home designs and homesites per location below!",,,,,,,,,,,,,,,,,,,,,,,,Huntington,"Welcome to this beautifully upgraded Huntington A by Maronda Homes, ideally located at 355 S Sunset Ave in Mascotte, FL. This 4-bedroom, 3-bath home offers a spacious open-concept layout with a flex space, perfect for a home office, formal dining, or hobby room. Inside, enjoy 9’4” ceilings, 42” white shaker cabinets, quartz countertops, upgraded ceramic tile flooring, and a stunning herringbone kitchen backsplash. The private owner’s suite features a spa-inspired bath with Calcatta-style tile and a walk-in shower. A screened-in lanai extends your living space outdoors—ideal for relaxing evenings. Located on a 0.21 acre lot with NO HOA and NO CDD, this home offers peaceful lake views and unbeatable access to outdoor recreation. Just one block away, enjoy a kayak launch pad and fishing pier, perfect for lake days, sunset paddles, and weekend fishing. Additional highlights include stainless steel appliances, washer and dryer, blinds package, garage door opener, sod and irrigation, and a glass front door. Conveniently located near Clermont, shopping, dining, and major roadways. A rare opportunity to own a brand-new home with modern upgrades and no extra community fees—schedule your...",4,3,,,Garage,,2,2286,,449990,350000,,,,,,"https://cdn2.marondahomes.com/assets/moveinready-photos/41/2LC015MG/41-2LC015MG-ORG-69779582161b4.jpg,https://cdn2.marondahomes.com/assets/moveinready-photos/41/2LC015MG/41-2LC015MG-ORG-6977969534c05.jpg,https://cdn2.marondahomes.com/assets/moveinready-photos/41/2LC015MG/41-2LC015MG-ORG-6977965500f60.jpg,https://cdn2.marondahomes.com/assets/moveinready-photos/41/2LC015MG/41-2LC015MG-ORG-6967cba6cad9b.jpg,https://cdn2.marondahomes.com/assets/moveinready-photos/41/2LC015MG/41-2LC015MG-ORG-6967cbae77fad.jpg,https://cdn2.marondahomes.com/assets/moveinready-photos/41/2LC015MG/41-2LC015MG-ORG-6967cbb9d91aa.jpg,https://cdn2.marondahomes.com/assets/moveinready-photos/41/2LC015MG/41-2LC015MG-ORG-6967cbe037653.jpg,https://cdn2.marondahomes.com/assets/moveinready-photos/41/2LC015MG/41-2LC015MG-ORG-6967cbf7b4d8c.jpg,https://cdn2.marondahomes.com/assets/moveinready-photos/41/2LC015MG/41-2LC015MG-ORG-6967cc21e9aaa.jpg,https://cdn2.marondahomes.com/assets/moveinready-photos/41/2LC015MG/41-2LC015MG-ORG-6967cb6267f1c.jpg,https://cdn2.marondahomes.com/assets/moveinready-photos/41/2LC015MG/41-2LC015MG-ORG-6977952c361c6.jpg,https://cdn2.marondahomes.com/assets/moveinready-photos/41/2LC015MG/41-2LC015MG-ORG-69779533aba81.jpg,https://cdn2.marondahomes.com/assets/moveinready-photos/41/2LC015MG/41-2LC015MG-ORG-6977953c614a2.jpg,https://cdn2.marondahomes.com/assets/moveinready-photos/41/2LC015MG/41-2LC015MG-ORG-6977955dc3ac4.jpg,https://cdn2.marondahomes.com/assets/moveinready-photos/41/2LC015MG/41-2LC015MG-ORG-6977956a20080.jpg,https://cdn2.marondahomes.com/assets/moveinready-photos/41/2LC015MG/41-2LC015MG-ORG-69779571a8d16.jpg,https://cdn2.marondahomes.com/assets/moveinready-photos/41/2LC015MG/41-2LC015MG-ORG-69779579809e9.jpg,https://cdn2.marondahomes.com/assets/moveinready-photos/41/2LC015MG/41-2LC015MG-ORG-6977958fc3af6.jpg,https://cdn2.marondahomes.com/assets/moveinready-photos/41/2LC015MG/41-2LC015MG-ORG-69779596af811.jpg,https://cdn2.marondahomes.com/assets/moveinready-photos/41/2LC015MG/41-2LC015MG-ORG-6977959f79e0d.jpg,https://cdn2.marondahomes.com/assets/moveinready-photos/41/2LC015MG/41-2LC015MG-ORG-697795a67bdbc.jpg,https://cdn2.marondahomes.com/assets/moveinready-photos/41/2LC015MG/41-2LC015MG-ORG-6977968dc522e.jpg,https://cdn2.marondahomes.com/assets/moveinready-photos/41/2LC015MG/41-2LC015MG-LRG-69779582161b4.jpg,https://cdn2.marondahomes.com/assets/moveinready-photos/41/2HO22302/41-2HO22302-LRG-69407d27aa1ca.jpg"
https://www.marondahomes.com/fl/bokeelia/orchid-cove-townhomes-33922/job-7ov16c.html,,Orchid Cove,,,"10534 Fountain Palm Cir Bookelia, Bokeelia, FL 33922",Bokeelia,FL,33922,Lee County,Sun: 12:00 PM-6:00 PM | Mon: 12:00 PM-6:00 PM | Tue: 10:00 AM-6:00 PM | Wed: 10:00 AM-6:00 PM | Thu: 10:00 AM-6:00 PM | Fri: 10:00 AM-6:00 PM | Sat: 10:00 AM-6:00 PM,863-591-5670,https://www.marondahomes.com/,,Maronda Homes,SFA,Y,,,Y,1,,Y,Shopping | Dining | Parks | Hospitals,,"Orchid Cove offers move-in ready townhomes designed for low-maintenance living, predictable costs, and peace of mind — so you can enjoy the Pine Island lifestyle without the uncertainty of older homes or long build times. Schedule your visit to our model home today!",,,,,,,,,,,,,,,,,,,,,,,,St Lucia,,3,2,1,,Garage,,1,1666,1684,324900,350000,,,,,,"https://cdn2.marondahomes.com/assets/moveinready-photos/44/7OV16C/44-7OV16C-ORG-69652c4e02bc2.jpg,https://cdn2.marondahomes.com/assets/moveinready-photos/44/7OV16C/44-7OV16C-ORG-696956f2375ca.png,https://cdn2.marondahomes.com/assets/moveinready-photos/44/7OV16C/44-7OV16C-ORG-696956f98ef4f.png,https://cdn2.marondahomes.com/assets/moveinready-photos/44/7OV16C/44-7OV16C-ORG-696957041e0a6.png,https://cdn2.marondahomes.com/assets/moveinready-photos/44/7OV16C/44-7OV16C-ORG-6969570b31ec8.png,https://cdn2.marondahomes.com/assets/moveinready-photos/44/7OV16C/44-7OV16C-ORG-696957154aa22.png,https://cdn2.marondahomes.com/assets/moveinready-photos/44/7OV16C/44-7OV16C-ORG-6969571c67ea4.png,https://cdn2.marondahomes.com/assets/moveinready-photos/44/7OV16C/44-7OV16C-ORG-69695724f168e.png,https://cdn2.marondahomes.com/assets/moveinready-photos/44/7OV16C/44-7OV16C-LRG-69652c4e02bc2.jpg,https://cdn2.marondahomes.com/assets/moveinready-photos/44/7OV16D/44-7OV16D-LRG-69652c623a13f.jpg,https://cdn2.marondahomes.com/assets/moveinready-photos/44/7OV1304/44-7OV1304-LRG-69865a9985f1f.jpg"
https://www.marondahomes.com/fl/bokeelia/orchid-cove-townhomes-33922/job-7ov16d.html,,Orchid Cove,,,"10536 Fountain Palm Cir Bookelia, Bokeelia, FL 33922",Bokeelia,FL,33922,Lee County,Sun: 12:00 PM-6:00 PM | Mon: 12:00 PM-6:00 PM | Tue: 10:00 AM-6:00 PM | Wed: 10:00 AM-6:00 PM | Thu: 10:00 AM-6:00 PM | Fri: 10:00 AM-6:00 PM | Sat: 10:00 AM-6:00 PM,863-591-5670,https://www.marondahomes.com/,,Maronda Homes,SFA,Y,,,Y,1,,Y,Shopping | Dining | Parks | Hospitals,,"Orchid Cove offers move-in ready townhomes designed for low-maintenance living, predictable costs, and peace of mind — so you can enjoy the Pine Island lifestyle without the uncertainty of older homes or long build times. Schedule your visit to our model home today!",,,,,,,,,,,,,,,,,,,,,,,,St Lucia,,3,2,1,,Garage,,1,1666,1684,324900,350000,,,,,,"https://cdn2.marondahomes.com/assets/moveinready-photos/44/7OV16D/44-7OV16D-ORG-69652c623a13f.jpg,https://cdn2.marondahomes.com/assets/moveinready-photos/44/7OV16D/44-7OV16D-ORG-696957d40971f.png,https://cdn2.marondahomes.com/assets/moveinready-photos/44/7OV16D/44-7OV16D-ORG-696957dbd9002.png,https://cdn2.marondahomes.com/assets/moveinready-photos/44/7OV16D/44-7OV16D-ORG-696957e58e164.png,https://cdn2.marondahomes.com/assets/moveinready-photos/44/7OV16D/44-7OV16D-ORG-696957ec163bf.png,https://cdn2.marondahomes.com/assets/moveinready-photos/44/7OV16D/44-7OV16D-ORG-696957f762309.png,https://cdn2.marondahomes.com/assets/moveinready-photos/44/7OV16D/44-7OV16D-ORG-696957fcdf854.png,https://cdn2.marondahomes.com/assets/moveinready-photos/44/7OV16D/44-7OV16D-ORG-6969580234e74.png,https://cdn2.marondahomes.com/assets/moveinready-photos/44/7OV16C/44-7OV16C-LRG-69652c4e02bc2.jpg,https://cdn2.marondahomes.com/assets/moveinready-photos/44/7OV16D/44-7OV16D-LRG-69652c623a13f.jpg,https://cdn2.marondahomes.com/assets/moveinready-photos/44/7OV1304/44-7OV1304-LRG-69865a9985f1f.jpg"
https://www.marondahomes.com/al/foley/foley-pointe-36535/job-3cb00107.html,,Foley Pointe,,,"18151 Kent Circle, Foley, AL 36535",Foley,AL,36535,Baldwin County,Sun: 12:00 PM-6:00 PM | Mon: 10:00 AM-6:00 PM | Tue: 10:00 AM-6:00 PM | Wed: 12:00 PM-6:00 PM | Thu: 10:00 AM-6:00 PM | Fri: 10:00 AM-6:00 PM | Sat: 10:00 AM-6:00 PM,251-270-2458,https://www.marondahomes.com/,,Maronda Homes,SFD,Y,,,Y,2,,Y,Shopping | Dining | Parks | Golf | Fitness | Hospitals,,"Foley Pointe is a new construction, single-family community with the only opportunity to personalize a new home in Foley, just 20 minutes from the beach. Now selling - visit our model home today!",,,,,,,,,,,,,,,,,,,,,,,,Maple,,4,2,,,Garage,,2,1876,3059,345600,382400,,,,,,
https://www.marondahomes.com/fl/port-st-lucie/central-park-34987/job-3ck74521.html,,Central Park,,,"12767 Sw Orvieto Way, Port St Lucie, FL 34987",Port St Lucie,FL,34987,St. Lucie County,Sun: Appointments Only | Mon: Appointments Only | Tue: Appointments Only | Wed: Appointments Only | Thu: Appointments Only | Fri: Appointments Only | Sat: Appointments Only,321-364-4192,https://www.marondahomes.com/,,Maronda Homes,SFD,,,,Y,2,,Y,Shopping | Dining | Parks | Golf | Fitness | Hospitals,,"Introducing Central Park, an exciting master planned community with an expansive dynamic park and recreation center in the heart of the growing western area of St. Lucie County, close to major shopping areas, schools, and hospitals. Connect with our team to learn more today!",,,,,,,,,,,,,,,,,,,,,,,,Vista,,3,2,,,Garage,,2,1680,1680,399900,399900,,,,,,
https://www.marondahomes.com/pa/butler/the-oaks-at-dutchtown-16002/job-dut8.html,,The Oaks At Dutchtown,,,"121 July Drive, Butler, PA 16002",Butler,PA,16002,Butler County,Sun: 12:00 PM-6:00 PM | Mon: Appointments Only | Tue: Appointments Only | Wed: 12:00 PM-6:00 PM | Thu: 10:00 AM-6:00 PM | Fri: 10:00 AM-6:00 PM | Sat: 10:00 AM-6:00 PM,412-838-3818,https://www.marondahomes.com/,,Maronda Homes,SFD,Y,,,Y,2,,Y,Shopping | Dining | Parks | Fitness | Hospitals,,The Oaks at Dutchtown is the newest community of ranch homes with personalization available and low Butler Township taxes. Only 62 homesites available! Now selling - schedule a tour of brand new model home today.,,,,,,,,,,,,,,,,,,,,,,,,Avalon,,2,2,,,Garage,,2,1494,3594,359990,408525,,,,,,"https://cdn2.marondahomes.com/assets/moveinready-photos/3/DUT8/3-DUT8-ORG-69e65fcb70d9b.jpeg,https://cdn2.marondahomes.com/assets/moveinready-photos/3/DUT8/3-DUT8-ORG-69e65ffaa5427.jpeg,https://cdn2.marondahomes.com/assets/moveinready-photos/3/DUT8/3-DUT8-ORG-69e660026998b.jpeg,https://cdn2.marondahomes.com/assets/moveinready-photos/3/DUT8/3-DUT8-ORG-69e6600c3e386.jpeg,https://cdn2.marondahomes.com/assets/moveinready-photos/3/DUT8/3-DUT8-ORG-69e660133b573.jpeg,https://cdn2.marondahomes.com/assets/moveinready-photos/3/DUT8/3-DUT8-ORG-69e6601d73d1a.jpeg,https://cdn2.marondahomes.com/assets/moveinready-photos/3/DUT8/3-DUT8-ORG-69e660270b1ea.jpeg,https://cdn2.marondahomes.com/assets/moveinready-photos/3/DUT8/3-DUT8-ORG-69e6602daeb3c.jpeg,https://cdn2.marondahomes.com/assets/moveinready-photos/3/DUT8/3-DUT8-ORG-69e660342cf4f.jpeg,https://cdn2.marondahomes.com/assets/moveinready-photos/3/DUT8/3-DUT8-ORG-69e6603b1d9bf.jpeg,https://cdn2.marondahomes.com/assets/moveinready-photos/3/DUT8/3-DUT8-ORG-69e66041a26c5.jpeg,https://cdn2.marondahomes.com/assets/moveinready-photos/3/DUT8/3-DUT8-ORG-69e6604b40fb3.jpeg,https://cdn2.marondahomes.com/assets/moveinready-photos/3/DUT8/3-DUT8-ORG-69e6605b91cf8.jpeg,https://cdn2.marondahomes.com/assets/moveinready-photos/3/DUT8/3-DUT8-ORG-69e660624fa00.jpeg,https://cdn2.marondahomes.com/assets/moveinready-photos/3/DUT8/3-DUT8-LRG-69e65fcb70d9b.jpg"
https://www.marondahomes.com/oh/troy/somerset-reserve-45373/job-som75601.html,,Somerset Reserve,,,"2924 Huntington Drive, Troy, OH 45373",Troy,OH,45373,Miami County,Sun: 12:00 PM-6:00 PM | Mon: 10:00 AM-6:00 PM | Tue: 10:00 AM-6:00 PM | Wed: 12:00 PM-6:00 PM | Thu: 10:00 AM-6:00 PM | Fri: 10:00 AM-6:00 PM | Sat: 10:00 AM-6:00 PM,937-787-5154,https://www.marondahomes.com/,,Maronda Homes,SFD,Y,,,Y,2,,Y,Shopping | Dining | Parks | Golf | Fitness | Hospitals,,"Welcome home to Somerset Reserve - the best value for a new single-family home in the Troy School District. Enjoy low Troy taxes, the most personalization options, and quick access to I-75 without the highway noise. Spacious homesites, walking trails, scenic ponds, and a playground create a community designed for the way you live. Schedule your personalized visit today!",,,,,,,,,,,,,,,,,,,,,,,,Daffodil,,4,2,1,,Garage,,2,1800,3789,339990,350000,,,,,,"https://cdn2.marondahomes.com/assets/moveinready-photos/17/SOM75601/17-SOM75601-ORG-69c524955f29e.jpg,https://cdn2.marondahomes.com/assets/moveinready-photos/17/SOM75601/17-SOM75601-ORG-69650652e1715.jpeg,https://cdn2.marondahomes.com/assets/moveinready-photos/17/SOM75601/17-SOM75601-ORG-696506589303b.jpeg,https://cdn2.marondahomes.com/assets/moveinready-photos/17/SOM75601/17-SOM75601-ORG-6965065e27013.jpeg,https://cdn2.marondahomes.com/assets/moveinready-photos/17/SOM75601/17-SOM75601-ORG-696506637ee26.jpeg,https://cdn2.marondahomes.com/assets/moveinready-photos/17/SOM75601/17-SOM75601-ORG-6965066eb3780.jpeg,https://cdn2.marondahomes.com/assets/moveinready-photos/17/SOM75601/17-SOM75601-ORG-69650678485fb.jpeg,https://cdn2.marondahomes.com/assets/moveinready-photos/17/SOM75601/17-SOM75601-ORG-6965069416f8e.jpeg,https://cdn2.marondahomes.com/assets/moveinready-photos/17/SOM75601/17-SOM75601-ORG-69650684019fc.jpeg,https://cdn2.marondahomes.com/assets/moveinready-photos/17/SOM75601/17-SOM75601-ORG-696506a39e1eb.jpeg,https://cdn2.marondahomes.com/assets/moveinready-photos/17/SOM75601/17-SOM75601-ORG-6965069b2b4ef.jpeg,https://cdn2.marondahomes.com/assets/moveinready-photos/17/SOM75601/17-SOM75601-ORG-696506bb29703.jpeg,https://cdn2.marondahomes.com/assets/moveinready-photos/17/SOM75601/17-SOM75601-ORG-696506c626b48.jpeg,https://cdn2.marondahomes.com/assets/moveinready-photos/17/SOM75601/17-SOM75601-ORG-6965068c7306a.jpeg,https://cdn2.marondahomes.com/assets/moveinready-photos/17/SOM75601/17-SOM75601-ORG-696506b00f67a.jpeg,https://cdn2.marondahomes.com/assets/moveinready-photos/17/SOM75601/17-SOM75601-ORG-696506b5af65e.jpeg,https://cdn2.marondahomes.com/assets/moveinready-photos/17/SOM75601/17-SOM75601-ORG-696506c161d24.jpeg,https://cdn2.marondahomes.com/assets/moveinready-photos/17/SOM75601/17-SOM75601-LRG-69c524955f29e.jpg"
https://www.marondahomes.com/oh/troy/somerset-reserve-45373/job-som75101.html,,Somerset Reserve,,,"2927 Huntington Drive, Troy, OH 45373",Troy,OH,45373,Miami County,Sun: 12:00 PM-6:00 PM | Mon: 10:00 AM-6:00 PM | Tue: 10:00 AM-6:00 PM | Wed: 12:00 PM-6:00 PM | Thu: 10:00 AM-6:00 PM | Fri: 10:00 AM-6:00 PM | Sat: 10:00 AM-6:00 PM,937-787-5154,https://www.marondahomes.com/,,Maronda Homes,SFD,Y,,,Y,2,,Y,Shopping | Dining | Parks | Golf | Fitness | Hospitals,,"Welcome home to Somerset Reserve - the best value for a new single-family home in the Troy School District. Enjoy low Troy taxes, the most personalization options, and quick access to I-75 without the highway noise. Spacious homesites, walking trails, scenic ponds, and a playground create a community designed for the way you live. Schedule your personalized visit today!",,,,,,,,,,,,,,,,,,,,,,,,Petunia,,4,2,1,,Garage,,2,2292,3789,339990,350000,,,,,,"https://cdn2.marondahomes.com/assets/moveinready-photos/17/SOM75101/17-SOM75101-ORG-69c524d54304e.jpg,https://cdn2.marondahomes.com/assets/moveinready-photos/17/SOM75101/17-SOM75101-LRG-69c524d54304e.jpg"
https://www.marondahomes.com/oh/columbus/chatterton-commons-townhomes-43232/job-cc0019c.html,,Chatterton Commons,,,"5968 Abernathy Ln, Columbus, OH 43232",Columbus,OH,43232,Franklin County,Sun: 12:00 PM-6:00 PM | Mon: 10:00 AM-6:00 PM | Tue: 10:00 AM-6:00 PM | Wed: 12:00 PM-6:00 PM | Thu: 10:00 AM-6:00 PM | Fri: 10:00 AM-6:00 PM | Sat: 10:00 AM-6:00 PM,740-481-8301,https://www.marondahomes.com/,,Maronda Homes,SFA,Y,,,Y,2,,Y,Shopping | Dining | Parks | Golf | Fitness | Hospitals,,"Welcome home to Chatterton Commons, the only new townhomes that live like a single-family home less than a mile from Brice Road and I-70. New homesites are here - schedule an appointment today!",,,,,,,,,,,,,,,,,,,,,,,,St Martin,"Welcome Home! Discover the perfect blend of modern comfort and stylish design in this spacious 3-bedroom, 2.5-bathroom townhome. The open-concept main level is designed for relaxation and entertaining, featuring a stunning great room filled with natural light and gourmet kitchen. With ample cabinetry, counter space, and a sleek design, this kitchen is the heart of the home. Upstairs, the owner's suite offers a private retreat with a walk-in closet and an en-suite bathroom. Two additional bedrooms and a shared bathroom provide plenty of space for family, guests, or a home office. The finished lower level offers even more possibilities—perfect for a cozy movie night, a home gym, or additional entertaining space. This home also includes a 2-car garage.",3,2,1,,Garage,,2,1565,2548,300920,350000,,,,,,"https://cdn2.marondahomes.com/assets/moveinready-photos/9/WC031D01/9-WC031D01-LRG-69694523c2d9d.jpg,https://cdn2.marondahomes.com/assets/moveinready-photos/9/SPT020E/9-SPT020E-LRG-696955bdda024.jpg,https://cdn2.marondahomes.com/assets/moveinready-photos/9/CC0019B/9-CC0019B-LRG-696947c250bbd.jpg,https://cdn2.marondahomes.com/assets/moveinready-photos/9/CC0019E/9-CC0019E-LRG-696948434f8fd.jpg,https://cdn2.marondahomes.com/assets/moveinready-photos/9/CC0019D/9-CC0019D-LRG-696947fd8b433.jpg,https://cdn2.marondahomes.com/assets/moveinready-photos/9/DC41/9-DC41-LRG-69e29fe82ce13.jpg,https://cdn2.marondahomes.com/assets/moveinready-photos/9/DC42/9-DC42-LRG-69e2a0ea7c8d7.jpg,https://cdn2.marondahomes.com/assets/moveinready-photos/9/DC37/9-DC37-LRG-69e29e70d44e3.jpg"
https://www.marondahomes.com/oh/columbus/chatterton-commons-townhomes-43232/job-cc0019a.html,,Chatterton Commons,,,"5960 Abernathy Ln, Columbus, OH 43232",Columbus,OH,43232,Franklin County,Sun: 12:00 PM-6:00 PM | Mon: 10:00 AM-6:00 PM | Tue: 10:00 AM-6:00 PM | Wed: 12:00 PM-6:00 PM | Thu: 10:00 AM-6:00 PM | Fri: 10:00 AM-6:00 PM | Sat: 10:00 AM-6:00 PM,740-481-8301,https://www.marondahomes.com/,,Maronda Homes,SFA,Y,,,Y,2,,Y,Shopping | Dining | Parks | Golf | Fitness | Hospitals,,"Welcome home to Chatterton Commons, the only new townhomes that live like a single-family home less than a mile from Brice Road and I-70. New homesites are here - schedule an appointment today!",,,,,,,,,,,,,,,,,,,,,,,,St Martin,"Welcome Home! Discover the perfect blend of modern comfort and stylish design in this spacious 3-bedroom, 2.5-bathroom townhome. The open-concept main level is designed for relaxation and entertaining, featuring a stunning great room filled with natural light and gourmet kitchen. With ample cabinetry, counter space, and a sleek design, this kitchen is the heart of the home. Upstairs, the owner's suite offers a private retreat with a walk-in closet and an en-suite bathroom. Two additional bedrooms and a shared bathroom provide plenty of space for family, guests, or a home office. The finished lower level offers even more possibilities—perfect for a cozy movie night, a home gym, or additional entertaining space. This home also includes a 2-car garage.",3,2,1,,Garage,,2,1565,2548,299990,350000,,,,,,"https://cdn2.marondahomes.com/assets/moveinready-photos/9/WC031D01/9-WC031D01-LRG-69694523c2d9d.jpg,https://cdn2.marondahomes.com/assets/moveinready-photos/9/SPT020E/9-SPT020E-LRG-696955bdda024.jpg,https://cdn2.marondahomes.com/assets/moveinready-photos/9/CC0019B/9-CC0019B-LRG-696947c250bbd.jpg,https://cdn2.marondahomes.com/assets/moveinready-photos/9/CC0019E/9-CC0019E-LRG-696948434f8fd.jpg,https://cdn2.marondahomes.com/assets/moveinready-photos/9/CC0019D/9-CC0019D-LRG-696947fd8b433.jpg,https://cdn2.marondahomes.com/assets/moveinready-photos/9/DC41/9-DC41-LRG-69e29fe82ce13.jpg,https://cdn2.marondahomes.com/assets/moveinready-photos/9/DC42/9-DC42-LRG-69e2a0ea7c8d7.jpg,https://cdn2.marondahomes.com/assets/moveinready-photos/9/DC37/9-DC37-LRG-69e29e70d44e3.jpg"
https://www.marondahomes.com/oh/columbus/chatterton-commons-townhomes-43232/job-cc0019d.html,,Chatterton Commons,,,"5970 Abernathy Ln, Columbus, OH 43232",Columbus,OH,43232,Franklin County,Sun: 12:00 PM-6:00 PM | Mon: 10:00 AM-6:00 PM | Tue: 10:00 AM-6:00 PM | Wed: 12:00 PM-6:00 PM | Thu: 10:00 AM-6:00 PM | Fri: 10:00 AM-6:00 PM | Sat: 10:00 AM-6:00 PM,740-481-8301,https://www.marondahomes.com/,,Maronda Homes,SFA,Y,,,Y,2,,Y,Shopping | Dining | Parks | Golf | Fitness | Hospitals,,"Welcome home to Chatterton Commons, the only new townhomes that live like a single-family home less than a mile from Brice Road and I-70. New homesites are here - schedule an appointment today!",,,,,,,,,,,,,,,,,,,,,,,,St Martin,,3,2,1,,Garage,,2,1565,2548,295505,350000,,,,,,"https://cdn2.marondahomes.com/assets/moveinready-photos/9/CC0019D/9-CC0019D-ORG-696947fd8b433.jpg,https://cdn2.marondahomes.com/assets/moveinready-photos/9/CC0019D/9-CC0019D-ORG-696947fb37913.jpg,https://cdn2.marondahomes.com/assets/moveinready-photos/9/CC0019D/9-CC0019D-ORG-696947fa3f7ec.jpg,https://cdn2.marondahomes.com/assets/moveinready-photos/9/CC0019D/9-CC0019D-ORG-696947fab00fd.jpg,https://cdn2.marondahomes.com/assets/moveinready-photos/9/CC0019D/9-CC0019D-ORG-696947f9c6ed5.jpg,https://cdn2.marondahomes.com/assets/moveinready-photos/9/CC0019D/9-CC0019D-ORG-696947fc270db.jpg,https://cdn2.marondahomes.com/assets/moveinready-photos/9/CC0019D/9-CC0019D-ORG-696947f954989.jpg,https://cdn2.marondahomes.com/assets/moveinready-photos/9/CC0019D/9-CC0019D-ORG-696947f8de037.jpg,https://cdn2.marondahomes.com/assets/moveinready-photos/9/CC0019D/9-CC0019D-ORG-696947f80a939.jpg,https://cdn2.marondahomes.com/assets/moveinready-photos/9/CC0019D/9-CC0019D-ORG-696947fbaca02.jpg,https://cdn2.marondahomes.com/assets/moveinready-photos/9/CC0019D/9-CC0019D-ORG-696947fe0af82.jpg,https://cdn2.marondahomes.com/assets/moveinready-photos/9/CC0019D/9-CC0019D-ORG-696947ff97967.png,https://cdn2.marondahomes.com/assets/moveinready-photos/9/CC0019D/9-CC0019D-ORG-696947fd1bade.jpg,https://cdn2.marondahomes.com/assets/moveinready-photos/9/CC0019D/9-CC0019D-ORG-696947fc95e5a.jpg,https://cdn2.marondahomes.com/assets/moveinready-photos/9/CC0019D/9-CC0019D-ORG-696947f876287.jpg,https://cdn2.marondahomes.com/assets/moveinready-photos/9/WC031D01/9-WC031D01-LRG-69694523c2d9d.jpg,https://cdn2.marondahomes.com/assets/moveinready-photos/9/SPT020E/9-SPT020E-LRG-696955bdda024.jpg,https://cdn2.marondahomes.com/assets/moveinready-photos/9/CC0019B/9-CC0019B-LRG-696947c250bbd.jpg,https://cdn2.marondahomes.com/assets/moveinready-photos/9/CC0019E/9-CC0019E-LRG-696948434f8fd.jpg,https://cdn2.marondahomes.com/assets/moveinready-photos/9/CC0019D/9-CC0019D-LRG-696947fd8b433.jpg,https://cdn2.marondahomes.com/assets/moveinready-photos/9/DC41/9-DC41-LRG-69e29fe82ce13.jpg,https://cdn2.marondahomes.com/assets/moveinready-photos/9/DC42/9-DC42-LRG-69e2a0ea7c8d7.jpg,https://cdn2.marondahomes.com/assets/moveinready-photos/9/DC37/9-DC37-LRG-69e29e70d44e3.jpg"
https://www.marondahomes.com/oh/columbus/chatterton-commons-townhomes-43232/job-cc0019b.html,,Chatterton Commons,,,"5962 Abernathy Ln, Columbus, OH 43232",Columbus,OH,43232,Franklin County,Sun: 12:00 PM-6:00 PM | Mon: 10:00 AM-6:00 PM | Tue: 10:00 AM-6:00 PM | Wed: 12:00 PM-6:00 PM | Thu: 10:00 AM-6:00 PM | Fri: 10:00 AM-6:00 PM | Sat: 10:00 AM-6:00 PM,740-481-8301,https://www.marondahomes.com/,,Maronda Homes,SFA,Y,,,Y,2,,Y,Shopping | Dining | Parks | Golf | Fitness | Hospitals,,"Welcome home to Chatterton Commons, the only new townhomes that live like a single-family home less than a mile from Brice Road and I-70. New homesites are here - schedule an appointment today!",,,,,,,,,,,,,,,,,,,,,,,,St Martin,"Welcome Home! Discover the perfect blend of modern comfort and stylish design in this spacious 3-bedroom, 2.5-bathroom townhome. The open-concept main level is designed for relaxation and entertaining, featuring a stunning great room filled with natural light and gourmet kitchen. With ample cabinetry, counter space, and a sleek design, this kitchen is the heart of the home. Upstairs, the owner's suite offers a private retreat with a walk-in closet and an en-suite bathroom. Two additional bedrooms and a shared bathroom provide plenty of space for family, guests, or a home office. The finished lower level offers even more possibilities—perfect for a cozy movie night, a home gym, or additional entertaining space. This home also includes a 2-car garage.",3,2,1,,Garage,,2,1565,2548,295505,350000,,,,,,"https://cdn2.marondahomes.com/assets/moveinready-photos/9/CC0019B/9-CC0019B-ORG-696947c250bbd.jpg,https://cdn2.marondahomes.com/assets/moveinready-photos/9/CC0019B/9-CC0019B-ORG-69aedf1a5636e.jpg,https://cdn2.marondahomes.com/assets/moveinready-photos/9/CC0019B/9-CC0019B-ORG-69aedf1f7505f.jpg,https://cdn2.marondahomes.com/assets/moveinready-photos/9/CC0019B/9-CC0019B-ORG-69aedf29d12fc.jpg,https://cdn2.marondahomes.com/assets/moveinready-photos/9/CC0019B/9-CC0019B-ORG-69aedf368bd8e.jpg,https://cdn2.marondahomes.com/assets/moveinready-photos/9/CC0019B/9-CC0019B-ORG-69aedf2f15acb.jpg,https://cdn2.marondahomes.com/assets/moveinready-photos/9/CC0019B/9-CC0019B-ORG-69aedf25138df.jpg,https://cdn2.marondahomes.com/assets/moveinready-photos/9/WC031D01/9-WC031D01-LRG-69694523c2d9d.jpg,https://cdn2.marondahomes.com/assets/moveinready-photos/9/SPT020E/9-SPT020E-LRG-696955bdda024.jpg,https://cdn2.marondahomes.com/assets/moveinready-photos/9/CC0019B/9-CC0019B-LRG-696947c250bbd.jpg,https://cdn2.marondahomes.com/assets/moveinready-photos/9/CC0019E/9-CC0019E-LRG-696948434f8fd.jpg,https://cdn2.marondahomes.com/assets/moveinready-photos/9/CC0019D/9-CC0019D-LRG-696947fd8b433.jpg,https://cdn2.marondahomes.com/assets/moveinready-photos/9/DC41/9-DC41-LRG-69e29fe82ce13.jpg,https://cdn2.marondahomes.com/assets/moveinready-photos/9/DC42/9-DC42-LRG-69e2a0ea7c8d7.jpg,https://cdn2.marondahomes.com/assets/moveinready-photos/9/DC37/9-DC37-LRG-69e29e70d44e3.jpg"
https://www.marondahomes.com/oh/columbus/chatterton-commons-townhomes-43232/job-cc0019f.html,,Chatterton Commons,,,"5978 Abernathy Ln, Columbus, OH 43232",Columbus,OH,43232,Franklin County,Sun: 12:00 PM-6:00 PM | Mon: 10:00 AM-6:00 PM | Tue: 10:00 AM-6:00 PM | Wed: 12:00 PM-6:00 PM | Thu: 10:00 AM-6:00 PM | Fri: 10:00 AM-6:00 PM | Sat: 10:00 AM-6:00 PM,740-481-8301,https://www.marondahomes.com/,,Maronda Homes,SFA,Y,,,Y,2,,Y,Shopping | Dining | Parks | Golf | Fitness | Hospitals,,"Welcome home to Chatterton Commons, the only new townhomes that live like a single-family home less than a mile from Brice Road and I-70. New homesites are here - schedule an appointment today!",,,,,,,,,,,,,,,,,,,,,,,,St Martin,"Welcome Home! Discover the perfect blend of modern comfort and stylish design in this spacious 3-bedroom, 2.5-bathroom townhome. The open-concept main level is designed for relaxation and entertaining, featuring a stunning great room filled with natural light and gourmet kitchen. With ample cabinetry, counter space, and a sleek design, this kitchen is the heart of the home. Upstairs, the owner's suite offers a private retreat with a walk-in closet and an en-suite bathroom. Two additional bedrooms and a shared bathroom provide plenty of space for family, guests, or a home office. The finished lower level offers even more possibilities—perfect for a cozy movie night, a home gym, or additional entertaining space. This home also includes a 2-car garage.",3,2,1,,Garage,,2,1565,2548,299990,350000,,,,,,"https://cdn2.marondahomes.com/assets/moveinready-photos/9/WC031D01/9-WC031D01-LRG-69694523c2d9d.jpg,https://cdn2.marondahomes.com/assets/moveinready-photos/9/SPT020E/9-SPT020E-LRG-696955bdda024.jpg,https://cdn2.marondahomes.com/assets/moveinready-photos/9/CC0019B/9-CC0019B-LRG-696947c250bbd.jpg,https://cdn2.marondahomes.com/assets/moveinready-photos/9/CC0019E/9-CC0019E-LRG-696948434f8fd.jpg,https://cdn2.marondahomes.com/assets/moveinready-photos/9/CC0019D/9-CC0019D-LRG-696947fd8b433.jpg,https://cdn2.marondahomes.com/assets/moveinready-photos/9/DC41/9-DC41-LRG-69e29fe82ce13.jpg,https://cdn2.marondahomes.com/assets/moveinready-photos/9/DC42/9-DC42-LRG-69e2a0ea7c8d7.jpg,https://cdn2.marondahomes.com/assets/moveinready-photos/9/DC37/9-DC37-LRG-69e29e70d44e3.jpg"
https://www.marondahomes.com/oh/columbus/chatterton-commons-townhomes-43232/job-cc0019e.html,,Chatterton Commons,,,"5976 Abernathy Ln, Columbus, OH 43232",Columbus,OH,43232,Franklin County,Sun: 12:00 PM-6:00 PM | Mon: 10:00 AM-6:00 PM | Tue: 10:00 AM-6:00 PM | Wed: 12:00 PM-6:00 PM | Thu: 10:00 AM-6:00 PM | Fri: 10:00 AM-6:00 PM | Sat: 10:00 AM-6:00 PM,740-481-8301,https://www.marondahomes.com/,,Maronda Homes,SFA,Y,,,Y,2,,Y,Shopping | Dining | Parks | Golf | Fitness | Hospitals,,"Welcome home to Chatterton Commons, the only new townhomes that live like a single-family home less than a mile from Brice Road and I-70. New homesites are here - schedule an appointment today!",,,,,,,,,,,,,,,,,,,,,,,,St Martin,"Welcome Home! Discover the perfect blend of modern comfort and stylish design in this spacious 3-bedroom, 2.5-bathroom townhome. The open-concept main level is designed for relaxation and entertaining, featuring a stunning great room filled with natural light and gourmet kitchen. With ample cabinetry, counter space, and a sleek design, this kitchen is the heart of the home. Upstairs, the owner's suite offers a private retreat with a walk-in closet and an en-suite bathroom. Two additional bedrooms and a shared bathroom provide plenty of space for family, guests, or a home office. The finished lower level offers even more possibilities—perfect for a cozy movie night, a home gym, or additional entertaining space. This home also includes a 2-car garage.",3,2,1,,Garage,,2,1565,2548,295090,350000,,,,,,"https://cdn2.marondahomes.com/assets/moveinready-photos/9/CC0019E/9-CC0019E-ORG-696948434f8fd.png,https://cdn2.marondahomes.com/assets/moveinready-photos/9/CC0019E/9-CC0019E-ORG-6969483c40d36.jpg,https://cdn2.marondahomes.com/assets/moveinready-photos/9/CC0019E/9-CC0019E-ORG-6969483cacb9a.jpg,https://cdn2.marondahomes.com/assets/moveinready-photos/9/CC0019E/9-CC0019E-ORG-6969483d21d25.jpg,https://cdn2.marondahomes.com/assets/moveinready-photos/9/CC0019E/9-CC0019E-ORG-6969483f632cb.jpg,https://cdn2.marondahomes.com/assets/moveinready-photos/9/CC0019E/9-CC0019E-ORG-69694842302ef.jpg,https://cdn2.marondahomes.com/assets/moveinready-photos/9/CC0019E/9-CC0019E-ORG-696948404afa9.jpg,https://cdn2.marondahomes.com/assets/moveinready-photos/9/CC0019E/9-CC0019E-ORG-6969483e0617b.jpg,https://cdn2.marondahomes.com/assets/moveinready-photos/9/CC0019E/9-CC0019E-ORG-6969483fd0f9b.jpg,https://cdn2.marondahomes.com/assets/moveinready-photos/9/CC0019E/9-CC0019E-ORG-6969483eee17e.jpg,https://cdn2.marondahomes.com/assets/moveinready-photos/9/CC0019E/9-CC0019E-ORG-69694841b06be.jpg,https://cdn2.marondahomes.com/assets/moveinready-photos/9/CC0019E/9-CC0019E-ORG-6969483e7df54.jpg,https://cdn2.marondahomes.com/assets/moveinready-photos/9/CC0019E/9-CC0019E-ORG-696948413ab95.jpg,https://cdn2.marondahomes.com/assets/moveinready-photos/9/CC0019E/9-CC0019E-ORG-69694840bd597.jpg,https://cdn2.marondahomes.com/assets/moveinready-photos/9/CC0019E/9-CC0019E-ORG-6969483d8ee3f.jpg,https://cdn2.marondahomes.com/assets/moveinready-photos/9/WC031D01/9-WC031D01-LRG-69694523c2d9d.jpg,https://cdn2.marondahomes.com/assets/moveinready-photos/9/SPT020E/9-SPT020E-LRG-696955bdda024.jpg,https://cdn2.marondahomes.com/assets/moveinready-photos/9/CC0019B/9-CC0019B-LRG-696947c250bbd.jpg,https://cdn2.marondahomes.com/assets/moveinready-photos/9/CC0019E/9-CC0019E-LRG-696948434f8fd.jpg,https://cdn2.marondahomes.com/assets/moveinready-photos/9/CC0019D/9-CC0019D-LRG-696947fd8b433.jpg,https://cdn2.marondahomes.com/assets/moveinready-photos/9/DC41/9-DC41-LRG-69e29fe82ce13.jpg,https://cdn2.marondahomes.com/assets/moveinready-photos/9/DC42/9-DC42-LRG-69e2a0ea7c8d7.jpg,https://cdn2.marondahomes.com/assets/moveinready-photos/9/DC37/9-DC37-LRG-69e29e70d44e3.jpg"
https://www.marondahomes.com/fl/lakeland/applewood-reserve-33810/job-7aw00201.html,,Applewood Reserve,,,"857 Hawthorne Berry Rd, Lakeland, FL 33810",Lakeland,FL,33810,Polk County,Sun: 12:00 PM-6:00 PM | Mon: 12:00 PM-6:00 PM | Tue: 10:00 AM-6:00 PM | Wed: 10:00 AM-6:00 PM | Thu: 10:00 AM-6:00 PM | Fri: 10:00 AM-6:00 PM | Sat: 10:00 AM-6:00 PM,863-591-6631,https://www.marondahomes.com/,,Maronda Homes,SFD,Y,,,Y,2,,Y,Shopping | Dining | Parks | Golf | Fitness | Hospitals,,"Introducing Applewood Reserve, the newest community with spacious homesites featuring preservation views, 5.7 miles to Downtown Lakeland, and no CDD fees. Now selling - schedule a model home tour today!",,,,,,,,,,,,,,,,,,,,,,,,Drexel,"Beautiful 3-bedroom, 2-bathroom home + den in Northeast Lakeland. Situated on a .25-acre lot, this property offers space, privacy, and functionality. Features include 9’4” ceilings, EVP flooring in main living areas, carpet in bedrooms, and an upgraded kitchen with backsplash. The den/flex room is ideal for a home office, playroom, or additional living space. 3-car garage provides ample storage and parking. Prime location just 2.5 miles from major highway access, offering a quick commute to Tampa/Orlando corridors. Low HOA, No CDD—enjoy affordability without extra fees. Move-in ready with modern finishes in a growing, desirable area.",3,2,,,Garage,,2,1988,3282,439900,474900,,,,,,"https://cdn2.marondahomes.com/assets/moveinready-photos/44/7AW00201/44-7AW00201-ORG-698a420569281.png,https://cdn2.marondahomes.com/assets/moveinready-photos/44/7AW00201/44-7AW00201-ORG-69b46083ec4ae.jpg,https://cdn2.marondahomes.com/assets/moveinready-photos/44/7AW00201/44-7AW00201-ORG-69b460efb8813.jpg,https://cdn2.marondahomes.com/assets/moveinready-photos/44/7AW00201/44-7AW00201-ORG-69b460be77b97.jpg,https://cdn2.marondahomes.com/assets/moveinready-photos/44/7AW00201/44-7AW00201-ORG-69b46090f3f13.jpg,https://cdn2.marondahomes.com/assets/moveinready-photos/44/7AW00201/44-7AW00201-ORG-69b460d993f17.jpg,https://cdn2.marondahomes.com/assets/moveinready-photos/44/7AW00201/44-7AW00201-ORG-69b46096c6a5d.jpg,https://cdn2.marondahomes.com/assets/moveinready-photos/44/7AW00201/44-7AW00201-ORG-69b2f7a9a1949.jpg,https://cdn2.marondahomes.com/assets/moveinready-photos/44/7AW00201/44-7AW00201-ORG-69b4608a486a2.jpg,https://cdn2.marondahomes.com/assets/moveinready-photos/44/7AW00201/44-7AW00201-ORG-69b4609beabff.jpg,https://cdn2.marondahomes.com/assets/moveinready-photos/44/7AW00201/44-7AW00201-ORG-69b460a19e525.jpg,https://cdn2.marondahomes.com/assets/moveinready-photos/44/7AW00201/44-7AW00201-ORG-69b460a6f0ea9.jpg,https://cdn2.marondahomes.com/assets/moveinready-photos/44/7AW00201/44-7AW00201-ORG-69b460c4335ec.jpg,https://cdn2.marondahomes.com/assets/moveinready-photos/44/7AW00201/44-7AW00201-ORG-69b460c94b1a2.jpg,https://cdn2.marondahomes.com/assets/moveinready-photos/44/7AW00201/44-7AW00201-ORG-69b460ce829db.jpg,https://cdn2.marondahomes.com/assets/moveinready-photos/44/7AW00201/44-7AW00201-ORG-69b460f58bbf4.jpg,https://cdn2.marondahomes.com/assets/moveinready-photos/44/7AW00201/44-7AW00201-ORG-69b460fa9684e.jpg,https://cdn2.marondahomes.com/assets/moveinready-photos/44/7B212515/44-7B212515-LRG-694acae0cf4a1.jpg,https://cdn2.marondahomes.com/assets/moveinready-photos/44/7BV14303/44-7BV14303-LRG-67361b18c7c23.jpg,https://cdn2.marondahomes.com/assets/moveinready-photos/44/7K662600/44-7K662600-LRG-6944600e92ab9.jpg,https://cdn2.marondahomes.com/assets/moveinready-photos/44/7K211131/44-7K211131-LRG-6939af1d5fdc0.jpg,https://cdn2.marondahomes.com/assets/moveinready-photos/44/7K443629/44-7K443629-LRG-69373baf21071.jpg,https://cdn2.marondahomes.com/assets/moveinready-photos/44/7K044008/44-7K044008-LRG-69971e6e8f568.jpg,https://cdn2.marondahomes.com/assets/moveinready-photos/44/7K033630/44-7K033630-LRG-6949a56435980.jpg,https://cdn2.marondahomes.com/assets/moveinready-photos/44/7PC43098/44-7PC43098-LRG-698a882ae68c7.jpg,https://cdn2.marondahomes.com/assets/moveinready-photos/44/7HS00121/44-7HS00121-LRG-69a8ac1ebf547.jpg,https://cdn2.marondahomes.com/assets/moveinready-photos/44/7HS00002/44-7HS00002-LRG-697cccb51e33b.jpg,https://cdn2.marondahomes.com/assets/moveinready-photos/44/7CT12257/44-7CT12257-LRG-68fbb034cde09.jpg,https://cdn2.marondahomes.com/assets/moveinready-photos/44/7AW00201/44-7AW00201-LRG-698a420569281.jpg"
https://www.marondahomes.com/va/winchester/abrams-pointe-22602/job-ap2201.html,,Abrams Pointe,,,"154 Williamson Rd, Winchester, VA 22602",Winchester,VA,22602,Frederick County,Sun: 12:00 PM-5:00 PM | Mon: 10:00 AM-5:00 PM | Tue: 10:00 AM-5:00 PM | Wed: 10:00 AM-5:00 PM | Thu: 10:00 AM-5:00 PM | Fri: 10:00 AM-5:00 PM | Sat: 11:00 AM-5:00 PM,571-322-8831,https://www.marondahomes.com/,,Maronda Homes,SFD,Y,,,Y,3,,Y,Shopping | Dining | Parks | Golf | Fitness | Hospitals,,"Welcome home to Abrams Pointe, new single-family homes on wooded cul-de-sac streets in the heart of an established Winchester neighborhood. New model now open - schedule your tour today!",,,,,,,,,,,,,,,,,,,,,,,,Carlisle,,4,3,1,,Garage,,3,3789,3614,749990,749990,,,,,,
https://www.marondahomes.com/va/bealeton/bowens-run-22712/job-bo00101.html,,Bowens Run,,,"3008 Bowens Run Road, Bealeton, VA 22712",Bealeton,VA,22712,Fauquier County,Sun: 12:00 PM-5:00 PM | Mon: 10:00 AM-5:00 PM | Tue: 10:00 AM-5:00 PM | Wed: 10:00 AM-5:00 PM | Thu: 10:00 AM-5:00 PM | Fri: 10:00 AM-5:00 PM | Sat: 11:00 AM-5:00 PM,571-322-8831,https://www.marondahomes.com/,,Maronda Homes,SFD,Y,,,Y,3,,Y,Shopping | Dining | Parks | Fitness | Hospitals,,"Bowens Run features the only new homes on ½ acre homesites in Bealeton with easy access to Routes 17, 28, and 29. Now selling - schedule your visit to tour our model home today!",,,,,,,,,,,,,,,,,,,,,,,,Carlisle,,4,3,1,,Garage,,3,3789,3614,819990,819990,,,,,,
https://www.marondahomes.com/oh/marysville/darby-run-43040/job-dar003.html,,Darby Run,,,"125 Black Oak Ave, Marysville, OH 43040",Marysville,OH,43040,Union County,Sun: 12:00 PM-6:00 PM | Mon: Closed | Tue: Closed | Wed: 12:00 PM-6:00 PM | Thu: 10:00 AM-6:00 PM | Fri: 10:00 AM-6:00 PM | Sat: 10:00 AM-6:00 PM,740-481-8301,https://www.marondahomes.com/,,Maronda Homes,SFD,Y,,,Y,2,,Y,Shopping | Dining | Parks | Golf | Fitness | Hospitals,,Darby Run offers private homesites in wooded surroundings and the best price for personalizable options in your home. Now selling - schedule your appointment today!,,,,,,,,,,,,,,,,,,,,,,,,Somerset,"The Somerset is a beautifully designed three bedroom, two and a half bath single-family home offering 2,389 square feet of thoughtfully planned living space, plus a full unfinished basement ready for future expansion. The open-concept main level features a spacious great room that flows seamlessly into a bright kitchen and inviting breakfast area—ideal for both everyday living and entertaining. Natural light and flexible layout options create a warm, welcoming atmosphere throughout. Upstairs, the expansive owner's suite serves as a private retreat with an en-suite bath and walk-in closet. Additional bedrooms are generously sized, and a versatile second-floor flex space can be used as a game room, home office, or potential additional bedroom. A conveniently located upstairs laundry area adds everyday functionality. Exterior upgrades include Hardie Plank siding and a covered front porch. An attached two-car garage and the unfinished basement provide ample storage and opportunity to customize and add value. The Somerset offers comfort, flexibility, and room to grow—perfectly suited for today's lifestyle.",3,2,1,,Garage,,2,2389,3789,489990,489990,,,,,,"https://cdn2.marondahomes.com/assets/moveinready-photos/9/DAR003/9-DAR003-ORG-69ab345e41590.jpg,https://cdn2.marondahomes.com/assets/moveinready-photos/9/DAR003/9-DAR003-ORG-69ab3458d9eb7.jpg,https://cdn2.marondahomes.com/assets/moveinready-photos/9/DAR003/9-DAR003-ORG-69ab346787805.jpg,https://cdn2.marondahomes.com/assets/moveinready-photos/9/DAR003/9-DAR003-ORG-69ab33bd6ee1a.jpg,https://cdn2.marondahomes.com/assets/moveinready-photos/9/DAR003/9-DAR003-ORG-6980b705f0e3b.png,https://cdn2.marondahomes.com/assets/moveinready-photos/9/DAR003/9-DAR003-ORG-69ab33db5d5cd.jpg,https://cdn2.marondahomes.com/assets/moveinready-photos/9/DAR003/9-DAR003-ORG-69ab3462dc59a.jpg,https://cdn2.marondahomes.com/assets/moveinready-photos/9/DAR003/9-DAR003-ORG-6980b71a11fb1.png,https://cdn2.marondahomes.com/assets/moveinready-photos/9/DAR003/9-DAR003-ORG-69ab33e16fada.jpg,https://cdn2.marondahomes.com/assets/moveinready-photos/9/DAR003/9-DAR003-ORG-69ab33e82e737.jpg,https://cdn2.marondahomes.com/assets/moveinready-photos/9/DAR003/9-DAR003-ORG-69ab345364ec7.jpg,https://cdn2.marondahomes.com/assets/moveinready-photos/9/DAR003/9-DAR003-ORG-6980b723a8a2e.jpeg,https://cdn2.marondahomes.com/assets/moveinready-photos/9/DAR003/9-DAR003-ORG-6980b7107fcbd.png,https://cdn2.marondahomes.com/assets/moveinready-photos/9/DAR003/9-DAR003-ORG-69ab33ce875b3.jpg,https://cdn2.marondahomes.com/assets/moveinready-photos/9/DAR003/9-DAR003-ORG-69ab33c6f14fb.jpg,https://cdn2.marondahomes.com/assets/moveinready-photos/9/DAR003/9-DAR003-ORG-69ab33d537a2b.jpg,https://cdn2.marondahomes.com/assets/moveinready-photos/9/DAR003/9-DAR003-ORG-69ab33f540c94.jpg,https://cdn2.marondahomes.com/assets/moveinready-photos/9/DAR003/9-DAR003-ORG-69ab33fbf1f1a.jpg,https://cdn2.marondahomes.com/assets/moveinready-photos/9/DAR003/9-DAR003-ORG-69ab340325863.jpg,https://cdn2.marondahomes.com/assets/moveinready-photos/9/DAR003/9-DAR003-ORG-69ab34384aaa7.jpg,https://cdn2.marondahomes.com/assets/moveinready-photos/9/DAR003/9-DAR003-ORG-69ab3440137f6.jpg,https://cdn2.marondahomes.com/assets/moveinready-photos/9/DAR003/9-DAR003-ORG-69ab344559ba5.jpg,https://cdn2.marondahomes.com/assets/moveinready-photos/9/DAR003/9-DAR003-ORG-696506039535d.jpeg,https://cdn2.marondahomes.com/assets/moveinready-photos/9/DAR003/9-DAR003-ORG-69650607b7232.jpeg,https://cdn2.marondahomes.com/assets/moveinready-photos/9/DAR003/9-DAR003-ORG-6965060bb5aaf.jpeg,https://cdn2.marondahomes.com/assets/moveinready-photos/9/DAR003/9-DAR003-ORG-6965060f5fd0e.jpeg,https://cdn2.marondahomes.com/assets/moveinready-photos/9/DAR003/9-DAR003-LRG-69ab345e41590.jpg"
https://www.marondahomes.com/fl/palm-bay/palm-bay-32909/job-31052293.html,,Palm Bay,,,"1766 Lamont St Nw, Palm Bay, FL 32907",Palm Bay,FL,32907,Brevard County,Sun: 12:00 PM-6:00 PM | Mon: 12:00 PM-6:00 PM | Tue: 10:00 AM-6:00 PM | Wed: 10:00 AM-6:00 PM | Thu: 10:00 AM-6:00 PM | Fri: 10:00 AM-6:00 PM | Sat: 10:00 AM-6:00 PM,,https://www.marondahomes.com/,,Maronda Homes,SFD,Y,,,Y,2,,Y,Shopping | Dining | Parks | Golf | Fitness | Hospitals,,"Palm Bay offers single-family homes on spacious ¼-acre homesites, offering the most personalized options available. Perfectly located between Jacksonville and Miami. Now selling a variety of Move-In Ready homes with special incentives – lot price included! Visit our model home today or connect with our team to learn more.",,,,,,,,,,,,,,,,,,,,,,,,Willow,,4,2,,,Garage,,2,2052,3059,389900,424900,,,,,,
https://www.marondahomes.com/fl/winter-haven/villamar-33884/job-2vm19401.html,,Villamar,,,"2783 San Marco Way, Winter Haven, FL 33884",Winter Haven,FL,33884,Polk County,Sun: 12:00 PM-6:00 PM | Mon: 12:00 PM-6:00 PM | Tue: Closed | Wed: Closed | Thu: 10:00 AM-6:00 PM | Fri: 10:00 AM-6:00 PM | Sat: 10:00 AM-6:00 PM,407-305-7632,https://www.marondahomes.com/,,Maronda Homes,SFD,,,,Y,2,,Y,Shopping | Dining | Parks | Golf | Fitness | Hospitals,,"Maronda Homes is the only builder in Villamar that gives you the ability to personalize your floor plan’s structural options, down to your cabinets and flooring. Stop by our model home to learn more!",,,,,,,,,,,,,,,,,,,,,,,,Lancaster,,4,3,1,,Garage,,2,2298,2298,349990,356990,,,,,,
https://www.marondahomes.com/fl/lady-lake/the-reserve-at-hammock-oaks-32159/job-2ho03001.html,,The Reserve At Hammock Oaks,,,"820 Sunshower Dr, Lady Lake, FL 32159",Lady Lake,FL,32159,Lake County,Sun: 12:00 PM-6:00 PM | Mon: 12:00 PM-6:00 PM | Tue: 10:00 AM-6:00 PM | Wed: 10:00 AM-6:00 PM | Thu: 10:00 AM-6:00 PM | Fri: 10:00 AM-6:00 PM | Sat: 10:00 AM-6:00 PM,407-305-7632,https://www.marondahomes.com/,,Maronda Homes,SFD,Y,,,Y,2,,Y,Shopping | Dining | Parks | Golf | Fitness | Hospitals,,"The only new homes with oversized homesites and included 3-car garages. Enjoy a quick, 1-mile to The Villages and resort-style amenities within the community. Now selling - schedule a visit to our model home today!",,,,,,,,,,,,,,,,,,,,,,,,Miramar,,4,3,,,Garage,,2,2154,3059,424990,427990,,,,,,
https://www.marondahomes.com/pa/irwin/willow-estates-15642/job-wle2084b.html,,Willow Estates,,,"1253 Bedford Road N Huntingdon, Irwin, PA 15642",Irwin,PA,15642,Westmoreland County,Sun: 12:00 PM-6:00 PM | Mon: Closed | Tue: Closed | Wed: 12:00 PM-6:00 PM | Thu: 10:00 AM-6:00 PM | Fri: Appointments Only | Sat: Appointments Only,412-838-3818,https://www.marondahomes.com/,,Maronda Homes,SFA,Y,,,Y,2,,Y,Shopping | Dining | Parks | Golf | Fitness | Hospitals,,Willow Estates is the only new home community that offers both townhomes and single-family homes in the Norwin school district that gives our homeowners a cost-effective lifestyle while providing personalization and privacy with our established community. Schedule an appointment to walk the homesites today!,,,,,,,,,,,,,,,,,,,,,,,,St. Martin,,3,2,1,,Garage,,2,1565,2693,349990,399990,,,,,,
https://www.marondahomes.com/fl/punta-gorda/burnt-store-village-33955/job-7bv05318.html,,Burnt Store Village,,,"16323 Navarro Ct, Punta Gorda, FL 33955",Punta Gorda,FL,33955,Charlotte County,Sun: 12:00 PM-6:00 PM | Mon: 12:00 PM-6:00 PM | Tue: 10:00 AM-6:00 PM | Wed: 10:00 AM-6:00 PM | Thu: 10:00 AM-6:00 PM | Fri: 10:00 AM-6:00 PM | Sat: 10:00 AM-6:00 PM,863-591-5670,https://www.marondahomes.com/,,Maronda Homes,SFD,,,,Y,2,,Y,Dining | Golf,,"Introducing Burnt Store Village, featuring single-family homes on your homesite or ours, located in Punta Gorda. Schedule an appointment today!",,,,,,,,,,,,,,,,,,,,,,,,Melody,,3,2,,,Garage,,2,2066,2066,359900,369900,,,,,,"https://cdn2.marondahomes.com/assets/moveinready-photos/44/7BV05318/44-7BV05318-ORG-674e0c7a52e92.png,https://cdn2.marondahomes.com/assets/moveinready-photos/44/7BV05318/44-7BV05318-ORG-6682f421c6d4e.jpg,https://cdn2.marondahomes.com/assets/moveinready-photos/44/7BV05318/44-7BV05318-LRG-674e0c7a52e92.jpg,https://cdn2.marondahomes.com/assets/moveinready-photos/44/7BV02339/44-7BV02339-LRG-698a43d3c24aa.jpg,https://cdn2.marondahomes.com/assets/moveinready-photos/44/7K120871/44-7K120871-LRG-6939aeec2aa34.jpg"
https://www.marondahomes.com/oh/grove-city/autumn-grove-43123/job-ag19505.html,,Autumn Grove,,,"4357 Pummelo Drive, Grove City, OH 43123",Grove City,OH,43123,Franklin County,Sun: 12:00 PM-6:00 PM | Mon: 10:00 AM-6:00 PM | Tue: 10:00 AM-6:00 PM | Wed: 12:00 PM-6:00 PM | Thu: 10:00 AM-6:00 PM | Fri: 10:00 AM-6:00 PM | Sat: 10:00 AM-6:00 PM,740-481-8301,https://www.marondahomes.com/,,Maronda Homes,SFD,Y,,,Y,2,,Y,Shopping | Dining | Parks | Golf | Fitness | Hospitals,,"Introducing Autumn Grove, the best value for new homes with spacious homesites in charming Grove City - just minutes from Downtown Columbus. Schedule your visit today!",,,,,,,,,,,,,,,,,,,,,,,,Carlisle,"Make the Carlisle floorplan your new home today! This spacious 5-bedroom design features a convenient first-floor bedroom and full bath, perfect for guests or multi-generational living. As you enter, you're greeted by a private office, a welcoming foyer, and a bright living room. The kitchen boasts an oversized granite island, ideal for cooking and entertaining, with an adjacent sunroom offering additional space for dining or relaxation. Upstairs, you'll find 4 generously sized bedrooms and 2 full bathrooms. The luxurious primary suite includes a tile shower, creating a serene retreat. The home also offers a full basement with plumbing rough-ins for a future 3-piece bathroom, adding endless possibilities for customization.",5,3,1,,Garage,,2,3100,4469,539990,539990,,,,,,"https://cdn2.marondahomes.com/assets/moveinready-photos/9/AG19505/9-AG19505-ORG-697bbf53b5939.jpg,https://cdn2.marondahomes.com/assets/moveinready-photos/9/AG19505/9-AG19505-ORG-697bbf6456a27.jpg,https://cdn2.marondahomes.com/assets/moveinready-photos/9/AG19505/9-AG19505-ORG-697bbf7aa74c0.jpg,https://cdn2.marondahomes.com/assets/moveinready-photos/9/AG19505/9-AG19505-ORG-697bbf8d1e8e6.jpg,https://cdn2.marondahomes.com/assets/moveinready-photos/9/AG19505/9-AG19505-ORG-697bbfd0bb4d4.jpg,https://cdn2.marondahomes.com/assets/moveinready-photos/9/AG19505/9-AG19505-ORG-697bbfecce59e.jpg,https://cdn2.marondahomes.com/assets/moveinready-photos/9/AG19505/9-AG19505-ORG-697bbff5d1bcd.jpg,https://cdn2.marondahomes.com/assets/moveinready-photos/9/AG19505/9-AG19505-ORG-697bc01576278.jpg,https://cdn2.marondahomes.com/assets/moveinready-photos/9/AG19505/9-AG19505-ORG-697bc073875d8.jpg,https://cdn2.marondahomes.com/assets/moveinready-photos/9/AG19505/9-AG19505-ORG-697bc08443094.jpg,https://cdn2.marondahomes.com/assets/moveinready-photos/9/AG19505/9-AG19505-ORG-697bc03f912d4.jpg,https://cdn2.marondahomes.com/assets/moveinready-photos/9/AG19505/9-AG19505-ORG-697bc04d145c8.jpg,https://cdn2.marondahomes.com/assets/moveinready-photos/9/AG19505/9-AG19505-ORG-697bc1557cd21.jpg,https://cdn2.marondahomes.com/assets/moveinready-photos/9/AG19505/9-AG19505-ORG-697bc0b491c69.jpg,https://cdn2.marondahomes.com/assets/moveinready-photos/9/AG19505/9-AG19505-ORG-697bc0abbfdb5.jpg,https://cdn2.marondahomes.com/assets/moveinready-photos/9/AG19505/9-AG19505-ORG-697bc0d60b497.jpg,https://cdn2.marondahomes.com/assets/moveinready-photos/9/AG19505/9-AG19505-ORG-697bc0df360e5.jpg,https://cdn2.marondahomes.com/assets/moveinready-photos/9/AG19505/9-AG19505-ORG-697bc0e9b86fe.jpg,https://cdn2.marondahomes.com/assets/moveinready-photos/9/AG19505/9-AG19505-ORG-697bc112d45d0.jpg,https://cdn2.marondahomes.com/assets/moveinready-photos/9/AG19505/9-AG19505-ORG-697bc11e3f230.jpg,https://cdn2.marondahomes.com/assets/moveinready-photos/9/AG19505/9-AG19505-ORG-697bc1aa51565.jpg,https://cdn2.marondahomes.com/assets/moveinready-photos/9/AG19505/9-AG19505-ORG-697bc1308f490.jpg,https://cdn2.marondahomes.com/assets/moveinready-photos/9/AG19505/9-AG19505-ORG-697bc1bb02fc5.jpg,https://cdn2.marondahomes.com/assets/moveinready-photos/9/AG19505/9-AG19505-ORG-697bc13c998c6.jpg,https://cdn2.marondahomes.com/assets/moveinready-photos/9/AG19505/9-AG19505-ORG-697bc149c0ef7.jpg,https://cdn2.marondahomes.com/assets/moveinready-photos/9/AG19505/9-AG19505-ORG-697bc164ba23e.jpg,https://cdn2.marondahomes.com/assets/moveinready-photos/9/AG19505/9-AG19505-ORG-697bc170c3fab.jpg,https://cdn2.marondahomes.com/assets/moveinready-photos/9/AG19505/9-AG19505-ORG-697bc17ecbb02.jpg,https://cdn2.marondahomes.com/assets/moveinready-photos/9/AG19505/9-AG19505-ORG-697bc1890ec70.jpg,https://cdn2.marondahomes.com/assets/moveinready-photos/9/AG19505/9-AG19505-ORG-697bc194c4a71.jpg,https://cdn2.marondahomes.com/assets/moveinready-photos/9/AG19505/9-AG19505-ORG-697bc19f43f1f.jpg,https://cdn2.marondahomes.com/assets/moveinready-photos/9/AG19505/9-AG19505-ORG-697bc1c4a784c.jpg,https://cdn2.marondahomes.com/assets/moveinready-photos/9/AG19505/9-AG19505-ORG-697bc1dcaf93c.jpg,https://cdn2.marondahomes.com/assets/moveinready-photos/9/AG19505/9-AG19505-ORG-697bc1e86572c.jpg,https://cdn2.marondahomes.com/assets/moveinready-photos/9/AG19505/9-AG19505-ORG-697bc1fe196e2.jpg,https://cdn2.marondahomes.com/assets/moveinready-photos/9/AG19505/9-AG19505-ORG-697bc20790bbb.jpg,https://cdn2.marondahomes.com/assets/moveinready-photos/9/AG19505/9-AG19505-ORG-697bc21194c00.jpg,https://cdn2.marondahomes.com/assets/moveinready-photos/9/AG19505/9-AG19505-ORG-697bc2232be9d.jpg,https://cdn2.marondahomes.com/assets/moveinready-photos/9/AG19505/9-AG19505-ORG-697bc22d97907.jpg,https://cdn2.marondahomes.com/assets/moveinready-photos/9/AG19505/9-AG19505-ORG-697bc23b9eb1c.jpg,https://cdn2.marondahomes.com/assets/moveinready-photos/9/AG19505/9-AG19505-LRG-697bbf53b5939.jpg"
https://www.marondahomes.com/oh/troy/somerset-reserve-45373/job-som74501.html,,Somerset Reserve,,,"1369 Goldenrod Drive, Troy, OH 45373",Troy,OH,45373,Miami County,Sun: 12:00 PM-6:00 PM | Mon: 10:00 AM-6:00 PM | Tue: 10:00 AM-6:00 PM | Wed: 12:00 PM-6:00 PM | Thu: 10:00 AM-6:00 PM | Fri: 10:00 AM-6:00 PM | Sat: 10:00 AM-6:00 PM,937-787-5154,https://www.marondahomes.com/,,Maronda Homes,SFD,Y,,,Y,2,,Y,Shopping | Dining | Parks | Golf | Fitness | Hospitals,,"Welcome home to Somerset Reserve - the best value for a new single-family home in the Troy School District. Enjoy low Troy taxes, the most personalization options, and quick access to I-75 without the highway noise. Spacious homesites, walking trails, scenic ponds, and a playground create a community designed for the way you live. Schedule your personalized visit today!",,,,,,,,,,,,,,,,,,,,,,,,Lily,,3,2,,,Garage,,2,1368,3789,299990,350000,,,,,,"https://cdn2.marondahomes.com/assets/moveinready-photos/17/SOM74501/17-SOM74501-ORG-69c524ff7a80e.png,https://cdn2.marondahomes.com/assets/moveinready-photos/17/SOM74501/17-SOM74501-LRG-69c524ff7a80e.jpg"
https://www.marondahomes.com/pa/sarver/ridgeview-estates-townhomes-16055/job-ret247a.html,,Ridgeview Estates,,,"173 Raven Circle, Sarver, PA 16055",Sarver,PA,16055,Butler County,,412-838-3818,https://www.marondahomes.com/,,Maronda Homes,SFA,,,,Y,2,,Y,Shopping | Dining | Parks | Golf | Fitness | Hospitals,,"Introducing Ridgeview Estates, the best price for a brand-new townhome just minutes from Freeport Area School District. Community closeout - final opportunities remaining. Schedule your tour today!",,,,,,,,,,,,,,,,,,,,,,,,St Abigail,,2,2,,,Garage,,2,1544,2031,339990,350000,,,,,,"https://cdn2.marondahomes.com/assets/moveinready-photos/3/RET247A/3-RET247A-ORG-69d6ad5f2fcd4.jpg,https://cdn2.marondahomes.com/assets/moveinready-photos/3/RET247A/3-RET247A-ORG-69d6ad520cea2.jpg,https://cdn2.marondahomes.com/assets/moveinready-photos/3/RET247A/3-RET247A-ORG-69d6ad4e193aa.jpg,https://cdn2.marondahomes.com/assets/moveinready-photos/3/RET247A/3-RET247A-ORG-69d6ad561d62b.jpg,https://cdn2.marondahomes.com/assets/moveinready-photos/3/RET247A/3-RET247A-ORG-69d6ad7061366.jpg,https://cdn2.marondahomes.com/assets/moveinready-photos/3/RET247A/3-RET247A-ORG-69d6ad5aad1a8.jpg,https://cdn2.marondahomes.com/assets/moveinready-photos/3/RET247A/3-RET247A-ORG-69d6ad6b06d15.jpg,https://cdn2.marondahomes.com/assets/moveinready-photos/3/RET247A/3-RET247A-ORG-69d6ad636833f.jpg,https://cdn2.marondahomes.com/assets/moveinready-photos/3/RET247A/3-RET247A-ORG-69d6ad673c211.jpg,https://cdn2.marondahomes.com/assets/moveinready-photos/3/RET247A/3-RET247A-ORG-69d6ad752ef59.jpg,https://cdn2.marondahomes.com/assets/moveinready-photos/3/RET247A/3-RET247A-LRG-69d6ad5f2fcd4.jpg,https://cdn2.marondahomes.com/assets/moveinready-photos/3/RET248A/3-RET248A-LRG-69d6ad25732b8.jpg"
https://www.marondahomes.com/pa/sarver/ridgeview-estates-townhomes-16055/job-ret248a.html,,Ridgeview Estates,,,"175 Raven Circle, Sarver, PA 16055",Sarver,PA,16055,Butler County,,412-838-3818,https://www.marondahomes.com/,,Maronda Homes,SFA,,,,Y,2,,Y,Shopping | Dining | Parks | Golf | Fitness | Hospitals,,"Introducing Ridgeview Estates, the best price for a brand-new townhome just minutes from Freeport Area School District. Community closeout - final opportunities remaining. Schedule your tour today!",,,,,,,,,,,,,,,,,,,,,,,,St Abigail,,2,2,,,Garage,,2,1544,2031,334990,350000,,,,,,"https://cdn2.marondahomes.com/assets/moveinready-photos/3/RET248A/3-RET248A-ORG-69d6ad25732b8.jpg,https://cdn2.marondahomes.com/assets/moveinready-photos/3/RET248A/3-RET248A-ORG-69d6acd2da826.jpg,https://cdn2.marondahomes.com/assets/moveinready-photos/3/RET248A/3-RET248A-ORG-69d6ace8237ed.jpg,https://cdn2.marondahomes.com/assets/moveinready-photos/3/RET248A/3-RET248A-ORG-69d6acce36dc5.jpg,https://cdn2.marondahomes.com/assets/moveinready-photos/3/RET248A/3-RET248A-ORG-69d6ace338ef0.jpg,https://cdn2.marondahomes.com/assets/moveinready-photos/3/RET248A/3-RET248A-ORG-69d6acfa0f7b9.jpg,https://cdn2.marondahomes.com/assets/moveinready-photos/3/RET248A/3-RET248A-ORG-69d6acf24dfd2.jpg,https://cdn2.marondahomes.com/assets/moveinready-photos/3/RET248A/3-RET248A-ORG-69d6acf633c3e.jpg,https://cdn2.marondahomes.com/assets/moveinready-photos/3/RET248A/3-RET248A-ORG-69d6acfe7ed66.jpg,https://cdn2.marondahomes.com/assets/moveinready-photos/3/RET248A/3-RET248A-ORG-69d6ad0230b4a.jpg,https://cdn2.marondahomes.com/assets/moveinready-photos/3/RET247A/3-RET247A-LRG-69d6ad5f2fcd4.jpg,https://cdn2.marondahomes.com/assets/moveinready-photos/3/RET248A/3-RET248A-LRG-69d6ad25732b8.jpg"
https://www.marondahomes.com/fl/punta-gorda/burnt-store-village-33955/job-7bv12355.html,,Burnt Store Village,,,"25880 Prada Dr, Punta Gorda, FL 33955",Punta Gorda,FL,33955,Charlotte County,Sun: 12:00 PM-6:00 PM | Mon: 12:00 PM-6:00 PM | Tue: 10:00 AM-6:00 PM | Wed: 10:00 AM-6:00 PM | Thu: 10:00 AM-6:00 PM | Fri: 10:00 AM-6:00 PM | Sat: 10:00 AM-6:00 PM,863-591-5670,https://www.marondahomes.com/,,Maronda Homes,SFD,,,,Y,2,,Y,Dining | Golf,,"Introducing Burnt Store Village, featuring single-family homes on your homesite or ours, located in Punta Gorda. Schedule an appointment today!",,,,,,,,,,,,,,,,,,,,,,,,Avalon,,3,2,,,Garage,,2,1887,2066,349900,369900,,,,,,"https://cdn2.marondahomes.com/assets/moveinready-photos/44/7BV12355/44-7BV12355-ORG-698a42fb241d6.png,https://cdn2.marondahomes.com/assets/moveinready-photos/44/7BV12355/44-7BV12355-ORG-697d205de14cd.jpeg,https://cdn2.marondahomes.com/assets/moveinready-photos/44/7BV12355/44-7BV12355-ORG-697d2066be32b.jpeg,https://cdn2.marondahomes.com/assets/moveinready-photos/44/7BV12355/44-7BV12355-ORG-697d206f8f872.jpeg,https://cdn2.marondahomes.com/assets/moveinready-photos/44/7BV12355/44-7BV12355-ORG-699c9544e565c.jpeg,https://cdn2.marondahomes.com/assets/moveinready-photos/44/7BV12355/44-7BV12355-ORG-699c954a45c68.jpeg,https://cdn2.marondahomes.com/assets/moveinready-photos/44/7BV12355/44-7BV12355-ORG-699c9550a6ac1.jpeg,https://cdn2.marondahomes.com/assets/moveinready-photos/44/7BV12355/44-7BV12355-ORG-699c955811160.jpeg,https://cdn2.marondahomes.com/assets/moveinready-photos/44/7BV12355/44-7BV12355-ORG-699c955f34205.jpeg,https://cdn2.marondahomes.com/assets/moveinready-photos/44/7BV12355/44-7BV12355-ORG-699c956637131.jpeg,https://cdn2.marondahomes.com/assets/moveinready-photos/44/7BV12355/44-7BV12355-ORG-699c956cd70e7.jpeg,https://cdn2.marondahomes.com/assets/moveinready-photos/44/7BV12355/44-7BV12355-ORG-699c957b1cee0.jpeg,https://cdn2.marondahomes.com/assets/moveinready-photos/44/7BV12355/44-7BV12355-LRG-698a42fb241d6.jpg"
https://www.marondahomes.com/fl/punta-gorda/burnt-store-village-33955/job-7bv14303.html,,Burnt Store Village,,,"25134 Doredo Dr, Punta Gorda, FL 33955",Punta Gorda,FL,33955,Charlotte County,Sun: 12:00 PM-6:00 PM | Mon: 12:00 PM-6:00 PM | Tue: 10:00 AM-6:00 PM | Wed: 10:00 AM-6:00 PM | Thu: 10:00 AM-6:00 PM | Fri: 10:00 AM-6:00 PM | Sat: 10:00 AM-6:00 PM,863-591-5670,https://www.marondahomes.com/,,Maronda Homes,SFD,,,,Y,2,,Y,Dining | Golf,,"Introducing Burnt Store Village, featuring single-family homes on your homesite or ours, located in Punta Gorda. Schedule an appointment today!",,,,,,,,,,,,,,,,,,,,,,,,Drexel,,3,2,,,Garage,,2,1988,2066,359900,369900,,,,,,"https://cdn2.marondahomes.com/assets/moveinready-photos/44/7BV14303/44-7BV14303-ORG-67361b18c7c23.png,https://cdn2.marondahomes.com/assets/moveinready-photos/44/7BV14303/44-7BV14303-ORG-6682f3f4cd1f6.jpg,https://cdn2.marondahomes.com/assets/moveinready-photos/44/7B212515/44-7B212515-LRG-694acae0cf4a1.jpg,https://cdn2.marondahomes.com/assets/moveinready-photos/44/7BV14303/44-7BV14303-LRG-67361b18c7c23.jpg,https://cdn2.marondahomes.com/assets/moveinready-photos/44/7K662600/44-7K662600-LRG-6944600e92ab9.jpg,https://cdn2.marondahomes.com/assets/moveinready-photos/44/7K211131/44-7K211131-LRG-6939af1d5fdc0.jpg,https://cdn2.marondahomes.com/assets/moveinready-photos/44/7K443629/44-7K443629-LRG-69373baf21071.jpg,https://cdn2.marondahomes.com/assets/moveinready-photos/44/7K044008/44-7K044008-LRG-69971e6e8f568.jpg,https://cdn2.marondahomes.com/assets/moveinready-photos/44/7K033630/44-7K033630-LRG-6949a56435980.jpg,https://cdn2.marondahomes.com/assets/moveinready-photos/44/7PC43098/44-7PC43098-LRG-698a882ae68c7.jpg,https://cdn2.marondahomes.com/assets/moveinready-photos/44/7HS00121/44-7HS00121-LRG-69a8ac1ebf547.jpg,https://cdn2.marondahomes.com/assets/moveinready-photos/44/7HS00002/44-7HS00002-LRG-697cccb51e33b.jpg,https://cdn2.marondahomes.com/assets/moveinready-photos/44/7CT12257/44-7CT12257-LRG-68fbb034cde09.jpg,https://cdn2.marondahomes.com/assets/moveinready-photos/44/7AW00201/44-7AW00201-LRG-698a420569281.jpg"
https://www.marondahomes.com/pa/mars/amherst-village-16046/job-av6116.html,,Amherst Village,,,"6056 Ruby Way, Mars, PA 16046",Mars,PA,16046,Butler County,Sun: 12:00 PM-6:00 PM | Mon: 10:00 AM-6:00 PM | Tue: 10:00 AM-6:00 PM | Wed: 12:00 PM-6:00 PM | Thu: Appointments Only | Fri: Appointments Only | Sat: 10:00 AM-6:00 PM,412-838-3818,https://www.marondahomes.com/,,Maronda Homes,SFD,Y,,,Y,2,,Y,Shopping | Dining | Parks | Golf | Fitness | Hospitals,,Amherst Village is a new community with the most personalization options for a brand-new home at the best price within the Mars Area School District. Schedule a tour of our model home today!,,,,,,,,,,,,,,,,,,,,,,,,Miramar,"Welcome to 6056 Ruby Way! This BRAND NEW home is scheduled for completion in March! This home features 1 level living and full finished WALKOUT basement! The spacious family room is highlighted by a stunning stone fireplace and abundant natural light throughout. The kitchen showcases upgraded cabinetry, granite countertops, backsplash, and stainless steel appliances. An elegant open staircase with iron open handrail, that leads you to finished lower level, adds architectural appeal and a modern touch. The well appointed laundry room includes built-in cabinetry, countertop workspace, and a sink for added convenience. The primary bedroom/bathroom features 2 walk-in closets, tiled shower, double bowl vanities with Quartz countertops, and a tray ceiling with crown molding. Step out from the family room onto a covered deck—ideal for relaxing or entertaining guests.",3,2,,,Garage,,2,3594,3789,649990,649990,,,,,,"https://cdn2.marondahomes.com/assets/moveinready-photos/3/AV6116/3-AV6116-ORG-69dcfb872df4b.jpg,https://cdn2.marondahomes.com/assets/moveinready-photos/3/AV6116/3-AV6116-ORG-69dcfb914e711.jpeg,https://cdn2.marondahomes.com/assets/moveinready-photos/3/AV6116/3-AV6116-ORG-69dcfb96a30c6.jpg,https://cdn2.marondahomes.com/assets/moveinready-photos/3/AV6116/3-AV6116-ORG-69dcfb9d480d5.jpg,https://cdn2.marondahomes.com/assets/moveinready-photos/3/AV6116/3-AV6116-ORG-69dcfba9bd651.jpg,https://cdn2.marondahomes.com/assets/moveinready-photos/3/AV6116/3-AV6116-ORG-69dcfbae64a54.jpeg,https://cdn2.marondahomes.com/assets/moveinready-photos/3/AV6116/3-AV6116-ORG-69dcfbb419fbe.jpg,https://cdn2.marondahomes.com/assets/moveinready-photos/3/AV6116/3-AV6116-ORG-69dcfbb8283bc.jpg,https://cdn2.marondahomes.com/assets/moveinready-photos/3/AV6116/3-AV6116-ORG-69dcfbbe747b1.jpg,https://cdn2.marondahomes.com/assets/moveinready-photos/3/AV6116/3-AV6116-ORG-69dcfbc55797f.jpg,https://cdn2.marondahomes.com/assets/moveinready-photos/3/AV6116/3-AV6116-ORG-69dcfbca55def.jpg,https://cdn2.marondahomes.com/assets/moveinready-photos/3/AV6116/3-AV6116-LRG-69dcfb872df4b.jpg"
https://www.marondahomes.com/fl/punta-gorda/burnt-store-village-33955/job-7bv25416.html,,Burnt Store Village,,,"25416 Jubal St, Punta Gorda, FL 33955",Punta Gorda,FL,33955,Charlotte County,Sun: 12:00 PM-6:00 PM | Mon: 12:00 PM-6:00 PM | Tue: 10:00 AM-6:00 PM | Wed: 10:00 AM-6:00 PM | Thu: 10:00 AM-6:00 PM | Fri: 10:00 AM-6:00 PM | Sat: 10:00 AM-6:00 PM,863-591-5670,https://www.marondahomes.com/,,Maronda Homes,SFD,,,,Y,2,,Y,Dining | Golf,,"Introducing Burnt Store Village, featuring single-family homes on your homesite or ours, located in Punta Gorda. Schedule an appointment today!",,,,,,,,,,,,,,,,,,,,,,,,Willow,"With over 2,000 square feet of living space, the practical design of The Willow makes it an ideal home for any family. The minimalist front of the house offers a garage on the far right and the front door towards the right. There are two different elevations of the home, which the buyer can choose. Enter the front door to see the long entry hall. To your immediate right is a flex space which is often used as an office or a dining room. Turn to the right, and you’ll see the first bedroom. If you continue down the hall, you’ll be met with the center of your home: The kitchen boasts a walk-in pantry and an island with a sink. This open-concept floorplan means the family room and kitchen are joined spaces, perfect for multi-tasking parents. Cook dinner while watching the kids play video games on the sofa! Also located on the first floor is a second bedroom, a double-sink bathroom, a laundry room, and finally, the spectacular master bedroom. This Master suite boasts two walk-in closets, a double vanity bathroom, and a walk-in shower.",4,2,,,Garage,,2,2052,2066,349900,369900,,,,,,"https://cdn2.marondahomes.com/assets/moveinready-photos/44/7BV25416/44-7BV25416-ORG-698a3f5ece986.png,https://cdn2.marondahomes.com/assets/moveinready-photos/44/7BV25416/44-7BV25416-ORG-697d1fb263f8c.jpeg,https://cdn2.marondahomes.com/assets/moveinready-photos/44/7BV25416/44-7BV25416-ORG-697d1fab3a5ab.jpeg,https://cdn2.marondahomes.com/assets/moveinready-photos/44/7BV25416/44-7BV25416-ORG-697d1f9534da4.jpeg,https://cdn2.marondahomes.com/assets/moveinready-photos/44/7BV25416/44-7BV25416-ORG-697d1fa2f03bc.jpeg,https://cdn2.marondahomes.com/assets/moveinready-photos/44/7BV25416/44-7BV25416-LRG-698a3f5ece986.jpg,https://cdn2.marondahomes.com/assets/moveinready-photos/44/7G123780/44-7G123780-LRG-6977c65f5feb0.jpg"
https://www.marondahomes.com/fl/punta-gorda/burnt-store-village-33955/job-7bv02339.html,,Burnt Store Village,,,"25408 Jubal Street, Punta Gorda, FL 33955",Punta Gorda,FL,33955,Charlotte County,Sun: 12:00 PM-6:00 PM | Mon: 12:00 PM-6:00 PM | Tue: 10:00 AM-6:00 PM | Wed: 10:00 AM-6:00 PM | Thu: 10:00 AM-6:00 PM | Fri: 10:00 AM-6:00 PM | Sat: 10:00 AM-6:00 PM,863-591-5670,https://www.marondahomes.com/,,Maronda Homes,SFD,,,,Y,2,,Y,Dining | Golf,,"Introducing Burnt Store Village, featuring single-family homes on your homesite or ours, located in Punta Gorda. Schedule an appointment today!",,,,,,,,,,,,,,,,,,,,,,,,Melody,,3,2,,,Garage,,2,2066,2066,369900,369900,,,,,,"https://cdn2.marondahomes.com/assets/moveinready-photos/44/7BV02339/44-7BV02339-ORG-698a43d3c24aa.png,https://cdn2.marondahomes.com/assets/moveinready-photos/44/7BV02339/44-7BV02339-ORG-699c95acca608.jpeg,https://cdn2.marondahomes.com/assets/moveinready-photos/44/7BV02339/44-7BV02339-ORG-699c9664300df.jpeg,https://cdn2.marondahomes.com/assets/moveinready-photos/44/7BV02339/44-7BV02339-ORG-697d20350f9de.jpeg,https://cdn2.marondahomes.com/assets/moveinready-photos/44/7BV02339/44-7BV02339-ORG-697d20258f04f.jpeg,https://cdn2.marondahomes.com/assets/moveinready-photos/44/7BV02339/44-7BV02339-ORG-697d202d116da.jpeg,https://cdn2.marondahomes.com/assets/moveinready-photos/44/7BV02339/44-7BV02339-ORG-697d203c75e16.jpeg,https://cdn2.marondahomes.com/assets/moveinready-photos/44/7BV02339/44-7BV02339-ORG-699c958cb5e71.jpeg,https://cdn2.marondahomes.com/assets/moveinready-photos/44/7BV02339/44-7BV02339-ORG-699c95967592c.jpeg,https://cdn2.marondahomes.com/assets/moveinready-photos/44/7BV02339/44-7BV02339-ORG-699c959d8ade4.jpeg,https://cdn2.marondahomes.com/assets/moveinready-photos/44/7BV02339/44-7BV02339-ORG-699c95a57c6f7.jpeg,https://cdn2.marondahomes.com/assets/moveinready-photos/44/7BV02339/44-7BV02339-ORG-697d201ddecf0.jpeg,https://cdn2.marondahomes.com/assets/moveinready-photos/44/7BV02339/44-7BV02339-ORG-699c9604372ec.jpeg,https://cdn2.marondahomes.com/assets/moveinready-photos/44/7BV02339/44-7BV02339-ORG-699c95b97d577.jpeg,https://cdn2.marondahomes.com/assets/moveinready-photos/44/7BV02339/44-7BV02339-ORG-699c95ead62c6.jpeg,https://cdn2.marondahomes.com/assets/moveinready-photos/44/7BV02339/44-7BV02339-ORG-699c95f1eaf03.jpeg,https://cdn2.marondahomes.com/assets/moveinready-photos/44/7BV02339/44-7BV02339-ORG-699c960b36dc2.jpeg,https://cdn2.marondahomes.com/assets/moveinready-photos/44/7BV02339/44-7BV02339-ORG-699c9611d0359.jpeg,https://cdn2.marondahomes.com/assets/moveinready-photos/44/7BV02339/44-7BV02339-ORG-699c961922a56.jpeg,https://cdn2.marondahomes.com/assets/moveinready-photos/44/7BV02339/44-7BV02339-ORG-699c9622324d7.jpeg,https://cdn2.marondahomes.com/assets/moveinready-photos/44/7BV02339/44-7BV02339-ORG-699c966eed046.jpeg,https://cdn2.marondahomes.com/assets/moveinready-photos/44/7BV02339/44-7BV02339-ORG-699c967556b9d.jpeg,https://cdn2.marondahomes.com/assets/moveinready-photos/44/7BV05318/44-7BV05318-LRG-674e0c7a52e92.jpg,https://cdn2.marondahomes.com/assets/moveinready-photos/44/7BV02339/44-7BV02339-LRG-698a43d3c24aa.jpg,https://cdn2.marondahomes.com/assets/moveinready-photos/44/7K120871/44-7K120871-LRG-6939aeec2aa34.jpg"
https://www.marondahomes.com/fl/plant-city/bella-estates-33565/job-7be05401.html,,Bella Estates,,,"3926 Vino Tinto, Plant City, FL 33565",Plant City,FL,33565,Hillsborough County,Sun: Appointments Only | Mon: Appointments Only | Tue: Appointments Only | Wed: Appointments Only | Thu: Appointments Only | Fri: Appointments Only | Sat: Appointments Only,863-591-6631,https://www.marondahomes.com/,,Maronda Homes,SFD,Y,,,Y,3,,Y,Shopping | Dining | Parks,,"Welcome home to Bella Estates, the only new homes in a community with half-acre homesites in Plant City. Now selling - schedule your tour today!",,,,,,,,,,,,,,,,,,,,,,,,Venice,,4,3,,,Garage,,3,2677,3579,620300,620300,,,,,,
https://www.marondahomes.com/fl/satellite-beach/the-vue-32937/job-3vu0020b.html,,The Vue,,,"608 Hightower Ave, Satellite Beach, FL 32937",Satellite Beach,FL,32937,Brevard County,Sun: 12:00 PM-6:00 PM | Mon: 12:00 PM-6:00 PM | Tue: 10:00 AM-6:00 PM | Wed: 10:00 AM-6:00 PM | Thu: 10:00 AM-6:00 PM | Fri: 10:00 AM-6:00 PM | Sat: 10:00 AM-6:00 PM,321-364-4192,https://www.marondahomes.com/,,Maronda Homes,SFD,Y,,,Y,2,,Y,Shopping | Dining | Parks | Golf | Fitness | Hospitals,,"Introducing The Vue! The only new-construction, beachside community in the area. Located just 800 feet from Hightower Beach, this community offers elegance and privacy for those who are seeking a luxurious, laid-back beach lifestyle. Take advantage of the limited opportunities to enjoy this perfect combination of luxury, convenience, and fun! Tour our model home today.",,,,,,,,,,,,,,,,,,,,,,,,Atlantis,,4,2,,,Garage,,2,2154,3714,794900,794900,,,,,,
https://www.marondahomes.com/pa/imperial/canterbury-woods-townhomes-15126/job-cat214e.html,,Canterbury Woods,,,"1802 Canterbury Drive, Imperial, PA 15126",Imperial,PA,15126,Allegheny County,Sun: 12:00 PM-6:00 PM | Mon: 10:00 AM-6:00 PM | Tue: 10:00 AM-6:00 PM | Wed: 12:00 PM-6:00 PM | Thu: Appointments Only | Fri: Appointments Only | Sat: 10:00 AM-6:00 PM,412-838-3818,https://www.marondahomes.com/,,Maronda Homes,SFA,Y,,,Y,2,,Y,Shopping | Dining | Parks | Golf | Fitness | Hospitals,,"Welcome home to Canterbury Woods, the only new construction community in Imperial – North Fayette with the lowest HOA in the area. Enjoy thoughtfully designed townhomes with included luxury finishes and a convenient location near the West Allegheny School District. New homesites now selling!",,,,,,,,,,,,,,,,,,,,,,,,St Monica,,3,2,1,,Garage,,2,1699,1991,342290,351265,,,,,,
https://www.marondahomes.com/fl/lakeland/oak-creek-preserve-townhomes-33803/job-7oc11324.html,,Oak Creek Preserve,,,"3592 Summit View Way, Lakeland, FL 33803",Lakeland,FL,33803,Polk County,Sun: 12:00 PM-6:00 PM | Mon: 12:00 PM-6:00 PM | Tue: 10:00 AM-6:00 PM | Wed: 10:00 AM-6:00 PM | Thu: 10:00 AM-6:00 PM | Fri: 10:00 AM-6:00 PM | Sat: 10:00 AM-6:00 PM,863-591-6631,https://www.marondahomes.com/,,Maronda Homes,SFA,Y,,,Y,1,,Y,Shopping | Dining | Parks | Golf | Fitness | Hospitals,,"Introducing Oak Creek Preserve, the only new townhome community offering 3 bedroom, 2.5 bath, and 1 car oversized garages in Lakeland, Florida. Visit us at our model home today!",,,,,,,,,,,,,,,,,,,,,,,,St. Augustine,,3,2,1,,Garage,,1,1674,1694,274900,350000,,,,,,
https://www.marondahomes.com/fl/port-st-lucie/port-st-lucie-34983/job-51161539.html,,Port St. Lucie,,,"2017 Se Parrot St, Port St Lucie, FL 34952",Port St Lucie,FL,34952,St. Lucie County,Sun: 12:00 PM-6:00 PM | Mon: 12:00 PM-6:00 PM | Tue: 10:00 AM-6:00 PM | Wed: 10:00 AM-6:00 PM | Thu: 10:00 AM-6:00 PM | Fri: 10:00 AM-6:00 PM | Sat: 10:00 AM-6:00 PM,,https://www.marondahomes.com/,,Maronda Homes,SFD,Y,,,Y,2,,Y,Shopping | Dining | Parks | Golf | Fitness | Hospitals,,"Port St. Lucie offers single-family homes with no HOA fees — built on your homesite or ours. Experience the best price and most personalized options for new homes in Port St. Lucie, FL. Schedule your visit today!",,,,,,,,,,,,,,,,,,,,,,,,Harmony,,4,3,,,Garage,,2,2471,4075,554900,559900,,,,,,https://cdn2.marondahomes.com/assets/moveinready-photos/42/51080570/42-51080570-LRG-698f73024bfa9.jpg
https://www.marondahomes.com/wv/inwood/south-brook-single-family-25428/job-sk022701.html,,South Brook Single Family,,,"204 Grayling Road, Inwood, WV 25428",Inwood,WV,25428,Berkeley County,Sun: 12:00 PM-5:00 PM | Mon: 10:00 AM-5:00 PM | Tue: 10:00 AM-5:00 PM | Wed: 10:00 AM-5:00 PM | Thu: 10:00 AM-5:00 PM | Fri: 10:00 AM-5:00 PM | Sat: 11:00 AM-5:00 PM,304-427-5518,https://www.marondahomes.com/,,Maronda Homes,SFD,Y,,,Y,2,,Y,Shopping | Dining | Parks | Fitness,,"Introducing South Brook, a new construction single-family home community in Inwood, with easy access to nearby cities. Schedule an appointment to view our model home today!",,,,,,,,,,,,,,,,,,,,,,,,Lily,,3,2,,,Garage,,2,1368,3292,373730,498200,,,,,,
https://www.marondahomes.com/va/bealeton/bowens-run-22712/job-bo00201.html,,Bowens Run,,,"3016 Bowens Run Road, Bealeton, VA 22712",Bealeton,VA,22712,Fauquier County,Sun: 12:00 PM-5:00 PM | Mon: 10:00 AM-5:00 PM | Tue: 10:00 AM-5:00 PM | Wed: 10:00 AM-5:00 PM | Thu: 10:00 AM-5:00 PM | Fri: 10:00 AM-5:00 PM | Sat: 11:00 AM-5:00 PM,571-322-8831,https://www.marondahomes.com/,,Maronda Homes,SFD,Y,,,Y,2,,Y,Shopping | Dining | Parks | Fitness | Hospitals,,"Bowens Run features the only new homes on ½ acre homesites in Bealeton with easy access to Routes 17, 28, and 29. Now selling - schedule your visit to tour our model home today!",,,,,,,,,,,,,,,,,,,,,,,,Drexel,,3,2,,,Garage,,2,1954,3614,739990,819990,,,,,,
https://www.marondahomes.com/pa/imperial/canterbury-woods-townhomes-15126/job-cat214b.html,,Canterbury Woods,,,"1808 Canterbury Drive, Imperial, PA 15126",Imperial,PA,15126,Allegheny County,Sun: 12:00 PM-6:00 PM | Mon: 10:00 AM-6:00 PM | Tue: 10:00 AM-6:00 PM | Wed: 12:00 PM-6:00 PM | Thu: Appointments Only | Fri: Appointments Only | Sat: 10:00 AM-6:00 PM,412-838-3818,https://www.marondahomes.com/,,Maronda Homes,SFA,Y,,,Y,2,,Y,Shopping | Dining | Parks | Golf | Fitness | Hospitals,,"Welcome home to Canterbury Woods, the only new construction community in Imperial – North Fayette with the lowest HOA in the area. Enjoy thoughtfully designed townhomes with included luxury finishes and a convenient location near the West Allegheny School District. New homesites now selling!",,,,,,,,,,,,,,,,,,,,,,,,St Monica,,3,2,1,,Garage,,2,1699,1991,319990,351265,,,,,,
https://www.marondahomes.com/fl/sebastian/sebastian-highlands-32958/job-52040150.html,,Sebastian Highlands,,,"972 Seneca Ave, Sebastian, FL 32958",Sebastian,FL,32958,Indian River County,Sun: 12:00 PM-6:00 PM | Mon: 12:00 PM-6:00 PM | Tue: 10:00 AM-6:00 PM | Wed: 10:00 AM-6:00 PM | Thu: 10:00 AM-6:00 PM | Fri: 10:00 AM-6:00 PM | Sat: 10:00 AM-6:00 PM,321-364-4192,https://www.marondahomes.com/,,Maronda Homes,SFD,Y,,,Y,2,,Y,Shopping | Dining | Parks | Golf | Fitness | Hospitals,,"Introducing Sebastian Highlands, featuring the best value and variety of floor plans with no HOA. Located along the Indian River just minutes from the Atlantic Ocean. Schedule your personalized appointment today to learn more!",,,,,,,,,,,,,,,,,,,,,,,,Maple,,4,2,,,Garage,,2,1876,2435,397900,397900,,,,,,
https://www.marondahomes.com/fl/palm-coast/enclave-at-seminole-palms-32164/job-9es08101.html,,Enclave At Seminole Palms,,,"74 Enclave Ave, Palm Coast, FL 32164",Palm Coast,FL,32164,Flagler County,Sun: 12:00 PM-6:00 PM | Mon: 12:00 PM-6:00 PM | Tue: 10:00 AM-6:00 PM | Wed: 10:00 AM-6:00 PM | Thu: 10:00 AM-6:00 PM | Fri: 10:00 AM-6:00 PM | Sat: 10:00 AM-6:00 PM,904-606-8849,https://www.marondahomes.com/,,Maronda Homes,SFD,Y,,,Y,2,,Y,Shopping | Dining | Parks | Golf | Fitness | Hospitals,,"Introducing Enclave at Seminole Palms—the only new single-family homes with block construction in an amenity-rich community, just 10 minutes from Flagler Beach. Make it yours with our design selections. Schedule a visit to our model home today!",,,,,,,,,,,,,,,,,,,,,,,,Ashton,,3,2,,,Garage,,2,1760,3662,369900,419900,,,,,,"https://cdn2.marondahomes.com/assets/moveinready-photos/43/9ES08101/43-9ES08101-ORG-69ea5a6dbd178.jpeg,https://cdn2.marondahomes.com/assets/moveinready-photos/43/9ES08101/43-9ES08101-LRG-69ea5a6dbd178.jpg"
https://www.marondahomes.com/fl/edgewater/coastal-communities-32141/job-2cc030po.html,,Coastal Communities,,,"107 Eddy Ln Port Orange, Edgewater, FL 32129",Edgewater,FL,32129,Volusia County,Sun: 12:00 PM-6:00 PM | Mon: 12:00 PM-6:00 PM | Tue: 10:00 AM-6:00 PM | Wed: 10:00 AM-6:00 PM | Thu: 10:00 AM-6:00 PM | Fri: 10:00 AM-6:00 PM | Sat: 10:00 AM-6:00 PM,407-305-7632,https://www.marondahomes.com/,,Maronda Homes,,,,,Y,3,,Y,Shopping | Dining | Parks | Fitness | Hospitals,,Maronda Homes is the only builder offering a unique selling experience throughout the Florida East Coast from Ormond Beach to Edgewater. Select and personalize your perfect coastal home - on individual homesites with no HOAs. Visit our New Home Storefront today to view available floor plans and options!,,,,,,,,,,,,,,,,,,,,,,,,Harmony,,4,3,,,Garage,,3,2471,,569990,350000,,,,,,"https://cdn2.marondahomes.com/assets/moveinready-photos/41/2CC030PO/41-2CC030PO-ORG-69b2d6e37687d.jpg,https://cdn2.marondahomes.com/assets/moveinready-photos/41/2CC030PO/41-2CC030PO-ORG-69a86f4316c9d.jpg,https://cdn2.marondahomes.com/assets/moveinready-photos/41/2CC030PO/41-2CC030PO-ORG-69bac9e6b89cc.png,https://cdn2.marondahomes.com/assets/moveinready-photos/41/2CC030PO/41-2CC030PO-ORG-69bac9f22dd7f.png,https://cdn2.marondahomes.com/assets/moveinready-photos/41/2CC030PO/41-2CC030PO-ORG-69bac9fbb94b5.png,https://cdn2.marondahomes.com/assets/moveinready-photos/41/2CC030PO/41-2CC030PO-ORG-69baca142605d.png,https://cdn2.marondahomes.com/assets/moveinready-photos/41/2CC030PO/41-2CC030PO-LRG-69b2d6e37687d.jpg,https://cdn2.marondahomes.com/assets/moveinready-photos/41/2HO22902/41-2HO22902-LRG-69407cc6f100c.jpg"
https://www.marondahomes.com/ga/st-marys/winding-river-31558/job-8wr49702.html,,Winding River,,,"204 Savannah Way St. Marys, St Marys, GA 31558",St Marys,GA,31558,Camden County,Sun: 12:00 PM-6:00 PM | Mon: 12:00 PM-6:00 PM | Tue: 10:00 AM-6:00 PM | Wed: 10:00 AM-6:00 PM | Thu: 10:00 AM-6:00 PM | Fri: 10:00 AM-6:00 PM | Sat: 10:00 AM-6:00 PM,912-689-1670,https://www.marondahomes.com/,,Maronda Homes,SFD,Y,,,Y,3,,Y,Shopping | Dining | Parks | Golf | Fitness | Hospitals,,"Welcome to Winding River, featuring the lowest-priced new construction homes in the Winding Bridge enclave. Perfectly situated just 2.4 miles from Kings Bay Naval Submarine Base, Winding River offers a premier location for those seeking a coastal lifestyle with small-town charm. Schedule your personalized visit today to learn more!",,,,,,,,,,,,,,,,,,,,,,,,Naples,,4,3,,,Garage,,3,2434,3579,399900,409900,,,,,,"https://cdn2.marondahomes.com/assets/moveinready-photos/45/8WR49702/45-8WR49702-ORG-69ea437c5605c.jpeg,https://cdn2.marondahomes.com/assets/moveinready-photos/45/8WR49702/45-8WR49702-ORG-69ea43815b64e.jpeg,https://cdn2.marondahomes.com/assets/moveinready-photos/45/8WR49702/45-8WR49702-ORG-69ea4388a813d.jpeg,https://cdn2.marondahomes.com/assets/moveinready-photos/45/8WR49702/45-8WR49702-ORG-69ea438d379e5.jpeg,https://cdn2.marondahomes.com/assets/moveinready-photos/45/8WR49702/45-8WR49702-ORG-69ea439bba6e3.jpeg,https://cdn2.marondahomes.com/assets/moveinready-photos/45/8WR49702/45-8WR49702-ORG-69ea43a05a9ed.jpeg,https://cdn2.marondahomes.com/assets/moveinready-photos/45/8WR49702/45-8WR49702-ORG-69ea43a5c67c0.jpeg,https://cdn2.marondahomes.com/assets/moveinready-photos/45/8WR49702/45-8WR49702-ORG-69ea43ab4a66e.jpeg,https://cdn2.marondahomes.com/assets/moveinready-photos/45/8WR49702/45-8WR49702-ORG-69ea43af9c573.jpeg,https://cdn2.marondahomes.com/assets/moveinready-photos/45/8WR49702/45-8WR49702-LRG-69ea437c5605c.jpg"
https://www.marondahomes.com/ga/st-marys/winding-river-31558/job-8wr49602.html,,Winding River,,,"202 Savannah Way St. Marys, St Marys, GA 31558",St Marys,GA,31558,Camden County,Sun: 12:00 PM-6:00 PM | Mon: 12:00 PM-6:00 PM | Tue: 10:00 AM-6:00 PM | Wed: 10:00 AM-6:00 PM | Thu: 10:00 AM-6:00 PM | Fri: 10:00 AM-6:00 PM | Sat: 10:00 AM-6:00 PM,912-689-1670,https://www.marondahomes.com/,,Maronda Homes,SFD,Y,,,Y,3,,Y,Shopping | Dining | Parks | Golf | Fitness | Hospitals,,"Welcome to Winding River, featuring the lowest-priced new construction homes in the Winding Bridge enclave. Perfectly situated just 2.4 miles from Kings Bay Naval Submarine Base, Winding River offers a premier location for those seeking a coastal lifestyle with small-town charm. Schedule your personalized visit today to learn more!",,,,,,,,,,,,,,,,,,,,,,,,Venice,"Welcome to this beautifully designed home in the highly sought-after Winding River community of St Marys. This stunning single-story Venice Floor Plan layout features a bright, open living area that flows effortlessly into a spacious kitchen and dining space-perfect for entertaining, gathering, and everyday comfort. Oversized windows bring in natural light, creating a warm and inviting atmosphere throughout. The split-bedroom design offers privacy with a luxurious owner's suite tucked away on one side of the home, complete with a large walk-in closet and a relaxing ensuite bath. On the opposite side, generously sized secondary bedrooms provide ideal spaces for family, guests, or a home office. A flex room near the entry makes a perfect study, playroom, or additional living zone. Enjoy outdoor living on the covered back patio overlooking your backyard-ready for grilling, quiet mornings, or afternoon relaxation. The home also features a wide foyer, ample storage, and an oversized garage. Located in Winding River, residents enjoy a peaceful coastal lifestyle with beautiful community amenities, tree-lined streets, and convenient access to Kings Bay Naval Base, I-95, shopping, dining...",4,3,,,Garage,,3,2675,3579,409900,409900,,,,,,"https://cdn2.marondahomes.com/assets/moveinready-photos/45/8WR49602/45-8WR49602-ORG-69ea4315345da.jpeg,https://cdn2.marondahomes.com/assets/moveinready-photos/45/8WR49602/45-8WR49602-ORG-69ea4349a4359.jpeg,https://cdn2.marondahomes.com/assets/moveinready-photos/45/8WR49602/45-8WR49602-ORG-69ea431e4a634.jpeg,https://cdn2.marondahomes.com/assets/moveinready-photos/45/8WR49602/45-8WR49602-ORG-69ea4323070b1.jpeg,https://cdn2.marondahomes.com/assets/moveinready-photos/45/8WR49602/45-8WR49602-ORG-69ea4331a27d4.jpeg,https://cdn2.marondahomes.com/assets/moveinready-photos/45/8WR49602/45-8WR49602-ORG-69ea4319ef4d3.jpeg,https://cdn2.marondahomes.com/assets/moveinready-photos/45/8WR49602/45-8WR49602-ORG-69ea433ec43fd.jpeg,https://cdn2.marondahomes.com/assets/moveinready-photos/45/8WR49602/45-8WR49602-ORG-69ea4327afbc0.jpeg,https://cdn2.marondahomes.com/assets/moveinready-photos/45/8WR49602/45-8WR49602-ORG-69ea432cebf68.jpeg,https://cdn2.marondahomes.com/assets/moveinready-photos/45/8WR49602/45-8WR49602-ORG-69ea4344318a4.jpeg,https://cdn2.marondahomes.com/assets/moveinready-photos/45/8WR49602/45-8WR49602-LRG-69ea4315345da.jpg"
https://www.marondahomes.com/va/luray/luray-landing-villas-townhomes-22835/job-llv13801.html,,Luray Landing Villas,,,"340 Caterpillar Dr, Luray, VA 22835",Luray,VA,22835,Page County,Sun: 12:00 PM-5:00 PM | Mon: 10:00 AM-5:00 PM | Tue: 10:00 AM-5:00 PM | Wed: 10:00 AM-5:00 PM | Thu: Closed | Fri: Closed | Sat: 11:00 AM-5:00 PM,571-322-8831,https://www.marondahomes.com/,,Maronda Homes,SFA,Y,,,Y,2,,Y,Shopping | Dining | Parks | Golf | Fitness | Hospitals,,"Luray Landing Villas offer stylish main-level living designed for today’s lifestyle, with a chef-inspired kitchen, a spacious 2-car garage, and a backyard that’s ideal for pets, friends, and entertaining. Schedule your visit today!",,,,,,,,,,,,,,,,,,,,,,,,St. Ashley,,2,2,,,Garage,,2,1494,1510,315545,350000,,,,,,
https://www.marondahomes.com/oh/springboro/clearview-crossing-45066/job-cvc033.html,,Clearview Crossing,,,"130 Magnolia Lane, Springboro, OH 45066",Springboro,OH,45066,Warren County,Sun: 12:00 PM-6:00 PM | Mon: 10:00 AM-6:00 PM | Tue: 10:00 AM-6:00 PM | Wed: 12:00 PM-6:00 PM | Thu: 10:00 AM-6:00 PM | Fri: 10:00 AM-6:00 PM | Sat: 10:00 AM-6:00 PM,937-787-5154,https://www.marondahomes.com/,,Maronda Homes,SFD,Y,,,Y,2,,Y,Shopping | Dining | Parks | Golf | Fitness | Hospitals,,"Introducing Clearview Crossing, the lowest price for a brand-new home in Springboro, OH. Enjoy low-maintenance living and rest easy knowing your new home is backed by Maronda's extensive warranty. Schedule your visit today!",,,,,,,,,,,,,,,,,,,,,,,,Somerset,,3,2,1,,Garage,,2,2380,3789,529990,529990,,,,,,
https://www.marondahomes.com/fl/pensacola/seminole-bend-32526/job-4sb00135.html,,Seminole Bend,,,"10765 Lucie Court, Pensacola, FL 32526",Pensacola,FL,32526,Escambia County,Sun: 12:00 PM-6:00 PM | Mon: 10:00 AM-6:00 PM | Tue: 10:00 AM-6:00 PM | Wed: 12:00 PM-6:00 PM | Thu: 10:00 AM-6:00 PM | Fri: 10:00 AM-6:00 PM | Sat: 10:00 AM-6:00 PM,850-970-7435,https://www.marondahomes.com/,,Maronda Homes,SFD,Y,,,Y,2,,Y,Shopping | Dining | Parks | Fitness | Hospitals,,"Introducing Seminole Bend, the only new community without back-to-back neighbors and only 3 miles to the Navy Federal Credit Union. Now selling - schedule a tour of our model home today!",,,,,,,,,,,,,,,,,,,,,,,,Carlisle,,4,2,1,,Garage,,2,2802,3662,482180,482180,,,,,,"https://cdn2.marondahomes.com/assets/moveinready-photos/49/4SB00135/49-4SB00135-ORG-69e0fb2f99395.png,https://cdn2.marondahomes.com/assets/moveinready-photos/49/4SB00135/49-4SB00135-ORG-69e0fb3441f1f.png,https://cdn2.marondahomes.com/assets/moveinready-photos/49/4SB00135/49-4SB00135-ORG-69e0fad4f0ceb.png,https://cdn2.marondahomes.com/assets/moveinready-photos/49/4SB00135/49-4SB00135-ORG-69e0fac49a57b.png,https://cdn2.marondahomes.com/assets/moveinready-photos/49/4SB00135/49-4SB00135-ORG-69e0fad0098c2.png,https://cdn2.marondahomes.com/assets/moveinready-photos/49/4SB00135/49-4SB00135-ORG-69e0faf800b82.png,https://cdn2.marondahomes.com/assets/moveinready-photos/49/4SB00135/49-4SB00135-ORG-69e0fad9c3020.png,https://cdn2.marondahomes.com/assets/moveinready-photos/49/4SB00135/49-4SB00135-ORG-69e0fab8c617f.png,https://cdn2.marondahomes.com/assets/moveinready-photos/49/4SB00135/49-4SB00135-ORG-69e0fafd3155b.png,https://cdn2.marondahomes.com/assets/moveinready-photos/49/4SB00135/49-4SB00135-ORG-69e0fb047254a.png,https://cdn2.marondahomes.com/assets/moveinready-photos/49/4SB00135/49-4SB00135-ORG-69e0fabe95cd7.png,https://cdn2.marondahomes.com/assets/moveinready-photos/49/4SB00135/49-4SB00135-ORG-69e0faca40d15.png,https://cdn2.marondahomes.com/assets/moveinready-photos/49/4SB00135/49-4SB00135-ORG-69e0fae9421ee.png,https://cdn2.marondahomes.com/assets/moveinready-photos/49/4SB00135/49-4SB00135-ORG-69e0faf06b629.png,https://cdn2.marondahomes.com/assets/moveinready-photos/49/4SB00135/49-4SB00135-ORG-69e0fb199d47d.png,https://cdn2.marondahomes.com/assets/moveinready-photos/49/4SB00135/49-4SB00135-ORG-69e0fb1ea4541.png,https://cdn2.marondahomes.com/assets/moveinready-photos/49/4SB00135/49-4SB00135-ORG-69e0fb2b0a98e.png,https://cdn2.marondahomes.com/assets/moveinready-photos/49/4SB00135/49-4SB00135-ORG-69e0fb39c52b4.png,https://cdn2.marondahomes.com/assets/moveinready-photos/49/4SB00135/49-4SB00135-ORG-69e0fb3e26d4f.png,https://cdn2.marondahomes.com/assets/moveinready-photos/49/4SB00135/49-4SB00135-ORG-69e0fadfd8f03.png,https://cdn2.marondahomes.com/assets/moveinready-photos/49/4SB00135/49-4SB00135-ORG-69e0fb0b23b0d.png,https://cdn2.marondahomes.com/assets/moveinready-photos/49/4SB00135/49-4SB00135-ORG-69e0fb25bbc53.png,https://cdn2.marondahomes.com/assets/moveinready-photos/49/4SB00135/49-4SB00135-LRG-69e0fb2f99395.jpg"
https://www.marondahomes.com/pa/sarver/ridgeview-estates-townhomes-16055/job-ret216.html,,Ridgeview Estates,,,"107 Blue Bird Ln, Sarver, PA 16055",Sarver,PA,16055,Butler County,,412-838-3818,https://www.marondahomes.com/,,Maronda Homes,SFA,,,,Y,2,,Y,Shopping | Dining | Parks | Golf | Fitness | Hospitals,,"Introducing Ridgeview Estates, the best price for a brand-new townhome just minutes from Freeport Area School District. Community closeout - final opportunities remaining. Schedule your tour today!",,,,,,,,,,,,,,,,,,,,,,,,St Isaac,,3,2,1,,Garage,,2,2031,2031,319990,350000,,,,,,"https://cdn2.marondahomes.com/assets/moveinready-photos/3/RET216/3-RET216-ORG-69d6adee55487.jpg,https://cdn2.marondahomes.com/assets/moveinready-photos/3/RET216/3-RET216-ORG-69d6ade6bc7e3.jpg,https://cdn2.marondahomes.com/assets/moveinready-photos/3/RET216/3-RET216-ORG-69d6adea9ac5d.jpg,https://cdn2.marondahomes.com/assets/moveinready-photos/3/RET216/3-RET216-ORG-69d6adfbae494.jpg,https://cdn2.marondahomes.com/assets/moveinready-photos/3/RET216/3-RET216-ORG-69d6adf7a3c53.jpg,https://cdn2.marondahomes.com/assets/moveinready-photos/3/RET216/3-RET216-ORG-69d6ae032f66d.jpg,https://cdn2.marondahomes.com/assets/moveinready-photos/3/RET216/3-RET216-ORG-69d6adff01b8c.jpg,https://cdn2.marondahomes.com/assets/moveinready-photos/3/RET216/3-RET216-ORG-69d6ae07f0637.jpg,https://cdn2.marondahomes.com/assets/moveinready-photos/3/RET216/3-RET216-ORG-69d6adf34a56e.jpg,https://cdn2.marondahomes.com/assets/moveinready-photos/3/RET216/3-RET216-ORG-69d6ae0d9cc81.jpg,https://cdn2.marondahomes.com/assets/moveinready-photos/3/RET215/3-RET215-LRG-69d6ae513ad7c.jpg,https://cdn2.marondahomes.com/assets/moveinready-photos/3/RET216/3-RET216-LRG-69d6adee55487.jpg,https://cdn2.marondahomes.com/assets/moveinready-photos/3/RET217/3-RET217-LRG-69d6aec79ff61.jpg,https://cdn2.marondahomes.com/assets/moveinready-photos/3/RET219/3-RET219-LRG-69d6af08172b2.jpg"
https://www.marondahomes.com/pa/sarver/ridgeview-estates-townhomes-16055/job-ret217.html,,Ridgeview Estates,,,"105 Blue Bird Ln, Sarver, PA 16055",Sarver,PA,16055,Butler County,,412-838-3818,https://www.marondahomes.com/,,Maronda Homes,SFA,,,,Y,2,,Y,Shopping | Dining | Parks | Golf | Fitness | Hospitals,,"Introducing Ridgeview Estates, the best price for a brand-new townhome just minutes from Freeport Area School District. Community closeout - final opportunities remaining. Schedule your tour today!",,,,,,,,,,,,,,,,,,,,,,,,St Isaac,,3,2,1,,Garage,,2,2031,2031,324990,350000,,,,,,"https://cdn2.marondahomes.com/assets/moveinready-photos/3/RET217/3-RET217-ORG-69d6aec79ff61.jpg,https://cdn2.marondahomes.com/assets/moveinready-photos/3/RET217/3-RET217-ORG-69d6aeb7e2db2.jpg,https://cdn2.marondahomes.com/assets/moveinready-photos/3/RET217/3-RET217-ORG-69d6aea3b294c.jpg,https://cdn2.marondahomes.com/assets/moveinready-photos/3/RET217/3-RET217-ORG-69d6aebbbe889.jpg,https://cdn2.marondahomes.com/assets/moveinready-photos/3/RET217/3-RET217-ORG-69d6aeabf3b91.jpg,https://cdn2.marondahomes.com/assets/moveinready-photos/3/RET217/3-RET217-ORG-69d6aebf9eb9d.jpg,https://cdn2.marondahomes.com/assets/moveinready-photos/3/RET217/3-RET217-ORG-69d6aea754d6e.jpg,https://cdn2.marondahomes.com/assets/moveinready-photos/3/RET217/3-RET217-ORG-69d6aeb46d855.jpg,https://cdn2.marondahomes.com/assets/moveinready-photos/3/RET217/3-RET217-ORG-69d6aeb0c78fe.jpg,https://cdn2.marondahomes.com/assets/moveinready-photos/3/RET217/3-RET217-ORG-69d6aec37221c.jpg,https://cdn2.marondahomes.com/assets/moveinready-photos/3/RET215/3-RET215-LRG-69d6ae513ad7c.jpg,https://cdn2.marondahomes.com/assets/moveinready-photos/3/RET216/3-RET216-LRG-69d6adee55487.jpg,https://cdn2.marondahomes.com/assets/moveinready-photos/3/RET217/3-RET217-LRG-69d6aec79ff61.jpg,https://cdn2.marondahomes.com/assets/moveinready-photos/3/RET219/3-RET219-LRG-69d6af08172b2.jpg"
https://www.marondahomes.com/pa/sarver/ridgeview-estates-townhomes-16055/job-ret215.html,,Ridgeview Estates,,,"109 Blue Bird Ln, Sarver, PA 16055",Sarver,PA,16055,Butler County,,412-838-3818,https://www.marondahomes.com/,,Maronda Homes,SFA,,,,Y,2,,Y,Shopping | Dining | Parks | Golf | Fitness | Hospitals,,"Introducing Ridgeview Estates, the best price for a brand-new townhome just minutes from Freeport Area School District. Community closeout - final opportunities remaining. Schedule your tour today!",,,,,,,,,,,,,,,,,,,,,,,,St Isaac,,3,2,1,,Garage,,2,2031,2031,319990,350000,,,,,,"https://cdn2.marondahomes.com/assets/moveinready-photos/3/RET215/3-RET215-ORG-69d6ae513ad7c.jpg,https://cdn2.marondahomes.com/assets/moveinready-photos/3/RET215/3-RET215-ORG-69d6ae6169a89.jpg,https://cdn2.marondahomes.com/assets/moveinready-photos/3/RET215/3-RET215-ORG-69d6ae48cc2fd.jpg,https://cdn2.marondahomes.com/assets/moveinready-photos/3/RET215/3-RET215-ORG-69d6ae59d17e0.jpg,https://cdn2.marondahomes.com/assets/moveinready-photos/3/RET215/3-RET215-ORG-69d6ae4c87c0d.jpg,https://cdn2.marondahomes.com/assets/moveinready-photos/3/RET215/3-RET215-ORG-69d6ae69e5edd.jpg,https://cdn2.marondahomes.com/assets/moveinready-photos/3/RET215/3-RET215-ORG-69d6ae5d40e07.jpg,https://cdn2.marondahomes.com/assets/moveinready-photos/3/RET215/3-RET215-ORG-69d6ae6d6220c.jpg,https://cdn2.marondahomes.com/assets/moveinready-photos/3/RET215/3-RET215-ORG-69d6ae6582d50.jpg,https://cdn2.marondahomes.com/assets/moveinready-photos/3/RET215/3-RET215-ORG-69d6ae5566327.jpg,https://cdn2.marondahomes.com/assets/moveinready-photos/3/RET215/3-RET215-LRG-69d6ae513ad7c.jpg,https://cdn2.marondahomes.com/assets/moveinready-photos/3/RET216/3-RET216-LRG-69d6adee55487.jpg,https://cdn2.marondahomes.com/assets/moveinready-photos/3/RET217/3-RET217-LRG-69d6aec79ff61.jpg,https://cdn2.marondahomes.com/assets/moveinready-photos/3/RET219/3-RET219-LRG-69d6af08172b2.jpg"
https://www.marondahomes.com/pa/sarver/ridgeview-estates-townhomes-16055/job-ret219.html,,Ridgeview Estates,,,"101 Blue Bird Ln, Sarver, PA 16055",Sarver,PA,16055,Butler County,,412-838-3818,https://www.marondahomes.com/,,Maronda Homes,SFA,,,,Y,2,,Y,Shopping | Dining | Parks | Golf | Fitness | Hospitals,,"Introducing Ridgeview Estates, the best price for a brand-new townhome just minutes from Freeport Area School District. Community closeout - final opportunities remaining. Schedule your tour today!",,,,,,,,,,,,,,,,,,,,,,,,St Isaac,,3,2,1,,Garage,,2,2031,2031,332990,350000,,,,,,"https://cdn2.marondahomes.com/assets/moveinready-photos/3/RET219/3-RET219-ORG-69d6af08172b2.jpg,https://cdn2.marondahomes.com/assets/moveinready-photos/3/RET219/3-RET219-ORG-69d6aef72aa41.jpg,https://cdn2.marondahomes.com/assets/moveinready-photos/3/RET219/3-RET219-ORG-69d6af181f77d.jpg,https://cdn2.marondahomes.com/assets/moveinready-photos/3/RET219/3-RET219-ORG-69d6aefeca281.jpg,https://cdn2.marondahomes.com/assets/moveinready-photos/3/RET219/3-RET219-ORG-69d6af0bc6f79.jpg,https://cdn2.marondahomes.com/assets/moveinready-photos/3/RET219/3-RET219-ORG-69d6af1bced0a.jpg,https://cdn2.marondahomes.com/assets/moveinready-photos/3/RET219/3-RET219-ORG-69d6aefadc8b9.jpg,https://cdn2.marondahomes.com/assets/moveinready-photos/3/RET219/3-RET219-ORG-69d6af03bba71.jpg,https://cdn2.marondahomes.com/assets/moveinready-photos/3/RET219/3-RET219-ORG-69d6af0ff257b.jpg,https://cdn2.marondahomes.com/assets/moveinready-photos/3/RET219/3-RET219-ORG-69d6af148c440.jpg,https://cdn2.marondahomes.com/assets/moveinready-photos/3/RET215/3-RET215-LRG-69d6ae513ad7c.jpg,https://cdn2.marondahomes.com/assets/moveinready-photos/3/RET216/3-RET216-LRG-69d6adee55487.jpg,https://cdn2.marondahomes.com/assets/moveinready-photos/3/RET217/3-RET217-LRG-69d6aec79ff61.jpg,https://cdn2.marondahomes.com/assets/moveinready-photos/3/RET219/3-RET219-LRG-69d6af08172b2.jpg"
https://www.marondahomes.com/pa/irwin/willow-estates-15642/job-wle2083a.html,,Willow Estates,,,"1245 Bedford Road N Huntingdon, Irwin, PA 15642",Irwin,PA,15642,Westmoreland County,Sun: 12:00 PM-6:00 PM | Mon: Closed | Tue: Closed | Wed: 12:00 PM-6:00 PM | Thu: 10:00 AM-6:00 PM | Fri: Appointments Only | Sat: Appointments Only,412-838-3818,https://www.marondahomes.com/,,Maronda Homes,SFA,Y,,,Y,2,,Y,Shopping | Dining | Parks | Golf | Fitness | Hospitals,,Willow Estates is the only new home community that offers both townhomes and single-family homes in the Norwin school district that gives our homeowners a cost-effective lifestyle while providing personalization and privacy with our established community. Schedule an appointment to walk the homesites today!,,,,,,,,,,,,,,,,,,,,,,,,St. Martin,,3,2,1,,Garage,,2,1565,2693,396975,399990,,,,,,
https://www.marondahomes.com/pa/irwin/willow-estates-15642/job-wle2083b.html,,Willow Estates,,,"1237 Bedford Road N Huntingdon, Irwin, PA 15642",Irwin,PA,15642,Westmoreland County,Sun: 12:00 PM-6:00 PM | Mon: Closed | Tue: Closed | Wed: 12:00 PM-6:00 PM | Thu: 10:00 AM-6:00 PM | Fri: Appointments Only | Sat: Appointments Only,412-838-3818,https://www.marondahomes.com/,,Maronda Homes,SFA,Y,,,Y,2,,Y,Shopping | Dining | Parks | Golf | Fitness | Hospitals,,Willow Estates is the only new home community that offers both townhomes and single-family homes in the Norwin school district that gives our homeowners a cost-effective lifestyle while providing personalization and privacy with our established community. Schedule an appointment to walk the homesites today!,,,,,,,,,,,,,,,,,,,,,,,,St. Martin,,3,2,1,,Garage,,2,1565,2693,399990,399990,,,,,,
https://www.marondahomes.com/fl/weeki-wachee/royal-highlands-34613/job-7h014381.html,,Royal Highlands,,,"11213 Persimmon Ave. Brooksville, Weeki Wachee, FL 34614",Weeki Wachee,FL,34614,Hernando County,Sun: 12:00 PM-6:00 PM | Mon: 12:00 PM-6:00 PM | Tue: 10:00 AM-6:00 PM | Wed: 10:00 AM-6:00 PM | Thu: 10:00 AM-6:00 PM | Fri: 10:00 AM-6:00 PM | Sat: 10:00 AM-6:00 PM,863-591-6631,https://www.marondahomes.com/,,Maronda Homes,SFD,Y,,,Y,2,,Y,Shopping | Dining | Parks | Golf | Fitness | Hospitals,,"Introducing Royal Highlands, single-family homes in the heart of Weeki Wachee, Florida. Enjoy spacious ½-acre homesites, top-rated schools, and exceptional value. Build your new home on your own homesite, or choose from one of ours ready for you. Visit our model home today to get started!",,,,,,,,,,,,,,,,,,,,,,,,Drexel,,3,2,,,Garage,,2,1988,3579,359900,395900,,,,,,"https://cdn2.marondahomes.com/assets/moveinready-photos/44/7B212515/44-7B212515-LRG-694acae0cf4a1.jpg,https://cdn2.marondahomes.com/assets/moveinready-photos/44/7BV14303/44-7BV14303-LRG-67361b18c7c23.jpg,https://cdn2.marondahomes.com/assets/moveinready-photos/44/7K662600/44-7K662600-LRG-6944600e92ab9.jpg,https://cdn2.marondahomes.com/assets/moveinready-photos/44/7K211131/44-7K211131-LRG-6939af1d5fdc0.jpg,https://cdn2.marondahomes.com/assets/moveinready-photos/44/7K443629/44-7K443629-LRG-69373baf21071.jpg,https://cdn2.marondahomes.com/assets/moveinready-photos/44/7K044008/44-7K044008-LRG-69971e6e8f568.jpg,https://cdn2.marondahomes.com/assets/moveinready-photos/44/7K033630/44-7K033630-LRG-6949a56435980.jpg,https://cdn2.marondahomes.com/assets/moveinready-photos/44/7PC43098/44-7PC43098-LRG-698a882ae68c7.jpg,https://cdn2.marondahomes.com/assets/moveinready-photos/44/7HS00121/44-7HS00121-LRG-69a8ac1ebf547.jpg,https://cdn2.marondahomes.com/assets/moveinready-photos/44/7HS00002/44-7HS00002-LRG-697cccb51e33b.jpg,https://cdn2.marondahomes.com/assets/moveinready-photos/44/7CT12257/44-7CT12257-LRG-68fbb034cde09.jpg,https://cdn2.marondahomes.com/assets/moveinready-photos/44/7AW00201/44-7AW00201-LRG-698a420569281.jpg"
https://www.marondahomes.com/fl/lakeland/applewood-reserve-33810/job-7aw01301.html,,Applewood Reserve,,,"4366 Winsap Way, Lakeland, FL 33810",Lakeland,FL,33810,Polk County,Sun: 12:00 PM-6:00 PM | Mon: 12:00 PM-6:00 PM | Tue: 10:00 AM-6:00 PM | Wed: 10:00 AM-6:00 PM | Thu: 10:00 AM-6:00 PM | Fri: 10:00 AM-6:00 PM | Sat: 10:00 AM-6:00 PM,863-591-6631,https://www.marondahomes.com/,,Maronda Homes,SFD,Y,,,Y,2,,Y,Shopping | Dining | Parks | Golf | Fitness | Hospitals,,"Introducing Applewood Reserve, the newest community with spacious homesites featuring preservation views, 5.7 miles to Downtown Lakeland, and no CDD fees. Now selling - schedule a model home tour today!",,,,,,,,,,,,,,,,,,,,,,,,Harmony,,4,3,,,Garage,,2,2471,3282,474900,474900,,,,,,
https://www.marondahomes.com/fl/bellview/bellview-pointe-32526/job-4bv00132.html,,Bellview Pointe,,,"6116 Bellview Pointe Lane Pensacola, Bellview, FL 32526",Bellview,FL,32526,Escambia County,Sun: 12:00 PM-6:00 PM | Mon: 10:00 AM-6:00 PM | Tue: 10:00 AM-6:00 PM | Wed: 12:00 PM-6:00 PM | Thu: 10:00 AM-6:00 PM | Fri: 10:00 AM-6:00 PM | Sat: 10:00 AM-6:00 PM,850-970-7435,https://www.marondahomes.com/,,Maronda Homes,SFD,Y,,,Y,2,,Y,Shopping | Dining | Parks | Golf | Fitness | Hospitals,,"Bellview Pointe is a single-family community with new homes featuring cul-de-sac streets and offering the ability to personalize your home within 8 miles of Navy Federal Credit Union. Your new home will have convenient access to shopping, dining in historic Downtown Pensacola, grocery stores, schools, medical facilities, and military bases, all within 10 miles of your community. Visit our neighboring model home today!",,,,,,,,,,,,,,,,,,,,,,,,Maple,,4,2,,,Garage,,2,1876,2692,312900,374400,,,,,,"https://cdn2.marondahomes.com/assets/moveinready-photos/49/4BV00132/49-4BV00132-ORG-67ddddb46aa88.jpg,https://cdn2.marondahomes.com/assets/moveinready-photos/49/4BV00132/49-4BV00132-LRG-67ddddb46aa88.jpg"
https://www.marondahomes.com/oh/montgomery/hawley-farms-45140/job-hf0502.html,,Hawley Farms,,,"6406 Hunters Close Loveland, Montgomery, OH 45140",Montgomery,OH,45140,Clermont County,Sun: 12:00 PM-6:00 PM | Mon: 10:00 AM-6:00 PM | Tue: 10:00 AM-6:00 PM | Wed: 12:00 PM-6:00 PM | Thu: Closed | Fri: Closed | Sat: 10:00 AM-6:00 PM,513-224-5577,https://www.marondahomes.com/,,Maronda Homes,SFD,Y,,,Y,2,,Y,Shopping | Dining | Parks | Golf | Fitness | Hospitals,,"Hawley Farms is the best location in Milford schools with private wooded homesites and walkout basements. This cul-de-sac community is just minutes from Old Milford. Now scheduling model home visits, contact us today!",,,,,,,,,,,,,,,,,,,,,,,,Birmingham,,3,2,1,,Garage,,2,2690,4469,674990,674990,,,,,,
https://www.marondahomes.com/fl/punta-gorda/harbour-heights-33983/job-7p033004.html,,Harbour Heights,,,"2258 Sulstone Dr, Punta Gorda, FL 33983",Punta Gorda,FL,33983,Charlotte County,Sun: 12:00 PM-6:00 PM | Mon: 12:00 PM-6:00 PM | Tue: 10:00 AM-6:00 PM | Wed: 10:00 AM-6:00 PM | Thu: Appointments Only | Fri: 10:00 AM-6:00 PM | Sat: 10:00 AM-6:00 PM,863-591-5670,https://www.marondahomes.com/,,Maronda Homes,,,,,Y,2,,Y,Shopping | Dining | Parks | Golf | Fitness,,"Harbour Heights is a new construction, scattered homesite community located in beautiful Punta Gorda, Florida and within the top-rated Charlotte County School District. Schedule an appointment to learn more today!",,,,,,,,,,,,,,,,,,,,,,,,Oak,,3,2,,,Garage,,2,1443,1988,314900,369900,,,,,,
https://www.marondahomes.com/oh/cincinnati/north-ridge-45246/job-nrc036.html,,North Ridge,,,"8524 Noelle Drive Colerain Twp, Cincinnati, OH 45251",Cincinnati,OH,45251,Hamilton County,Sun: 12:00 PM-6:00 PM | Mon: 10:00 AM-6:00 PM | Tue: 10:00 AM-6:00 PM | Wed: 12:00 PM-6:00 PM | Thu: 10:00 AM-6:00 PM | Fri: 10:00 AM-6:00 PM | Sat: 10:00 AM-6:00 PM,513-224-5577,https://www.marondahomes.com/,,Maronda Homes,SFD,Y,,,Y,2,,Y,Shopping | Dining | Parks | Golf | Fitness | Hospitals,,"Introducing North Ridge, the lowest priced single family homes in Colerain Township. Limited opportunities remain - schedule a tour to visit our model today!",,,,,,,,,,,,,,,,,,,,,,,,Aster,,4,2,1,,Garage,,2,1997,2693,409990,409990,,,,,,
https://www.marondahomes.com/oh/cincinnati/north-ridge-45246/job-nrc004.html,,North Ridge,,,"8613 Noelle Drive Colerain Twp, Cincinnati, OH 45251",Cincinnati,OH,45251,Hamilton County,Sun: 12:00 PM-6:00 PM | Mon: 10:00 AM-6:00 PM | Tue: 10:00 AM-6:00 PM | Wed: 12:00 PM-6:00 PM | Thu: 10:00 AM-6:00 PM | Fri: 10:00 AM-6:00 PM | Sat: 10:00 AM-6:00 PM,513-224-5577,https://www.marondahomes.com/,,Maronda Homes,SFD,Y,,,Y,2,,Y,Shopping | Dining | Parks | Golf | Fitness | Hospitals,,"Introducing North Ridge, the lowest priced single family homes in Colerain Township. Limited opportunities remain - schedule a tour to visit our model today!",,,,,,,,,,,,,,,,,,,,,,,,Daisy,,3,2,1,,Garage,,2,1640,2693,395685,409990,,,,,,
https://www.marondahomes.com/fl/port-charlotte/south-gulf-cove-33954/job-7g123780.html,,South Gulf Cove,,,"12040 Ramona Ave, Port Charlotte, FL 33981",Port Charlotte,FL,33981,Charlotte County,Sun: 12:00 PM-6:00 PM | Mon: 12:00 PM-6:00 PM | Tue: 10:00 AM-6:00 PM | Wed: 10:00 AM-6:00 PM | Thu: 10:00 AM-6:00 PM | Fri: 10:00 AM-6:00 PM | Sat: 10:00 AM-6:00 PM,863-591-5670,https://www.marondahomes.com/,,Maronda Homes,,Y,,,Y,2,,Y,Shopping | Dining | Parks | Golf | Fitness | Hospitals,,"Maronda Homes in South Gulf Cove delivers Smart Coastal Living with flexible, personalized homes that offer a luxury look and feel without the luxury price or risk — on a quiet, water-adjacent homesite we can purchase for you, designed for long-term comfort, confidence, and ease.",,,,,,,,,,,,,,,,,,,,,,,,Willow,,4,2,,,Garage,,2,2052,3579,349900,489900,,,,,,"https://cdn2.marondahomes.com/assets/moveinready-photos/44/7G123780/44-7G123780-ORG-6977c65f5feb0.png,https://cdn2.marondahomes.com/assets/moveinready-photos/44/7G123780/44-7G123780-ORG-6966ac4344c5a.jpg,https://cdn2.marondahomes.com/assets/moveinready-photos/44/7BV25416/44-7BV25416-LRG-698a3f5ece986.jpg,https://cdn2.marondahomes.com/assets/moveinready-photos/44/7G123780/44-7G123780-LRG-6977c65f5feb0.jpg"
https://www.marondahomes.com/fl/beverly-hills/pine-ridge-34465/job-7pr11320.html,,Pine Ridge,,,"4329 N Elkcam Blvd, Beverly Hills, FL 34465",Beverly Hills,FL,34465,Citrus County,Sun: 12:00 PM-6:00 PM | Mon: 12:00 PM-6:00 PM | Tue: 10:00 AM-6:00 PM | Wed: 10:00 AM-6:00 PM | Thu: 10:00 AM-6:00 PM | Fri: 10:00 AM-6:00 PM | Sat: 10:00 AM-6:00 PM,863-591-6631,https://www.marondahomes.com/,,Maronda Homes,SFD,Y,,,Y,3,,Y,Shopping | Dining | Parks | Golf | Fitness | Hospitals,,"Introducing Pine Ridge, single-family homes with no CDD fees in Beverly Hills, Florida. Call today to learn more!",,,,,,,,,,,,,,,,,,,,,,,,Naples,,4,3,,,Garage,,3,2434,3579,489900,489900,,,,,,
https://www.marondahomes.com/va/culpeper/woodland-church-22701/job-wc00101.html,,Woodland Church,,,"15205 Woodland Church Rd, Culpeper, VA 22701",Culpeper,VA,22701,Culpeper County,Sun: 12:00 PM-5:00 PM | Mon: 10:00 AM-5:00 PM | Tue: 10:00 AM-5:00 PM | Wed: 10:00 AM-5:00 PM | Thu: 10:00 AM-5:00 PM | Fri: 10:00 AM-5:00 PM | Sat: 11:00 AM-5:00 PM,,https://www.marondahomes.com/,,Maronda Homes,SFD,,,,Y,2,,Y,Shopping | Dining | Parks | Golf | Fitness | Hospitals,,"Woodland Church community by Maronda Homes features new homes in Culpeper with 2-acre homesites with no HOA fees, located near Routes 29 and 15!",,,,,,,,,,,,,,,,,,,,,,,,Somerset,,4,3,1,,Garage,,2,3194,2380,624880,624880,,,,,,"https://cdn2.marondahomes.com/assets/moveinready-photos/71/CE00101/71-CE00101-LRG-67520e648da99.jpg,https://cdn2.marondahomes.com/assets/moveinready-photos/71/BLO02401/71-BLO02401-LRG-697a6e13ded81.jpg"
https://www.marondahomes.com/va/mt-crawford/wellford-park-townhomes-22841/job-wpt03201.html,,Wellford Park,,,"125 Nottingham Row, Mt Crawford, VA 22841",Mt Crawford,VA,22841,Rockingham County,,571-322-8831,https://www.marondahomes.com/,,Maronda Homes,SFA,Y,,,Y,1,,Y,Shopping | Dining | Parks | Golf | Fitness,,"Welcome home to Wellford Park, the only townhomes with 4 bedrooms and a finished lower level included at the best price in Rockingham County. Now Selling!",,,,,,,,,,,,,,,,,,,,,,,,St Paul,,3,3,1,,Garage,,1,1966,1989,389990,350000,,,,,,
https://www.marondahomes.com/va/fredericksburg/colebrook-estates-22405/job-ce00801.html,,Colebrook Estates,,,"136 Hillsdale Dr, Fredericksburg, VA 22405",Fredericksburg,VA,22405,Stafford County,Sun: Appointments Only | Mon: Appointments Only | Tue: Appointments Only | Wed: Appointments Only | Thu: Appointments Only | Fri: Appointments Only | Sat: Appointments Only,571-322-8831,https://www.marondahomes.com/,,Maronda Homes,SFD,Y,,,Y,2,,Y,Shopping | Dining | Parks | Golf | Fitness | Hospitals,,"Welcome home to Colebrook Estates by Maronda Homes, new homes on 1 acre homesites near Downtown Fredericksburg. Schedule an appointment today!",,,,,,,,,,,,,,,,,,,,,,,,Somerset,,4,3,1,,Garage,,2,3194,4910,649990,874085,,,,,,"https://cdn2.marondahomes.com/assets/moveinready-photos/71/CE00101/71-CE00101-LRG-67520e648da99.jpg,https://cdn2.marondahomes.com/assets/moveinready-photos/71/BLO02401/71-BLO02401-LRG-697a6e13ded81.jpg"
https://www.marondahomes.com/fl/lehigh-acres/lehigh-acres-33971/job-7a160051.html,,Lehigh Acres,,,"213 Patio Circle, Lehigh Acres, FL 33972",Lehigh Acres,FL,33972,Lee County,Sun: 12:00 PM-6:00 PM | Mon: 12:00 PM-6:00 PM | Tue: 10:00 AM-6:00 PM | Wed: 10:00 AM-6:00 PM | Thu: 10:00 AM-6:00 PM | Fri: 10:00 AM-6:00 PM | Sat: 10:00 AM-6:00 PM,,https://www.marondahomes.com/,,Maronda Homes,SFD,Y,,,Y,2,,Y,Shopping | Dining | Parks | Golf | Fitness | Hospitals,,Lehigh Acres offers the best price and most personalization options for a new home. Build your home on your timeframe. Located just 12 miles east of Fort Myers. Schedule your visit today to learn more!,,,,,,,,,,,,,,,,,,,,,,,,Mesquite,,4,2,,,Garage,,2,1867,2471,349900,394900,,,,,,"https://cdn2.marondahomes.com/assets/moveinready-photos/44/7A160051/44-7A160051-ORG-69600cf08b6ce.jpeg,https://cdn2.marondahomes.com/assets/moveinready-photos/44/7A160051/44-7A160051-ORG-69600d0c4a961.jpeg,https://cdn2.marondahomes.com/assets/moveinready-photos/44/7A160051/44-7A160051-ORG-69600d530e8b9.jpeg,https://cdn2.marondahomes.com/assets/moveinready-photos/44/7A160051/44-7A160051-ORG-69600c16ced1b.jpeg,https://cdn2.marondahomes.com/assets/moveinready-photos/44/7A160051/44-7A160051-ORG-69600c2013adb.jpeg,https://cdn2.marondahomes.com/assets/moveinready-photos/44/7A160051/44-7A160051-ORG-69600c258d876.jpeg,https://cdn2.marondahomes.com/assets/moveinready-photos/44/7A160051/44-7A160051-ORG-69600c2d95385.jpeg,https://cdn2.marondahomes.com/assets/moveinready-photos/44/7A160051/44-7A160051-ORG-69600c343d9f3.jpeg,https://cdn2.marondahomes.com/assets/moveinready-photos/44/7A160051/44-7A160051-ORG-69600c3f2ff5f.jpeg,https://cdn2.marondahomes.com/assets/moveinready-photos/44/7A160051/44-7A160051-ORG-69600c4bd60f3.jpeg,https://cdn2.marondahomes.com/assets/moveinready-photos/44/7A160051/44-7A160051-ORG-69600c57a917b.jpeg,https://cdn2.marondahomes.com/assets/moveinready-photos/44/7A160051/44-7A160051-ORG-69600c5fb98df.jpeg,https://cdn2.marondahomes.com/assets/moveinready-photos/44/7A160051/44-7A160051-ORG-69600c6987945.jpeg,https://cdn2.marondahomes.com/assets/moveinready-photos/44/7A160051/44-7A160051-ORG-69600c71d6dab.jpeg,https://cdn2.marondahomes.com/assets/moveinready-photos/44/7A160051/44-7A160051-ORG-69600c78d3e18.jpeg,https://cdn2.marondahomes.com/assets/moveinready-photos/44/7A160051/44-7A160051-ORG-69600c92f08f1.jpeg,https://cdn2.marondahomes.com/assets/moveinready-photos/44/7A160051/44-7A160051-ORG-69600c9a2042a.jpeg,https://cdn2.marondahomes.com/assets/moveinready-photos/44/7A160051/44-7A160051-ORG-69600ca08a584.jpeg,https://cdn2.marondahomes.com/assets/moveinready-photos/44/7A160051/44-7A160051-ORG-69600ca89defb.jpeg,https://cdn2.marondahomes.com/assets/moveinready-photos/44/7A160051/44-7A160051-ORG-69600cb07cb88.jpeg,https://cdn2.marondahomes.com/assets/moveinready-photos/44/7A160051/44-7A160051-ORG-69600cbe094d0.jpeg,https://cdn2.marondahomes.com/assets/moveinready-photos/44/7A160051/44-7A160051-ORG-69600cc692b8f.jpeg,https://cdn2.marondahomes.com/assets/moveinready-photos/44/7A160051/44-7A160051-ORG-69600cd77ff04.jpeg,https://cdn2.marondahomes.com/assets/moveinready-photos/44/7A160051/44-7A160051-ORG-69600ce0b81a1.jpeg,https://cdn2.marondahomes.com/assets/moveinready-photos/44/7A160051/44-7A160051-ORG-69600ce9e0265.jpeg,https://cdn2.marondahomes.com/assets/moveinready-photos/44/7A160051/44-7A160051-ORG-69600cf9708c8.jpeg,https://cdn2.marondahomes.com/assets/moveinready-photos/44/7A160051/44-7A160051-ORG-69600d1719441.jpeg,https://cdn2.marondahomes.com/assets/moveinready-photos/44/7A160051/44-7A160051-ORG-69600d7161399.jpeg,https://cdn2.marondahomes.com/assets/moveinready-photos/44/7A160051/44-7A160051-ORG-69600d7f2a8d6.jpeg,https://cdn2.marondahomes.com/assets/moveinready-photos/44/7A160051/44-7A160051-ORG-69600dc932429.jpeg,https://cdn2.marondahomes.com/assets/moveinready-photos/44/7A160051/44-7A160051-ORG-69600dd5eb813.jpeg,https://cdn2.marondahomes.com/assets/moveinready-photos/44/7A160051/44-7A160051-ORG-69600ddcbf276.jpeg,https://cdn2.marondahomes.com/assets/moveinready-photos/44/7A160051/44-7A160051-ORG-69600de5d4bed.jpeg,https://cdn2.marondahomes.com/assets/moveinready-photos/44/7A250019/44-7A250019-LRG-698a242a9210a.jpg,https://cdn2.marondahomes.com/assets/moveinready-photos/44/7A160051/44-7A160051-LRG-69600cf08b6ce.jpg"
https://www.marondahomes.com/va/winchester/winchester-ridge-townhomes-22602/job-act00501.html,,Winchester Ridge Townhomes,,,"118 Shuoner Ct, Winchester, VA 22602",Winchester,VA,22602,Frederick County,,571-322-8831,https://www.marondahomes.com/,,Maronda Homes,SFA,Y,,,Y,1,,Y,Shopping | Dining | Parks | Golf | Fitness | Hospitals,,"Winchester's only wooded homesites with lawn care included and low HOA fees, conveniently located to Northern VA commuter routes. Schedule your VIP appointment today to start planning your future!",,,,,,,,,,,,,,,,,,,,,,,,St Paul,,3,3,1,,Garage,,1,1966,1989,389990,350000,,,,,,
https://www.marondahomes.com/va/winchester/winchester-ridge-townhomes-22602/job-act00201.html,,Winchester Ridge Townhomes,,,"112 Shuoner Ct, Winchester, VA 22602",Winchester,VA,22602,Frederick County,,571-322-8831,https://www.marondahomes.com/,,Maronda Homes,SFA,Y,,,Y,1,,Y,Shopping | Dining | Parks | Golf | Fitness | Hospitals,,"Winchester's only wooded homesites with lawn care included and low HOA fees, conveniently located to Northern VA commuter routes. Schedule your VIP appointment today to start planning your future!",,,,,,,,,,,,,,,,,,,,,,,,St Paul,,3,3,1,,Garage,,1,1966,1989,389990,350000,,,,,,
https://www.marondahomes.com/va/winchester/winchester-ridge-townhomes-22602/job-act00401.html,,Winchester Ridge Townhomes,,,"116 Shuoner Ct, Winchester, VA 22602",Winchester,VA,22602,Frederick County,,571-322-8831,https://www.marondahomes.com/,,Maronda Homes,SFA,Y,,,Y,1,,Y,Shopping | Dining | Parks | Golf | Fitness | Hospitals,,"Winchester's only wooded homesites with lawn care included and low HOA fees, conveniently located to Northern VA commuter routes. Schedule your VIP appointment today to start planning your future!",,,,,,,,,,,,,,,,,,,,,,,,St Paul,,3,3,1,,Garage,,1,1966,1989,389990,350000,,,,,,
https://www.marondahomes.com/al/foley/foley-pointe-36535/job-3cb00112.html,,Foley Pointe,,,"18203 Kent Circle, Foley, AL 36535",Foley,AL,36535,Baldwin County,Sun: 12:00 PM-6:00 PM | Mon: 10:00 AM-6:00 PM | Tue: 10:00 AM-6:00 PM | Wed: 12:00 PM-6:00 PM | Thu: 10:00 AM-6:00 PM | Fri: 10:00 AM-6:00 PM | Sat: 10:00 AM-6:00 PM,251-270-2458,https://www.marondahomes.com/,,Maronda Homes,SFD,Y,,,Y,2,,Y,Shopping | Dining | Parks | Golf | Fitness | Hospitals,,"Foley Pointe is a new construction, single-family community with the only opportunity to personalize a new home in Foley, just 20 minutes from the beach. Now selling - visit our model home today!",,,,,,,,,,,,,,,,,,,,,,,,Sheffield,,4,3,,,Garage,,2,2198,3059,382400,382400,,,,,,
https://www.marondahomes.com/wv/inwood/south-brook-single-family-25428/job-sk022601.html,,South Brook Single Family,,,"174 Grayling Road, Inwood, WV 25428",Inwood,WV,25428,Berkeley County,Sun: 12:00 PM-5:00 PM | Mon: 10:00 AM-5:00 PM | Tue: 10:00 AM-5:00 PM | Wed: 10:00 AM-5:00 PM | Thu: 10:00 AM-5:00 PM | Fri: 10:00 AM-5:00 PM | Sat: 11:00 AM-5:00 PM,304-427-5518,https://www.marondahomes.com/,,Maronda Homes,SFD,Y,,,Y,2,,Y,Shopping | Dining | Parks | Fitness,,"Introducing South Brook, a new construction single-family home community in Inwood, with easy access to nearby cities. Schedule an appointment to view our model home today!",,,,,,,,,,,,,,,,,,,,,,,,Lotus,,4,2,,,Garage,,2,2692,3292,498200,498200,,,,,,
https://www.marondahomes.com/va/fredericksburg/lillian-estates-22406/job-le00601.html,,Lillian Estates,,,"121 Lillian Ct, Fredericksburg, VA 22406",Fredericksburg,VA,22406,Stafford County,Sun: Appointments Only | Mon: Appointments Only | Tue: Appointments Only | Wed: Appointments Only | Thu: Appointments Only | Fri: Appointments Only | Sat: Appointments Only,571-322-8831,https://www.marondahomes.com/,,Maronda Homes,SFD,,,,Y,2,,Y,Shopping | Dining | Parks | Golf,,"Welcome to Lillian Estates, Stafford County's newest community of single-family homes. This community features beautifully wooded homesites that span over 3 acres on a quiet cul-de-sac street. Sold out - visit us at neighboring Colebrook Estates!",,,,,,,,,,,,,,,,,,,,,,,,Truman,,4,2,1,,Garage,,2,4419,4419,899990,899990,,,,,,
https://www.marondahomes.com/fl/pensacola/seminole-bend-32526/job-4sb00126.html,,Seminole Bend,,,"10810 Lucie Court, Pensacola, FL 32526",Pensacola,FL,32526,Escambia County,Sun: 12:00 PM-6:00 PM | Mon: 10:00 AM-6:00 PM | Tue: 10:00 AM-6:00 PM | Wed: 12:00 PM-6:00 PM | Thu: 10:00 AM-6:00 PM | Fri: 10:00 AM-6:00 PM | Sat: 10:00 AM-6:00 PM,850-970-7435,https://www.marondahomes.com/,,Maronda Homes,SFD,Y,,,Y,2,,Y,Shopping | Dining | Parks | Fitness | Hospitals,,"Introducing Seminole Bend, the only new community without back-to-back neighbors and only 3 miles to the Navy Federal Credit Union. Now selling - schedule a tour of our model home today!",,,,,,,,,,,,,,,,,,,,,,,,Drexel,,3,2,,,Garage,,2,1987,3662,427730,482180,,,,,,
https://www.marondahomes.com/fl/pensacola/seminole-bend-32526/job-4sb00124.html,,Seminole Bend,,,"10802 Lucie Court, Pensacola, FL 32526",Pensacola,FL,32526,Escambia County,Sun: 12:00 PM-6:00 PM | Mon: 10:00 AM-6:00 PM | Tue: 10:00 AM-6:00 PM | Wed: 12:00 PM-6:00 PM | Thu: 10:00 AM-6:00 PM | Fri: 10:00 AM-6:00 PM | Sat: 10:00 AM-6:00 PM,850-970-7435,https://www.marondahomes.com/,,Maronda Homes,SFD,Y,,,Y,2,,Y,Shopping | Dining | Parks | Fitness | Hospitals,,"Introducing Seminole Bend, the only new community without back-to-back neighbors and only 3 miles to the Navy Federal Credit Union. Now selling - schedule a tour of our model home today!",,,,,,,,,,,,,,,,,,,,,,,,Miramar,,4,3,,,Garage,,2,2155,3662,473900,482180,,,,,,
https://www.marondahomes.com/fl/palm-bay/palm-bay-32909/job-31302533.html,,Palm Bay,,,"3376 Hummingbird Ave Sw, Palm Bay, FL 32908",Palm Bay,FL,32908,Brevard County,Sun: 12:00 PM-6:00 PM | Mon: 12:00 PM-6:00 PM | Tue: 10:00 AM-6:00 PM | Wed: 10:00 AM-6:00 PM | Thu: 10:00 AM-6:00 PM | Fri: 10:00 AM-6:00 PM | Sat: 10:00 AM-6:00 PM,,https://www.marondahomes.com/,,Maronda Homes,SFD,Y,,,Y,2,,Y,Shopping | Dining | Parks | Golf | Fitness | Hospitals,,"Palm Bay offers single-family homes on spacious ¼-acre homesites, offering the most personalized options available. Perfectly located between Jacksonville and Miami. Now selling a variety of Move-In Ready homes with special incentives – lot price included! Visit our model home today or connect with our team to learn more.",,,,,,,,,,,,,,,,,,,,,,,,Violet,,3,2,,,Garage,,2,1443,3059,303900,424900,,,,,,
https://www.marondahomes.com/fl/alachua/briarwood-32615/job-9ba30501.html,,Briarwood,,,"17657 Nw 169th Place, Alachua, FL 32615",Alachua,FL,32615,Alachua County,Sun: 12:00 PM-6:00 PM | Mon: 12:00 PM-6:00 PM | Tue: 10:00 AM-6:00 PM | Wed: 10:00 AM-6:00 PM | Thu: 10:00 AM-6:00 PM | Fri: 10:00 AM-6:00 PM | Sat: 10:00 AM-6:00 PM,904-606-8849,https://www.marondahomes.com/,,Maronda Homes,SFD,Y,,,Y,2,,Y,Shopping | Dining | Parks | Fitness | Hospitals,,"Briarwood offers the best value for a new home in Alachua. Offering block construction and 3 car garages on select home designs, just 15 minutes from Gainesville. Schedule your personalized visit today!",,,,,,,,,,,,,,,,,,,,,,,,Miramar,,4,3,,,Garage,,2,2154,3059,387900,459900,,,,,,https://cdn2.marondahomes.com/assets/moveinready-photos/43/9OHMODEL/43-9OHMODEL-LRG-69e2993b0a4bb.jpg
https://www.marondahomes.com/oh/columbus/spangler-farms-townhomes-43207/job-spt020e.html,,Spangler Farms,,,"2686 Meigs Dr., Columbus, OH 43207",Columbus,OH,43207,Franklin County,Sun: 12:00 PM-6:00 PM | Mon: 10:00 AM-6:00 PM | Tue: 10:00 AM-6:00 PM | Wed: 12:00 PM-6:00 PM | Thu: 10:00 AM-6:00 PM | Fri: 10:00 AM-6:00 PM | Sat: 10:00 AM-6:00 PM,740-481-8301,https://www.marondahomes.com/,,Maronda Homes,SFA,Y,,,Y,2,,Y,Shopping | Dining | Parks | Fitness | Hospitals,,"Welcome home to Spangler Farms, new townhomes just 8 miles from Downtown Columbus and close to everyday essentials. New model opening soon! Schedule your visit today.",,,,,,,,,,,,,,,,,,,,,,,,St Martin,,3,2,1,,Garage,,2,1565,1772,294990,350000,,,,,,"https://cdn2.marondahomes.com/assets/moveinready-photos/9/SPT020E/9-SPT020E-ORG-696955bdda024.png,https://cdn2.marondahomes.com/assets/moveinready-photos/9/SPT020E/9-SPT020E-ORG-696955ba5797a.jpg,https://cdn2.marondahomes.com/assets/moveinready-photos/9/SPT020E/9-SPT020E-ORG-696955bac9d02.jpg,https://cdn2.marondahomes.com/assets/moveinready-photos/9/SPT020E/9-SPT020E-ORG-696955b885d1c.jpg,https://cdn2.marondahomes.com/assets/moveinready-photos/9/SPT020E/9-SPT020E-ORG-696955b96ff95.jpg,https://cdn2.marondahomes.com/assets/moveinready-photos/9/SPT020E/9-SPT020E-ORG-696955b81770b.jpg,https://cdn2.marondahomes.com/assets/moveinready-photos/9/SPT020E/9-SPT020E-ORG-696955b9ddc14.jpg,https://cdn2.marondahomes.com/assets/moveinready-photos/9/SPT020E/9-SPT020E-ORG-696955bcb4718.jpg,https://cdn2.marondahomes.com/assets/moveinready-photos/9/SPT020E/9-SPT020E-ORG-696955b79bfd1.jpg,https://cdn2.marondahomes.com/assets/moveinready-photos/9/SPT020E/9-SPT020E-ORG-696955b72ff52.jpg,https://cdn2.marondahomes.com/assets/moveinready-photos/9/SPT020E/9-SPT020E-ORG-696955bc3dff0.jpg,https://cdn2.marondahomes.com/assets/moveinready-photos/9/SPT020E/9-SPT020E-ORG-696955b900524.jpg,https://cdn2.marondahomes.com/assets/moveinready-photos/9/SPT020E/9-SPT020E-ORG-696955bb473a8.jpg,https://cdn2.marondahomes.com/assets/moveinready-photos/9/SPT020E/9-SPT020E-ORG-696955b6ba74c.jpg,https://cdn2.marondahomes.com/assets/moveinready-photos/9/SPT020E/9-SPT020E-ORG-696955bbbdc37.jpg,https://cdn2.marondahomes.com/assets/moveinready-photos/9/WC031D01/9-WC031D01-LRG-69694523c2d9d.jpg,https://cdn2.marondahomes.com/assets/moveinready-photos/9/SPT020E/9-SPT020E-LRG-696955bdda024.jpg,https://cdn2.marondahomes.com/assets/moveinready-photos/9/CC0019B/9-CC0019B-LRG-696947c250bbd.jpg,https://cdn2.marondahomes.com/assets/moveinready-photos/9/CC0019E/9-CC0019E-LRG-696948434f8fd.jpg,https://cdn2.marondahomes.com/assets/moveinready-photos/9/CC0019D/9-CC0019D-LRG-696947fd8b433.jpg,https://cdn2.marondahomes.com/assets/moveinready-photos/9/DC41/9-DC41-LRG-69e29fe82ce13.jpg,https://cdn2.marondahomes.com/assets/moveinready-photos/9/DC42/9-DC42-LRG-69e2a0ea7c8d7.jpg,https://cdn2.marondahomes.com/assets/moveinready-photos/9/DC37/9-DC37-LRG-69e29e70d44e3.jpg"
https://www.marondahomes.com/oh/columbus/spangler-farms-townhomes-43207/job-spt020b.html,,Spangler Farms,,,"2674 Meigs Dr., Columbus, OH 43207",Columbus,OH,43207,Franklin County,Sun: 12:00 PM-6:00 PM | Mon: 10:00 AM-6:00 PM | Tue: 10:00 AM-6:00 PM | Wed: 12:00 PM-6:00 PM | Thu: 10:00 AM-6:00 PM | Fri: 10:00 AM-6:00 PM | Sat: 10:00 AM-6:00 PM,740-481-8301,https://www.marondahomes.com/,,Maronda Homes,SFA,Y,,,Y,2,,Y,Shopping | Dining | Parks | Fitness | Hospitals,,"Welcome home to Spangler Farms, new townhomes just 8 miles from Downtown Columbus and close to everyday essentials. New model opening soon! Schedule your visit today.",,,,,,,,,,,,,,,,,,,,,,,,St Martin,,3,2,1,,Garage,,2,1565,1772,294605,350000,,,,,,"https://cdn2.marondahomes.com/assets/moveinready-photos/9/WC031D01/9-WC031D01-LRG-69694523c2d9d.jpg,https://cdn2.marondahomes.com/assets/moveinready-photos/9/SPT020E/9-SPT020E-LRG-696955bdda024.jpg,https://cdn2.marondahomes.com/assets/moveinready-photos/9/CC0019B/9-CC0019B-LRG-696947c250bbd.jpg,https://cdn2.marondahomes.com/assets/moveinready-photos/9/CC0019E/9-CC0019E-LRG-696948434f8fd.jpg,https://cdn2.marondahomes.com/assets/moveinready-photos/9/CC0019D/9-CC0019D-LRG-696947fd8b433.jpg,https://cdn2.marondahomes.com/assets/moveinready-photos/9/DC41/9-DC41-LRG-69e29fe82ce13.jpg,https://cdn2.marondahomes.com/assets/moveinready-photos/9/DC42/9-DC42-LRG-69e2a0ea7c8d7.jpg,https://cdn2.marondahomes.com/assets/moveinready-photos/9/DC37/9-DC37-LRG-69e29e70d44e3.jpg"
https://www.marondahomes.com/fl/ocala/marion-oaks-34473/job-mo078203.html,,Marion Oaks,,,"5238 Sw 164th Street Rd, Ocala, FL 34473",Ocala,FL,34473,Marion County,Sun: 12:00 PM-6:00 PM | Mon: 12:00 PM-6:00 PM | Tue: 10:00 AM-6:00 PM | Wed: 10:00 AM-6:00 PM | Thu: 10:00 AM-6:00 PM | Fri: 10:00 AM-6:00 PM | Sat: 10:00 AM-6:00 PM,904-606-8849,https://www.marondahomes.com/,,Maronda Homes,,Y,,,Y,2,,Y,Shopping | Dining | Parks | Golf | Fitness | Hospitals,,"Introducing Marion Oaks, all new concrete block construction homes on spacious, scattered homesites with no HOA costs, offering exceptional value and flexibility in Ocala, Florida. Visit our new model home today!",,,,,,,,,,,,,,,,,,,,,,,,Maple,,4,2,,,Garage,,2,1876,2435,319900,354900,,,,,,"https://cdn2.marondahomes.com/assets/moveinready-photos/43/MO078203/43-MO078203-ORG-69a9d94f8b24c.jpg,https://cdn2.marondahomes.com/assets/moveinready-photos/43/MO078203/43-MO078203-ORG-69a5d376d68ad.jpg,https://cdn2.marondahomes.com/assets/moveinready-photos/43/MO078203/43-MO078203-LRG-69a9d94f8b24c.jpg"
https://www.marondahomes.com/fl/ocala/marion-oaks-34473/job-mo078218.html,,Marion Oaks,,,"5237 Sw 165th Street Rd, Ocala, FL 34473",Ocala,FL,34473,Marion County,Sun: 12:00 PM-6:00 PM | Mon: 12:00 PM-6:00 PM | Tue: 10:00 AM-6:00 PM | Wed: 10:00 AM-6:00 PM | Thu: 10:00 AM-6:00 PM | Fri: 10:00 AM-6:00 PM | Sat: 10:00 AM-6:00 PM,904-606-8849,https://www.marondahomes.com/,,Maronda Homes,,Y,,,Y,2,,Y,Shopping | Dining | Parks | Golf | Fitness | Hospitals,,"Introducing Marion Oaks, all new concrete block construction homes on spacious, scattered homesites with no HOA costs, offering exceptional value and flexibility in Ocala, Florida. Visit our new model home today!",,,,,,,,,,,,,,,,,,,,,,,,Violet,,3,2,,,Garage,,2,1443,2435,294900,354900,,,,,,"https://cdn2.marondahomes.com/assets/moveinready-photos/43/MO078218/43-MO078218-ORG-69a1d5e8d4faf.jpg,https://cdn2.marondahomes.com/assets/moveinready-photos/43/MO078218/43-MO078218-ORG-69a083cd69100.jpg,https://cdn2.marondahomes.com/assets/moveinready-photos/43/MO078218/43-MO078218-LRG-69a1d5e8d4faf.jpg"
https://www.marondahomes.com/fl/alachua/briarwood-32615/job-9ba24001.html,,Briarwood,,,"17641 Nw 168th Road, Alachua, FL 32615",Alachua,FL,32615,Alachua County,Sun: 12:00 PM-6:00 PM | Mon: 12:00 PM-6:00 PM | Tue: 10:00 AM-6:00 PM | Wed: 10:00 AM-6:00 PM | Thu: 10:00 AM-6:00 PM | Fri: 10:00 AM-6:00 PM | Sat: 10:00 AM-6:00 PM,904-606-8849,https://www.marondahomes.com/,,Maronda Homes,SFD,Y,,,Y,2,,Y,Shopping | Dining | Parks | Fitness | Hospitals,,"Briarwood offers the best value for a new home in Alachua. Offering block construction and 3 car garages on select home designs, just 15 minutes from Gainesville. Schedule your personalized visit today!",,,,,,,,,,,,,,,,,,,,,,,,Drexel,,3,2,,,Garage,,2,1988,3059,382900,459900,,,,,,"https://cdn2.marondahomes.com/assets/moveinready-photos/43/9ES09301/43-9ES09301-LRG-69b1d27fa67e7.jpg,https://cdn2.marondahomes.com/assets/moveinready-photos/43/9BA00501/43-9BA00501-LRG-69b0749ab8aa3.jpg"
https://www.marondahomes.com/fl/pensacola/seminole-bend-32526/job-4sb00122.html,,Seminole Bend,,,"10794 Lucie Court, Pensacola, FL 32526",Pensacola,FL,32526,Escambia County,Sun: 12:00 PM-6:00 PM | Mon: 10:00 AM-6:00 PM | Tue: 10:00 AM-6:00 PM | Wed: 12:00 PM-6:00 PM | Thu: 10:00 AM-6:00 PM | Fri: 10:00 AM-6:00 PM | Sat: 10:00 AM-6:00 PM,850-970-7435,https://www.marondahomes.com/,,Maronda Homes,SFD,Y,,,Y,2,,Y,Shopping | Dining | Parks | Fitness | Hospitals,,"Introducing Seminole Bend, the only new community without back-to-back neighbors and only 3 miles to the Navy Federal Credit Union. Now selling - schedule a tour of our model home today!",,,,,,,,,,,,,,,,,,,,,,,,Drexel,,3,2,,,Garage,,2,1987,3662,417400,482180,,,,,,
https://www.marondahomes.com/fl/astatula/stillwater-cove-34705/job-6sw02901.html,,Stillwater Cove,,,"12975 Stillwater Cove Dr, Astatula, FL 34705",Astatula,FL,34705,Lake County,Sun: 12:00 PM-6:00 PM | Mon: 12:00 PM-6:00 PM | Tue: 10:00 AM-6:00 PM | Wed: 10:00 AM-6:00 PM | Thu: 10:00 AM-6:00 PM | Fri: 10:00 AM-6:00 PM | Sat: 10:00 AM-6:00 PM,407-305-7632,https://www.marondahomes.com/,,Maronda Homes,SFD,Y,,,Y,3,,Y,Shopping | Dining | Parks | Golf,,"Discover the only lakeview community in Astatula, FL offering ½-acre homesites with 3-car garages, located just across from the Astatula Boat Ramp. Now selling - visit our model home today!",,,,,,,,,,,,,,,,,,,,,,,,Livorno,"Under construction! This large all on one level home has lots of space with 3,282 sq. ft.! Large, covered lanai, den with French doors, gourmet kitchen and sitting room off the master bedroom. You can still choose colors! Beautiful water views and sunset views of Little Lake Harris.",4,3,,,Garage,,3,3282,4767,619990,619990,,,,,,"https://cdn2.marondahomes.com/assets/moveinready-photos/41/6SW02901/41-6SW02901-ORG-698f9782873e0.jpeg,https://cdn2.marondahomes.com/assets/moveinready-photos/41/6SW02901/41-6SW02901-ORG-698f9799961d3.jpeg,https://cdn2.marondahomes.com/assets/moveinready-photos/41/6SW02901/41-6SW02901-LRG-698f9782873e0.jpg"
https://www.marondahomes.com/fl/edgewater/coastal-communities-32141/job-2cc029od.html,,Coastal Communities,,,"376 Navajo Ave Ormond Beach, Edgewater, FL 32174",Edgewater,FL,32174,Volusia County,Sun: 12:00 PM-6:00 PM | Mon: 12:00 PM-6:00 PM | Tue: 10:00 AM-6:00 PM | Wed: 10:00 AM-6:00 PM | Thu: 10:00 AM-6:00 PM | Fri: 10:00 AM-6:00 PM | Sat: 10:00 AM-6:00 PM,407-305-7632,https://www.marondahomes.com/,,Maronda Homes,,,,,Y,2,,Y,Shopping | Dining | Parks | Fitness | Hospitals,,Maronda Homes is the only builder offering a unique selling experience throughout the Florida East Coast from Ormond Beach to Edgewater. Select and personalize your perfect coastal home - on individual homesites with no HOAs. Visit our New Home Storefront today to view available floor plans and options!,,,,,,,,,,,,,,,,,,,,,,,,Memphis,This is the only corner homesite left in this established community with a dead end low traffic street on one side of the home. Act now so you can still personalize this home with your own colors and finishes!,3,2,,,Garage,,2,1602,,389990,350000,,,,,,"https://cdn2.marondahomes.com/assets/moveinready-photos/41/2CC029OD/41-2CC029OD-ORG-68f248c535ca6.jpg,https://cdn2.marondahomes.com/assets/moveinready-photos/41/2CC029OD/41-2CC029OD-ORG-69b865fc74b77.png,https://cdn2.marondahomes.com/assets/moveinready-photos/41/2CC029OD/41-2CC029OD-ORG-69bac9c69e60b.jpg,https://cdn2.marondahomes.com/assets/moveinready-photos/41/2CC029OD/41-2CC029OD-ORG-69e662a479269.jpg,https://cdn2.marondahomes.com/assets/moveinready-photos/41/2CC029OD/41-2CC029OD-ORG-69ea43ef5ff26.jpg,https://cdn2.marondahomes.com/assets/moveinready-photos/41/2CC029OD/41-2CC029OD-LRG-68f248c535ca6.jpg"
https://www.marondahomes.com/fl/palm-bay/palm-bay-32909/job-31041174.html,,Palm Bay,,,"2940 Tolman Ave Se, Palm Bay, FL 32909",Palm Bay,FL,32909,Brevard County,Sun: 12:00 PM-6:00 PM | Mon: 12:00 PM-6:00 PM | Tue: 10:00 AM-6:00 PM | Wed: 10:00 AM-6:00 PM | Thu: 10:00 AM-6:00 PM | Fri: 10:00 AM-6:00 PM | Sat: 10:00 AM-6:00 PM,,https://www.marondahomes.com/,,Maronda Homes,SFD,Y,,,Y,2,,Y,Shopping | Dining | Parks | Golf | Fitness | Hospitals,,"Palm Bay offers single-family homes on spacious ¼-acre homesites, offering the most personalized options available. Perfectly located between Jacksonville and Miami. Now selling a variety of Move-In Ready homes with special incentives – lot price included! Visit our model home today or connect with our team to learn more.",,,,,,,,,,,,,,,,,,,,,,,,Violet,,3,2,,,Garage,,2,1443,3059,294900,424900,,,,,,
https://www.marondahomes.com/fl/leesburg/oakstone-farms-34788/job-2hl01701.html,,Oakstone Farms,,,"8634 Oakstone Cr, Leesburg, FL 34748",Leesburg,FL,34748,Lake County,Sun: 12:00 PM-6:00 PM | Mon: 12:00 PM-6:00 PM | Tue: 10:00 AM-6:00 PM | Wed: 10:00 AM-6:00 PM | Thu: 10:00 AM-6:00 PM | Fri: 10:00 AM-6:00 PM | Sat: 10:00 AM-6:00 PM,407-305-7632,https://www.marondahomes.com/,,Maronda Homes,SFD,Y,,,Y,2,,Y,Shopping | Dining | Parks | Fitness | Hospitals,,"Welcome home to Oakstone Farms, the best price for a new home featuring an attached, in-law suite, just 5.5 miles from Downtown Leesburg. Live in the heart of Leesburg without the hustle of Orlando’s metro population, yet easy to get to everyday essentials. Now selling - visit our model home today!",,,,,,,,,,,,,,,,,,,,,,,,Miramar,,4,3,,,Garage,,2,2154,3059,373990,374990,,,,,,
https://www.marondahomes.com/fl/lady-lake/the-reserve-at-hammock-oaks-32159/job-2ho02701.html,,The Reserve At Hammock Oaks,,,"808 Sunshower Dr, Lady Lake, FL 32159",Lady Lake,FL,32159,Lake County,Sun: 12:00 PM-6:00 PM | Mon: 12:00 PM-6:00 PM | Tue: 10:00 AM-6:00 PM | Wed: 10:00 AM-6:00 PM | Thu: 10:00 AM-6:00 PM | Fri: 10:00 AM-6:00 PM | Sat: 10:00 AM-6:00 PM,407-305-7632,https://www.marondahomes.com/,,Maronda Homes,SFD,Y,,,Y,2,,Y,Shopping | Dining | Parks | Golf | Fitness | Hospitals,,"The only new homes with oversized homesites and included 3-car garages. Enjoy a quick, 1-mile to The Villages and resort-style amenities within the community. Now selling - schedule a visit to our model home today!",,,,,,,,,,,,,,,,,,,,,,,,Ashton,"Welcome to The Ashton – Thoughtful Design, Lasting Comfort Experience The Ashton, a beautifully designed single-story home that balances comfort, style, and versatility. From the charming covered front porch to the inviting foyer, every detail creates a warm and welcoming atmosphere. Just off the foyer, a flexible space adapts effortlessly to your lifestyle—use it as a dining room, home office, or bonus room. The open-concept great room flows seamlessly into the kitchen, where a large center island becomes the heart of the home—perfect for cooking, dining, and entertaining. Enjoy Florida living at its best on the spacious screened-in, covered lanai—ideal for outdoor gatherings and year-round relaxation. The split floor plan provides privacy, placing the owner’s suite apart from the two secondary bedrooms. The owner’s retreat offers a luxurious private bath with a tiled walk-in shower, double vanity, enclosed water closet, and two walk-in closets. The secondary bedrooms share a full hallway bath featuring a tub/shower combination and a single-sink vanity. Convenience is built in, with a well-appointed laundry room that includes a pass-through to the expansive 3-car garage. Though...",3,2,,,Garage,,2,1760,3059,359990,427990,,,,,,"https://cdn2.marondahomes.com/assets/moveinready-photos/41/2HO02701/41-2HO02701-ORG-69e133b1a3a41.jpg,https://cdn2.marondahomes.com/assets/moveinready-photos/41/2HO02701/41-2HO02701-ORG-6908c74fdc11b.png,https://cdn2.marondahomes.com/assets/moveinready-photos/41/2HO02701/41-2HO02701-ORG-6908c72c482cd.jpg,https://cdn2.marondahomes.com/assets/moveinready-photos/41/2HO02701/41-2HO02701-ORG-6908c730345c6.jpg,https://cdn2.marondahomes.com/assets/moveinready-photos/41/2HO02701/41-2HO02701-ORG-6908c737e9501.jpg,https://cdn2.marondahomes.com/assets/moveinready-photos/41/2HO02701/41-2HO02701-ORG-6908c746a599c.jpg,https://cdn2.marondahomes.com/assets/moveinready-photos/41/2HO02701/41-2HO02701-ORG-6908c73b7d408.jpg,https://cdn2.marondahomes.com/assets/moveinready-photos/41/2HO02701/41-2HO02701-ORG-6908c733e3769.jpg,https://cdn2.marondahomes.com/assets/moveinready-photos/41/2HO02701/41-2HO02701-ORG-6908c74aa2e95.jpg,https://cdn2.marondahomes.com/assets/moveinready-photos/41/2HO02701/41-2HO02701-ORG-6908c74056585.jpg,https://cdn2.marondahomes.com/assets/moveinready-photos/41/2LC019PS/41-2LC019PS-LRG-67eaaa29ad5be.jpg,https://cdn2.marondahomes.com/assets/moveinready-photos/41/2HO02701/41-2HO02701-LRG-69e133b1a3a41.jpg"
https://www.marondahomes.com/fl/winter-haven/villamar-33884/job-2vm18501.html,,Villamar,,,"2747 San Marco Way, Winter Haven, FL 33884",Winter Haven,FL,33884,Polk County,Sun: 12:00 PM-6:00 PM | Mon: 12:00 PM-6:00 PM | Tue: Closed | Wed: Closed | Thu: 10:00 AM-6:00 PM | Fri: 10:00 AM-6:00 PM | Sat: 10:00 AM-6:00 PM,407-305-7632,https://www.marondahomes.com/,,Maronda Homes,SFD,,,,Y,2,,Y,Shopping | Dining | Parks | Golf | Fitness | Hospitals,,"Maronda Homes is the only builder in Villamar that gives you the ability to personalize your floor plan’s structural options, down to your cabinets and flooring. Stop by our model home to learn more!",,,,,,,,,,,,,,,,,,,,,,,,Vista,,3,2,,,Garage,,2,1680,2298,299990,356990,,,,,,"https://cdn2.marondahomes.com/assets/moveinready-photos/41/2VM18501/41-2VM18501-ORG-691f6715d4be5.jpg,https://cdn2.marondahomes.com/assets/moveinready-photos/41/2VM18501/41-2VM18501-ORG-691f672ed8665.jpg,https://cdn2.marondahomes.com/assets/moveinready-photos/41/2VM18501/41-2VM18501-ORG-691f672f6381b.jpg,https://cdn2.marondahomes.com/assets/moveinready-photos/41/2VM18501/41-2VM18501-ORG-691f672fd7fc6.jpg,https://cdn2.marondahomes.com/assets/moveinready-photos/41/2VM18501/41-2VM18501-ORG-691f673d0b368.jpg,https://cdn2.marondahomes.com/assets/moveinready-photos/41/2VM18501/41-2VM18501-ORG-691f673c8fa13.jpg,https://cdn2.marondahomes.com/assets/moveinready-photos/41/2VM18501/41-2VM18501-ORG-691f69078bc6c.jpg,https://cdn2.marondahomes.com/assets/moveinready-photos/41/2VM18501/41-2VM18501-ORG-691f6905ac20f.jpg,https://cdn2.marondahomes.com/assets/moveinready-photos/41/2VM18501/41-2VM18501-ORG-691f6905393af.jpg,https://cdn2.marondahomes.com/assets/moveinready-photos/41/2VM18501/41-2VM18501-ORG-691f690627dd7.jpg,https://cdn2.marondahomes.com/assets/moveinready-photos/41/2VM18501/41-2VM18501-ORG-691f6909a5748.jpg,https://cdn2.marondahomes.com/assets/moveinready-photos/41/2VM18501/41-2VM18501-ORG-691f690c06005.jpg,https://cdn2.marondahomes.com/assets/moveinready-photos/41/2VM18501/41-2VM18501-ORG-691f690ce2adf.jpg,https://cdn2.marondahomes.com/assets/moveinready-photos/41/2VM18501/41-2VM18501-ORG-691f690a93afc.jpg,https://cdn2.marondahomes.com/assets/moveinready-photos/41/2VM18501/41-2VM18501-ORG-691f690b10819.jpg,https://cdn2.marondahomes.com/assets/moveinready-photos/41/2VM18501/41-2VM18501-ORG-691f690b8b899.jpg,https://cdn2.marondahomes.com/assets/moveinready-photos/41/2VM18501/41-2VM18501-ORG-691f690dc7b8c.jpg,https://cdn2.marondahomes.com/assets/moveinready-photos/41/2VM18501/41-2VM18501-ORG-691f690e3dc43.jpg,https://cdn2.marondahomes.com/assets/moveinready-photos/41/2VM18501/41-2VM18501-ORG-691f690d5acab.jpg,https://cdn2.marondahomes.com/assets/moveinready-photos/41/2VM18501/41-2VM18501-ORG-691f6907155b7.jpg,https://cdn2.marondahomes.com/assets/moveinready-photos/41/2VM18501/41-2VM18501-ORG-691f69080fb05.jpg,https://cdn2.marondahomes.com/assets/moveinready-photos/41/2VM18501/41-2VM18501-ORG-691f690927175.jpg,https://cdn2.marondahomes.com/assets/moveinready-photos/41/2VM18501/41-2VM18501-ORG-69401a3d0b6e9.jpeg,https://cdn2.marondahomes.com/assets/moveinready-photos/41/2VM18501/41-2VM18501-ORG-69401a56b70d2.jpeg,https://cdn2.marondahomes.com/assets/moveinready-photos/41/2VM18501/41-2VM18501-ORG-69401a61cf349.jpeg,https://cdn2.marondahomes.com/assets/moveinready-photos/41/2VM18501/41-2VM18501-ORG-69401a6bcd9b4.jpeg,https://cdn2.marondahomes.com/assets/moveinready-photos/41/2VM18501/41-2VM18501-ORG-69401a7ac5dcc.jpeg,https://cdn2.marondahomes.com/assets/moveinready-photos/41/2VM18501/41-2VM18501-ORG-69401a857a541.jpeg,https://cdn2.marondahomes.com/assets/moveinready-photos/41/2VM18501/41-2VM18501-ORG-69401aa29af74.jpeg,https://cdn2.marondahomes.com/assets/moveinready-photos/41/2VM18501/41-2VM18501-ORG-69401ab370c0d.jpeg,https://cdn2.marondahomes.com/assets/moveinready-photos/41/2VM18501/41-2VM18501-ORG-69401abcc1468.jpeg,https://cdn2.marondahomes.com/assets/moveinready-photos/41/2VM18501/41-2VM18501-ORG-69401ac84e23c.jpeg,https://cdn2.marondahomes.com/assets/moveinready-photos/41/2VM18501/41-2VM18501-ORG-69401ade6cf53.jpeg,https://cdn2.marondahomes.com/assets/moveinready-photos/41/2VM18501/41-2VM18501-ORG-69401aea2c8aa.jpeg,https://cdn2.marondahomes.com/assets/moveinready-photos/41/2VM18501/41-2VM18501-ORG-69401af86288f.jpeg,https://cdn2.marondahomes.com/assets/moveinready-photos/41/2VM18501/41-2VM18501-ORG-69401b066f448.jpeg,https://cdn2.marondahomes.com/assets/moveinready-photos/41/2VM18501/41-2VM18501-ORG-69401b1469b8c.jpeg,https://cdn2.marondahomes.com/assets/moveinready-photos/41/2VM18501/41-2VM18501-ORG-69401b21b1677.jpeg,https://cdn2.marondahomes.com/assets/moveinready-photos/41/2VM18501/41-2VM18501-ORG-69401b2c4831a.jpeg,https://cdn2.marondahomes.com/assets/moveinready-photos/41/2VM18501/41-2VM18501-ORG-69401b391dbe5.jpeg,https://cdn2.marondahomes.com/assets/moveinready-photos/41/2VM18501/41-2VM18501-ORG-69401b41ebf0f.jpeg,https://cdn2.marondahomes.com/assets/moveinready-photos/41/2VM18501/41-2VM18501-LRG-691f6715d4be5.jpg"
https://www.marondahomes.com/fl/alachua/briarwood-32615/job-9ba24601.html,,Briarwood,,,"16815 Nw 176th Terrace, Alachua, FL 32615",Alachua,FL,32615,Alachua County,Sun: 12:00 PM-6:00 PM | Mon: 12:00 PM-6:00 PM | Tue: 10:00 AM-6:00 PM | Wed: 10:00 AM-6:00 PM | Thu: 10:00 AM-6:00 PM | Fri: 10:00 AM-6:00 PM | Sat: 10:00 AM-6:00 PM,904-606-8849,https://www.marondahomes.com/,,Maronda Homes,SFD,Y,,,Y,2,,Y,Shopping | Dining | Parks | Fitness | Hospitals,,"Briarwood offers the best value for a new home in Alachua. Offering block construction and 3 car garages on select home designs, just 15 minutes from Gainesville. Schedule your personalized visit today!",,,,,,,,,,,,,,,,,,,,,,,,Maple,,4,2,,,Garage,,2,1876,3059,358900,459900,,,,,,https://cdn2.marondahomes.com/assets/moveinready-photos/43/MO078203/43-MO078203-LRG-69a9d94f8b24c.jpg
https://www.marondahomes.com/fl/pensacola/seminole-bend-32526/job-4sb00123.html,,Seminole Bend,,,"10798 Lucie Court, Pensacola, FL 32526",Pensacola,FL,32526,Escambia County,Sun: 12:00 PM-6:00 PM | Mon: 10:00 AM-6:00 PM | Tue: 10:00 AM-6:00 PM | Wed: 12:00 PM-6:00 PM | Thu: 10:00 AM-6:00 PM | Fri: 10:00 AM-6:00 PM | Sat: 10:00 AM-6:00 PM,850-970-7435,https://www.marondahomes.com/,,Maronda Homes,SFD,Y,,,Y,2,,Y,Shopping | Dining | Parks | Fitness | Hospitals,,"Introducing Seminole Bend, the only new community without back-to-back neighbors and only 3 miles to the Navy Federal Credit Union. Now selling - schedule a tour of our model home today!",,,,,,,,,,,,,,,,,,,,,,,,Carlisle,,4,2,1,,Garage,,2,2802,3662,472250,482180,,,,,,https://cdn2.marondahomes.com/assets/moveinready-photos/49/4SB00135/49-4SB00135-LRG-69e0fb2f99395.jpg
https://www.marondahomes.com/pa/butler/the-oaks-at-dutchtown-16002/job-dut22.html,,The Oaks At Dutchtown,,,"110 July Drive, Butler, PA 16002",Butler,PA,16002,Butler County,Sun: 12:00 PM-6:00 PM | Mon: Appointments Only | Tue: Appointments Only | Wed: 12:00 PM-6:00 PM | Thu: 10:00 AM-6:00 PM | Fri: 10:00 AM-6:00 PM | Sat: 10:00 AM-6:00 PM,412-838-3818,https://www.marondahomes.com/,,Maronda Homes,SFD,Y,,,Y,2,,Y,Shopping | Dining | Parks | Fitness | Hospitals,,The Oaks at Dutchtown is the newest community of ranch homes with personalization available and low Butler Township taxes. Only 62 homesites available! Now selling - schedule a tour of brand new model home today.,,,,,,,,,,,,,,,,,,,,,,,,Miramar,,3,2,,,Garage,,2,3594,3594,408525,408525,,,,,,https://cdn2.marondahomes.com/assets/moveinready-photos/3/AV6116/3-AV6116-LRG-69dcfb872df4b.jpg
https://www.marondahomes.com/fl/lakeland/oak-creek-preserve-townhomes-33803/job-7oc09531.html,,Oak Creek Preserve,,,"3512 Eagle Crossing Way, Lakeland, FL 33803",Lakeland,FL,33803,Polk County,Sun: 12:00 PM-6:00 PM | Mon: 12:00 PM-6:00 PM | Tue: 10:00 AM-6:00 PM | Wed: 10:00 AM-6:00 PM | Thu: 10:00 AM-6:00 PM | Fri: 10:00 AM-6:00 PM | Sat: 10:00 AM-6:00 PM,863-591-6631,https://www.marondahomes.com/,,Maronda Homes,SFA,Y,,,Y,1,,Y,Shopping | Dining | Parks | Golf | Fitness | Hospitals,,"Introducing Oak Creek Preserve, the only new townhome community offering 3 bedroom, 2.5 bath, and 1 car oversized garages in Lakeland, Florida. Visit us at our model home today!",,,,,,,,,,,,,,,,,,,,,,,,St. Augustine,,3,2,1,,Garage,,1,1674,1694,274900,350000,,,,,,
https://www.marondahomes.com/oh/columbus/spangler-farms-townhomes-43207/job-spt005c.html,,Spangler Farms,,,"2663 Meigs Dr., Columbus, OH 43207",Columbus,OH,43207,Franklin County,Sun: 12:00 PM-6:00 PM | Mon: 10:00 AM-6:00 PM | Tue: 10:00 AM-6:00 PM | Wed: 12:00 PM-6:00 PM | Thu: 10:00 AM-6:00 PM | Fri: 10:00 AM-6:00 PM | Sat: 10:00 AM-6:00 PM,740-481-8301,https://www.marondahomes.com/,,Maronda Homes,SFA,Y,,,Y,2,,Y,Shopping | Dining | Parks | Fitness | Hospitals,,"Welcome home to Spangler Farms, new townhomes just 8 miles from Downtown Columbus and close to everyday essentials. New model opening soon! Schedule your visit today.",,,,,,,,,,,,,,,,,,,,,,,,St Martin,,3,2,1,,Garage,,2,1565,1772,289490,350000,,,,,,"https://cdn2.marondahomes.com/assets/moveinready-photos/9/WC031D01/9-WC031D01-LRG-69694523c2d9d.jpg,https://cdn2.marondahomes.com/assets/moveinready-photos/9/SPT020E/9-SPT020E-LRG-696955bdda024.jpg,https://cdn2.marondahomes.com/assets/moveinready-photos/9/CC0019B/9-CC0019B-LRG-696947c250bbd.jpg,https://cdn2.marondahomes.com/assets/moveinready-photos/9/CC0019E/9-CC0019E-LRG-696948434f8fd.jpg,https://cdn2.marondahomes.com/assets/moveinready-photos/9/CC0019D/9-CC0019D-LRG-696947fd8b433.jpg,https://cdn2.marondahomes.com/assets/moveinready-photos/9/DC41/9-DC41-LRG-69e29fe82ce13.jpg,https://cdn2.marondahomes.com/assets/moveinready-photos/9/DC42/9-DC42-LRG-69e2a0ea7c8d7.jpg,https://cdn2.marondahomes.com/assets/moveinready-photos/9/DC37/9-DC37-LRG-69e29e70d44e3.jpg"
https://www.marondahomes.com/oh/columbus/spangler-farms-townhomes-43207/job-spt005f.html,,Spangler Farms,,,"2651 Meigs Dr., Columbus, OH 43207",Columbus,OH,43207,Franklin County,Sun: 12:00 PM-6:00 PM | Mon: 10:00 AM-6:00 PM | Tue: 10:00 AM-6:00 PM | Wed: 12:00 PM-6:00 PM | Thu: 10:00 AM-6:00 PM | Fri: 10:00 AM-6:00 PM | Sat: 10:00 AM-6:00 PM,740-481-8301,https://www.marondahomes.com/,,Maronda Homes,SFA,Y,,,Y,2,,Y,Shopping | Dining | Parks | Fitness | Hospitals,,"Welcome home to Spangler Farms, new townhomes just 8 miles from Downtown Columbus and close to everyday essentials. New model opening soon! Schedule your visit today.",,,,,,,,,,,,,,,,,,,,,,,,St Martin,,3,2,1,,Garage,,2,1565,1772,307860,350000,,,,,,"https://cdn2.marondahomes.com/assets/moveinready-photos/9/WC031D01/9-WC031D01-LRG-69694523c2d9d.jpg,https://cdn2.marondahomes.com/assets/moveinready-photos/9/SPT020E/9-SPT020E-LRG-696955bdda024.jpg,https://cdn2.marondahomes.com/assets/moveinready-photos/9/CC0019B/9-CC0019B-LRG-696947c250bbd.jpg,https://cdn2.marondahomes.com/assets/moveinready-photos/9/CC0019E/9-CC0019E-LRG-696948434f8fd.jpg,https://cdn2.marondahomes.com/assets/moveinready-photos/9/CC0019D/9-CC0019D-LRG-696947fd8b433.jpg,https://cdn2.marondahomes.com/assets/moveinready-photos/9/DC41/9-DC41-LRG-69e29fe82ce13.jpg,https://cdn2.marondahomes.com/assets/moveinready-photos/9/DC42/9-DC42-LRG-69e2a0ea7c8d7.jpg,https://cdn2.marondahomes.com/assets/moveinready-photos/9/DC37/9-DC37-LRG-69e29e70d44e3.jpg"
https://www.marondahomes.com/oh/columbus/spangler-farms-townhomes-43207/job-spt005e.html,,Spangler Farms,,,"2655 Meigs Dr., Columbus, OH 43207",Columbus,OH,43207,Franklin County,Sun: 12:00 PM-6:00 PM | Mon: 10:00 AM-6:00 PM | Tue: 10:00 AM-6:00 PM | Wed: 12:00 PM-6:00 PM | Thu: 10:00 AM-6:00 PM | Fri: 10:00 AM-6:00 PM | Sat: 10:00 AM-6:00 PM,740-481-8301,https://www.marondahomes.com/,,Maronda Homes,SFA,Y,,,Y,2,,Y,Shopping | Dining | Parks | Fitness | Hospitals,,"Welcome home to Spangler Farms, new townhomes just 8 miles from Downtown Columbus and close to everyday essentials. New model opening soon! Schedule your visit today.",,,,,,,,,,,,,,,,,,,,,,,,St Martin,,3,2,1,,Garage,,2,1565,1772,292490,350000,,,,,,"https://cdn2.marondahomes.com/assets/moveinready-photos/9/WC031D01/9-WC031D01-LRG-69694523c2d9d.jpg,https://cdn2.marondahomes.com/assets/moveinready-photos/9/SPT020E/9-SPT020E-LRG-696955bdda024.jpg,https://cdn2.marondahomes.com/assets/moveinready-photos/9/CC0019B/9-CC0019B-LRG-696947c250bbd.jpg,https://cdn2.marondahomes.com/assets/moveinready-photos/9/CC0019E/9-CC0019E-LRG-696948434f8fd.jpg,https://cdn2.marondahomes.com/assets/moveinready-photos/9/CC0019D/9-CC0019D-LRG-696947fd8b433.jpg,https://cdn2.marondahomes.com/assets/moveinready-photos/9/DC41/9-DC41-LRG-69e29fe82ce13.jpg,https://cdn2.marondahomes.com/assets/moveinready-photos/9/DC42/9-DC42-LRG-69e2a0ea7c8d7.jpg,https://cdn2.marondahomes.com/assets/moveinready-photos/9/DC37/9-DC37-LRG-69e29e70d44e3.jpg"
https://www.marondahomes.com/oh/columbus/spangler-farms-townhomes-43207/job-spt005b.html,,Spangler Farms,,,"2667 Meigs Dr., Columbus, OH 43207",Columbus,OH,43207,Franklin County,Sun: 12:00 PM-6:00 PM | Mon: 10:00 AM-6:00 PM | Tue: 10:00 AM-6:00 PM | Wed: 12:00 PM-6:00 PM | Thu: 10:00 AM-6:00 PM | Fri: 10:00 AM-6:00 PM | Sat: 10:00 AM-6:00 PM,740-481-8301,https://www.marondahomes.com/,,Maronda Homes,SFA,Y,,,Y,2,,Y,Shopping | Dining | Parks | Fitness | Hospitals,,"Welcome home to Spangler Farms, new townhomes just 8 miles from Downtown Columbus and close to everyday essentials. New model opening soon! Schedule your visit today.",,,,,,,,,,,,,,,,,,,,,,,,St Martin,,3,2,1,,Garage,,2,1565,1772,292105,350000,,,,,,"https://cdn2.marondahomes.com/assets/moveinready-photos/9/WC031D01/9-WC031D01-LRG-69694523c2d9d.jpg,https://cdn2.marondahomes.com/assets/moveinready-photos/9/SPT020E/9-SPT020E-LRG-696955bdda024.jpg,https://cdn2.marondahomes.com/assets/moveinready-photos/9/CC0019B/9-CC0019B-LRG-696947c250bbd.jpg,https://cdn2.marondahomes.com/assets/moveinready-photos/9/CC0019E/9-CC0019E-LRG-696948434f8fd.jpg,https://cdn2.marondahomes.com/assets/moveinready-photos/9/CC0019D/9-CC0019D-LRG-696947fd8b433.jpg,https://cdn2.marondahomes.com/assets/moveinready-photos/9/DC41/9-DC41-LRG-69e29fe82ce13.jpg,https://cdn2.marondahomes.com/assets/moveinready-photos/9/DC42/9-DC42-LRG-69e2a0ea7c8d7.jpg,https://cdn2.marondahomes.com/assets/moveinready-photos/9/DC37/9-DC37-LRG-69e29e70d44e3.jpg"
https://www.marondahomes.com/oh/columbus/spangler-farms-townhomes-43207/job-spt005d.html,,Spangler Farms,,,"2659 Meigs Dr., Columbus, OH 43207",Columbus,OH,43207,Franklin County,Sun: 12:00 PM-6:00 PM | Mon: 10:00 AM-6:00 PM | Tue: 10:00 AM-6:00 PM | Wed: 12:00 PM-6:00 PM | Thu: 10:00 AM-6:00 PM | Fri: 10:00 AM-6:00 PM | Sat: 10:00 AM-6:00 PM,740-481-8301,https://www.marondahomes.com/,,Maronda Homes,SFA,Y,,,Y,2,,Y,Shopping | Dining | Parks | Fitness | Hospitals,,"Welcome home to Spangler Farms, new townhomes just 8 miles from Downtown Columbus and close to everyday essentials. New model opening soon! Schedule your visit today.",,,,,,,,,,,,,,,,,,,,,,,,St Martin,,3,2,1,,Garage,,2,1565,1772,291105,350000,,,,,,"https://cdn2.marondahomes.com/assets/moveinready-photos/9/WC031D01/9-WC031D01-LRG-69694523c2d9d.jpg,https://cdn2.marondahomes.com/assets/moveinready-photos/9/SPT020E/9-SPT020E-LRG-696955bdda024.jpg,https://cdn2.marondahomes.com/assets/moveinready-photos/9/CC0019B/9-CC0019B-LRG-696947c250bbd.jpg,https://cdn2.marondahomes.com/assets/moveinready-photos/9/CC0019E/9-CC0019E-LRG-696948434f8fd.jpg,https://cdn2.marondahomes.com/assets/moveinready-photos/9/CC0019D/9-CC0019D-LRG-696947fd8b433.jpg,https://cdn2.marondahomes.com/assets/moveinready-photos/9/DC41/9-DC41-LRG-69e29fe82ce13.jpg,https://cdn2.marondahomes.com/assets/moveinready-photos/9/DC42/9-DC42-LRG-69e2a0ea7c8d7.jpg,https://cdn2.marondahomes.com/assets/moveinready-photos/9/DC37/9-DC37-LRG-69e29e70d44e3.jpg"
https://www.marondahomes.com/oh/reynoldsburg/willow-reserve-townhomes-43068/job-wc020a01.html,,Willow Reserve Townhomes,,,"125 Goat Willow Drive Etna, Reynoldsburg, OH 43068",Reynoldsburg,OH,43068,Licking County,Sun: 12:00 PM-6:00 PM | Mon: 10:00 AM-6:00 PM | Tue: 10:00 AM-6:00 PM | Wed: 12:00 PM-6:00 PM | Thu: 10:00 AM-6:00 PM | Fri: 10:00 AM-6:00 PM | Sat: 10:00 AM-6:00 PM,740-481-8301,https://www.marondahomes.com/,,Maronda Homes,SFA,Y,,,Y,2,,Y,Shopping | Dining | Parks | Golf | Fitness | Hospitals,,"Introducing Willow Reserve, spacious new townhomes in Etna and the top-rated Southwest Licking School District.* Visit our model home today!",,,,,,,,,,,,,,,,,,,,,,,,St Martin,,3,2,1,,Garage,,2,1565,1772,303675,350000,,,,,,"https://cdn2.marondahomes.com/assets/moveinready-photos/9/WC031D01/9-WC031D01-LRG-69694523c2d9d.jpg,https://cdn2.marondahomes.com/assets/moveinready-photos/9/SPT020E/9-SPT020E-LRG-696955bdda024.jpg,https://cdn2.marondahomes.com/assets/moveinready-photos/9/CC0019B/9-CC0019B-LRG-696947c250bbd.jpg,https://cdn2.marondahomes.com/assets/moveinready-photos/9/CC0019E/9-CC0019E-LRG-696948434f8fd.jpg,https://cdn2.marondahomes.com/assets/moveinready-photos/9/CC0019D/9-CC0019D-LRG-696947fd8b433.jpg,https://cdn2.marondahomes.com/assets/moveinready-photos/9/DC41/9-DC41-LRG-69e29fe82ce13.jpg,https://cdn2.marondahomes.com/assets/moveinready-photos/9/DC42/9-DC42-LRG-69e2a0ea7c8d7.jpg,https://cdn2.marondahomes.com/assets/moveinready-photos/9/DC37/9-DC37-LRG-69e29e70d44e3.jpg"
https://www.marondahomes.com/oh/reynoldsburg/willow-reserve-townhomes-43068/job-wc020e01.html,,Willow Reserve Townhomes,,,"133 Goat Willow Drive Etna, Reynoldsburg, OH 43068",Reynoldsburg,OH,43068,Licking County,Sun: 12:00 PM-6:00 PM | Mon: 10:00 AM-6:00 PM | Tue: 10:00 AM-6:00 PM | Wed: 12:00 PM-6:00 PM | Thu: 10:00 AM-6:00 PM | Fri: 10:00 AM-6:00 PM | Sat: 10:00 AM-6:00 PM,740-481-8301,https://www.marondahomes.com/,,Maronda Homes,SFA,Y,,,Y,2,,Y,Shopping | Dining | Parks | Golf | Fitness | Hospitals,,"Introducing Willow Reserve, spacious new townhomes in Etna and the top-rated Southwest Licking School District.* Visit our model home today!",,,,,,,,,,,,,,,,,,,,,,,,St Martin,,3,2,1,,Garage,,2,1565,1772,302675,350000,,,,,,"https://cdn2.marondahomes.com/assets/moveinready-photos/9/WC031D01/9-WC031D01-LRG-69694523c2d9d.jpg,https://cdn2.marondahomes.com/assets/moveinready-photos/9/SPT020E/9-SPT020E-LRG-696955bdda024.jpg,https://cdn2.marondahomes.com/assets/moveinready-photos/9/CC0019B/9-CC0019B-LRG-696947c250bbd.jpg,https://cdn2.marondahomes.com/assets/moveinready-photos/9/CC0019E/9-CC0019E-LRG-696948434f8fd.jpg,https://cdn2.marondahomes.com/assets/moveinready-photos/9/CC0019D/9-CC0019D-LRG-696947fd8b433.jpg,https://cdn2.marondahomes.com/assets/moveinready-photos/9/DC41/9-DC41-LRG-69e29fe82ce13.jpg,https://cdn2.marondahomes.com/assets/moveinready-photos/9/DC42/9-DC42-LRG-69e2a0ea7c8d7.jpg,https://cdn2.marondahomes.com/assets/moveinready-photos/9/DC37/9-DC37-LRG-69e29e70d44e3.jpg"
https://www.marondahomes.com/oh/reynoldsburg/willow-reserve-townhomes-43068/job-wc020c01.html,,Willow Reserve Townhomes,,,"129 Goat Willow Drive Etna, Reynoldsburg, OH 43068",Reynoldsburg,OH,43068,Licking County,Sun: 12:00 PM-6:00 PM | Mon: 10:00 AM-6:00 PM | Tue: 10:00 AM-6:00 PM | Wed: 12:00 PM-6:00 PM | Thu: 10:00 AM-6:00 PM | Fri: 10:00 AM-6:00 PM | Sat: 10:00 AM-6:00 PM,740-481-8301,https://www.marondahomes.com/,,Maronda Homes,SFA,Y,,,Y,2,,Y,Shopping | Dining | Parks | Golf | Fitness | Hospitals,,"Introducing Willow Reserve, spacious new townhomes in Etna and the top-rated Southwest Licking School District.* Visit our model home today!",,,,,,,,,,,,,,,,,,,,,,,,St Martin,,3,2,1,,Garage,,2,1565,1772,289105,350000,,,,,,"https://cdn2.marondahomes.com/assets/moveinready-photos/9/WC031D01/9-WC031D01-LRG-69694523c2d9d.jpg,https://cdn2.marondahomes.com/assets/moveinready-photos/9/SPT020E/9-SPT020E-LRG-696955bdda024.jpg,https://cdn2.marondahomes.com/assets/moveinready-photos/9/CC0019B/9-CC0019B-LRG-696947c250bbd.jpg,https://cdn2.marondahomes.com/assets/moveinready-photos/9/CC0019E/9-CC0019E-LRG-696948434f8fd.jpg,https://cdn2.marondahomes.com/assets/moveinready-photos/9/CC0019D/9-CC0019D-LRG-696947fd8b433.jpg,https://cdn2.marondahomes.com/assets/moveinready-photos/9/DC41/9-DC41-LRG-69e29fe82ce13.jpg,https://cdn2.marondahomes.com/assets/moveinready-photos/9/DC42/9-DC42-LRG-69e2a0ea7c8d7.jpg,https://cdn2.marondahomes.com/assets/moveinready-photos/9/DC37/9-DC37-LRG-69e29e70d44e3.jpg"
https://www.marondahomes.com/fl/punta-gorda/deep-creek-33983/job-7dc15724.html,,Deep Creek,,,"1498 Wassail Lane, Punta Gorda, FL 33983",Punta Gorda,FL,33983,Charlotte County,Sun: 12:00 PM-6:00 PM | Mon: 12:00 PM-6:00 PM | Tue: 10:00 AM-6:00 PM | Wed: 10:00 AM-6:00 PM | Thu: 10:00 AM-6:00 PM | Fri: 10:00 AM-6:00 PM | Sat: 10:00 AM-6:00 PM,863-591-5670,https://www.marondahomes.com/,,Maronda Homes,SFD,Y,,,Y,2,,Y,Shopping | Dining | Parks | Golf | Fitness | Hospitals,,"Introducing Deep Creek, the only builder offering new, personalized features with standard 3-car garages, the most storage and flex space, and a full “we buy the lot for you” solution. Visit our model home today!",,,,,,,,,,,,,,,,,,,,,,,,Harmony,,4,3,,,Garage,,2,2471,3282,419900,429900,,,,,,
https://www.marondahomes.com/al/foley/foley-pointe-36535/job-3cb00144.html,,Foley Pointe,,,"18140 Kent Circle, Foley, AL 36535",Foley,AL,36535,Baldwin County,Sun: 12:00 PM-6:00 PM | Mon: 10:00 AM-6:00 PM | Tue: 10:00 AM-6:00 PM | Wed: 12:00 PM-6:00 PM | Thu: 10:00 AM-6:00 PM | Fri: 10:00 AM-6:00 PM | Sat: 10:00 AM-6:00 PM,251-270-2458,https://www.marondahomes.com/,,Maronda Homes,SFD,Y,,,Y,2,,Y,Shopping | Dining | Parks | Golf | Fitness | Hospitals,,"Foley Pointe is a new construction, single-family community with the only opportunity to personalize a new home in Foley, just 20 minutes from the beach. Now selling - visit our model home today!",,,,,,,,,,,,,,,,,,,,,,,,Ashton,,3,2,,,Garage,,2,1760,3059,346200,382400,,,,,,
https://www.marondahomes.com/fl/bellview/bellview-pointe-32526/job-4bv00150.html,,Bellview Pointe,,,"2938 Bellview Point Cir Pensacola, Bellview, FL 32526",Bellview,FL,32526,Escambia County,Sun: 12:00 PM-6:00 PM | Mon: 10:00 AM-6:00 PM | Tue: 10:00 AM-6:00 PM | Wed: 12:00 PM-6:00 PM | Thu: 10:00 AM-6:00 PM | Fri: 10:00 AM-6:00 PM | Sat: 10:00 AM-6:00 PM,850-970-7435,https://www.marondahomes.com/,,Maronda Homes,SFD,Y,,,Y,2,,Y,Shopping | Dining | Parks | Golf | Fitness | Hospitals,,"Bellview Pointe is a single-family community with new homes featuring cul-de-sac streets and offering the ability to personalize your home within 8 miles of Navy Federal Credit Union. Your new home will have convenient access to shopping, dining in historic Downtown Pensacola, grocery stores, schools, medical facilities, and military bases, all within 10 miles of your community. Visit our neighboring model home today!",,,,,,,,,,,,,,,,,,,,,,,,Sycamore,,4,2,1,,Garage,,2,2284,2692,374400,374400,,,,,,
https://www.marondahomes.com/fl/bellview/bellview-pointe-32526/job-4bv00122.html,,Bellview Pointe,,,"6271 Forest Pines Drive Pensacola, Bellview, FL 32526",Bellview,FL,32526,Escambia County,Sun: 12:00 PM-6:00 PM | Mon: 10:00 AM-6:00 PM | Tue: 10:00 AM-6:00 PM | Wed: 12:00 PM-6:00 PM | Thu: 10:00 AM-6:00 PM | Fri: 10:00 AM-6:00 PM | Sat: 10:00 AM-6:00 PM,850-970-7435,https://www.marondahomes.com/,,Maronda Homes,SFD,Y,,,Y,2,,Y,Shopping | Dining | Parks | Golf | Fitness | Hospitals,,"Bellview Pointe is a single-family community with new homes featuring cul-de-sac streets and offering the ability to personalize your home within 8 miles of Navy Federal Credit Union. Your new home will have convenient access to shopping, dining in historic Downtown Pensacola, grocery stores, schools, medical facilities, and military bases, all within 10 miles of your community. Visit our neighboring model home today!",,,,,,,,,,,,,,,,,,,,,,,,Ashton,,3,2,,,Garage,,2,1760,2692,350100,374400,,,,,,
https://www.marondahomes.com/fl/lakeland/oak-creek-preserve-townhomes-33803/job-7oc11726.html,,Oak Creek Preserve,,,"3574 Summit View Wa, Lakeland, FL 33803",Lakeland,FL,33803,Polk County,Sun: 12:00 PM-6:00 PM | Mon: 12:00 PM-6:00 PM | Tue: 10:00 AM-6:00 PM | Wed: 10:00 AM-6:00 PM | Thu: 10:00 AM-6:00 PM | Fri: 10:00 AM-6:00 PM | Sat: 10:00 AM-6:00 PM,863-591-6631,https://www.marondahomes.com/,,Maronda Homes,SFA,Y,,,Y,1,,Y,Shopping | Dining | Parks | Golf | Fitness | Hospitals,,"Introducing Oak Creek Preserve, the only new townhome community offering 3 bedroom, 2.5 bath, and 1 car oversized garages in Lakeland, Florida. Visit us at our model home today!",,,,,,,,,,,,,,,,,,,,,,,,St. Augustine,,3,2,1,,Garage,,1,1674,1694,276900,350000,,,,,,
https://www.marondahomes.com/fl/lakeland/oak-creek-preserve-townhomes-33803/job-7oc11826.html,,Oak Creek Preserve,,,"3570 Summit View Way, Lakeland, FL 33803",Lakeland,FL,33803,Polk County,Sun: 12:00 PM-6:00 PM | Mon: 12:00 PM-6:00 PM | Tue: 10:00 AM-6:00 PM | Wed: 10:00 AM-6:00 PM | Thu: 10:00 AM-6:00 PM | Fri: 10:00 AM-6:00 PM | Sat: 10:00 AM-6:00 PM,863-591-6631,https://www.marondahomes.com/,,Maronda Homes,SFA,Y,,,Y,1,,Y,Shopping | Dining | Parks | Golf | Fitness | Hospitals,,"Introducing Oak Creek Preserve, the only new townhome community offering 3 bedroom, 2.5 bath, and 1 car oversized garages in Lakeland, Florida. Visit us at our model home today!",,,,,,,,,,,,,,,,,,,,,,,,St. Augustine,,3,2,1,,Garage,,1,1674,1694,286900,350000,,,,,,
https://www.marondahomes.com/al/foley/foley-pointe-36535/job-3cb00145.html,,Foley Pointe,,,"18128 Kent Circle, Foley, AL 36535",Foley,AL,36535,Baldwin County,Sun: 12:00 PM-6:00 PM | Mon: 10:00 AM-6:00 PM | Tue: 10:00 AM-6:00 PM | Wed: 12:00 PM-6:00 PM | Thu: 10:00 AM-6:00 PM | Fri: 10:00 AM-6:00 PM | Sat: 10:00 AM-6:00 PM,251-270-2458,https://www.marondahomes.com/,,Maronda Homes,SFD,Y,,,Y,2,,Y,Shopping | Dining | Parks | Golf | Fitness | Hospitals,,"Foley Pointe is a new construction, single-family community with the only opportunity to personalize a new home in Foley, just 20 minutes from the beach. Now selling - visit our model home today!",,,,,,,,,,,,,,,,,,,,,,,,Drexel,,3,2,,,Garage,,2,1987,3059,366200,382400,,,,,,
https://www.marondahomes.com/va/fredericksburg/colebrook-estates-22405/job-ce00501.html,,Colebrook Estates,,,"143 Hillsdale Dr, Fredericksburg, VA 22405",Fredericksburg,VA,22405,Stafford County,Sun: Appointments Only | Mon: Appointments Only | Tue: Appointments Only | Wed: Appointments Only | Thu: Appointments Only | Fri: Appointments Only | Sat: Appointments Only,571-322-8831,https://www.marondahomes.com/,,Maronda Homes,SFD,Y,,,Y,2,,Y,Shopping | Dining | Parks | Golf | Fitness | Hospitals,,"Welcome home to Colebrook Estates by Maronda Homes, new homes on 1 acre homesites near Downtown Fredericksburg. Schedule an appointment today!",,,,,,,,,,,,,,,,,,,,,,,,Eisenhower,,4,4,1,,Garage,,2,4716,4910,874085,874085,,,,,,
