house_url,community_url
https://www.drhorton.com/alabama/baldwin-county/orange-beach/lost-bay/qmis/4273-lost-bay-drive,https://www.drhorton.com/alabama/baldwin-county/orange-beach/lost-bay
https://www.drhorton.com/alabama/baldwin-county/orange-beach/lost-bay/qmis/4295-lost-bay-drive,https://www.drhorton.com/alabama/baldwin-county/orange-beach/lost-bay
https://www.drhorton.com/alabama/baldwin-county/orange-beach/lost-bay/qmis/4299-lost-bay-drive,https://www.drhorton.com/alabama/baldwin-county/orange-beach/lost-bay
https://www.drhorton.com/alabama/baldwin-county/orange-beach/lost-bay/qmis/4303-lost-bay-drive,https://www.drhorton.com/alabama/baldwin-county/orange-beach/lost-bay
https://www.drhorton.com/alabama/baldwin-county/orange-beach/lost-bay/qmis/4311-lost-bay-drive,https://www.drhorton.com/alabama/baldwin-county/orange-beach/lost-bay
https://www.drhorton.com/alabama/baldwin-county/orange-beach/lost-bay/floor-plans/rpex,https://www.drhorton.com/alabama/baldwin-county/orange-beach/lost-bay
https://www.drhorton.com/alabama/baldwin-county/orange-beach/lost-bay/floor-plans/rpin,https://www.drhorton.com/alabama/baldwin-county/orange-beach/lost-bay
https://www.drhorton.com/alabama/baldwin-county/foley/bienville-landing/qmis/7535-courant-cirlce,https://www.drhorton.com/alabama/baldwin-county/foley/bienville-landing
https://www.drhorton.com/alabama/baldwin-county/foley/bienville-landing/qmis/7635-sable-drive,https://www.drhorton.com/alabama/baldwin-county/foley/bienville-landing
https://www.drhorton.com/alabama/baldwin-county/foley/bienville-landing/qmis/7636-courant-circle,https://www.drhorton.com/alabama/baldwin-county/foley/bienville-landing
https://www.drhorton.com/alabama/baldwin-county/foley/bienville-landing/qmis/7723-sable-drive,https://www.drhorton.com/alabama/baldwin-county/foley/bienville-landing
https://www.drhorton.com/alabama/baldwin-county/foley/bienville-landing/qmis/7735-sable-drive,https://www.drhorton.com/alabama/baldwin-county/foley/bienville-landing
https://www.drhorton.com/alabama/baldwin-county/foley/bienville-landing/qmis/7797-courant-circle,https://www.drhorton.com/alabama/baldwin-county/foley/bienville-landing
https://www.drhorton.com/alabama/baldwin-county/foley/bienville-landing/floor-plans/3lsf,https://www.drhorton.com/alabama/baldwin-county/foley/bienville-landing
https://www.drhorton.com/alabama/baldwin-county/foley/bienville-landing/floor-plans/cami,https://www.drhorton.com/alabama/baldwin-county/foley/bienville-landing
https://www.drhorton.com/alabama/baldwin-county/foley/bienville-landing/floor-plans/deli,https://www.drhorton.com/alabama/baldwin-county/foley/bienville-landing
https://www.drhorton.com/alabama/baldwin-county/foley/bienville-landing/floor-plans/jula,https://www.drhorton.com/alabama/baldwin-county/foley/bienville-landing
https://www.drhorton.com/alabama/baldwin-county/gulf-shores/raley-farms/qmis/425-parkerman-avenue,https://www.drhorton.com/alabama/baldwin-county/gulf-shores/raley-farms
https://www.drhorton.com/alabama/baldwin-county/gulf-shores/raley-farms/qmis/495-preston-way,https://www.drhorton.com/alabama/baldwin-county/gulf-shores/raley-farms
https://www.drhorton.com/alabama/baldwin-county/gulf-shores/raley-farms/qmis/503-preston-way,https://www.drhorton.com/alabama/baldwin-county/gulf-shores/raley-farms
https://www.drhorton.com/alabama/baldwin-county/gulf-shores/raley-farms/floor-plans/5ecf,https://www.drhorton.com/alabama/baldwin-county/gulf-shores/raley-farms
https://www.drhorton.com/alabama/baldwin-county/gulf-shores/raley-farms/floor-plans/bris,https://www.drhorton.com/alabama/baldwin-county/gulf-shores/raley-farms
https://www.drhorton.com/alabama/baldwin-county/gulf-shores/raley-farms/floor-plans/dest,https://www.drhorton.com/alabama/baldwin-county/gulf-shores/raley-farms
https://www.drhorton.com/alabama/baldwin-county/gulf-shores/raley-farms/floor-plans/jasm,https://www.drhorton.com/alabama/baldwin-county/gulf-shores/raley-farms
https://www.drhorton.com/alabama/baldwin-county/gulf-shores/raley-farms/floor-plans/kade,https://www.drhorton.com/alabama/baldwin-county/gulf-shores/raley-farms
https://www.drhorton.com/alabama/baldwin-county/gulf-shores/raley-farms/floor-plans/kins,https://www.drhorton.com/alabama/baldwin-county/gulf-shores/raley-farms
https://www.drhorton.com/alabama/baldwin-county/gulf-shores/raley-farms/floor-plans/ozar,https://www.drhorton.com/alabama/baldwin-county/gulf-shores/raley-farms
https://www.drhorton.com/alabama/baldwin-county/gulf-shores/raley-farms/floor-plans/rhet,https://www.drhorton.com/alabama/baldwin-county/gulf-shores/raley-farms
https://www.drhorton.com/alabama/baldwin-county/gulf-shores/raley-farms/floor-plans/vict,https://www.drhorton.com/alabama/baldwin-county/gulf-shores/raley-farms
https://www.drhorton.com/alabama/huntsville/hazel-green/townsend-farms/qmis/178-keller-drive,https://www.drhorton.com/alabama/huntsville/hazel-green/townsend-farms
https://www.drhorton.com/alabama/huntsville/hazel-green/townsend-farms/qmis/179-keller-drive,https://www.drhorton.com/alabama/huntsville/hazel-green/townsend-farms
https://www.drhorton.com/alabama/huntsville/hazel-green/townsend-farms/qmis/180-keller-drive,https://www.drhorton.com/alabama/huntsville/hazel-green/townsend-farms
https://www.drhorton.com/alabama/huntsville/hazel-green/townsend-farms/qmis/181-keller-drive,https://www.drhorton.com/alabama/huntsville/hazel-green/townsend-farms
https://www.drhorton.com/alabama/huntsville/hazel-green/townsend-farms/qmis/182-keller-drive,https://www.drhorton.com/alabama/huntsville/hazel-green/townsend-farms
https://www.drhorton.com/alabama/huntsville/hazel-green/townsend-farms/qmis/185-keller-drive,https://www.drhorton.com/alabama/huntsville/hazel-green/townsend-farms
https://www.drhorton.com/alabama/huntsville/hazel-green/townsend-farms/qmis/187-keller-drive,https://www.drhorton.com/alabama/huntsville/hazel-green/townsend-farms
https://www.drhorton.com/alabama/huntsville/hazel-green/townsend-farms/floor-plans/1475,https://www.drhorton.com/alabama/huntsville/hazel-green/townsend-farms
https://www.drhorton.com/alabama/huntsville/hazel-green/townsend-farms/floor-plans/4eaf,https://www.drhorton.com/alabama/huntsville/hazel-green/townsend-farms
https://www.drhorton.com/alabama/huntsville/hazel-green/townsend-farms/floor-plans/4ebf,https://www.drhorton.com/alabama/huntsville/hazel-green/townsend-farms
https://www.drhorton.com/alabama/huntsville/hazel-green/townsend-farms/floor-plans/4sbf,https://www.drhorton.com/alabama/huntsville/hazel-green/townsend-farms
https://www.drhorton.com/alabama/huntsville/hazel-green/townsend-farms/floor-plans/lksd,https://www.drhorton.com/alabama/huntsville/hazel-green/townsend-farms
https://www.drhorton.com/alabama/mobile/grand-bay/ellens-cove/qmis/12516-smith-road,https://www.drhorton.com/alabama/mobile/grand-bay/ellens-cove
https://www.drhorton.com/alabama/mobile/grand-bay/ellens-cove/qmis/12536-ellens-cove-drive-south,https://www.drhorton.com/alabama/mobile/grand-bay/ellens-cove
https://www.drhorton.com/alabama/mobile/grand-bay/ellens-cove/qmis/12545-ellens-cove-drive-north,https://www.drhorton.com/alabama/mobile/grand-bay/ellens-cove
https://www.drhorton.com/alabama/mobile/grand-bay/ellens-cove/qmis/12547-ellens-cove-drive-south,https://www.drhorton.com/alabama/mobile/grand-bay/ellens-cove
https://www.drhorton.com/alabama/mobile/grand-bay/ellens-cove/qmis/12555-ellens-cove-drive-north,https://www.drhorton.com/alabama/mobile/grand-bay/ellens-cove
https://www.drhorton.com/alabama/mobile/grand-bay/ellens-cove/qmis/12565-ellens-cove-drive-north,https://www.drhorton.com/alabama/mobile/grand-bay/ellens-cove
https://www.drhorton.com/alabama/mobile/grand-bay/ellens-cove/qmis/12575-ellens-cove-drive-north,https://www.drhorton.com/alabama/mobile/grand-bay/ellens-cove
https://www.drhorton.com/alabama/mobile/grand-bay/ellens-cove/qmis/12577-ellens-cove-drive-south,https://www.drhorton.com/alabama/mobile/grand-bay/ellens-cove
https://www.drhorton.com/alabama/mobile/grand-bay/ellens-cove/qmis/12596-ellens-cove-drive-south,https://www.drhorton.com/alabama/mobile/grand-bay/ellens-cove
https://www.drhorton.com/alabama/mobile/grand-bay/ellens-cove/qmis/8330-ellens-cove-drive,https://www.drhorton.com/alabama/mobile/grand-bay/ellens-cove
https://www.drhorton.com/alabama/mobile/grand-bay/ellens-cove/qmis/8353-ellens-cove-drive,https://www.drhorton.com/alabama/mobile/grand-bay/ellens-cove
https://www.drhorton.com/alabama/mobile/grand-bay/ellens-cove/floor-plans/4eaf,https://www.drhorton.com/alabama/mobile/grand-bay/ellens-cove
https://www.drhorton.com/alabama/mobile/grand-bay/ellens-cove/floor-plans/4ebf,https://www.drhorton.com/alabama/mobile/grand-bay/ellens-cove
https://www.drhorton.com/alabama/mobile/grand-bay/ellens-cove/floor-plans/5ecf,https://www.drhorton.com/alabama/mobile/grand-bay/ellens-cove
https://www.drhorton.com/alabama/mobile/grand-bay/ellens-cove/floor-plans/5edf,https://www.drhorton.com/alabama/mobile/grand-bay/ellens-cove
https://www.drhorton.com/alabama/mobile/grand-bay/ellens-cove/floor-plans/lake,https://www.drhorton.com/alabama/mobile/grand-bay/ellens-cove
https://www.drhorton.com/alabama/baldwin-county/foley/paxton-farms/floor-plans/aldr,https://www.drhorton.com/alabama/baldwin-county/foley/paxton-farms
https://www.drhorton.com/alabama/baldwin-county/foley/paxton-farms/floor-plans/jula,https://www.drhorton.com/alabama/baldwin-county/foley/paxton-farms
https://www.drhorton.com/alabama/baldwin-county/foley/paxton-farms/floor-plans/shel,https://www.drhorton.com/alabama/baldwin-county/foley/paxton-farms
https://www.drhorton.com/alabama/baldwin-county/foley/roberts-cove/qmis/21901-old-harbor-way,https://www.drhorton.com/alabama/baldwin-county/foley/roberts-cove
https://www.drhorton.com/alabama/baldwin-county/foley/roberts-cove/qmis/22095-aleutian-avenue,https://www.drhorton.com/alabama/baldwin-county/foley/roberts-cove
https://www.drhorton.com/alabama/baldwin-county/foley/roberts-cove/qmis/22113-aleutian-avenue,https://www.drhorton.com/alabama/baldwin-county/foley/roberts-cove
https://www.drhorton.com/alabama/baldwin-county/foley/roberts-cove/qmis/22121-aleutian-avenue,https://www.drhorton.com/alabama/baldwin-county/foley/roberts-cove
https://www.drhorton.com/alabama/baldwin-county/foley/roberts-cove/floor-plans/4ebf,https://www.drhorton.com/alabama/baldwin-county/foley/roberts-cove
https://www.drhorton.com/alabama/baldwin-county/foley/roberts-cove/floor-plans/5eaf,https://www.drhorton.com/alabama/baldwin-county/foley/roberts-cove
https://www.drhorton.com/alabama/baldwin-county/foley/roberts-cove/floor-plans/5ebf,https://www.drhorton.com/alabama/baldwin-county/foley/roberts-cove
https://www.drhorton.com/alabama/baldwin-county/foley/roberts-cove/floor-plans/5ecf,https://www.drhorton.com/alabama/baldwin-county/foley/roberts-cove
https://www.drhorton.com/alabama/baldwin-county/foley/roberts-cove/floor-plans/5edf,https://www.drhorton.com/alabama/baldwin-county/foley/roberts-cove
https://www.drhorton.com/alabama/baldwin-county/foley/roberts-cove/floor-plans/jemi,https://www.drhorton.com/alabama/baldwin-county/foley/roberts-cove
https://www.drhorton.com/alabama/baldwin-county/foley/roberts-cove/floor-plans/ryde,https://www.drhorton.com/alabama/baldwin-county/foley/roberts-cove
https://www.drhorton.com/alabama/baldwin-county/foley/rosewood/floor-plans/4ebf,https://www.drhorton.com/alabama/baldwin-county/foley/rosewood
https://www.drhorton.com/alabama/baldwin-county/foley/rosewood/floor-plans/kell,https://www.drhorton.com/alabama/baldwin-county/foley/rosewood
https://www.drhorton.com/alabama/baldwin-county/foley/rosewood/floor-plans/lake,https://www.drhorton.com/alabama/baldwin-county/foley/rosewood
https://www.drhorton.com/alabama/baldwin-county/foley/rosewood/floor-plans/ryde,https://www.drhorton.com/alabama/baldwin-county/foley/rosewood
https://www.drhorton.com/alabama/huntsville/meridianville/kensington/qmis/104-saw-palmetto-drive,https://www.drhorton.com/alabama/huntsville/meridianville/kensington
https://www.drhorton.com/alabama/huntsville/meridianville/kensington/qmis/106-saw-palmetto-drive,https://www.drhorton.com/alabama/huntsville/meridianville/kensington
https://www.drhorton.com/alabama/huntsville/meridianville/kensington/qmis/133-nettle-leaf-drive,https://www.drhorton.com/alabama/huntsville/meridianville/kensington
https://www.drhorton.com/alabama/huntsville/meridianville/kensington/floor-plans/1475,https://www.drhorton.com/alabama/huntsville/meridianville/kensington
https://www.drhorton.com/alabama/huntsville/meridianville/kensington/floor-plans/4ebf,https://www.drhorton.com/alabama/huntsville/meridianville/kensington
https://www.drhorton.com/alabama/huntsville/meridianville/kensington/floor-plans/4sbf,https://www.drhorton.com/alabama/huntsville/meridianville/kensington
https://www.drhorton.com/alabama/huntsville/meridianville/kensington/floor-plans/aldr,https://www.drhorton.com/alabama/huntsville/meridianville/kensington
https://www.drhorton.com/alabama/huntsville/meridianville/kensington/floor-plans/free,https://www.drhorton.com/alabama/huntsville/meridianville/kensington
https://www.drhorton.com/alabama/huntsville/meridianville/kensington/floor-plans/lksd,https://www.drhorton.com/alabama/huntsville/meridianville/kensington
https://www.drhorton.com/tennessee/north-east-tennessee/bluff-city/the-hideaway-at-fox-meadows/qmis/101-mint-court,https://www.drhorton.com/tennessee/north-east-tennessee/bluff-city/the-hideaway-at-fox-meadows
https://www.drhorton.com/tennessee/north-east-tennessee/bluff-city/the-hideaway-at-fox-meadows/qmis/107-mint-court,https://www.drhorton.com/tennessee/north-east-tennessee/bluff-city/the-hideaway-at-fox-meadows
https://www.drhorton.com/tennessee/north-east-tennessee/bluff-city/the-hideaway-at-fox-meadows/qmis/113-wisteria-drive,https://www.drhorton.com/tennessee/north-east-tennessee/bluff-city/the-hideaway-at-fox-meadows
https://www.drhorton.com/tennessee/north-east-tennessee/bluff-city/the-hideaway-at-fox-meadows/qmis/123-mint-court,https://www.drhorton.com/tennessee/north-east-tennessee/bluff-city/the-hideaway-at-fox-meadows
https://www.drhorton.com/tennessee/north-east-tennessee/bluff-city/the-hideaway-at-fox-meadows/qmis/127-mint-court,https://www.drhorton.com/tennessee/north-east-tennessee/bluff-city/the-hideaway-at-fox-meadows
https://www.drhorton.com/tennessee/north-east-tennessee/bluff-city/the-hideaway-at-fox-meadows/qmis/131-wisteria-drive,https://www.drhorton.com/tennessee/north-east-tennessee/bluff-city/the-hideaway-at-fox-meadows
https://www.drhorton.com/tennessee/north-east-tennessee/bluff-city/the-hideaway-at-fox-meadows/qmis/135-mint-court,https://www.drhorton.com/tennessee/north-east-tennessee/bluff-city/the-hideaway-at-fox-meadows
https://www.drhorton.com/tennessee/north-east-tennessee/bluff-city/the-hideaway-at-fox-meadows/qmis/149-wisteria-drive,https://www.drhorton.com/tennessee/north-east-tennessee/bluff-city/the-hideaway-at-fox-meadows
https://www.drhorton.com/tennessee/north-east-tennessee/bluff-city/the-hideaway-at-fox-meadows/qmis/167-wisteria-drive,https://www.drhorton.com/tennessee/north-east-tennessee/bluff-city/the-hideaway-at-fox-meadows
https://www.drhorton.com/tennessee/north-east-tennessee/bluff-city/the-hideaway-at-fox-meadows/qmis/2101-fox-meadows-circle,https://www.drhorton.com/tennessee/north-east-tennessee/bluff-city/the-hideaway-at-fox-meadows
https://www.drhorton.com/tennessee/north-east-tennessee/bluff-city/the-hideaway-at-fox-meadows/qmis/2107-fox-meadows-circle,https://www.drhorton.com/tennessee/north-east-tennessee/bluff-city/the-hideaway-at-fox-meadows
https://www.drhorton.com/tennessee/north-east-tennessee/bluff-city/the-hideaway-at-fox-meadows/qmis/77-wisteria-drive,https://www.drhorton.com/tennessee/north-east-tennessee/bluff-city/the-hideaway-at-fox-meadows
https://www.drhorton.com/tennessee/north-east-tennessee/bluff-city/the-hideaway-at-fox-meadows/qmis/95-wisteria-drive,https://www.drhorton.com/tennessee/north-east-tennessee/bluff-city/the-hideaway-at-fox-meadows
https://www.drhorton.com/tennessee/north-east-tennessee/bluff-city/the-hideaway-at-fox-meadows/floor-plans/1343,https://www.drhorton.com/tennessee/north-east-tennessee/bluff-city/the-hideaway-at-fox-meadows
https://www.drhorton.com/tennessee/north-east-tennessee/bluff-city/the-hideaway-at-fox-meadows/floor-plans/1497,https://www.drhorton.com/tennessee/north-east-tennessee/bluff-city/the-hideaway-at-fox-meadows
https://www.drhorton.com/tennessee/north-east-tennessee/bluff-city/the-hideaway-at-fox-meadows/floor-plans/1618,https://www.drhorton.com/tennessee/north-east-tennessee/bluff-city/the-hideaway-at-fox-meadows
https://www.drhorton.com/tennessee/north-east-tennessee/bluff-city/the-hideaway-at-fox-meadows/floor-plans/1635,https://www.drhorton.com/tennessee/north-east-tennessee/bluff-city/the-hideaway-at-fox-meadows
https://www.drhorton.com/tennessee/north-east-tennessee/bluff-city/the-hideaway-at-fox-meadows/floor-plans/1749,https://www.drhorton.com/tennessee/north-east-tennessee/bluff-city/the-hideaway-at-fox-meadows
https://www.drhorton.com/tennessee/north-east-tennessee/bluff-city/the-hideaway-at-fox-meadows/floor-plans/1764,https://www.drhorton.com/tennessee/north-east-tennessee/bluff-city/the-hideaway-at-fox-meadows
https://www.drhorton.com/tennessee/north-east-tennessee/bluff-city/the-hideaway-at-fox-meadows/floor-plans/1765,https://www.drhorton.com/tennessee/north-east-tennessee/bluff-city/the-hideaway-at-fox-meadows
https://www.drhorton.com/tennessee/north-east-tennessee/bluff-city/the-hideaway-at-fox-meadows/floor-plans/1991,https://www.drhorton.com/tennessee/north-east-tennessee/bluff-city/the-hideaway-at-fox-meadows
https://www.drhorton.com/tennessee/north-east-tennessee/bluff-city/the-hideaway-at-fox-meadows/floor-plans/2160,https://www.drhorton.com/tennessee/north-east-tennessee/bluff-city/the-hideaway-at-fox-meadows
https://www.drhorton.com/tennessee/north-east-tennessee/bluff-city/the-hideaway-at-fox-meadows/floor-plans/2174,https://www.drhorton.com/tennessee/north-east-tennessee/bluff-city/the-hideaway-at-fox-meadows
https://www.drhorton.com/tennessee/north-east-tennessee/bluff-city/the-hideaway-at-fox-meadows/floor-plans/2618,https://www.drhorton.com/tennessee/north-east-tennessee/bluff-city/the-hideaway-at-fox-meadows
https://www.drhorton.com/tennessee/north-east-tennessee/bluff-city/the-hideaway-at-fox-meadows/floor-plans/3110,https://www.drhorton.com/tennessee/north-east-tennessee/bluff-city/the-hideaway-at-fox-meadows
https://www.drhorton.com/tennessee/north-east-tennessee/kingsport/fieldcrest-acres/qmis/224-chimney-view-loop,https://www.drhorton.com/tennessee/north-east-tennessee/kingsport/fieldcrest-acres
https://www.drhorton.com/tennessee/north-east-tennessee/kingsport/fieldcrest-acres/qmis/225-chimney-view-loop,https://www.drhorton.com/tennessee/north-east-tennessee/kingsport/fieldcrest-acres
https://www.drhorton.com/tennessee/north-east-tennessee/kingsport/fieldcrest-acres/qmis/236-chimney-view-loop,https://www.drhorton.com/tennessee/north-east-tennessee/kingsport/fieldcrest-acres
https://www.drhorton.com/tennessee/north-east-tennessee/kingsport/fieldcrest-acres/qmis/237-chimney-view-loop,https://www.drhorton.com/tennessee/north-east-tennessee/kingsport/fieldcrest-acres
https://www.drhorton.com/tennessee/north-east-tennessee/kingsport/fieldcrest-acres/qmis/240-chimney-view-loop,https://www.drhorton.com/tennessee/north-east-tennessee/kingsport/fieldcrest-acres
https://www.drhorton.com/tennessee/north-east-tennessee/kingsport/fieldcrest-acres/qmis/241-chimney-view-loop,https://www.drhorton.com/tennessee/north-east-tennessee/kingsport/fieldcrest-acres
https://www.drhorton.com/tennessee/north-east-tennessee/kingsport/fieldcrest-acres/qmis/244-chimney-view-loop,https://www.drhorton.com/tennessee/north-east-tennessee/kingsport/fieldcrest-acres
https://www.drhorton.com/tennessee/north-east-tennessee/kingsport/fieldcrest-acres/qmis/245-chimney-view-loop,https://www.drhorton.com/tennessee/north-east-tennessee/kingsport/fieldcrest-acres
https://www.drhorton.com/tennessee/north-east-tennessee/kingsport/fieldcrest-acres/qmis/248-chimney-view-loop,https://www.drhorton.com/tennessee/north-east-tennessee/kingsport/fieldcrest-acres
https://www.drhorton.com/tennessee/north-east-tennessee/kingsport/fieldcrest-acres/qmis/249-chimney-view-loop,https://www.drhorton.com/tennessee/north-east-tennessee/kingsport/fieldcrest-acres
https://www.drhorton.com/tennessee/north-east-tennessee/kingsport/fieldcrest-acres/qmis/252-chimney-view-loop,https://www.drhorton.com/tennessee/north-east-tennessee/kingsport/fieldcrest-acres
https://www.drhorton.com/tennessee/north-east-tennessee/kingsport/fieldcrest-acres/qmis/256-chimney-view-loop,https://www.drhorton.com/tennessee/north-east-tennessee/kingsport/fieldcrest-acres
https://www.drhorton.com/tennessee/north-east-tennessee/kingsport/fieldcrest-acres/qmis/260-chimney-view-loop,https://www.drhorton.com/tennessee/north-east-tennessee/kingsport/fieldcrest-acres
https://www.drhorton.com/tennessee/north-east-tennessee/kingsport/fieldcrest-acres/qmis/261-chimney-view-loop,https://www.drhorton.com/tennessee/north-east-tennessee/kingsport/fieldcrest-acres
https://www.drhorton.com/tennessee/north-east-tennessee/kingsport/fieldcrest-acres/qmis/268-chimney-view-loop,https://www.drhorton.com/tennessee/north-east-tennessee/kingsport/fieldcrest-acres
https://www.drhorton.com/tennessee/north-east-tennessee/kingsport/fieldcrest-acres/qmis/269-chimney-view-loop,https://www.drhorton.com/tennessee/north-east-tennessee/kingsport/fieldcrest-acres
https://www.drhorton.com/tennessee/north-east-tennessee/kingsport/fieldcrest-acres/qmis/272-chimney-view-loop,https://www.drhorton.com/tennessee/north-east-tennessee/kingsport/fieldcrest-acres
https://www.drhorton.com/tennessee/north-east-tennessee/kingsport/fieldcrest-acres/qmis/273-chimney-view-loop,https://www.drhorton.com/tennessee/north-east-tennessee/kingsport/fieldcrest-acres
https://www.drhorton.com/tennessee/north-east-tennessee/kingsport/fieldcrest-acres/qmis/276-chimney-view-loop,https://www.drhorton.com/tennessee/north-east-tennessee/kingsport/fieldcrest-acres
https://www.drhorton.com/tennessee/north-east-tennessee/kingsport/fieldcrest-acres/qmis/277-chimney-view-loop,https://www.drhorton.com/tennessee/north-east-tennessee/kingsport/fieldcrest-acres
https://www.drhorton.com/tennessee/north-east-tennessee/kingsport/fieldcrest-acres/qmis/280-chimney-view-loop,https://www.drhorton.com/tennessee/north-east-tennessee/kingsport/fieldcrest-acres
https://www.drhorton.com/tennessee/north-east-tennessee/kingsport/fieldcrest-acres/qmis/281-chimney-view-loop,https://www.drhorton.com/tennessee/north-east-tennessee/kingsport/fieldcrest-acres
https://www.drhorton.com/tennessee/north-east-tennessee/kingsport/fieldcrest-acres/qmis/285-chimney-view-loop,https://www.drhorton.com/tennessee/north-east-tennessee/kingsport/fieldcrest-acres
https://www.drhorton.com/tennessee/north-east-tennessee/kingsport/fieldcrest-acres/floor-plans/1635,https://www.drhorton.com/tennessee/north-east-tennessee/kingsport/fieldcrest-acres
https://www.drhorton.com/tennessee/north-east-tennessee/kingsport/fieldcrest-acres/floor-plans/1749,https://www.drhorton.com/tennessee/north-east-tennessee/kingsport/fieldcrest-acres
https://www.drhorton.com/tennessee/north-east-tennessee/kingsport/fieldcrest-acres/floor-plans/1764,https://www.drhorton.com/tennessee/north-east-tennessee/kingsport/fieldcrest-acres
https://www.drhorton.com/tennessee/north-east-tennessee/kingsport/fieldcrest-acres/floor-plans/1765,https://www.drhorton.com/tennessee/north-east-tennessee/kingsport/fieldcrest-acres
https://www.drhorton.com/tennessee/north-east-tennessee/kingsport/fieldcrest-acres/floor-plans/1942,https://www.drhorton.com/tennessee/north-east-tennessee/kingsport/fieldcrest-acres
https://www.drhorton.com/tennessee/north-east-tennessee/kingsport/fieldcrest-acres/floor-plans/2174,https://www.drhorton.com/tennessee/north-east-tennessee/kingsport/fieldcrest-acres
https://www.drhorton.com/tennessee/north-east-tennessee/kingsport/fieldcrest-acres/floor-plans/2618,https://www.drhorton.com/tennessee/north-east-tennessee/kingsport/fieldcrest-acres
https://www.drhorton.com/tennessee/north-east-tennessee/kingsport/fieldcrest-acres/floor-plans/2804,https://www.drhorton.com/tennessee/north-east-tennessee/kingsport/fieldcrest-acres
https://www.drhorton.com/tennessee/north-east-tennessee/kingsport/fieldcrest-acres/floor-plans/3110,https://www.drhorton.com/tennessee/north-east-tennessee/kingsport/fieldcrest-acres
https://www.drhorton.com/tennessee/north-east-tennessee/kingsport/fieldcrest-acres/floor-plans/3411,https://www.drhorton.com/tennessee/north-east-tennessee/kingsport/fieldcrest-acres
https://www.drhorton.com/tennessee/north-east-tennessee/kingsport/fieldcrest-acres/floor-plans/4109,https://www.drhorton.com/tennessee/north-east-tennessee/kingsport/fieldcrest-acres
https://www.drhorton.com/tennessee/north-east-tennessee/kingsport/fieldcrest-acres-townhomes/qmis/108-holt-way,https://www.drhorton.com/tennessee/north-east-tennessee/kingsport/fieldcrest-acres-townhomes
https://www.drhorton.com/tennessee/north-east-tennessee/kingsport/fieldcrest-acres-townhomes/qmis/112-holt-way,https://www.drhorton.com/tennessee/north-east-tennessee/kingsport/fieldcrest-acres-townhomes
https://www.drhorton.com/tennessee/north-east-tennessee/kingsport/fieldcrest-acres-townhomes/qmis/116-holt-way,https://www.drhorton.com/tennessee/north-east-tennessee/kingsport/fieldcrest-acres-townhomes
https://www.drhorton.com/tennessee/north-east-tennessee/kingsport/fieldcrest-acres-townhomes/qmis/120-holt-way,https://www.drhorton.com/tennessee/north-east-tennessee/kingsport/fieldcrest-acres-townhomes
https://www.drhorton.com/tennessee/north-east-tennessee/kingsport/fieldcrest-acres-townhomes/qmis/124-holt-way,https://www.drhorton.com/tennessee/north-east-tennessee/kingsport/fieldcrest-acres-townhomes
https://www.drhorton.com/tennessee/north-east-tennessee/kingsport/fieldcrest-acres-townhomes/qmis/125-holt-way,https://www.drhorton.com/tennessee/north-east-tennessee/kingsport/fieldcrest-acres-townhomes
https://www.drhorton.com/tennessee/north-east-tennessee/kingsport/fieldcrest-acres-townhomes/qmis/128-holt-way,https://www.drhorton.com/tennessee/north-east-tennessee/kingsport/fieldcrest-acres-townhomes
https://www.drhorton.com/tennessee/north-east-tennessee/kingsport/fieldcrest-acres-townhomes/qmis/129-holt-way,https://www.drhorton.com/tennessee/north-east-tennessee/kingsport/fieldcrest-acres-townhomes
https://www.drhorton.com/tennessee/north-east-tennessee/kingsport/fieldcrest-acres-townhomes/qmis/132-holt-way,https://www.drhorton.com/tennessee/north-east-tennessee/kingsport/fieldcrest-acres-townhomes
https://www.drhorton.com/tennessee/north-east-tennessee/kingsport/fieldcrest-acres-townhomes/qmis/133-holt-way,https://www.drhorton.com/tennessee/north-east-tennessee/kingsport/fieldcrest-acres-townhomes
https://www.drhorton.com/tennessee/north-east-tennessee/kingsport/fieldcrest-acres-townhomes/qmis/136-holt-way,https://www.drhorton.com/tennessee/north-east-tennessee/kingsport/fieldcrest-acres-townhomes
https://www.drhorton.com/tennessee/north-east-tennessee/kingsport/fieldcrest-acres-townhomes/qmis/137-holt-way,https://www.drhorton.com/tennessee/north-east-tennessee/kingsport/fieldcrest-acres-townhomes
https://www.drhorton.com/tennessee/north-east-tennessee/kingsport/fieldcrest-acres-townhomes/qmis/140-holt-way,https://www.drhorton.com/tennessee/north-east-tennessee/kingsport/fieldcrest-acres-townhomes
https://www.drhorton.com/tennessee/north-east-tennessee/kingsport/fieldcrest-acres-townhomes/qmis/144-holt-way,https://www.drhorton.com/tennessee/north-east-tennessee/kingsport/fieldcrest-acres-townhomes
https://www.drhorton.com/tennessee/north-east-tennessee/kingsport/fieldcrest-acres-townhomes/qmis/148-holt-way,https://www.drhorton.com/tennessee/north-east-tennessee/kingsport/fieldcrest-acres-townhomes
https://www.drhorton.com/tennessee/north-east-tennessee/kingsport/fieldcrest-acres-townhomes/qmis/152-holt-way,https://www.drhorton.com/tennessee/north-east-tennessee/kingsport/fieldcrest-acres-townhomes
https://www.drhorton.com/tennessee/north-east-tennessee/kingsport/fieldcrest-acres-townhomes/qmis/156-holt-way,https://www.drhorton.com/tennessee/north-east-tennessee/kingsport/fieldcrest-acres-townhomes
https://www.drhorton.com/tennessee/north-east-tennessee/kingsport/fieldcrest-acres-townhomes/qmis/160-holt-way,https://www.drhorton.com/tennessee/north-east-tennessee/kingsport/fieldcrest-acres-townhomes
https://www.drhorton.com/tennessee/north-east-tennessee/kingsport/fieldcrest-acres-townhomes/qmis/164-holt-way,https://www.drhorton.com/tennessee/north-east-tennessee/kingsport/fieldcrest-acres-townhomes
https://www.drhorton.com/tennessee/north-east-tennessee/kingsport/fieldcrest-acres-townhomes/floor-plans/1381,https://www.drhorton.com/tennessee/north-east-tennessee/kingsport/fieldcrest-acres-townhomes
https://www.drhorton.com/tennessee/north-east-tennessee/kingsport/fieldcrest-acres-townhomes/floor-plans/1554,https://www.drhorton.com/tennessee/north-east-tennessee/kingsport/fieldcrest-acres-townhomes
https://www.drhorton.com/tennessee/north-east-tennessee/johnson-city/beechwood-meadows/floor-plans/1749,https://www.drhorton.com/tennessee/north-east-tennessee/johnson-city/beechwood-meadows
https://www.drhorton.com/tennessee/north-east-tennessee/johnson-city/beechwood-meadows/floor-plans/1765,https://www.drhorton.com/tennessee/north-east-tennessee/johnson-city/beechwood-meadows
https://www.drhorton.com/tennessee/north-east-tennessee/johnson-city/beechwood-meadows/floor-plans/2160,https://www.drhorton.com/tennessee/north-east-tennessee/johnson-city/beechwood-meadows
https://www.drhorton.com/tennessee/north-east-tennessee/johnson-city/beechwood-meadows/floor-plans/2174,https://www.drhorton.com/tennessee/north-east-tennessee/johnson-city/beechwood-meadows
https://www.drhorton.com/tennessee/north-east-tennessee/johnson-city/beechwood-meadows/floor-plans/2618,https://www.drhorton.com/tennessee/north-east-tennessee/johnson-city/beechwood-meadows
https://www.drhorton.com/tennessee/north-east-tennessee/johnson-city/beechwood-meadows/floor-plans/2804,https://www.drhorton.com/tennessee/north-east-tennessee/johnson-city/beechwood-meadows
https://www.drhorton.com/tennessee/north-east-tennessee/johnson-city/beechwood-meadows/floor-plans/3110,https://www.drhorton.com/tennessee/north-east-tennessee/johnson-city/beechwood-meadows
https://www.drhorton.com/tennessee/north-east-tennessee/johnson-city/archers-pointe/floor-plans/1765,https://www.drhorton.com/tennessee/north-east-tennessee/johnson-city/archers-pointe
https://www.drhorton.com/tennessee/north-east-tennessee/johnson-city/archers-pointe/floor-plans/2511,https://www.drhorton.com/tennessee/north-east-tennessee/johnson-city/archers-pointe
https://www.drhorton.com/tennessee/north-east-tennessee/johnson-city/archers-pointe/floor-plans/2618,https://www.drhorton.com/tennessee/north-east-tennessee/johnson-city/archers-pointe
https://www.drhorton.com/tennessee/north-east-tennessee/kingsport/the-arbor/qmis/1114-wenna-way,https://www.drhorton.com/tennessee/north-east-tennessee/kingsport/the-arbor
https://www.drhorton.com/tennessee/north-east-tennessee/kingsport/the-arbor/qmis/1118-wenna-way,https://www.drhorton.com/tennessee/north-east-tennessee/kingsport/the-arbor
https://www.drhorton.com/tennessee/north-east-tennessee/kingsport/the-arbor/qmis/1126-wenna-way,https://www.drhorton.com/tennessee/north-east-tennessee/kingsport/the-arbor
https://www.drhorton.com/tennessee/north-east-tennessee/kingsport/the-arbor/qmis/1130-wenna-way,https://www.drhorton.com/tennessee/north-east-tennessee/kingsport/the-arbor
https://www.drhorton.com/tennessee/north-east-tennessee/kingsport/the-arbor/qmis/1134-wenna-way,https://www.drhorton.com/tennessee/north-east-tennessee/kingsport/the-arbor
https://www.drhorton.com/tennessee/north-east-tennessee/kingsport/the-arbor/qmis/1138-wenna-way,https://www.drhorton.com/tennessee/north-east-tennessee/kingsport/the-arbor
https://www.drhorton.com/tennessee/north-east-tennessee/kingsport/the-arbor/qmis/1142-wenna-way,https://www.drhorton.com/tennessee/north-east-tennessee/kingsport/the-arbor
https://www.drhorton.com/tennessee/north-east-tennessee/kingsport/the-arbor/qmis/1150-wenna-way,https://www.drhorton.com/tennessee/north-east-tennessee/kingsport/the-arbor
https://www.drhorton.com/tennessee/north-east-tennessee/kingsport/the-arbor/qmis/1154-wenna-way,https://www.drhorton.com/tennessee/north-east-tennessee/kingsport/the-arbor
https://www.drhorton.com/tennessee/north-east-tennessee/kingsport/the-arbor/qmis/1158-wenna-way,https://www.drhorton.com/tennessee/north-east-tennessee/kingsport/the-arbor
https://www.drhorton.com/tennessee/north-east-tennessee/kingsport/the-arbor/qmis/1162-wenna-way,https://www.drhorton.com/tennessee/north-east-tennessee/kingsport/the-arbor
https://www.drhorton.com/tennessee/north-east-tennessee/kingsport/the-arbor/qmis/1166-wenna-way,https://www.drhorton.com/tennessee/north-east-tennessee/kingsport/the-arbor
https://www.drhorton.com/tennessee/north-east-tennessee/kingsport/the-arbor/qmis/1170-wenna-way,https://www.drhorton.com/tennessee/north-east-tennessee/kingsport/the-arbor
https://www.drhorton.com/tennessee/north-east-tennessee/kingsport/the-arbor/qmis/1174-wenna-way,https://www.drhorton.com/tennessee/north-east-tennessee/kingsport/the-arbor
https://www.drhorton.com/tennessee/north-east-tennessee/kingsport/the-arbor/qmis/1177-wenna-way,https://www.drhorton.com/tennessee/north-east-tennessee/kingsport/the-arbor
https://www.drhorton.com/tennessee/north-east-tennessee/kingsport/the-arbor/qmis/1178-wenna-way,https://www.drhorton.com/tennessee/north-east-tennessee/kingsport/the-arbor
https://www.drhorton.com/tennessee/north-east-tennessee/kingsport/the-arbor/qmis/1181-wenna-way,https://www.drhorton.com/tennessee/north-east-tennessee/kingsport/the-arbor
https://www.drhorton.com/tennessee/north-east-tennessee/kingsport/the-arbor/qmis/1182-wenna-way,https://www.drhorton.com/tennessee/north-east-tennessee/kingsport/the-arbor
https://www.drhorton.com/tennessee/north-east-tennessee/kingsport/the-arbor/qmis/1185-wenna-way,https://www.drhorton.com/tennessee/north-east-tennessee/kingsport/the-arbor
https://www.drhorton.com/tennessee/north-east-tennessee/kingsport/the-arbor/qmis/1186-wenna-way,https://www.drhorton.com/tennessee/north-east-tennessee/kingsport/the-arbor
https://www.drhorton.com/tennessee/north-east-tennessee/kingsport/the-arbor/qmis/1189-wenna-way,https://www.drhorton.com/tennessee/north-east-tennessee/kingsport/the-arbor
https://www.drhorton.com/tennessee/north-east-tennessee/kingsport/the-arbor/qmis/1190-wenna-way,https://www.drhorton.com/tennessee/north-east-tennessee/kingsport/the-arbor
https://www.drhorton.com/tennessee/north-east-tennessee/kingsport/the-arbor/qmis/1193-wenna-way,https://www.drhorton.com/tennessee/north-east-tennessee/kingsport/the-arbor
https://www.drhorton.com/tennessee/north-east-tennessee/kingsport/the-arbor/qmis/1194-wenna-way,https://www.drhorton.com/tennessee/north-east-tennessee/kingsport/the-arbor
https://www.drhorton.com/tennessee/north-east-tennessee/kingsport/the-arbor/qmis/1197-wenna-way,https://www.drhorton.com/tennessee/north-east-tennessee/kingsport/the-arbor
https://www.drhorton.com/tennessee/north-east-tennessee/kingsport/the-arbor/floor-plans/1381,https://www.drhorton.com/tennessee/north-east-tennessee/kingsport/the-arbor
https://www.drhorton.com/tennessee/north-east-tennessee/kingsport/the-arbor/floor-plans/1554,https://www.drhorton.com/tennessee/north-east-tennessee/kingsport/the-arbor
https://www.drhorton.com/tennessee/north-east-tennessee/johnson-city/keebler-meadows/qmis/1-morsel-court,https://www.drhorton.com/tennessee/north-east-tennessee/johnson-city/keebler-meadows
https://www.drhorton.com/tennessee/north-east-tennessee/johnson-city/keebler-meadows/qmis/15-morsel-court,https://www.drhorton.com/tennessee/north-east-tennessee/johnson-city/keebler-meadows
https://www.drhorton.com/tennessee/north-east-tennessee/johnson-city/keebler-meadows/qmis/17-morsel-court,https://www.drhorton.com/tennessee/north-east-tennessee/johnson-city/keebler-meadows
https://www.drhorton.com/tennessee/north-east-tennessee/johnson-city/keebler-meadows/qmis/208-artist-avenue,https://www.drhorton.com/tennessee/north-east-tennessee/johnson-city/keebler-meadows
https://www.drhorton.com/tennessee/north-east-tennessee/johnson-city/keebler-meadows/qmis/211-artist-avenue,https://www.drhorton.com/tennessee/north-east-tennessee/johnson-city/keebler-meadows
https://www.drhorton.com/tennessee/north-east-tennessee/johnson-city/keebler-meadows/qmis/215-artist-avenue,https://www.drhorton.com/tennessee/north-east-tennessee/johnson-city/keebler-meadows
https://www.drhorton.com/tennessee/north-east-tennessee/johnson-city/keebler-meadows/qmis/5-morsel-court,https://www.drhorton.com/tennessee/north-east-tennessee/johnson-city/keebler-meadows
https://www.drhorton.com/tennessee/north-east-tennessee/johnson-city/keebler-meadows/qmis/54-ollie-street,https://www.drhorton.com/tennessee/north-east-tennessee/johnson-city/keebler-meadows
https://www.drhorton.com/tennessee/north-east-tennessee/johnson-city/keebler-meadows/qmis/58-ollie-street,https://www.drhorton.com/tennessee/north-east-tennessee/johnson-city/keebler-meadows
https://www.drhorton.com/tennessee/north-east-tennessee/johnson-city/keebler-meadows/qmis/7-morsel-court,https://www.drhorton.com/tennessee/north-east-tennessee/johnson-city/keebler-meadows
https://www.drhorton.com/tennessee/north-east-tennessee/johnson-city/keebler-meadows/qmis/74-ollie-street,https://www.drhorton.com/tennessee/north-east-tennessee/johnson-city/keebler-meadows
https://www.drhorton.com/tennessee/north-east-tennessee/johnson-city/keebler-meadows/qmis/76-ollie-street,https://www.drhorton.com/tennessee/north-east-tennessee/johnson-city/keebler-meadows
https://www.drhorton.com/tennessee/north-east-tennessee/johnson-city/keebler-meadows/qmis/78-ollie-street,https://www.drhorton.com/tennessee/north-east-tennessee/johnson-city/keebler-meadows
https://www.drhorton.com/tennessee/north-east-tennessee/johnson-city/keebler-meadows/qmis/9-morsel-court,https://www.drhorton.com/tennessee/north-east-tennessee/johnson-city/keebler-meadows
https://www.drhorton.com/tennessee/north-east-tennessee/johnson-city/keebler-meadows/floor-plans/1635,https://www.drhorton.com/tennessee/north-east-tennessee/johnson-city/keebler-meadows
https://www.drhorton.com/tennessee/north-east-tennessee/johnson-city/keebler-meadows/floor-plans/1749,https://www.drhorton.com/tennessee/north-east-tennessee/johnson-city/keebler-meadows
https://www.drhorton.com/tennessee/north-east-tennessee/johnson-city/keebler-meadows/floor-plans/1764,https://www.drhorton.com/tennessee/north-east-tennessee/johnson-city/keebler-meadows
https://www.drhorton.com/tennessee/north-east-tennessee/johnson-city/keebler-meadows/floor-plans/1765,https://www.drhorton.com/tennessee/north-east-tennessee/johnson-city/keebler-meadows
https://www.drhorton.com/tennessee/north-east-tennessee/johnson-city/keebler-meadows/floor-plans/1927,https://www.drhorton.com/tennessee/north-east-tennessee/johnson-city/keebler-meadows
https://www.drhorton.com/tennessee/north-east-tennessee/johnson-city/keebler-meadows/floor-plans/2174,https://www.drhorton.com/tennessee/north-east-tennessee/johnson-city/keebler-meadows
https://www.drhorton.com/tennessee/north-east-tennessee/johnson-city/keebler-meadows/floor-plans/2361,https://www.drhorton.com/tennessee/north-east-tennessee/johnson-city/keebler-meadows
https://www.drhorton.com/tennessee/north-east-tennessee/johnson-city/keebler-meadows/floor-plans/2594,https://www.drhorton.com/tennessee/north-east-tennessee/johnson-city/keebler-meadows
https://www.drhorton.com/tennessee/north-east-tennessee/johnson-city/keebler-meadows/floor-plans/2618,https://www.drhorton.com/tennessee/north-east-tennessee/johnson-city/keebler-meadows
https://www.drhorton.com/tennessee/north-east-tennessee/johnson-city/keebler-meadows/floor-plans/2804,https://www.drhorton.com/tennessee/north-east-tennessee/johnson-city/keebler-meadows
https://www.drhorton.com/tennessee/north-east-tennessee/johnson-city/keebler-meadows/floor-plans/2890,https://www.drhorton.com/tennessee/north-east-tennessee/johnson-city/keebler-meadows
https://www.drhorton.com/tennessee/north-east-tennessee/johnson-city/keebler-meadows/floor-plans/3110,https://www.drhorton.com/tennessee/north-east-tennessee/johnson-city/keebler-meadows
https://www.drhorton.com/tennessee/north-east-tennessee/johnson-city/keebler-meadows/floor-plans/3411,https://www.drhorton.com/tennessee/north-east-tennessee/johnson-city/keebler-meadows
https://www.drhorton.com/tennessee/north-east-tennessee/kingsport/polo-fields/floor-plans/1649,https://www.drhorton.com/tennessee/north-east-tennessee/kingsport/polo-fields
https://www.drhorton.com/tennessee/north-east-tennessee/kingsport/polo-fields/floor-plans/1764,https://www.drhorton.com/tennessee/north-east-tennessee/kingsport/polo-fields
https://www.drhorton.com/tennessee/north-east-tennessee/kingsport/polo-fields/floor-plans/2511,https://www.drhorton.com/tennessee/north-east-tennessee/kingsport/polo-fields
https://www.drhorton.com/tennessee/north-east-tennessee/kingsport/polo-fields/floor-plans/2618,https://www.drhorton.com/tennessee/north-east-tennessee/kingsport/polo-fields
https://www.drhorton.com/tennessee/north-east-tennessee/kingsport/polo-fields/floor-plans/3110,https://www.drhorton.com/tennessee/north-east-tennessee/kingsport/polo-fields
https://www.drhorton.com/tennessee/north-east-tennessee/jonesborough/warrens-way/qmis/12-teagans-terrace,https://www.drhorton.com/tennessee/north-east-tennessee/jonesborough/warrens-way
https://www.drhorton.com/tennessee/north-east-tennessee/jonesborough/warrens-way/qmis/14-teagans-terrace,https://www.drhorton.com/tennessee/north-east-tennessee/jonesborough/warrens-way
https://www.drhorton.com/tennessee/north-east-tennessee/jonesborough/warrens-way/qmis/16-teagans-terrace,https://www.drhorton.com/tennessee/north-east-tennessee/jonesborough/warrens-way
https://www.drhorton.com/tennessee/north-east-tennessee/jonesborough/warrens-way/qmis/17-teagans-terrace,https://www.drhorton.com/tennessee/north-east-tennessee/jonesborough/warrens-way
https://www.drhorton.com/tennessee/north-east-tennessee/jonesborough/warrens-way/qmis/18-teagans-terrace,https://www.drhorton.com/tennessee/north-east-tennessee/jonesborough/warrens-way
https://www.drhorton.com/tennessee/north-east-tennessee/jonesborough/warrens-way/qmis/19-teagans-terrace,https://www.drhorton.com/tennessee/north-east-tennessee/jonesborough/warrens-way
https://www.drhorton.com/tennessee/north-east-tennessee/jonesborough/warrens-way/qmis/20-teagans-terrace,https://www.drhorton.com/tennessee/north-east-tennessee/jonesborough/warrens-way
https://www.drhorton.com/tennessee/north-east-tennessee/jonesborough/warrens-way/qmis/21-teagans-terrace,https://www.drhorton.com/tennessee/north-east-tennessee/jonesborough/warrens-way
https://www.drhorton.com/tennessee/north-east-tennessee/jonesborough/warrens-way/qmis/23-teagans-terrace,https://www.drhorton.com/tennessee/north-east-tennessee/jonesborough/warrens-way
https://www.drhorton.com/tennessee/north-east-tennessee/jonesborough/warrens-way/qmis/27-teagans-terrace,https://www.drhorton.com/tennessee/north-east-tennessee/jonesborough/warrens-way
https://www.drhorton.com/tennessee/north-east-tennessee/jonesborough/warrens-way/qmis/29-teagans-terrace,https://www.drhorton.com/tennessee/north-east-tennessee/jonesborough/warrens-way
https://www.drhorton.com/tennessee/north-east-tennessee/jonesborough/warrens-way/qmis/31-teagans-terrace,https://www.drhorton.com/tennessee/north-east-tennessee/jonesborough/warrens-way
https://www.drhorton.com/tennessee/north-east-tennessee/jonesborough/warrens-way/qmis/33-teagans-terrace,https://www.drhorton.com/tennessee/north-east-tennessee/jonesborough/warrens-way
https://www.drhorton.com/tennessee/north-east-tennessee/jonesborough/warrens-way/floor-plans/1381,https://www.drhorton.com/tennessee/north-east-tennessee/jonesborough/warrens-way
https://www.drhorton.com/tennessee/north-east-tennessee/kingsport/st-andrews/qmis/655-saint-andrews-drive,https://www.drhorton.com/tennessee/north-east-tennessee/kingsport/st-andrews
https://www.drhorton.com/tennessee/north-east-tennessee/kingsport/st-andrews/qmis/682-saint-andrews-drive,https://www.drhorton.com/tennessee/north-east-tennessee/kingsport/st-andrews
https://www.drhorton.com/tennessee/north-east-tennessee/kingsport/st-andrews/floor-plans/1635,https://www.drhorton.com/tennessee/north-east-tennessee/kingsport/st-andrews
https://www.drhorton.com/tennessee/north-east-tennessee/kingsport/st-andrews/floor-plans/1764,https://www.drhorton.com/tennessee/north-east-tennessee/kingsport/st-andrews
https://www.drhorton.com/tennessee/north-east-tennessee/kingsport/st-andrews/floor-plans/1765,https://www.drhorton.com/tennessee/north-east-tennessee/kingsport/st-andrews
https://www.drhorton.com/tennessee/north-east-tennessee/kingsport/st-andrews/floor-plans/2511,https://www.drhorton.com/tennessee/north-east-tennessee/kingsport/st-andrews
https://www.drhorton.com/tennessee/north-east-tennessee/kingsport/st-andrews/floor-plans/3110,https://www.drhorton.com/tennessee/north-east-tennessee/kingsport/st-andrews
https://www.drhorton.com/tennessee/north-east-tennessee/greeneville/johnson-farms/floor-plans/1183,https://www.drhorton.com/tennessee/north-east-tennessee/greeneville/johnson-farms
https://www.drhorton.com/tennessee/north-east-tennessee/greeneville/johnson-farms/floor-plans/1343,https://www.drhorton.com/tennessee/north-east-tennessee/greeneville/johnson-farms
https://www.drhorton.com/tennessee/north-east-tennessee/greeneville/johnson-farms/floor-plans/1634,https://www.drhorton.com/tennessee/north-east-tennessee/greeneville/johnson-farms
https://www.drhorton.com/tennessee/north-east-tennessee/greeneville/johnson-farms/floor-plans/1749,https://www.drhorton.com/tennessee/north-east-tennessee/greeneville/johnson-farms
https://www.drhorton.com/tennessee/north-east-tennessee/greeneville/johnson-farms/floor-plans/1764,https://www.drhorton.com/tennessee/north-east-tennessee/greeneville/johnson-farms
https://www.drhorton.com/tennessee/north-east-tennessee/greeneville/johnson-farms/floor-plans/1821,https://www.drhorton.com/tennessee/north-east-tennessee/greeneville/johnson-farms
https://www.drhorton.com/tennessee/north-east-tennessee/greeneville/johnson-farms/floor-plans/1991,https://www.drhorton.com/tennessee/north-east-tennessee/greeneville/johnson-farms
https://www.drhorton.com/tennessee/north-east-tennessee/greeneville/johnson-farms/floor-plans/2160,https://www.drhorton.com/tennessee/north-east-tennessee/greeneville/johnson-farms
https://www.drhorton.com/tennessee/north-east-tennessee/greeneville/johnson-farms/floor-plans/2174,https://www.drhorton.com/tennessee/north-east-tennessee/greeneville/johnson-farms
https://www.drhorton.com/tennessee/north-east-tennessee/greeneville/johnson-farms/floor-plans/2361,https://www.drhorton.com/tennessee/north-east-tennessee/greeneville/johnson-farms
https://www.drhorton.com/tennessee/north-east-tennessee/greeneville/johnson-farms/floor-plans/2511,https://www.drhorton.com/tennessee/north-east-tennessee/greeneville/johnson-farms
https://www.drhorton.com/tennessee/north-east-tennessee/greeneville/johnson-farms/floor-plans/2618,https://www.drhorton.com/tennessee/north-east-tennessee/greeneville/johnson-farms
https://www.drhorton.com/tennessee/north-east-tennessee/greeneville/johnson-farms/floor-plans/3110,https://www.drhorton.com/tennessee/north-east-tennessee/greeneville/johnson-farms
https://www.drhorton.com/tennessee/memphis/millington/the-orchard/qmis/4226-sandy-hollow-lane,https://www.drhorton.com/tennessee/memphis/millington/the-orchard
https://www.drhorton.com/tennessee/memphis/millington/the-orchard/qmis/4247-sandy-hollow-lane-s,https://www.drhorton.com/tennessee/memphis/millington/the-orchard
https://www.drhorton.com/tennessee/memphis/millington/the-orchard/qmis/4307-peach-run-lane,https://www.drhorton.com/tennessee/memphis/millington/the-orchard
https://www.drhorton.com/tennessee/memphis/millington/the-orchard/qmis/4317-sandy-hollow-lane,https://www.drhorton.com/tennessee/memphis/millington/the-orchard
https://www.drhorton.com/tennessee/memphis/millington/the-orchard/qmis/4334-peach-run-lane,https://www.drhorton.com/tennessee/memphis/millington/the-orchard
https://www.drhorton.com/tennessee/memphis/millington/the-orchard/qmis/4338-sandy-hollow-lane,https://www.drhorton.com/tennessee/memphis/millington/the-orchard
https://www.drhorton.com/tennessee/memphis/millington/the-orchard/qmis/7137-ryan-hill-drive,https://www.drhorton.com/tennessee/memphis/millington/the-orchard
https://www.drhorton.com/tennessee/memphis/millington/the-orchard/qmis/7143-ryan-hill-drive,https://www.drhorton.com/tennessee/memphis/millington/the-orchard
https://www.drhorton.com/tennessee/memphis/millington/the-orchard/floor-plans/1510,https://www.drhorton.com/tennessee/memphis/millington/the-orchard
https://www.drhorton.com/tennessee/memphis/millington/the-orchard/floor-plans/1672,https://www.drhorton.com/tennessee/memphis/millington/the-orchard
https://www.drhorton.com/tennessee/memphis/millington/the-orchard/floor-plans/1796,https://www.drhorton.com/tennessee/memphis/millington/the-orchard
https://www.drhorton.com/tennessee/memphis/millington/the-orchard/floor-plans/1819,https://www.drhorton.com/tennessee/memphis/millington/the-orchard
https://www.drhorton.com/tennessee/memphis/millington/the-orchard/floor-plans/1883,https://www.drhorton.com/tennessee/memphis/millington/the-orchard
https://www.drhorton.com/tennessee/memphis/millington/riggs-pointe/qmis/4503-basun-circle-s,https://www.drhorton.com/tennessee/memphis/millington/riggs-pointe
https://www.drhorton.com/tennessee/memphis/millington/riggs-pointe/qmis/4507-basun-circle-s,https://www.drhorton.com/tennessee/memphis/millington/riggs-pointe
https://www.drhorton.com/tennessee/memphis/millington/riggs-pointe/qmis/4511-basun-circle-s,https://www.drhorton.com/tennessee/memphis/millington/riggs-pointe
https://www.drhorton.com/tennessee/memphis/millington/riggs-pointe/qmis/4515-basun-circle-s,https://www.drhorton.com/tennessee/memphis/millington/riggs-pointe
https://www.drhorton.com/tennessee/memphis/millington/riggs-pointe/qmis/4519-basun-circle-s,https://www.drhorton.com/tennessee/memphis/millington/riggs-pointe
https://www.drhorton.com/tennessee/memphis/millington/riggs-pointe/qmis/4523-basun-circle-s,https://www.drhorton.com/tennessee/memphis/millington/riggs-pointe
https://www.drhorton.com/tennessee/memphis/millington/riggs-pointe/qmis/4526-basun-circle-s,https://www.drhorton.com/tennessee/memphis/millington/riggs-pointe
https://www.drhorton.com/tennessee/memphis/millington/riggs-pointe/qmis/4532-basun-circle-n,https://www.drhorton.com/tennessee/memphis/millington/riggs-pointe
https://www.drhorton.com/tennessee/memphis/millington/riggs-pointe/qmis/4537-basun-circle-n,https://www.drhorton.com/tennessee/memphis/millington/riggs-pointe
https://www.drhorton.com/tennessee/memphis/millington/riggs-pointe/qmis/4544-basun-circle-n,https://www.drhorton.com/tennessee/memphis/millington/riggs-pointe
https://www.drhorton.com/tennessee/memphis/millington/riggs-pointe/floor-plans/1475,https://www.drhorton.com/tennessee/memphis/millington/riggs-pointe
https://www.drhorton.com/tennessee/memphis/millington/riggs-pointe/floor-plans/1618,https://www.drhorton.com/tennessee/memphis/millington/riggs-pointe
https://www.drhorton.com/tennessee/memphis/millington/riggs-pointe/floor-plans/1765,https://www.drhorton.com/tennessee/memphis/millington/riggs-pointe
https://www.drhorton.com/tennessee/memphis/millington/riggs-pointe/floor-plans/1850,https://www.drhorton.com/tennessee/memphis/millington/riggs-pointe
https://www.drhorton.com/tennessee/memphis/millington/huntington-estates/qmis/7942-clove-pasture-drive-e,https://www.drhorton.com/tennessee/memphis/millington/huntington-estates
https://www.drhorton.com/tennessee/memphis/millington/huntington-estates/qmis/7978-clove-pasture-drive-e,https://www.drhorton.com/tennessee/memphis/millington/huntington-estates
https://www.drhorton.com/tennessee/memphis/millington/huntington-estates/floor-plans/1343,https://www.drhorton.com/tennessee/memphis/millington/huntington-estates
https://www.drhorton.com/tennessee/memphis/millington/huntington-estates/floor-plans/1475,https://www.drhorton.com/tennessee/memphis/millington/huntington-estates
https://www.drhorton.com/tennessee/memphis/millington/huntington-estates/floor-plans/1497,https://www.drhorton.com/tennessee/memphis/millington/huntington-estates
https://www.drhorton.com/tennessee/memphis/millington/huntington-estates/floor-plans/1555,https://www.drhorton.com/tennessee/memphis/millington/huntington-estates
https://www.drhorton.com/tennessee/memphis/millington/huntington-estates/floor-plans/1618,https://www.drhorton.com/tennessee/memphis/millington/huntington-estates
https://www.drhorton.com/tennessee/memphis/millington/huntington-estates/floor-plans/1765,https://www.drhorton.com/tennessee/memphis/millington/huntington-estates
https://www.drhorton.com/tennessee/memphis/millington/huntington-estates/floor-plans/1850,https://www.drhorton.com/tennessee/memphis/millington/huntington-estates
https://www.drhorton.com/tennessee/morristown/morristown/millstone-village/qmis/5036-lost-creek-drive,https://www.drhorton.com/tennessee/morristown/morristown/millstone-village
https://www.drhorton.com/tennessee/morristown/morristown/millstone-village/qmis/5040-lost-creek-drive,https://www.drhorton.com/tennessee/morristown/morristown/millstone-village
https://www.drhorton.com/tennessee/morristown/morristown/millstone-village/qmis/5052-lost-creek-drive,https://www.drhorton.com/tennessee/morristown/morristown/millstone-village
https://www.drhorton.com/tennessee/morristown/morristown/millstone-village/qmis/5053-lost-creek-drive,https://www.drhorton.com/tennessee/morristown/morristown/millstone-village
https://www.drhorton.com/tennessee/morristown/morristown/millstone-village/qmis/5056-lost-creek-drive,https://www.drhorton.com/tennessee/morristown/morristown/millstone-village
https://www.drhorton.com/tennessee/morristown/morristown/millstone-village/qmis/5064-lost-creek-drive,https://www.drhorton.com/tennessee/morristown/morristown/millstone-village
https://www.drhorton.com/tennessee/morristown/morristown/millstone-village/qmis/5094-grist-lane,https://www.drhorton.com/tennessee/morristown/morristown/millstone-village
https://www.drhorton.com/tennessee/morristown/morristown/millstone-village/qmis/5132-runnerstone-road,https://www.drhorton.com/tennessee/morristown/morristown/millstone-village
https://www.drhorton.com/tennessee/morristown/morristown/millstone-village/qmis/5138-runnerstone-road,https://www.drhorton.com/tennessee/morristown/morristown/millstone-village
https://www.drhorton.com/tennessee/morristown/morristown/millstone-village/qmis/5163-runnerstone-road,https://www.drhorton.com/tennessee/morristown/morristown/millstone-village
https://www.drhorton.com/tennessee/morristown/morristown/millstone-village/qmis/5166-runnerstone-road,https://www.drhorton.com/tennessee/morristown/morristown/millstone-village
https://www.drhorton.com/tennessee/morristown/morristown/millstone-village/qmis/5182-runnerstone-road,https://www.drhorton.com/tennessee/morristown/morristown/millstone-village
https://www.drhorton.com/tennessee/morristown/morristown/millstone-village/floor-plans/1618,https://www.drhorton.com/tennessee/morristown/morristown/millstone-village
https://www.drhorton.com/tennessee/morristown/morristown/millstone-village/floor-plans/1635,https://www.drhorton.com/tennessee/morristown/morristown/millstone-village
https://www.drhorton.com/tennessee/morristown/morristown/millstone-village/floor-plans/1749,https://www.drhorton.com/tennessee/morristown/morristown/millstone-village
https://www.drhorton.com/tennessee/morristown/morristown/millstone-village/floor-plans/1765,https://www.drhorton.com/tennessee/morristown/morristown/millstone-village
https://www.drhorton.com/tennessee/morristown/morristown/millstone-village/floor-plans/2160,https://www.drhorton.com/tennessee/morristown/morristown/millstone-village
https://www.drhorton.com/tennessee/morristown/morristown/millstone-village/floor-plans/2250,https://www.drhorton.com/tennessee/morristown/morristown/millstone-village
https://www.drhorton.com/tennessee/morristown/morristown/millstone-village/floor-plans/2511,https://www.drhorton.com/tennessee/morristown/morristown/millstone-village
https://www.drhorton.com/tennessee/morristown/morristown/millstone-village/floor-plans/2618,https://www.drhorton.com/tennessee/morristown/morristown/millstone-village
https://www.drhorton.com/tennessee/morristown/morristown/millstone-village/floor-plans/2890,https://www.drhorton.com/tennessee/morristown/morristown/millstone-village
https://www.drhorton.com/tennessee/morristown/dandridge/creekside-ridge/qmis/3070-villas-creekside-drive,https://www.drhorton.com/tennessee/morristown/dandridge/creekside-ridge
https://www.drhorton.com/tennessee/morristown/dandridge/creekside-ridge/floor-plans/1183,https://www.drhorton.com/tennessee/morristown/dandridge/creekside-ridge
https://www.drhorton.com/tennessee/morristown/dandridge/creekside-ridge/floor-plans/1497,https://www.drhorton.com/tennessee/morristown/dandridge/creekside-ridge
https://www.drhorton.com/tennessee/morristown/dandridge/creekside-ridge/floor-plans/1618,https://www.drhorton.com/tennessee/morristown/dandridge/creekside-ridge
https://www.drhorton.com/tennessee/morristown/dandridge/creekside-ridge/floor-plans/1634,https://www.drhorton.com/tennessee/morristown/dandridge/creekside-ridge
https://www.drhorton.com/tennessee/morristown/dandridge/creekside-ridge/floor-plans/1764,https://www.drhorton.com/tennessee/morristown/dandridge/creekside-ridge
https://www.drhorton.com/tennessee/morristown/dandridge/creekside-ridge/floor-plans/1991,https://www.drhorton.com/tennessee/morristown/dandridge/creekside-ridge
https://www.drhorton.com/tennessee/morristown/dandridge/creekside-ridge/floor-plans/2160,https://www.drhorton.com/tennessee/morristown/dandridge/creekside-ridge
https://www.drhorton.com/tennessee/morristown/dandridge/creekside-ridge/floor-plans/2511,https://www.drhorton.com/tennessee/morristown/dandridge/creekside-ridge
https://www.drhorton.com/tennessee/morristown/dandridge/creekside-ridge/floor-plans/2618,https://www.drhorton.com/tennessee/morristown/dandridge/creekside-ridge
https://www.drhorton.com/tennessee/morristown/jefferson-city/battle-ridge/floor-plans/1183,https://www.drhorton.com/tennessee/morristown/jefferson-city/battle-ridge
https://www.drhorton.com/tennessee/morristown/jefferson-city/battle-ridge/floor-plans/1343,https://www.drhorton.com/tennessee/morristown/jefferson-city/battle-ridge
https://www.drhorton.com/tennessee/morristown/jefferson-city/battle-ridge/floor-plans/1497,https://www.drhorton.com/tennessee/morristown/jefferson-city/battle-ridge
https://www.drhorton.com/tennessee/morristown/jefferson-city/battle-ridge/floor-plans/1618,https://www.drhorton.com/tennessee/morristown/jefferson-city/battle-ridge
https://www.drhorton.com/tennessee/morristown/jefferson-city/battle-ridge/floor-plans/1634,https://www.drhorton.com/tennessee/morristown/jefferson-city/battle-ridge
https://www.drhorton.com/tennessee/morristown/jefferson-city/battle-ridge/floor-plans/1649,https://www.drhorton.com/tennessee/morristown/jefferson-city/battle-ridge
https://www.drhorton.com/tennessee/morristown/jefferson-city/battle-ridge/floor-plans/1764,https://www.drhorton.com/tennessee/morristown/jefferson-city/battle-ridge
https://www.drhorton.com/tennessee/morristown/jefferson-city/battle-ridge/floor-plans/1991,https://www.drhorton.com/tennessee/morristown/jefferson-city/battle-ridge
https://www.drhorton.com/tennessee/memphis/oakland/riverwood-gardens/qmis/270-arrowwood-trail,https://www.drhorton.com/tennessee/memphis/oakland/riverwood-gardens
https://www.drhorton.com/tennessee/memphis/oakland/riverwood-gardens/qmis/285-arrowwood-trail,https://www.drhorton.com/tennessee/memphis/oakland/riverwood-gardens
https://www.drhorton.com/tennessee/memphis/oakland/riverwood-gardens/qmis/585-riverdale-dr,https://www.drhorton.com/tennessee/memphis/oakland/riverwood-gardens
https://www.drhorton.com/tennessee/memphis/oakland/riverwood-gardens/floor-plans/1672,https://www.drhorton.com/tennessee/memphis/oakland/riverwood-gardens
https://www.drhorton.com/tennessee/memphis/oakland/riverwood-gardens/floor-plans/1796,https://www.drhorton.com/tennessee/memphis/oakland/riverwood-gardens
https://www.drhorton.com/tennessee/memphis/oakland/riverwood-gardens/floor-plans/1819,https://www.drhorton.com/tennessee/memphis/oakland/riverwood-gardens
https://www.drhorton.com/tennessee/memphis/oakland/riverwood-gardens/floor-plans/1883,https://www.drhorton.com/tennessee/memphis/oakland/riverwood-gardens
https://www.drhorton.com/tennessee/memphis/oakland/riverwood-gardens/floor-plans/1942,https://www.drhorton.com/tennessee/memphis/oakland/riverwood-gardens
https://www.drhorton.com/tennessee/memphis/oakland/riverwood-gardens/floor-plans/2025,https://www.drhorton.com/tennessee/memphis/oakland/riverwood-gardens
https://www.drhorton.com/tennessee/memphis/oakland/riverwood-gardens/floor-plans/2273,https://www.drhorton.com/tennessee/memphis/oakland/riverwood-gardens
https://www.drhorton.com/tennessee/memphis/oakland/riverwood-gardens/floor-plans/2291,https://www.drhorton.com/tennessee/memphis/oakland/riverwood-gardens
https://www.drhorton.com/tennessee/memphis/oakland/riverwood-gardens/floor-plans/2388,https://www.drhorton.com/tennessee/memphis/oakland/riverwood-gardens
https://www.drhorton.com/tennessee/memphis/oakland/riverwood-gardens/floor-plans/2443,https://www.drhorton.com/tennessee/memphis/oakland/riverwood-gardens
https://www.drhorton.com/tennessee/memphis/oakland/riverwood-gardens/floor-plans/2506,https://www.drhorton.com/tennessee/memphis/oakland/riverwood-gardens
https://www.drhorton.com/tennessee/memphis/oakland/riverwood-gardens/floor-plans/2529,https://www.drhorton.com/tennessee/memphis/oakland/riverwood-gardens
https://www.drhorton.com/tennessee/memphis/oakland/village-park/qmis/120-kipling-dr,https://www.drhorton.com/tennessee/memphis/oakland/village-park
https://www.drhorton.com/tennessee/memphis/oakland/village-park/qmis/130-kipling-dr,https://www.drhorton.com/tennessee/memphis/oakland/village-park
https://www.drhorton.com/tennessee/memphis/oakland/village-park/qmis/140-kipling-dr,https://www.drhorton.com/tennessee/memphis/oakland/village-park
https://www.drhorton.com/tennessee/memphis/oakland/village-park/qmis/160-kipling-dr,https://www.drhorton.com/tennessee/memphis/oakland/village-park
https://www.drhorton.com/tennessee/memphis/oakland/village-park/qmis/165-kipling-dr,https://www.drhorton.com/tennessee/memphis/oakland/village-park
https://www.drhorton.com/tennessee/memphis/oakland/village-park/qmis/170-kipling-dr,https://www.drhorton.com/tennessee/memphis/oakland/village-park
https://www.drhorton.com/tennessee/memphis/oakland/village-park/qmis/175-kipling-dr,https://www.drhorton.com/tennessee/memphis/oakland/village-park
https://www.drhorton.com/tennessee/memphis/oakland/village-park/qmis/185-kipling-dr,https://www.drhorton.com/tennessee/memphis/oakland/village-park
https://www.drhorton.com/tennessee/memphis/oakland/village-park/qmis/195-kipling-dr,https://www.drhorton.com/tennessee/memphis/oakland/village-park
https://www.drhorton.com/tennessee/memphis/oakland/village-park/qmis/205-kipling-dr,https://www.drhorton.com/tennessee/memphis/oakland/village-park
https://www.drhorton.com/tennessee/memphis/oakland/village-park/qmis/300-windemere-loop,https://www.drhorton.com/tennessee/memphis/oakland/village-park
https://www.drhorton.com/tennessee/memphis/oakland/village-park/qmis/310-windemere-loop,https://www.drhorton.com/tennessee/memphis/oakland/village-park
https://www.drhorton.com/tennessee/memphis/oakland/village-park/qmis/330-windemere-loop,https://www.drhorton.com/tennessee/memphis/oakland/village-park
https://www.drhorton.com/tennessee/memphis/oakland/village-park/floor-plans/1510,https://www.drhorton.com/tennessee/memphis/oakland/village-park
https://www.drhorton.com/tennessee/memphis/oakland/village-park/floor-plans/1672,https://www.drhorton.com/tennessee/memphis/oakland/village-park
https://www.drhorton.com/tennessee/memphis/oakland/village-park/floor-plans/1819,https://www.drhorton.com/tennessee/memphis/oakland/village-park
https://www.drhorton.com/tennessee/knoxville/sevierville/smoky-hollow/floor-plans/1381,https://www.drhorton.com/tennessee/knoxville/sevierville/smoky-hollow
https://www.drhorton.com/tennessee/knoxville/sevierville/smoky-hollow/floor-plans/1554,https://www.drhorton.com/tennessee/knoxville/sevierville/smoky-hollow
https://www.drhorton.com/tennessee/knoxville/kodak/cherokee-crossing/qmis/116-jace-way,https://www.drhorton.com/tennessee/knoxville/kodak/cherokee-crossing
https://www.drhorton.com/tennessee/knoxville/kodak/cherokee-crossing/qmis/136-jace-way,https://www.drhorton.com/tennessee/knoxville/kodak/cherokee-crossing
https://www.drhorton.com/tennessee/knoxville/kodak/cherokee-crossing/qmis/140-jace-way,https://www.drhorton.com/tennessee/knoxville/kodak/cherokee-crossing
https://www.drhorton.com/tennessee/knoxville/kodak/cherokee-crossing/qmis/156-jace-way,https://www.drhorton.com/tennessee/knoxville/kodak/cherokee-crossing
https://www.drhorton.com/tennessee/knoxville/kodak/cherokee-crossing/qmis/160-jace-way,https://www.drhorton.com/tennessee/knoxville/kodak/cherokee-crossing
https://www.drhorton.com/tennessee/knoxville/kodak/cherokee-crossing/qmis/164-jace-way,https://www.drhorton.com/tennessee/knoxville/kodak/cherokee-crossing
https://www.drhorton.com/tennessee/knoxville/kodak/cherokee-crossing/qmis/168-jace-way,https://www.drhorton.com/tennessee/knoxville/kodak/cherokee-crossing
https://www.drhorton.com/tennessee/knoxville/kodak/cherokee-crossing/qmis/172-jace-way,https://www.drhorton.com/tennessee/knoxville/kodak/cherokee-crossing
https://www.drhorton.com/tennessee/knoxville/kodak/cherokee-crossing/qmis/206-jace-way,https://www.drhorton.com/tennessee/knoxville/kodak/cherokee-crossing
https://www.drhorton.com/tennessee/knoxville/kodak/cherokee-crossing/qmis/210-jace-way,https://www.drhorton.com/tennessee/knoxville/kodak/cherokee-crossing
https://www.drhorton.com/tennessee/knoxville/kodak/cherokee-crossing/qmis/214-jace-way,https://www.drhorton.com/tennessee/knoxville/kodak/cherokee-crossing
https://www.drhorton.com/tennessee/knoxville/kodak/cherokee-crossing/qmis/218-jace-way,https://www.drhorton.com/tennessee/knoxville/kodak/cherokee-crossing
https://www.drhorton.com/tennessee/knoxville/kodak/cherokee-crossing/qmis/223-jace-way,https://www.drhorton.com/tennessee/knoxville/kodak/cherokee-crossing
https://www.drhorton.com/tennessee/knoxville/kodak/cherokee-crossing/qmis/226-jace-way,https://www.drhorton.com/tennessee/knoxville/kodak/cherokee-crossing
https://www.drhorton.com/tennessee/knoxville/kodak/cherokee-crossing/qmis/227-jace-way,https://www.drhorton.com/tennessee/knoxville/kodak/cherokee-crossing
https://www.drhorton.com/tennessee/knoxville/kodak/cherokee-crossing/qmis/230-jace-way,https://www.drhorton.com/tennessee/knoxville/kodak/cherokee-crossing
https://www.drhorton.com/tennessee/knoxville/kodak/cherokee-crossing/qmis/231-jace-way,https://www.drhorton.com/tennessee/knoxville/kodak/cherokee-crossing
https://www.drhorton.com/tennessee/knoxville/kodak/cherokee-crossing/qmis/234-jace-way,https://www.drhorton.com/tennessee/knoxville/kodak/cherokee-crossing
https://www.drhorton.com/tennessee/knoxville/kodak/cherokee-crossing/qmis/235-jace-way,https://www.drhorton.com/tennessee/knoxville/kodak/cherokee-crossing
https://www.drhorton.com/tennessee/knoxville/kodak/cherokee-crossing/qmis/238-jace-way,https://www.drhorton.com/tennessee/knoxville/kodak/cherokee-crossing
https://www.drhorton.com/tennessee/knoxville/kodak/cherokee-crossing/qmis/239-jace-way,https://www.drhorton.com/tennessee/knoxville/kodak/cherokee-crossing
https://www.drhorton.com/tennessee/knoxville/kodak/cherokee-crossing/qmis/242-jace-way,https://www.drhorton.com/tennessee/knoxville/kodak/cherokee-crossing
https://www.drhorton.com/tennessee/knoxville/kodak/cherokee-crossing/qmis/243-jace-way,https://www.drhorton.com/tennessee/knoxville/kodak/cherokee-crossing
https://www.drhorton.com/tennessee/knoxville/kodak/cherokee-crossing/qmis/246-jace-way,https://www.drhorton.com/tennessee/knoxville/kodak/cherokee-crossing
https://www.drhorton.com/tennessee/knoxville/kodak/cherokee-crossing/qmis/3763-wyatt-way,https://www.drhorton.com/tennessee/knoxville/kodak/cherokee-crossing
https://www.drhorton.com/tennessee/knoxville/kodak/cherokee-crossing/qmis/3767-wyatt-way,https://www.drhorton.com/tennessee/knoxville/kodak/cherokee-crossing
https://www.drhorton.com/tennessee/knoxville/kodak/cherokee-crossing/qmis/3771-wyatt-way,https://www.drhorton.com/tennessee/knoxville/kodak/cherokee-crossing
https://www.drhorton.com/tennessee/knoxville/kodak/cherokee-crossing/qmis/3778-wyatt-way,https://www.drhorton.com/tennessee/knoxville/kodak/cherokee-crossing
https://www.drhorton.com/tennessee/knoxville/kodak/cherokee-crossing/floor-plans/1381,https://www.drhorton.com/tennessee/knoxville/kodak/cherokee-crossing
https://www.drhorton.com/tennessee/knoxville/kodak/cherokee-crossing/floor-plans/1554,https://www.drhorton.com/tennessee/knoxville/kodak/cherokee-crossing
https://www.drhorton.com/tennessee/memphis/somerville/hedge-rose/qmis/115-buttercup-dr,https://www.drhorton.com/tennessee/memphis/somerville/hedge-rose
https://www.drhorton.com/tennessee/memphis/somerville/hedge-rose/qmis/120-buttercup-dr,https://www.drhorton.com/tennessee/memphis/somerville/hedge-rose
https://www.drhorton.com/tennessee/memphis/somerville/hedge-rose/qmis/16-azalea-dr,https://www.drhorton.com/tennessee/memphis/somerville/hedge-rose
https://www.drhorton.com/tennessee/memphis/somerville/hedge-rose/qmis/18-azalea-dr,https://www.drhorton.com/tennessee/memphis/somerville/hedge-rose
https://www.drhorton.com/tennessee/memphis/somerville/hedge-rose/floor-plans/1672,https://www.drhorton.com/tennessee/memphis/somerville/hedge-rose
https://www.drhorton.com/tennessee/memphis/somerville/hedge-rose/floor-plans/1765,https://www.drhorton.com/tennessee/memphis/somerville/hedge-rose
https://www.drhorton.com/tennessee/memphis/somerville/hedge-rose/floor-plans/1883,https://www.drhorton.com/tennessee/memphis/somerville/hedge-rose
https://www.drhorton.com/tennessee/memphis/somerville/hedge-rose/floor-plans/1942,https://www.drhorton.com/tennessee/memphis/somerville/hedge-rose
https://www.drhorton.com/tennessee/memphis/somerville/hedge-rose/floor-plans/2291,https://www.drhorton.com/tennessee/memphis/somerville/hedge-rose
https://www.drhorton.com/tennessee/memphis/somerville/hedge-rose/floor-plans/2506,https://www.drhorton.com/tennessee/memphis/somerville/hedge-rose
https://www.drhorton.com/tennessee/knoxville/seymour/highland-view-phase-3/floor-plans/1634,https://www.drhorton.com/tennessee/knoxville/seymour/highland-view-phase-3
https://www.drhorton.com/tennessee/knoxville/seymour/highland-view-phase-3/floor-plans/1821,https://www.drhorton.com/tennessee/knoxville/seymour/highland-view-phase-3
https://www.drhorton.com/tennessee/knoxville/seymour/highland-view-phase-3/floor-plans/2203,https://www.drhorton.com/tennessee/knoxville/seymour/highland-view-phase-3
https://www.drhorton.com/tennessee/knoxville/knoxville/the-ridge-at-neals-landing/qmis/211-eclipse-lane,https://www.drhorton.com/tennessee/knoxville/knoxville/the-ridge-at-neals-landing
https://www.drhorton.com/tennessee/knoxville/knoxville/the-ridge-at-neals-landing/qmis/276-neals-landing-road,https://www.drhorton.com/tennessee/knoxville/knoxville/the-ridge-at-neals-landing
https://www.drhorton.com/tennessee/knoxville/knoxville/the-ridge-at-neals-landing/qmis/302-neals-landing-road,https://www.drhorton.com/tennessee/knoxville/knoxville/the-ridge-at-neals-landing
https://www.drhorton.com/tennessee/knoxville/knoxville/the-ridge-at-neals-landing/qmis/306-neals-landing-road,https://www.drhorton.com/tennessee/knoxville/knoxville/the-ridge-at-neals-landing
https://www.drhorton.com/tennessee/knoxville/knoxville/the-ridge-at-neals-landing/qmis/7779-vista-view-lane,https://www.drhorton.com/tennessee/knoxville/knoxville/the-ridge-at-neals-landing
https://www.drhorton.com/tennessee/knoxville/knoxville/the-ridge-at-neals-landing/floor-plans/1498,https://www.drhorton.com/tennessee/knoxville/knoxville/the-ridge-at-neals-landing
https://www.drhorton.com/tennessee/knoxville/knoxville/the-ridge-at-neals-landing/floor-plans/1618,https://www.drhorton.com/tennessee/knoxville/knoxville/the-ridge-at-neals-landing
https://www.drhorton.com/tennessee/knoxville/knoxville/the-ridge-at-neals-landing/floor-plans/1635,https://www.drhorton.com/tennessee/knoxville/knoxville/the-ridge-at-neals-landing
https://www.drhorton.com/tennessee/knoxville/knoxville/the-ridge-at-neals-landing/floor-plans/1765,https://www.drhorton.com/tennessee/knoxville/knoxville/the-ridge-at-neals-landing
https://www.drhorton.com/tennessee/knoxville/knoxville/the-ridge-at-neals-landing/floor-plans/1991,https://www.drhorton.com/tennessee/knoxville/knoxville/the-ridge-at-neals-landing
https://www.drhorton.com/tennessee/knoxville/knoxville/the-ridge-at-neals-landing/floor-plans/2160,https://www.drhorton.com/tennessee/knoxville/knoxville/the-ridge-at-neals-landing
https://www.drhorton.com/tennessee/knoxville/knoxville/the-ridge-at-neals-landing/floor-plans/2511,https://www.drhorton.com/tennessee/knoxville/knoxville/the-ridge-at-neals-landing
https://www.drhorton.com/tennessee/knoxville/knoxville/the-ridge-at-neals-landing/floor-plans/2618,https://www.drhorton.com/tennessee/knoxville/knoxville/the-ridge-at-neals-landing
https://www.drhorton.com/tennessee/knoxville/knoxville/the-ridge-at-neals-landing/floor-plans/2804,https://www.drhorton.com/tennessee/knoxville/knoxville/the-ridge-at-neals-landing
https://www.drhorton.com/tennessee/knoxville/knoxville/the-ridge-at-neals-landing/floor-plans/3110,https://www.drhorton.com/tennessee/knoxville/knoxville/the-ridge-at-neals-landing
https://www.drhorton.com/tennessee/knoxville/seymour/macon-townhomes/qmis/214-business-park-lane,https://www.drhorton.com/tennessee/knoxville/seymour/macon-townhomes
https://www.drhorton.com/tennessee/knoxville/seymour/macon-townhomes/qmis/216-business-park-lane,https://www.drhorton.com/tennessee/knoxville/seymour/macon-townhomes
https://www.drhorton.com/tennessee/knoxville/seymour/macon-townhomes/qmis/218-business-park-lane,https://www.drhorton.com/tennessee/knoxville/seymour/macon-townhomes
https://www.drhorton.com/tennessee/knoxville/seymour/macon-townhomes/qmis/220-business-park-lane,https://www.drhorton.com/tennessee/knoxville/seymour/macon-townhomes
https://www.drhorton.com/tennessee/knoxville/seymour/macon-townhomes/qmis/222-business-park-lane,https://www.drhorton.com/tennessee/knoxville/seymour/macon-townhomes
https://www.drhorton.com/tennessee/knoxville/seymour/macon-townhomes/qmis/224-business-park-lane,https://www.drhorton.com/tennessee/knoxville/seymour/macon-townhomes
https://www.drhorton.com/tennessee/knoxville/seymour/macon-townhomes/qmis/228-business-park-lane,https://www.drhorton.com/tennessee/knoxville/seymour/macon-townhomes
https://www.drhorton.com/tennessee/knoxville/seymour/macon-townhomes/qmis/230-business-park-lane,https://www.drhorton.com/tennessee/knoxville/seymour/macon-townhomes
https://www.drhorton.com/tennessee/knoxville/seymour/macon-townhomes/qmis/232-business-park-lane,https://www.drhorton.com/tennessee/knoxville/seymour/macon-townhomes
https://www.drhorton.com/tennessee/knoxville/seymour/macon-townhomes/qmis/234-business-park-lane,https://www.drhorton.com/tennessee/knoxville/seymour/macon-townhomes
https://www.drhorton.com/tennessee/knoxville/seymour/macon-townhomes/qmis/239-business-park-lane,https://www.drhorton.com/tennessee/knoxville/seymour/macon-townhomes
https://www.drhorton.com/tennessee/knoxville/seymour/macon-townhomes/qmis/241-business-park-lane,https://www.drhorton.com/tennessee/knoxville/seymour/macon-townhomes
https://www.drhorton.com/tennessee/knoxville/seymour/macon-townhomes/qmis/244-business-park-lane,https://www.drhorton.com/tennessee/knoxville/seymour/macon-townhomes
https://www.drhorton.com/tennessee/knoxville/seymour/macon-townhomes/qmis/310-seymour-centre-blvd,https://www.drhorton.com/tennessee/knoxville/seymour/macon-townhomes
https://www.drhorton.com/tennessee/knoxville/seymour/macon-townhomes/qmis/312-seymour-centre-blvd,https://www.drhorton.com/tennessee/knoxville/seymour/macon-townhomes
https://www.drhorton.com/tennessee/knoxville/seymour/macon-townhomes/floor-plans/1381,https://www.drhorton.com/tennessee/knoxville/seymour/macon-townhomes
https://www.drhorton.com/tennessee/knoxville/seymour/macon-townhomes/floor-plans/1554,https://www.drhorton.com/tennessee/knoxville/seymour/macon-townhomes
https://www.drhorton.com/tennessee/knoxville/knoxville/prices-point/qmis/3111-caroline-grace-street,https://www.drhorton.com/tennessee/knoxville/knoxville/prices-point
https://www.drhorton.com/tennessee/knoxville/knoxville/prices-point/qmis/3115-caroline-grace-street,https://www.drhorton.com/tennessee/knoxville/knoxville/prices-point
https://www.drhorton.com/tennessee/knoxville/knoxville/prices-point/qmis/3119-caroline-grace-street,https://www.drhorton.com/tennessee/knoxville/knoxville/prices-point
https://www.drhorton.com/tennessee/knoxville/knoxville/prices-point/qmis/4324-juliette-elise-street,https://www.drhorton.com/tennessee/knoxville/knoxville/prices-point
https://www.drhorton.com/tennessee/knoxville/knoxville/prices-point/qmis/4331-juliette-elise-street,https://www.drhorton.com/tennessee/knoxville/knoxville/prices-point
https://www.drhorton.com/tennessee/knoxville/knoxville/prices-point/qmis/4335-juliette-elise-street,https://www.drhorton.com/tennessee/knoxville/knoxville/prices-point
https://www.drhorton.com/tennessee/knoxville/knoxville/prices-point/qmis/4339-juliette-elise-street,https://www.drhorton.com/tennessee/knoxville/knoxville/prices-point
https://www.drhorton.com/tennessee/knoxville/knoxville/prices-point/qmis/4343-juliette-elise-street,https://www.drhorton.com/tennessee/knoxville/knoxville/prices-point
https://www.drhorton.com/tennessee/knoxville/knoxville/prices-point/qmis/5728-painted-shoals-lane,https://www.drhorton.com/tennessee/knoxville/knoxville/prices-point
https://www.drhorton.com/tennessee/knoxville/knoxville/prices-point/qmis/5736-painted-shoals-lane,https://www.drhorton.com/tennessee/knoxville/knoxville/prices-point
https://www.drhorton.com/tennessee/knoxville/knoxville/prices-point/floor-plans/1618,https://www.drhorton.com/tennessee/knoxville/knoxville/prices-point
https://www.drhorton.com/tennessee/knoxville/knoxville/prices-point/floor-plans/1635,https://www.drhorton.com/tennessee/knoxville/knoxville/prices-point
https://www.drhorton.com/tennessee/knoxville/knoxville/prices-point/floor-plans/1765,https://www.drhorton.com/tennessee/knoxville/knoxville/prices-point
https://www.drhorton.com/tennessee/knoxville/knoxville/prices-point/floor-plans/1927,https://www.drhorton.com/tennessee/knoxville/knoxville/prices-point
https://www.drhorton.com/tennessee/knoxville/knoxville/prices-point/floor-plans/2160,https://www.drhorton.com/tennessee/knoxville/knoxville/prices-point
https://www.drhorton.com/tennessee/knoxville/knoxville/prices-point/floor-plans/2511,https://www.drhorton.com/tennessee/knoxville/knoxville/prices-point
https://www.drhorton.com/tennessee/knoxville/knoxville/prices-point/floor-plans/2618,https://www.drhorton.com/tennessee/knoxville/knoxville/prices-point
https://www.drhorton.com/tennessee/knoxville/knoxville/belhaven/qmis/6829-prospect-hill-lane,https://www.drhorton.com/tennessee/knoxville/knoxville/belhaven
https://www.drhorton.com/tennessee/knoxville/knoxville/belhaven/qmis/6833-prospect-hill-lane,https://www.drhorton.com/tennessee/knoxville/knoxville/belhaven
https://www.drhorton.com/tennessee/knoxville/knoxville/belhaven/qmis/6837-beeler-road,https://www.drhorton.com/tennessee/knoxville/knoxville/belhaven
https://www.drhorton.com/tennessee/knoxville/knoxville/belhaven/floor-plans/1343,https://www.drhorton.com/tennessee/knoxville/knoxville/belhaven
https://www.drhorton.com/tennessee/knoxville/knoxville/belhaven/floor-plans/1497,https://www.drhorton.com/tennessee/knoxville/knoxville/belhaven
https://www.drhorton.com/tennessee/knoxville/knoxville/belhaven/floor-plans/1634,https://www.drhorton.com/tennessee/knoxville/knoxville/belhaven
https://www.drhorton.com/tennessee/knoxville/knoxville/belhaven/floor-plans/1649,https://www.drhorton.com/tennessee/knoxville/knoxville/belhaven
https://www.drhorton.com/tennessee/knoxville/knoxville/belhaven/floor-plans/1991,https://www.drhorton.com/tennessee/knoxville/knoxville/belhaven
https://www.drhorton.com/tennessee/knoxville/knoxville/belhaven/floor-plans/2174,https://www.drhorton.com/tennessee/knoxville/knoxville/belhaven
https://www.drhorton.com/tennessee/knoxville/knoxville/belhaven/floor-plans/2267,https://www.drhorton.com/tennessee/knoxville/knoxville/belhaven
https://www.drhorton.com/tennessee/knoxville/knoxville/isabel-estates/qmis/7833-night-shade-lane,https://www.drhorton.com/tennessee/knoxville/knoxville/isabel-estates
https://www.drhorton.com/tennessee/knoxville/knoxville/isabel-estates/qmis/7834-moonbeam-lane,https://www.drhorton.com/tennessee/knoxville/knoxville/isabel-estates
https://www.drhorton.com/tennessee/knoxville/knoxville/isabel-estates/floor-plans/1618,https://www.drhorton.com/tennessee/knoxville/knoxville/isabel-estates
https://www.drhorton.com/tennessee/knoxville/knoxville/isabel-estates/floor-plans/1764,https://www.drhorton.com/tennessee/knoxville/knoxville/isabel-estates
https://www.drhorton.com/tennessee/knoxville/knoxville/isabel-estates/floor-plans/2160,https://www.drhorton.com/tennessee/knoxville/knoxville/isabel-estates
https://www.drhorton.com/tennessee/knoxville/knoxville/isabel-estates/floor-plans/2511,https://www.drhorton.com/tennessee/knoxville/knoxville/isabel-estates
https://www.drhorton.com/tennessee/knoxville/knoxville/isabel-estates/floor-plans/2618,https://www.drhorton.com/tennessee/knoxville/knoxville/isabel-estates
https://www.drhorton.com/tennessee/knoxville/maryville/best-farms/qmis/2604-best-farms-lane,https://www.drhorton.com/tennessee/knoxville/maryville/best-farms
https://www.drhorton.com/tennessee/knoxville/maryville/best-farms/qmis/2606-best-farms-lane,https://www.drhorton.com/tennessee/knoxville/maryville/best-farms
https://www.drhorton.com/tennessee/knoxville/maryville/best-farms/qmis/2608-best-farms-lane,https://www.drhorton.com/tennessee/knoxville/maryville/best-farms
https://www.drhorton.com/tennessee/knoxville/maryville/best-farms/floor-plans/1618,https://www.drhorton.com/tennessee/knoxville/maryville/best-farms
https://www.drhorton.com/tennessee/knoxville/maryville/best-farms/floor-plans/1635,https://www.drhorton.com/tennessee/knoxville/maryville/best-farms
https://www.drhorton.com/tennessee/knoxville/maryville/best-farms/floor-plans/1765,https://www.drhorton.com/tennessee/knoxville/maryville/best-farms
https://www.drhorton.com/tennessee/knoxville/maryville/best-farms/floor-plans/1991,https://www.drhorton.com/tennessee/knoxville/maryville/best-farms
https://www.drhorton.com/tennessee/knoxville/maryville/best-farms/floor-plans/2160,https://www.drhorton.com/tennessee/knoxville/maryville/best-farms
https://www.drhorton.com/tennessee/knoxville/maryville/best-farms/floor-plans/2511,https://www.drhorton.com/tennessee/knoxville/maryville/best-farms
https://www.drhorton.com/tennessee/knoxville/maryville/best-farms/floor-plans/2618,https://www.drhorton.com/tennessee/knoxville/maryville/best-farms
https://www.drhorton.com/tennessee/knoxville/maryville/best-farms/floor-plans/2804,https://www.drhorton.com/tennessee/knoxville/maryville/best-farms
https://www.drhorton.com/tennessee/knoxville/clinton/marys-pointe/qmis/435-villages-at-hinds-creek-ln,https://www.drhorton.com/tennessee/knoxville/clinton/marys-pointe
https://www.drhorton.com/tennessee/knoxville/clinton/marys-pointe/qmis/439-villages-at-hinds-creek-ln,https://www.drhorton.com/tennessee/knoxville/clinton/marys-pointe
https://www.drhorton.com/tennessee/knoxville/clinton/marys-pointe/qmis/442-villages-at-hinds-creek-ln,https://www.drhorton.com/tennessee/knoxville/clinton/marys-pointe
https://www.drhorton.com/tennessee/knoxville/clinton/marys-pointe/floor-plans/1618,https://www.drhorton.com/tennessee/knoxville/clinton/marys-pointe
https://www.drhorton.com/tennessee/knoxville/clinton/marys-pointe/floor-plans/1635,https://www.drhorton.com/tennessee/knoxville/clinton/marys-pointe
https://www.drhorton.com/tennessee/knoxville/clinton/marys-pointe/floor-plans/1649,https://www.drhorton.com/tennessee/knoxville/clinton/marys-pointe
https://www.drhorton.com/tennessee/knoxville/clinton/marys-pointe/floor-plans/1765,https://www.drhorton.com/tennessee/knoxville/clinton/marys-pointe
https://www.drhorton.com/tennessee/knoxville/clinton/marys-pointe/floor-plans/1942,https://www.drhorton.com/tennessee/knoxville/clinton/marys-pointe
https://www.drhorton.com/tennessee/knoxville/clinton/marys-pointe/floor-plans/1991,https://www.drhorton.com/tennessee/knoxville/clinton/marys-pointe
https://www.drhorton.com/tennessee/knoxville/clinton/marys-pointe/floor-plans/2160,https://www.drhorton.com/tennessee/knoxville/clinton/marys-pointe
https://www.drhorton.com/tennessee/knoxville/clinton/marys-pointe/floor-plans/2618,https://www.drhorton.com/tennessee/knoxville/clinton/marys-pointe
https://www.drhorton.com/tennessee/knoxville/clinton/marys-pointe/floor-plans/2804,https://www.drhorton.com/tennessee/knoxville/clinton/marys-pointe
https://www.drhorton.com/tennessee/knoxville/clinton/marys-pointe/floor-plans/2890,https://www.drhorton.com/tennessee/knoxville/clinton/marys-pointe
https://www.drhorton.com/tennessee/knoxville/clinton/marys-pointe/floor-plans/3110,https://www.drhorton.com/tennessee/knoxville/clinton/marys-pointe
https://www.drhorton.com/tennessee/knoxville/knoxville/catlett-cove/qmis/1120-emily-louise-lane,https://www.drhorton.com/tennessee/knoxville/knoxville/catlett-cove
https://www.drhorton.com/tennessee/knoxville/knoxville/catlett-cove/floor-plans/1942,https://www.drhorton.com/tennessee/knoxville/knoxville/catlett-cove
https://www.drhorton.com/tennessee/knoxville/knoxville/catlett-cove/floor-plans/2250,https://www.drhorton.com/tennessee/knoxville/knoxville/catlett-cove
https://www.drhorton.com/tennessee/knoxville/knoxville/catlett-cove/floor-plans/2594,https://www.drhorton.com/tennessee/knoxville/knoxville/catlett-cove
https://www.drhorton.com/tennessee/knoxville/knoxville/catlett-cove/floor-plans/2890,https://www.drhorton.com/tennessee/knoxville/knoxville/catlett-cove
https://www.drhorton.com/tennessee/knoxville/knoxville/catlett-cove/floor-plans/3110,https://www.drhorton.com/tennessee/knoxville/knoxville/catlett-cove
https://www.drhorton.com/tennessee/knoxville/knoxville/catlett-cove/floor-plans/3411,https://www.drhorton.com/tennessee/knoxville/knoxville/catlett-cove
https://www.drhorton.com/tennessee/knoxville/knoxville/catlett-cove/floor-plans/4109,https://www.drhorton.com/tennessee/knoxville/knoxville/catlett-cove
https://www.drhorton.com/tennessee/knoxville/knoxville/oak-vista/floor-plans/1381,https://www.drhorton.com/tennessee/knoxville/knoxville/oak-vista
https://www.drhorton.com/tennessee/knoxville/knoxville/oak-vista/floor-plans/1554,https://www.drhorton.com/tennessee/knoxville/knoxville/oak-vista
https://www.drhorton.com/tennessee/knoxville/vonore/oak-hill/qmis/563-white-oak-lane,https://www.drhorton.com/tennessee/knoxville/vonore/oak-hill
https://www.drhorton.com/tennessee/knoxville/vonore/oak-hill/qmis/567-white-oak-lane,https://www.drhorton.com/tennessee/knoxville/vonore/oak-hill
https://www.drhorton.com/tennessee/knoxville/vonore/oak-hill/qmis/569-white-oak-lane,https://www.drhorton.com/tennessee/knoxville/vonore/oak-hill
https://www.drhorton.com/tennessee/knoxville/vonore/oak-hill/qmis/570-white-oak-lane,https://www.drhorton.com/tennessee/knoxville/vonore/oak-hill
https://www.drhorton.com/tennessee/knoxville/vonore/oak-hill/qmis/572-white-oak-lane,https://www.drhorton.com/tennessee/knoxville/vonore/oak-hill
https://www.drhorton.com/tennessee/knoxville/vonore/oak-hill/qmis/573-white-oak-lane,https://www.drhorton.com/tennessee/knoxville/vonore/oak-hill
https://www.drhorton.com/tennessee/knoxville/vonore/oak-hill/qmis/574-white-oak-lane,https://www.drhorton.com/tennessee/knoxville/vonore/oak-hill
https://www.drhorton.com/tennessee/knoxville/vonore/oak-hill/qmis/575-white-oak-lane,https://www.drhorton.com/tennessee/knoxville/vonore/oak-hill
https://www.drhorton.com/tennessee/knoxville/vonore/oak-hill/qmis/577-white-oak-lane,https://www.drhorton.com/tennessee/knoxville/vonore/oak-hill
https://www.drhorton.com/tennessee/knoxville/vonore/oak-hill/qmis/579-white-oak-lane,https://www.drhorton.com/tennessee/knoxville/vonore/oak-hill
https://www.drhorton.com/tennessee/knoxville/vonore/oak-hill/qmis/582-white-oak-lane,https://www.drhorton.com/tennessee/knoxville/vonore/oak-hill
https://www.drhorton.com/tennessee/knoxville/vonore/oak-hill/floor-plans/1343,https://www.drhorton.com/tennessee/knoxville/vonore/oak-hill
https://www.drhorton.com/tennessee/knoxville/vonore/oak-hill/floor-plans/1497,https://www.drhorton.com/tennessee/knoxville/vonore/oak-hill
https://www.drhorton.com/tennessee/knoxville/vonore/oak-hill/floor-plans/1821,https://www.drhorton.com/tennessee/knoxville/vonore/oak-hill
https://www.drhorton.com/tennessee/knoxville/vonore/oak-hill/floor-plans/1991,https://www.drhorton.com/tennessee/knoxville/vonore/oak-hill
https://www.drhorton.com/tennessee/knoxville/vonore/oak-hill/floor-plans/2267,https://www.drhorton.com/tennessee/knoxville/vonore/oak-hill
https://www.drhorton.com/tennessee/memphis/jackson/shiloh-springs/qmis/101-gateway-drive,https://www.drhorton.com/tennessee/memphis/jackson/shiloh-springs
https://www.drhorton.com/tennessee/memphis/jackson/shiloh-springs/qmis/107-gateway-drive,https://www.drhorton.com/tennessee/memphis/jackson/shiloh-springs
https://www.drhorton.com/tennessee/memphis/jackson/shiloh-springs/qmis/112-shiloh-springs,https://www.drhorton.com/tennessee/memphis/jackson/shiloh-springs
https://www.drhorton.com/tennessee/memphis/jackson/shiloh-springs/qmis/39-kings-gate-cove,https://www.drhorton.com/tennessee/memphis/jackson/shiloh-springs
https://www.drhorton.com/tennessee/memphis/jackson/shiloh-springs/qmis/48-kings-gate-cove,https://www.drhorton.com/tennessee/memphis/jackson/shiloh-springs
https://www.drhorton.com/tennessee/memphis/jackson/shiloh-springs/qmis/55-kings-gate-cove,https://www.drhorton.com/tennessee/memphis/jackson/shiloh-springs
https://www.drhorton.com/tennessee/memphis/jackson/shiloh-springs/qmis/56-kings-gate-cove,https://www.drhorton.com/tennessee/memphis/jackson/shiloh-springs
https://www.drhorton.com/tennessee/memphis/jackson/shiloh-springs/qmis/82-gateway-drive,https://www.drhorton.com/tennessee/memphis/jackson/shiloh-springs
https://www.drhorton.com/tennessee/memphis/jackson/shiloh-springs/qmis/88-gateway-drive,https://www.drhorton.com/tennessee/memphis/jackson/shiloh-springs
https://www.drhorton.com/tennessee/memphis/jackson/shiloh-springs/qmis/91-shiloh-springs,https://www.drhorton.com/tennessee/memphis/jackson/shiloh-springs
https://www.drhorton.com/tennessee/memphis/jackson/shiloh-springs/qmis/94-gateway-drive,https://www.drhorton.com/tennessee/memphis/jackson/shiloh-springs
https://www.drhorton.com/tennessee/memphis/jackson/shiloh-springs/floor-plans/1510,https://www.drhorton.com/tennessee/memphis/jackson/shiloh-springs
https://www.drhorton.com/tennessee/memphis/jackson/shiloh-springs/floor-plans/1672,https://www.drhorton.com/tennessee/memphis/jackson/shiloh-springs
https://www.drhorton.com/tennessee/memphis/jackson/shiloh-springs/floor-plans/1796,https://www.drhorton.com/tennessee/memphis/jackson/shiloh-springs
https://www.drhorton.com/tennessee/memphis/jackson/shiloh-springs/floor-plans/1883,https://www.drhorton.com/tennessee/memphis/jackson/shiloh-springs
https://www.drhorton.com/tennessee/memphis/jackson/shiloh-springs/floor-plans/2025,https://www.drhorton.com/tennessee/memphis/jackson/shiloh-springs
https://www.drhorton.com/tennessee/memphis/jackson/shiloh-springs/floor-plans/2273,https://www.drhorton.com/tennessee/memphis/jackson/shiloh-springs
https://www.drhorton.com/tennessee/memphis/jackson/shiloh-springs/floor-plans/2388,https://www.drhorton.com/tennessee/memphis/jackson/shiloh-springs
https://www.drhorton.com/tennessee/memphis/jackson/shiloh-springs/floor-plans/2529,https://www.drhorton.com/tennessee/memphis/jackson/shiloh-springs
https://www.drhorton.com/tennessee/memphis/jackson/shiloh-springs/floor-plans/2618,https://www.drhorton.com/tennessee/memphis/jackson/shiloh-springs
https://www.drhorton.com/tennessee/memphis/jackson/shiloh-springs/floor-plans/2671,https://www.drhorton.com/tennessee/memphis/jackson/shiloh-springs
https://www.drhorton.com/tennessee/chattanooga/niota/crescent-ridge/qmis/288-crescent-circle,https://www.drhorton.com/tennessee/chattanooga/niota/crescent-ridge
https://www.drhorton.com/tennessee/chattanooga/niota/crescent-ridge/qmis/296-crescent-circle,https://www.drhorton.com/tennessee/chattanooga/niota/crescent-ridge
https://www.drhorton.com/tennessee/chattanooga/niota/crescent-ridge/floor-plans/1183,https://www.drhorton.com/tennessee/chattanooga/niota/crescent-ridge
https://www.drhorton.com/tennessee/chattanooga/niota/crescent-ridge/floor-plans/1497,https://www.drhorton.com/tennessee/chattanooga/niota/crescent-ridge
https://www.drhorton.com/tennessee/chattanooga/niota/crescent-ridge/floor-plans/1618,https://www.drhorton.com/tennessee/chattanooga/niota/crescent-ridge
https://www.drhorton.com/tennessee/chattanooga/niota/crescent-ridge/floor-plans/1764,https://www.drhorton.com/tennessee/chattanooga/niota/crescent-ridge
https://www.drhorton.com/tennessee/chattanooga/niota/crescent-ridge/floor-plans/1991,https://www.drhorton.com/tennessee/chattanooga/niota/crescent-ridge
https://www.drhorton.com/tennessee/chattanooga/niota/crescent-ridge/floor-plans/2160,https://www.drhorton.com/tennessee/chattanooga/niota/crescent-ridge
https://www.drhorton.com/tennessee/chattanooga/athens/the-preserve-at-davis-place/qmis/0019,https://www.drhorton.com/tennessee/chattanooga/athens/the-preserve-at-davis-place
https://www.drhorton.com/tennessee/chattanooga/athens/the-preserve-at-davis-place/qmis/108-english-oak-lane,https://www.drhorton.com/tennessee/chattanooga/athens/the-preserve-at-davis-place
https://www.drhorton.com/tennessee/chattanooga/athens/the-preserve-at-davis-place/qmis/112-english-oak-lane,https://www.drhorton.com/tennessee/chattanooga/athens/the-preserve-at-davis-place
https://www.drhorton.com/tennessee/chattanooga/athens/the-preserve-at-davis-place/qmis/113-english-oak-lane,https://www.drhorton.com/tennessee/chattanooga/athens/the-preserve-at-davis-place
https://www.drhorton.com/tennessee/chattanooga/athens/the-preserve-at-davis-place/qmis/116-english-oak-lane,https://www.drhorton.com/tennessee/chattanooga/athens/the-preserve-at-davis-place
https://www.drhorton.com/tennessee/chattanooga/athens/the-preserve-at-davis-place/qmis/117-english-oak-lane,https://www.drhorton.com/tennessee/chattanooga/athens/the-preserve-at-davis-place
https://www.drhorton.com/tennessee/chattanooga/athens/the-preserve-at-davis-place/qmis/120-english-oak-lane,https://www.drhorton.com/tennessee/chattanooga/athens/the-preserve-at-davis-place
https://www.drhorton.com/tennessee/chattanooga/athens/the-preserve-at-davis-place/qmis/128-english-oak-lane,https://www.drhorton.com/tennessee/chattanooga/athens/the-preserve-at-davis-place
https://www.drhorton.com/tennessee/chattanooga/athens/the-preserve-at-davis-place/qmis/132-english-oak-lane,https://www.drhorton.com/tennessee/chattanooga/athens/the-preserve-at-davis-place
https://www.drhorton.com/tennessee/chattanooga/athens/the-preserve-at-davis-place/qmis/136-english-oak-lane,https://www.drhorton.com/tennessee/chattanooga/athens/the-preserve-at-davis-place
https://www.drhorton.com/tennessee/chattanooga/athens/the-preserve-at-davis-place/qmis/144-english-oak-lane,https://www.drhorton.com/tennessee/chattanooga/athens/the-preserve-at-davis-place
https://www.drhorton.com/tennessee/chattanooga/athens/the-preserve-at-davis-place/floor-plans/1183,https://www.drhorton.com/tennessee/chattanooga/athens/the-preserve-at-davis-place
https://www.drhorton.com/tennessee/chattanooga/athens/the-preserve-at-davis-place/floor-plans/1497,https://www.drhorton.com/tennessee/chattanooga/athens/the-preserve-at-davis-place
https://www.drhorton.com/tennessee/chattanooga/athens/the-preserve-at-davis-place/floor-plans/1618,https://www.drhorton.com/tennessee/chattanooga/athens/the-preserve-at-davis-place
https://www.drhorton.com/tennessee/chattanooga/athens/the-preserve-at-davis-place/floor-plans/1764,https://www.drhorton.com/tennessee/chattanooga/athens/the-preserve-at-davis-place
https://www.drhorton.com/tennessee/chattanooga/athens/the-preserve-at-davis-place/floor-plans/1991,https://www.drhorton.com/tennessee/chattanooga/athens/the-preserve-at-davis-place
https://www.drhorton.com/tennessee/chattanooga/athens/the-preserve-at-davis-place/floor-plans/2160,https://www.drhorton.com/tennessee/chattanooga/athens/the-preserve-at-davis-place
https://www.drhorton.com/tennessee/chattanooga/athens/the-preserve-at-davis-place/floor-plans/2804,https://www.drhorton.com/tennessee/chattanooga/athens/the-preserve-at-davis-place
https://www.drhorton.com/tennessee/knoxville/harriman/emory-creek/qmis/112-rocky-ridge-drive,https://www.drhorton.com/tennessee/knoxville/harriman/emory-creek
https://www.drhorton.com/tennessee/knoxville/harriman/emory-creek/qmis/122-rocky-ridge-drive,https://www.drhorton.com/tennessee/knoxville/harriman/emory-creek
https://www.drhorton.com/tennessee/knoxville/harriman/emory-creek/qmis/288-n-rolling-meadows-drive,https://www.drhorton.com/tennessee/knoxville/harriman/emory-creek
https://www.drhorton.com/tennessee/knoxville/harriman/emory-creek/qmis/336-n-rolling-meadows-drive,https://www.drhorton.com/tennessee/knoxville/harriman/emory-creek
https://www.drhorton.com/tennessee/knoxville/harriman/emory-creek/qmis/339-n-rolling-meadows-drive,https://www.drhorton.com/tennessee/knoxville/harriman/emory-creek
https://www.drhorton.com/tennessee/knoxville/harriman/emory-creek/floor-plans/1343,https://www.drhorton.com/tennessee/knoxville/harriman/emory-creek
https://www.drhorton.com/tennessee/knoxville/harriman/emory-creek/floor-plans/1497,https://www.drhorton.com/tennessee/knoxville/harriman/emory-creek
https://www.drhorton.com/tennessee/knoxville/harriman/emory-creek/floor-plans/1634,https://www.drhorton.com/tennessee/knoxville/harriman/emory-creek
https://www.drhorton.com/tennessee/knoxville/harriman/emory-creek/floor-plans/1764,https://www.drhorton.com/tennessee/knoxville/harriman/emory-creek
https://www.drhorton.com/tennessee/knoxville/harriman/emory-creek/floor-plans/1991,https://www.drhorton.com/tennessee/knoxville/harriman/emory-creek
https://www.drhorton.com/tennessee/knoxville/harriman/emory-creek/floor-plans/2160,https://www.drhorton.com/tennessee/knoxville/harriman/emory-creek
https://www.drhorton.com/tennessee/knoxville/harriman/emory-creek/floor-plans/2618,https://www.drhorton.com/tennessee/knoxville/harriman/emory-creek
https://www.drhorton.com/tennessee/chattanooga/cleveland/fairview-hills/qmis/2211-chelle-drive-ne,https://www.drhorton.com/tennessee/chattanooga/cleveland/fairview-hills
https://www.drhorton.com/tennessee/chattanooga/cleveland/fairview-hills/qmis/2217-chelle-drive-ne,https://www.drhorton.com/tennessee/chattanooga/cleveland/fairview-hills
https://www.drhorton.com/tennessee/chattanooga/cleveland/fairview-hills/qmis/2218-chelle-drive-ne,https://www.drhorton.com/tennessee/chattanooga/cleveland/fairview-hills
https://www.drhorton.com/tennessee/chattanooga/cleveland/fairview-hills/qmis/2235-chelle-drive-ne,https://www.drhorton.com/tennessee/chattanooga/cleveland/fairview-hills
https://www.drhorton.com/tennessee/chattanooga/cleveland/fairview-hills/qmis/2241-chelle-drive-ne,https://www.drhorton.com/tennessee/chattanooga/cleveland/fairview-hills
https://www.drhorton.com/tennessee/chattanooga/cleveland/fairview-hills/qmis/2248-chelle-drive-ne,https://www.drhorton.com/tennessee/chattanooga/cleveland/fairview-hills
https://www.drhorton.com/tennessee/chattanooga/cleveland/fairview-hills/qmis/2254-chelle-drive-ne,https://www.drhorton.com/tennessee/chattanooga/cleveland/fairview-hills
https://www.drhorton.com/tennessee/chattanooga/cleveland/fairview-hills/qmis/2259-chelle-drive-ne,https://www.drhorton.com/tennessee/chattanooga/cleveland/fairview-hills
https://www.drhorton.com/tennessee/chattanooga/cleveland/fairview-hills/qmis/2265-chelle-drive-ne,https://www.drhorton.com/tennessee/chattanooga/cleveland/fairview-hills
https://www.drhorton.com/tennessee/chattanooga/cleveland/fairview-hills/qmis/2272-chelle-drive-ne,https://www.drhorton.com/tennessee/chattanooga/cleveland/fairview-hills
https://www.drhorton.com/tennessee/chattanooga/cleveland/fairview-hills/qmis/2284-chelle-drive-ne,https://www.drhorton.com/tennessee/chattanooga/cleveland/fairview-hills
https://www.drhorton.com/tennessee/chattanooga/cleveland/fairview-hills/qmis/2296-chelle-drive-ne,https://www.drhorton.com/tennessee/chattanooga/cleveland/fairview-hills
https://www.drhorton.com/tennessee/chattanooga/cleveland/fairview-hills/floor-plans/1764,https://www.drhorton.com/tennessee/chattanooga/cleveland/fairview-hills
https://www.drhorton.com/tennessee/chattanooga/cleveland/fairview-hills/floor-plans/1821,https://www.drhorton.com/tennessee/chattanooga/cleveland/fairview-hills
https://www.drhorton.com/tennessee/chattanooga/cleveland/fairview-hills/floor-plans/1991,https://www.drhorton.com/tennessee/chattanooga/cleveland/fairview-hills
https://www.drhorton.com/tennessee/chattanooga/cleveland/fairview-hills/floor-plans/2160,https://www.drhorton.com/tennessee/chattanooga/cleveland/fairview-hills
https://www.drhorton.com/tennessee/chattanooga/cleveland/fairview-hills/floor-plans/2511,https://www.drhorton.com/tennessee/chattanooga/cleveland/fairview-hills
https://www.drhorton.com/tennessee/chattanooga/cleveland/fairview-hills/floor-plans/2804,https://www.drhorton.com/tennessee/chattanooga/cleveland/fairview-hills
https://www.drhorton.com/tennessee/chattanooga/cleveland/fairview-hills/floor-plans/3142,https://www.drhorton.com/tennessee/chattanooga/cleveland/fairview-hills
https://www.drhorton.com/tennessee/chattanooga/cleveland/lone-oaks-farm/qmis/4350-scenic-meadow-drive-ne,https://www.drhorton.com/tennessee/chattanooga/cleveland/lone-oaks-farm
https://www.drhorton.com/tennessee/chattanooga/cleveland/lone-oaks-farm/qmis/4357-scenic-meadow-drive-ne,https://www.drhorton.com/tennessee/chattanooga/cleveland/lone-oaks-farm
https://www.drhorton.com/tennessee/chattanooga/cleveland/lone-oaks-farm/qmis/4373-scenic-meadow-drive-ne,https://www.drhorton.com/tennessee/chattanooga/cleveland/lone-oaks-farm
https://www.drhorton.com/tennessee/chattanooga/cleveland/lone-oaks-farm/floor-plans/1764,https://www.drhorton.com/tennessee/chattanooga/cleveland/lone-oaks-farm
https://www.drhorton.com/tennessee/chattanooga/cleveland/lone-oaks-farm/floor-plans/1991,https://www.drhorton.com/tennessee/chattanooga/cleveland/lone-oaks-farm
https://www.drhorton.com/tennessee/chattanooga/cleveland/lone-oaks-farm/floor-plans/2160,https://www.drhorton.com/tennessee/chattanooga/cleveland/lone-oaks-farm
https://www.drhorton.com/tennessee/chattanooga/cleveland/lone-oaks-farm/floor-plans/2511,https://www.drhorton.com/tennessee/chattanooga/cleveland/lone-oaks-farm
https://www.drhorton.com/tennessee/chattanooga/cleveland/lone-oaks-farm/floor-plans/2618,https://www.drhorton.com/tennessee/chattanooga/cleveland/lone-oaks-farm
https://www.drhorton.com/tennessee/chattanooga/cleveland/lone-oaks-farm/floor-plans/3110,https://www.drhorton.com/tennessee/chattanooga/cleveland/lone-oaks-farm
https://www.drhorton.com/tennessee/chattanooga/cleveland/belcourt-landing/qmis/4071-belcourt-drive-ne,https://www.drhorton.com/tennessee/chattanooga/cleveland/belcourt-landing
https://www.drhorton.com/tennessee/chattanooga/cleveland/belcourt-landing/qmis/4073-belcourt-drive-ne,https://www.drhorton.com/tennessee/chattanooga/cleveland/belcourt-landing
https://www.drhorton.com/tennessee/chattanooga/cleveland/belcourt-landing/qmis/4075-belcourt-drive-ne,https://www.drhorton.com/tennessee/chattanooga/cleveland/belcourt-landing
https://www.drhorton.com/tennessee/chattanooga/cleveland/belcourt-landing/qmis/4081-belcourt-drive-ne,https://www.drhorton.com/tennessee/chattanooga/cleveland/belcourt-landing
https://www.drhorton.com/tennessee/chattanooga/cleveland/belcourt-landing/qmis/4083-belcourt-drive-ne,https://www.drhorton.com/tennessee/chattanooga/cleveland/belcourt-landing
https://www.drhorton.com/tennessee/chattanooga/cleveland/belcourt-landing/qmis/4085-belcourt-drive-ne,https://www.drhorton.com/tennessee/chattanooga/cleveland/belcourt-landing
https://www.drhorton.com/tennessee/chattanooga/cleveland/belcourt-landing/qmis/4087-belcourt-drive-ne,https://www.drhorton.com/tennessee/chattanooga/cleveland/belcourt-landing
https://www.drhorton.com/tennessee/chattanooga/cleveland/belcourt-landing/floor-plans/1381,https://www.drhorton.com/tennessee/chattanooga/cleveland/belcourt-landing
https://www.drhorton.com/tennessee/chattanooga/cleveland/belcourt-landing/floor-plans/1554,https://www.drhorton.com/tennessee/chattanooga/cleveland/belcourt-landing
https://www.drhorton.com/tennessee/chattanooga/apison/prairie-pass/qmis/10782-upland-drive,https://www.drhorton.com/tennessee/chattanooga/apison/prairie-pass
https://www.drhorton.com/tennessee/chattanooga/apison/prairie-pass/qmis/10786-upland-drive,https://www.drhorton.com/tennessee/chattanooga/apison/prairie-pass
https://www.drhorton.com/tennessee/chattanooga/apison/prairie-pass/qmis/10787-upland-drive,https://www.drhorton.com/tennessee/chattanooga/apison/prairie-pass
https://www.drhorton.com/tennessee/chattanooga/apison/prairie-pass/floor-plans/1764,https://www.drhorton.com/tennessee/chattanooga/apison/prairie-pass
https://www.drhorton.com/tennessee/chattanooga/apison/prairie-pass/floor-plans/1991,https://www.drhorton.com/tennessee/chattanooga/apison/prairie-pass
https://www.drhorton.com/tennessee/chattanooga/apison/prairie-pass/floor-plans/2361,https://www.drhorton.com/tennessee/chattanooga/apison/prairie-pass
https://www.drhorton.com/tennessee/chattanooga/apison/prairie-pass/floor-plans/2618,https://www.drhorton.com/tennessee/chattanooga/apison/prairie-pass
https://www.drhorton.com/tennessee/chattanooga/apison/prairie-pass/floor-plans/3142,https://www.drhorton.com/tennessee/chattanooga/apison/prairie-pass
https://www.drhorton.com/tennessee/chattanooga/apison/prairie-pass-express/qmis/10692-prairie-lake-drive,https://www.drhorton.com/tennessee/chattanooga/apison/prairie-pass-express
https://www.drhorton.com/tennessee/chattanooga/apison/prairie-pass-express/qmis/10693-prairie-lake-drive,https://www.drhorton.com/tennessee/chattanooga/apison/prairie-pass-express
https://www.drhorton.com/tennessee/chattanooga/apison/prairie-pass-express/qmis/10696-prairie-lake-drive,https://www.drhorton.com/tennessee/chattanooga/apison/prairie-pass-express
https://www.drhorton.com/tennessee/chattanooga/apison/prairie-pass-express/qmis/10697-prairie-lake-drive,https://www.drhorton.com/tennessee/chattanooga/apison/prairie-pass-express
https://www.drhorton.com/tennessee/chattanooga/apison/prairie-pass-express/qmis/10701-prairie-lake-drive,https://www.drhorton.com/tennessee/chattanooga/apison/prairie-pass-express
https://www.drhorton.com/tennessee/chattanooga/apison/prairie-pass-express/qmis/10705-prairie-lake-drive,https://www.drhorton.com/tennessee/chattanooga/apison/prairie-pass-express
https://www.drhorton.com/tennessee/chattanooga/apison/prairie-pass-express/qmis/10708-prairie-lake-drive,https://www.drhorton.com/tennessee/chattanooga/apison/prairie-pass-express
https://www.drhorton.com/tennessee/chattanooga/apison/prairie-pass-express/qmis/10709-prairie-lake-drive,https://www.drhorton.com/tennessee/chattanooga/apison/prairie-pass-express
https://www.drhorton.com/tennessee/chattanooga/apison/prairie-pass-express/qmis/10713-prairie-lake-drive,https://www.drhorton.com/tennessee/chattanooga/apison/prairie-pass-express
https://www.drhorton.com/tennessee/chattanooga/apison/prairie-pass-express/qmis/10717-prairie-lake-drive,https://www.drhorton.com/tennessee/chattanooga/apison/prairie-pass-express
https://www.drhorton.com/tennessee/chattanooga/apison/prairie-pass-express/floor-plans/1497,https://www.drhorton.com/tennessee/chattanooga/apison/prairie-pass-express
https://www.drhorton.com/tennessee/chattanooga/apison/prairie-pass-express/floor-plans/1618,https://www.drhorton.com/tennessee/chattanooga/apison/prairie-pass-express
https://www.drhorton.com/tennessee/chattanooga/apison/prairie-pass-express/floor-plans/1634,https://www.drhorton.com/tennessee/chattanooga/apison/prairie-pass-express
https://www.drhorton.com/tennessee/chattanooga/apison/prairie-pass-express/floor-plans/1749,https://www.drhorton.com/tennessee/chattanooga/apison/prairie-pass-express
https://www.drhorton.com/tennessee/chattanooga/apison/prairie-pass-express/floor-plans/1764,https://www.drhorton.com/tennessee/chattanooga/apison/prairie-pass-express
https://www.drhorton.com/tennessee/chattanooga/apison/prairie-pass-express/floor-plans/1991,https://www.drhorton.com/tennessee/chattanooga/apison/prairie-pass-express
https://www.drhorton.com/tennessee/chattanooga/apison/prairie-pass-express/floor-plans/2160,https://www.drhorton.com/tennessee/chattanooga/apison/prairie-pass-express
https://www.drhorton.com/tennessee/chattanooga/apison/prairie-pass-express/floor-plans/2174,https://www.drhorton.com/tennessee/chattanooga/apison/prairie-pass-express
https://www.drhorton.com/tennessee/chattanooga/apison/prairie-pass-express/floor-plans/2804,https://www.drhorton.com/tennessee/chattanooga/apison/prairie-pass-express
https://www.drhorton.com/tennessee/chattanooga/apison/hawks-landing/qmis/3764-hawks-creek-drive,https://www.drhorton.com/tennessee/chattanooga/apison/hawks-landing
https://www.drhorton.com/tennessee/chattanooga/apison/hawks-landing/qmis/3765-hawks-creek-drive,https://www.drhorton.com/tennessee/chattanooga/apison/hawks-landing
https://www.drhorton.com/tennessee/chattanooga/apison/hawks-landing/qmis/3777-hawks-creek-drive,https://www.drhorton.com/tennessee/chattanooga/apison/hawks-landing
https://www.drhorton.com/tennessee/chattanooga/apison/hawks-landing/qmis/3780-hawks-creek-drive,https://www.drhorton.com/tennessee/chattanooga/apison/hawks-landing
https://www.drhorton.com/tennessee/chattanooga/apison/hawks-landing/qmis/3783-hawks-creek-drive,https://www.drhorton.com/tennessee/chattanooga/apison/hawks-landing
https://www.drhorton.com/tennessee/chattanooga/apison/hawks-landing/qmis/3795-hawks-creek-drive,https://www.drhorton.com/tennessee/chattanooga/apison/hawks-landing
https://www.drhorton.com/tennessee/chattanooga/apison/hawks-landing/qmis/3807-hawks-creek-drive,https://www.drhorton.com/tennessee/chattanooga/apison/hawks-landing
https://www.drhorton.com/tennessee/chattanooga/apison/hawks-landing/floor-plans/1764,https://www.drhorton.com/tennessee/chattanooga/apison/hawks-landing
https://www.drhorton.com/tennessee/chattanooga/apison/hawks-landing/floor-plans/1991,https://www.drhorton.com/tennessee/chattanooga/apison/hawks-landing
https://www.drhorton.com/tennessee/chattanooga/apison/hawks-landing/floor-plans/2160,https://www.drhorton.com/tennessee/chattanooga/apison/hawks-landing
https://www.drhorton.com/tennessee/chattanooga/apison/hawks-landing/floor-plans/2511,https://www.drhorton.com/tennessee/chattanooga/apison/hawks-landing
https://www.drhorton.com/tennessee/chattanooga/apison/hawks-landing/floor-plans/2594,https://www.drhorton.com/tennessee/chattanooga/apison/hawks-landing
https://www.drhorton.com/tennessee/chattanooga/apison/hawks-landing/floor-plans/2618,https://www.drhorton.com/tennessee/chattanooga/apison/hawks-landing
https://www.drhorton.com/tennessee/chattanooga/apison/hawks-landing/floor-plans/2804,https://www.drhorton.com/tennessee/chattanooga/apison/hawks-landing
https://www.drhorton.com/tennessee/chattanooga/apison/hawks-landing/floor-plans/3110,https://www.drhorton.com/tennessee/chattanooga/apison/hawks-landing
https://www.drhorton.com/tennessee/chattanooga/apison/hawks-landing/floor-plans/3411,https://www.drhorton.com/tennessee/chattanooga/apison/hawks-landing
https://www.drhorton.com/tennessee/chattanooga/ooltewah/sweet-briar/qmis/8411-bramble-berry-lane,https://www.drhorton.com/tennessee/chattanooga/ooltewah/sweet-briar
https://www.drhorton.com/tennessee/chattanooga/ooltewah/sweet-briar/floor-plans/1764,https://www.drhorton.com/tennessee/chattanooga/ooltewah/sweet-briar
https://www.drhorton.com/tennessee/chattanooga/ooltewah/sweet-briar/floor-plans/2160,https://www.drhorton.com/tennessee/chattanooga/ooltewah/sweet-briar
https://www.drhorton.com/tennessee/chattanooga/ooltewah/sweet-briar/floor-plans/2250,https://www.drhorton.com/tennessee/chattanooga/ooltewah/sweet-briar
https://www.drhorton.com/tennessee/chattanooga/ooltewah/sweet-briar/floor-plans/2618,https://www.drhorton.com/tennessee/chattanooga/ooltewah/sweet-briar
https://www.drhorton.com/tennessee/chattanooga/ooltewah/sweet-briar/floor-plans/2804,https://www.drhorton.com/tennessee/chattanooga/ooltewah/sweet-briar
https://www.drhorton.com/tennessee/chattanooga/ooltewah/sweet-briar/floor-plans/3110,https://www.drhorton.com/tennessee/chattanooga/ooltewah/sweet-briar
https://www.drhorton.com/tennessee/chattanooga/ooltewah/sweet-briar/floor-plans/3411,https://www.drhorton.com/tennessee/chattanooga/ooltewah/sweet-briar
https://www.drhorton.com/tennessee/chattanooga/ooltewah/sweet-briar/floor-plans/4109,https://www.drhorton.com/tennessee/chattanooga/ooltewah/sweet-briar
https://www.drhorton.com/tennessee/chattanooga/ooltewah/the-hideaway-at-edgestone/qmis/7186-scituate-lane,https://www.drhorton.com/tennessee/chattanooga/ooltewah/the-hideaway-at-edgestone
https://www.drhorton.com/tennessee/chattanooga/ooltewah/the-hideaway-at-edgestone/qmis/7189-scituate-lane,https://www.drhorton.com/tennessee/chattanooga/ooltewah/the-hideaway-at-edgestone
https://www.drhorton.com/tennessee/chattanooga/ooltewah/the-hideaway-at-edgestone/qmis/7198-scituate-lane,https://www.drhorton.com/tennessee/chattanooga/ooltewah/the-hideaway-at-edgestone
https://www.drhorton.com/tennessee/chattanooga/ooltewah/the-hideaway-at-edgestone/qmis/7201-scituate-lane,https://www.drhorton.com/tennessee/chattanooga/ooltewah/the-hideaway-at-edgestone
https://www.drhorton.com/tennessee/chattanooga/ooltewah/the-hideaway-at-edgestone/qmis/7210-scituate-lane,https://www.drhorton.com/tennessee/chattanooga/ooltewah/the-hideaway-at-edgestone
https://www.drhorton.com/tennessee/chattanooga/ooltewah/the-hideaway-at-edgestone/qmis/7213-scituate-lane,https://www.drhorton.com/tennessee/chattanooga/ooltewah/the-hideaway-at-edgestone
https://www.drhorton.com/tennessee/chattanooga/ooltewah/the-hideaway-at-edgestone/qmis/7222-scituate-lane,https://www.drhorton.com/tennessee/chattanooga/ooltewah/the-hideaway-at-edgestone
https://www.drhorton.com/tennessee/chattanooga/ooltewah/the-hideaway-at-edgestone/qmis/7225-scituate-lane,https://www.drhorton.com/tennessee/chattanooga/ooltewah/the-hideaway-at-edgestone
https://www.drhorton.com/tennessee/chattanooga/ooltewah/the-hideaway-at-edgestone/floor-plans/1764,https://www.drhorton.com/tennessee/chattanooga/ooltewah/the-hideaway-at-edgestone
https://www.drhorton.com/tennessee/chattanooga/ooltewah/the-hideaway-at-edgestone/floor-plans/2174,https://www.drhorton.com/tennessee/chattanooga/ooltewah/the-hideaway-at-edgestone
https://www.drhorton.com/tennessee/chattanooga/ooltewah/the-hideaway-at-edgestone/floor-plans/2511,https://www.drhorton.com/tennessee/chattanooga/ooltewah/the-hideaway-at-edgestone
https://www.drhorton.com/tennessee/chattanooga/ooltewah/the-hideaway-at-edgestone/floor-plans/2618,https://www.drhorton.com/tennessee/chattanooga/ooltewah/the-hideaway-at-edgestone
https://www.drhorton.com/tennessee/chattanooga/ooltewah/the-hideaway-at-edgestone/floor-plans/2804,https://www.drhorton.com/tennessee/chattanooga/ooltewah/the-hideaway-at-edgestone
https://www.drhorton.com/tennessee/chattanooga/ooltewah/the-hideaway-at-edgestone/floor-plans/3110,https://www.drhorton.com/tennessee/chattanooga/ooltewah/the-hideaway-at-edgestone
https://www.drhorton.com/tennessee/chattanooga/ooltewah/the-hideaway-at-edgestone/floor-plans/3411,https://www.drhorton.com/tennessee/chattanooga/ooltewah/the-hideaway-at-edgestone
https://www.drhorton.com/tennessee/chattanooga/ooltewah/harbor-crest/qmis/7988-watercolour-lane,https://www.drhorton.com/tennessee/chattanooga/ooltewah/harbor-crest
https://www.drhorton.com/tennessee/chattanooga/ooltewah/harbor-crest/qmis/7994-watercolour-lane,https://www.drhorton.com/tennessee/chattanooga/ooltewah/harbor-crest
https://www.drhorton.com/tennessee/chattanooga/ooltewah/harbor-crest/qmis/8001-watercolour-lane,https://www.drhorton.com/tennessee/chattanooga/ooltewah/harbor-crest
https://www.drhorton.com/tennessee/chattanooga/ooltewah/harbor-crest/qmis/8015-watercolour-lane,https://www.drhorton.com/tennessee/chattanooga/ooltewah/harbor-crest
https://www.drhorton.com/tennessee/chattanooga/ooltewah/harbor-crest/qmis/8369-lake-scene-court,https://www.drhorton.com/tennessee/chattanooga/ooltewah/harbor-crest
https://www.drhorton.com/tennessee/chattanooga/ooltewah/harbor-crest/floor-plans/1764,https://www.drhorton.com/tennessee/chattanooga/ooltewah/harbor-crest
https://www.drhorton.com/tennessee/chattanooga/ooltewah/harbor-crest/floor-plans/1821,https://www.drhorton.com/tennessee/chattanooga/ooltewah/harbor-crest
https://www.drhorton.com/tennessee/chattanooga/ooltewah/harbor-crest/floor-plans/2250,https://www.drhorton.com/tennessee/chattanooga/ooltewah/harbor-crest
https://www.drhorton.com/tennessee/chattanooga/ooltewah/harbor-crest/floor-plans/2361,https://www.drhorton.com/tennessee/chattanooga/ooltewah/harbor-crest
https://www.drhorton.com/tennessee/chattanooga/ooltewah/harbor-crest/floor-plans/2511,https://www.drhorton.com/tennessee/chattanooga/ooltewah/harbor-crest
https://www.drhorton.com/tennessee/chattanooga/ooltewah/harbor-crest/floor-plans/2594,https://www.drhorton.com/tennessee/chattanooga/ooltewah/harbor-crest
https://www.drhorton.com/tennessee/chattanooga/ooltewah/harbor-crest/floor-plans/2618,https://www.drhorton.com/tennessee/chattanooga/ooltewah/harbor-crest
https://www.drhorton.com/tennessee/chattanooga/ooltewah/harbor-crest/floor-plans/2804,https://www.drhorton.com/tennessee/chattanooga/ooltewah/harbor-crest
https://www.drhorton.com/tennessee/chattanooga/ooltewah/harbor-crest/floor-plans/3142,https://www.drhorton.com/tennessee/chattanooga/ooltewah/harbor-crest
https://www.drhorton.com/tennessee/chattanooga/ooltewah/harbor-crest/floor-plans/3411,https://www.drhorton.com/tennessee/chattanooga/ooltewah/harbor-crest
https://www.drhorton.com/tennessee/chattanooga/ooltewah/bayview-at-harbor-crest/qmis/8248-bright-water-drive,https://www.drhorton.com/tennessee/chattanooga/ooltewah/bayview-at-harbor-crest
https://www.drhorton.com/tennessee/chattanooga/ooltewah/bayview-at-harbor-crest/qmis/8466-bright-water-drive,https://www.drhorton.com/tennessee/chattanooga/ooltewah/bayview-at-harbor-crest
https://www.drhorton.com/tennessee/chattanooga/ooltewah/bayview-at-harbor-crest/qmis/8471-bright-water-drive,https://www.drhorton.com/tennessee/chattanooga/ooltewah/bayview-at-harbor-crest
https://www.drhorton.com/tennessee/chattanooga/ooltewah/bayview-at-harbor-crest/qmis/8472-bright-water-drive,https://www.drhorton.com/tennessee/chattanooga/ooltewah/bayview-at-harbor-crest
https://www.drhorton.com/tennessee/chattanooga/ooltewah/bayview-at-harbor-crest/qmis/8477-bright-water-drive,https://www.drhorton.com/tennessee/chattanooga/ooltewah/bayview-at-harbor-crest
https://www.drhorton.com/tennessee/chattanooga/ooltewah/bayview-at-harbor-crest/qmis/8478-bright-water-drive,https://www.drhorton.com/tennessee/chattanooga/ooltewah/bayview-at-harbor-crest
https://www.drhorton.com/tennessee/chattanooga/ooltewah/bayview-at-harbor-crest/qmis/8483-bright-water-drive,https://www.drhorton.com/tennessee/chattanooga/ooltewah/bayview-at-harbor-crest
https://www.drhorton.com/tennessee/chattanooga/ooltewah/bayview-at-harbor-crest/qmis/8491-bright-water-drive,https://www.drhorton.com/tennessee/chattanooga/ooltewah/bayview-at-harbor-crest
https://www.drhorton.com/tennessee/chattanooga/ooltewah/bayview-at-harbor-crest/floor-plans/1497,https://www.drhorton.com/tennessee/chattanooga/ooltewah/bayview-at-harbor-crest
https://www.drhorton.com/tennessee/chattanooga/ooltewah/bayview-at-harbor-crest/floor-plans/1618,https://www.drhorton.com/tennessee/chattanooga/ooltewah/bayview-at-harbor-crest
https://www.drhorton.com/tennessee/chattanooga/ooltewah/bayview-at-harbor-crest/floor-plans/1634,https://www.drhorton.com/tennessee/chattanooga/ooltewah/bayview-at-harbor-crest
https://www.drhorton.com/tennessee/chattanooga/ooltewah/bayview-at-harbor-crest/floor-plans/1749,https://www.drhorton.com/tennessee/chattanooga/ooltewah/bayview-at-harbor-crest
https://www.drhorton.com/tennessee/chattanooga/ooltewah/bayview-at-harbor-crest/floor-plans/1764,https://www.drhorton.com/tennessee/chattanooga/ooltewah/bayview-at-harbor-crest
https://www.drhorton.com/tennessee/chattanooga/ooltewah/bayview-at-harbor-crest/floor-plans/1991,https://www.drhorton.com/tennessee/chattanooga/ooltewah/bayview-at-harbor-crest
https://www.drhorton.com/tennessee/chattanooga/ooltewah/bayview-at-harbor-crest/floor-plans/2160,https://www.drhorton.com/tennessee/chattanooga/ooltewah/bayview-at-harbor-crest
https://www.drhorton.com/tennessee/chattanooga/ooltewah/bayview-at-harbor-crest/floor-plans/2804,https://www.drhorton.com/tennessee/chattanooga/ooltewah/bayview-at-harbor-crest
https://www.drhorton.com/tennessee/chattanooga/hixson/the-cove-at-thrasher-landing/qmis/7535-bendire-loop,https://www.drhorton.com/tennessee/chattanooga/hixson/the-cove-at-thrasher-landing
https://www.drhorton.com/tennessee/chattanooga/hixson/the-cove-at-thrasher-landing/floor-plans/1497,https://www.drhorton.com/tennessee/chattanooga/hixson/the-cove-at-thrasher-landing
https://www.drhorton.com/tennessee/chattanooga/hixson/the-cove-at-thrasher-landing/floor-plans/1764,https://www.drhorton.com/tennessee/chattanooga/hixson/the-cove-at-thrasher-landing
https://www.drhorton.com/tennessee/chattanooga/hixson/the-cove-at-thrasher-landing/floor-plans/1821,https://www.drhorton.com/tennessee/chattanooga/hixson/the-cove-at-thrasher-landing
https://www.drhorton.com/tennessee/chattanooga/hixson/the-cove-at-thrasher-landing/floor-plans/1991,https://www.drhorton.com/tennessee/chattanooga/hixson/the-cove-at-thrasher-landing
https://www.drhorton.com/tennessee/chattanooga/hixson/the-cove-at-thrasher-landing/floor-plans/2160,https://www.drhorton.com/tennessee/chattanooga/hixson/the-cove-at-thrasher-landing
https://www.drhorton.com/tennessee/chattanooga/hixson/the-cove-at-thrasher-landing/floor-plans/2511,https://www.drhorton.com/tennessee/chattanooga/hixson/the-cove-at-thrasher-landing
https://www.drhorton.com/tennessee/chattanooga/hixson/the-cove-at-thrasher-landing/floor-plans/2804,https://www.drhorton.com/tennessee/chattanooga/hixson/the-cove-at-thrasher-landing
https://www.drhorton.com/tennessee/chattanooga/hixson/the-cove-at-thrasher-landing/floor-plans/3110,https://www.drhorton.com/tennessee/chattanooga/hixson/the-cove-at-thrasher-landing
https://www.drhorton.com/tennessee/chattanooga/dayton/owensby-farms-townhomes/qmis/119-todd-owensby-lane,https://www.drhorton.com/tennessee/chattanooga/dayton/owensby-farms-townhomes
https://www.drhorton.com/tennessee/chattanooga/dayton/owensby-farms-townhomes/qmis/129-todd-owensby-lane,https://www.drhorton.com/tennessee/chattanooga/dayton/owensby-farms-townhomes
https://www.drhorton.com/tennessee/chattanooga/dayton/owensby-farms-townhomes/qmis/133-todd-owensby-lane,https://www.drhorton.com/tennessee/chattanooga/dayton/owensby-farms-townhomes
https://www.drhorton.com/tennessee/chattanooga/dayton/owensby-farms-townhomes/qmis/137-todd-owensby-lane,https://www.drhorton.com/tennessee/chattanooga/dayton/owensby-farms-townhomes
https://www.drhorton.com/tennessee/chattanooga/dayton/owensby-farms-townhomes/qmis/141-todd-owensby-lane,https://www.drhorton.com/tennessee/chattanooga/dayton/owensby-farms-townhomes
https://www.drhorton.com/tennessee/chattanooga/dayton/owensby-farms-townhomes/floor-plans/1381,https://www.drhorton.com/tennessee/chattanooga/dayton/owensby-farms-townhomes
https://www.drhorton.com/tennessee/chattanooga/dayton/owensby-farms-townhomes/floor-plans/1554,https://www.drhorton.com/tennessee/chattanooga/dayton/owensby-farms-townhomes
https://www.drhorton.com/tennessee/chattanooga/dayton/owensby-farms/qmis/0049,https://www.drhorton.com/tennessee/chattanooga/dayton/owensby-farms
https://www.drhorton.com/tennessee/chattanooga/dayton/owensby-farms/qmis/0050,https://www.drhorton.com/tennessee/chattanooga/dayton/owensby-farms
https://www.drhorton.com/tennessee/chattanooga/dayton/owensby-farms/qmis/141-emily-circle,https://www.drhorton.com/tennessee/chattanooga/dayton/owensby-farms
https://www.drhorton.com/tennessee/chattanooga/dayton/owensby-farms/qmis/185-emily-circle,https://www.drhorton.com/tennessee/chattanooga/dayton/owensby-farms
https://www.drhorton.com/tennessee/chattanooga/dayton/owensby-farms/qmis/186-emily-circle,https://www.drhorton.com/tennessee/chattanooga/dayton/owensby-farms
https://www.drhorton.com/tennessee/chattanooga/dayton/owensby-farms/qmis/199-emily-circle,https://www.drhorton.com/tennessee/chattanooga/dayton/owensby-farms
https://www.drhorton.com/tennessee/chattanooga/dayton/owensby-farms/qmis/227-emily-circle,https://www.drhorton.com/tennessee/chattanooga/dayton/owensby-farms
https://www.drhorton.com/tennessee/chattanooga/dayton/owensby-farms/qmis/228-emily-circle,https://www.drhorton.com/tennessee/chattanooga/dayton/owensby-farms
https://www.drhorton.com/tennessee/chattanooga/dayton/owensby-farms/qmis/241-emily-circle,https://www.drhorton.com/tennessee/chattanooga/dayton/owensby-farms
https://www.drhorton.com/tennessee/chattanooga/dayton/owensby-farms/qmis/254-emily-circle,https://www.drhorton.com/tennessee/chattanooga/dayton/owensby-farms
https://www.drhorton.com/tennessee/chattanooga/dayton/owensby-farms/qmis/255-emily-circle,https://www.drhorton.com/tennessee/chattanooga/dayton/owensby-farms
https://www.drhorton.com/tennessee/chattanooga/dayton/owensby-farms/qmis/272-emily-circle,https://www.drhorton.com/tennessee/chattanooga/dayton/owensby-farms
https://www.drhorton.com/tennessee/chattanooga/dayton/owensby-farms/floor-plans/1497,https://www.drhorton.com/tennessee/chattanooga/dayton/owensby-farms
https://www.drhorton.com/tennessee/chattanooga/dayton/owensby-farms/floor-plans/1618,https://www.drhorton.com/tennessee/chattanooga/dayton/owensby-farms
https://www.drhorton.com/tennessee/chattanooga/dayton/owensby-farms/floor-plans/1764,https://www.drhorton.com/tennessee/chattanooga/dayton/owensby-farms
https://www.drhorton.com/tennessee/chattanooga/dayton/owensby-farms/floor-plans/1991,https://www.drhorton.com/tennessee/chattanooga/dayton/owensby-farms
https://www.drhorton.com/tennessee/chattanooga/dayton/owensby-farms/floor-plans/2160,https://www.drhorton.com/tennessee/chattanooga/dayton/owensby-farms
https://www.drhorton.com/tennessee/chattanooga/dayton/owensby-farms/floor-plans/2804,https://www.drhorton.com/tennessee/chattanooga/dayton/owensby-farms
https://www.drhorton.com/tennessee/chattanooga/chattanooga/riverbend-ridge/qmis/3449-hopkins-drive,https://www.drhorton.com/tennessee/chattanooga/chattanooga/riverbend-ridge
https://www.drhorton.com/tennessee/chattanooga/chattanooga/riverbend-ridge/qmis/3452-hopkins-drive,https://www.drhorton.com/tennessee/chattanooga/chattanooga/riverbend-ridge
https://www.drhorton.com/tennessee/chattanooga/chattanooga/riverbend-ridge/qmis/3453-hopkins-drive,https://www.drhorton.com/tennessee/chattanooga/chattanooga/riverbend-ridge
https://www.drhorton.com/tennessee/chattanooga/chattanooga/riverbend-ridge/qmis/3457-hopkins-drive,https://www.drhorton.com/tennessee/chattanooga/chattanooga/riverbend-ridge
https://www.drhorton.com/tennessee/chattanooga/chattanooga/riverbend-ridge/floor-plans/1764,https://www.drhorton.com/tennessee/chattanooga/chattanooga/riverbend-ridge
https://www.drhorton.com/tennessee/chattanooga/chattanooga/riverbend-ridge/floor-plans/1991,https://www.drhorton.com/tennessee/chattanooga/chattanooga/riverbend-ridge
https://www.drhorton.com/tennessee/chattanooga/chattanooga/riverbend-ridge/floor-plans/2160,https://www.drhorton.com/tennessee/chattanooga/chattanooga/riverbend-ridge
https://www.drhorton.com/tennessee/chattanooga/chattanooga/riverbend-ridge/floor-plans/2174,https://www.drhorton.com/tennessee/chattanooga/chattanooga/riverbend-ridge
https://www.drhorton.com/tennessee/chattanooga/chattanooga/riverbend-ridge/floor-plans/2511,https://www.drhorton.com/tennessee/chattanooga/chattanooga/riverbend-ridge
https://www.drhorton.com/tennessee/chattanooga/chattanooga/riverbend-ridge/floor-plans/2618,https://www.drhorton.com/tennessee/chattanooga/chattanooga/riverbend-ridge
https://www.drhorton.com/tennessee/chattanooga/chattanooga/riverbend-ridge/floor-plans/2804,https://www.drhorton.com/tennessee/chattanooga/chattanooga/riverbend-ridge
https://www.drhorton.com/tennessee/nashville/cookeville/timber-walk/qmis/5424-conifer-lane,https://www.drhorton.com/tennessee/nashville/cookeville/timber-walk
https://www.drhorton.com/tennessee/nashville/cookeville/timber-walk/qmis/5431-conifer-lane,https://www.drhorton.com/tennessee/nashville/cookeville/timber-walk
https://www.drhorton.com/tennessee/nashville/cookeville/timber-walk/qmis/5434-conifer-lane,https://www.drhorton.com/tennessee/nashville/cookeville/timber-walk
https://www.drhorton.com/tennessee/nashville/cookeville/timber-walk/qmis/5435-conifer-lane,https://www.drhorton.com/tennessee/nashville/cookeville/timber-walk
https://www.drhorton.com/tennessee/nashville/cookeville/timber-walk/qmis/5436-conifer-lane,https://www.drhorton.com/tennessee/nashville/cookeville/timber-walk
https://www.drhorton.com/tennessee/nashville/cookeville/timber-walk/qmis/5437-conifer-lane,https://www.drhorton.com/tennessee/nashville/cookeville/timber-walk
https://www.drhorton.com/tennessee/nashville/cookeville/timber-walk/qmis/5438-conifer-lane,https://www.drhorton.com/tennessee/nashville/cookeville/timber-walk
https://www.drhorton.com/tennessee/nashville/cookeville/timber-walk/qmis/5440-conifer-lane,https://www.drhorton.com/tennessee/nashville/cookeville/timber-walk
https://www.drhorton.com/tennessee/nashville/cookeville/timber-walk/qmis/5442-conifer-lane,https://www.drhorton.com/tennessee/nashville/cookeville/timber-walk
https://www.drhorton.com/tennessee/nashville/cookeville/timber-walk/qmis/5444-conifer-lane,https://www.drhorton.com/tennessee/nashville/cookeville/timber-walk
https://www.drhorton.com/tennessee/nashville/cookeville/timber-walk/floor-plans/aria,https://www.drhorton.com/tennessee/nashville/cookeville/timber-walk
https://www.drhorton.com/tennessee/nashville/cookeville/timber-walk/floor-plans/blf2,https://www.drhorton.com/tennessee/nashville/cookeville/timber-walk
https://www.drhorton.com/tennessee/nashville/cookeville/timber-walk/floor-plans/cali,https://www.drhorton.com/tennessee/nashville/cookeville/timber-walk
https://www.drhorton.com/tennessee/nashville/cookeville/timber-walk/floor-plans/deau,https://www.drhorton.com/tennessee/nashville/cookeville/timber-walk
https://www.drhorton.com/tennessee/nashville/cookeville/timber-walk/floor-plans/hayd,https://www.drhorton.com/tennessee/nashville/cookeville/timber-walk
https://www.drhorton.com/tennessee/nashville/cookeville/timber-walk/floor-plans/penw,https://www.drhorton.com/tennessee/nashville/cookeville/timber-walk
https://www.drhorton.com/tennessee/nashville/baxter/paddington-place/qmis/259-dale-mires-lane,https://www.drhorton.com/tennessee/nashville/baxter/paddington-place
https://www.drhorton.com/tennessee/nashville/baxter/paddington-place/qmis/261-dale-mires-lane,https://www.drhorton.com/tennessee/nashville/baxter/paddington-place
https://www.drhorton.com/tennessee/nashville/baxter/paddington-place/qmis/266-dale-mires-lane,https://www.drhorton.com/tennessee/nashville/baxter/paddington-place
https://www.drhorton.com/tennessee/nashville/baxter/paddington-place/qmis/268-dale-mires-lane,https://www.drhorton.com/tennessee/nashville/baxter/paddington-place
https://www.drhorton.com/tennessee/nashville/baxter/paddington-place/qmis/291-london-court,https://www.drhorton.com/tennessee/nashville/baxter/paddington-place
https://www.drhorton.com/tennessee/nashville/baxter/paddington-place/qmis/305-london-court,https://www.drhorton.com/tennessee/nashville/baxter/paddington-place
https://www.drhorton.com/tennessee/nashville/baxter/paddington-place/qmis/311-london-court,https://www.drhorton.com/tennessee/nashville/baxter/paddington-place
https://www.drhorton.com/tennessee/nashville/baxter/paddington-place/qmis/318-london-court,https://www.drhorton.com/tennessee/nashville/baxter/paddington-place
https://www.drhorton.com/tennessee/nashville/baxter/paddington-place/qmis/319-london-court,https://www.drhorton.com/tennessee/nashville/baxter/paddington-place
https://www.drhorton.com/tennessee/nashville/baxter/paddington-place/floor-plans/bowe,https://www.drhorton.com/tennessee/nashville/baxter/paddington-place
https://www.drhorton.com/tennessee/nashville/baxter/paddington-place/floor-plans/cabr,https://www.drhorton.com/tennessee/nashville/baxter/paddington-place
https://www.drhorton.com/tennessee/nashville/baxter/paddington-place/floor-plans/cali,https://www.drhorton.com/tennessee/nashville/baxter/paddington-place
https://www.drhorton.com/tennessee/nashville/baxter/paddington-place/floor-plans/edmo,https://www.drhorton.com/tennessee/nashville/baxter/paddington-place
https://www.drhorton.com/tennessee/nashville/baxter/paddington-place/floor-plans/elst,https://www.drhorton.com/tennessee/nashville/baxter/paddington-place
https://www.drhorton.com/tennessee/nashville/baxter/paddington-place/floor-plans/kerr,https://www.drhorton.com/tennessee/nashville/baxter/paddington-place
https://www.drhorton.com/tennessee/nashville/baxter/paddington-place/floor-plans/medf,https://www.drhorton.com/tennessee/nashville/baxter/paddington-place
https://www.drhorton.com/tennessee/nashville/baxter/paddington-place/floor-plans/pear,https://www.drhorton.com/tennessee/nashville/baxter/paddington-place
https://www.drhorton.com/tennessee/south-central-tennessee/fayetteville/bailey-park/qmis/130-aurora-circle,https://www.drhorton.com/tennessee/south-central-tennessee/fayetteville/bailey-park
https://www.drhorton.com/tennessee/south-central-tennessee/fayetteville/bailey-park/qmis/138-aurora-circle,https://www.drhorton.com/tennessee/south-central-tennessee/fayetteville/bailey-park
https://www.drhorton.com/tennessee/south-central-tennessee/fayetteville/bailey-park/qmis/144-aurora-circle,https://www.drhorton.com/tennessee/south-central-tennessee/fayetteville/bailey-park
https://www.drhorton.com/tennessee/south-central-tennessee/fayetteville/bailey-park/qmis/67-aurora-circle,https://www.drhorton.com/tennessee/south-central-tennessee/fayetteville/bailey-park
https://www.drhorton.com/tennessee/south-central-tennessee/fayetteville/bailey-park/qmis/71-aurora-circle,https://www.drhorton.com/tennessee/south-central-tennessee/fayetteville/bailey-park
https://www.drhorton.com/tennessee/south-central-tennessee/fayetteville/bailey-park/qmis/92-aurora-circle,https://www.drhorton.com/tennessee/south-central-tennessee/fayetteville/bailey-park
https://www.drhorton.com/tennessee/south-central-tennessee/fayetteville/bailey-park/floor-plans/1475,https://www.drhorton.com/tennessee/south-central-tennessee/fayetteville/bailey-park
https://www.drhorton.com/tennessee/south-central-tennessee/fayetteville/bailey-park/floor-plans/4ebf,https://www.drhorton.com/tennessee/south-central-tennessee/fayetteville/bailey-park
https://www.drhorton.com/tennessee/south-central-tennessee/fayetteville/bailey-park/floor-plans/4sbf,https://www.drhorton.com/tennessee/south-central-tennessee/fayetteville/bailey-park
https://www.drhorton.com/tennessee/south-central-tennessee/fayetteville/bailey-park/floor-plans/free,https://www.drhorton.com/tennessee/south-central-tennessee/fayetteville/bailey-park
https://www.drhorton.com/tennessee/south-central-tennessee/fayetteville/bailey-park/floor-plans/lksd,https://www.drhorton.com/tennessee/south-central-tennessee/fayetteville/bailey-park
https://www.drhorton.com/tennessee/nashville/portland/parkside-point/qmis/1132-canyon-drive,https://www.drhorton.com/tennessee/nashville/portland/parkside-point
https://www.drhorton.com/tennessee/nashville/portland/parkside-point/qmis/1136-canyon-drive,https://www.drhorton.com/tennessee/nashville/portland/parkside-point
https://www.drhorton.com/tennessee/nashville/portland/parkside-point/qmis/1137-canyon-drive,https://www.drhorton.com/tennessee/nashville/portland/parkside-point
https://www.drhorton.com/tennessee/nashville/portland/parkside-point/qmis/1144-canyon-drive,https://www.drhorton.com/tennessee/nashville/portland/parkside-point
https://www.drhorton.com/tennessee/nashville/portland/parkside-point/qmis/1145-canyon-drive,https://www.drhorton.com/tennessee/nashville/portland/parkside-point
https://www.drhorton.com/tennessee/nashville/portland/parkside-point/qmis/324-everglade-lane,https://www.drhorton.com/tennessee/nashville/portland/parkside-point
https://www.drhorton.com/tennessee/nashville/portland/parkside-point/qmis/909-badlands-way,https://www.drhorton.com/tennessee/nashville/portland/parkside-point
https://www.drhorton.com/tennessee/nashville/portland/parkside-point/floor-plans/devo,https://www.drhorton.com/tennessee/nashville/portland/parkside-point
https://www.drhorton.com/tennessee/nashville/portland/parkside-point/floor-plans/gren,https://www.drhorton.com/tennessee/nashville/portland/parkside-point
https://www.drhorton.com/tennessee/nashville/portland/parkside-point/floor-plans/hart,https://www.drhorton.com/tennessee/nashville/portland/parkside-point
https://www.drhorton.com/tennessee/nashville/portland/cdj-farms/floor-plans/aria,https://www.drhorton.com/tennessee/nashville/portland/cdj-farms
https://www.drhorton.com/tennessee/nashville/portland/cdj-farms/floor-plans/blf2,https://www.drhorton.com/tennessee/nashville/portland/cdj-farms
https://www.drhorton.com/tennessee/nashville/portland/cdj-farms/floor-plans/cali,https://www.drhorton.com/tennessee/nashville/portland/cdj-farms
https://www.drhorton.com/tennessee/nashville/white-house/the-parks/qmis/1095-menge-avenue,https://www.drhorton.com/tennessee/nashville/white-house/the-parks
https://www.drhorton.com/tennessee/nashville/white-house/the-parks/qmis/1105-menge-avenue,https://www.drhorton.com/tennessee/nashville/white-house/the-parks
https://www.drhorton.com/tennessee/nashville/white-house/the-parks/qmis/1135-menge-avenue,https://www.drhorton.com/tennessee/nashville/white-house/the-parks
https://www.drhorton.com/tennessee/nashville/white-house/the-parks/qmis/1947-rosewood-drive,https://www.drhorton.com/tennessee/nashville/white-house/the-parks
https://www.drhorton.com/tennessee/nashville/white-house/the-parks/qmis/1995-rosewood-drive,https://www.drhorton.com/tennessee/nashville/white-house/the-parks
https://www.drhorton.com/tennessee/nashville/white-house/the-parks/qmis/4116-amelia-lane,https://www.drhorton.com/tennessee/nashville/white-house/the-parks
https://www.drhorton.com/tennessee/nashville/white-house/the-parks/qmis/8020-jude-drive,https://www.drhorton.com/tennessee/nashville/white-house/the-parks
https://www.drhorton.com/tennessee/nashville/white-house/the-parks/qmis/8090-jude-drive,https://www.drhorton.com/tennessee/nashville/white-house/the-parks
https://www.drhorton.com/tennessee/nashville/white-house/the-parks/floor-plans/aria,https://www.drhorton.com/tennessee/nashville/white-house/the-parks
https://www.drhorton.com/tennessee/nashville/white-house/the-parks/floor-plans/blf2,https://www.drhorton.com/tennessee/nashville/white-house/the-parks
https://www.drhorton.com/tennessee/nashville/white-house/the-parks/floor-plans/cali,https://www.drhorton.com/tennessee/nashville/white-house/the-parks
https://www.drhorton.com/tennessee/nashville/white-house/the-parks/floor-plans/hayd,https://www.drhorton.com/tennessee/nashville/white-house/the-parks
https://www.drhorton.com/tennessee/nashville/white-house/the-parks/floor-plans/penw,https://www.drhorton.com/tennessee/nashville/white-house/the-parks
https://www.drhorton.com/tennessee/nashville/white-house/the-parks/floor-plans/sale,https://www.drhorton.com/tennessee/nashville/white-house/the-parks
https://www.drhorton.com/tennessee/nashville/white-house/legacy-farms/qmis/2210-quinn-drive,https://www.drhorton.com/tennessee/nashville/white-house/legacy-farms
https://www.drhorton.com/tennessee/nashville/white-house/legacy-farms/qmis/2222-quinn-drive,https://www.drhorton.com/tennessee/nashville/white-house/legacy-farms
https://www.drhorton.com/tennessee/nashville/white-house/legacy-farms/qmis/6059-japonica-lane,https://www.drhorton.com/tennessee/nashville/white-house/legacy-farms
https://www.drhorton.com/tennessee/nashville/white-house/legacy-farms/qmis/6619-japonica-lane,https://www.drhorton.com/tennessee/nashville/white-house/legacy-farms
https://www.drhorton.com/tennessee/nashville/white-house/legacy-farms/qmis/6642-japonica-lane,https://www.drhorton.com/tennessee/nashville/white-house/legacy-farms
https://www.drhorton.com/tennessee/nashville/white-house/legacy-farms/qmis/6650-japonica-lane,https://www.drhorton.com/tennessee/nashville/white-house/legacy-farms
https://www.drhorton.com/tennessee/nashville/white-house/legacy-farms/qmis/6660-japonica-lane,https://www.drhorton.com/tennessee/nashville/white-house/legacy-farms
https://www.drhorton.com/tennessee/nashville/white-house/legacy-farms/qmis/6667-japonica-lane,https://www.drhorton.com/tennessee/nashville/white-house/legacy-farms
https://www.drhorton.com/tennessee/nashville/white-house/legacy-farms/qmis/6675-japonica-lane,https://www.drhorton.com/tennessee/nashville/white-house/legacy-farms
https://www.drhorton.com/tennessee/nashville/white-house/legacy-farms/qmis/6676-japonica-lane,https://www.drhorton.com/tennessee/nashville/white-house/legacy-farms
https://www.drhorton.com/tennessee/nashville/white-house/legacy-farms/qmis/6684-japonica-lane,https://www.drhorton.com/tennessee/nashville/white-house/legacy-farms
https://www.drhorton.com/tennessee/nashville/white-house/legacy-farms/floor-plans/arli,https://www.drhorton.com/tennessee/nashville/white-house/legacy-farms
https://www.drhorton.com/tennessee/nashville/white-house/legacy-farms/floor-plans/asto,https://www.drhorton.com/tennessee/nashville/white-house/legacy-farms
https://www.drhorton.com/tennessee/nashville/white-house/legacy-farms/floor-plans/bowe,https://www.drhorton.com/tennessee/nashville/white-house/legacy-farms
https://www.drhorton.com/tennessee/nashville/white-house/legacy-farms/floor-plans/bris,https://www.drhorton.com/tennessee/nashville/white-house/legacy-farms
https://www.drhorton.com/tennessee/nashville/white-house/legacy-farms/floor-plans/clif,https://www.drhorton.com/tennessee/nashville/white-house/legacy-farms
https://www.drhorton.com/tennessee/nashville/white-house/legacy-farms/floor-plans/desm,https://www.drhorton.com/tennessee/nashville/white-house/legacy-farms
https://www.drhorton.com/tennessee/nashville/white-house/legacy-farms/floor-plans/dove,https://www.drhorton.com/tennessee/nashville/white-house/legacy-farms
https://www.drhorton.com/tennessee/nashville/white-house/legacy-farms/floor-plans/edmo,https://www.drhorton.com/tennessee/nashville/white-house/legacy-farms
https://www.drhorton.com/tennessee/nashville/white-house/legacy-farms/floor-plans/jenn,https://www.drhorton.com/tennessee/nashville/white-house/legacy-farms
https://www.drhorton.com/tennessee/nashville/gallatin/nexus-north/floor-plans/aria,https://www.drhorton.com/tennessee/nashville/gallatin/nexus-north
https://www.drhorton.com/tennessee/nashville/gallatin/nexus-north/floor-plans/blf2,https://www.drhorton.com/tennessee/nashville/gallatin/nexus-north
https://www.drhorton.com/tennessee/nashville/gallatin/nexus-north/floor-plans/cali,https://www.drhorton.com/tennessee/nashville/gallatin/nexus-north
https://www.drhorton.com/tennessee/nashville/gallatin/nexus-north/floor-plans/edmo,https://www.drhorton.com/tennessee/nashville/gallatin/nexus-north
https://www.drhorton.com/tennessee/nashville/gallatin/nexus-north/floor-plans/sale,https://www.drhorton.com/tennessee/nashville/gallatin/nexus-north
https://www.drhorton.com/tennessee/nashville/gallatin/nexus-south/qmis/1005-stoney-brook-pvt-bend,https://www.drhorton.com/tennessee/nashville/gallatin/nexus-south
https://www.drhorton.com/tennessee/nashville/gallatin/nexus-south/qmis/2005-skippack-pvt-circle,https://www.drhorton.com/tennessee/nashville/gallatin/nexus-south
https://www.drhorton.com/tennessee/nashville/gallatin/nexus-south/qmis/2197-holmesburg-pvt-circle,https://www.drhorton.com/tennessee/nashville/gallatin/nexus-south
https://www.drhorton.com/tennessee/nashville/gallatin/nexus-south/qmis/2217-holmesburg-pvt-circle,https://www.drhorton.com/tennessee/nashville/gallatin/nexus-south
https://www.drhorton.com/tennessee/nashville/gallatin/nexus-south/qmis/325-apollo-pvt-way,https://www.drhorton.com/tennessee/nashville/gallatin/nexus-south
https://www.drhorton.com/tennessee/nashville/gallatin/nexus-south/qmis/5197-synergy-pvt-way,https://www.drhorton.com/tennessee/nashville/gallatin/nexus-south
https://www.drhorton.com/tennessee/nashville/gallatin/nexus-south/qmis/5204-synergy-pvt-way,https://www.drhorton.com/tennessee/nashville/gallatin/nexus-south
https://www.drhorton.com/tennessee/nashville/gallatin/nexus-south/qmis/5208-synergy-pvt-way,https://www.drhorton.com/tennessee/nashville/gallatin/nexus-south
https://www.drhorton.com/tennessee/nashville/gallatin/nexus-south/qmis/5209-synergy-pvt-way,https://www.drhorton.com/tennessee/nashville/gallatin/nexus-south
https://www.drhorton.com/tennessee/nashville/gallatin/nexus-south/qmis/5212-synergy-pvt-way,https://www.drhorton.com/tennessee/nashville/gallatin/nexus-south
https://www.drhorton.com/tennessee/nashville/gallatin/nexus-south/floor-plans/arli,https://www.drhorton.com/tennessee/nashville/gallatin/nexus-south
https://www.drhorton.com/tennessee/nashville/gallatin/nexus-south/floor-plans/asto,https://www.drhorton.com/tennessee/nashville/gallatin/nexus-south
https://www.drhorton.com/tennessee/nashville/gallatin/nexus-south/floor-plans/bowe,https://www.drhorton.com/tennessee/nashville/gallatin/nexus-south
https://www.drhorton.com/tennessee/nashville/gallatin/nexus-south/floor-plans/bris,https://www.drhorton.com/tennessee/nashville/gallatin/nexus-south
https://www.drhorton.com/tennessee/nashville/gallatin/nexus-south/floor-plans/clif,https://www.drhorton.com/tennessee/nashville/gallatin/nexus-south
https://www.drhorton.com/tennessee/nashville/gallatin/nexus-south/floor-plans/desm,https://www.drhorton.com/tennessee/nashville/gallatin/nexus-south
https://www.drhorton.com/tennessee/nashville/gallatin/nexus-south/floor-plans/dove,https://www.drhorton.com/tennessee/nashville/gallatin/nexus-south
https://www.drhorton.com/tennessee/nashville/gallatin/nexus-south/floor-plans/jenn,https://www.drhorton.com/tennessee/nashville/gallatin/nexus-south
https://www.drhorton.com/tennessee/nashville/gallatin/nexus-south/floor-plans/seve,https://www.drhorton.com/tennessee/nashville/gallatin/nexus-south
https://www.drhorton.com/tennessee/nashville/lebanon/hle-villages-at-hunters-point/floor-plans/aria,https://www.drhorton.com/tennessee/nashville/lebanon/hle-villages-at-hunters-point
https://www.drhorton.com/tennessee/nashville/lebanon/hle-villages-at-hunters-point/floor-plans/blf2,https://www.drhorton.com/tennessee/nashville/lebanon/hle-villages-at-hunters-point
https://www.drhorton.com/tennessee/nashville/lebanon/hle-villages-at-hunters-point/floor-plans/cali,https://www.drhorton.com/tennessee/nashville/lebanon/hle-villages-at-hunters-point
https://www.drhorton.com/tennessee/nashville/lebanon/hle-villages-at-hunters-point/floor-plans/edmo,https://www.drhorton.com/tennessee/nashville/lebanon/hle-villages-at-hunters-point
https://www.drhorton.com/tennessee/nashville/lebanon/hle-villages-at-hunters-point/floor-plans/hayd,https://www.drhorton.com/tennessee/nashville/lebanon/hle-villages-at-hunters-point
https://www.drhorton.com/tennessee/nashville/lebanon/campbell-place/qmis/713-ashbrook-drive,https://www.drhorton.com/tennessee/nashville/lebanon/campbell-place
https://www.drhorton.com/tennessee/nashville/lebanon/campbell-place/qmis/715-ashbrook-drive,https://www.drhorton.com/tennessee/nashville/lebanon/campbell-place
https://www.drhorton.com/tennessee/nashville/lebanon/campbell-place/qmis/717-ashbrook-drive,https://www.drhorton.com/tennessee/nashville/lebanon/campbell-place
https://www.drhorton.com/tennessee/nashville/lebanon/campbell-place/qmis/719-ashbrook-drive,https://www.drhorton.com/tennessee/nashville/lebanon/campbell-place
https://www.drhorton.com/tennessee/nashville/lebanon/campbell-place/qmis/721-ashbrook-drive,https://www.drhorton.com/tennessee/nashville/lebanon/campbell-place
https://www.drhorton.com/tennessee/nashville/lebanon/campbell-place/qmis/725-ashbrook-drive,https://www.drhorton.com/tennessee/nashville/lebanon/campbell-place
https://www.drhorton.com/tennessee/nashville/lebanon/campbell-place/qmis/729-ashbrook-drive,https://www.drhorton.com/tennessee/nashville/lebanon/campbell-place
https://www.drhorton.com/tennessee/nashville/lebanon/campbell-place/qmis/731-ashbrook-drive,https://www.drhorton.com/tennessee/nashville/lebanon/campbell-place
https://www.drhorton.com/tennessee/nashville/lebanon/campbell-place/qmis/733-ashbrook-drive,https://www.drhorton.com/tennessee/nashville/lebanon/campbell-place
https://www.drhorton.com/tennessee/nashville/lebanon/campbell-place/qmis/735-ashbrook-drive,https://www.drhorton.com/tennessee/nashville/lebanon/campbell-place
https://www.drhorton.com/tennessee/nashville/lebanon/campbell-place/floor-plans/fran,https://www.drhorton.com/tennessee/nashville/lebanon/campbell-place
https://www.drhorton.com/tennessee/nashville/lewisburg/kings-landing/qmis/126-mattie-court,https://www.drhorton.com/tennessee/nashville/lewisburg/kings-landing
https://www.drhorton.com/tennessee/nashville/lewisburg/kings-landing/qmis/128-mattie-court,https://www.drhorton.com/tennessee/nashville/lewisburg/kings-landing
https://www.drhorton.com/tennessee/nashville/lewisburg/kings-landing/qmis/130-mattie-court,https://www.drhorton.com/tennessee/nashville/lewisburg/kings-landing
https://www.drhorton.com/tennessee/nashville/lewisburg/kings-landing/qmis/146-mackenzie-way,https://www.drhorton.com/tennessee/nashville/lewisburg/kings-landing
https://www.drhorton.com/tennessee/nashville/lewisburg/kings-landing/qmis/235-mackenzie-way,https://www.drhorton.com/tennessee/nashville/lewisburg/kings-landing
https://www.drhorton.com/tennessee/nashville/lewisburg/kings-landing/qmis/237-mackenzie-way,https://www.drhorton.com/tennessee/nashville/lewisburg/kings-landing
https://www.drhorton.com/tennessee/nashville/lewisburg/kings-landing/qmis/239-mackenzie-way,https://www.drhorton.com/tennessee/nashville/lewisburg/kings-landing
https://www.drhorton.com/tennessee/nashville/lewisburg/kings-landing/qmis/241-mackenzie-way,https://www.drhorton.com/tennessee/nashville/lewisburg/kings-landing
https://www.drhorton.com/tennessee/nashville/lewisburg/kings-landing/qmis/243-mackenzie-way,https://www.drhorton.com/tennessee/nashville/lewisburg/kings-landing
https://www.drhorton.com/tennessee/nashville/lewisburg/kings-landing/qmis/249-mackenzie-way,https://www.drhorton.com/tennessee/nashville/lewisburg/kings-landing
https://www.drhorton.com/tennessee/nashville/lewisburg/kings-landing/floor-plans/medf,https://www.drhorton.com/tennessee/nashville/lewisburg/kings-landing
https://www.drhorton.com/tennessee/nashville/lewisburg/saddle-trace/qmis/1316-preakness-lane,https://www.drhorton.com/tennessee/nashville/lewisburg/saddle-trace
https://www.drhorton.com/tennessee/nashville/lewisburg/saddle-trace/qmis/1318-preakness-lane,https://www.drhorton.com/tennessee/nashville/lewisburg/saddle-trace
https://www.drhorton.com/tennessee/nashville/lewisburg/saddle-trace/qmis/1319-preakness-lane,https://www.drhorton.com/tennessee/nashville/lewisburg/saddle-trace
https://www.drhorton.com/tennessee/nashville/lewisburg/saddle-trace/qmis/1321-preakness-lane,https://www.drhorton.com/tennessee/nashville/lewisburg/saddle-trace
https://www.drhorton.com/tennessee/nashville/lewisburg/saddle-trace/qmis/1323-preakness-lane,https://www.drhorton.com/tennessee/nashville/lewisburg/saddle-trace
https://www.drhorton.com/tennessee/nashville/lewisburg/saddle-trace/qmis/1325-preakness-lane,https://www.drhorton.com/tennessee/nashville/lewisburg/saddle-trace
https://www.drhorton.com/tennessee/nashville/lewisburg/saddle-trace/qmis/1326-preakness-lane,https://www.drhorton.com/tennessee/nashville/lewisburg/saddle-trace
https://www.drhorton.com/tennessee/nashville/lewisburg/saddle-trace/qmis/1327-preakness-lane,https://www.drhorton.com/tennessee/nashville/lewisburg/saddle-trace
https://www.drhorton.com/tennessee/nashville/lewisburg/saddle-trace/qmis/1331-preakness-lane,https://www.drhorton.com/tennessee/nashville/lewisburg/saddle-trace
https://www.drhorton.com/tennessee/nashville/lewisburg/saddle-trace/floor-plans/camr,https://www.drhorton.com/tennessee/nashville/lewisburg/saddle-trace
https://www.drhorton.com/tennessee/nashville/lewisburg/saddle-trace/floor-plans/devo,https://www.drhorton.com/tennessee/nashville/lewisburg/saddle-trace
https://www.drhorton.com/tennessee/nashville/lewisburg/saddle-trace/floor-plans/hart,https://www.drhorton.com/tennessee/nashville/lewisburg/saddle-trace
https://www.drhorton.com/tennessee/nashville/lewisburg/saddle-trace-townhomes/qmis/1446-lexington-way,https://www.drhorton.com/tennessee/nashville/lewisburg/saddle-trace-townhomes
https://www.drhorton.com/tennessee/nashville/lewisburg/saddle-trace-townhomes/qmis/1448-lexington-way,https://www.drhorton.com/tennessee/nashville/lewisburg/saddle-trace-townhomes
https://www.drhorton.com/tennessee/nashville/lewisburg/saddle-trace-townhomes/qmis/1450-lexington-way,https://www.drhorton.com/tennessee/nashville/lewisburg/saddle-trace-townhomes
https://www.drhorton.com/tennessee/nashville/lewisburg/saddle-trace-townhomes/qmis/1451-lexington-way,https://www.drhorton.com/tennessee/nashville/lewisburg/saddle-trace-townhomes
https://www.drhorton.com/tennessee/nashville/lewisburg/saddle-trace-townhomes/qmis/1452-lexington-way,https://www.drhorton.com/tennessee/nashville/lewisburg/saddle-trace-townhomes
https://www.drhorton.com/tennessee/nashville/lewisburg/saddle-trace-townhomes/qmis/1453-lexington-way,https://www.drhorton.com/tennessee/nashville/lewisburg/saddle-trace-townhomes
https://www.drhorton.com/tennessee/nashville/lewisburg/saddle-trace-townhomes/qmis/1454-lexington-way,https://www.drhorton.com/tennessee/nashville/lewisburg/saddle-trace-townhomes
https://www.drhorton.com/tennessee/nashville/lewisburg/saddle-trace-townhomes/qmis/1455-lexington-way,https://www.drhorton.com/tennessee/nashville/lewisburg/saddle-trace-townhomes
https://www.drhorton.com/tennessee/nashville/lewisburg/saddle-trace-townhomes/qmis/1456-lexington-way,https://www.drhorton.com/tennessee/nashville/lewisburg/saddle-trace-townhomes
https://www.drhorton.com/tennessee/nashville/lewisburg/saddle-trace-townhomes/qmis/1457-lexington-way,https://www.drhorton.com/tennessee/nashville/lewisburg/saddle-trace-townhomes
https://www.drhorton.com/tennessee/nashville/lewisburg/saddle-trace-townhomes/floor-plans/pear,https://www.drhorton.com/tennessee/nashville/lewisburg/saddle-trace-townhomes
https://www.drhorton.com/tennessee/nashville/lewisburg/savannah-lakes/qmis/1728-savannah-pass,https://www.drhorton.com/tennessee/nashville/lewisburg/savannah-lakes
https://www.drhorton.com/tennessee/nashville/lewisburg/savannah-lakes/qmis/1730-savannah-pass,https://www.drhorton.com/tennessee/nashville/lewisburg/savannah-lakes
https://www.drhorton.com/tennessee/nashville/lewisburg/savannah-lakes/qmis/1732-savannah-pass,https://www.drhorton.com/tennessee/nashville/lewisburg/savannah-lakes
https://www.drhorton.com/tennessee/nashville/lewisburg/savannah-lakes/qmis/1736-savannah-pass,https://www.drhorton.com/tennessee/nashville/lewisburg/savannah-lakes
https://www.drhorton.com/tennessee/nashville/lewisburg/savannah-lakes/qmis/1738-savannah-pass,https://www.drhorton.com/tennessee/nashville/lewisburg/savannah-lakes
https://www.drhorton.com/tennessee/nashville/lewisburg/savannah-lakes/qmis/1740-savannah-pass,https://www.drhorton.com/tennessee/nashville/lewisburg/savannah-lakes
https://www.drhorton.com/tennessee/nashville/lewisburg/savannah-lakes/qmis/1742-savannah-pass,https://www.drhorton.com/tennessee/nashville/lewisburg/savannah-lakes
https://www.drhorton.com/tennessee/nashville/lewisburg/savannah-lakes/qmis/1744-savannah-pass,https://www.drhorton.com/tennessee/nashville/lewisburg/savannah-lakes
https://www.drhorton.com/tennessee/nashville/lewisburg/savannah-lakes/qmis/1745-savannah-pass,https://www.drhorton.com/tennessee/nashville/lewisburg/savannah-lakes
https://www.drhorton.com/tennessee/nashville/lewisburg/savannah-lakes/qmis/1746-savannah-pass,https://www.drhorton.com/tennessee/nashville/lewisburg/savannah-lakes
https://www.drhorton.com/tennessee/nashville/lewisburg/savannah-lakes/floor-plans/aria,https://www.drhorton.com/tennessee/nashville/lewisburg/savannah-lakes
https://www.drhorton.com/tennessee/nashville/lewisburg/savannah-lakes/floor-plans/blf2,https://www.drhorton.com/tennessee/nashville/lewisburg/savannah-lakes
https://www.drhorton.com/tennessee/nashville/lewisburg/savannah-lakes/floor-plans/cali,https://www.drhorton.com/tennessee/nashville/lewisburg/savannah-lakes
https://www.drhorton.com/tennessee/nashville/lewisburg/savannah-lakes/floor-plans/edmo,https://www.drhorton.com/tennessee/nashville/lewisburg/savannah-lakes
https://www.drhorton.com/tennessee/nashville/lewisburg/savannah-lakes/floor-plans/free,https://www.drhorton.com/tennessee/nashville/lewisburg/savannah-lakes
https://www.drhorton.com/tennessee/nashville/lebanon/woodbridge-glen-sf/qmis/1159-woodbridge-blvd,https://www.drhorton.com/tennessee/nashville/lebanon/woodbridge-glen-sf
https://www.drhorton.com/tennessee/nashville/lebanon/woodbridge-glen-sf/qmis/1161-woodbridge-blvd,https://www.drhorton.com/tennessee/nashville/lebanon/woodbridge-glen-sf
https://www.drhorton.com/tennessee/nashville/lebanon/woodbridge-glen-sf/qmis/1163-woodbridge-blvd,https://www.drhorton.com/tennessee/nashville/lebanon/woodbridge-glen-sf
https://www.drhorton.com/tennessee/nashville/lebanon/woodbridge-glen-sf/qmis/1166-woodbridge-blvd,https://www.drhorton.com/tennessee/nashville/lebanon/woodbridge-glen-sf
https://www.drhorton.com/tennessee/nashville/lebanon/woodbridge-glen-sf/qmis/1169-woodbridge-blvd,https://www.drhorton.com/tennessee/nashville/lebanon/woodbridge-glen-sf
https://www.drhorton.com/tennessee/nashville/lebanon/woodbridge-glen-sf/qmis/1170-woodbridge-blvd,https://www.drhorton.com/tennessee/nashville/lebanon/woodbridge-glen-sf
https://www.drhorton.com/tennessee/nashville/lebanon/woodbridge-glen-sf/qmis/1633-feather-road,https://www.drhorton.com/tennessee/nashville/lebanon/woodbridge-glen-sf
https://www.drhorton.com/tennessee/nashville/lebanon/woodbridge-glen-sf/qmis/1634-feather-road,https://www.drhorton.com/tennessee/nashville/lebanon/woodbridge-glen-sf
https://www.drhorton.com/tennessee/nashville/lebanon/woodbridge-glen-sf/qmis/1637-feather-road,https://www.drhorton.com/tennessee/nashville/lebanon/woodbridge-glen-sf
https://www.drhorton.com/tennessee/nashville/lebanon/woodbridge-glen-sf/floor-plans/blf2,https://www.drhorton.com/tennessee/nashville/lebanon/woodbridge-glen-sf
https://www.drhorton.com/tennessee/nashville/lebanon/woodbridge-glen-sf/floor-plans/cali,https://www.drhorton.com/tennessee/nashville/lebanon/woodbridge-glen-sf
https://www.drhorton.com/tennessee/nashville/lebanon/woodbridge-glen-sf/floor-plans/hayd,https://www.drhorton.com/tennessee/nashville/lebanon/woodbridge-glen-sf
https://www.drhorton.com/tennessee/nashville/lebanon/woodbridge-glen-sf/floor-plans/penw,https://www.drhorton.com/tennessee/nashville/lebanon/woodbridge-glen-sf
https://www.drhorton.com/tennessee/nashville/lebanon/woodbridge-glen-sf/floor-plans/sale,https://www.drhorton.com/tennessee/nashville/lebanon/woodbridge-glen-sf
https://www.drhorton.com/tennessee/nashville/lebanon/addison-park/qmis/2026-widgeon-point,https://www.drhorton.com/tennessee/nashville/lebanon/addison-park
https://www.drhorton.com/tennessee/nashville/lebanon/addison-park/qmis/2028-widgeon-point,https://www.drhorton.com/tennessee/nashville/lebanon/addison-park
https://www.drhorton.com/tennessee/nashville/lebanon/addison-park/qmis/2030-widgeon-point,https://www.drhorton.com/tennessee/nashville/lebanon/addison-park
https://www.drhorton.com/tennessee/nashville/lebanon/addison-park/qmis/2104-widgeon-point,https://www.drhorton.com/tennessee/nashville/lebanon/addison-park
https://www.drhorton.com/tennessee/nashville/lebanon/addison-park/qmis/213-redhead-lane,https://www.drhorton.com/tennessee/nashville/lebanon/addison-park
https://www.drhorton.com/tennessee/nashville/lebanon/addison-park/qmis/215-redhead-lane,https://www.drhorton.com/tennessee/nashville/lebanon/addison-park
https://www.drhorton.com/tennessee/nashville/lebanon/addison-park/qmis/217-redhead-lane,https://www.drhorton.com/tennessee/nashville/lebanon/addison-park
https://www.drhorton.com/tennessee/nashville/lebanon/addison-park/qmis/2256-harlequin-point,https://www.drhorton.com/tennessee/nashville/lebanon/addison-park
https://www.drhorton.com/tennessee/nashville/lebanon/addison-park/qmis/2260-harlequin-point,https://www.drhorton.com/tennessee/nashville/lebanon/addison-park
https://www.drhorton.com/tennessee/nashville/lebanon/addison-park/floor-plans/pear,https://www.drhorton.com/tennessee/nashville/lebanon/addison-park
https://www.drhorton.com/tennessee/nashville/lebanon/addison-park/floor-plans/port,https://www.drhorton.com/tennessee/nashville/lebanon/addison-park
https://www.drhorton.com/tennessee/nashville/spring-hill/harvest-point/qmis/304-harvest-point-blvd,https://www.drhorton.com/tennessee/nashville/spring-hill/harvest-point
https://www.drhorton.com/tennessee/nashville/spring-hill/harvest-point/qmis/306-harvest-point-blvd,https://www.drhorton.com/tennessee/nashville/spring-hill/harvest-point
https://www.drhorton.com/tennessee/nashville/spring-hill/harvest-point/qmis/327-harvest-point-blvd,https://www.drhorton.com/tennessee/nashville/spring-hill/harvest-point
https://www.drhorton.com/tennessee/nashville/spring-hill/harvest-point/qmis/422-wild-iris-way,https://www.drhorton.com/tennessee/nashville/spring-hill/harvest-point
https://www.drhorton.com/tennessee/nashville/spring-hill/harvest-point/qmis/424-wild-iris-way,https://www.drhorton.com/tennessee/nashville/spring-hill/harvest-point
https://www.drhorton.com/tennessee/nashville/spring-hill/harvest-point/floor-plans/ansl,https://www.drhorton.com/tennessee/nashville/spring-hill/harvest-point
https://www.drhorton.com/tennessee/nashville/spring-hill/harvest-point/floor-plans/blf2,https://www.drhorton.com/tennessee/nashville/spring-hill/harvest-point
https://www.drhorton.com/tennessee/nashville/spring-hill/harvest-point/floor-plans/bris,https://www.drhorton.com/tennessee/nashville/spring-hill/harvest-point
https://www.drhorton.com/tennessee/nashville/spring-hill/harvest-point/floor-plans/brya,https://www.drhorton.com/tennessee/nashville/spring-hill/harvest-point
https://www.drhorton.com/tennessee/nashville/spring-hill/harvest-point/floor-plans/calh,https://www.drhorton.com/tennessee/nashville/spring-hill/harvest-point
https://www.drhorton.com/tennessee/nashville/spring-hill/harvest-point/floor-plans/clif,https://www.drhorton.com/tennessee/nashville/spring-hill/harvest-point
https://www.drhorton.com/tennessee/nashville/spring-hill/harvest-point/floor-plans/denh,https://www.drhorton.com/tennessee/nashville/spring-hill/harvest-point
https://www.drhorton.com/tennessee/nashville/spring-hill/harvest-point/floor-plans/dijn,https://www.drhorton.com/tennessee/nashville/spring-hill/harvest-point
https://www.drhorton.com/tennessee/nashville/spring-hill/harvest-point/floor-plans/doug,https://www.drhorton.com/tennessee/nashville/spring-hill/harvest-point
https://www.drhorton.com/tennessee/nashville/spring-hill/harvest-point/floor-plans/emby,https://www.drhorton.com/tennessee/nashville/spring-hill/harvest-point
https://www.drhorton.com/tennessee/nashville/spring-hill/harvest-point/floor-plans/faye,https://www.drhorton.com/tennessee/nashville/spring-hill/harvest-point
https://www.drhorton.com/tennessee/nashville/spring-hill/harvest-point/floor-plans/hold,https://www.drhorton.com/tennessee/nashville/spring-hill/harvest-point
https://www.drhorton.com/tennessee/nashville/spring-hill/harvest-point/floor-plans/irwi,https://www.drhorton.com/tennessee/nashville/spring-hill/harvest-point
https://www.drhorton.com/tennessee/nashville/spring-hill/harvest-point/floor-plans/milf,https://www.drhorton.com/tennessee/nashville/spring-hill/harvest-point
https://www.drhorton.com/tennessee/nashville/spring-hill/harvest-point/floor-plans/stn2,https://www.drhorton.com/tennessee/nashville/spring-hill/harvest-point
https://www.drhorton.com/tennessee/nashville/spring-hill/harvest-point/floor-plans/tisd,https://www.drhorton.com/tennessee/nashville/spring-hill/harvest-point
https://www.drhorton.com/tennessee/nashville/columbia/reserve-at-hickory-ridge/qmis/4021-red-hawk-road,https://www.drhorton.com/tennessee/nashville/columbia/reserve-at-hickory-ridge
https://www.drhorton.com/tennessee/nashville/columbia/reserve-at-hickory-ridge/qmis/4023-red-hawk-road,https://www.drhorton.com/tennessee/nashville/columbia/reserve-at-hickory-ridge
https://www.drhorton.com/tennessee/nashville/columbia/reserve-at-hickory-ridge/qmis/4226-henslowe-road,https://www.drhorton.com/tennessee/nashville/columbia/reserve-at-hickory-ridge
https://www.drhorton.com/tennessee/nashville/columbia/reserve-at-hickory-ridge/qmis/4228-henslowe-road,https://www.drhorton.com/tennessee/nashville/columbia/reserve-at-hickory-ridge
https://www.drhorton.com/tennessee/nashville/columbia/reserve-at-hickory-ridge/qmis/4308-scarlet-court,https://www.drhorton.com/tennessee/nashville/columbia/reserve-at-hickory-ridge
https://www.drhorton.com/tennessee/nashville/columbia/reserve-at-hickory-ridge/qmis/4312-scarlet-court,https://www.drhorton.com/tennessee/nashville/columbia/reserve-at-hickory-ridge
https://www.drhorton.com/tennessee/nashville/columbia/reserve-at-hickory-ridge/qmis/4341-scarlet-court,https://www.drhorton.com/tennessee/nashville/columbia/reserve-at-hickory-ridge
https://www.drhorton.com/tennessee/nashville/columbia/reserve-at-hickory-ridge/qmis/4344-scarlet-court,https://www.drhorton.com/tennessee/nashville/columbia/reserve-at-hickory-ridge
https://www.drhorton.com/tennessee/nashville/columbia/reserve-at-hickory-ridge/qmis/4348-scarlet-court,https://www.drhorton.com/tennessee/nashville/columbia/reserve-at-hickory-ridge
https://www.drhorton.com/tennessee/nashville/columbia/reserve-at-hickory-ridge/qmis/4353-scarlet-court,https://www.drhorton.com/tennessee/nashville/columbia/reserve-at-hickory-ridge
https://www.drhorton.com/tennessee/nashville/columbia/reserve-at-hickory-ridge/qmis/4357-scarlet-court,https://www.drhorton.com/tennessee/nashville/columbia/reserve-at-hickory-ridge
https://www.drhorton.com/tennessee/nashville/columbia/reserve-at-hickory-ridge/floor-plans/blf2,https://www.drhorton.com/tennessee/nashville/columbia/reserve-at-hickory-ridge
https://www.drhorton.com/tennessee/nashville/columbia/reserve-at-hickory-ridge/floor-plans/bowe,https://www.drhorton.com/tennessee/nashville/columbia/reserve-at-hickory-ridge
https://www.drhorton.com/tennessee/nashville/columbia/reserve-at-hickory-ridge/floor-plans/brya,https://www.drhorton.com/tennessee/nashville/columbia/reserve-at-hickory-ridge
https://www.drhorton.com/tennessee/nashville/columbia/reserve-at-hickory-ridge/floor-plans/cabr,https://www.drhorton.com/tennessee/nashville/columbia/reserve-at-hickory-ridge
https://www.drhorton.com/tennessee/nashville/columbia/reserve-at-hickory-ridge/floor-plans/calh,https://www.drhorton.com/tennessee/nashville/columbia/reserve-at-hickory-ridge
https://www.drhorton.com/tennessee/nashville/columbia/reserve-at-hickory-ridge/floor-plans/cali,https://www.drhorton.com/tennessee/nashville/columbia/reserve-at-hickory-ridge
https://www.drhorton.com/tennessee/nashville/columbia/reserve-at-hickory-ridge/floor-plans/covi,https://www.drhorton.com/tennessee/nashville/columbia/reserve-at-hickory-ridge
https://www.drhorton.com/tennessee/nashville/columbia/reserve-at-hickory-ridge/floor-plans/denh,https://www.drhorton.com/tennessee/nashville/columbia/reserve-at-hickory-ridge
https://www.drhorton.com/tennessee/nashville/columbia/reserve-at-hickory-ridge/floor-plans/doug,https://www.drhorton.com/tennessee/nashville/columbia/reserve-at-hickory-ridge
https://www.drhorton.com/tennessee/nashville/columbia/reserve-at-hickory-ridge/floor-plans/edmo,https://www.drhorton.com/tennessee/nashville/columbia/reserve-at-hickory-ridge
https://www.drhorton.com/tennessee/nashville/columbia/reserve-at-hickory-ridge/floor-plans/elst,https://www.drhorton.com/tennessee/nashville/columbia/reserve-at-hickory-ridge
https://www.drhorton.com/tennessee/nashville/columbia/reserve-at-hickory-ridge/floor-plans/harb,https://www.drhorton.com/tennessee/nashville/columbia/reserve-at-hickory-ridge
https://www.drhorton.com/tennessee/nashville/columbia/reserve-at-hickory-ridge/floor-plans/hayd,https://www.drhorton.com/tennessee/nashville/columbia/reserve-at-hickory-ridge
https://www.drhorton.com/tennessee/nashville/columbia/reserve-at-hickory-ridge/floor-plans/mann,https://www.drhorton.com/tennessee/nashville/columbia/reserve-at-hickory-ridge
https://www.drhorton.com/tennessee/nashville/columbia/reserve-at-hickory-ridge/floor-plans/milf,https://www.drhorton.com/tennessee/nashville/columbia/reserve-at-hickory-ridge
https://www.drhorton.com/tennessee/nashville/columbia/reserve-at-hickory-ridge/floor-plans/sale,https://www.drhorton.com/tennessee/nashville/columbia/reserve-at-hickory-ridge
https://www.drhorton.com/tennessee/nashville/antioch/percy-cove/qmis/104-bluegill-lane,https://www.drhorton.com/tennessee/nashville/antioch/percy-cove
https://www.drhorton.com/tennessee/nashville/antioch/percy-cove/qmis/108-bluegill-lane,https://www.drhorton.com/tennessee/nashville/antioch/percy-cove
https://www.drhorton.com/tennessee/nashville/antioch/percy-cove/qmis/345-carp-court,https://www.drhorton.com/tennessee/nashville/antioch/percy-cove
https://www.drhorton.com/tennessee/nashville/antioch/percy-cove/qmis/4401-maxwell-road,https://www.drhorton.com/tennessee/nashville/antioch/percy-cove
https://www.drhorton.com/tennessee/nashville/antioch/percy-cove/qmis/4405-maxwell-road,https://www.drhorton.com/tennessee/nashville/antioch/percy-cove
https://www.drhorton.com/tennessee/nashville/antioch/percy-cove/qmis/4409-maxwell-road,https://www.drhorton.com/tennessee/nashville/antioch/percy-cove
https://www.drhorton.com/tennessee/nashville/antioch/percy-cove/floor-plans/alam,https://www.drhorton.com/tennessee/nashville/antioch/percy-cove
https://www.drhorton.com/tennessee/nashville/antioch/percy-cove/floor-plans/bowe,https://www.drhorton.com/tennessee/nashville/antioch/percy-cove
https://www.drhorton.com/tennessee/nashville/antioch/percy-cove/floor-plans/calh,https://www.drhorton.com/tennessee/nashville/antioch/percy-cove
https://www.drhorton.com/tennessee/nashville/antioch/percy-cove/floor-plans/edmo,https://www.drhorton.com/tennessee/nashville/antioch/percy-cove
https://www.drhorton.com/tennessee/nashville/antioch/percy-cove/floor-plans/elst,https://www.drhorton.com/tennessee/nashville/antioch/percy-cove
https://www.drhorton.com/tennessee/nashville/antioch/percy-cove/floor-plans/harb,https://www.drhorton.com/tennessee/nashville/antioch/percy-cove
https://www.drhorton.com/tennessee/nashville/antioch/percy-cove/floor-plans/irwi,https://www.drhorton.com/tennessee/nashville/antioch/percy-cove
https://www.drhorton.com/tennessee/nashville/murfreesboro/river-landing/qmis/4911-sandringham-lane,https://www.drhorton.com/tennessee/nashville/murfreesboro/river-landing
https://www.drhorton.com/tennessee/nashville/murfreesboro/river-landing/qmis/4914-sandringham-lane,https://www.drhorton.com/tennessee/nashville/murfreesboro/river-landing
https://www.drhorton.com/tennessee/nashville/murfreesboro/river-landing/qmis/4915-sandringham-lane,https://www.drhorton.com/tennessee/nashville/murfreesboro/river-landing
https://www.drhorton.com/tennessee/nashville/murfreesboro/river-landing/qmis/4922-sandringham-lane,https://www.drhorton.com/tennessee/nashville/murfreesboro/river-landing
https://www.drhorton.com/tennessee/nashville/murfreesboro/river-landing/floor-plans/bowe,https://www.drhorton.com/tennessee/nashville/murfreesboro/river-landing
https://www.drhorton.com/tennessee/nashville/murfreesboro/river-landing/floor-plans/cabr,https://www.drhorton.com/tennessee/nashville/murfreesboro/river-landing
https://www.drhorton.com/tennessee/nashville/murfreesboro/river-landing/floor-plans/edmo,https://www.drhorton.com/tennessee/nashville/murfreesboro/river-landing
https://www.drhorton.com/tennessee/nashville/murfreesboro/river-landing/floor-plans/elst,https://www.drhorton.com/tennessee/nashville/murfreesboro/river-landing
https://www.drhorton.com/tennessee/nashville/murfreesboro/river-landing/floor-plans/harb,https://www.drhorton.com/tennessee/nashville/murfreesboro/river-landing
https://www.drhorton.com/tennessee/nashville/smyrna/pottsview/qmis/2029-coriander-lane,https://www.drhorton.com/tennessee/nashville/smyrna/pottsview
https://www.drhorton.com/tennessee/nashville/smyrna/pottsview/qmis/2036-coriander-lane,https://www.drhorton.com/tennessee/nashville/smyrna/pottsview
https://www.drhorton.com/tennessee/nashville/smyrna/pottsview/qmis/2041-coriander-lane,https://www.drhorton.com/tennessee/nashville/smyrna/pottsview
https://www.drhorton.com/tennessee/nashville/smyrna/pottsview/qmis/2053-coriander-lane,https://www.drhorton.com/tennessee/nashville/smyrna/pottsview
https://www.drhorton.com/tennessee/nashville/smyrna/pottsview/qmis/2057-coriander-lane,https://www.drhorton.com/tennessee/nashville/smyrna/pottsview
https://www.drhorton.com/tennessee/nashville/smyrna/pottsview/qmis/6060-eugene-drive,https://www.drhorton.com/tennessee/nashville/smyrna/pottsview
https://www.drhorton.com/tennessee/nashville/smyrna/pottsview/qmis/6065-eugene-drive,https://www.drhorton.com/tennessee/nashville/smyrna/pottsview
https://www.drhorton.com/tennessee/nashville/smyrna/pottsview/qmis/6069-eugene-drive,https://www.drhorton.com/tennessee/nashville/smyrna/pottsview
https://www.drhorton.com/tennessee/nashville/smyrna/pottsview/qmis/6076-eugene-drive,https://www.drhorton.com/tennessee/nashville/smyrna/pottsview
https://www.drhorton.com/tennessee/nashville/smyrna/pottsview/qmis/6084-eugene-drive,https://www.drhorton.com/tennessee/nashville/smyrna/pottsview
https://www.drhorton.com/tennessee/nashville/smyrna/pottsview/floor-plans/hayd,https://www.drhorton.com/tennessee/nashville/smyrna/pottsview
https://www.drhorton.com/tennessee/nashville/smyrna/pottsview/floor-plans/milf,https://www.drhorton.com/tennessee/nashville/smyrna/pottsview
https://www.drhorton.com/tennessee/nashville/smyrna/pottsview/floor-plans/sale,https://www.drhorton.com/tennessee/nashville/smyrna/pottsview
https://www.drhorton.com/tennessee/nashville/smyrna/pottsview/floor-plans/stn2,https://www.drhorton.com/tennessee/nashville/smyrna/pottsview
https://www.drhorton.com/tennessee/nashville/murfreesboro/river-landing-townhomes/qmis/4134-oswin-drive,https://www.drhorton.com/tennessee/nashville/murfreesboro/river-landing-townhomes
https://www.drhorton.com/tennessee/nashville/murfreesboro/river-landing-townhomes/qmis/4136-oswin-drive,https://www.drhorton.com/tennessee/nashville/murfreesboro/river-landing-townhomes
https://www.drhorton.com/tennessee/nashville/murfreesboro/river-landing-townhomes/qmis/4138-oswin-drive,https://www.drhorton.com/tennessee/nashville/murfreesboro/river-landing-townhomes
https://www.drhorton.com/tennessee/nashville/murfreesboro/river-landing-townhomes/qmis/4140-oswin-drive,https://www.drhorton.com/tennessee/nashville/murfreesboro/river-landing-townhomes
https://www.drhorton.com/tennessee/nashville/murfreesboro/river-landing-townhomes/qmis/4142-oswin-drive,https://www.drhorton.com/tennessee/nashville/murfreesboro/river-landing-townhomes
https://www.drhorton.com/tennessee/nashville/murfreesboro/river-landing-townhomes/qmis/4144-oswin-drive,https://www.drhorton.com/tennessee/nashville/murfreesboro/river-landing-townhomes
https://www.drhorton.com/tennessee/nashville/murfreesboro/river-landing-townhomes/floor-plans/medf,https://www.drhorton.com/tennessee/nashville/murfreesboro/river-landing-townhomes
https://www.drhorton.com/alabama/mobile/grand-bay/dees-plantation/qmis/12580-orchard-lane-south,https://www.drhorton.com/alabama/mobile/grand-bay/dees-plantation
https://www.drhorton.com/alabama/mobile/grand-bay/dees-plantation/qmis/5907-orchard-lane-east,https://www.drhorton.com/alabama/mobile/grand-bay/dees-plantation
https://www.drhorton.com/alabama/mobile/grand-bay/dees-plantation/floor-plans/aver,https://www.drhorton.com/alabama/mobile/grand-bay/dees-plantation
https://www.drhorton.com/alabama/mobile/grand-bay/dees-plantation/floor-plans/emma,https://www.drhorton.com/alabama/mobile/grand-bay/dees-plantation
https://www.drhorton.com/alabama/mobile/grand-bay/dees-plantation/floor-plans/kenz,https://www.drhorton.com/alabama/mobile/grand-bay/dees-plantation
https://www.drhorton.com/alabama/mobile/grand-bay/dees-plantation/floor-plans/king,https://www.drhorton.com/alabama/mobile/grand-bay/dees-plantation
https://www.drhorton.com/alabama/mobile/grand-bay/dees-plantation/floor-plans/mila,https://www.drhorton.com/alabama/mobile/grand-bay/dees-plantation
https://www.drhorton.com/alabama/mobile/grand-bay/windmill-palm-estates/qmis/12271-hi-fields-road,https://www.drhorton.com/alabama/mobile/grand-bay/windmill-palm-estates
https://www.drhorton.com/alabama/mobile/grand-bay/windmill-palm-estates/qmis/12283-hi-fields-road,https://www.drhorton.com/alabama/mobile/grand-bay/windmill-palm-estates
https://www.drhorton.com/alabama/mobile/grand-bay/windmill-palm-estates/qmis/12297-hi-fields-road,https://www.drhorton.com/alabama/mobile/grand-bay/windmill-palm-estates
https://www.drhorton.com/alabama/mobile/grand-bay/windmill-palm-estates/qmis/12321-hi-fields-road,https://www.drhorton.com/alabama/mobile/grand-bay/windmill-palm-estates
https://www.drhorton.com/alabama/mobile/grand-bay/windmill-palm-estates/qmis/12347-hi-fields-road,https://www.drhorton.com/alabama/mobile/grand-bay/windmill-palm-estates
https://www.drhorton.com/alabama/mobile/grand-bay/windmill-palm-estates/floor-plans/aver,https://www.drhorton.com/alabama/mobile/grand-bay/windmill-palm-estates
https://www.drhorton.com/alabama/mobile/grand-bay/windmill-palm-estates/floor-plans/kath,https://www.drhorton.com/alabama/mobile/grand-bay/windmill-palm-estates
https://www.drhorton.com/alabama/mobile/grand-bay/windmill-palm-estates/floor-plans/kenz,https://www.drhorton.com/alabama/mobile/grand-bay/windmill-palm-estates
https://www.drhorton.com/alabama/mobile/grand-bay/windmill-palm-estates/floor-plans/king,https://www.drhorton.com/alabama/mobile/grand-bay/windmill-palm-estates
https://www.drhorton.com/alabama/mobile/grand-bay/windmill-palm-estates/floor-plans/mila,https://www.drhorton.com/alabama/mobile/grand-bay/windmill-palm-estates
https://www.drhorton.com/alabama/baldwin-county/fairhope/south-bend-village/qmis/10174-lamonica-ln,https://www.drhorton.com/alabama/baldwin-county/fairhope/south-bend-village
https://www.drhorton.com/alabama/baldwin-county/fairhope/south-bend-village/qmis/10186-lamonica-ln,https://www.drhorton.com/alabama/baldwin-county/fairhope/south-bend-village
https://www.drhorton.com/alabama/baldwin-county/fairhope/south-bend-village/qmis/10204-lamonica-ln,https://www.drhorton.com/alabama/baldwin-county/fairhope/south-bend-village
https://www.drhorton.com/alabama/baldwin-county/fairhope/south-bend-village/floor-plans/4eaf,https://www.drhorton.com/alabama/baldwin-county/fairhope/south-bend-village
https://www.drhorton.com/alabama/baldwin-county/fairhope/south-bend-village/floor-plans/4ebf,https://www.drhorton.com/alabama/baldwin-county/fairhope/south-bend-village
https://www.drhorton.com/alabama/baldwin-county/fairhope/south-bend-village/floor-plans/knox,https://www.drhorton.com/alabama/baldwin-county/fairhope/south-bend-village
https://www.drhorton.com/alabama/huntsville/meridianville/brier-creek/qmis/110-meadow-path-drive,https://www.drhorton.com/alabama/huntsville/meridianville/brier-creek
https://www.drhorton.com/alabama/huntsville/meridianville/brier-creek/qmis/111-meadow-path-drive,https://www.drhorton.com/alabama/huntsville/meridianville/brier-creek
https://www.drhorton.com/alabama/huntsville/meridianville/brier-creek/qmis/112-meadow-path-drive,https://www.drhorton.com/alabama/huntsville/meridianville/brier-creek
https://www.drhorton.com/alabama/huntsville/meridianville/brier-creek/floor-plans/1475,https://www.drhorton.com/alabama/huntsville/meridianville/brier-creek
https://www.drhorton.com/alabama/huntsville/meridianville/brier-creek/floor-plans/1941,https://www.drhorton.com/alabama/huntsville/meridianville/brier-creek
https://www.drhorton.com/alabama/huntsville/meridianville/brier-creek/floor-plans/2108,https://www.drhorton.com/alabama/huntsville/meridianville/brier-creek
https://www.drhorton.com/alabama/huntsville/meridianville/brier-creek/floor-plans/2506,https://www.drhorton.com/alabama/huntsville/meridianville/brier-creek
https://www.drhorton.com/alabama/huntsville/meridianville/brier-creek/floor-plans/4eaf,https://www.drhorton.com/alabama/huntsville/meridianville/brier-creek
https://www.drhorton.com/alabama/huntsville/meridianville/brier-creek/floor-plans/4ebf,https://www.drhorton.com/alabama/huntsville/meridianville/brier-creek
https://www.drhorton.com/alabama/huntsville/meridianville/briercreek/qmis/107-samuel-nash-drive,https://www.drhorton.com/alabama/huntsville/meridianville/briercreek
https://www.drhorton.com/alabama/huntsville/meridianville/briercreek/qmis/108-meadow-path-drive,https://www.drhorton.com/alabama/huntsville/meridianville/briercreek
https://www.drhorton.com/alabama/huntsville/meridianville/briercreek/qmis/109-meadow-path-drive,https://www.drhorton.com/alabama/huntsville/meridianville/briercreek
https://www.drhorton.com/alabama/huntsville/meridianville/briercreek/floor-plans/1475,https://www.drhorton.com/alabama/huntsville/meridianville/briercreek
https://www.drhorton.com/alabama/huntsville/meridianville/briercreek/floor-plans/4eaf,https://www.drhorton.com/alabama/huntsville/meridianville/briercreek
https://www.drhorton.com/alabama/huntsville/meridianville/briercreek/floor-plans/4ebf,https://www.drhorton.com/alabama/huntsville/meridianville/briercreek
https://www.drhorton.com/alabama/huntsville/meridianville/briercreek/floor-plans/lksd,https://www.drhorton.com/alabama/huntsville/meridianville/briercreek
https://www.drhorton.com/alabama/baldwin-county/foley/tealwood-estates/qmis/14682-tealwood-ln,https://www.drhorton.com/alabama/baldwin-county/foley/tealwood-estates
https://www.drhorton.com/alabama/baldwin-county/foley/tealwood-estates/qmis/14693-tealwood-ln,https://www.drhorton.com/alabama/baldwin-county/foley/tealwood-estates
https://www.drhorton.com/alabama/baldwin-county/foley/tealwood-estates/qmis/14694-tealwood-ln,https://www.drhorton.com/alabama/baldwin-county/foley/tealwood-estates
https://www.drhorton.com/alabama/baldwin-county/foley/tealwood-estates/qmis/14705-tealwood-ln,https://www.drhorton.com/alabama/baldwin-county/foley/tealwood-estates
https://www.drhorton.com/alabama/baldwin-county/foley/tealwood-estates/floor-plans/4ebf,https://www.drhorton.com/alabama/baldwin-county/foley/tealwood-estates
https://www.drhorton.com/alabama/baldwin-county/foley/tealwood-estates/floor-plans/5ecf,https://www.drhorton.com/alabama/baldwin-county/foley/tealwood-estates
https://www.drhorton.com/alabama/baldwin-county/foley/tealwood-estates/floor-plans/5edf,https://www.drhorton.com/alabama/baldwin-county/foley/tealwood-estates
https://www.drhorton.com/alabama/baldwin-county/foley/tealwood-estates/floor-plans/kell,https://www.drhorton.com/alabama/baldwin-county/foley/tealwood-estates
https://www.drhorton.com/alabama/baldwin-county/foley/tealwood-estates/floor-plans/knox,https://www.drhorton.com/alabama/baldwin-county/foley/tealwood-estates
https://www.drhorton.com/alabama/baldwin-county/foley/magnolia-pines/qmis/13456-shea-circle,https://www.drhorton.com/alabama/baldwin-county/foley/magnolia-pines
https://www.drhorton.com/alabama/baldwin-county/foley/magnolia-pines/qmis/13472-shea-circle,https://www.drhorton.com/alabama/baldwin-county/foley/magnolia-pines
https://www.drhorton.com/alabama/baldwin-county/foley/magnolia-pines/qmis/13480-shea-circle,https://www.drhorton.com/alabama/baldwin-county/foley/magnolia-pines
https://www.drhorton.com/alabama/baldwin-county/foley/magnolia-pines/qmis/13825-shea-circle,https://www.drhorton.com/alabama/baldwin-county/foley/magnolia-pines
https://www.drhorton.com/alabama/baldwin-county/foley/magnolia-pines/floor-plans/3lsf,https://www.drhorton.com/alabama/baldwin-county/foley/magnolia-pines
https://www.drhorton.com/alabama/baldwin-county/foley/magnolia-pines/floor-plans/cami,https://www.drhorton.com/alabama/baldwin-county/foley/magnolia-pines
https://www.drhorton.com/alabama/baldwin-county/foley/magnolia-pines/floor-plans/deli,https://www.drhorton.com/alabama/baldwin-county/foley/magnolia-pines
https://www.drhorton.com/alabama/baldwin-county/foley/magnolia-pines/floor-plans/jula,https://www.drhorton.com/alabama/baldwin-county/foley/magnolia-pines
https://www.drhorton.com/alabama/baldwin-county/fairhope/laurelbrooke/qmis/15703-laurelbrooke-loop,https://www.drhorton.com/alabama/baldwin-county/fairhope/laurelbrooke
https://www.drhorton.com/alabama/baldwin-county/fairhope/laurelbrooke/floor-plans/4ebf,https://www.drhorton.com/alabama/baldwin-county/fairhope/laurelbrooke
https://www.drhorton.com/alabama/baldwin-county/fairhope/laurelbrooke/floor-plans/kell,https://www.drhorton.com/alabama/baldwin-county/fairhope/laurelbrooke
https://www.drhorton.com/alabama/baldwin-county/fairhope/laurelbrooke/floor-plans/lake,https://www.drhorton.com/alabama/baldwin-county/fairhope/laurelbrooke
https://www.drhorton.com/alabama/baldwin-county/fairhope/laurelbrooke/floor-plans/ryde,https://www.drhorton.com/alabama/baldwin-county/fairhope/laurelbrooke
https://www.drhorton.com/alabama/mobile/mobile/sandy-creek/qmis/3855-newman-road,https://www.drhorton.com/alabama/mobile/mobile/sandy-creek
https://www.drhorton.com/alabama/mobile/mobile/sandy-creek/qmis/3865-newman-road,https://www.drhorton.com/alabama/mobile/mobile/sandy-creek
https://www.drhorton.com/alabama/mobile/mobile/sandy-creek/qmis/3877-newman-road,https://www.drhorton.com/alabama/mobile/mobile/sandy-creek
https://www.drhorton.com/alabama/mobile/mobile/sandy-creek/floor-plans/aver,https://www.drhorton.com/alabama/mobile/mobile/sandy-creek
https://www.drhorton.com/alabama/mobile/mobile/sandy-creek/floor-plans/camd,https://www.drhorton.com/alabama/mobile/mobile/sandy-creek
https://www.drhorton.com/alabama/mobile/mobile/sandy-creek/floor-plans/kath,https://www.drhorton.com/alabama/mobile/mobile/sandy-creek
https://www.drhorton.com/alabama/mobile/mobile/sandy-creek/floor-plans/kenz,https://www.drhorton.com/alabama/mobile/mobile/sandy-creek
https://www.drhorton.com/alabama/mobile/mobile/sandy-creek/floor-plans/king,https://www.drhorton.com/alabama/mobile/mobile/sandy-creek
https://www.drhorton.com/alabama/mobile/mobile/laurel-oaks/qmis/11931-jeff-hamilton-road,https://www.drhorton.com/alabama/mobile/mobile/laurel-oaks
https://www.drhorton.com/alabama/mobile/mobile/laurel-oaks/qmis/11941-jeff-hamilton-road,https://www.drhorton.com/alabama/mobile/mobile/laurel-oaks
https://www.drhorton.com/alabama/mobile/mobile/laurel-oaks/floor-plans/kenz,https://www.drhorton.com/alabama/mobile/mobile/laurel-oaks
https://www.drhorton.com/alabama/mobile/mobile/laurel-oaks/floor-plans/king,https://www.drhorton.com/alabama/mobile/mobile/laurel-oaks
https://www.drhorton.com/alabama/mobile/theodore/oakmont-place/qmis/6140-pin-oak-drive-north,https://www.drhorton.com/alabama/mobile/theodore/oakmont-place
https://www.drhorton.com/alabama/mobile/theodore/oakmont-place/qmis/6191-pin-oak-drive-east,https://www.drhorton.com/alabama/mobile/theodore/oakmont-place
https://www.drhorton.com/alabama/mobile/theodore/oakmont-place/qmis/6245-oakland-court,https://www.drhorton.com/alabama/mobile/theodore/oakmont-place
https://www.drhorton.com/alabama/mobile/theodore/oakmont-place/qmis/7670-oakmont-drive-east,https://www.drhorton.com/alabama/mobile/theodore/oakmont-place
https://www.drhorton.com/alabama/mobile/theodore/oakmont-place/qmis/7679-oakmont-drive-east,https://www.drhorton.com/alabama/mobile/theodore/oakmont-place
https://www.drhorton.com/alabama/mobile/theodore/oakmont-place/qmis/7680-oakmont-drive-east,https://www.drhorton.com/alabama/mobile/theodore/oakmont-place
https://www.drhorton.com/alabama/mobile/theodore/oakmont-place/qmis/7689-oakmont-drive-east,https://www.drhorton.com/alabama/mobile/theodore/oakmont-place
https://www.drhorton.com/alabama/mobile/theodore/oakmont-place/qmis/7692-oakmont-drive-east,https://www.drhorton.com/alabama/mobile/theodore/oakmont-place
https://www.drhorton.com/alabama/mobile/theodore/oakmont-place/qmis/7702-oakmont-drive-east,https://www.drhorton.com/alabama/mobile/theodore/oakmont-place
https://www.drhorton.com/alabama/mobile/theodore/oakmont-place/qmis/7752-oakmont-drive-north,https://www.drhorton.com/alabama/mobile/theodore/oakmont-place
https://www.drhorton.com/alabama/mobile/theodore/oakmont-place/qmis/7866-monterey-drive,https://www.drhorton.com/alabama/mobile/theodore/oakmont-place
https://www.drhorton.com/alabama/mobile/theodore/oakmont-place/floor-plans/3laf,https://www.drhorton.com/alabama/mobile/theodore/oakmont-place
https://www.drhorton.com/alabama/mobile/theodore/oakmont-place/floor-plans/3lcf,https://www.drhorton.com/alabama/mobile/theodore/oakmont-place
https://www.drhorton.com/alabama/mobile/theodore/oakmont-place/floor-plans/3lsf,https://www.drhorton.com/alabama/mobile/theodore/oakmont-place
https://www.drhorton.com/alabama/mobile/theodore/the-crossings/qmis/5974-creel-road,https://www.drhorton.com/alabama/mobile/theodore/the-crossings
https://www.drhorton.com/alabama/mobile/theodore/the-crossings/floor-plans/5ecf,https://www.drhorton.com/alabama/mobile/theodore/the-crossings
https://www.drhorton.com/alabama/mobile/theodore/the-crossings/floor-plans/5edf,https://www.drhorton.com/alabama/mobile/theodore/the-crossings
https://www.drhorton.com/alabama/baldwin-county/foley/iron-horse/floor-plans/bris,https://www.drhorton.com/alabama/baldwin-county/foley/iron-horse
https://www.drhorton.com/alabama/baldwin-county/foley/iron-horse/floor-plans/gray,https://www.drhorton.com/alabama/baldwin-county/foley/iron-horse
https://www.drhorton.com/alabama/baldwin-county/foley/iron-horse/floor-plans/rhet,https://www.drhorton.com/alabama/baldwin-county/foley/iron-horse
https://www.drhorton.com/alabama/huntsville/huntsville/grand-hollow/qmis/203-crane-hollow-lane,https://www.drhorton.com/alabama/huntsville/huntsville/grand-hollow
https://www.drhorton.com/alabama/huntsville/huntsville/grand-hollow/qmis/208-crane-hollow-lane,https://www.drhorton.com/alabama/huntsville/huntsville/grand-hollow
https://www.drhorton.com/alabama/huntsville/huntsville/grand-hollow/qmis/210-crane-hollow-lane,https://www.drhorton.com/alabama/huntsville/huntsville/grand-hollow
https://www.drhorton.com/alabama/huntsville/huntsville/grand-hollow/qmis/215-crane-hollow-lane,https://www.drhorton.com/alabama/huntsville/huntsville/grand-hollow
https://www.drhorton.com/alabama/huntsville/huntsville/grand-hollow/qmis/217-crane-hollow-lane,https://www.drhorton.com/alabama/huntsville/huntsville/grand-hollow
https://www.drhorton.com/alabama/huntsville/huntsville/grand-hollow/qmis/218-crane-hollow-lane,https://www.drhorton.com/alabama/huntsville/huntsville/grand-hollow
https://www.drhorton.com/alabama/huntsville/huntsville/grand-hollow/floor-plans/1475,https://www.drhorton.com/alabama/huntsville/huntsville/grand-hollow
https://www.drhorton.com/alabama/huntsville/huntsville/grand-hollow/floor-plans/1941,https://www.drhorton.com/alabama/huntsville/huntsville/grand-hollow
https://www.drhorton.com/alabama/huntsville/huntsville/grand-hollow/floor-plans/2108,https://www.drhorton.com/alabama/huntsville/huntsville/grand-hollow
https://www.drhorton.com/alabama/huntsville/huntsville/grand-hollow/floor-plans/2251,https://www.drhorton.com/alabama/huntsville/huntsville/grand-hollow
https://www.drhorton.com/alabama/huntsville/huntsville/grand-hollow/floor-plans/2272,https://www.drhorton.com/alabama/huntsville/huntsville/grand-hollow
https://www.drhorton.com/alabama/huntsville/huntsville/grand-hollow/floor-plans/2291,https://www.drhorton.com/alabama/huntsville/huntsville/grand-hollow
https://www.drhorton.com/alabama/huntsville/huntsville/grand-hollow/floor-plans/2431,https://www.drhorton.com/alabama/huntsville/huntsville/grand-hollow
https://www.drhorton.com/alabama/huntsville/huntsville/grand-hollow/floor-plans/2894,https://www.drhorton.com/alabama/huntsville/huntsville/grand-hollow
https://www.drhorton.com/alabama/huntsville/huntsville/grand-hollow/floor-plans/4eaf,https://www.drhorton.com/alabama/huntsville/huntsville/grand-hollow
https://www.drhorton.com/alabama/huntsville/huntsville/grand-hollow/floor-plans/4ebf,https://www.drhorton.com/alabama/huntsville/huntsville/grand-hollow
https://www.drhorton.com/alabama/huntsville/huntsville/wyndhurst-manor/qmis/130-wellspring-road,https://www.drhorton.com/alabama/huntsville/huntsville/wyndhurst-manor
https://www.drhorton.com/alabama/huntsville/huntsville/wyndhurst-manor/qmis/132-wellspring-road,https://www.drhorton.com/alabama/huntsville/huntsville/wyndhurst-manor
https://www.drhorton.com/alabama/huntsville/huntsville/wyndhurst-manor/qmis/133-wellspring-road,https://www.drhorton.com/alabama/huntsville/huntsville/wyndhurst-manor
https://www.drhorton.com/alabama/huntsville/huntsville/wyndhurst-manor/qmis/157-list-road,https://www.drhorton.com/alabama/huntsville/huntsville/wyndhurst-manor
https://www.drhorton.com/alabama/huntsville/huntsville/wyndhurst-manor/qmis/158-list-road,https://www.drhorton.com/alabama/huntsville/huntsville/wyndhurst-manor
https://www.drhorton.com/alabama/huntsville/huntsville/wyndhurst-manor/qmis/159-list-road,https://www.drhorton.com/alabama/huntsville/huntsville/wyndhurst-manor
https://www.drhorton.com/alabama/huntsville/huntsville/wyndhurst-manor/qmis/160-list-road,https://www.drhorton.com/alabama/huntsville/huntsville/wyndhurst-manor
https://www.drhorton.com/alabama/huntsville/huntsville/wyndhurst-manor/qmis/162-list-road,https://www.drhorton.com/alabama/huntsville/huntsville/wyndhurst-manor
https://www.drhorton.com/alabama/huntsville/huntsville/wyndhurst-manor/floor-plans/1475,https://www.drhorton.com/alabama/huntsville/huntsville/wyndhurst-manor
https://www.drhorton.com/alabama/huntsville/huntsville/wyndhurst-manor/floor-plans/2108,https://www.drhorton.com/alabama/huntsville/huntsville/wyndhurst-manor
https://www.drhorton.com/alabama/huntsville/huntsville/wyndhurst-manor/floor-plans/4eaf,https://www.drhorton.com/alabama/huntsville/huntsville/wyndhurst-manor
https://www.drhorton.com/alabama/huntsville/huntsville/wyndhurst-manor/floor-plans/4ebf,https://www.drhorton.com/alabama/huntsville/huntsville/wyndhurst-manor
https://www.drhorton.com/alabama/huntsville/huntsville/wyndhurst-manor/floor-plans/4sbf,https://www.drhorton.com/alabama/huntsville/huntsville/wyndhurst-manor
https://www.drhorton.com/alabama/huntsville/huntsville/wyndhurst-manor/floor-plans/free,https://www.drhorton.com/alabama/huntsville/huntsville/wyndhurst-manor
https://www.drhorton.com/alabama/baldwin-county/fairhope/cottonwood-estates/qmis/16145-tigris-drive,https://www.drhorton.com/alabama/baldwin-county/fairhope/cottonwood-estates
https://www.drhorton.com/alabama/baldwin-county/fairhope/cottonwood-estates/floor-plans/3lsf,https://www.drhorton.com/alabama/baldwin-county/fairhope/cottonwood-estates
https://www.drhorton.com/alabama/baldwin-county/fairhope/cottonwood-estates/floor-plans/4ebf,https://www.drhorton.com/alabama/baldwin-county/fairhope/cottonwood-estates
https://www.drhorton.com/alabama/baldwin-county/fairhope/cottonwood-estates/floor-plans/cami,https://www.drhorton.com/alabama/baldwin-county/fairhope/cottonwood-estates
https://www.drhorton.com/alabama/baldwin-county/fairhope/cottonwood-estates/floor-plans/deli,https://www.drhorton.com/alabama/baldwin-county/fairhope/cottonwood-estates
https://www.drhorton.com/alabama/baldwin-county/fairhope/cottonwood-estates/floor-plans/jula,https://www.drhorton.com/alabama/baldwin-county/fairhope/cottonwood-estates
https://www.drhorton.com/alabama/baldwin-county/fairhope/cottonwood-estates/floor-plans/kade,https://www.drhorton.com/alabama/baldwin-county/fairhope/cottonwood-estates
https://www.drhorton.com/alabama/huntsville/huntsville/wyndhurst-manor-south/qmis/241-list-road,https://www.drhorton.com/alabama/huntsville/huntsville/wyndhurst-manor-south
https://www.drhorton.com/alabama/huntsville/huntsville/wyndhurst-manor-south/qmis/243-list-road,https://www.drhorton.com/alabama/huntsville/huntsville/wyndhurst-manor-south
https://www.drhorton.com/alabama/huntsville/huntsville/wyndhurst-manor-south/qmis/256-list-road,https://www.drhorton.com/alabama/huntsville/huntsville/wyndhurst-manor-south
https://www.drhorton.com/alabama/huntsville/huntsville/wyndhurst-manor-south/qmis/258-list-road,https://www.drhorton.com/alabama/huntsville/huntsville/wyndhurst-manor-south
https://www.drhorton.com/alabama/huntsville/huntsville/wyndhurst-manor-south/floor-plans/1941,https://www.drhorton.com/alabama/huntsville/huntsville/wyndhurst-manor-south
https://www.drhorton.com/alabama/huntsville/huntsville/wyndhurst-manor-south/floor-plans/2506,https://www.drhorton.com/alabama/huntsville/huntsville/wyndhurst-manor-south
https://www.drhorton.com/alabama/baldwin-county/elberta/autumn-lakes/qmis/28073-hallow-trail,https://www.drhorton.com/alabama/baldwin-county/elberta/autumn-lakes
https://www.drhorton.com/alabama/baldwin-county/elberta/autumn-lakes/qmis/28084-hallow-trail,https://www.drhorton.com/alabama/baldwin-county/elberta/autumn-lakes
https://www.drhorton.com/alabama/baldwin-county/elberta/autumn-lakes/qmis/28109-hallow-trail,https://www.drhorton.com/alabama/baldwin-county/elberta/autumn-lakes
https://www.drhorton.com/alabama/baldwin-county/elberta/autumn-lakes/qmis/28134-autumn-lakes-circle,https://www.drhorton.com/alabama/baldwin-county/elberta/autumn-lakes
https://www.drhorton.com/alabama/baldwin-county/elberta/autumn-lakes/qmis/28194-autumn-lakes-circle,https://www.drhorton.com/alabama/baldwin-county/elberta/autumn-lakes
https://www.drhorton.com/alabama/baldwin-county/elberta/autumn-lakes/floor-plans/4ebf,https://www.drhorton.com/alabama/baldwin-county/elberta/autumn-lakes
https://www.drhorton.com/alabama/baldwin-county/elberta/autumn-lakes/floor-plans/camd,https://www.drhorton.com/alabama/baldwin-county/elberta/autumn-lakes
https://www.drhorton.com/alabama/baldwin-county/elberta/autumn-lakes/floor-plans/free,https://www.drhorton.com/alabama/baldwin-county/elberta/autumn-lakes
https://www.drhorton.com/alabama/baldwin-county/elberta/autumn-lakes/floor-plans/hawt,https://www.drhorton.com/alabama/baldwin-county/elberta/autumn-lakes
https://www.drhorton.com/alabama/baldwin-county/elberta/autumn-lakes/floor-plans/jula,https://www.drhorton.com/alabama/baldwin-county/elberta/autumn-lakes
https://www.drhorton.com/alabama/baldwin-county/elberta/autumn-lakes/floor-plans/knox,https://www.drhorton.com/alabama/baldwin-county/elberta/autumn-lakes
https://www.drhorton.com/alabama/baldwin-county/elberta/autumn-lakes/floor-plans/shel,https://www.drhorton.com/alabama/baldwin-county/elberta/autumn-lakes
https://www.drhorton.com/alabama/mobile/mobile/coxwell-crossing/qmis/10699-mcleod-road,https://www.drhorton.com/alabama/mobile/mobile/coxwell-crossing
https://www.drhorton.com/alabama/mobile/mobile/coxwell-crossing/qmis/10709-mcleod-road,https://www.drhorton.com/alabama/mobile/mobile/coxwell-crossing
https://www.drhorton.com/alabama/mobile/mobile/coxwell-crossing/qmis/10723-mcleod-road,https://www.drhorton.com/alabama/mobile/mobile/coxwell-crossing
https://www.drhorton.com/alabama/mobile/mobile/coxwell-crossing/qmis/4326-baird-coxwell-road,https://www.drhorton.com/alabama/mobile/mobile/coxwell-crossing
https://www.drhorton.com/alabama/mobile/mobile/coxwell-crossing/floor-plans/aver,https://www.drhorton.com/alabama/mobile/mobile/coxwell-crossing
https://www.drhorton.com/alabama/mobile/mobile/coxwell-crossing/floor-plans/kath,https://www.drhorton.com/alabama/mobile/mobile/coxwell-crossing
https://www.drhorton.com/alabama/mobile/mobile/coxwell-crossing/floor-plans/kenz,https://www.drhorton.com/alabama/mobile/mobile/coxwell-crossing
https://www.drhorton.com/alabama/mobile/mobile/coxwell-crossing/floor-plans/king,https://www.drhorton.com/alabama/mobile/mobile/coxwell-crossing
https://www.drhorton.com/alabama/baldwin-county/foley/hadley-village/qmis/14505-dayton-circle,https://www.drhorton.com/alabama/baldwin-county/foley/hadley-village
https://www.drhorton.com/alabama/baldwin-county/foley/hadley-village/qmis/14531-dayton-circle,https://www.drhorton.com/alabama/baldwin-county/foley/hadley-village
https://www.drhorton.com/alabama/baldwin-county/foley/hadley-village/floor-plans/4ebf,https://www.drhorton.com/alabama/baldwin-county/foley/hadley-village
https://www.drhorton.com/alabama/baldwin-county/foley/hadley-village/floor-plans/ryde,https://www.drhorton.com/alabama/baldwin-county/foley/hadley-village
https://www.drhorton.com/alabama/mobile/mobile/longmire-estates/qmis/4665-mcfarland-road,https://www.drhorton.com/alabama/mobile/mobile/longmire-estates
https://www.drhorton.com/alabama/mobile/mobile/longmire-estates/floor-plans/chel,https://www.drhorton.com/alabama/mobile/mobile/longmire-estates
https://www.drhorton.com/alabama/mobile/mobile/longmire-estates/floor-plans/elen,https://www.drhorton.com/alabama/mobile/mobile/longmire-estates
https://www.drhorton.com/alabama/mobile/mobile/longmire-estates/floor-plans/maud,https://www.drhorton.com/alabama/mobile/mobile/longmire-estates
https://www.drhorton.com/alabama/mobile/mobile/longmire-estates/floor-plans/nadi,https://www.drhorton.com/alabama/mobile/mobile/longmire-estates
https://www.drhorton.com/alabama/mobile/mobile/longmire-estates/floor-plans/vero,https://www.drhorton.com/alabama/mobile/mobile/longmire-estates
https://www.drhorton.com/alabama/huntsville/huntsville/deerfield/qmis/343-jackson-point-cir,https://www.drhorton.com/alabama/huntsville/huntsville/deerfield
https://www.drhorton.com/alabama/huntsville/huntsville/deerfield/qmis/344-jackson-point-cir,https://www.drhorton.com/alabama/huntsville/huntsville/deerfield
https://www.drhorton.com/alabama/huntsville/huntsville/deerfield/qmis/345-jackson-point-cir,https://www.drhorton.com/alabama/huntsville/huntsville/deerfield
https://www.drhorton.com/alabama/huntsville/huntsville/deerfield/qmis/348-jackson-point-cir,https://www.drhorton.com/alabama/huntsville/huntsville/deerfield
https://www.drhorton.com/alabama/huntsville/huntsville/deerfield/qmis/349-jackson-point-cir,https://www.drhorton.com/alabama/huntsville/huntsville/deerfield
https://www.drhorton.com/alabama/huntsville/huntsville/deerfield/qmis/387-jackson-point-circle-unita,https://www.drhorton.com/alabama/huntsville/huntsville/deerfield
https://www.drhorton.com/alabama/huntsville/huntsville/deerfield/qmis/388-jackson-point-circle-unita,https://www.drhorton.com/alabama/huntsville/huntsville/deerfield
https://www.drhorton.com/alabama/huntsville/huntsville/deerfield/qmis/389-jackson-point-circle-unita,https://www.drhorton.com/alabama/huntsville/huntsville/deerfield
https://www.drhorton.com/alabama/huntsville/huntsville/deerfield/qmis/389-jackson-point-circle-unitb,https://www.drhorton.com/alabama/huntsville/huntsville/deerfield
https://www.drhorton.com/alabama/huntsville/huntsville/deerfield/floor-plans/1475,https://www.drhorton.com/alabama/huntsville/huntsville/deerfield
https://www.drhorton.com/alabama/huntsville/huntsville/deerfield/floor-plans/1941,https://www.drhorton.com/alabama/huntsville/huntsville/deerfield
https://www.drhorton.com/alabama/huntsville/huntsville/deerfield/floor-plans/2291,https://www.drhorton.com/alabama/huntsville/huntsville/deerfield
https://www.drhorton.com/alabama/huntsville/huntsville/deerfield/floor-plans/4ebf,https://www.drhorton.com/alabama/huntsville/huntsville/deerfield
https://www.drhorton.com/alabama/huntsville/huntsville/deerfield/floor-plans/4sbf,https://www.drhorton.com/alabama/huntsville/huntsville/deerfield
https://www.drhorton.com/alabama/huntsville/huntsville/deerfield/floor-plans/free,https://www.drhorton.com/alabama/huntsville/huntsville/deerfield
https://www.drhorton.com/alabama/huntsville/huntsville/deerfield/floor-plans/lksd,https://www.drhorton.com/alabama/huntsville/huntsville/deerfield
https://www.drhorton.com/alabama/huntsville/scottsboro/jackson-bend/qmis/20-press-road,https://www.drhorton.com/alabama/huntsville/scottsboro/jackson-bend
https://www.drhorton.com/alabama/huntsville/scottsboro/jackson-bend/qmis/27-clark-trail,https://www.drhorton.com/alabama/huntsville/scottsboro/jackson-bend
https://www.drhorton.com/alabama/huntsville/scottsboro/jackson-bend/qmis/28-press-road,https://www.drhorton.com/alabama/huntsville/scottsboro/jackson-bend
https://www.drhorton.com/alabama/huntsville/scottsboro/jackson-bend/qmis/31-clark-trail,https://www.drhorton.com/alabama/huntsville/scottsboro/jackson-bend
https://www.drhorton.com/alabama/huntsville/scottsboro/jackson-bend/qmis/31-press-road,https://www.drhorton.com/alabama/huntsville/scottsboro/jackson-bend
https://www.drhorton.com/alabama/huntsville/scottsboro/jackson-bend/floor-plans/1475,https://www.drhorton.com/alabama/huntsville/scottsboro/jackson-bend
https://www.drhorton.com/alabama/huntsville/scottsboro/jackson-bend/floor-plans/4eaf,https://www.drhorton.com/alabama/huntsville/scottsboro/jackson-bend
https://www.drhorton.com/alabama/huntsville/scottsboro/jackson-bend/floor-plans/4ebf,https://www.drhorton.com/alabama/huntsville/scottsboro/jackson-bend
https://www.drhorton.com/alabama/huntsville/scottsboro/jackson-bend/floor-plans/4sbf,https://www.drhorton.com/alabama/huntsville/scottsboro/jackson-bend
https://www.drhorton.com/alabama/huntsville/scottsboro/jackson-bend/floor-plans/free,https://www.drhorton.com/alabama/huntsville/scottsboro/jackson-bend
https://www.drhorton.com/alabama/huntsville/scottsboro/jackson-bend/floor-plans/lksd,https://www.drhorton.com/alabama/huntsville/scottsboro/jackson-bend
https://www.drhorton.com/alabama/baldwin-county/fairhope/old-battles-village/floor-plans/telm,https://www.drhorton.com/alabama/baldwin-county/fairhope/old-battles-village
https://www.drhorton.com/alabama/baldwin-county/fairhope/old-battles-village/floor-plans/thic,https://www.drhorton.com/alabama/baldwin-county/fairhope/old-battles-village
https://www.drhorton.com/alabama/baldwin-county/fairhope/old-battles-village/floor-plans/tpec,https://www.drhorton.com/alabama/baldwin-county/fairhope/old-battles-village
https://www.drhorton.com/alabama/mobile/mobile/valor-ridge/qmis/0167,https://www.drhorton.com/alabama/mobile/mobile/valor-ridge
https://www.drhorton.com/alabama/mobile/mobile/valor-ridge/qmis/4455-jack-treadwell-lane,https://www.drhorton.com/alabama/mobile/mobile/valor-ridge
https://www.drhorton.com/alabama/mobile/mobile/valor-ridge/qmis/4467-valor-ridge-way-west,https://www.drhorton.com/alabama/mobile/mobile/valor-ridge
https://www.drhorton.com/alabama/mobile/mobile/valor-ridge/qmis/4468-valor-ridge-way-west,https://www.drhorton.com/alabama/mobile/mobile/valor-ridge
https://www.drhorton.com/alabama/mobile/mobile/valor-ridge/qmis/4479-valor-ridge-way-west,https://www.drhorton.com/alabama/mobile/mobile/valor-ridge
https://www.drhorton.com/alabama/mobile/mobile/valor-ridge/qmis/4524-valor-ridge-way-west,https://www.drhorton.com/alabama/mobile/mobile/valor-ridge
https://www.drhorton.com/alabama/mobile/mobile/valor-ridge/qmis/8089-david-mccampbell-drive,https://www.drhorton.com/alabama/mobile/mobile/valor-ridge
https://www.drhorton.com/alabama/mobile/mobile/valor-ridge/qmis/8090-david-mccampbell-drive,https://www.drhorton.com/alabama/mobile/mobile/valor-ridge
https://www.drhorton.com/alabama/mobile/mobile/valor-ridge/qmis/8115-david-mccampbell-drive,https://www.drhorton.com/alabama/mobile/mobile/valor-ridge
https://www.drhorton.com/alabama/mobile/mobile/valor-ridge/qmis/8119-sprayberry-circle,https://www.drhorton.com/alabama/mobile/mobile/valor-ridge
https://www.drhorton.com/alabama/mobile/mobile/valor-ridge/qmis/8123-david-mccampbell-drive,https://www.drhorton.com/alabama/mobile/mobile/valor-ridge
https://www.drhorton.com/alabama/mobile/mobile/valor-ridge/qmis/8130-sprayberry-circle,https://www.drhorton.com/alabama/mobile/mobile/valor-ridge
https://www.drhorton.com/alabama/mobile/mobile/valor-ridge/qmis/8131-sprayberry-drive,https://www.drhorton.com/alabama/mobile/mobile/valor-ridge
https://www.drhorton.com/alabama/mobile/mobile/valor-ridge/floor-plans/4eaf,https://www.drhorton.com/alabama/mobile/mobile/valor-ridge
https://www.drhorton.com/alabama/mobile/mobile/valor-ridge/floor-plans/4ebf,https://www.drhorton.com/alabama/mobile/mobile/valor-ridge
https://www.drhorton.com/alabama/mobile/mobile/valor-ridge/floor-plans/5ebf,https://www.drhorton.com/alabama/mobile/mobile/valor-ridge
https://www.drhorton.com/alabama/mobile/mobile/valor-ridge/floor-plans/5ecf,https://www.drhorton.com/alabama/mobile/mobile/valor-ridge
https://www.drhorton.com/alabama/mobile/mobile/valor-ridge/floor-plans/5edf,https://www.drhorton.com/alabama/mobile/mobile/valor-ridge
https://www.drhorton.com/alabama/mobile/mobile/valor-ridge/floor-plans/lake,https://www.drhorton.com/alabama/mobile/mobile/valor-ridge
https://www.drhorton.com/alabama/mobile/mobile/valor-ridge/floor-plans/sawy,https://www.drhorton.com/alabama/mobile/mobile/valor-ridge
https://www.drhorton.com/alabama/huntsville/huntsville/highland-hills/qmis/334-ruby-elm-ave-ne,https://www.drhorton.com/alabama/huntsville/huntsville/highland-hills
https://www.drhorton.com/alabama/huntsville/huntsville/highland-hills/qmis/335-ruby-elm-ave-ne,https://www.drhorton.com/alabama/huntsville/huntsville/highland-hills
https://www.drhorton.com/alabama/huntsville/huntsville/highland-hills/qmis/340-ruby-elm-ave-ne,https://www.drhorton.com/alabama/huntsville/huntsville/highland-hills
https://www.drhorton.com/alabama/huntsville/huntsville/highland-hills/qmis/347-ruby-elm-avenue-ne,https://www.drhorton.com/alabama/huntsville/huntsville/highland-hills
https://www.drhorton.com/alabama/huntsville/huntsville/highland-hills/qmis/349-ruby-elm-avenue-ne,https://www.drhorton.com/alabama/huntsville/huntsville/highland-hills
https://www.drhorton.com/alabama/huntsville/huntsville/highland-hills/qmis/351-ruby-elm-avenue-ne,https://www.drhorton.com/alabama/huntsville/huntsville/highland-hills
https://www.drhorton.com/alabama/huntsville/huntsville/highland-hills/floor-plans/1475,https://www.drhorton.com/alabama/huntsville/huntsville/highland-hills
https://www.drhorton.com/alabama/huntsville/huntsville/highland-hills/floor-plans/4eaf,https://www.drhorton.com/alabama/huntsville/huntsville/highland-hills
https://www.drhorton.com/alabama/huntsville/huntsville/highland-hills/floor-plans/4ebf,https://www.drhorton.com/alabama/huntsville/huntsville/highland-hills
https://www.drhorton.com/alabama/huntsville/huntsville/highland-hills/floor-plans/free,https://www.drhorton.com/alabama/huntsville/huntsville/highland-hills
https://www.drhorton.com/alabama/huntsville/huntsville/highland-hills/floor-plans/lksd,https://www.drhorton.com/alabama/huntsville/huntsville/highland-hills
https://www.drhorton.com/alabama/mobile/mobile/rossfield/qmis/10511-hopewell-loop,https://www.drhorton.com/alabama/mobile/mobile/rossfield
https://www.drhorton.com/alabama/mobile/mobile/rossfield/qmis/10518-ellenton-street-west,https://www.drhorton.com/alabama/mobile/mobile/rossfield
https://www.drhorton.com/alabama/mobile/mobile/rossfield/qmis/10523-ellenton-street-west,https://www.drhorton.com/alabama/mobile/mobile/rossfield
https://www.drhorton.com/alabama/mobile/mobile/rossfield/qmis/10543-lowell-street-west,https://www.drhorton.com/alabama/mobile/mobile/rossfield
https://www.drhorton.com/alabama/mobile/mobile/rossfield/qmis/10544-ellenton-street-west,https://www.drhorton.com/alabama/mobile/mobile/rossfield
https://www.drhorton.com/alabama/mobile/mobile/rossfield/qmis/10553-hopewell-loop,https://www.drhorton.com/alabama/mobile/mobile/rossfield
https://www.drhorton.com/alabama/mobile/mobile/rossfield/qmis/10556-ellenton-street-west,https://www.drhorton.com/alabama/mobile/mobile/rossfield
https://www.drhorton.com/alabama/mobile/mobile/rossfield/qmis/10560-lowell-street-west,https://www.drhorton.com/alabama/mobile/mobile/rossfield
https://www.drhorton.com/alabama/mobile/mobile/rossfield/qmis/10582-lowell-street-west,https://www.drhorton.com/alabama/mobile/mobile/rossfield
https://www.drhorton.com/alabama/mobile/mobile/rossfield/qmis/10592-lowell-street-west,https://www.drhorton.com/alabama/mobile/mobile/rossfield
https://www.drhorton.com/alabama/mobile/mobile/rossfield/qmis/2402-kaleigh-drive,https://www.drhorton.com/alabama/mobile/mobile/rossfield
https://www.drhorton.com/alabama/mobile/mobile/rossfield/qmis/2414-kaleigh-drive,https://www.drhorton.com/alabama/mobile/mobile/rossfield
https://www.drhorton.com/alabama/mobile/mobile/rossfield/qmis/2438-kaleigh-drive,https://www.drhorton.com/alabama/mobile/mobile/rossfield
https://www.drhorton.com/alabama/mobile/mobile/rossfield/floor-plans/4eaf,https://www.drhorton.com/alabama/mobile/mobile/rossfield
https://www.drhorton.com/alabama/mobile/mobile/rossfield/floor-plans/4ebf,https://www.drhorton.com/alabama/mobile/mobile/rossfield
https://www.drhorton.com/alabama/mobile/mobile/rossfield/floor-plans/5ebf,https://www.drhorton.com/alabama/mobile/mobile/rossfield
https://www.drhorton.com/alabama/mobile/mobile/rossfield/floor-plans/5ecf,https://www.drhorton.com/alabama/mobile/mobile/rossfield
https://www.drhorton.com/alabama/mobile/mobile/rossfield/floor-plans/5edf,https://www.drhorton.com/alabama/mobile/mobile/rossfield
https://www.drhorton.com/alabama/mobile/mobile/rossfield/floor-plans/free,https://www.drhorton.com/alabama/mobile/mobile/rossfield
https://www.drhorton.com/alabama/mobile/mobile/rossfield/floor-plans/lake,https://www.drhorton.com/alabama/mobile/mobile/rossfield
https://www.drhorton.com/alabama/mobile/mobile/rossfield/floor-plans/sawy,https://www.drhorton.com/alabama/mobile/mobile/rossfield
https://www.drhorton.com/alabama/mobile/mobile/hamilton-ridge/qmis/2230-nadine-lane,https://www.drhorton.com/alabama/mobile/mobile/hamilton-ridge
https://www.drhorton.com/alabama/mobile/mobile/hamilton-ridge/qmis/2369-hamilton-ridge-drive-east,https://www.drhorton.com/alabama/mobile/mobile/hamilton-ridge
https://www.drhorton.com/alabama/mobile/mobile/hamilton-ridge/qmis/9761-nadine-lane-south,https://www.drhorton.com/alabama/mobile/mobile/hamilton-ridge
https://www.drhorton.com/alabama/mobile/mobile/hamilton-ridge/qmis/9785-summit-view-circle-north,https://www.drhorton.com/alabama/mobile/mobile/hamilton-ridge
https://www.drhorton.com/alabama/mobile/mobile/hamilton-ridge/qmis/9852-summit-view-circle-north,https://www.drhorton.com/alabama/mobile/mobile/hamilton-ridge
https://www.drhorton.com/alabama/mobile/mobile/hamilton-ridge/qmis/9870-summit-view-circle-north,https://www.drhorton.com/alabama/mobile/mobile/hamilton-ridge
https://www.drhorton.com/alabama/mobile/mobile/hamilton-ridge/qmis/9881-summit-view-circle-north,https://www.drhorton.com/alabama/mobile/mobile/hamilton-ridge
https://www.drhorton.com/alabama/mobile/mobile/hamilton-ridge/floor-plans/aver,https://www.drhorton.com/alabama/mobile/mobile/hamilton-ridge
https://www.drhorton.com/alabama/mobile/mobile/hamilton-ridge/floor-plans/emma,https://www.drhorton.com/alabama/mobile/mobile/hamilton-ridge
https://www.drhorton.com/alabama/mobile/mobile/hamilton-ridge/floor-plans/jasm,https://www.drhorton.com/alabama/mobile/mobile/hamilton-ridge
https://www.drhorton.com/alabama/mobile/mobile/hamilton-ridge/floor-plans/kath,https://www.drhorton.com/alabama/mobile/mobile/hamilton-ridge
https://www.drhorton.com/alabama/mobile/mobile/hamilton-ridge/floor-plans/king,https://www.drhorton.com/alabama/mobile/mobile/hamilton-ridge
https://www.drhorton.com/alabama/mobile/mobile/hamilton-ridge/floor-plans/vict,https://www.drhorton.com/alabama/mobile/mobile/hamilton-ridge
https://www.drhorton.com/alabama/huntsville/harvest/trestle-point/qmis/134-trestle-point-drive,https://www.drhorton.com/alabama/huntsville/harvest/trestle-point
https://www.drhorton.com/alabama/huntsville/harvest/trestle-point/floor-plans/1475,https://www.drhorton.com/alabama/huntsville/harvest/trestle-point
https://www.drhorton.com/alabama/huntsville/harvest/trestle-point/floor-plans/4ebf,https://www.drhorton.com/alabama/huntsville/harvest/trestle-point
https://www.drhorton.com/alabama/huntsville/harvest/trestle-point/floor-plans/4sbf,https://www.drhorton.com/alabama/huntsville/harvest/trestle-point
https://www.drhorton.com/alabama/huntsville/harvest/trestle-point/floor-plans/aldr,https://www.drhorton.com/alabama/huntsville/harvest/trestle-point
https://www.drhorton.com/alabama/huntsville/harvest/trestle-point/floor-plans/free,https://www.drhorton.com/alabama/huntsville/harvest/trestle-point
https://www.drhorton.com/alabama/mobile/mobile/anglebrook/qmis/7618-anglebrook-road-south,https://www.drhorton.com/alabama/mobile/mobile/anglebrook
https://www.drhorton.com/alabama/mobile/mobile/anglebrook/qmis/7643-anglebrook-road-north,https://www.drhorton.com/alabama/mobile/mobile/anglebrook
https://www.drhorton.com/alabama/mobile/mobile/anglebrook/qmis/7644-anglebrook-road-north,https://www.drhorton.com/alabama/mobile/mobile/anglebrook
https://www.drhorton.com/alabama/mobile/mobile/anglebrook/qmis/7652-anglebrook-road-north,https://www.drhorton.com/alabama/mobile/mobile/anglebrook
https://www.drhorton.com/alabama/mobile/mobile/anglebrook/floor-plans/arli,https://www.drhorton.com/alabama/mobile/mobile/anglebrook
https://www.drhorton.com/alabama/mobile/mobile/anglebrook/floor-plans/bris,https://www.drhorton.com/alabama/mobile/mobile/anglebrook
https://www.drhorton.com/alabama/mobile/mobile/anglebrook/floor-plans/delr,https://www.drhorton.com/alabama/mobile/mobile/anglebrook
https://www.drhorton.com/alabama/mobile/mobile/anglebrook/floor-plans/dove,https://www.drhorton.com/alabama/mobile/mobile/anglebrook
https://www.drhorton.com/alabama/huntsville/athens/abbey-brook/qmis/18927-wicklow-circle,https://www.drhorton.com/alabama/huntsville/athens/abbey-brook
https://www.drhorton.com/alabama/huntsville/athens/abbey-brook/qmis/18950-wicklow-circle,https://www.drhorton.com/alabama/huntsville/athens/abbey-brook
https://www.drhorton.com/alabama/huntsville/athens/abbey-brook/floor-plans/1475,https://www.drhorton.com/alabama/huntsville/athens/abbey-brook
https://www.drhorton.com/alabama/huntsville/athens/abbey-brook/floor-plans/4ebf,https://www.drhorton.com/alabama/huntsville/athens/abbey-brook
https://www.drhorton.com/alabama/huntsville/athens/abbey-brook/floor-plans/4sbf,https://www.drhorton.com/alabama/huntsville/athens/abbey-brook
https://www.drhorton.com/alabama/huntsville/athens/abbey-brook/floor-plans/aldr,https://www.drhorton.com/alabama/huntsville/athens/abbey-brook
https://www.drhorton.com/alabama/huntsville/athens/abbey-brook/floor-plans/lksd,https://www.drhorton.com/alabama/huntsville/athens/abbey-brook
https://www.drhorton.com/alabama/baldwin-county/fairhope/overland/qmis/162-ferdinand-avenue,https://www.drhorton.com/alabama/baldwin-county/fairhope/overland
https://www.drhorton.com/alabama/baldwin-county/fairhope/overland/qmis/170-ferdinand-avenue,https://www.drhorton.com/alabama/baldwin-county/fairhope/overland
https://www.drhorton.com/alabama/baldwin-county/fairhope/overland/qmis/178-ferdinand-avenue,https://www.drhorton.com/alabama/baldwin-county/fairhope/overland
https://www.drhorton.com/alabama/baldwin-county/fairhope/overland/qmis/186-ferdinand-avenue,https://www.drhorton.com/alabama/baldwin-county/fairhope/overland
https://www.drhorton.com/alabama/baldwin-county/fairhope/overland/floor-plans/aldr,https://www.drhorton.com/alabama/baldwin-county/fairhope/overland
https://www.drhorton.com/alabama/baldwin-county/fairhope/overland/floor-plans/jula,https://www.drhorton.com/alabama/baldwin-county/fairhope/overland
https://www.drhorton.com/alabama/baldwin-county/fairhope/overland/floor-plans/kell,https://www.drhorton.com/alabama/baldwin-county/fairhope/overland
https://www.drhorton.com/alabama/baldwin-county/fairhope/overland/floor-plans/shel,https://www.drhorton.com/alabama/baldwin-county/fairhope/overland
https://www.drhorton.com/alabama/baldwin-county/silverhill/elizabeth-gardens/qmis/14125-versailles-circle,https://www.drhorton.com/alabama/baldwin-county/silverhill/elizabeth-gardens
https://www.drhorton.com/alabama/baldwin-county/silverhill/elizabeth-gardens/qmis/14185-versailles-circle,https://www.drhorton.com/alabama/baldwin-county/silverhill/elizabeth-gardens
https://www.drhorton.com/alabama/baldwin-county/silverhill/elizabeth-gardens/qmis/19741-powercourt-road,https://www.drhorton.com/alabama/baldwin-county/silverhill/elizabeth-gardens
https://www.drhorton.com/alabama/baldwin-county/silverhill/elizabeth-gardens/floor-plans/aldr,https://www.drhorton.com/alabama/baldwin-county/silverhill/elizabeth-gardens
https://www.drhorton.com/alabama/baldwin-county/silverhill/elizabeth-gardens/floor-plans/jula,https://www.drhorton.com/alabama/baldwin-county/silverhill/elizabeth-gardens
https://www.drhorton.com/alabama/baldwin-county/silverhill/elizabeth-gardens/floor-plans/kell,https://www.drhorton.com/alabama/baldwin-county/silverhill/elizabeth-gardens
https://www.drhorton.com/alabama/baldwin-county/silverhill/elizabeth-gardens/floor-plans/shel,https://www.drhorton.com/alabama/baldwin-county/silverhill/elizabeth-gardens
https://www.drhorton.com/alabama/mobile/mobile/heritage-lake/qmis/10355-heirloom-road-south,https://www.drhorton.com/alabama/mobile/mobile/heritage-lake
https://www.drhorton.com/alabama/mobile/mobile/heritage-lake/qmis/10360-heirloom-road-south,https://www.drhorton.com/alabama/mobile/mobile/heritage-lake
https://www.drhorton.com/alabama/mobile/mobile/heritage-lake/qmis/10369-heirloom-road-south,https://www.drhorton.com/alabama/mobile/mobile/heritage-lake
https://www.drhorton.com/alabama/mobile/mobile/heritage-lake/qmis/10372-heirloom-road-south,https://www.drhorton.com/alabama/mobile/mobile/heritage-lake
https://www.drhorton.com/alabama/mobile/mobile/heritage-lake/qmis/10386-heirloom-road-south,https://www.drhorton.com/alabama/mobile/mobile/heritage-lake
https://www.drhorton.com/alabama/mobile/mobile/heritage-lake/qmis/10440-heirloom-road-south,https://www.drhorton.com/alabama/mobile/mobile/heritage-lake
https://www.drhorton.com/alabama/mobile/mobile/heritage-lake/qmis/10520-relic-road-south,https://www.drhorton.com/alabama/mobile/mobile/heritage-lake
https://www.drhorton.com/alabama/mobile/mobile/heritage-lake/qmis/10540-relic-road-south,https://www.drhorton.com/alabama/mobile/mobile/heritage-lake
https://www.drhorton.com/alabama/mobile/mobile/heritage-lake/qmis/10646-relic-road-north,https://www.drhorton.com/alabama/mobile/mobile/heritage-lake
https://www.drhorton.com/alabama/mobile/mobile/heritage-lake/qmis/10647-relic-road-north,https://www.drhorton.com/alabama/mobile/mobile/heritage-lake
https://www.drhorton.com/alabama/mobile/mobile/heritage-lake/qmis/10649-heirloom-road-south,https://www.drhorton.com/alabama/mobile/mobile/heritage-lake
https://www.drhorton.com/alabama/mobile/mobile/heritage-lake/qmis/10679-relic-road-north,https://www.drhorton.com/alabama/mobile/mobile/heritage-lake
https://www.drhorton.com/alabama/mobile/mobile/heritage-lake/qmis/10685-relic-road-north,https://www.drhorton.com/alabama/mobile/mobile/heritage-lake
https://www.drhorton.com/alabama/mobile/mobile/heritage-lake/qmis/10718-relic-road-north,https://www.drhorton.com/alabama/mobile/mobile/heritage-lake
https://www.drhorton.com/alabama/mobile/mobile/heritage-lake/qmis/1114-relic-road-west,https://www.drhorton.com/alabama/mobile/mobile/heritage-lake
https://www.drhorton.com/alabama/mobile/mobile/heritage-lake/qmis/1138-provision-boulevard,https://www.drhorton.com/alabama/mobile/mobile/heritage-lake
https://www.drhorton.com/alabama/mobile/mobile/heritage-lake/qmis/1270-legacy-road,https://www.drhorton.com/alabama/mobile/mobile/heritage-lake
https://www.drhorton.com/alabama/mobile/mobile/heritage-lake/floor-plans/camd,https://www.drhorton.com/alabama/mobile/mobile/heritage-lake
https://www.drhorton.com/alabama/mobile/mobile/heritage-lake/floor-plans/cami,https://www.drhorton.com/alabama/mobile/mobile/heritage-lake
https://www.drhorton.com/alabama/mobile/mobile/heritage-lake/floor-plans/deli,https://www.drhorton.com/alabama/mobile/mobile/heritage-lake
https://www.drhorton.com/alabama/mobile/mobile/heritage-lake/floor-plans/dest,https://www.drhorton.com/alabama/mobile/mobile/heritage-lake
https://www.drhorton.com/alabama/mobile/mobile/heritage-lake/floor-plans/emil,https://www.drhorton.com/alabama/mobile/mobile/heritage-lake
https://www.drhorton.com/alabama/mobile/mobile/heritage-lake/floor-plans/emma,https://www.drhorton.com/alabama/mobile/mobile/heritage-lake
https://www.drhorton.com/alabama/mobile/mobile/heritage-lake/floor-plans/hawt,https://www.drhorton.com/alabama/mobile/mobile/heritage-lake
https://www.drhorton.com/alabama/mobile/mobile/heritage-lake/floor-plans/isab,https://www.drhorton.com/alabama/mobile/mobile/heritage-lake
https://www.drhorton.com/alabama/mobile/mobile/heritage-lake/floor-plans/kenz,https://www.drhorton.com/alabama/mobile/mobile/heritage-lake
https://www.drhorton.com/alabama/mobile/mobile/heritage-lake/floor-plans/lama,https://www.drhorton.com/alabama/mobile/mobile/heritage-lake
https://www.drhorton.com/alabama/mobile/mobile/heritage-lake/floor-plans/rhet,https://www.drhorton.com/alabama/mobile/mobile/heritage-lake
https://www.drhorton.com/alabama/mobile/mobile/heritage-lake/floor-plans/rive,https://www.drhorton.com/alabama/mobile/mobile/heritage-lake
https://www.drhorton.com/alabama/huntsville/athens/stoney-point/qmis/17621-ruby-drive,https://www.drhorton.com/alabama/huntsville/athens/stoney-point
https://www.drhorton.com/alabama/huntsville/athens/stoney-point/qmis/17626-sapphire-lane,https://www.drhorton.com/alabama/huntsville/athens/stoney-point
https://www.drhorton.com/alabama/huntsville/athens/stoney-point/qmis/17638-sapphire-lane,https://www.drhorton.com/alabama/huntsville/athens/stoney-point
https://www.drhorton.com/alabama/huntsville/athens/stoney-point/qmis/17645-ruby-drive,https://www.drhorton.com/alabama/huntsville/athens/stoney-point
https://www.drhorton.com/alabama/huntsville/athens/stoney-point/qmis/17650-sapphire-lane,https://www.drhorton.com/alabama/huntsville/athens/stoney-point
https://www.drhorton.com/alabama/huntsville/athens/stoney-point/qmis/17657-ruby-drive,https://www.drhorton.com/alabama/huntsville/athens/stoney-point
https://www.drhorton.com/alabama/huntsville/athens/stoney-point/qmis/17660-ruby-drive,https://www.drhorton.com/alabama/huntsville/athens/stoney-point
https://www.drhorton.com/alabama/huntsville/athens/stoney-point/qmis/17662-sapphire-lane,https://www.drhorton.com/alabama/huntsville/athens/stoney-point
https://www.drhorton.com/alabama/huntsville/athens/stoney-point/qmis/27598-onyx-court,https://www.drhorton.com/alabama/huntsville/athens/stoney-point
https://www.drhorton.com/alabama/huntsville/athens/stoney-point/qmis/27606-onyx-court,https://www.drhorton.com/alabama/huntsville/athens/stoney-point
https://www.drhorton.com/alabama/huntsville/athens/stoney-point/qmis/27618-onyx-court,https://www.drhorton.com/alabama/huntsville/athens/stoney-point
https://www.drhorton.com/alabama/huntsville/athens/stoney-point/floor-plans/1941,https://www.drhorton.com/alabama/huntsville/athens/stoney-point
https://www.drhorton.com/alabama/huntsville/athens/stoney-point/floor-plans/2291,https://www.drhorton.com/alabama/huntsville/athens/stoney-point
https://www.drhorton.com/alabama/huntsville/athens/stoney-point/floor-plans/2506,https://www.drhorton.com/alabama/huntsville/athens/stoney-point
https://www.drhorton.com/alabama/huntsville/athens/stoney-point/floor-plans/2894,https://www.drhorton.com/alabama/huntsville/athens/stoney-point
https://www.drhorton.com/alabama/baldwin-county/summerdale/dogwood-estates/qmis/19149-pagoda-lane,https://www.drhorton.com/alabama/baldwin-county/summerdale/dogwood-estates
https://www.drhorton.com/alabama/baldwin-county/summerdale/dogwood-estates/qmis/19160-pagoda-lane,https://www.drhorton.com/alabama/baldwin-county/summerdale/dogwood-estates
https://www.drhorton.com/alabama/baldwin-county/summerdale/dogwood-estates/qmis/19184-pagoda-lane,https://www.drhorton.com/alabama/baldwin-county/summerdale/dogwood-estates
https://www.drhorton.com/alabama/baldwin-county/summerdale/dogwood-estates/qmis/19196-pagoda-lane,https://www.drhorton.com/alabama/baldwin-county/summerdale/dogwood-estates
https://www.drhorton.com/alabama/baldwin-county/summerdale/dogwood-estates/qmis/21123-roughleaf-drive,https://www.drhorton.com/alabama/baldwin-county/summerdale/dogwood-estates
https://www.drhorton.com/alabama/baldwin-county/summerdale/dogwood-estates/qmis/21137-roughleaf-drive,https://www.drhorton.com/alabama/baldwin-county/summerdale/dogwood-estates
https://www.drhorton.com/alabama/baldwin-county/summerdale/dogwood-estates/qmis/21264-roughleaf-drive,https://www.drhorton.com/alabama/baldwin-county/summerdale/dogwood-estates
https://www.drhorton.com/alabama/baldwin-county/summerdale/dogwood-estates/floor-plans/3lsf,https://www.drhorton.com/alabama/baldwin-county/summerdale/dogwood-estates
https://www.drhorton.com/alabama/baldwin-county/summerdale/dogwood-estates/floor-plans/cami,https://www.drhorton.com/alabama/baldwin-county/summerdale/dogwood-estates
https://www.drhorton.com/alabama/baldwin-county/summerdale/dogwood-estates/floor-plans/deli,https://www.drhorton.com/alabama/baldwin-county/summerdale/dogwood-estates
https://www.drhorton.com/alabama/baldwin-county/summerdale/dogwood-estates/floor-plans/jula,https://www.drhorton.com/alabama/baldwin-county/summerdale/dogwood-estates
https://www.drhorton.com/alabama/huntsville/harvest/oak-forest/qmis/127-duskwood-drive,https://www.drhorton.com/alabama/huntsville/harvest/oak-forest
https://www.drhorton.com/alabama/huntsville/harvest/oak-forest/qmis/130-duskwood-drive,https://www.drhorton.com/alabama/huntsville/harvest/oak-forest
https://www.drhorton.com/alabama/huntsville/harvest/oak-forest/qmis/381-sandy-oak-drive,https://www.drhorton.com/alabama/huntsville/harvest/oak-forest
https://www.drhorton.com/alabama/huntsville/harvest/oak-forest/qmis/382-sandy-oak-drive,https://www.drhorton.com/alabama/huntsville/harvest/oak-forest
https://www.drhorton.com/alabama/huntsville/harvest/oak-forest/qmis/383-sandy-oak-drive,https://www.drhorton.com/alabama/huntsville/harvest/oak-forest
https://www.drhorton.com/alabama/huntsville/harvest/oak-forest/qmis/384-sandy-oak-drive,https://www.drhorton.com/alabama/huntsville/harvest/oak-forest
https://www.drhorton.com/alabama/huntsville/harvest/oak-forest/qmis/386-sandy-oak-drive,https://www.drhorton.com/alabama/huntsville/harvest/oak-forest
https://www.drhorton.com/alabama/huntsville/harvest/oak-forest/qmis/388-sandy-oak-drive,https://www.drhorton.com/alabama/huntsville/harvest/oak-forest
https://www.drhorton.com/alabama/huntsville/harvest/oak-forest/qmis/392-sandy-oak-drive,https://www.drhorton.com/alabama/huntsville/harvest/oak-forest
https://www.drhorton.com/alabama/huntsville/harvest/oak-forest/floor-plans/1941,https://www.drhorton.com/alabama/huntsville/harvest/oak-forest
https://www.drhorton.com/alabama/huntsville/harvest/oak-forest/floor-plans/2108,https://www.drhorton.com/alabama/huntsville/harvest/oak-forest
https://www.drhorton.com/alabama/huntsville/harvest/oak-forest/floor-plans/2272,https://www.drhorton.com/alabama/huntsville/harvest/oak-forest
https://www.drhorton.com/alabama/huntsville/harvest/oak-forest/floor-plans/2291,https://www.drhorton.com/alabama/huntsville/harvest/oak-forest
https://www.drhorton.com/alabama/huntsville/harvest/oak-forest/floor-plans/2506,https://www.drhorton.com/alabama/huntsville/harvest/oak-forest
https://www.drhorton.com/alabama/huntsville/harvest/oak-forest/floor-plans/4eaf,https://www.drhorton.com/alabama/huntsville/harvest/oak-forest
https://www.drhorton.com/alabama/huntsville/harvest/oak-forest/floor-plans/4ebf,https://www.drhorton.com/alabama/huntsville/harvest/oak-forest
https://www.drhorton.com/alabama/baldwin-county/fairhope/fairhope-falls/qmis/12899-torrent-road,https://www.drhorton.com/alabama/baldwin-county/fairhope/fairhope-falls
https://www.drhorton.com/alabama/baldwin-county/fairhope/fairhope-falls/qmis/21156-teluga-avenue,https://www.drhorton.com/alabama/baldwin-county/fairhope/fairhope-falls
https://www.drhorton.com/alabama/baldwin-county/fairhope/fairhope-falls/qmis/21172-teluga-avenue,https://www.drhorton.com/alabama/baldwin-county/fairhope/fairhope-falls
https://www.drhorton.com/alabama/baldwin-county/fairhope/fairhope-falls/qmis/21239-teluga-avenue,https://www.drhorton.com/alabama/baldwin-county/fairhope/fairhope-falls
https://www.drhorton.com/alabama/baldwin-county/fairhope/fairhope-falls/qmis/21312-teluga-avenue,https://www.drhorton.com/alabama/baldwin-county/fairhope/fairhope-falls
https://www.drhorton.com/alabama/baldwin-county/fairhope/fairhope-falls/qmis/21337-teluga-avenue,https://www.drhorton.com/alabama/baldwin-county/fairhope/fairhope-falls
https://www.drhorton.com/alabama/baldwin-county/fairhope/fairhope-falls/qmis/21352-teluga-avenue,https://www.drhorton.com/alabama/baldwin-county/fairhope/fairhope-falls
https://www.drhorton.com/alabama/baldwin-county/fairhope/fairhope-falls/floor-plans/bris,https://www.drhorton.com/alabama/baldwin-county/fairhope/fairhope-falls
https://www.drhorton.com/alabama/baldwin-county/fairhope/fairhope-falls/floor-plans/dest,https://www.drhorton.com/alabama/baldwin-county/fairhope/fairhope-falls
https://www.drhorton.com/alabama/baldwin-county/fairhope/fairhope-falls/floor-plans/gray,https://www.drhorton.com/alabama/baldwin-county/fairhope/fairhope-falls
https://www.drhorton.com/alabama/baldwin-county/fairhope/fairhope-falls/floor-plans/isab,https://www.drhorton.com/alabama/baldwin-county/fairhope/fairhope-falls
https://www.drhorton.com/alabama/baldwin-county/fairhope/fairhope-falls/floor-plans/jasm,https://www.drhorton.com/alabama/baldwin-county/fairhope/fairhope-falls
https://www.drhorton.com/alabama/baldwin-county/fairhope/fairhope-falls/floor-plans/midl,https://www.drhorton.com/alabama/baldwin-county/fairhope/fairhope-falls
https://www.drhorton.com/alabama/baldwin-county/fairhope/fairhope-falls/floor-plans/ozar,https://www.drhorton.com/alabama/baldwin-county/fairhope/fairhope-falls
https://www.drhorton.com/alabama/baldwin-county/fairhope/fairhope-falls/floor-plans/rhet,https://www.drhorton.com/alabama/baldwin-county/fairhope/fairhope-falls
https://www.drhorton.com/alabama/baldwin-county/fairhope/fairhope-falls/floor-plans/tayl,https://www.drhorton.com/alabama/baldwin-county/fairhope/fairhope-falls
https://www.drhorton.com/alabama/baldwin-county/fairhope/fairhope-falls/floor-plans/vict,https://www.drhorton.com/alabama/baldwin-county/fairhope/fairhope-falls
https://www.drhorton.com/alabama/baldwin-county/summerdale/northfield/qmis/20299-county-road-71,https://www.drhorton.com/alabama/baldwin-county/summerdale/northfield
https://www.drhorton.com/alabama/baldwin-county/summerdale/northfield/qmis/20345-county-road-71,https://www.drhorton.com/alabama/baldwin-county/summerdale/northfield
https://www.drhorton.com/alabama/baldwin-county/summerdale/northfield/floor-plans/5ecf,https://www.drhorton.com/alabama/baldwin-county/summerdale/northfield
https://www.drhorton.com/alabama/baldwin-county/summerdale/northfield/floor-plans/5edf,https://www.drhorton.com/alabama/baldwin-county/summerdale/northfield
https://www.drhorton.com/alabama/baldwin-county/fairhope/harvest-green-east/qmis/23109-bushel-drive,https://www.drhorton.com/alabama/baldwin-county/fairhope/harvest-green-east
https://www.drhorton.com/alabama/baldwin-county/fairhope/harvest-green-east/qmis/23243-bushel-drive,https://www.drhorton.com/alabama/baldwin-county/fairhope/harvest-green-east
https://www.drhorton.com/alabama/baldwin-county/fairhope/harvest-green-east/qmis/410-alfalfa-street,https://www.drhorton.com/alabama/baldwin-county/fairhope/harvest-green-east
https://www.drhorton.com/alabama/baldwin-county/fairhope/harvest-green-east/floor-plans/aver,https://www.drhorton.com/alabama/baldwin-county/fairhope/harvest-green-east
https://www.drhorton.com/alabama/baldwin-county/fairhope/harvest-green-east/floor-plans/camd,https://www.drhorton.com/alabama/baldwin-county/fairhope/harvest-green-east
https://www.drhorton.com/alabama/baldwin-county/fairhope/harvest-green-east/floor-plans/dest,https://www.drhorton.com/alabama/baldwin-county/fairhope/harvest-green-east
https://www.drhorton.com/alabama/baldwin-county/fairhope/harvest-green-east/floor-plans/hawt,https://www.drhorton.com/alabama/baldwin-county/fairhope/harvest-green-east
https://www.drhorton.com/alabama/baldwin-county/fairhope/harvest-green-east/floor-plans/isab,https://www.drhorton.com/alabama/baldwin-county/fairhope/harvest-green-east
https://www.drhorton.com/alabama/baldwin-county/fairhope/harvest-green-east/floor-plans/jack,https://www.drhorton.com/alabama/baldwin-county/fairhope/harvest-green-east
https://www.drhorton.com/alabama/baldwin-county/fairhope/harvest-green-east/floor-plans/jasm,https://www.drhorton.com/alabama/baldwin-county/fairhope/harvest-green-east
https://www.drhorton.com/alabama/baldwin-county/fairhope/harvest-green-east/floor-plans/kade,https://www.drhorton.com/alabama/baldwin-county/fairhope/harvest-green-east
https://www.drhorton.com/alabama/baldwin-county/fairhope/harvest-green-east/floor-plans/matt,https://www.drhorton.com/alabama/baldwin-county/fairhope/harvest-green-east
https://www.drhorton.com/alabama/baldwin-county/fairhope/harvest-green-east/floor-plans/mist,https://www.drhorton.com/alabama/baldwin-county/fairhope/harvest-green-east
https://www.drhorton.com/alabama/baldwin-county/fairhope/harvest-green-east/floor-plans/rhet,https://www.drhorton.com/alabama/baldwin-county/fairhope/harvest-green-east
https://www.drhorton.com/alabama/baldwin-county/fairhope/harvest-green-east/floor-plans/tayl,https://www.drhorton.com/alabama/baldwin-county/fairhope/harvest-green-east
https://www.drhorton.com/alabama/baldwin-county/fairhope/harvest-green-east/floor-plans/vict,https://www.drhorton.com/alabama/baldwin-county/fairhope/harvest-green-east
https://www.drhorton.com/alabama/baldwin-county/fairhope/harvest-green-west---tru/qmis/110-daybreak-trail,https://www.drhorton.com/alabama/baldwin-county/fairhope/harvest-green-west---tru
https://www.drhorton.com/alabama/baldwin-county/fairhope/harvest-green-west---tru/qmis/125-daybreak-trail,https://www.drhorton.com/alabama/baldwin-county/fairhope/harvest-green-west---tru
https://www.drhorton.com/alabama/baldwin-county/fairhope/harvest-green-west---tru/qmis/129-daybreak-trail,https://www.drhorton.com/alabama/baldwin-county/fairhope/harvest-green-west---tru
https://www.drhorton.com/alabama/baldwin-county/fairhope/harvest-green-west---tru/qmis/317-morning-mist-way,https://www.drhorton.com/alabama/baldwin-county/fairhope/harvest-green-west---tru
https://www.drhorton.com/alabama/baldwin-county/fairhope/harvest-green-west---tru/qmis/563-morning-mist-way,https://www.drhorton.com/alabama/baldwin-county/fairhope/harvest-green-west---tru
https://www.drhorton.com/alabama/baldwin-county/fairhope/harvest-green-west---tru/floor-plans/tblu,https://www.drhorton.com/alabama/baldwin-county/fairhope/harvest-green-west---tru
https://www.drhorton.com/alabama/baldwin-county/fairhope/harvest-green-west---tru/floor-plans/tden,https://www.drhorton.com/alabama/baldwin-county/fairhope/harvest-green-west---tru
https://www.drhorton.com/alabama/baldwin-county/fairhope/harvest-green-west---tru/floor-plans/telm,https://www.drhorton.com/alabama/baldwin-county/fairhope/harvest-green-west---tru
https://www.drhorton.com/alabama/baldwin-county/fairhope/harvest-green-west---tru/floor-plans/thic,https://www.drhorton.com/alabama/baldwin-county/fairhope/harvest-green-west---tru
https://www.drhorton.com/alabama/baldwin-county/fairhope/harvest-green-west---tru/floor-plans/thol,https://www.drhorton.com/alabama/baldwin-county/fairhope/harvest-green-west---tru
https://www.drhorton.com/alabama/baldwin-county/fairhope/harvest-green-west---tru/floor-plans/thum,https://www.drhorton.com/alabama/baldwin-county/fairhope/harvest-green-west---tru
https://www.drhorton.com/alabama/baldwin-county/fairhope/harvest-green-west---tru/floor-plans/tmoc,https://www.drhorton.com/alabama/baldwin-county/fairhope/harvest-green-west---tru
https://www.drhorton.com/alabama/baldwin-county/fairhope/harvest-green-west---tru/floor-plans/tpec,https://www.drhorton.com/alabama/baldwin-county/fairhope/harvest-green-west---tru
https://www.drhorton.com/alabama/baldwin-county/fairhope/harvest-green-west---tru/floor-plans/trus,https://www.drhorton.com/alabama/baldwin-county/fairhope/harvest-green-west---tru
https://www.drhorton.com/alabama/baldwin-county/fairhope/harvest-green-west---tru/floor-plans/twal,https://www.drhorton.com/alabama/baldwin-county/fairhope/harvest-green-west---tru
https://www.drhorton.com/alabama/huntsville/harvest/tunlaw-ridge/floor-plans/1475,https://www.drhorton.com/alabama/huntsville/harvest/tunlaw-ridge
https://www.drhorton.com/alabama/huntsville/harvest/tunlaw-ridge/floor-plans/4ebf,https://www.drhorton.com/alabama/huntsville/harvest/tunlaw-ridge
https://www.drhorton.com/alabama/huntsville/harvest/tunlaw-ridge/floor-plans/lksd,https://www.drhorton.com/alabama/huntsville/harvest/tunlaw-ridge
https://www.drhorton.com/alabama/mobile/mobile/hawkins-manor/qmis/7220-hawkins-manor,https://www.drhorton.com/alabama/mobile/mobile/hawkins-manor
https://www.drhorton.com/alabama/mobile/mobile/hawkins-manor/qmis/7245-hawkins-manor,https://www.drhorton.com/alabama/mobile/mobile/hawkins-manor
https://www.drhorton.com/alabama/mobile/mobile/hawkins-manor/qmis/7308-hawkins-manor-north,https://www.drhorton.com/alabama/mobile/mobile/hawkins-manor
https://www.drhorton.com/alabama/mobile/mobile/hawkins-manor/qmis/7312-hawkins-manor-south,https://www.drhorton.com/alabama/mobile/mobile/hawkins-manor
https://www.drhorton.com/alabama/mobile/mobile/hawkins-manor/qmis/7328-hawkins-manor-south,https://www.drhorton.com/alabama/mobile/mobile/hawkins-manor
https://www.drhorton.com/alabama/mobile/mobile/hawkins-manor/qmis/7373-hawkins-manor-north,https://www.drhorton.com/alabama/mobile/mobile/hawkins-manor
https://www.drhorton.com/alabama/mobile/mobile/hawkins-manor/floor-plans/arli,https://www.drhorton.com/alabama/mobile/mobile/hawkins-manor
https://www.drhorton.com/alabama/mobile/mobile/hawkins-manor/floor-plans/bris,https://www.drhorton.com/alabama/mobile/mobile/hawkins-manor
https://www.drhorton.com/alabama/mobile/mobile/hawkins-manor/floor-plans/delr,https://www.drhorton.com/alabama/mobile/mobile/hawkins-manor
https://www.drhorton.com/alabama/mobile/mobile/hawkins-manor/floor-plans/dove,https://www.drhorton.com/alabama/mobile/mobile/hawkins-manor
https://www.drhorton.com/alabama/huntsville/athens/waters-edge/qmis/1308-eidson-street,https://www.drhorton.com/alabama/huntsville/athens/waters-edge
https://www.drhorton.com/alabama/huntsville/athens/waters-edge/qmis/1309-eidson-street,https://www.drhorton.com/alabama/huntsville/athens/waters-edge
https://www.drhorton.com/alabama/huntsville/athens/waters-edge/qmis/1313-eidson-street,https://www.drhorton.com/alabama/huntsville/athens/waters-edge
https://www.drhorton.com/alabama/huntsville/athens/waters-edge/qmis/1320-eidson-street,https://www.drhorton.com/alabama/huntsville/athens/waters-edge
https://www.drhorton.com/alabama/huntsville/athens/waters-edge/qmis/1321-eidson-street,https://www.drhorton.com/alabama/huntsville/athens/waters-edge
https://www.drhorton.com/alabama/huntsville/athens/waters-edge/qmis/1324-eidson-street,https://www.drhorton.com/alabama/huntsville/athens/waters-edge
https://www.drhorton.com/alabama/huntsville/athens/waters-edge/qmis/1325-eidson-street,https://www.drhorton.com/alabama/huntsville/athens/waters-edge
https://www.drhorton.com/alabama/huntsville/athens/waters-edge/floor-plans/2108,https://www.drhorton.com/alabama/huntsville/athens/waters-edge
https://www.drhorton.com/alabama/huntsville/athens/waters-edge/floor-plans/4eaf,https://www.drhorton.com/alabama/huntsville/athens/waters-edge
https://www.drhorton.com/alabama/huntsville/athens/waters-edge/floor-plans/4ebf,https://www.drhorton.com/alabama/huntsville/athens/waters-edge
https://www.drhorton.com/alabama/huntsville/athens/waters-edge/floor-plans/4sbf,https://www.drhorton.com/alabama/huntsville/athens/waters-edge
https://www.drhorton.com/alabama/huntsville/athens/waters-edge/floor-plans/lksd,https://www.drhorton.com/alabama/huntsville/athens/waters-edge
https://www.drhorton.com/alabama/baldwin-county/daphne/jubilee-farms/qmis/10160-secretariat-blvd,https://www.drhorton.com/alabama/baldwin-county/daphne/jubilee-farms
https://www.drhorton.com/alabama/baldwin-county/daphne/jubilee-farms/qmis/10174-secretariat-blvd,https://www.drhorton.com/alabama/baldwin-county/daphne/jubilee-farms
https://www.drhorton.com/alabama/baldwin-county/daphne/jubilee-farms/qmis/10202-secretariat-blvd,https://www.drhorton.com/alabama/baldwin-county/daphne/jubilee-farms
https://www.drhorton.com/alabama/baldwin-county/daphne/jubilee-farms/qmis/10237-secretariat-blvd,https://www.drhorton.com/alabama/baldwin-county/daphne/jubilee-farms
https://www.drhorton.com/alabama/baldwin-county/daphne/jubilee-farms/qmis/10264-secretariat-blvd,https://www.drhorton.com/alabama/baldwin-county/daphne/jubilee-farms
https://www.drhorton.com/alabama/baldwin-county/daphne/jubilee-farms/floor-plans/camd,https://www.drhorton.com/alabama/baldwin-county/daphne/jubilee-farms
https://www.drhorton.com/alabama/baldwin-county/daphne/jubilee-farms/floor-plans/dest,https://www.drhorton.com/alabama/baldwin-county/daphne/jubilee-farms
https://www.drhorton.com/alabama/baldwin-county/daphne/jubilee-farms/floor-plans/hawt,https://www.drhorton.com/alabama/baldwin-county/daphne/jubilee-farms
https://www.drhorton.com/alabama/baldwin-county/daphne/jubilee-farms/floor-plans/jasm,https://www.drhorton.com/alabama/baldwin-county/daphne/jubilee-farms
https://www.drhorton.com/alabama/baldwin-county/daphne/jubilee-farms/floor-plans/tayl,https://www.drhorton.com/alabama/baldwin-county/daphne/jubilee-farms
https://www.drhorton.com/alabama/baldwin-county/daphne/jubilee-farms/floor-plans/tbir,https://www.drhorton.com/alabama/baldwin-county/daphne/jubilee-farms
https://www.drhorton.com/alabama/baldwin-county/daphne/jubilee-farms/floor-plans/telm,https://www.drhorton.com/alabama/baldwin-county/daphne/jubilee-farms
https://www.drhorton.com/alabama/baldwin-county/daphne/jubilee-farms/floor-plans/thic,https://www.drhorton.com/alabama/baldwin-county/daphne/jubilee-farms
https://www.drhorton.com/alabama/baldwin-county/daphne/jubilee-farms/floor-plans/thol,https://www.drhorton.com/alabama/baldwin-county/daphne/jubilee-farms
https://www.drhorton.com/alabama/baldwin-county/daphne/jubilee-farms/floor-plans/tpec,https://www.drhorton.com/alabama/baldwin-county/daphne/jubilee-farms
https://www.drhorton.com/alabama/baldwin-county/daphne/jubilee-farms/floor-plans/vict,https://www.drhorton.com/alabama/baldwin-county/daphne/jubilee-farms
https://www.drhorton.com/alabama/baldwin-county/robertsdale/blackwater-ridge/qmis/20928-gibson-avenue,https://www.drhorton.com/alabama/baldwin-county/robertsdale/blackwater-ridge
https://www.drhorton.com/alabama/baldwin-county/robertsdale/blackwater-ridge/qmis/20976-gibson-avenue,https://www.drhorton.com/alabama/baldwin-county/robertsdale/blackwater-ridge
https://www.drhorton.com/alabama/baldwin-county/robertsdale/blackwater-ridge/qmis/20988-gibson-avenue,https://www.drhorton.com/alabama/baldwin-county/robertsdale/blackwater-ridge
https://www.drhorton.com/alabama/baldwin-county/robertsdale/blackwater-ridge/qmis/22579-thatch-street,https://www.drhorton.com/alabama/baldwin-county/robertsdale/blackwater-ridge
https://www.drhorton.com/alabama/baldwin-county/robertsdale/blackwater-ridge/floor-plans/4ebf,https://www.drhorton.com/alabama/baldwin-county/robertsdale/blackwater-ridge
https://www.drhorton.com/alabama/baldwin-county/robertsdale/blackwater-ridge/floor-plans/5ecf,https://www.drhorton.com/alabama/baldwin-county/robertsdale/blackwater-ridge
https://www.drhorton.com/alabama/baldwin-county/robertsdale/blackwater-ridge/floor-plans/5edf,https://www.drhorton.com/alabama/baldwin-county/robertsdale/blackwater-ridge
https://www.drhorton.com/alabama/baldwin-county/robertsdale/blackwater-ridge/floor-plans/jula,https://www.drhorton.com/alabama/baldwin-county/robertsdale/blackwater-ridge
https://www.drhorton.com/alabama/baldwin-county/robertsdale/blackwater-ridge/floor-plans/ryde,https://www.drhorton.com/alabama/baldwin-county/robertsdale/blackwater-ridge
https://www.drhorton.com/alabama/baldwin-county/robertsdale/blackwater-ridge/floor-plans/shel,https://www.drhorton.com/alabama/baldwin-county/robertsdale/blackwater-ridge
https://www.drhorton.com/alabama/huntsville/athens/the-links-at-canebrake/qmis/14511-lannister-lane,https://www.drhorton.com/alabama/huntsville/athens/the-links-at-canebrake
https://www.drhorton.com/alabama/huntsville/athens/the-links-at-canebrake/qmis/14525-lannister-lane,https://www.drhorton.com/alabama/huntsville/athens/the-links-at-canebrake
https://www.drhorton.com/alabama/huntsville/athens/the-links-at-canebrake/qmis/23345-worcester-lane,https://www.drhorton.com/alabama/huntsville/athens/the-links-at-canebrake
https://www.drhorton.com/alabama/huntsville/athens/the-links-at-canebrake/qmis/23357-worcester-lane,https://www.drhorton.com/alabama/huntsville/athens/the-links-at-canebrake
https://www.drhorton.com/alabama/huntsville/athens/the-links-at-canebrake/qmis/23368-worcester-lane,https://www.drhorton.com/alabama/huntsville/athens/the-links-at-canebrake
https://www.drhorton.com/alabama/huntsville/athens/the-links-at-canebrake/qmis/23394-worcester-lane,https://www.drhorton.com/alabama/huntsville/athens/the-links-at-canebrake
https://www.drhorton.com/alabama/huntsville/athens/the-links-at-canebrake/qmis/23436-churchhill-lane,https://www.drhorton.com/alabama/huntsville/athens/the-links-at-canebrake
https://www.drhorton.com/alabama/huntsville/athens/the-links-at-canebrake/qmis/23448-churchhill-lane,https://www.drhorton.com/alabama/huntsville/athens/the-links-at-canebrake
https://www.drhorton.com/alabama/huntsville/athens/the-links-at-canebrake/qmis/23462-churchhill-lane,https://www.drhorton.com/alabama/huntsville/athens/the-links-at-canebrake
https://www.drhorton.com/alabama/huntsville/athens/the-links-at-canebrake/floor-plans/1475,https://www.drhorton.com/alabama/huntsville/athens/the-links-at-canebrake
https://www.drhorton.com/alabama/huntsville/athens/the-links-at-canebrake/floor-plans/1941,https://www.drhorton.com/alabama/huntsville/athens/the-links-at-canebrake
https://www.drhorton.com/alabama/huntsville/athens/the-links-at-canebrake/floor-plans/2108,https://www.drhorton.com/alabama/huntsville/athens/the-links-at-canebrake
https://www.drhorton.com/alabama/huntsville/athens/the-links-at-canebrake/floor-plans/2272,https://www.drhorton.com/alabama/huntsville/athens/the-links-at-canebrake
https://www.drhorton.com/alabama/huntsville/athens/the-links-at-canebrake/floor-plans/2291,https://www.drhorton.com/alabama/huntsville/athens/the-links-at-canebrake
https://www.drhorton.com/alabama/huntsville/athens/the-links-at-canebrake/floor-plans/2506,https://www.drhorton.com/alabama/huntsville/athens/the-links-at-canebrake
https://www.drhorton.com/alabama/huntsville/athens/the-links-at-canebrake/floor-plans/4eaf,https://www.drhorton.com/alabama/huntsville/athens/the-links-at-canebrake
https://www.drhorton.com/alabama/huntsville/athens/the-links-at-canebrake/floor-plans/4ebf,https://www.drhorton.com/alabama/huntsville/athens/the-links-at-canebrake
https://www.drhorton.com/alabama/mobile/semmes/penny-lakes/qmis/8462-mary-braxton-drive,https://www.drhorton.com/alabama/mobile/semmes/penny-lakes
https://www.drhorton.com/alabama/mobile/semmes/penny-lakes/qmis/8473-mary-braxton-drive,https://www.drhorton.com/alabama/mobile/semmes/penny-lakes
https://www.drhorton.com/alabama/mobile/semmes/penny-lakes/qmis/8491-mary-braxton-drive,https://www.drhorton.com/alabama/mobile/semmes/penny-lakes
https://www.drhorton.com/alabama/mobile/semmes/penny-lakes/qmis/8513-mary-braxton-drive,https://www.drhorton.com/alabama/mobile/semmes/penny-lakes
https://www.drhorton.com/alabama/mobile/semmes/penny-lakes/qmis/8514-mary-braxton-drive,https://www.drhorton.com/alabama/mobile/semmes/penny-lakes
https://www.drhorton.com/alabama/mobile/semmes/penny-lakes/floor-plans/aver,https://www.drhorton.com/alabama/mobile/semmes/penny-lakes
https://www.drhorton.com/alabama/mobile/semmes/penny-lakes/floor-plans/camd,https://www.drhorton.com/alabama/mobile/semmes/penny-lakes
https://www.drhorton.com/alabama/mobile/semmes/penny-lakes/floor-plans/dest,https://www.drhorton.com/alabama/mobile/semmes/penny-lakes
https://www.drhorton.com/alabama/mobile/semmes/penny-lakes/floor-plans/hawt,https://www.drhorton.com/alabama/mobile/semmes/penny-lakes
https://www.drhorton.com/alabama/mobile/semmes/penny-lakes/floor-plans/kath,https://www.drhorton.com/alabama/mobile/semmes/penny-lakes
https://www.drhorton.com/alabama/mobile/semmes/penny-lakes/floor-plans/kenz,https://www.drhorton.com/alabama/mobile/semmes/penny-lakes
https://www.drhorton.com/alabama/mobile/semmes/penny-lakes/floor-plans/king,https://www.drhorton.com/alabama/mobile/semmes/penny-lakes
https://www.drhorton.com/alabama/mobile/semmes/the-pines-at-colleton-place/qmis/1169-coulter-avenue,https://www.drhorton.com/alabama/mobile/semmes/the-pines-at-colleton-place
https://www.drhorton.com/alabama/mobile/semmes/the-pines-at-colleton-place/qmis/8264-spruce-pine-drive,https://www.drhorton.com/alabama/mobile/semmes/the-pines-at-colleton-place
https://www.drhorton.com/alabama/mobile/semmes/the-pines-at-colleton-place/qmis/8340-spruce-pine-drive,https://www.drhorton.com/alabama/mobile/semmes/the-pines-at-colleton-place
https://www.drhorton.com/alabama/mobile/semmes/the-pines-at-colleton-place/qmis/8364-spruce-pine-drive,https://www.drhorton.com/alabama/mobile/semmes/the-pines-at-colleton-place
https://www.drhorton.com/alabama/mobile/semmes/the-pines-at-colleton-place/qmis/8390-spruce-pine-drive,https://www.drhorton.com/alabama/mobile/semmes/the-pines-at-colleton-place
https://www.drhorton.com/alabama/mobile/semmes/the-pines-at-colleton-place/floor-plans/4eaf,https://www.drhorton.com/alabama/mobile/semmes/the-pines-at-colleton-place
https://www.drhorton.com/alabama/mobile/semmes/the-pines-at-colleton-place/floor-plans/4ebf,https://www.drhorton.com/alabama/mobile/semmes/the-pines-at-colleton-place
https://www.drhorton.com/alabama/mobile/semmes/the-pines-at-colleton-place/floor-plans/free,https://www.drhorton.com/alabama/mobile/semmes/the-pines-at-colleton-place
https://www.drhorton.com/alabama/mobile/semmes/the-pines-at-colleton-place/floor-plans/lake,https://www.drhorton.com/alabama/mobile/semmes/the-pines-at-colleton-place
https://www.drhorton.com/alabama/southeast-alabama/rehobeth/whispering-creek/qmis/134-chipola-circle,https://www.drhorton.com/alabama/southeast-alabama/rehobeth/whispering-creek
https://www.drhorton.com/alabama/southeast-alabama/rehobeth/whispering-creek/qmis/144-chipola-circle,https://www.drhorton.com/alabama/southeast-alabama/rehobeth/whispering-creek
https://www.drhorton.com/alabama/southeast-alabama/rehobeth/whispering-creek/qmis/572-chipola-circle,https://www.drhorton.com/alabama/southeast-alabama/rehobeth/whispering-creek
https://www.drhorton.com/alabama/southeast-alabama/rehobeth/whispering-creek/qmis/648-chipola-circle,https://www.drhorton.com/alabama/southeast-alabama/rehobeth/whispering-creek
https://www.drhorton.com/alabama/southeast-alabama/rehobeth/whispering-creek/floor-plans/4ebf,https://www.drhorton.com/alabama/southeast-alabama/rehobeth/whispering-creek
https://www.drhorton.com/alabama/southeast-alabama/rehobeth/whispering-creek/floor-plans/aria,https://www.drhorton.com/alabama/southeast-alabama/rehobeth/whispering-creek
https://www.drhorton.com/alabama/southeast-alabama/rehobeth/whispering-creek/floor-plans/kell,https://www.drhorton.com/alabama/southeast-alabama/rehobeth/whispering-creek
https://www.drhorton.com/alabama/southeast-alabama/rehobeth/whispering-creek/floor-plans/lake,https://www.drhorton.com/alabama/southeast-alabama/rehobeth/whispering-creek
https://www.drhorton.com/alabama/huntsville/madison/inverness-springs/qmis/28080-saddle-springs-drive-nw,https://www.drhorton.com/alabama/huntsville/madison/inverness-springs
https://www.drhorton.com/alabama/huntsville/madison/inverness-springs/qmis/28105-saddle-springs-drive-nw,https://www.drhorton.com/alabama/huntsville/madison/inverness-springs
https://www.drhorton.com/alabama/huntsville/madison/inverness-springs/qmis/28116-saddle-springs-drive-nw,https://www.drhorton.com/alabama/huntsville/madison/inverness-springs
https://www.drhorton.com/alabama/huntsville/madison/inverness-springs/qmis/28117-saddle-springs-drive-nw,https://www.drhorton.com/alabama/huntsville/madison/inverness-springs
https://www.drhorton.com/alabama/huntsville/madison/inverness-springs/qmis/28152-saddle-springs-drive-nw,https://www.drhorton.com/alabama/huntsville/madison/inverness-springs
https://www.drhorton.com/alabama/huntsville/madison/inverness-springs/floor-plans/1475,https://www.drhorton.com/alabama/huntsville/madison/inverness-springs
https://www.drhorton.com/alabama/huntsville/madison/inverness-springs/floor-plans/1941,https://www.drhorton.com/alabama/huntsville/madison/inverness-springs
https://www.drhorton.com/alabama/huntsville/madison/inverness-springs/floor-plans/2108,https://www.drhorton.com/alabama/huntsville/madison/inverness-springs
https://www.drhorton.com/alabama/huntsville/madison/inverness-springs/floor-plans/2291,https://www.drhorton.com/alabama/huntsville/madison/inverness-springs
https://www.drhorton.com/alabama/huntsville/madison/inverness-springs/floor-plans/4eaf,https://www.drhorton.com/alabama/huntsville/madison/inverness-springs
https://www.drhorton.com/alabama/huntsville/madison/inverness-springs/floor-plans/4ebf,https://www.drhorton.com/alabama/huntsville/madison/inverness-springs
https://www.drhorton.com/alabama/huntsville/madison/inverness-springs/floor-plans/4sbf,https://www.drhorton.com/alabama/huntsville/madison/inverness-springs
https://www.drhorton.com/alabama/huntsville/madison/inverness-springs/floor-plans/alex,https://www.drhorton.com/alabama/huntsville/madison/inverness-springs
https://www.drhorton.com/alabama/huntsville/madison/inverness-springs/floor-plans/hamm,https://www.drhorton.com/alabama/huntsville/madison/inverness-springs
https://www.drhorton.com/alabama/southeast-alabama/dothan/halls-creek/qmis/110-kieran-trace,https://www.drhorton.com/alabama/southeast-alabama/dothan/halls-creek
https://www.drhorton.com/alabama/southeast-alabama/dothan/halls-creek/qmis/418-oliver-drive,https://www.drhorton.com/alabama/southeast-alabama/dothan/halls-creek
https://www.drhorton.com/alabama/southeast-alabama/dothan/halls-creek/floor-plans/1618,https://www.drhorton.com/alabama/southeast-alabama/dothan/halls-creek
https://www.drhorton.com/alabama/southeast-alabama/dothan/halls-creek/floor-plans/4ebf,https://www.drhorton.com/alabama/southeast-alabama/dothan/halls-creek
https://www.drhorton.com/alabama/southeast-alabama/dothan/halls-creek/floor-plans/4epf,https://www.drhorton.com/alabama/southeast-alabama/dothan/halls-creek
https://www.drhorton.com/alabama/southeast-alabama/dothan/halls-creek/floor-plans/aria,https://www.drhorton.com/alabama/southeast-alabama/dothan/halls-creek
https://www.drhorton.com/alabama/southeast-alabama/dothan/halls-creek/floor-plans/free,https://www.drhorton.com/alabama/southeast-alabama/dothan/halls-creek
https://www.drhorton.com/alabama/southeast-alabama/dothan/halls-creek/floor-plans/lake,https://www.drhorton.com/alabama/southeast-alabama/dothan/halls-creek
https://www.drhorton.com/alabama/southeast-alabama/rehobeth/ryma-oaks/qmis/215-ryma-oaks-ct,https://www.drhorton.com/alabama/southeast-alabama/rehobeth/ryma-oaks
https://www.drhorton.com/alabama/southeast-alabama/rehobeth/ryma-oaks/qmis/555-golden-oaks-circle,https://www.drhorton.com/alabama/southeast-alabama/rehobeth/ryma-oaks
https://www.drhorton.com/alabama/southeast-alabama/rehobeth/ryma-oaks/floor-plans/2158,https://www.drhorton.com/alabama/southeast-alabama/rehobeth/ryma-oaks
https://www.drhorton.com/alabama/southeast-alabama/rehobeth/ryma-oaks/floor-plans/caro,https://www.drhorton.com/alabama/southeast-alabama/rehobeth/ryma-oaks
https://www.drhorton.com/alabama/southeast-alabama/rehobeth/ryma-oaks/floor-plans/rhet,https://www.drhorton.com/alabama/southeast-alabama/rehobeth/ryma-oaks
https://www.drhorton.com/alabama/southeast-alabama/dothan/buckhead-townhomes/qmis/124-red-deer-trace-unit-5,https://www.drhorton.com/alabama/southeast-alabama/dothan/buckhead-townhomes
https://www.drhorton.com/alabama/southeast-alabama/dothan/buckhead-townhomes/qmis/124-red-deer-trace-unit-7,https://www.drhorton.com/alabama/southeast-alabama/dothan/buckhead-townhomes
https://www.drhorton.com/alabama/southeast-alabama/dothan/buckhead-townhomes/floor-plans/rpex,https://www.drhorton.com/alabama/southeast-alabama/dothan/buckhead-townhomes
https://www.drhorton.com/alabama/southeast-alabama/dothan/buckhead-townhomes/floor-plans/rpin,https://www.drhorton.com/alabama/southeast-alabama/dothan/buckhead-townhomes
https://www.drhorton.com/alabama/baldwin-county/daphne/the-reserve-at-daphne/qmis/11347-allegria-drive,https://www.drhorton.com/alabama/baldwin-county/daphne/the-reserve-at-daphne
https://www.drhorton.com/alabama/baldwin-county/daphne/the-reserve-at-daphne/qmis/26862-setai-court,https://www.drhorton.com/alabama/baldwin-county/daphne/the-reserve-at-daphne
https://www.drhorton.com/alabama/baldwin-county/daphne/the-reserve-at-daphne/floor-plans/3lsf,https://www.drhorton.com/alabama/baldwin-county/daphne/the-reserve-at-daphne
https://www.drhorton.com/alabama/baldwin-county/daphne/the-reserve-at-daphne/floor-plans/4ebf,https://www.drhorton.com/alabama/baldwin-county/daphne/the-reserve-at-daphne
https://www.drhorton.com/alabama/baldwin-county/daphne/the-reserve-at-daphne/floor-plans/cami,https://www.drhorton.com/alabama/baldwin-county/daphne/the-reserve-at-daphne
https://www.drhorton.com/alabama/baldwin-county/daphne/the-reserve-at-daphne/floor-plans/deli,https://www.drhorton.com/alabama/baldwin-county/daphne/the-reserve-at-daphne
https://www.drhorton.com/alabama/baldwin-county/daphne/the-reserve-at-daphne/floor-plans/jula,https://www.drhorton.com/alabama/baldwin-county/daphne/the-reserve-at-daphne
https://www.drhorton.com/alabama/baldwin-county/daphne/the-reserve-at-daphne/floor-plans/ryde,https://www.drhorton.com/alabama/baldwin-county/daphne/the-reserve-at-daphne
https://www.drhorton.com/alabama/baldwin-county/daphne/the-reserve-at-daphne/floor-plans/shel,https://www.drhorton.com/alabama/baldwin-county/daphne/the-reserve-at-daphne
https://www.drhorton.com/alabama/baldwin-county/loxley/ivey-ridge/qmis/15766-saint-augustine-court,https://www.drhorton.com/alabama/baldwin-county/loxley/ivey-ridge
https://www.drhorton.com/alabama/baldwin-county/loxley/ivey-ridge/qmis/15767-saint-augustine-court,https://www.drhorton.com/alabama/baldwin-county/loxley/ivey-ridge
https://www.drhorton.com/alabama/baldwin-county/loxley/ivey-ridge/qmis/15774-saint-augustine-court,https://www.drhorton.com/alabama/baldwin-county/loxley/ivey-ridge
https://www.drhorton.com/alabama/baldwin-county/loxley/ivey-ridge/floor-plans/4ebf,https://www.drhorton.com/alabama/baldwin-county/loxley/ivey-ridge
https://www.drhorton.com/alabama/baldwin-county/loxley/ivey-ridge/floor-plans/jula,https://www.drhorton.com/alabama/baldwin-county/loxley/ivey-ridge
https://www.drhorton.com/alabama/baldwin-county/loxley/ivey-ridge/floor-plans/shel,https://www.drhorton.com/alabama/baldwin-county/loxley/ivey-ridge
https://www.drhorton.com/alabama/huntsville/madison/morris-estates/floor-plans/2894,https://www.drhorton.com/alabama/huntsville/madison/morris-estates
https://www.drhorton.com/alabama/huntsville/gurley/the-willows-at-wilson-cove/floor-plans/1475,https://www.drhorton.com/alabama/huntsville/gurley/the-willows-at-wilson-cove
https://www.drhorton.com/alabama/huntsville/gurley/the-willows-at-wilson-cove/floor-plans/2108,https://www.drhorton.com/alabama/huntsville/gurley/the-willows-at-wilson-cove
https://www.drhorton.com/alabama/huntsville/gurley/the-willows-at-wilson-cove/floor-plans/4eaf,https://www.drhorton.com/alabama/huntsville/gurley/the-willows-at-wilson-cove
https://www.drhorton.com/alabama/huntsville/gurley/the-willows-at-wilson-cove/floor-plans/4ebf,https://www.drhorton.com/alabama/huntsville/gurley/the-willows-at-wilson-cove
https://www.drhorton.com/alabama/huntsville/gurley/wilson-cove/qmis/7102-raquel-circle-se,https://www.drhorton.com/alabama/huntsville/gurley/wilson-cove
https://www.drhorton.com/alabama/huntsville/gurley/wilson-cove/qmis/7106-raquel-circle-se,https://www.drhorton.com/alabama/huntsville/gurley/wilson-cove
https://www.drhorton.com/alabama/huntsville/gurley/wilson-cove/qmis/8514-sophia-nicolle-court-se,https://www.drhorton.com/alabama/huntsville/gurley/wilson-cove
https://www.drhorton.com/alabama/huntsville/gurley/wilson-cove/floor-plans/1941,https://www.drhorton.com/alabama/huntsville/gurley/wilson-cove
https://www.drhorton.com/alabama/huntsville/gurley/wilson-cove/floor-plans/2272,https://www.drhorton.com/alabama/huntsville/gurley/wilson-cove
https://www.drhorton.com/alabama/huntsville/gurley/wilson-cove/floor-plans/2291,https://www.drhorton.com/alabama/huntsville/gurley/wilson-cove
https://www.drhorton.com/alabama/huntsville/gurley/wilson-cove/floor-plans/2506,https://www.drhorton.com/alabama/huntsville/gurley/wilson-cove
https://www.drhorton.com/alabama/huntsville/gurley/wilson-cove/floor-plans/2894,https://www.drhorton.com/alabama/huntsville/gurley/wilson-cove
https://www.drhorton.com/alabama/huntsville/gurley/wilson-cove/floor-plans/cypr,https://www.drhorton.com/alabama/huntsville/gurley/wilson-cove
https://www.drhorton.com/alabama/huntsville/gurley/wilson-cove/floor-plans/telm,https://www.drhorton.com/alabama/huntsville/gurley/wilson-cove
https://www.drhorton.com/alabama/huntsville/gurley/wilson-cove/floor-plans/thol,https://www.drhorton.com/alabama/huntsville/gurley/wilson-cove
https://www.drhorton.com/alabama/baldwin-county/loxley/royal-meadows/qmis/27773-staydar-circle,https://www.drhorton.com/alabama/baldwin-county/loxley/royal-meadows
https://www.drhorton.com/alabama/baldwin-county/loxley/royal-meadows/qmis/27825-staydar-circle,https://www.drhorton.com/alabama/baldwin-county/loxley/royal-meadows
https://www.drhorton.com/alabama/baldwin-county/loxley/royal-meadows/qmis/27853-staydar-circle,https://www.drhorton.com/alabama/baldwin-county/loxley/royal-meadows
https://www.drhorton.com/alabama/baldwin-county/loxley/royal-meadows/floor-plans/gray,https://www.drhorton.com/alabama/baldwin-county/loxley/royal-meadows
https://www.drhorton.com/alabama/baldwin-county/loxley/royal-meadows/floor-plans/isab,https://www.drhorton.com/alabama/baldwin-county/loxley/royal-meadows
https://www.drhorton.com/alabama/baldwin-county/loxley/royal-meadows/floor-plans/jack,https://www.drhorton.com/alabama/baldwin-county/loxley/royal-meadows
https://www.drhorton.com/alabama/baldwin-county/loxley/royal-meadows/floor-plans/rhet,https://www.drhorton.com/alabama/baldwin-county/loxley/royal-meadows
https://www.drhorton.com/alabama/southeast-alabama/headland/heritage-ridge/qmis/105-heritage-way,https://www.drhorton.com/alabama/southeast-alabama/headland/heritage-ridge
https://www.drhorton.com/alabama/southeast-alabama/headland/heritage-ridge/qmis/314-heritage-way,https://www.drhorton.com/alabama/southeast-alabama/headland/heritage-ridge
https://www.drhorton.com/alabama/southeast-alabama/headland/heritage-ridge/qmis/324-heritage-way,https://www.drhorton.com/alabama/southeast-alabama/headland/heritage-ridge
https://www.drhorton.com/alabama/southeast-alabama/headland/heritage-ridge/qmis/328-heritage-way,https://www.drhorton.com/alabama/southeast-alabama/headland/heritage-ridge
https://www.drhorton.com/alabama/southeast-alabama/headland/heritage-ridge/floor-plans/dest,https://www.drhorton.com/alabama/southeast-alabama/headland/heritage-ridge
https://www.drhorton.com/alabama/southeast-alabama/headland/heritage-ridge/floor-plans/hawt,https://www.drhorton.com/alabama/southeast-alabama/headland/heritage-ridge
https://www.drhorton.com/alabama/southeast-alabama/headland/heritage-ridge/floor-plans/jasm,https://www.drhorton.com/alabama/southeast-alabama/headland/heritage-ridge
https://www.drhorton.com/alabama/southeast-alabama/headland/heritage-ridge/floor-plans/madi,https://www.drhorton.com/alabama/southeast-alabama/headland/heritage-ridge
https://www.drhorton.com/alabama/southeast-alabama/headland/heritage-ridge/floor-plans/rhet,https://www.drhorton.com/alabama/southeast-alabama/headland/heritage-ridge
https://www.drhorton.com/alabama/mobile/semmes/palmer-woods/qmis/0141,https://www.drhorton.com/alabama/mobile/semmes/palmer-woods
https://www.drhorton.com/alabama/mobile/semmes/palmer-woods/qmis/4405-penn-drive,https://www.drhorton.com/alabama/mobile/semmes/palmer-woods
https://www.drhorton.com/alabama/mobile/semmes/palmer-woods/qmis/4406-penn-drive,https://www.drhorton.com/alabama/mobile/semmes/palmer-woods
https://www.drhorton.com/alabama/mobile/semmes/palmer-woods/qmis/4430-penn-drive,https://www.drhorton.com/alabama/mobile/semmes/palmer-woods
https://www.drhorton.com/alabama/mobile/semmes/palmer-woods/qmis/8615-blues-court,https://www.drhorton.com/alabama/mobile/semmes/palmer-woods
https://www.drhorton.com/alabama/mobile/semmes/palmer-woods/qmis/8639-blues-court,https://www.drhorton.com/alabama/mobile/semmes/palmer-woods
https://www.drhorton.com/alabama/mobile/semmes/palmer-woods/floor-plans/5ebf,https://www.drhorton.com/alabama/mobile/semmes/palmer-woods
https://www.drhorton.com/alabama/mobile/semmes/palmer-woods/floor-plans/5ecf,https://www.drhorton.com/alabama/mobile/semmes/palmer-woods
https://www.drhorton.com/alabama/mobile/semmes/palmer-woods/floor-plans/5edf,https://www.drhorton.com/alabama/mobile/semmes/palmer-woods
https://www.drhorton.com/alabama/mobile/semmes/palmer-woods/floor-plans/sawy,https://www.drhorton.com/alabama/mobile/semmes/palmer-woods
https://www.drhorton.com/alabama/southeast-alabama/headland/creekridge/qmis/105-creekridge-street,https://www.drhorton.com/alabama/southeast-alabama/headland/creekridge
https://www.drhorton.com/alabama/southeast-alabama/headland/creekridge/qmis/107-creekridge-street,https://www.drhorton.com/alabama/southeast-alabama/headland/creekridge
https://www.drhorton.com/alabama/southeast-alabama/headland/creekridge/qmis/108-creekridge-street,https://www.drhorton.com/alabama/southeast-alabama/headland/creekridge
https://www.drhorton.com/alabama/southeast-alabama/headland/creekridge/qmis/109-creekridge-street,https://www.drhorton.com/alabama/southeast-alabama/headland/creekridge
https://www.drhorton.com/alabama/southeast-alabama/headland/creekridge/qmis/110-creekridge-street,https://www.drhorton.com/alabama/southeast-alabama/headland/creekridge
https://www.drhorton.com/alabama/southeast-alabama/headland/creekridge/floor-plans/caro,https://www.drhorton.com/alabama/southeast-alabama/headland/creekridge
https://www.drhorton.com/alabama/southeast-alabama/headland/creekridge/floor-plans/madi,https://www.drhorton.com/alabama/southeast-alabama/headland/creekridge
https://www.drhorton.com/alabama/southeast-alabama/headland/creekridge/floor-plans/rhet,https://www.drhorton.com/alabama/southeast-alabama/headland/creekridge
https://www.drhorton.com/alabama/southeast-alabama/dothan/willow-point/qmis/104-rylee-road,https://www.drhorton.com/alabama/southeast-alabama/dothan/willow-point
https://www.drhorton.com/alabama/southeast-alabama/dothan/willow-point/qmis/120-laney-lane,https://www.drhorton.com/alabama/southeast-alabama/dothan/willow-point
https://www.drhorton.com/alabama/southeast-alabama/dothan/willow-point/qmis/126-laney-lane,https://www.drhorton.com/alabama/southeast-alabama/dothan/willow-point
https://www.drhorton.com/alabama/southeast-alabama/dothan/willow-point/floor-plans/2158,https://www.drhorton.com/alabama/southeast-alabama/dothan/willow-point
https://www.drhorton.com/alabama/southeast-alabama/dothan/willow-point/floor-plans/aver,https://www.drhorton.com/alabama/southeast-alabama/dothan/willow-point
https://www.drhorton.com/alabama/southeast-alabama/dothan/willow-point/floor-plans/jasm,https://www.drhorton.com/alabama/southeast-alabama/dothan/willow-point
https://www.drhorton.com/alabama/southeast-alabama/dothan/willow-point/floor-plans/vict,https://www.drhorton.com/alabama/southeast-alabama/dothan/willow-point
https://www.drhorton.com/alabama/southeast-alabama/headland/sagebrush/qmis/121-aubrey-ave,https://www.drhorton.com/alabama/southeast-alabama/headland/sagebrush
https://www.drhorton.com/alabama/southeast-alabama/headland/sagebrush/qmis/125-sagebrush-drive,https://www.drhorton.com/alabama/southeast-alabama/headland/sagebrush
https://www.drhorton.com/alabama/southeast-alabama/headland/sagebrush/qmis/127-sagebrush-drive,https://www.drhorton.com/alabama/southeast-alabama/headland/sagebrush
https://www.drhorton.com/alabama/southeast-alabama/headland/sagebrush/qmis/131-sagebrush-drive,https://www.drhorton.com/alabama/southeast-alabama/headland/sagebrush
https://www.drhorton.com/alabama/southeast-alabama/headland/sagebrush/floor-plans/4ebf,https://www.drhorton.com/alabama/southeast-alabama/headland/sagebrush
https://www.drhorton.com/alabama/southeast-alabama/headland/sagebrush/floor-plans/aria,https://www.drhorton.com/alabama/southeast-alabama/headland/sagebrush
https://www.drhorton.com/alabama/southeast-alabama/headland/sagebrush/floor-plans/cami,https://www.drhorton.com/alabama/southeast-alabama/headland/sagebrush
https://www.drhorton.com/alabama/southeast-alabama/headland/sagebrush/floor-plans/deli,https://www.drhorton.com/alabama/southeast-alabama/headland/sagebrush
https://www.drhorton.com/alabama/southeast-alabama/headland/sagebrush/floor-plans/free,https://www.drhorton.com/alabama/southeast-alabama/headland/sagebrush
https://www.drhorton.com/alabama/southeast-alabama/headland/sagebrush/floor-plans/lake,https://www.drhorton.com/alabama/southeast-alabama/headland/sagebrush
https://www.drhorton.com/alabama/huntsville/owens-cross-roads/eagle-trace/qmis/6139-feather-way-se,https://www.drhorton.com/alabama/huntsville/owens-cross-roads/eagle-trace
https://www.drhorton.com/alabama/huntsville/owens-cross-roads/eagle-trace/qmis/6141-feather-way-se,https://www.drhorton.com/alabama/huntsville/owens-cross-roads/eagle-trace
https://www.drhorton.com/alabama/huntsville/owens-cross-roads/eagle-trace/qmis/6142-feather-way-se,https://www.drhorton.com/alabama/huntsville/owens-cross-roads/eagle-trace
https://www.drhorton.com/alabama/huntsville/owens-cross-roads/eagle-trace/qmis/6143-feather-way-se,https://www.drhorton.com/alabama/huntsville/owens-cross-roads/eagle-trace
https://www.drhorton.com/alabama/huntsville/owens-cross-roads/eagle-trace/qmis/6144-feather-way-se,https://www.drhorton.com/alabama/huntsville/owens-cross-roads/eagle-trace
https://www.drhorton.com/alabama/huntsville/owens-cross-roads/eagle-trace/floor-plans/1475,https://www.drhorton.com/alabama/huntsville/owens-cross-roads/eagle-trace
https://www.drhorton.com/alabama/huntsville/owens-cross-roads/eagle-trace/floor-plans/4ebf,https://www.drhorton.com/alabama/huntsville/owens-cross-roads/eagle-trace
https://www.drhorton.com/alabama/huntsville/owens-cross-roads/eagle-trace/floor-plans/4sbf,https://www.drhorton.com/alabama/huntsville/owens-cross-roads/eagle-trace
https://www.drhorton.com/alabama/huntsville/owens-cross-roads/eagle-trace/floor-plans/lksd,https://www.drhorton.com/alabama/huntsville/owens-cross-roads/eagle-trace
https://www.drhorton.com/alabama/baldwin-county/spanish-fort/churchill/qmis/11492-thistledown-loop,https://www.drhorton.com/alabama/baldwin-county/spanish-fort/churchill
https://www.drhorton.com/alabama/baldwin-county/spanish-fort/churchill/qmis/31727-bramshell-drive,https://www.drhorton.com/alabama/baldwin-county/spanish-fort/churchill
https://www.drhorton.com/alabama/baldwin-county/spanish-fort/churchill/floor-plans/camd,https://www.drhorton.com/alabama/baldwin-county/spanish-fort/churchill
https://www.drhorton.com/alabama/baldwin-county/spanish-fort/churchill/floor-plans/dest,https://www.drhorton.com/alabama/baldwin-county/spanish-fort/churchill
https://www.drhorton.com/alabama/baldwin-county/spanish-fort/churchill/floor-plans/kade,https://www.drhorton.com/alabama/baldwin-county/spanish-fort/churchill
https://www.drhorton.com/alabama/baldwin-county/spanish-fort/churchill/floor-plans/tayl,https://www.drhorton.com/alabama/baldwin-county/spanish-fort/churchill
https://www.drhorton.com/alabama/baldwin-county/spanish-fort/churchill/floor-plans/vict,https://www.drhorton.com/alabama/baldwin-county/spanish-fort/churchill
https://www.drhorton.com/alabama/huntsville/owens-cross-roads/sequoyah-cove/qmis/9910-sequoyah-cove-drive-se,https://www.drhorton.com/alabama/huntsville/owens-cross-roads/sequoyah-cove
https://www.drhorton.com/alabama/huntsville/owens-cross-roads/sequoyah-cove/qmis/9917-sequoyah-cove-drive-se,https://www.drhorton.com/alabama/huntsville/owens-cross-roads/sequoyah-cove
https://www.drhorton.com/alabama/huntsville/owens-cross-roads/sequoyah-cove/qmis/9919-sequoyah-cove-drive-se,https://www.drhorton.com/alabama/huntsville/owens-cross-roads/sequoyah-cove
https://www.drhorton.com/alabama/huntsville/owens-cross-roads/sequoyah-cove/qmis/9920-sequoyah-cove-drive-se,https://www.drhorton.com/alabama/huntsville/owens-cross-roads/sequoyah-cove
https://www.drhorton.com/alabama/huntsville/owens-cross-roads/sequoyah-cove/qmis/9921-sequoyah-cove-drive-se,https://www.drhorton.com/alabama/huntsville/owens-cross-roads/sequoyah-cove
https://www.drhorton.com/alabama/huntsville/owens-cross-roads/sequoyah-cove/qmis/9922-sequoyah-cove-drive-se,https://www.drhorton.com/alabama/huntsville/owens-cross-roads/sequoyah-cove
https://www.drhorton.com/alabama/huntsville/owens-cross-roads/sequoyah-cove/floor-plans/1475,https://www.drhorton.com/alabama/huntsville/owens-cross-roads/sequoyah-cove
https://www.drhorton.com/alabama/huntsville/owens-cross-roads/sequoyah-cove/floor-plans/4eaf,https://www.drhorton.com/alabama/huntsville/owens-cross-roads/sequoyah-cove
https://www.drhorton.com/alabama/huntsville/owens-cross-roads/sequoyah-cove/floor-plans/4ebf,https://www.drhorton.com/alabama/huntsville/owens-cross-roads/sequoyah-cove
https://www.drhorton.com/alabama/huntsville/owens-cross-roads/sequoyah-cove/floor-plans/free,https://www.drhorton.com/alabama/huntsville/owens-cross-roads/sequoyah-cove
https://www.drhorton.com/alabama/huntsville/owens-cross-roads/sequoyah-cove/floor-plans/lksd,https://www.drhorton.com/alabama/huntsville/owens-cross-roads/sequoyah-cove
https://www.drhorton.com/alabama/baldwin-county/spanish-fort/stonebridge/qmis/13149-antler-hill-road,https://www.drhorton.com/alabama/baldwin-county/spanish-fort/stonebridge
https://www.drhorton.com/alabama/baldwin-county/spanish-fort/stonebridge/qmis/13161-antler-hill-road,https://www.drhorton.com/alabama/baldwin-county/spanish-fort/stonebridge
https://www.drhorton.com/alabama/baldwin-county/spanish-fort/stonebridge/qmis/30689-cornelia-road,https://www.drhorton.com/alabama/baldwin-county/spanish-fort/stonebridge
https://www.drhorton.com/alabama/baldwin-county/spanish-fort/stonebridge/qmis/30698-cornelia-road,https://www.drhorton.com/alabama/baldwin-county/spanish-fort/stonebridge
https://www.drhorton.com/alabama/baldwin-county/spanish-fort/stonebridge/qmis/30710-cornelia-road,https://www.drhorton.com/alabama/baldwin-county/spanish-fort/stonebridge
https://www.drhorton.com/alabama/baldwin-county/spanish-fort/stonebridge/qmis/31626-lyon-road,https://www.drhorton.com/alabama/baldwin-county/spanish-fort/stonebridge
https://www.drhorton.com/alabama/baldwin-county/spanish-fort/stonebridge/qmis/31698-lyon-road,https://www.drhorton.com/alabama/baldwin-county/spanish-fort/stonebridge
https://www.drhorton.com/alabama/baldwin-county/spanish-fort/stonebridge/qmis/31721-lyon-road,https://www.drhorton.com/alabama/baldwin-county/spanish-fort/stonebridge
https://www.drhorton.com/alabama/baldwin-county/spanish-fort/stonebridge/floor-plans/4ebf,https://www.drhorton.com/alabama/baldwin-county/spanish-fort/stonebridge
https://www.drhorton.com/alabama/baldwin-county/spanish-fort/stonebridge/floor-plans/4ehf,https://www.drhorton.com/alabama/baldwin-county/spanish-fort/stonebridge
https://www.drhorton.com/alabama/baldwin-county/spanish-fort/stonebridge/floor-plans/4sbf,https://www.drhorton.com/alabama/baldwin-county/spanish-fort/stonebridge
https://www.drhorton.com/alabama/baldwin-county/spanish-fort/stonebridge/floor-plans/azal,https://www.drhorton.com/alabama/baldwin-county/spanish-fort/stonebridge
https://www.drhorton.com/alabama/baldwin-county/spanish-fort/stonebridge/floor-plans/isab,https://www.drhorton.com/alabama/baldwin-county/spanish-fort/stonebridge
https://www.drhorton.com/alabama/baldwin-county/spanish-fort/stonebridge/floor-plans/jack,https://www.drhorton.com/alabama/baldwin-county/spanish-fort/stonebridge
https://www.drhorton.com/alabama/baldwin-county/spanish-fort/stonebridge/floor-plans/kell,https://www.drhorton.com/alabama/baldwin-county/spanish-fort/stonebridge
https://www.drhorton.com/alabama/baldwin-county/spanish-fort/stonebridge/floor-plans/lake,https://www.drhorton.com/alabama/baldwin-county/spanish-fort/stonebridge
https://www.drhorton.com/alabama/baldwin-county/spanish-fort/stonebridge/floor-plans/midl,https://www.drhorton.com/alabama/baldwin-county/spanish-fort/stonebridge
https://www.drhorton.com/alabama/baldwin-county/spanish-fort/stonebridge/floor-plans/mist,https://www.drhorton.com/alabama/baldwin-county/spanish-fort/stonebridge
https://www.drhorton.com/alabama/baldwin-county/spanish-fort/stonebridge/floor-plans/ozar,https://www.drhorton.com/alabama/baldwin-county/spanish-fort/stonebridge
https://www.drhorton.com/alabama/baldwin-county/spanish-fort/stonebridge/floor-plans/rhet,https://www.drhorton.com/alabama/baldwin-county/spanish-fort/stonebridge
https://www.drhorton.com/alabama/baldwin-county/spanish-fort/stonebridge/floor-plans/ryde,https://www.drhorton.com/alabama/baldwin-county/spanish-fort/stonebridge
https://www.drhorton.com/alabama/baldwin-county/spanish-fort/rayne-plantation/qmis/12036-exbury-way,https://www.drhorton.com/alabama/baldwin-county/spanish-fort/rayne-plantation
https://www.drhorton.com/alabama/baldwin-county/spanish-fort/rayne-plantation/qmis/12048-exbury-way,https://www.drhorton.com/alabama/baldwin-county/spanish-fort/rayne-plantation
https://www.drhorton.com/alabama/baldwin-county/spanish-fort/rayne-plantation/qmis/12060-exbury-way,https://www.drhorton.com/alabama/baldwin-county/spanish-fort/rayne-plantation
https://www.drhorton.com/alabama/baldwin-county/spanish-fort/rayne-plantation/floor-plans/telm,https://www.drhorton.com/alabama/baldwin-county/spanish-fort/rayne-plantation
https://www.drhorton.com/alabama/baldwin-county/spanish-fort/rayne-plantation/floor-plans/thic,https://www.drhorton.com/alabama/baldwin-county/spanish-fort/rayne-plantation
https://www.drhorton.com/alabama/baldwin-county/spanish-fort/rayne-plantation/floor-plans/thol,https://www.drhorton.com/alabama/baldwin-county/spanish-fort/rayne-plantation
https://www.drhorton.com/alabama/baldwin-county/spanish-fort/rayne-plantation/floor-plans/tpec,https://www.drhorton.com/alabama/baldwin-county/spanish-fort/rayne-plantation
https://www.drhorton.com/alabama/baldwin-county/spanish-fort/rayne-plantation/floor-plans/twal,https://www.drhorton.com/alabama/baldwin-county/spanish-fort/rayne-plantation
https://www.drhorton.com/alabama/baldwin-county/spanish-fort/independence/qmis/32270-emancipation-cir,https://www.drhorton.com/alabama/baldwin-county/spanish-fort/independence
https://www.drhorton.com/alabama/baldwin-county/spanish-fort/independence/qmis/32386-revere-drive,https://www.drhorton.com/alabama/baldwin-county/spanish-fort/independence
https://www.drhorton.com/alabama/baldwin-county/spanish-fort/independence/qmis/32407-revere-drive,https://www.drhorton.com/alabama/baldwin-county/spanish-fort/independence
https://www.drhorton.com/alabama/baldwin-county/spanish-fort/independence/qmis/32415-revere-drive,https://www.drhorton.com/alabama/baldwin-county/spanish-fort/independence
https://www.drhorton.com/alabama/baldwin-county/spanish-fort/independence/qmis/32455-revere-drive,https://www.drhorton.com/alabama/baldwin-county/spanish-fort/independence
https://www.drhorton.com/alabama/baldwin-county/spanish-fort/independence/floor-plans/3lsf,https://www.drhorton.com/alabama/baldwin-county/spanish-fort/independence
https://www.drhorton.com/alabama/baldwin-county/spanish-fort/independence/floor-plans/cami,https://www.drhorton.com/alabama/baldwin-county/spanish-fort/independence
https://www.drhorton.com/alabama/baldwin-county/spanish-fort/independence/floor-plans/deli,https://www.drhorton.com/alabama/baldwin-county/spanish-fort/independence
https://www.drhorton.com/alabama/baldwin-county/spanish-fort/independence/floor-plans/jula,https://www.drhorton.com/alabama/baldwin-county/spanish-fort/independence
https://www.drhorton.com/alabama/baldwin-county/spanish-fort/independence/floor-plans/rpex,https://www.drhorton.com/alabama/baldwin-county/spanish-fort/independence
https://www.drhorton.com/alabama/baldwin-county/spanish-fort/independence/floor-plans/rpin,https://www.drhorton.com/alabama/baldwin-county/spanish-fort/independence
https://www.drhorton.com/alabama/baldwin-county/loxley/roans-creek/floor-plans/4ebf,https://www.drhorton.com/alabama/baldwin-county/loxley/roans-creek
https://www.drhorton.com/alabama/baldwin-county/loxley/roans-creek/floor-plans/kell,https://www.drhorton.com/alabama/baldwin-county/loxley/roans-creek
https://www.drhorton.com/alabama/baldwin-county/loxley/roans-creek/floor-plans/lake,https://www.drhorton.com/alabama/baldwin-county/loxley/roans-creek
https://www.drhorton.com/alabama/baldwin-county/loxley/roans-creek/floor-plans/ryde,https://www.drhorton.com/alabama/baldwin-county/loxley/roans-creek
https://www.drhorton.com/alabama/huntsville/madison/pebble-creek-at-river-landing/floor-plans/1941,https://www.drhorton.com/alabama/huntsville/madison/pebble-creek-at-river-landing
https://www.drhorton.com/alabama/huntsville/madison/pebble-creek-at-river-landing/floor-plans/2108,https://www.drhorton.com/alabama/huntsville/madison/pebble-creek-at-river-landing
https://www.drhorton.com/alabama/huntsville/madison/pebble-creek-at-river-landing/floor-plans/2291,https://www.drhorton.com/alabama/huntsville/madison/pebble-creek-at-river-landing
https://www.drhorton.com/alabama/huntsville/madison/pebble-creek-at-river-landing/floor-plans/2894,https://www.drhorton.com/alabama/huntsville/madison/pebble-creek-at-river-landing
https://www.drhorton.com/alabama/huntsville/madison/pebble-creek-at-river-landing/floor-plans/4ebf,https://www.drhorton.com/alabama/huntsville/madison/pebble-creek-at-river-landing
https://www.drhorton.com/alabama/huntsville/new-hope/huntland-estates/qmis/119-jonboy-avenue,https://www.drhorton.com/alabama/huntsville/new-hope/huntland-estates
https://www.drhorton.com/alabama/huntsville/new-hope/huntland-estates/qmis/120-jonboy-avenue,https://www.drhorton.com/alabama/huntsville/new-hope/huntland-estates
https://www.drhorton.com/alabama/huntsville/new-hope/huntland-estates/qmis/123-jonboy-avenue,https://www.drhorton.com/alabama/huntsville/new-hope/huntland-estates
https://www.drhorton.com/alabama/huntsville/new-hope/huntland-estates/qmis/124-jonboy-avenue,https://www.drhorton.com/alabama/huntsville/new-hope/huntland-estates
https://www.drhorton.com/alabama/huntsville/new-hope/huntland-estates/qmis/127-jonboy-avenue,https://www.drhorton.com/alabama/huntsville/new-hope/huntland-estates
https://www.drhorton.com/alabama/huntsville/new-hope/huntland-estates/qmis/128-jonboy-avenue,https://www.drhorton.com/alabama/huntsville/new-hope/huntland-estates
https://www.drhorton.com/alabama/huntsville/new-hope/huntland-estates/floor-plans/1475,https://www.drhorton.com/alabama/huntsville/new-hope/huntland-estates
https://www.drhorton.com/alabama/huntsville/new-hope/huntland-estates/floor-plans/aldr,https://www.drhorton.com/alabama/huntsville/new-hope/huntland-estates
https://www.drhorton.com/alabama/huntsville/new-hope/huntland-estates/floor-plans/free,https://www.drhorton.com/alabama/huntsville/new-hope/huntland-estates
https://www.drhorton.com/alabama/huntsville/madison/southern-landing/qmis/126-betty-williams-drive,https://www.drhorton.com/alabama/huntsville/madison/southern-landing
https://www.drhorton.com/alabama/huntsville/madison/southern-landing/qmis/129-betty-williams-drive,https://www.drhorton.com/alabama/huntsville/madison/southern-landing
https://www.drhorton.com/alabama/huntsville/madison/southern-landing/floor-plans/1475,https://www.drhorton.com/alabama/huntsville/madison/southern-landing
https://www.drhorton.com/alabama/huntsville/madison/southern-landing/floor-plans/4ebf,https://www.drhorton.com/alabama/huntsville/madison/southern-landing
https://www.drhorton.com/alabama/huntsville/madison/southern-landing/floor-plans/free,https://www.drhorton.com/alabama/huntsville/madison/southern-landing
https://www.drhorton.com/alabama/huntsville/madison/southern-landing/floor-plans/lksd,https://www.drhorton.com/alabama/huntsville/madison/southern-landing
https://www.drhorton.com/alabama/huntsville/madison/sweetwater-at-greenbrier-preserve/qmis/3607-adrea-avenue-sw,https://www.drhorton.com/alabama/huntsville/madison/sweetwater-at-greenbrier-preserve
https://www.drhorton.com/alabama/huntsville/madison/sweetwater-at-greenbrier-preserve/qmis/3608-adrea-avenue-sw,https://www.drhorton.com/alabama/huntsville/madison/sweetwater-at-greenbrier-preserve
https://www.drhorton.com/alabama/huntsville/madison/sweetwater-at-greenbrier-preserve/qmis/3625-adrea-avenue-sw,https://www.drhorton.com/alabama/huntsville/madison/sweetwater-at-greenbrier-preserve
https://www.drhorton.com/alabama/huntsville/madison/sweetwater-at-greenbrier-preserve/qmis/3639-adrea-avenue-sw,https://www.drhorton.com/alabama/huntsville/madison/sweetwater-at-greenbrier-preserve
https://www.drhorton.com/alabama/huntsville/madison/sweetwater-at-greenbrier-preserve/qmis/3640-adrea-avenue-sw,https://www.drhorton.com/alabama/huntsville/madison/sweetwater-at-greenbrier-preserve
https://www.drhorton.com/alabama/huntsville/madison/sweetwater-at-greenbrier-preserve/floor-plans/2272,https://www.drhorton.com/alabama/huntsville/madison/sweetwater-at-greenbrier-preserve
https://www.drhorton.com/alabama/huntsville/madison/sweetwater-at-greenbrier-preserve/floor-plans/2506,https://www.drhorton.com/alabama/huntsville/madison/sweetwater-at-greenbrier-preserve
https://www.drhorton.com/alabama/huntsville/madison/sweetwater-at-greenbrier-preserve/floor-plans/2894,https://www.drhorton.com/alabama/huntsville/madison/sweetwater-at-greenbrier-preserve
https://www.drhorton.com/alabama/huntsville/madison/greenbrier-estates-at-greenbrier-preserve/qmis/3598-preserve-park-blvd-sw,https://www.drhorton.com/alabama/huntsville/madison/greenbrier-estates-at-greenbrier-preserve
https://www.drhorton.com/alabama/huntsville/madison/greenbrier-estates-at-greenbrier-preserve/qmis/3616-preserve-park-blvd-sw,https://www.drhorton.com/alabama/huntsville/madison/greenbrier-estates-at-greenbrier-preserve
https://www.drhorton.com/alabama/huntsville/madison/greenbrier-estates-at-greenbrier-preserve/qmis/3634-preserve-park-blvd-sw,https://www.drhorton.com/alabama/huntsville/madison/greenbrier-estates-at-greenbrier-preserve
https://www.drhorton.com/alabama/huntsville/madison/greenbrier-estates-at-greenbrier-preserve/qmis/3655-preserve-park-blvd-sw,https://www.drhorton.com/alabama/huntsville/madison/greenbrier-estates-at-greenbrier-preserve
https://www.drhorton.com/alabama/huntsville/madison/greenbrier-estates-at-greenbrier-preserve/qmis/3658-preserve-park-blvd-sw,https://www.drhorton.com/alabama/huntsville/madison/greenbrier-estates-at-greenbrier-preserve
https://www.drhorton.com/alabama/huntsville/madison/greenbrier-estates-at-greenbrier-preserve/qmis/3787-preserve-park-blvd-sw,https://www.drhorton.com/alabama/huntsville/madison/greenbrier-estates-at-greenbrier-preserve
https://www.drhorton.com/alabama/huntsville/madison/greenbrier-estates-at-greenbrier-preserve/floor-plans/cypr,https://www.drhorton.com/alabama/huntsville/madison/greenbrier-estates-at-greenbrier-preserve
https://www.drhorton.com/alabama/huntsville/madison/greenbrier-estates-at-greenbrier-preserve/floor-plans/telm,https://www.drhorton.com/alabama/huntsville/madison/greenbrier-estates-at-greenbrier-preserve
https://www.drhorton.com/alabama/huntsville/madison/greenbrier-estates-at-greenbrier-preserve/floor-plans/thic,https://www.drhorton.com/alabama/huntsville/madison/greenbrier-estates-at-greenbrier-preserve
https://www.drhorton.com/alabama/huntsville/madison/greenbrier-estates-at-greenbrier-preserve/floor-plans/thol,https://www.drhorton.com/alabama/huntsville/madison/greenbrier-estates-at-greenbrier-preserve
https://www.drhorton.com/alabama/huntsville/madison/wheeler-lake-at-greenbrier-preserve/qmis/3619-whistling-way-sw,https://www.drhorton.com/alabama/huntsville/madison/wheeler-lake-at-greenbrier-preserve
https://www.drhorton.com/alabama/huntsville/madison/wheeler-lake-at-greenbrier-preserve/qmis/3627-whistling-way-sw,https://www.drhorton.com/alabama/huntsville/madison/wheeler-lake-at-greenbrier-preserve
https://www.drhorton.com/alabama/huntsville/madison/wheeler-lake-at-greenbrier-preserve/qmis/3639-whistling-way-sw,https://www.drhorton.com/alabama/huntsville/madison/wheeler-lake-at-greenbrier-preserve
https://www.drhorton.com/alabama/huntsville/madison/wheeler-lake-at-greenbrier-preserve/qmis/3648-whistling-way-sw,https://www.drhorton.com/alabama/huntsville/madison/wheeler-lake-at-greenbrier-preserve
https://www.drhorton.com/alabama/huntsville/madison/wheeler-lake-at-greenbrier-preserve/qmis/3651-whistling-way-sw,https://www.drhorton.com/alabama/huntsville/madison/wheeler-lake-at-greenbrier-preserve
https://www.drhorton.com/alabama/huntsville/madison/wheeler-lake-at-greenbrier-preserve/qmis/3656-whistling-way-sw,https://www.drhorton.com/alabama/huntsville/madison/wheeler-lake-at-greenbrier-preserve
https://www.drhorton.com/alabama/huntsville/madison/wheeler-lake-at-greenbrier-preserve/floor-plans/1941,https://www.drhorton.com/alabama/huntsville/madison/wheeler-lake-at-greenbrier-preserve
https://www.drhorton.com/alabama/huntsville/madison/wheeler-lake-at-greenbrier-preserve/floor-plans/2291,https://www.drhorton.com/alabama/huntsville/madison/wheeler-lake-at-greenbrier-preserve
https://www.drhorton.com/alabama/huntsville/madison/heritage-park-at-greenbrier-preserve/qmis/3349-feldspar-drive-sw,https://www.drhorton.com/alabama/huntsville/madison/heritage-park-at-greenbrier-preserve
https://www.drhorton.com/alabama/huntsville/madison/heritage-park-at-greenbrier-preserve/qmis/3361-feldspar-drive-sw,https://www.drhorton.com/alabama/huntsville/madison/heritage-park-at-greenbrier-preserve
https://www.drhorton.com/alabama/huntsville/madison/heritage-park-at-greenbrier-preserve/floor-plans/1475,https://www.drhorton.com/alabama/huntsville/madison/heritage-park-at-greenbrier-preserve
https://www.drhorton.com/alabama/huntsville/madison/heritage-park-at-greenbrier-preserve/floor-plans/4eaf,https://www.drhorton.com/alabama/huntsville/madison/heritage-park-at-greenbrier-preserve
https://www.drhorton.com/alabama/huntsville/madison/heritage-park-at-greenbrier-preserve/floor-plans/4ebf,https://www.drhorton.com/alabama/huntsville/madison/heritage-park-at-greenbrier-preserve
https://www.drhorton.com/alabama/huntsville/madison/heritage-park-at-greenbrier-preserve/floor-plans/4sbf,https://www.drhorton.com/alabama/huntsville/madison/heritage-park-at-greenbrier-preserve
https://www.drhorton.com/alabama/huntsville/madison/heritage-park-at-greenbrier-preserve/floor-plans/free,https://www.drhorton.com/alabama/huntsville/madison/heritage-park-at-greenbrier-preserve
https://www.drhorton.com/alabama/huntsville/madison/greenbrier-preserve/qmis/3280-cool-springs-avenue-sw,https://www.drhorton.com/alabama/huntsville/madison/greenbrier-preserve
https://www.drhorton.com/alabama/huntsville/madison/greenbrier-preserve/qmis/3288-cool-springs-avenue-sw,https://www.drhorton.com/alabama/huntsville/madison/greenbrier-preserve
https://www.drhorton.com/alabama/huntsville/madison/greenbrier-preserve/qmis/3294-cool-springs-avenue-sw,https://www.drhorton.com/alabama/huntsville/madison/greenbrier-preserve
https://www.drhorton.com/alabama/huntsville/madison/greenbrier-preserve/qmis/3302-cool-springs-avenue-sw,https://www.drhorton.com/alabama/huntsville/madison/greenbrier-preserve
https://www.drhorton.com/alabama/huntsville/madison/greenbrier-preserve/qmis/3310-cool-springs-avenue-sw,https://www.drhorton.com/alabama/huntsville/madison/greenbrier-preserve
https://www.drhorton.com/alabama/huntsville/madison/greenbrier-preserve/qmis/3342-cool-springs-avenue-sw,https://www.drhorton.com/alabama/huntsville/madison/greenbrier-preserve
https://www.drhorton.com/alabama/huntsville/madison/greenbrier-preserve/qmis/3350-cool-springs-avenue-sw,https://www.drhorton.com/alabama/huntsville/madison/greenbrier-preserve
https://www.drhorton.com/alabama/huntsville/madison/greenbrier-preserve/qmis/3356-cool-springs-avenue-sw,https://www.drhorton.com/alabama/huntsville/madison/greenbrier-preserve
https://www.drhorton.com/alabama/huntsville/madison/greenbrier-preserve/qmis/3364-cool-springs-avenue-sw,https://www.drhorton.com/alabama/huntsville/madison/greenbrier-preserve
https://www.drhorton.com/alabama/huntsville/madison/greenbrier-preserve/floor-plans/alex,https://www.drhorton.com/alabama/huntsville/madison/greenbrier-preserve
https://www.drhorton.com/alabama/huntsville/madison/greenbrier-preserve/floor-plans/bald,https://www.drhorton.com/alabama/huntsville/madison/greenbrier-preserve
https://www.drhorton.com/alabama/huntsville/madison/greenbrier-preserve/floor-plans/hamm,https://www.drhorton.com/alabama/huntsville/madison/greenbrier-preserve
https://www.drhorton.com/alabama/mobile/saraland/bear-run/qmis/3447-bear-run-boulevard,https://www.drhorton.com/alabama/mobile/saraland/bear-run
https://www.drhorton.com/alabama/mobile/saraland/bear-run/qmis/3448-bear-run-boulevard,https://www.drhorton.com/alabama/mobile/saraland/bear-run
https://www.drhorton.com/alabama/mobile/saraland/bear-run/qmis/3449-bear-run-boulevard,https://www.drhorton.com/alabama/mobile/saraland/bear-run
https://www.drhorton.com/alabama/mobile/saraland/bear-run/qmis/3451-bear-run-boulevard,https://www.drhorton.com/alabama/mobile/saraland/bear-run
https://www.drhorton.com/alabama/mobile/saraland/bear-run/qmis/3454-bear-run-boulevard,https://www.drhorton.com/alabama/mobile/saraland/bear-run
https://www.drhorton.com/alabama/mobile/saraland/bear-run/qmis/3505-kodiak-cove,https://www.drhorton.com/alabama/mobile/saraland/bear-run
https://www.drhorton.com/alabama/mobile/saraland/bear-run/qmis/3511-kodiak-cove,https://www.drhorton.com/alabama/mobile/saraland/bear-run
https://www.drhorton.com/alabama/mobile/saraland/bear-run/qmis/8200-yona-trail,https://www.drhorton.com/alabama/mobile/saraland/bear-run
https://www.drhorton.com/alabama/mobile/saraland/bear-run/qmis/8202-yona-trail,https://www.drhorton.com/alabama/mobile/saraland/bear-run
https://www.drhorton.com/alabama/mobile/saraland/bear-run/qmis/8204-yona-trail,https://www.drhorton.com/alabama/mobile/saraland/bear-run
https://www.drhorton.com/alabama/mobile/saraland/bear-run/floor-plans/camd,https://www.drhorton.com/alabama/mobile/saraland/bear-run
https://www.drhorton.com/alabama/mobile/saraland/bear-run/floor-plans/dest,https://www.drhorton.com/alabama/mobile/saraland/bear-run
https://www.drhorton.com/alabama/mobile/saraland/bear-run/floor-plans/hawt,https://www.drhorton.com/alabama/mobile/saraland/bear-run
https://www.drhorton.com/alabama/mobile/saraland/bear-run/floor-plans/kenz,https://www.drhorton.com/alabama/mobile/saraland/bear-run
https://www.drhorton.com/alabama/mobile/saraland/bear-run/floor-plans/lama,https://www.drhorton.com/alabama/mobile/saraland/bear-run
https://www.drhorton.com/alabama/mobile/saraland/bear-run/floor-plans/rhet,https://www.drhorton.com/alabama/mobile/saraland/bear-run
https://www.drhorton.com/alabama/mobile/saraland/bear-run/floor-plans/rive,https://www.drhorton.com/alabama/mobile/saraland/bear-run
https://www.drhorton.com/alabama/huntsville/guntersville/gunters-cove/qmis/169-cattail-court,https://www.drhorton.com/alabama/huntsville/guntersville/gunters-cove
https://www.drhorton.com/alabama/huntsville/guntersville/gunters-cove/qmis/181-cattail-court,https://www.drhorton.com/alabama/huntsville/guntersville/gunters-cove
https://www.drhorton.com/alabama/huntsville/guntersville/gunters-cove/qmis/254-shellcracker-lane,https://www.drhorton.com/alabama/huntsville/guntersville/gunters-cove
https://www.drhorton.com/alabama/huntsville/guntersville/gunters-cove/qmis/268-shellcracker-lane,https://www.drhorton.com/alabama/huntsville/guntersville/gunters-cove
https://www.drhorton.com/alabama/huntsville/guntersville/gunters-cove/qmis/282-shellcracker-lane,https://www.drhorton.com/alabama/huntsville/guntersville/gunters-cove
https://www.drhorton.com/alabama/huntsville/guntersville/gunters-cove/qmis/296-shellcracker-lane,https://www.drhorton.com/alabama/huntsville/guntersville/gunters-cove
https://www.drhorton.com/alabama/huntsville/guntersville/gunters-cove/floor-plans/1475,https://www.drhorton.com/alabama/huntsville/guntersville/gunters-cove
https://www.drhorton.com/alabama/huntsville/guntersville/gunters-cove/floor-plans/4ebf,https://www.drhorton.com/alabama/huntsville/guntersville/gunters-cove
https://www.drhorton.com/alabama/huntsville/guntersville/gunters-cove/floor-plans/free,https://www.drhorton.com/alabama/huntsville/guntersville/gunters-cove
https://www.drhorton.com/alabama/huntsville/guntersville/gunters-cove/floor-plans/lksd,https://www.drhorton.com/alabama/huntsville/guntersville/gunters-cove
https://www.drhorton.com/alabama/huntsville/hartselle/sweetwater-cove/floor-plans/1475,https://www.drhorton.com/alabama/huntsville/hartselle/sweetwater-cove
https://www.drhorton.com/alabama/huntsville/hartselle/sweetwater-cove/floor-plans/2108,https://www.drhorton.com/alabama/huntsville/hartselle/sweetwater-cove
https://www.drhorton.com/alabama/huntsville/hartselle/sweetwater-cove/floor-plans/4eaf,https://www.drhorton.com/alabama/huntsville/hartselle/sweetwater-cove
https://www.drhorton.com/alabama/huntsville/hartselle/sweetwater-cove/floor-plans/4ebf,https://www.drhorton.com/alabama/huntsville/hartselle/sweetwater-cove
https://www.drhorton.com/alabama/birmingham/cullman/ellsworth/qmis/2130-addison-way-sw,https://www.drhorton.com/alabama/birmingham/cullman/ellsworth
https://www.drhorton.com/alabama/birmingham/cullman/ellsworth/qmis/2132-addison-way-sw,https://www.drhorton.com/alabama/birmingham/cullman/ellsworth
https://www.drhorton.com/alabama/birmingham/cullman/ellsworth/qmis/2133-addison-way-sw,https://www.drhorton.com/alabama/birmingham/cullman/ellsworth
https://www.drhorton.com/alabama/birmingham/cullman/ellsworth/qmis/2134-addison-way-sw,https://www.drhorton.com/alabama/birmingham/cullman/ellsworth
https://www.drhorton.com/alabama/birmingham/cullman/ellsworth/qmis/2136-addison-way-sw,https://www.drhorton.com/alabama/birmingham/cullman/ellsworth
https://www.drhorton.com/alabama/birmingham/cullman/ellsworth/qmis/2138-addison-way-sw,https://www.drhorton.com/alabama/birmingham/cullman/ellsworth
https://www.drhorton.com/alabama/birmingham/cullman/ellsworth/floor-plans/4ebf,https://www.drhorton.com/alabama/birmingham/cullman/ellsworth
https://www.drhorton.com/alabama/birmingham/cullman/ellsworth/floor-plans/aron,https://www.drhorton.com/alabama/birmingham/cullman/ellsworth
https://www.drhorton.com/alabama/birmingham/cullman/ellsworth/floor-plans/elst,https://www.drhorton.com/alabama/birmingham/cullman/ellsworth
https://www.drhorton.com/alabama/birmingham/cullman/ellsworth/floor-plans/free,https://www.drhorton.com/alabama/birmingham/cullman/ellsworth
https://www.drhorton.com/alabama/birmingham/cullman/ellsworth/floor-plans/robi,https://www.drhorton.com/alabama/birmingham/cullman/ellsworth
https://www.drhorton.com/alabama/birmingham/cullman/ellsworth/floor-plans/tayl,https://www.drhorton.com/alabama/birmingham/cullman/ellsworth
https://www.drhorton.com/alabama/birmingham/cullman/the-grove--fischer-farm/floor-plans/4ebf,https://www.drhorton.com/alabama/birmingham/cullman/the-grove--fischer-farm
https://www.drhorton.com/alabama/birmingham/cullman/the-grove--fischer-farm/floor-plans/4ehf,https://www.drhorton.com/alabama/birmingham/cullman/the-grove--fischer-farm
https://www.drhorton.com/alabama/birmingham/cullman/the-grove--fischer-farm/floor-plans/free,https://www.drhorton.com/alabama/birmingham/cullman/the-grove--fischer-farm
https://www.drhorton.com/alabama/birmingham/hanceville/high-point/qmis/317-ashland-dr-sw,https://www.drhorton.com/alabama/birmingham/hanceville/high-point
https://www.drhorton.com/alabama/birmingham/hanceville/high-point/qmis/319-ashland-dr-sw,https://www.drhorton.com/alabama/birmingham/hanceville/high-point
https://www.drhorton.com/alabama/birmingham/hanceville/high-point/qmis/328-ashland-dr-sw,https://www.drhorton.com/alabama/birmingham/hanceville/high-point
https://www.drhorton.com/alabama/birmingham/hanceville/high-point/qmis/330-ashland-dr-sw,https://www.drhorton.com/alabama/birmingham/hanceville/high-point
https://www.drhorton.com/alabama/birmingham/hanceville/high-point/qmis/331-ashland-dr-sw,https://www.drhorton.com/alabama/birmingham/hanceville/high-point
https://www.drhorton.com/alabama/birmingham/hanceville/high-point/qmis/332-ashland-dr-sw,https://www.drhorton.com/alabama/birmingham/hanceville/high-point
https://www.drhorton.com/alabama/birmingham/hanceville/high-point/qmis/333-ashland-dr-sw,https://www.drhorton.com/alabama/birmingham/hanceville/high-point
https://www.drhorton.com/alabama/birmingham/hanceville/high-point/qmis/334-ashland-dr-sw,https://www.drhorton.com/alabama/birmingham/hanceville/high-point
https://www.drhorton.com/alabama/birmingham/hanceville/high-point/qmis/336-ashland-dr-sw,https://www.drhorton.com/alabama/birmingham/hanceville/high-point
https://www.drhorton.com/alabama/birmingham/hanceville/high-point/qmis/342-ashland-dr-sw,https://www.drhorton.com/alabama/birmingham/hanceville/high-point
https://www.drhorton.com/alabama/birmingham/hanceville/high-point/floor-plans/4ebf,https://www.drhorton.com/alabama/birmingham/hanceville/high-point
https://www.drhorton.com/alabama/birmingham/hanceville/high-point/floor-plans/aria,https://www.drhorton.com/alabama/birmingham/hanceville/high-point
https://www.drhorton.com/alabama/birmingham/hanceville/high-point/floor-plans/dest,https://www.drhorton.com/alabama/birmingham/hanceville/high-point
https://www.drhorton.com/alabama/birmingham/hanceville/high-point/floor-plans/lake,https://www.drhorton.com/alabama/birmingham/hanceville/high-point
https://www.drhorton.com/alabama/birmingham/hanceville/high-point/floor-plans/madn,https://www.drhorton.com/alabama/birmingham/hanceville/high-point
https://www.drhorton.com/alabama/birmingham/hanceville/high-point/floor-plans/oakd,https://www.drhorton.com/alabama/birmingham/hanceville/high-point
https://www.drhorton.com/alabama/birmingham/hanceville/high-point/floor-plans/rhet,https://www.drhorton.com/alabama/birmingham/hanceville/high-point
https://www.drhorton.com/alabama/birmingham/hanceville/high-point/floor-plans/rivr,https://www.drhorton.com/alabama/birmingham/hanceville/high-point
https://www.drhorton.com/alabama/birmingham/hanceville/high-point/floor-plans/sale,https://www.drhorton.com/alabama/birmingham/hanceville/high-point
https://www.drhorton.com/alabama/auburn-opelika/auburn/asheton-village/floor-plans/caro,https://www.drhorton.com/alabama/auburn-opelika/auburn/asheton-village
https://www.drhorton.com/alabama/auburn-opelika/auburn/asheton-village/floor-plans/dest,https://www.drhorton.com/alabama/auburn-opelika/auburn/asheton-village
https://www.drhorton.com/alabama/auburn-opelika/auburn/asheton-village/floor-plans/rive,https://www.drhorton.com/alabama/auburn-opelika/auburn/asheton-village
https://www.drhorton.com/alabama/auburn-opelika/auburn/links-crossing/qmis/247-driver-lane,https://www.drhorton.com/alabama/auburn-opelika/auburn/links-crossing
https://www.drhorton.com/alabama/auburn-opelika/auburn/links-crossing/qmis/258-driver-lane,https://www.drhorton.com/alabama/auburn-opelika/auburn/links-crossing
https://www.drhorton.com/alabama/auburn-opelika/auburn/links-crossing/qmis/260-driver-lane,https://www.drhorton.com/alabama/auburn-opelika/auburn/links-crossing
https://www.drhorton.com/alabama/auburn-opelika/auburn/links-crossing/qmis/306-nicklaus-court,https://www.drhorton.com/alabama/auburn-opelika/auburn/links-crossing
https://www.drhorton.com/alabama/auburn-opelika/auburn/links-crossing/floor-plans/beau,https://www.drhorton.com/alabama/auburn-opelika/auburn/links-crossing
https://www.drhorton.com/alabama/auburn-opelika/auburn/links-crossing/floor-plans/cree,https://www.drhorton.com/alabama/auburn-opelika/auburn/links-crossing
https://www.drhorton.com/alabama/auburn-opelika/auburn/links-crossing/floor-plans/harp,https://www.drhorton.com/alabama/auburn-opelika/auburn/links-crossing
https://www.drhorton.com/alabama/auburn-opelika/auburn/links-crossing/floor-plans/noah,https://www.drhorton.com/alabama/auburn-opelika/auburn/links-crossing
https://www.drhorton.com/alabama/auburn-opelika/auburn/links-crossing/floor-plans/ozar,https://www.drhorton.com/alabama/auburn-opelika/auburn/links-crossing
https://www.drhorton.com/alabama/auburn-opelika/auburn/links-crossing/floor-plans/prin,https://www.drhorton.com/alabama/auburn-opelika/auburn/links-crossing
https://www.drhorton.com/alabama/auburn-opelika/auburn/links-crossing/floor-plans/will,https://www.drhorton.com/alabama/auburn-opelika/auburn/links-crossing
https://www.drhorton.com/alabama/auburn-opelika/auburn/the-preserve/qmis/2146-bluebird-drive,https://www.drhorton.com/alabama/auburn-opelika/auburn/the-preserve
https://www.drhorton.com/alabama/auburn-opelika/auburn/the-preserve/qmis/2152-bluebird-drive,https://www.drhorton.com/alabama/auburn-opelika/auburn/the-preserve
https://www.drhorton.com/alabama/auburn-opelika/auburn/the-preserve/qmis/2170-bluebird-drive,https://www.drhorton.com/alabama/auburn-opelika/auburn/the-preserve
https://www.drhorton.com/alabama/auburn-opelika/auburn/the-preserve/qmis/2176-bluebird-drive,https://www.drhorton.com/alabama/auburn-opelika/auburn/the-preserve
https://www.drhorton.com/alabama/auburn-opelika/auburn/the-preserve/qmis/2182-bluebird-drive,https://www.drhorton.com/alabama/auburn-opelika/auburn/the-preserve
https://www.drhorton.com/alabama/auburn-opelika/auburn/the-preserve/qmis/2183-bluebird-drive,https://www.drhorton.com/alabama/auburn-opelika/auburn/the-preserve
https://www.drhorton.com/alabama/auburn-opelika/auburn/the-preserve/qmis/2188-bluebird-drive,https://www.drhorton.com/alabama/auburn-opelika/auburn/the-preserve
https://www.drhorton.com/alabama/auburn-opelika/auburn/the-preserve/qmis/2194-bluebird-drive,https://www.drhorton.com/alabama/auburn-opelika/auburn/the-preserve
https://www.drhorton.com/alabama/auburn-opelika/auburn/the-preserve/qmis/2195-bluebird-drive,https://www.drhorton.com/alabama/auburn-opelika/auburn/the-preserve
https://www.drhorton.com/alabama/auburn-opelika/auburn/the-preserve/floor-plans/camd,https://www.drhorton.com/alabama/auburn-opelika/auburn/the-preserve
https://www.drhorton.com/alabama/auburn-opelika/auburn/the-preserve/floor-plans/caro,https://www.drhorton.com/alabama/auburn-opelika/auburn/the-preserve
https://www.drhorton.com/alabama/auburn-opelika/auburn/the-preserve/floor-plans/dest,https://www.drhorton.com/alabama/auburn-opelika/auburn/the-preserve
https://www.drhorton.com/alabama/auburn-opelika/auburn/the-preserve/floor-plans/hawt,https://www.drhorton.com/alabama/auburn-opelika/auburn/the-preserve
https://www.drhorton.com/alabama/auburn-opelika/auburn/the-preserve/floor-plans/madi,https://www.drhorton.com/alabama/auburn-opelika/auburn/the-preserve
https://www.drhorton.com/alabama/auburn-opelika/auburn/the-preserve/floor-plans/pipe,https://www.drhorton.com/alabama/auburn-opelika/auburn/the-preserve
https://www.drhorton.com/alabama/auburn-opelika/auburn/the-preserve/floor-plans/rhet,https://www.drhorton.com/alabama/auburn-opelika/auburn/the-preserve
https://www.drhorton.com/alabama/southeast-alabama/troy/the-summit-at-oak-park/qmis/204-sawtooth-drive,https://www.drhorton.com/alabama/southeast-alabama/troy/the-summit-at-oak-park
https://www.drhorton.com/alabama/southeast-alabama/troy/the-summit-at-oak-park/qmis/207-sawtooth-drive,https://www.drhorton.com/alabama/southeast-alabama/troy/the-summit-at-oak-park
https://www.drhorton.com/alabama/southeast-alabama/troy/the-summit-at-oak-park/floor-plans/4ebf,https://www.drhorton.com/alabama/southeast-alabama/troy/the-summit-at-oak-park
https://www.drhorton.com/alabama/southeast-alabama/troy/the-summit-at-oak-park/floor-plans/4ehf,https://www.drhorton.com/alabama/southeast-alabama/troy/the-summit-at-oak-park
https://www.drhorton.com/alabama/southeast-alabama/troy/the-summit-at-oak-park/floor-plans/4epf,https://www.drhorton.com/alabama/southeast-alabama/troy/the-summit-at-oak-park
https://www.drhorton.com/alabama/southeast-alabama/troy/the-summit-at-oak-park/floor-plans/aria,https://www.drhorton.com/alabama/southeast-alabama/troy/the-summit-at-oak-park
https://www.drhorton.com/alabama/southeast-alabama/troy/the-summit-at-oak-park/floor-plans/free,https://www.drhorton.com/alabama/southeast-alabama/troy/the-summit-at-oak-park
https://www.drhorton.com/alabama/birmingham/springville/wright-farms/qmis/288-archers-brook-way,https://www.drhorton.com/alabama/birmingham/springville/wright-farms
https://www.drhorton.com/alabama/birmingham/springville/wright-farms/qmis/368-archers-brook-way,https://www.drhorton.com/alabama/birmingham/springville/wright-farms
https://www.drhorton.com/alabama/birmingham/springville/wright-farms/qmis/378-archers-brook-way,https://www.drhorton.com/alabama/birmingham/springville/wright-farms
https://www.drhorton.com/alabama/birmingham/springville/wright-farms/qmis/405-archers-brook-dr,https://www.drhorton.com/alabama/birmingham/springville/wright-farms
https://www.drhorton.com/alabama/birmingham/springville/wright-farms/qmis/410-archers-brook-dr,https://www.drhorton.com/alabama/birmingham/springville/wright-farms
https://www.drhorton.com/alabama/birmingham/springville/wright-farms/floor-plans/4ebf,https://www.drhorton.com/alabama/birmingham/springville/wright-farms
https://www.drhorton.com/alabama/birmingham/springville/wright-farms/floor-plans/belf,https://www.drhorton.com/alabama/birmingham/springville/wright-farms
https://www.drhorton.com/alabama/birmingham/springville/wright-farms/floor-plans/bral,https://www.drhorton.com/alabama/birmingham/springville/wright-farms
https://www.drhorton.com/alabama/birmingham/springville/wright-farms/floor-plans/caro,https://www.drhorton.com/alabama/birmingham/springville/wright-farms
https://www.drhorton.com/alabama/birmingham/springville/wright-farms/floor-plans/dest,https://www.drhorton.com/alabama/birmingham/springville/wright-farms
https://www.drhorton.com/alabama/birmingham/springville/wright-farms/floor-plans/free,https://www.drhorton.com/alabama/birmingham/springville/wright-farms
https://www.drhorton.com/alabama/birmingham/springville/wright-farms/floor-plans/gale,https://www.drhorton.com/alabama/birmingham/springville/wright-farms
https://www.drhorton.com/alabama/birmingham/springville/wright-farms/floor-plans/lake,https://www.drhorton.com/alabama/birmingham/springville/wright-farms
https://www.drhorton.com/alabama/birmingham/springville/wright-farms/floor-plans/madn,https://www.drhorton.com/alabama/birmingham/springville/wright-farms
https://www.drhorton.com/alabama/birmingham/springville/wright-farms/floor-plans/oakd,https://www.drhorton.com/alabama/birmingham/springville/wright-farms
https://www.drhorton.com/alabama/birmingham/springville/wright-farms/floor-plans/penw,https://www.drhorton.com/alabama/birmingham/springville/wright-farms
https://www.drhorton.com/alabama/birmingham/springville/wright-farms/floor-plans/rhet,https://www.drhorton.com/alabama/birmingham/springville/wright-farms
https://www.drhorton.com/alabama/birmingham/springville/wright-farms/floor-plans/sale,https://www.drhorton.com/alabama/birmingham/springville/wright-farms
https://www.drhorton.com/alabama/birmingham/pell-city/oak-village/qmis/2015-ogletree-place,https://www.drhorton.com/alabama/birmingham/pell-city/oak-village
https://www.drhorton.com/alabama/birmingham/pell-city/oak-village/qmis/2025-ogletree-place,https://www.drhorton.com/alabama/birmingham/pell-city/oak-village
https://www.drhorton.com/alabama/birmingham/pell-city/oak-village/qmis/2035-ogletree-place,https://www.drhorton.com/alabama/birmingham/pell-city/oak-village
https://www.drhorton.com/alabama/birmingham/pell-city/oak-village/qmis/2150-ogletree-place,https://www.drhorton.com/alabama/birmingham/pell-city/oak-village
https://www.drhorton.com/alabama/birmingham/pell-city/oak-village/qmis/2155-ogletree-place,https://www.drhorton.com/alabama/birmingham/pell-city/oak-village
https://www.drhorton.com/alabama/birmingham/pell-city/oak-village/qmis/2160-ogletree-place,https://www.drhorton.com/alabama/birmingham/pell-city/oak-village
https://www.drhorton.com/alabama/birmingham/pell-city/oak-village/qmis/2165-ogletree-place,https://www.drhorton.com/alabama/birmingham/pell-city/oak-village
https://www.drhorton.com/alabama/birmingham/pell-city/oak-village/qmis/2170-ogletree-place,https://www.drhorton.com/alabama/birmingham/pell-city/oak-village
https://www.drhorton.com/alabama/birmingham/pell-city/oak-village/qmis/2175-ogletree-place,https://www.drhorton.com/alabama/birmingham/pell-city/oak-village
https://www.drhorton.com/alabama/birmingham/pell-city/oak-village/floor-plans/4ebf,https://www.drhorton.com/alabama/birmingham/pell-city/oak-village
https://www.drhorton.com/alabama/birmingham/pell-city/oak-village/floor-plans/4ehf,https://www.drhorton.com/alabama/birmingham/pell-city/oak-village
https://www.drhorton.com/alabama/birmingham/pell-city/oak-village/floor-plans/aron,https://www.drhorton.com/alabama/birmingham/pell-city/oak-village
https://www.drhorton.com/alabama/birmingham/pell-city/oak-village/floor-plans/free,https://www.drhorton.com/alabama/birmingham/pell-city/oak-village
https://www.drhorton.com/alabama/birmingham/pell-city/oak-village/floor-plans/penw,https://www.drhorton.com/alabama/birmingham/pell-city/oak-village
https://www.drhorton.com/alabama/birmingham/odenville/pine-ridge/qmis/335-pine-ridge-drive,https://www.drhorton.com/alabama/birmingham/odenville/pine-ridge
https://www.drhorton.com/alabama/birmingham/odenville/pine-ridge/qmis/40-maple-cove-rd,https://www.drhorton.com/alabama/birmingham/odenville/pine-ridge
https://www.drhorton.com/alabama/birmingham/odenville/pine-ridge/qmis/55-maple-cove-rd,https://www.drhorton.com/alabama/birmingham/odenville/pine-ridge
https://www.drhorton.com/alabama/birmingham/odenville/pine-ridge/qmis/60-maple-cove-rd,https://www.drhorton.com/alabama/birmingham/odenville/pine-ridge
https://www.drhorton.com/alabama/birmingham/odenville/pine-ridge/qmis/70-maple-cove-rd,https://www.drhorton.com/alabama/birmingham/odenville/pine-ridge
https://www.drhorton.com/alabama/birmingham/odenville/pine-ridge/floor-plans/4ebf,https://www.drhorton.com/alabama/birmingham/odenville/pine-ridge
https://www.drhorton.com/alabama/birmingham/odenville/pine-ridge/floor-plans/4ehf,https://www.drhorton.com/alabama/birmingham/odenville/pine-ridge
https://www.drhorton.com/alabama/birmingham/odenville/pine-ridge/floor-plans/ardn,https://www.drhorton.com/alabama/birmingham/odenville/pine-ridge
https://www.drhorton.com/alabama/birmingham/odenville/pine-ridge/floor-plans/free,https://www.drhorton.com/alabama/birmingham/odenville/pine-ridge
https://www.drhorton.com/alabama/birmingham/odenville/pine-ridge/floor-plans/lake,https://www.drhorton.com/alabama/birmingham/odenville/pine-ridge
https://www.drhorton.com/alabama/birmingham/odenville/pine-ridge/floor-plans/penw,https://www.drhorton.com/alabama/birmingham/odenville/pine-ridge
https://www.drhorton.com/alabama/birmingham/odenville/beaver-creek/qmis/1660-birch-bark-lane,https://www.drhorton.com/alabama/birmingham/odenville/beaver-creek
https://www.drhorton.com/alabama/birmingham/odenville/beaver-creek/qmis/1680-birch-bark-lane,https://www.drhorton.com/alabama/birmingham/odenville/beaver-creek
https://www.drhorton.com/alabama/birmingham/odenville/beaver-creek/qmis/1690-birch-bark-lane,https://www.drhorton.com/alabama/birmingham/odenville/beaver-creek
https://www.drhorton.com/alabama/birmingham/odenville/beaver-creek/qmis/1700-birch-bark-lane,https://www.drhorton.com/alabama/birmingham/odenville/beaver-creek
https://www.drhorton.com/alabama/birmingham/odenville/beaver-creek/qmis/1705-birch-bark-lane,https://www.drhorton.com/alabama/birmingham/odenville/beaver-creek
https://www.drhorton.com/alabama/birmingham/odenville/beaver-creek/qmis/1710-birch-bark-lane,https://www.drhorton.com/alabama/birmingham/odenville/beaver-creek
https://www.drhorton.com/alabama/birmingham/odenville/beaver-creek/qmis/1715-birch-bark-lane,https://www.drhorton.com/alabama/birmingham/odenville/beaver-creek
https://www.drhorton.com/alabama/birmingham/odenville/beaver-creek/qmis/1720-birch-bark-lane,https://www.drhorton.com/alabama/birmingham/odenville/beaver-creek
https://www.drhorton.com/alabama/birmingham/odenville/beaver-creek/floor-plans/4ebf,https://www.drhorton.com/alabama/birmingham/odenville/beaver-creek
https://www.drhorton.com/alabama/birmingham/odenville/beaver-creek/floor-plans/4ehf,https://www.drhorton.com/alabama/birmingham/odenville/beaver-creek
https://www.drhorton.com/alabama/birmingham/odenville/beaver-creek/floor-plans/aldr,https://www.drhorton.com/alabama/birmingham/odenville/beaver-creek
https://www.drhorton.com/alabama/birmingham/odenville/beaver-creek/floor-plans/aron,https://www.drhorton.com/alabama/birmingham/odenville/beaver-creek
https://www.drhorton.com/alabama/birmingham/odenville/beaver-creek/floor-plans/free,https://www.drhorton.com/alabama/birmingham/odenville/beaver-creek
https://www.drhorton.com/alabama/birmingham/odenville/beaver-creek/floor-plans/popp,https://www.drhorton.com/alabama/birmingham/odenville/beaver-creek
https://www.drhorton.com/alabama/birmingham/odenville/beaver-creek/floor-plans/ryke,https://www.drhorton.com/alabama/birmingham/odenville/beaver-creek
https://www.drhorton.com/alabama/birmingham/odenville/beaver-creek/floor-plans/tayl,https://www.drhorton.com/alabama/birmingham/odenville/beaver-creek
https://www.drhorton.com/alabama/birmingham/warrior/rimel-farms/qmis/10380-meadowsweet-drive,https://www.drhorton.com/alabama/birmingham/warrior/rimel-farms
https://www.drhorton.com/alabama/birmingham/warrior/rimel-farms/qmis/533-rimel-farms-pkwy,https://www.drhorton.com/alabama/birmingham/warrior/rimel-farms
https://www.drhorton.com/alabama/birmingham/warrior/rimel-farms/qmis/537-rimel-farms-pkwy,https://www.drhorton.com/alabama/birmingham/warrior/rimel-farms
https://www.drhorton.com/alabama/birmingham/warrior/rimel-farms/qmis/540-rimel-farms-pkwy,https://www.drhorton.com/alabama/birmingham/warrior/rimel-farms
https://www.drhorton.com/alabama/birmingham/warrior/rimel-farms/qmis/541-rimel-farms-pkwy,https://www.drhorton.com/alabama/birmingham/warrior/rimel-farms
https://www.drhorton.com/alabama/birmingham/warrior/rimel-farms/qmis/545-rimel-farms-pkwy,https://www.drhorton.com/alabama/birmingham/warrior/rimel-farms
https://www.drhorton.com/alabama/birmingham/warrior/rimel-farms/qmis/548-rimel-farms-pkwy,https://www.drhorton.com/alabama/birmingham/warrior/rimel-farms
https://www.drhorton.com/alabama/birmingham/warrior/rimel-farms/qmis/549-rimel-farms-pkwy,https://www.drhorton.com/alabama/birmingham/warrior/rimel-farms
https://www.drhorton.com/alabama/birmingham/warrior/rimel-farms/qmis/623-wenonah-way,https://www.drhorton.com/alabama/birmingham/warrior/rimel-farms
https://www.drhorton.com/alabama/birmingham/warrior/rimel-farms/qmis/624-wenonah-way,https://www.drhorton.com/alabama/birmingham/warrior/rimel-farms
https://www.drhorton.com/alabama/birmingham/warrior/rimel-farms/qmis/627-wenonah-way,https://www.drhorton.com/alabama/birmingham/warrior/rimel-farms
https://www.drhorton.com/alabama/birmingham/warrior/rimel-farms/qmis/628-wenonah-way,https://www.drhorton.com/alabama/birmingham/warrior/rimel-farms
https://www.drhorton.com/alabama/birmingham/warrior/rimel-farms/qmis/636-wenonah-way,https://www.drhorton.com/alabama/birmingham/warrior/rimel-farms
https://www.drhorton.com/alabama/birmingham/warrior/rimel-farms/qmis/644-wenonah-way,https://www.drhorton.com/alabama/birmingham/warrior/rimel-farms
https://www.drhorton.com/alabama/birmingham/warrior/rimel-farms/floor-plans/4ebf,https://www.drhorton.com/alabama/birmingham/warrior/rimel-farms
https://www.drhorton.com/alabama/birmingham/warrior/rimel-farms/floor-plans/aldr,https://www.drhorton.com/alabama/birmingham/warrior/rimel-farms
https://www.drhorton.com/alabama/birmingham/warrior/rimel-farms/floor-plans/aron,https://www.drhorton.com/alabama/birmingham/warrior/rimel-farms
https://www.drhorton.com/alabama/birmingham/warrior/rimel-farms/floor-plans/caro,https://www.drhorton.com/alabama/birmingham/warrior/rimel-farms
https://www.drhorton.com/alabama/birmingham/warrior/rimel-farms/floor-plans/clay,https://www.drhorton.com/alabama/birmingham/warrior/rimel-farms
https://www.drhorton.com/alabama/birmingham/warrior/rimel-farms/floor-plans/dest,https://www.drhorton.com/alabama/birmingham/warrior/rimel-farms
https://www.drhorton.com/alabama/birmingham/warrior/rimel-farms/floor-plans/free,https://www.drhorton.com/alabama/birmingham/warrior/rimel-farms
https://www.drhorton.com/alabama/birmingham/warrior/rimel-farms/floor-plans/lake,https://www.drhorton.com/alabama/birmingham/warrior/rimel-farms
https://www.drhorton.com/alabama/birmingham/warrior/rimel-farms/floor-plans/madn,https://www.drhorton.com/alabama/birmingham/warrior/rimel-farms
https://www.drhorton.com/alabama/birmingham/warrior/rimel-farms/floor-plans/oakd,https://www.drhorton.com/alabama/birmingham/warrior/rimel-farms
https://www.drhorton.com/alabama/birmingham/kimberly/doss-ferry/qmis/425-reinsman-cove,https://www.drhorton.com/alabama/birmingham/kimberly/doss-ferry
https://www.drhorton.com/alabama/birmingham/kimberly/doss-ferry/qmis/429-reinsman-cove,https://www.drhorton.com/alabama/birmingham/kimberly/doss-ferry
https://www.drhorton.com/alabama/birmingham/kimberly/doss-ferry/qmis/432-reinsman-cove,https://www.drhorton.com/alabama/birmingham/kimberly/doss-ferry
https://www.drhorton.com/alabama/birmingham/kimberly/doss-ferry/qmis/520-way-station-place,https://www.drhorton.com/alabama/birmingham/kimberly/doss-ferry
https://www.drhorton.com/alabama/birmingham/kimberly/doss-ferry/qmis/521-way-station-place,https://www.drhorton.com/alabama/birmingham/kimberly/doss-ferry
https://www.drhorton.com/alabama/birmingham/kimberly/doss-ferry/qmis/524-way-station-place,https://www.drhorton.com/alabama/birmingham/kimberly/doss-ferry
https://www.drhorton.com/alabama/birmingham/kimberly/doss-ferry/qmis/525-way-station-place,https://www.drhorton.com/alabama/birmingham/kimberly/doss-ferry
https://www.drhorton.com/alabama/birmingham/kimberly/doss-ferry/qmis/529-way-station-place,https://www.drhorton.com/alabama/birmingham/kimberly/doss-ferry
https://www.drhorton.com/alabama/birmingham/kimberly/doss-ferry/floor-plans/aria,https://www.drhorton.com/alabama/birmingham/kimberly/doss-ferry
https://www.drhorton.com/alabama/birmingham/kimberly/doss-ferry/floor-plans/belf,https://www.drhorton.com/alabama/birmingham/kimberly/doss-ferry
https://www.drhorton.com/alabama/birmingham/kimberly/doss-ferry/floor-plans/caro,https://www.drhorton.com/alabama/birmingham/kimberly/doss-ferry
https://www.drhorton.com/alabama/birmingham/kimberly/doss-ferry/floor-plans/clay,https://www.drhorton.com/alabama/birmingham/kimberly/doss-ferry
https://www.drhorton.com/alabama/birmingham/kimberly/doss-ferry/floor-plans/dest,https://www.drhorton.com/alabama/birmingham/kimberly/doss-ferry
https://www.drhorton.com/alabama/birmingham/kimberly/doss-ferry/floor-plans/gale,https://www.drhorton.com/alabama/birmingham/kimberly/doss-ferry
https://www.drhorton.com/alabama/birmingham/kimberly/doss-ferry/floor-plans/halt,https://www.drhorton.com/alabama/birmingham/kimberly/doss-ferry
https://www.drhorton.com/alabama/birmingham/kimberly/doss-ferry/floor-plans/oliv,https://www.drhorton.com/alabama/birmingham/kimberly/doss-ferry
https://www.drhorton.com/alabama/birmingham/kimberly/doss-ferry/floor-plans/prin,https://www.drhorton.com/alabama/birmingham/kimberly/doss-ferry
https://www.drhorton.com/alabama/birmingham/kimberly/doss-ferry/floor-plans/rhet,https://www.drhorton.com/alabama/birmingham/kimberly/doss-ferry
https://www.drhorton.com/alabama/birmingham/kimberly/doss-ferry/floor-plans/sale,https://www.drhorton.com/alabama/birmingham/kimberly/doss-ferry
https://www.drhorton.com/alabama/birmingham/trussville/park-ridge/qmis/6589-little-goose-dr,https://www.drhorton.com/alabama/birmingham/trussville/park-ridge
https://www.drhorton.com/alabama/birmingham/trussville/park-ridge/qmis/6593-little-goose-dr,https://www.drhorton.com/alabama/birmingham/trussville/park-ridge
https://www.drhorton.com/alabama/birmingham/trussville/park-ridge/qmis/6597-little-goose-dr,https://www.drhorton.com/alabama/birmingham/trussville/park-ridge
https://www.drhorton.com/alabama/birmingham/trussville/park-ridge/qmis/6601-little-goose-dr,https://www.drhorton.com/alabama/birmingham/trussville/park-ridge
https://www.drhorton.com/alabama/birmingham/trussville/park-ridge/qmis/6632-little-goose-dr,https://www.drhorton.com/alabama/birmingham/trussville/park-ridge
https://www.drhorton.com/alabama/birmingham/trussville/park-ridge/qmis/6636-little-goose-dr,https://www.drhorton.com/alabama/birmingham/trussville/park-ridge
https://www.drhorton.com/alabama/birmingham/trussville/park-ridge/qmis/6637-little-goose-dr,https://www.drhorton.com/alabama/birmingham/trussville/park-ridge
https://www.drhorton.com/alabama/birmingham/trussville/park-ridge/floor-plans/belf,https://www.drhorton.com/alabama/birmingham/trussville/park-ridge
https://www.drhorton.com/alabama/birmingham/trussville/park-ridge/floor-plans/caro,https://www.drhorton.com/alabama/birmingham/trussville/park-ridge
https://www.drhorton.com/alabama/birmingham/trussville/park-ridge/floor-plans/gale,https://www.drhorton.com/alabama/birmingham/trussville/park-ridge
https://www.drhorton.com/alabama/birmingham/trussville/park-ridge/floor-plans/halt,https://www.drhorton.com/alabama/birmingham/trussville/park-ridge
https://www.drhorton.com/alabama/birmingham/trussville/park-ridge/floor-plans/hamp,https://www.drhorton.com/alabama/birmingham/trussville/park-ridge
https://www.drhorton.com/alabama/birmingham/trussville/park-ridge/floor-plans/sale,https://www.drhorton.com/alabama/birmingham/trussville/park-ridge
https://www.drhorton.com/alabama/birmingham/gardendale/brookside-square/qmis/4158-coal-creek-loop,https://www.drhorton.com/alabama/birmingham/gardendale/brookside-square
https://www.drhorton.com/alabama/birmingham/gardendale/brookside-square/qmis/4162-coal-creek-loop,https://www.drhorton.com/alabama/birmingham/gardendale/brookside-square
https://www.drhorton.com/alabama/birmingham/gardendale/brookside-square/qmis/4170-coal-creek-loop,https://www.drhorton.com/alabama/birmingham/gardendale/brookside-square
https://www.drhorton.com/alabama/birmingham/gardendale/brookside-square/floor-plans/4ebf,https://www.drhorton.com/alabama/birmingham/gardendale/brookside-square
https://www.drhorton.com/alabama/birmingham/gardendale/brookside-square/floor-plans/4ehf,https://www.drhorton.com/alabama/birmingham/gardendale/brookside-square
https://www.drhorton.com/alabama/birmingham/gardendale/brookside-square/floor-plans/ardn,https://www.drhorton.com/alabama/birmingham/gardendale/brookside-square
https://www.drhorton.com/alabama/birmingham/gardendale/brookside-square/floor-plans/aron,https://www.drhorton.com/alabama/birmingham/gardendale/brookside-square
https://www.drhorton.com/alabama/birmingham/gardendale/brookside-square/floor-plans/bral,https://www.drhorton.com/alabama/birmingham/gardendale/brookside-square
https://www.drhorton.com/alabama/birmingham/gardendale/brookside-square/floor-plans/free,https://www.drhorton.com/alabama/birmingham/gardendale/brookside-square
https://www.drhorton.com/alabama/birmingham/gardendale/brookside-square/floor-plans/havn,https://www.drhorton.com/alabama/birmingham/gardendale/brookside-square
https://www.drhorton.com/alabama/birmingham/gardendale/brookside-square/floor-plans/lake,https://www.drhorton.com/alabama/birmingham/gardendale/brookside-square
https://www.drhorton.com/alabama/montgomery/pike-road/patriot-farms/qmis/728-patriot-drive,https://www.drhorton.com/alabama/montgomery/pike-road/patriot-farms
https://www.drhorton.com/alabama/montgomery/pike-road/patriot-farms/floor-plans/bake,https://www.drhorton.com/alabama/montgomery/pike-road/patriot-farms
https://www.drhorton.com/alabama/montgomery/pike-road/patriot-farms/floor-plans/calh,https://www.drhorton.com/alabama/montgomery/pike-road/patriot-farms
https://www.drhorton.com/alabama/montgomery/pike-road/patriot-farms/floor-plans/darb,https://www.drhorton.com/alabama/montgomery/pike-road/patriot-farms
https://www.drhorton.com/alabama/montgomery/pike-road/patriot-farms/floor-plans/henr,https://www.drhorton.com/alabama/montgomery/pike-road/patriot-farms
https://www.drhorton.com/alabama/montgomery/pike-road/patriot-farms/floor-plans/inze,https://www.drhorton.com/alabama/montgomery/pike-road/patriot-farms
https://www.drhorton.com/alabama/montgomery/pike-road/patriot-farms/floor-plans/irwi,https://www.drhorton.com/alabama/montgomery/pike-road/patriot-farms
https://www.drhorton.com/alabama/montgomery/pike-road/patriot-farms/floor-plans/jack,https://www.drhorton.com/alabama/montgomery/pike-road/patriot-farms
https://www.drhorton.com/alabama/montgomery/pike-road/patriot-farms/floor-plans/lawr,https://www.drhorton.com/alabama/montgomery/pike-road/patriot-farms
https://www.drhorton.com/alabama/montgomery/pike-road/patriot-farms/floor-plans/mars,https://www.drhorton.com/alabama/montgomery/pike-road/patriot-farms
https://www.drhorton.com/alabama/montgomery/pike-road/patriot-farms/floor-plans/oles,https://www.drhorton.com/alabama/montgomery/pike-road/patriot-farms
https://www.drhorton.com/alabama/montgomery/pike-road/villages-of-pike-road/floor-plans/1913,https://www.drhorton.com/alabama/montgomery/pike-road/villages-of-pike-road
https://www.drhorton.com/alabama/montgomery/pike-road/villages-of-pike-road/floor-plans/2163,https://www.drhorton.com/alabama/montgomery/pike-road/villages-of-pike-road
https://www.drhorton.com/alabama/montgomery/pike-road/villages-of-pike-road/floor-plans/2175,https://www.drhorton.com/alabama/montgomery/pike-road/villages-of-pike-road
https://www.drhorton.com/alabama/montgomery/pike-road/villages-of-pike-road/floor-plans/2392,https://www.drhorton.com/alabama/montgomery/pike-road/villages-of-pike-road
https://www.drhorton.com/alabama/montgomery/montgomery/lanes-landing/qmis/6052-cunningham-trail,https://www.drhorton.com/alabama/montgomery/montgomery/lanes-landing
https://www.drhorton.com/alabama/montgomery/montgomery/lanes-landing/floor-plans/4ebf,https://www.drhorton.com/alabama/montgomery/montgomery/lanes-landing
https://www.drhorton.com/alabama/montgomery/montgomery/lanes-landing/floor-plans/4ehf,https://www.drhorton.com/alabama/montgomery/montgomery/lanes-landing
https://www.drhorton.com/alabama/montgomery/montgomery/lanes-landing/floor-plans/4epf,https://www.drhorton.com/alabama/montgomery/montgomery/lanes-landing
https://www.drhorton.com/alabama/montgomery/montgomery/lanes-landing/floor-plans/free,https://www.drhorton.com/alabama/montgomery/montgomery/lanes-landing
https://www.drhorton.com/alabama/montgomery/montgomery/lanes-landing/floor-plans/opel,https://www.drhorton.com/alabama/montgomery/montgomery/lanes-landing
https://www.drhorton.com/alabama/montgomery/montgomery/taylor-lakes/qmis/4816-monarch-pass,https://www.drhorton.com/alabama/montgomery/montgomery/taylor-lakes
https://www.drhorton.com/alabama/montgomery/montgomery/taylor-lakes/qmis/6420-firefly-lane,https://www.drhorton.com/alabama/montgomery/montgomery/taylor-lakes
https://www.drhorton.com/alabama/montgomery/montgomery/taylor-lakes/qmis/6502-firefly-lane,https://www.drhorton.com/alabama/montgomery/montgomery/taylor-lakes
https://www.drhorton.com/alabama/montgomery/montgomery/taylor-lakes/floor-plans/1618,https://www.drhorton.com/alabama/montgomery/montgomery/taylor-lakes
https://www.drhorton.com/alabama/montgomery/montgomery/taylor-lakes/floor-plans/caro,https://www.drhorton.com/alabama/montgomery/montgomery/taylor-lakes
https://www.drhorton.com/alabama/montgomery/montgomery/taylor-lakes/floor-plans/dest,https://www.drhorton.com/alabama/montgomery/montgomery/taylor-lakes
https://www.drhorton.com/alabama/montgomery/montgomery/taylor-lakes/floor-plans/lama,https://www.drhorton.com/alabama/montgomery/montgomery/taylor-lakes
https://www.drhorton.com/alabama/montgomery/montgomery/taylor-lakes/floor-plans/midl,https://www.drhorton.com/alabama/montgomery/montgomery/taylor-lakes
https://www.drhorton.com/alabama/montgomery/montgomery/taylor-lakes/floor-plans/pipe,https://www.drhorton.com/alabama/montgomery/montgomery/taylor-lakes
https://www.drhorton.com/alabama/montgomery/montgomery/taylor-lakes/floor-plans/rhet,https://www.drhorton.com/alabama/montgomery/montgomery/taylor-lakes
https://www.drhorton.com/alabama/montgomery/montgomery/mclemore-spur/qmis/6909-buffalo-trace,https://www.drhorton.com/alabama/montgomery/montgomery/mclemore-spur
https://www.drhorton.com/alabama/montgomery/montgomery/mclemore-spur/qmis/6916-buffalo-trace,https://www.drhorton.com/alabama/montgomery/montgomery/mclemore-spur
https://www.drhorton.com/alabama/montgomery/montgomery/mclemore-spur/qmis/7339-orange-blossom-way,https://www.drhorton.com/alabama/montgomery/montgomery/mclemore-spur
https://www.drhorton.com/alabama/montgomery/montgomery/mclemore-spur/qmis/7342-orange-blossom-way,https://www.drhorton.com/alabama/montgomery/montgomery/mclemore-spur
https://www.drhorton.com/alabama/montgomery/montgomery/mclemore-spur/qmis/7350-orange-blossom-way,https://www.drhorton.com/alabama/montgomery/montgomery/mclemore-spur
https://www.drhorton.com/alabama/montgomery/montgomery/mclemore-spur/floor-plans/1617,https://www.drhorton.com/alabama/montgomery/montgomery/mclemore-spur
https://www.drhorton.com/alabama/montgomery/montgomery/mclemore-spur/floor-plans/1618,https://www.drhorton.com/alabama/montgomery/montgomery/mclemore-spur
https://www.drhorton.com/alabama/montgomery/montgomery/mclemore-spur/floor-plans/4ebf,https://www.drhorton.com/alabama/montgomery/montgomery/mclemore-spur
https://www.drhorton.com/alabama/montgomery/montgomery/mclemore-spur/floor-plans/4epf,https://www.drhorton.com/alabama/montgomery/montgomery/mclemore-spur
https://www.drhorton.com/alabama/montgomery/montgomery/mclemore-spur/floor-plans/lake,https://www.drhorton.com/alabama/montgomery/montgomery/mclemore-spur
https://www.drhorton.com/alabama/montgomery/montgomery/mclemore-spur/floor-plans/mazi,https://www.drhorton.com/alabama/montgomery/montgomery/mclemore-spur
https://www.drhorton.com/alabama/montgomery/montgomery/mclemore-spur/floor-plans/opel,https://www.drhorton.com/alabama/montgomery/montgomery/mclemore-spur
https://www.drhorton.com/alabama/montgomery/montgomery/chase-creek/qmis/3107-leo-lane,https://www.drhorton.com/alabama/montgomery/montgomery/chase-creek
https://www.drhorton.com/alabama/montgomery/montgomery/chase-creek/qmis/3216-knotts-drive,https://www.drhorton.com/alabama/montgomery/montgomery/chase-creek
https://www.drhorton.com/alabama/montgomery/montgomery/chase-creek/qmis/3320-knotts-drive,https://www.drhorton.com/alabama/montgomery/montgomery/chase-creek
https://www.drhorton.com/alabama/montgomery/montgomery/chase-creek/qmis/3329-knotts-drive,https://www.drhorton.com/alabama/montgomery/montgomery/chase-creek
https://www.drhorton.com/alabama/montgomery/montgomery/chase-creek/floor-plans/4ebf,https://www.drhorton.com/alabama/montgomery/montgomery/chase-creek
https://www.drhorton.com/alabama/montgomery/montgomery/chase-creek/floor-plans/4ehf,https://www.drhorton.com/alabama/montgomery/montgomery/chase-creek
https://www.drhorton.com/alabama/montgomery/montgomery/chase-creek/floor-plans/4sbf,https://www.drhorton.com/alabama/montgomery/montgomery/chase-creek
https://www.drhorton.com/alabama/montgomery/montgomery/chase-creek/floor-plans/cami,https://www.drhorton.com/alabama/montgomery/montgomery/chase-creek
https://www.drhorton.com/alabama/montgomery/montgomery/chase-creek/floor-plans/deli,https://www.drhorton.com/alabama/montgomery/montgomery/chase-creek
https://www.drhorton.com/alabama/montgomery/montgomery/chase-creek/floor-plans/free,https://www.drhorton.com/alabama/montgomery/montgomery/chase-creek
https://www.drhorton.com/alabama/montgomery/montgomery/chase-creek/floor-plans/jula,https://www.drhorton.com/alabama/montgomery/montgomery/chase-creek
https://www.drhorton.com/alabama/montgomery/montgomery/chase-creek/floor-plans/kell,https://www.drhorton.com/alabama/montgomery/montgomery/chase-creek
https://www.drhorton.com/alabama/montgomery/wetumpka/laurel-ridge/qmis/149-brees-way,https://www.drhorton.com/alabama/montgomery/wetumpka/laurel-ridge
https://www.drhorton.com/alabama/montgomery/wetumpka/laurel-ridge/qmis/171-brees-way,https://www.drhorton.com/alabama/montgomery/wetumpka/laurel-ridge
https://www.drhorton.com/alabama/montgomery/wetumpka/laurel-ridge/qmis/38-clemmensen-street,https://www.drhorton.com/alabama/montgomery/wetumpka/laurel-ridge
https://www.drhorton.com/alabama/montgomery/wetumpka/laurel-ridge/floor-plans/camd,https://www.drhorton.com/alabama/montgomery/wetumpka/laurel-ridge
https://www.drhorton.com/alabama/montgomery/wetumpka/laurel-ridge/floor-plans/dest,https://www.drhorton.com/alabama/montgomery/wetumpka/laurel-ridge
https://www.drhorton.com/alabama/montgomery/wetumpka/laurel-ridge/floor-plans/hawt,https://www.drhorton.com/alabama/montgomery/wetumpka/laurel-ridge
https://www.drhorton.com/alabama/montgomery/wetumpka/laurel-ridge/floor-plans/madi,https://www.drhorton.com/alabama/montgomery/wetumpka/laurel-ridge
https://www.drhorton.com/alabama/montgomery/wetumpka/laurel-ridge/floor-plans/oxfo,https://www.drhorton.com/alabama/montgomery/wetumpka/laurel-ridge
https://www.drhorton.com/alabama/montgomery/wetumpka/laurel-ridge/floor-plans/rhet,https://www.drhorton.com/alabama/montgomery/wetumpka/laurel-ridge
https://www.drhorton.com/alabama/birmingham/chelsea/stonehenge/qmis/253-willoughby-road,https://www.drhorton.com/alabama/birmingham/chelsea/stonehenge
https://www.drhorton.com/alabama/birmingham/chelsea/stonehenge/qmis/256-willoughby-road,https://www.drhorton.com/alabama/birmingham/chelsea/stonehenge
https://www.drhorton.com/alabama/birmingham/chelsea/stonehenge/qmis/257-willoughby-road,https://www.drhorton.com/alabama/birmingham/chelsea/stonehenge
https://www.drhorton.com/alabama/birmingham/chelsea/stonehenge/qmis/264-willoughby-road,https://www.drhorton.com/alabama/birmingham/chelsea/stonehenge
https://www.drhorton.com/alabama/birmingham/chelsea/stonehenge/qmis/265-willoughby-road,https://www.drhorton.com/alabama/birmingham/chelsea/stonehenge
https://www.drhorton.com/alabama/birmingham/chelsea/stonehenge/qmis/296-willoughby-road,https://www.drhorton.com/alabama/birmingham/chelsea/stonehenge
https://www.drhorton.com/alabama/birmingham/chelsea/stonehenge/qmis/304-willoughby-road,https://www.drhorton.com/alabama/birmingham/chelsea/stonehenge
https://www.drhorton.com/alabama/birmingham/chelsea/stonehenge/qmis/309-willoughby-road,https://www.drhorton.com/alabama/birmingham/chelsea/stonehenge
https://www.drhorton.com/alabama/birmingham/chelsea/stonehenge/floor-plans/4ebf,https://www.drhorton.com/alabama/birmingham/chelsea/stonehenge
https://www.drhorton.com/alabama/birmingham/chelsea/stonehenge/floor-plans/aldr,https://www.drhorton.com/alabama/birmingham/chelsea/stonehenge
https://www.drhorton.com/alabama/birmingham/chelsea/stonehenge/floor-plans/aron,https://www.drhorton.com/alabama/birmingham/chelsea/stonehenge
https://www.drhorton.com/alabama/birmingham/chelsea/stonehenge/floor-plans/burk,https://www.drhorton.com/alabama/birmingham/chelsea/stonehenge
https://www.drhorton.com/alabama/birmingham/chelsea/stonehenge/floor-plans/elst,https://www.drhorton.com/alabama/birmingham/chelsea/stonehenge
https://www.drhorton.com/alabama/birmingham/chelsea/stonehenge/floor-plans/free,https://www.drhorton.com/alabama/birmingham/chelsea/stonehenge
https://www.drhorton.com/alabama/birmingham/chelsea/stonehenge/floor-plans/lake,https://www.drhorton.com/alabama/birmingham/chelsea/stonehenge
https://www.drhorton.com/alabama/birmingham/chelsea/stonehenge/floor-plans/tayl,https://www.drhorton.com/alabama/birmingham/chelsea/stonehenge
https://www.drhorton.com/alabama/montgomery/montgomery/windsor-hills/qmis/1705-windsor-hill-ln,https://www.drhorton.com/alabama/montgomery/montgomery/windsor-hills
https://www.drhorton.com/alabama/montgomery/montgomery/windsor-hills/qmis/3707-donigle-park,https://www.drhorton.com/alabama/montgomery/montgomery/windsor-hills
https://www.drhorton.com/alabama/montgomery/montgomery/windsor-hills/floor-plans/2175,https://www.drhorton.com/alabama/montgomery/montgomery/windsor-hills
https://www.drhorton.com/alabama/montgomery/montgomery/windsor-hills/floor-plans/2183,https://www.drhorton.com/alabama/montgomery/montgomery/windsor-hills
https://www.drhorton.com/alabama/montgomery/montgomery/windsor-hills/floor-plans/2315,https://www.drhorton.com/alabama/montgomery/montgomery/windsor-hills
https://www.drhorton.com/alabama/montgomery/montgomery/windsor-hills/floor-plans/2392,https://www.drhorton.com/alabama/montgomery/montgomery/windsor-hills
https://www.drhorton.com/alabama/montgomery/montgomery/windsor-hills/floor-plans/2531,https://www.drhorton.com/alabama/montgomery/montgomery/windsor-hills
https://www.drhorton.com/alabama/birmingham/chelsea/chelsea-park/qmis/1382-chelsea-park-trail,https://www.drhorton.com/alabama/birmingham/chelsea/chelsea-park
https://www.drhorton.com/alabama/birmingham/chelsea/chelsea-park/qmis/1395-chelsea-park-trail,https://www.drhorton.com/alabama/birmingham/chelsea/chelsea-park
https://www.drhorton.com/alabama/birmingham/chelsea/chelsea-park/qmis/1419-chelsea-park-trail,https://www.drhorton.com/alabama/birmingham/chelsea/chelsea-park
https://www.drhorton.com/alabama/birmingham/chelsea/chelsea-park/qmis/1423-chelsea-park-trail,https://www.drhorton.com/alabama/birmingham/chelsea/chelsea-park
https://www.drhorton.com/alabama/birmingham/chelsea/chelsea-park/qmis/9890-chelsea-park-trail,https://www.drhorton.com/alabama/birmingham/chelsea/chelsea-park
https://www.drhorton.com/alabama/birmingham/chelsea/chelsea-park/qmis/9894-chelsea-park-trail,https://www.drhorton.com/alabama/birmingham/chelsea/chelsea-park
https://www.drhorton.com/alabama/birmingham/chelsea/chelsea-park/qmis/9898-chelsea-park-trail,https://www.drhorton.com/alabama/birmingham/chelsea/chelsea-park
https://www.drhorton.com/alabama/birmingham/chelsea/chelsea-park/floor-plans/2305,https://www.drhorton.com/alabama/birmingham/chelsea/chelsea-park
https://www.drhorton.com/alabama/birmingham/chelsea/chelsea-park/floor-plans/aria,https://www.drhorton.com/alabama/birmingham/chelsea/chelsea-park
https://www.drhorton.com/alabama/birmingham/chelsea/chelsea-park/floor-plans/belf,https://www.drhorton.com/alabama/birmingham/chelsea/chelsea-park
https://www.drhorton.com/alabama/birmingham/chelsea/chelsea-park/floor-plans/caro,https://www.drhorton.com/alabama/birmingham/chelsea/chelsea-park
https://www.drhorton.com/alabama/birmingham/chelsea/chelsea-park/floor-plans/darw,https://www.drhorton.com/alabama/birmingham/chelsea/chelsea-park
https://www.drhorton.com/alabama/birmingham/chelsea/chelsea-park/floor-plans/gale,https://www.drhorton.com/alabama/birmingham/chelsea/chelsea-park
https://www.drhorton.com/alabama/birmingham/chelsea/chelsea-park/floor-plans/oliv,https://www.drhorton.com/alabama/birmingham/chelsea/chelsea-park
https://www.drhorton.com/alabama/birmingham/chelsea/chelsea-park/floor-plans/rhet,https://www.drhorton.com/alabama/birmingham/chelsea/chelsea-park
https://www.drhorton.com/alabama/birmingham/chelsea/chelsea-park/floor-plans/ryan,https://www.drhorton.com/alabama/birmingham/chelsea/chelsea-park
https://www.drhorton.com/alabama/birmingham/chelsea/chelsea-park/floor-plans/sale,https://www.drhorton.com/alabama/birmingham/chelsea/chelsea-park
https://www.drhorton.com/alabama/birmingham/chelsea/chelsea-park/floor-plans/tayl,https://www.drhorton.com/alabama/birmingham/chelsea/chelsea-park
https://www.drhorton.com/alabama/birmingham/chelsea/chelsea-acres/qmis/268-halifax-lane,https://www.drhorton.com/alabama/birmingham/chelsea/chelsea-acres
https://www.drhorton.com/alabama/birmingham/chelsea/chelsea-acres/qmis/287-halifax-lane,https://www.drhorton.com/alabama/birmingham/chelsea/chelsea-acres
https://www.drhorton.com/alabama/birmingham/chelsea/chelsea-acres/qmis/300-halifax-lane,https://www.drhorton.com/alabama/birmingham/chelsea/chelsea-acres
https://www.drhorton.com/alabama/birmingham/chelsea/chelsea-acres/qmis/304-halifax-lane,https://www.drhorton.com/alabama/birmingham/chelsea/chelsea-acres
https://www.drhorton.com/alabama/birmingham/chelsea/chelsea-acres/qmis/508-foggy-brook-loop,https://www.drhorton.com/alabama/birmingham/chelsea/chelsea-acres
https://www.drhorton.com/alabama/birmingham/chelsea/chelsea-acres/qmis/513-foggy-brook-loop,https://www.drhorton.com/alabama/birmingham/chelsea/chelsea-acres
https://www.drhorton.com/alabama/birmingham/chelsea/chelsea-acres/qmis/517-foggy-brook-loop,https://www.drhorton.com/alabama/birmingham/chelsea/chelsea-acres
https://www.drhorton.com/alabama/birmingham/chelsea/chelsea-acres/qmis/520-foggy-brook-loop,https://www.drhorton.com/alabama/birmingham/chelsea/chelsea-acres
https://www.drhorton.com/alabama/birmingham/chelsea/chelsea-acres/qmis/521-foggy-brook-loop,https://www.drhorton.com/alabama/birmingham/chelsea/chelsea-acres
https://www.drhorton.com/alabama/birmingham/chelsea/chelsea-acres/qmis/525-foggy-brook-loop,https://www.drhorton.com/alabama/birmingham/chelsea/chelsea-acres
https://www.drhorton.com/alabama/birmingham/chelsea/chelsea-acres/qmis/544-foggy-brook-loop,https://www.drhorton.com/alabama/birmingham/chelsea/chelsea-acres
https://www.drhorton.com/alabama/birmingham/chelsea/chelsea-acres/qmis/552-foggy-brook-loop,https://www.drhorton.com/alabama/birmingham/chelsea/chelsea-acres
https://www.drhorton.com/alabama/birmingham/chelsea/chelsea-acres/qmis/597-fish-camp-road,https://www.drhorton.com/alabama/birmingham/chelsea/chelsea-acres
https://www.drhorton.com/alabama/birmingham/chelsea/chelsea-acres/qmis/613-fish-camp-road,https://www.drhorton.com/alabama/birmingham/chelsea/chelsea-acres
https://www.drhorton.com/alabama/birmingham/chelsea/chelsea-acres/qmis/617-fish-camp-road,https://www.drhorton.com/alabama/birmingham/chelsea/chelsea-acres
https://www.drhorton.com/alabama/birmingham/chelsea/chelsea-acres/qmis/721-empire-ave,https://www.drhorton.com/alabama/birmingham/chelsea/chelsea-acres
https://www.drhorton.com/alabama/birmingham/chelsea/chelsea-acres/floor-plans/4ebf,https://www.drhorton.com/alabama/birmingham/chelsea/chelsea-acres
https://www.drhorton.com/alabama/birmingham/chelsea/chelsea-acres/floor-plans/4ehf,https://www.drhorton.com/alabama/birmingham/chelsea/chelsea-acres
https://www.drhorton.com/alabama/birmingham/chelsea/chelsea-acres/floor-plans/5ecf,https://www.drhorton.com/alabama/birmingham/chelsea/chelsea-acres
https://www.drhorton.com/alabama/birmingham/chelsea/chelsea-acres/floor-plans/5edf,https://www.drhorton.com/alabama/birmingham/chelsea/chelsea-acres
https://www.drhorton.com/alabama/birmingham/chelsea/chelsea-acres/floor-plans/ardn,https://www.drhorton.com/alabama/birmingham/chelsea/chelsea-acres
https://www.drhorton.com/alabama/birmingham/chelsea/chelsea-acres/floor-plans/belf,https://www.drhorton.com/alabama/birmingham/chelsea/chelsea-acres
https://www.drhorton.com/alabama/birmingham/chelsea/chelsea-acres/floor-plans/caro,https://www.drhorton.com/alabama/birmingham/chelsea/chelsea-acres
https://www.drhorton.com/alabama/birmingham/chelsea/chelsea-acres/floor-plans/clay,https://www.drhorton.com/alabama/birmingham/chelsea/chelsea-acres
https://www.drhorton.com/alabama/birmingham/chelsea/chelsea-acres/floor-plans/dest,https://www.drhorton.com/alabama/birmingham/chelsea/chelsea-acres
https://www.drhorton.com/alabama/birmingham/chelsea/chelsea-acres/floor-plans/gale,https://www.drhorton.com/alabama/birmingham/chelsea/chelsea-acres
https://www.drhorton.com/alabama/birmingham/chelsea/chelsea-acres/floor-plans/halt,https://www.drhorton.com/alabama/birmingham/chelsea/chelsea-acres
https://www.drhorton.com/alabama/birmingham/chelsea/chelsea-acres/floor-plans/hamp,https://www.drhorton.com/alabama/birmingham/chelsea/chelsea-acres
https://www.drhorton.com/alabama/birmingham/chelsea/chelsea-acres/floor-plans/havn,https://www.drhorton.com/alabama/birmingham/chelsea/chelsea-acres
https://www.drhorton.com/alabama/birmingham/chelsea/chelsea-acres/floor-plans/iris,https://www.drhorton.com/alabama/birmingham/chelsea/chelsea-acres
https://www.drhorton.com/alabama/birmingham/chelsea/chelsea-acres/floor-plans/lake,https://www.drhorton.com/alabama/birmingham/chelsea/chelsea-acres
https://www.drhorton.com/alabama/birmingham/chelsea/chelsea-acres/floor-plans/madn,https://www.drhorton.com/alabama/birmingham/chelsea/chelsea-acres
https://www.drhorton.com/alabama/birmingham/chelsea/chelsea-acres/floor-plans/oakd,https://www.drhorton.com/alabama/birmingham/chelsea/chelsea-acres
https://www.drhorton.com/alabama/birmingham/chelsea/chelsea-acres/floor-plans/penw,https://www.drhorton.com/alabama/birmingham/chelsea/chelsea-acres
https://www.drhorton.com/alabama/birmingham/chelsea/chelsea-acres/floor-plans/sale,https://www.drhorton.com/alabama/birmingham/chelsea/chelsea-acres
https://www.drhorton.com/alabama/birmingham/bessemer/heritage-crest/qmis/3847-heritage-crest-drive,https://www.drhorton.com/alabama/birmingham/bessemer/heritage-crest
https://www.drhorton.com/alabama/birmingham/bessemer/heritage-crest/qmis/3866-heritage-crest-drive,https://www.drhorton.com/alabama/birmingham/bessemer/heritage-crest
https://www.drhorton.com/alabama/birmingham/bessemer/heritage-crest/floor-plans/4ebf,https://www.drhorton.com/alabama/birmingham/bessemer/heritage-crest
https://www.drhorton.com/alabama/birmingham/bessemer/heritage-crest/floor-plans/aron,https://www.drhorton.com/alabama/birmingham/bessemer/heritage-crest
https://www.drhorton.com/alabama/birmingham/bessemer/heritage-crest/floor-plans/bowe,https://www.drhorton.com/alabama/birmingham/bessemer/heritage-crest
https://www.drhorton.com/alabama/birmingham/bessemer/heritage-crest/floor-plans/free,https://www.drhorton.com/alabama/birmingham/bessemer/heritage-crest
https://www.drhorton.com/alabama/birmingham/bessemer/heritage-crest/floor-plans/penw,https://www.drhorton.com/alabama/birmingham/bessemer/heritage-crest
https://www.drhorton.com/alabama/birmingham/bessemer/heritage-crest/floor-plans/popp,https://www.drhorton.com/alabama/birmingham/bessemer/heritage-crest
https://www.drhorton.com/alabama/birmingham/bessemer/heritage-crest/floor-plans/ryke,https://www.drhorton.com/alabama/birmingham/bessemer/heritage-crest
https://www.drhorton.com/alabama/birmingham/bessemer/rosser-farms/qmis/4449-rosser-farms-pkwy,https://www.drhorton.com/alabama/birmingham/bessemer/rosser-farms
https://www.drhorton.com/alabama/birmingham/bessemer/rosser-farms/qmis/5554-post-oak-trail,https://www.drhorton.com/alabama/birmingham/bessemer/rosser-farms
https://www.drhorton.com/alabama/birmingham/bessemer/rosser-farms/qmis/5566-post-oak-trail,https://www.drhorton.com/alabama/birmingham/bessemer/rosser-farms
https://www.drhorton.com/alabama/birmingham/bessemer/rosser-farms/qmis/5567-post-oak-trail,https://www.drhorton.com/alabama/birmingham/bessemer/rosser-farms
https://www.drhorton.com/alabama/birmingham/bessemer/rosser-farms/qmis/5570-post-oak-trail,https://www.drhorton.com/alabama/birmingham/bessemer/rosser-farms
https://www.drhorton.com/alabama/birmingham/bessemer/rosser-farms/qmis/5574-post-oak-trail,https://www.drhorton.com/alabama/birmingham/bessemer/rosser-farms
https://www.drhorton.com/alabama/birmingham/bessemer/rosser-farms/qmis/5578-post-oak-trail,https://www.drhorton.com/alabama/birmingham/bessemer/rosser-farms
https://www.drhorton.com/alabama/birmingham/bessemer/rosser-farms/qmis/5579-post-oak-trail,https://www.drhorton.com/alabama/birmingham/bessemer/rosser-farms
https://www.drhorton.com/alabama/birmingham/bessemer/rosser-farms/qmis/5586-post-oak-trail,https://www.drhorton.com/alabama/birmingham/bessemer/rosser-farms
https://www.drhorton.com/alabama/birmingham/bessemer/rosser-farms/floor-plans/aria,https://www.drhorton.com/alabama/birmingham/bessemer/rosser-farms
https://www.drhorton.com/alabama/birmingham/bessemer/rosser-farms/floor-plans/belf,https://www.drhorton.com/alabama/birmingham/bessemer/rosser-farms
https://www.drhorton.com/alabama/birmingham/bessemer/rosser-farms/floor-plans/caro,https://www.drhorton.com/alabama/birmingham/bessemer/rosser-farms
https://www.drhorton.com/alabama/birmingham/bessemer/rosser-farms/floor-plans/darw,https://www.drhorton.com/alabama/birmingham/bessemer/rosser-farms
https://www.drhorton.com/alabama/birmingham/bessemer/rosser-farms/floor-plans/elst,https://www.drhorton.com/alabama/birmingham/bessemer/rosser-farms
https://www.drhorton.com/alabama/birmingham/bessemer/rosser-farms/floor-plans/halt,https://www.drhorton.com/alabama/birmingham/bessemer/rosser-farms
https://www.drhorton.com/alabama/birmingham/bessemer/rosser-farms/floor-plans/oliv,https://www.drhorton.com/alabama/birmingham/bessemer/rosser-farms
https://www.drhorton.com/alabama/birmingham/bessemer/rosser-farms/floor-plans/rhet,https://www.drhorton.com/alabama/birmingham/bessemer/rosser-farms
https://www.drhorton.com/alabama/birmingham/bessemer/rosser-farms/floor-plans/ryan,https://www.drhorton.com/alabama/birmingham/bessemer/rosser-farms
https://www.drhorton.com/alabama/birmingham/bessemer/rosser-farms/floor-plans/sale,https://www.drhorton.com/alabama/birmingham/bessemer/rosser-farms
https://www.drhorton.com/alabama/birmingham/columbiana/saddlewood-trails/qmis/256-saddlewood-trails-pkwy,https://www.drhorton.com/alabama/birmingham/columbiana/saddlewood-trails
https://www.drhorton.com/alabama/birmingham/columbiana/saddlewood-trails/qmis/552-saddlewood-bend,https://www.drhorton.com/alabama/birmingham/columbiana/saddlewood-trails
https://www.drhorton.com/alabama/birmingham/columbiana/saddlewood-trails/qmis/556-saddlewood-bend,https://www.drhorton.com/alabama/birmingham/columbiana/saddlewood-trails
https://www.drhorton.com/alabama/birmingham/columbiana/saddlewood-trails/qmis/557-saddlewood-bend,https://www.drhorton.com/alabama/birmingham/columbiana/saddlewood-trails
https://www.drhorton.com/alabama/birmingham/columbiana/saddlewood-trails/qmis/643-saddlewood-lane,https://www.drhorton.com/alabama/birmingham/columbiana/saddlewood-trails
https://www.drhorton.com/alabama/birmingham/columbiana/saddlewood-trails/qmis/644-saddlewood-lane,https://www.drhorton.com/alabama/birmingham/columbiana/saddlewood-trails
https://www.drhorton.com/alabama/birmingham/columbiana/saddlewood-trails/floor-plans/4ebf,https://www.drhorton.com/alabama/birmingham/columbiana/saddlewood-trails
https://www.drhorton.com/alabama/birmingham/columbiana/saddlewood-trails/floor-plans/4ehf,https://www.drhorton.com/alabama/birmingham/columbiana/saddlewood-trails
https://www.drhorton.com/alabama/birmingham/columbiana/saddlewood-trails/floor-plans/aldr,https://www.drhorton.com/alabama/birmingham/columbiana/saddlewood-trails
https://www.drhorton.com/alabama/birmingham/columbiana/saddlewood-trails/floor-plans/aron,https://www.drhorton.com/alabama/birmingham/columbiana/saddlewood-trails
https://www.drhorton.com/alabama/birmingham/columbiana/saddlewood-trails/floor-plans/free,https://www.drhorton.com/alabama/birmingham/columbiana/saddlewood-trails
https://www.drhorton.com/alabama/birmingham/columbiana/saddlewood-trails/floor-plans/penw,https://www.drhorton.com/alabama/birmingham/columbiana/saddlewood-trails
https://www.drhorton.com/alabama/birmingham/columbiana/saddlewood-trails/floor-plans/tayl,https://www.drhorton.com/alabama/birmingham/columbiana/saddlewood-trails
https://www.drhorton.com/alabama/birmingham/alabaster/peavine-crossing/qmis/404-peavine-cove,https://www.drhorton.com/alabama/birmingham/alabaster/peavine-crossing
https://www.drhorton.com/alabama/birmingham/alabaster/peavine-crossing/qmis/501-peavine-crossing-pkwy,https://www.drhorton.com/alabama/birmingham/alabaster/peavine-crossing
https://www.drhorton.com/alabama/birmingham/alabaster/peavine-crossing/qmis/503-peavine-crossing-pkwy,https://www.drhorton.com/alabama/birmingham/alabaster/peavine-crossing
https://www.drhorton.com/alabama/birmingham/alabaster/peavine-crossing/qmis/505-peavine-crossing-pkwy,https://www.drhorton.com/alabama/birmingham/alabaster/peavine-crossing
https://www.drhorton.com/alabama/birmingham/alabaster/peavine-crossing/qmis/509-peavine-crossing-parkway,https://www.drhorton.com/alabama/birmingham/alabaster/peavine-crossing
https://www.drhorton.com/alabama/birmingham/alabaster/peavine-crossing/qmis/812-peavine-crossing-parkway,https://www.drhorton.com/alabama/birmingham/alabaster/peavine-crossing
https://www.drhorton.com/alabama/birmingham/alabaster/peavine-crossing/qmis/820-peavine-crossing-parkway,https://www.drhorton.com/alabama/birmingham/alabaster/peavine-crossing
https://www.drhorton.com/alabama/birmingham/alabaster/peavine-crossing/qmis/829-peavine-crossing-parkway,https://www.drhorton.com/alabama/birmingham/alabaster/peavine-crossing
https://www.drhorton.com/alabama/birmingham/alabaster/peavine-crossing/floor-plans/darw,https://www.drhorton.com/alabama/birmingham/alabaster/peavine-crossing
https://www.drhorton.com/alabama/birmingham/alabaster/peavine-crossing/floor-plans/oliv,https://www.drhorton.com/alabama/birmingham/alabaster/peavine-crossing
https://www.drhorton.com/alabama/birmingham/alabaster/peavine-crossing/floor-plans/patt,https://www.drhorton.com/alabama/birmingham/alabaster/peavine-crossing
https://www.drhorton.com/alabama/birmingham/alabaster/peavine-crossing/floor-plans/ryan,https://www.drhorton.com/alabama/birmingham/alabaster/peavine-crossing
https://www.drhorton.com/alabama/birmingham/alabaster/peavine-crossing/floor-plans/tatm,https://www.drhorton.com/alabama/birmingham/alabaster/peavine-crossing
https://www.drhorton.com/alabama/montgomery/prattville/magnolia-ridge/floor-plans/caro,https://www.drhorton.com/alabama/montgomery/prattville/magnolia-ridge
https://www.drhorton.com/alabama/montgomery/prattville/magnolia-ridge/floor-plans/dest,https://www.drhorton.com/alabama/montgomery/prattville/magnolia-ridge
https://www.drhorton.com/alabama/montgomery/prattville/magnolia-ridge/floor-plans/hawt,https://www.drhorton.com/alabama/montgomery/prattville/magnolia-ridge
https://www.drhorton.com/alabama/montgomery/prattville/magnolia-ridge/floor-plans/lama,https://www.drhorton.com/alabama/montgomery/prattville/magnolia-ridge
https://www.drhorton.com/alabama/montgomery/prattville/magnolia-ridge/floor-plans/madi,https://www.drhorton.com/alabama/montgomery/prattville/magnolia-ridge
https://www.drhorton.com/alabama/montgomery/prattville/magnolia-ridge/floor-plans/midl,https://www.drhorton.com/alabama/montgomery/prattville/magnolia-ridge
https://www.drhorton.com/alabama/montgomery/prattville/magnolia-ridge/floor-plans/rhet,https://www.drhorton.com/alabama/montgomery/prattville/magnolia-ridge
https://www.drhorton.com/alabama/montgomery/prattville/magnolia-ridge/floor-plans/rive,https://www.drhorton.com/alabama/montgomery/prattville/magnolia-ridge
https://www.drhorton.com/alabama/montgomery/prattville/highland-farms/qmis/1005-kelly-way,https://www.drhorton.com/alabama/montgomery/prattville/highland-farms
https://www.drhorton.com/alabama/montgomery/prattville/highland-farms/qmis/1029-garden-lane,https://www.drhorton.com/alabama/montgomery/prattville/highland-farms
https://www.drhorton.com/alabama/montgomery/prattville/highland-farms/qmis/1031-garden-lane,https://www.drhorton.com/alabama/montgomery/prattville/highland-farms
https://www.drhorton.com/alabama/montgomery/prattville/highland-farms/floor-plans/beau,https://www.drhorton.com/alabama/montgomery/prattville/highland-farms
https://www.drhorton.com/alabama/montgomery/prattville/highland-farms/floor-plans/cree,https://www.drhorton.com/alabama/montgomery/prattville/highland-farms
https://www.drhorton.com/alabama/montgomery/prattville/highland-farms/floor-plans/free,https://www.drhorton.com/alabama/montgomery/prattville/highland-farms
https://www.drhorton.com/alabama/montgomery/prattville/highland-farms/floor-plans/harp,https://www.drhorton.com/alabama/montgomery/prattville/highland-farms
https://www.drhorton.com/alabama/montgomery/prattville/highland-farms/floor-plans/kyle,https://www.drhorton.com/alabama/montgomery/prattville/highland-farms
https://www.drhorton.com/alabama/montgomery/prattville/highland-farms/floor-plans/lake,https://www.drhorton.com/alabama/montgomery/prattville/highland-farms
https://www.drhorton.com/alabama/montgomery/prattville/highland-farms/floor-plans/mazi,https://www.drhorton.com/alabama/montgomery/prattville/highland-farms
https://www.drhorton.com/alabama/montgomery/prattville/highland-farms/floor-plans/ozar,https://www.drhorton.com/alabama/montgomery/prattville/highland-farms
https://www.drhorton.com/alabama/montgomery/prattville/highland-farms/floor-plans/will,https://www.drhorton.com/alabama/montgomery/prattville/highland-farms
https://www.drhorton.com/alabama/birmingham/mccalla/mccalla-trace/qmis/4701-newbridge-circle,https://www.drhorton.com/alabama/birmingham/mccalla/mccalla-trace
https://www.drhorton.com/alabama/birmingham/mccalla/mccalla-trace/qmis/4705-newbridge-circle,https://www.drhorton.com/alabama/birmingham/mccalla/mccalla-trace
https://www.drhorton.com/alabama/birmingham/mccalla/mccalla-trace/qmis/4709-newbridge-circle,https://www.drhorton.com/alabama/birmingham/mccalla/mccalla-trace
https://www.drhorton.com/alabama/birmingham/mccalla/mccalla-trace/qmis/4893-newbridge-blvd,https://www.drhorton.com/alabama/birmingham/mccalla/mccalla-trace
https://www.drhorton.com/alabama/birmingham/mccalla/mccalla-trace/qmis/4898-newbridge-blvd,https://www.drhorton.com/alabama/birmingham/mccalla/mccalla-trace
https://www.drhorton.com/alabama/birmingham/mccalla/mccalla-trace/qmis/6663-newbridge-cove,https://www.drhorton.com/alabama/birmingham/mccalla/mccalla-trace
https://www.drhorton.com/alabama/birmingham/mccalla/mccalla-trace/qmis/6667-newbridge-cove,https://www.drhorton.com/alabama/birmingham/mccalla/mccalla-trace
https://www.drhorton.com/alabama/birmingham/mccalla/mccalla-trace/floor-plans/4ebf,https://www.drhorton.com/alabama/birmingham/mccalla/mccalla-trace
https://www.drhorton.com/alabama/birmingham/mccalla/mccalla-trace/floor-plans/4ehf,https://www.drhorton.com/alabama/birmingham/mccalla/mccalla-trace
https://www.drhorton.com/alabama/birmingham/mccalla/mccalla-trace/floor-plans/aldr,https://www.drhorton.com/alabama/birmingham/mccalla/mccalla-trace
https://www.drhorton.com/alabama/birmingham/mccalla/mccalla-trace/floor-plans/aron,https://www.drhorton.com/alabama/birmingham/mccalla/mccalla-trace
https://www.drhorton.com/alabama/birmingham/mccalla/mccalla-trace/floor-plans/free,https://www.drhorton.com/alabama/birmingham/mccalla/mccalla-trace
https://www.drhorton.com/alabama/birmingham/mccalla/mccalla-trace/floor-plans/penw,https://www.drhorton.com/alabama/birmingham/mccalla/mccalla-trace
https://www.drhorton.com/alabama/birmingham/bessemer/willow-trace/qmis/6273-willow-trace-drive,https://www.drhorton.com/alabama/birmingham/bessemer/willow-trace
https://www.drhorton.com/alabama/birmingham/bessemer/willow-trace/qmis/6285-willow-trace-drive,https://www.drhorton.com/alabama/birmingham/bessemer/willow-trace
https://www.drhorton.com/alabama/birmingham/bessemer/willow-trace/qmis/6286-willow-trace-drive,https://www.drhorton.com/alabama/birmingham/bessemer/willow-trace
https://www.drhorton.com/alabama/birmingham/bessemer/willow-trace/qmis/6290-willow-trace-drive,https://www.drhorton.com/alabama/birmingham/bessemer/willow-trace
https://www.drhorton.com/alabama/birmingham/bessemer/willow-trace/floor-plans/4ebf,https://www.drhorton.com/alabama/birmingham/bessemer/willow-trace
https://www.drhorton.com/alabama/birmingham/bessemer/willow-trace/floor-plans/4ehf,https://www.drhorton.com/alabama/birmingham/bessemer/willow-trace
https://www.drhorton.com/alabama/birmingham/bessemer/willow-trace/floor-plans/free,https://www.drhorton.com/alabama/birmingham/bessemer/willow-trace
https://www.drhorton.com/alabama/birmingham/bessemer/willow-trace/floor-plans/havn,https://www.drhorton.com/alabama/birmingham/bessemer/willow-trace
https://www.drhorton.com/alabama/birmingham/bessemer/willow-trace/floor-plans/lake,https://www.drhorton.com/alabama/birmingham/bessemer/willow-trace
https://www.drhorton.com/alabama/birmingham/bessemer/shady-cove/qmis/5437-shady-maple-dr,https://www.drhorton.com/alabama/birmingham/bessemer/shady-cove
https://www.drhorton.com/alabama/birmingham/bessemer/shady-cove/qmis/5445-shady-maple-dr,https://www.drhorton.com/alabama/birmingham/bessemer/shady-cove
https://www.drhorton.com/alabama/birmingham/bessemer/shady-cove/qmis/5453-shady-maple-dr,https://www.drhorton.com/alabama/birmingham/bessemer/shady-cove
https://www.drhorton.com/alabama/birmingham/bessemer/shady-cove/qmis/5456-shady-maple-dr,https://www.drhorton.com/alabama/birmingham/bessemer/shady-cove
https://www.drhorton.com/alabama/birmingham/bessemer/shady-cove/qmis/5457-shady-maple-dr,https://www.drhorton.com/alabama/birmingham/bessemer/shady-cove
https://www.drhorton.com/alabama/birmingham/bessemer/shady-cove/qmis/5460-shady-maple-dr,https://www.drhorton.com/alabama/birmingham/bessemer/shady-cove
https://www.drhorton.com/alabama/birmingham/bessemer/shady-cove/qmis/5461-shady-maple-dr,https://www.drhorton.com/alabama/birmingham/bessemer/shady-cove
https://www.drhorton.com/alabama/birmingham/bessemer/shady-cove/qmis/5464-shady-maple-dr,https://www.drhorton.com/alabama/birmingham/bessemer/shady-cove
https://www.drhorton.com/alabama/birmingham/bessemer/shady-cove/qmis/5465-shady-maple-dr,https://www.drhorton.com/alabama/birmingham/bessemer/shady-cove
https://www.drhorton.com/alabama/birmingham/bessemer/shady-cove/qmis/5468-shady-maple-dr,https://www.drhorton.com/alabama/birmingham/bessemer/shady-cove
https://www.drhorton.com/alabama/birmingham/bessemer/shady-cove/qmis/5473-shady-maple-dr,https://www.drhorton.com/alabama/birmingham/bessemer/shady-cove
https://www.drhorton.com/alabama/birmingham/bessemer/shady-cove/floor-plans/aria,https://www.drhorton.com/alabama/birmingham/bessemer/shady-cove
https://www.drhorton.com/alabama/birmingham/bessemer/shady-cove/floor-plans/belf,https://www.drhorton.com/alabama/birmingham/bessemer/shady-cove
https://www.drhorton.com/alabama/birmingham/bessemer/shady-cove/floor-plans/dest,https://www.drhorton.com/alabama/birmingham/bessemer/shady-cove
https://www.drhorton.com/alabama/birmingham/bessemer/shady-cove/floor-plans/gale,https://www.drhorton.com/alabama/birmingham/bessemer/shady-cove
https://www.drhorton.com/alabama/birmingham/bessemer/shady-cove/floor-plans/iris,https://www.drhorton.com/alabama/birmingham/bessemer/shady-cove
https://www.drhorton.com/alabama/birmingham/bessemer/shady-cove/floor-plans/madn,https://www.drhorton.com/alabama/birmingham/bessemer/shady-cove
https://www.drhorton.com/alabama/birmingham/bessemer/shady-cove/floor-plans/oakd,https://www.drhorton.com/alabama/birmingham/bessemer/shady-cove
https://www.drhorton.com/alabama/birmingham/calera/mill-point/qmis/132-mill-point-way,https://www.drhorton.com/alabama/birmingham/calera/mill-point
https://www.drhorton.com/alabama/birmingham/calera/mill-point/qmis/204-mill-point-circle,https://www.drhorton.com/alabama/birmingham/calera/mill-point
https://www.drhorton.com/alabama/birmingham/calera/mill-point/qmis/205-mill-point-circle,https://www.drhorton.com/alabama/birmingham/calera/mill-point
https://www.drhorton.com/alabama/birmingham/calera/mill-point/qmis/208-mill-point-circle,https://www.drhorton.com/alabama/birmingham/calera/mill-point
https://www.drhorton.com/alabama/birmingham/calera/mill-point/qmis/213-mill-point-circle,https://www.drhorton.com/alabama/birmingham/calera/mill-point
https://www.drhorton.com/alabama/birmingham/calera/mill-point/qmis/216-mill-point-circle,https://www.drhorton.com/alabama/birmingham/calera/mill-point
https://www.drhorton.com/alabama/birmingham/calera/mill-point/floor-plans/4ebf,https://www.drhorton.com/alabama/birmingham/calera/mill-point
https://www.drhorton.com/alabama/birmingham/calera/mill-point/floor-plans/5eaf,https://www.drhorton.com/alabama/birmingham/calera/mill-point
https://www.drhorton.com/alabama/birmingham/calera/mill-point/floor-plans/5ebf,https://www.drhorton.com/alabama/birmingham/calera/mill-point
https://www.drhorton.com/alabama/birmingham/calera/mill-point/floor-plans/5ecf,https://www.drhorton.com/alabama/birmingham/calera/mill-point
https://www.drhorton.com/alabama/birmingham/calera/mill-point/floor-plans/free,https://www.drhorton.com/alabama/birmingham/calera/mill-point
https://www.drhorton.com/alabama/birmingham/lake-view/tannehill/qmis/12719-collier-curve,https://www.drhorton.com/alabama/birmingham/lake-view/tannehill
https://www.drhorton.com/alabama/birmingham/lake-view/tannehill/qmis/12724-collier-curve,https://www.drhorton.com/alabama/birmingham/lake-view/tannehill
https://www.drhorton.com/alabama/birmingham/lake-view/tannehill/qmis/12731-collier-curve,https://www.drhorton.com/alabama/birmingham/lake-view/tannehill
https://www.drhorton.com/alabama/birmingham/lake-view/tannehill/qmis/12736-collier-curve,https://www.drhorton.com/alabama/birmingham/lake-view/tannehill
https://www.drhorton.com/alabama/birmingham/lake-view/tannehill/qmis/12737-collier-curve,https://www.drhorton.com/alabama/birmingham/lake-view/tannehill
https://www.drhorton.com/alabama/birmingham/lake-view/tannehill/qmis/12748-collier-curve,https://www.drhorton.com/alabama/birmingham/lake-view/tannehill
https://www.drhorton.com/alabama/birmingham/lake-view/tannehill/floor-plans/4ebf,https://www.drhorton.com/alabama/birmingham/lake-view/tannehill
https://www.drhorton.com/alabama/birmingham/lake-view/tannehill/floor-plans/ardn,https://www.drhorton.com/alabama/birmingham/lake-view/tannehill
https://www.drhorton.com/alabama/birmingham/lake-view/tannehill/floor-plans/aron,https://www.drhorton.com/alabama/birmingham/lake-view/tannehill
https://www.drhorton.com/alabama/birmingham/lake-view/tannehill/floor-plans/free,https://www.drhorton.com/alabama/birmingham/lake-view/tannehill
https://www.drhorton.com/alabama/birmingham/lake-view/tannehill/floor-plans/lake,https://www.drhorton.com/alabama/birmingham/lake-view/tannehill
https://www.drhorton.com/alabama/birmingham/lake-view/tannehill/floor-plans/penw,https://www.drhorton.com/alabama/birmingham/lake-view/tannehill
https://www.drhorton.com/alabama/birmingham/alabaster/mallard-landing/qmis/1056-gadwall-drive,https://www.drhorton.com/alabama/birmingham/alabaster/mallard-landing
https://www.drhorton.com/alabama/birmingham/alabaster/mallard-landing/qmis/1083-gadwall-drive,https://www.drhorton.com/alabama/birmingham/alabaster/mallard-landing
https://www.drhorton.com/alabama/birmingham/alabaster/mallard-landing/qmis/2081-gadwall-drive,https://www.drhorton.com/alabama/birmingham/alabaster/mallard-landing
https://www.drhorton.com/alabama/birmingham/alabaster/mallard-landing/floor-plans/2025,https://www.drhorton.com/alabama/birmingham/alabaster/mallard-landing
https://www.drhorton.com/alabama/birmingham/alabaster/mallard-landing/floor-plans/2339,https://www.drhorton.com/alabama/birmingham/alabaster/mallard-landing
https://www.drhorton.com/alabama/birmingham/alabaster/mallard-landing/floor-plans/belf,https://www.drhorton.com/alabama/birmingham/alabaster/mallard-landing
https://www.drhorton.com/alabama/birmingham/alabaster/mallard-landing/floor-plans/caro,https://www.drhorton.com/alabama/birmingham/alabaster/mallard-landing
https://www.drhorton.com/alabama/birmingham/alabaster/mallard-landing/floor-plans/clay,https://www.drhorton.com/alabama/birmingham/alabaster/mallard-landing
https://www.drhorton.com/alabama/birmingham/alabaster/mallard-landing/floor-plans/rhet,https://www.drhorton.com/alabama/birmingham/alabaster/mallard-landing
https://www.drhorton.com/alabama/birmingham/calera/koslin-farms/qmis/377-koslin-loop,https://www.drhorton.com/alabama/birmingham/calera/koslin-farms
https://www.drhorton.com/alabama/birmingham/calera/koslin-farms/qmis/381-koslin-loop,https://www.drhorton.com/alabama/birmingham/calera/koslin-farms
https://www.drhorton.com/alabama/birmingham/calera/koslin-farms/qmis/385-koslin-loop,https://www.drhorton.com/alabama/birmingham/calera/koslin-farms
https://www.drhorton.com/alabama/birmingham/calera/koslin-farms/qmis/391-koslin-loop,https://www.drhorton.com/alabama/birmingham/calera/koslin-farms
https://www.drhorton.com/alabama/birmingham/calera/koslin-farms/qmis/392-koslin-loop,https://www.drhorton.com/alabama/birmingham/calera/koslin-farms
https://www.drhorton.com/alabama/birmingham/calera/koslin-farms/qmis/601-koslin-court,https://www.drhorton.com/alabama/birmingham/calera/koslin-farms
https://www.drhorton.com/alabama/birmingham/calera/koslin-farms/floor-plans/4ebf,https://www.drhorton.com/alabama/birmingham/calera/koslin-farms
https://www.drhorton.com/alabama/birmingham/calera/koslin-farms/floor-plans/4ehf,https://www.drhorton.com/alabama/birmingham/calera/koslin-farms
https://www.drhorton.com/alabama/birmingham/calera/koslin-farms/floor-plans/aron,https://www.drhorton.com/alabama/birmingham/calera/koslin-farms
https://www.drhorton.com/alabama/birmingham/calera/koslin-farms/floor-plans/free,https://www.drhorton.com/alabama/birmingham/calera/koslin-farms
https://www.drhorton.com/alabama/birmingham/calera/koslin-farms/floor-plans/penw,https://www.drhorton.com/alabama/birmingham/calera/koslin-farms
https://www.drhorton.com/alabama/birmingham/calera/timberline/qmis/1106-timberline-ridge,https://www.drhorton.com/alabama/birmingham/calera/timberline
https://www.drhorton.com/alabama/birmingham/calera/timberline/qmis/1118-timberline-ridge,https://www.drhorton.com/alabama/birmingham/calera/timberline
https://www.drhorton.com/alabama/birmingham/calera/timberline/qmis/1127-timberline-ridge,https://www.drhorton.com/alabama/birmingham/calera/timberline
https://www.drhorton.com/alabama/birmingham/calera/timberline/qmis/328-oakmont-cir,https://www.drhorton.com/alabama/birmingham/calera/timberline
https://www.drhorton.com/alabama/birmingham/calera/timberline/qmis/333-oakmont-cir,https://www.drhorton.com/alabama/birmingham/calera/timberline
https://www.drhorton.com/alabama/birmingham/calera/timberline/qmis/605-acorn-court,https://www.drhorton.com/alabama/birmingham/calera/timberline
https://www.drhorton.com/alabama/birmingham/calera/timberline/qmis/625-acorn-court,https://www.drhorton.com/alabama/birmingham/calera/timberline
https://www.drhorton.com/alabama/birmingham/calera/timberline/qmis/717-spruce-circle,https://www.drhorton.com/alabama/birmingham/calera/timberline
https://www.drhorton.com/alabama/birmingham/calera/timberline/qmis/721-spruce-circle,https://www.drhorton.com/alabama/birmingham/calera/timberline
https://www.drhorton.com/alabama/birmingham/calera/timberline/qmis/725-spruce-circle,https://www.drhorton.com/alabama/birmingham/calera/timberline
https://www.drhorton.com/alabama/birmingham/calera/timberline/floor-plans/4ebf,https://www.drhorton.com/alabama/birmingham/calera/timberline
https://www.drhorton.com/alabama/birmingham/calera/timberline/floor-plans/aria,https://www.drhorton.com/alabama/birmingham/calera/timberline
https://www.drhorton.com/alabama/birmingham/calera/timberline/floor-plans/aron,https://www.drhorton.com/alabama/birmingham/calera/timberline
https://www.drhorton.com/alabama/birmingham/calera/timberline/floor-plans/belf,https://www.drhorton.com/alabama/birmingham/calera/timberline
https://www.drhorton.com/alabama/birmingham/calera/timberline/floor-plans/burl,https://www.drhorton.com/alabama/birmingham/calera/timberline
https://www.drhorton.com/alabama/birmingham/calera/timberline/floor-plans/caro,https://www.drhorton.com/alabama/birmingham/calera/timberline
https://www.drhorton.com/alabama/birmingham/calera/timberline/floor-plans/clay,https://www.drhorton.com/alabama/birmingham/calera/timberline
https://www.drhorton.com/alabama/birmingham/calera/timberline/floor-plans/free,https://www.drhorton.com/alabama/birmingham/calera/timberline
https://www.drhorton.com/alabama/birmingham/calera/timberline/floor-plans/gale,https://www.drhorton.com/alabama/birmingham/calera/timberline
https://www.drhorton.com/alabama/birmingham/calera/timberline/floor-plans/lake,https://www.drhorton.com/alabama/birmingham/calera/timberline
https://www.drhorton.com/alabama/birmingham/calera/timberline/floor-plans/norw,https://www.drhorton.com/alabama/birmingham/calera/timberline
https://www.drhorton.com/alabama/birmingham/calera/timberline/floor-plans/pine,https://www.drhorton.com/alabama/birmingham/calera/timberline
https://www.drhorton.com/alabama/birmingham/calera/timberline/floor-plans/prin,https://www.drhorton.com/alabama/birmingham/calera/timberline
https://www.drhorton.com/alabama/birmingham/calera/timberline/floor-plans/rhet,https://www.drhorton.com/alabama/birmingham/calera/timberline
https://www.drhorton.com/alabama/birmingham/calera/timberline/floor-plans/sale,https://www.drhorton.com/alabama/birmingham/calera/timberline
https://www.drhorton.com/alabama/birmingham/calera/aberdeen/qmis/180-aberdeen-loop,https://www.drhorton.com/alabama/birmingham/calera/aberdeen
https://www.drhorton.com/alabama/birmingham/calera/aberdeen/qmis/185-aberdeen-loop,https://www.drhorton.com/alabama/birmingham/calera/aberdeen
https://www.drhorton.com/alabama/birmingham/calera/aberdeen/qmis/188-aberdeen-loop,https://www.drhorton.com/alabama/birmingham/calera/aberdeen
https://www.drhorton.com/alabama/birmingham/calera/aberdeen/qmis/600-aberdeen-trc,https://www.drhorton.com/alabama/birmingham/calera/aberdeen
https://www.drhorton.com/alabama/birmingham/calera/aberdeen/qmis/604-aberdeen-trc,https://www.drhorton.com/alabama/birmingham/calera/aberdeen
https://www.drhorton.com/alabama/birmingham/calera/aberdeen/qmis/609-aberdeen-trc,https://www.drhorton.com/alabama/birmingham/calera/aberdeen
https://www.drhorton.com/alabama/birmingham/calera/aberdeen/qmis/63-aberdeen-dr,https://www.drhorton.com/alabama/birmingham/calera/aberdeen
https://www.drhorton.com/alabama/birmingham/calera/aberdeen/floor-plans/4ebf,https://www.drhorton.com/alabama/birmingham/calera/aberdeen
https://www.drhorton.com/alabama/birmingham/calera/aberdeen/floor-plans/5eaf,https://www.drhorton.com/alabama/birmingham/calera/aberdeen
https://www.drhorton.com/alabama/birmingham/calera/aberdeen/floor-plans/5ebf,https://www.drhorton.com/alabama/birmingham/calera/aberdeen
https://www.drhorton.com/alabama/birmingham/calera/aberdeen/floor-plans/5ecf,https://www.drhorton.com/alabama/birmingham/calera/aberdeen
https://www.drhorton.com/alabama/birmingham/calera/aberdeen/floor-plans/5edf,https://www.drhorton.com/alabama/birmingham/calera/aberdeen
https://www.drhorton.com/alabama/birmingham/calera/aberdeen/floor-plans/caro,https://www.drhorton.com/alabama/birmingham/calera/aberdeen
https://www.drhorton.com/alabama/birmingham/calera/aberdeen/floor-plans/clay,https://www.drhorton.com/alabama/birmingham/calera/aberdeen
https://www.drhorton.com/alabama/birmingham/calera/aberdeen/floor-plans/dest,https://www.drhorton.com/alabama/birmingham/calera/aberdeen
https://www.drhorton.com/alabama/birmingham/calera/aberdeen/floor-plans/halt,https://www.drhorton.com/alabama/birmingham/calera/aberdeen
https://www.drhorton.com/alabama/birmingham/calera/aberdeen/floor-plans/havn,https://www.drhorton.com/alabama/birmingham/calera/aberdeen
https://www.drhorton.com/alabama/birmingham/calera/aberdeen/floor-plans/lake,https://www.drhorton.com/alabama/birmingham/calera/aberdeen
https://www.drhorton.com/alabama/birmingham/calera/aberdeen/floor-plans/madn,https://www.drhorton.com/alabama/birmingham/calera/aberdeen
https://www.drhorton.com/alabama/birmingham/calera/aberdeen/floor-plans/oakd,https://www.drhorton.com/alabama/birmingham/calera/aberdeen
https://www.drhorton.com/alabama/birmingham/calera/aberdeen/floor-plans/sawy,https://www.drhorton.com/alabama/birmingham/calera/aberdeen
https://www.drhorton.com/alabama/tuscaloosa/tuscaloosa/cypress-creek/qmis/4338-henry-road,https://www.drhorton.com/alabama/tuscaloosa/tuscaloosa/cypress-creek
https://www.drhorton.com/alabama/tuscaloosa/tuscaloosa/cypress-creek/qmis/4353-henry-road,https://www.drhorton.com/alabama/tuscaloosa/tuscaloosa/cypress-creek
https://www.drhorton.com/alabama/tuscaloosa/tuscaloosa/cypress-creek/qmis/4367-henry-road,https://www.drhorton.com/alabama/tuscaloosa/tuscaloosa/cypress-creek
https://www.drhorton.com/alabama/tuscaloosa/tuscaloosa/cypress-creek/qmis/4381-henry-road,https://www.drhorton.com/alabama/tuscaloosa/tuscaloosa/cypress-creek
https://www.drhorton.com/alabama/tuscaloosa/tuscaloosa/cypress-creek/qmis/4394-henry-road,https://www.drhorton.com/alabama/tuscaloosa/tuscaloosa/cypress-creek
https://www.drhorton.com/alabama/tuscaloosa/tuscaloosa/cypress-creek/floor-plans/4ebf,https://www.drhorton.com/alabama/tuscaloosa/tuscaloosa/cypress-creek
https://www.drhorton.com/alabama/tuscaloosa/tuscaloosa/cypress-creek/floor-plans/4ehf,https://www.drhorton.com/alabama/tuscaloosa/tuscaloosa/cypress-creek
https://www.drhorton.com/alabama/tuscaloosa/tuscaloosa/cypress-creek/floor-plans/ardn,https://www.drhorton.com/alabama/tuscaloosa/tuscaloosa/cypress-creek
https://www.drhorton.com/alabama/tuscaloosa/tuscaloosa/cypress-creek/floor-plans/aron,https://www.drhorton.com/alabama/tuscaloosa/tuscaloosa/cypress-creek
https://www.drhorton.com/alabama/tuscaloosa/tuscaloosa/cypress-creek/floor-plans/bowe,https://www.drhorton.com/alabama/tuscaloosa/tuscaloosa/cypress-creek
https://www.drhorton.com/alabama/tuscaloosa/tuscaloosa/cypress-creek/floor-plans/free,https://www.drhorton.com/alabama/tuscaloosa/tuscaloosa/cypress-creek
https://www.drhorton.com/alabama/tuscaloosa/tuscaloosa/cypress-creek/floor-plans/penw,https://www.drhorton.com/alabama/tuscaloosa/tuscaloosa/cypress-creek
https://www.drhorton.com/alabama/tuscaloosa/tuscaloosa/cypress-creek/floor-plans/popp,https://www.drhorton.com/alabama/tuscaloosa/tuscaloosa/cypress-creek
https://www.drhorton.com/alabama/tuscaloosa/tuscaloosa/cypress-creek/floor-plans/ryke,https://www.drhorton.com/alabama/tuscaloosa/tuscaloosa/cypress-creek
https://www.drhorton.com/alabama/tuscaloosa/tuscaloosa/parkway-gardens/qmis/9260-parkway-gardens-loop,https://www.drhorton.com/alabama/tuscaloosa/tuscaloosa/parkway-gardens
https://www.drhorton.com/alabama/tuscaloosa/tuscaloosa/parkway-gardens/qmis/9272-parkway-gardens-loop,https://www.drhorton.com/alabama/tuscaloosa/tuscaloosa/parkway-gardens
https://www.drhorton.com/alabama/tuscaloosa/tuscaloosa/parkway-gardens/qmis/9278-parkway-gardens-loop,https://www.drhorton.com/alabama/tuscaloosa/tuscaloosa/parkway-gardens
https://www.drhorton.com/alabama/tuscaloosa/tuscaloosa/parkway-gardens/qmis/9290-parkway-gardens-loop,https://www.drhorton.com/alabama/tuscaloosa/tuscaloosa/parkway-gardens
https://www.drhorton.com/alabama/tuscaloosa/tuscaloosa/parkway-gardens/qmis/9297-parkway-gardens-loop,https://www.drhorton.com/alabama/tuscaloosa/tuscaloosa/parkway-gardens
https://www.drhorton.com/alabama/tuscaloosa/tuscaloosa/parkway-gardens/qmis/9302-parkway-gardens-loop,https://www.drhorton.com/alabama/tuscaloosa/tuscaloosa/parkway-gardens
https://www.drhorton.com/alabama/tuscaloosa/tuscaloosa/parkway-gardens/qmis/9303-parkway-gardens-loop,https://www.drhorton.com/alabama/tuscaloosa/tuscaloosa/parkway-gardens
https://www.drhorton.com/alabama/tuscaloosa/tuscaloosa/parkway-gardens/qmis/9308-parkway-gardens-loop,https://www.drhorton.com/alabama/tuscaloosa/tuscaloosa/parkway-gardens
https://www.drhorton.com/alabama/tuscaloosa/tuscaloosa/parkway-gardens/qmis/9309-parkway-gardens-loop,https://www.drhorton.com/alabama/tuscaloosa/tuscaloosa/parkway-gardens
https://www.drhorton.com/alabama/tuscaloosa/tuscaloosa/parkway-gardens/qmis/9314-parkway-gardens-loop,https://www.drhorton.com/alabama/tuscaloosa/tuscaloosa/parkway-gardens
https://www.drhorton.com/alabama/tuscaloosa/tuscaloosa/parkway-gardens/qmis/9315-parkway-gardens-loop,https://www.drhorton.com/alabama/tuscaloosa/tuscaloosa/parkway-gardens
https://www.drhorton.com/alabama/tuscaloosa/tuscaloosa/parkway-gardens/qmis/9344-parkway-gardens-loop,https://www.drhorton.com/alabama/tuscaloosa/tuscaloosa/parkway-gardens
https://www.drhorton.com/alabama/tuscaloosa/tuscaloosa/parkway-gardens/qmis/9411-parkway-gardens-loop,https://www.drhorton.com/alabama/tuscaloosa/tuscaloosa/parkway-gardens
https://www.drhorton.com/alabama/tuscaloosa/tuscaloosa/parkway-gardens/floor-plans/4ebf,https://www.drhorton.com/alabama/tuscaloosa/tuscaloosa/parkway-gardens
https://www.drhorton.com/alabama/tuscaloosa/tuscaloosa/parkway-gardens/floor-plans/4ehf,https://www.drhorton.com/alabama/tuscaloosa/tuscaloosa/parkway-gardens
https://www.drhorton.com/alabama/tuscaloosa/tuscaloosa/parkway-gardens/floor-plans/aria,https://www.drhorton.com/alabama/tuscaloosa/tuscaloosa/parkway-gardens
https://www.drhorton.com/alabama/tuscaloosa/tuscaloosa/parkway-gardens/floor-plans/belf,https://www.drhorton.com/alabama/tuscaloosa/tuscaloosa/parkway-gardens
https://www.drhorton.com/alabama/tuscaloosa/tuscaloosa/parkway-gardens/floor-plans/bral,https://www.drhorton.com/alabama/tuscaloosa/tuscaloosa/parkway-gardens
https://www.drhorton.com/alabama/tuscaloosa/tuscaloosa/parkway-gardens/floor-plans/caro,https://www.drhorton.com/alabama/tuscaloosa/tuscaloosa/parkway-gardens
https://www.drhorton.com/alabama/tuscaloosa/tuscaloosa/parkway-gardens/floor-plans/free,https://www.drhorton.com/alabama/tuscaloosa/tuscaloosa/parkway-gardens
https://www.drhorton.com/alabama/tuscaloosa/tuscaloosa/parkway-gardens/floor-plans/gale,https://www.drhorton.com/alabama/tuscaloosa/tuscaloosa/parkway-gardens
https://www.drhorton.com/alabama/tuscaloosa/tuscaloosa/parkway-gardens/floor-plans/havn,https://www.drhorton.com/alabama/tuscaloosa/tuscaloosa/parkway-gardens
https://www.drhorton.com/alabama/tuscaloosa/tuscaloosa/parkway-gardens/floor-plans/lake,https://www.drhorton.com/alabama/tuscaloosa/tuscaloosa/parkway-gardens
https://www.drhorton.com/alabama/tuscaloosa/tuscaloosa/parkway-gardens/floor-plans/penw,https://www.drhorton.com/alabama/tuscaloosa/tuscaloosa/parkway-gardens
https://www.drhorton.com/alabama/tuscaloosa/tuscaloosa/parkway-gardens/floor-plans/rhet,https://www.drhorton.com/alabama/tuscaloosa/tuscaloosa/parkway-gardens
https://www.drhorton.com/alabama/tuscaloosa/tuscaloosa/parkway-gardens/floor-plans/rivr,https://www.drhorton.com/alabama/tuscaloosa/tuscaloosa/parkway-gardens
https://www.drhorton.com/alabama/tuscaloosa/tuscaloosa/tartan-cove/qmis/9345-remington-parkway,https://www.drhorton.com/alabama/tuscaloosa/tuscaloosa/tartan-cove
https://www.drhorton.com/alabama/tuscaloosa/tuscaloosa/tartan-cove/qmis/9363-remington-parkway,https://www.drhorton.com/alabama/tuscaloosa/tuscaloosa/tartan-cove
https://www.drhorton.com/alabama/tuscaloosa/tuscaloosa/tartan-cove/qmis/9384-remington-parkway,https://www.drhorton.com/alabama/tuscaloosa/tuscaloosa/tartan-cove
https://www.drhorton.com/alabama/tuscaloosa/tuscaloosa/tartan-cove/qmis/9716-aberdeen-drive,https://www.drhorton.com/alabama/tuscaloosa/tuscaloosa/tartan-cove
https://www.drhorton.com/alabama/tuscaloosa/tuscaloosa/tartan-cove/qmis/9728-aberdeen-drive,https://www.drhorton.com/alabama/tuscaloosa/tuscaloosa/tartan-cove
https://www.drhorton.com/alabama/tuscaloosa/tuscaloosa/tartan-cove/floor-plans/belf,https://www.drhorton.com/alabama/tuscaloosa/tuscaloosa/tartan-cove
https://www.drhorton.com/alabama/tuscaloosa/tuscaloosa/tartan-cove/floor-plans/caro,https://www.drhorton.com/alabama/tuscaloosa/tuscaloosa/tartan-cove
https://www.drhorton.com/alabama/tuscaloosa/tuscaloosa/tartan-cove/floor-plans/dest,https://www.drhorton.com/alabama/tuscaloosa/tuscaloosa/tartan-cove
https://www.drhorton.com/alabama/tuscaloosa/tuscaloosa/tartan-cove/floor-plans/halt,https://www.drhorton.com/alabama/tuscaloosa/tuscaloosa/tartan-cove
https://www.drhorton.com/alabama/tuscaloosa/tuscaloosa/tartan-cove/floor-plans/hamp,https://www.drhorton.com/alabama/tuscaloosa/tuscaloosa/tartan-cove
https://www.drhorton.com/alabama/tuscaloosa/tuscaloosa/tartan-cove/floor-plans/iris,https://www.drhorton.com/alabama/tuscaloosa/tuscaloosa/tartan-cove
https://www.drhorton.com/alabama/tuscaloosa/tuscaloosa/tartan-cove/floor-plans/madn,https://www.drhorton.com/alabama/tuscaloosa/tuscaloosa/tartan-cove
https://www.drhorton.com/alabama/tuscaloosa/tuscaloosa/tartan-cove/floor-plans/oakd,https://www.drhorton.com/alabama/tuscaloosa/tuscaloosa/tartan-cove
https://www.drhorton.com/alabama/tuscaloosa/tuscaloosa/tartan-cove/floor-plans/sale,https://www.drhorton.com/alabama/tuscaloosa/tuscaloosa/tartan-cove
https://www.drhorton.com/alabama/tuscaloosa/tuscaloosa/sandy-pines/qmis/11584-shortleaf-lane,https://www.drhorton.com/alabama/tuscaloosa/tuscaloosa/sandy-pines
https://www.drhorton.com/alabama/tuscaloosa/tuscaloosa/sandy-pines/qmis/11590-shortleaf-lane,https://www.drhorton.com/alabama/tuscaloosa/tuscaloosa/sandy-pines
https://www.drhorton.com/alabama/tuscaloosa/tuscaloosa/sandy-pines/qmis/11591-shortleaf-lane,https://www.drhorton.com/alabama/tuscaloosa/tuscaloosa/sandy-pines
https://www.drhorton.com/alabama/tuscaloosa/tuscaloosa/sandy-pines/qmis/11596-shortleaf-lane,https://www.drhorton.com/alabama/tuscaloosa/tuscaloosa/sandy-pines
https://www.drhorton.com/alabama/tuscaloosa/tuscaloosa/sandy-pines/qmis/11602-shortleaf-lane,https://www.drhorton.com/alabama/tuscaloosa/tuscaloosa/sandy-pines
https://www.drhorton.com/alabama/tuscaloosa/tuscaloosa/sandy-pines/qmis/11603-shortleaf-lane,https://www.drhorton.com/alabama/tuscaloosa/tuscaloosa/sandy-pines
https://www.drhorton.com/alabama/tuscaloosa/tuscaloosa/sandy-pines/qmis/11608-shortleaf-lane,https://www.drhorton.com/alabama/tuscaloosa/tuscaloosa/sandy-pines
https://www.drhorton.com/alabama/tuscaloosa/tuscaloosa/sandy-pines/floor-plans/4ebf,https://www.drhorton.com/alabama/tuscaloosa/tuscaloosa/sandy-pines
https://www.drhorton.com/alabama/tuscaloosa/tuscaloosa/sandy-pines/floor-plans/4ehf,https://www.drhorton.com/alabama/tuscaloosa/tuscaloosa/sandy-pines
https://www.drhorton.com/alabama/tuscaloosa/tuscaloosa/sandy-pines/floor-plans/aldr,https://www.drhorton.com/alabama/tuscaloosa/tuscaloosa/sandy-pines
https://www.drhorton.com/alabama/tuscaloosa/tuscaloosa/sandy-pines/floor-plans/ardn,https://www.drhorton.com/alabama/tuscaloosa/tuscaloosa/sandy-pines
https://www.drhorton.com/alabama/tuscaloosa/tuscaloosa/sandy-pines/floor-plans/aron,https://www.drhorton.com/alabama/tuscaloosa/tuscaloosa/sandy-pines
https://www.drhorton.com/alabama/tuscaloosa/tuscaloosa/sandy-pines/floor-plans/free,https://www.drhorton.com/alabama/tuscaloosa/tuscaloosa/sandy-pines
https://www.drhorton.com/alabama/tuscaloosa/tuscaloosa/sandy-pines/floor-plans/penw,https://www.drhorton.com/alabama/tuscaloosa/tuscaloosa/sandy-pines
https://www.drhorton.com/alabama/tuscaloosa/tuscaloosa/sandy-pines/floor-plans/tayl,https://www.drhorton.com/alabama/tuscaloosa/tuscaloosa/sandy-pines
https://www.drhorton.com/alabama/tuscaloosa/moundville/glen-ridge/qmis/11878-orchard-drive,https://www.drhorton.com/alabama/tuscaloosa/moundville/glen-ridge
https://www.drhorton.com/alabama/tuscaloosa/moundville/glen-ridge/qmis/11918-orchard-drive,https://www.drhorton.com/alabama/tuscaloosa/moundville/glen-ridge
https://www.drhorton.com/alabama/tuscaloosa/moundville/glen-ridge/qmis/11924-orchard-drive,https://www.drhorton.com/alabama/tuscaloosa/moundville/glen-ridge
https://www.drhorton.com/alabama/tuscaloosa/moundville/glen-ridge/qmis/11930-orchard-drive,https://www.drhorton.com/alabama/tuscaloosa/moundville/glen-ridge
https://www.drhorton.com/alabama/tuscaloosa/moundville/glen-ridge/qmis/11968-orchard-drive,https://www.drhorton.com/alabama/tuscaloosa/moundville/glen-ridge
https://www.drhorton.com/alabama/tuscaloosa/moundville/glen-ridge/floor-plans/belf,https://www.drhorton.com/alabama/tuscaloosa/moundville/glen-ridge
https://www.drhorton.com/alabama/tuscaloosa/moundville/glen-ridge/floor-plans/caro,https://www.drhorton.com/alabama/tuscaloosa/moundville/glen-ridge
https://www.drhorton.com/alabama/tuscaloosa/moundville/glen-ridge/floor-plans/dest,https://www.drhorton.com/alabama/tuscaloosa/moundville/glen-ridge
https://www.drhorton.com/alabama/tuscaloosa/moundville/glen-ridge/floor-plans/gale,https://www.drhorton.com/alabama/tuscaloosa/moundville/glen-ridge
https://www.drhorton.com/alabama/tuscaloosa/moundville/glen-ridge/floor-plans/halt,https://www.drhorton.com/alabama/tuscaloosa/moundville/glen-ridge
https://www.drhorton.com/alabama/tuscaloosa/moundville/glen-ridge/floor-plans/oakd,https://www.drhorton.com/alabama/tuscaloosa/moundville/glen-ridge
https://www.drhorton.com/alabama/tuscaloosa/moundville/glen-ridge/floor-plans/sale,https://www.drhorton.com/alabama/tuscaloosa/moundville/glen-ridge
https://www.drhorton.com/alabama/tuscaloosa/vance/caffee-place/qmis/18531-caffee-drive,https://www.drhorton.com/alabama/tuscaloosa/vance/caffee-place
https://www.drhorton.com/alabama/tuscaloosa/vance/caffee-place/qmis/18536-trinity-drive,https://www.drhorton.com/alabama/tuscaloosa/vance/caffee-place
https://www.drhorton.com/alabama/tuscaloosa/vance/caffee-place/qmis/18537-caffee-drive,https://www.drhorton.com/alabama/tuscaloosa/vance/caffee-place
https://www.drhorton.com/alabama/tuscaloosa/vance/caffee-place/qmis/18541-trinity-drive,https://www.drhorton.com/alabama/tuscaloosa/vance/caffee-place
https://www.drhorton.com/alabama/tuscaloosa/vance/caffee-place/qmis/18542-trinity-drive,https://www.drhorton.com/alabama/tuscaloosa/vance/caffee-place
https://www.drhorton.com/alabama/tuscaloosa/vance/caffee-place/floor-plans/4ebf,https://www.drhorton.com/alabama/tuscaloosa/vance/caffee-place
https://www.drhorton.com/alabama/tuscaloosa/vance/caffee-place/floor-plans/aron,https://www.drhorton.com/alabama/tuscaloosa/vance/caffee-place
https://www.drhorton.com/alabama/tuscaloosa/vance/caffee-place/floor-plans/bowe,https://www.drhorton.com/alabama/tuscaloosa/vance/caffee-place
https://www.drhorton.com/alabama/tuscaloosa/vance/caffee-place/floor-plans/free,https://www.drhorton.com/alabama/tuscaloosa/vance/caffee-place
https://www.drhorton.com/alabama/tuscaloosa/vance/caffee-place/floor-plans/havn,https://www.drhorton.com/alabama/tuscaloosa/vance/caffee-place
https://www.drhorton.com/alabama/tuscaloosa/vance/caffee-place/floor-plans/penw,https://www.drhorton.com/alabama/tuscaloosa/vance/caffee-place
https://www.drhorton.com/alabama/tuscaloosa/vance/caffee-place/floor-plans/popp,https://www.drhorton.com/alabama/tuscaloosa/vance/caffee-place
https://www.drhorton.com/alabama/tuscaloosa/vance/caffee-place/floor-plans/ryke,https://www.drhorton.com/alabama/tuscaloosa/vance/caffee-place
