input_part_number,Arrow_partnumber,manufacturer,product_name,Product_category,product_url,stock_status,Stock_Quantity,minimum_quantity,product_image,technical_specifications,price_bands
114564261,1-1456426-1,TE Connectivity,Conn Housing RCP 4 POS 4mm Crimp ST Cable Mount Black Bag,Connector Discrete Wire Housing,https://www.arrow.com/en/products/1-1456426-1_1_11/te-connectivity.html,In Stock,800,1,https://static6.arrow.com/aropdfconversion/arrowimages/7ab7a488f4fa531f849942b3154847a94a7e3e27/1-1456426-1-t1.jpg,"{""EU RoHS"": ""Compliant"", ""ECCN (US)"": ""EAR99"", ""Part Status"": ""Active"", ""HTS"": ""8538.90.81.80"", ""Automotive"": ""Yes"", ""PPAP"": ""Unknown"", ""Type"": ""Housing"", ""Gender"": ""RCP"", ""Number of Contacts"": ""4"", ""Number of Rows"": ""1"", ""Termination Method"": ""Crimp"", ""Terminal Pitch (mm)"": ""4"", ""Body Orientation"": ""Straight"", ""Maximum Current Rating (A)"": ""25/Contact"", ""Maximum Voltage Rating"": ""12V"", ""Minimum Operating Temperature (°C)"": ""-40"", ""Maximum Operating Temperature (°C)"": ""170"", ""IP Rating"": ""IP67"", ""Packaging"": ""Bag"", ""Product Length (mm)"": ""24.7"", ""Product Depth (mm)"": ""17.5"", ""Product Height (mm)"": ""26.5"", ""Mounting"": ""Cable Mount""}","{""1"": 1.2827, ""10"": 1.1688, ""25"": 1.1356, ""50"": 1.1243, ""100"": 1.0803, ""250"": 1.0342, ""500"": 1.017}"
114564265,1-1456426-5,TE Connectivity,Conn Housing RCP 4 POS 4mm Crimp ST Cable Mount Black,Connector Discrete Wire Housing,https://www.arrow.com/en/products/1-1456426-5_1_11/te-connectivity.html,In Stock,3171,1,https://static6.arrow.com/aropdfconversion/arrowimages/fb219b194724a65399f38aa925bcbc12c73f00ee/1-1456426-5-t1.jpg,"{""EU RoHS"": ""Compliant"", ""ECCN (US)"": ""EAR99"", ""Part Status"": ""Active"", ""HTS"": ""8538.90.81.80"", ""Automotive"": ""Yes"", ""PPAP"": ""Unknown"", ""Type"": ""Housing"", ""Gender"": ""RCP"", ""Number of Contacts"": ""4"", ""Number of Rows"": ""1"", ""Termination Method"": ""Crimp"", ""Terminal Pitch (mm)"": ""4"", ""Body Orientation"": ""Straight"", ""Maximum Current Rating (A)"": ""25/Contact"", ""Maximum Voltage Rating"": ""12V"", ""Minimum Operating Temperature (°C)"": ""-40"", ""Maximum Operating Temperature (°C)"": ""170"", ""IP Rating"": ""IP67"", ""Product Length (mm)"": ""24.7"", ""Product Depth (mm)"": ""17.5"", ""Product Height (mm)"": ""26.5"", ""Mounting"": ""Cable Mount""}","{""1"": 1.386, ""10"": 1.2546, ""25"": 1.2141, ""50"": 1.1735, ""100"": 1.1329, ""250"": 1.0496, ""500"": 0.9928, ""1000"": 0.9911}"
114564266,1-1456426-6,TE Connectivity,Conn Housing RCP 4 POS 4mm Crimp ST Cable Mount Brown/Natural Package,Connector Discrete Wire Housing,https://www.arrow.com/en/products/1-1456426-6_1/te-connectivity.html,In Stock,181,1,https://static6.arrow.com/aropdfconversion/arrowimages/55551cfed9a3d03a8fbc7ce6f769bde4b1030ac4/1-1456426-6-t1.jpg,"{""EU RoHS"": ""Compliant"", ""ECCN (US)"": ""EAR99"", ""Part Status"": ""Active"", ""HTS"": ""8538.90.81.80"", ""Automotive"": ""Yes"", ""PPAP"": ""Unknown"", ""Type"": ""Housing"", ""Gender"": ""RCP"", ""Number of Contacts"": ""4"", ""Number of Rows"": ""1"", ""Termination Method"": ""Crimp"", ""Terminal Pitch (mm)"": ""4"", ""Body Orientation"": ""Straight"", ""Maximum Current Rating (A)"": ""25/Contact"", ""Maximum Voltage Rating"": ""12V"", ""Minimum Operating Temperature (°C)"": ""-40"", ""Maximum Operating Temperature (°C)"": ""170"", ""IP Rating"": ""IP67"", ""Packaging"": ""Package"", ""Product Length (mm)"": ""24.7"", ""Product Depth (mm)"": ""17.5"", ""Product Height (mm)"": ""26.5"", ""Mounting"": ""Cable Mount""}","{""1"": 0.345, ""10"": 0.3439, ""25"": 0.3434, ""50"": 0.3429, ""100"": 0.3424}"
119240671,1-1924067-1,TE Connectivity,Conn Housing RCP 2 POS 4mm Crimp ST Cable Mount Black Package,Connector Discrete Wire Housing,https://www.arrow.com/en/products/1-1924067-1_1/te-connectivity.html,In Stock,12385,91,https://static6.arrow.com/aropdfconversion/arrowimages/4f658ec729c0459d16380a23099e340179cecc02/1-1924067-1-t1.jpg,"{""EU RoHS"": ""Compliant"", ""ECCN (US)"": ""EAR99"", ""Part Status"": ""Active"", ""HTS"": ""8538.90.60.00"", ""Automotive"": ""Yes"", ""PPAP"": ""Unknown"", ""Type"": ""Housing"", ""Gender"": ""RCP"", ""Number of Contacts"": ""2"", ""Number of Rows"": ""1"", ""Termination Method"": ""Crimp"", ""Terminal Pitch (mm)"": ""4"", ""Body Orientation"": ""Straight"", ""Maximum Current Rating (A)"": ""25/Contact"", ""Maximum Voltage Rating"": ""12V"", ""Minimum Operating Temperature (°C)"": ""-40"", ""Maximum Operating Temperature (°C)"": ""170"", ""IP Rating"": ""IP67"", ""Packaging"": ""Package"", ""Product Length (mm)"": ""15"", ""Product Depth (mm)"": ""16.6"", ""Mounting"": ""Cable Mount""}","{""91"": 0.69, ""1000"": 0.68, ""1500"": 0.65, ""2000"": 0.64, ""5000"": 0.61}"
119240672,1-1924067-2,TE Connectivity,Conn Housing RCP 2 POS 4mm Crimp ST Cable Mount Natural Package,Connector Discrete Wire Housing,https://www.arrow.com/en/products/1-1924067-2_1/te-connectivity.html,Out of Stock,,1500,https://static6.arrow.com/aropdfconversion/arrowimages/7b725ddcc408b4e898d7ab35a1be258da1c207f1/1-1924067-2-t1.jpg,"{""EU RoHS"": ""Compliant"", ""ECCN (US)"": ""EAR99"", ""Part Status"": ""Active"", ""HTS"": ""EA"", ""Automotive"": ""Yes"", ""PPAP"": ""Unknown"", ""Type"": ""Housing"", ""Gender"": ""RCP"", ""Number of Contacts"": ""2"", ""Number of Rows"": ""1"", ""Termination Method"": ""Crimp"", ""Terminal Pitch (mm)"": ""4"", ""Body Orientation"": ""Straight"", ""Maximum Current Rating (A)"": ""25/Contact"", ""Maximum Voltage Rating"": ""12V"", ""Minimum Operating Temperature (°C)"": ""-40"", ""Maximum Operating Temperature (°C)"": ""170"", ""IP Rating"": ""IP67"", ""Packaging"": ""Package"", ""Product Length (mm)"": ""15"", ""Product Depth (mm)"": ""16.6"", ""Mounting"": ""Cable Mount""}","{""1500"": 0.7342, ""2000"": 0.7269, ""5000"": 0.7242}"
119240673,1-1924067-3,TE Connectivity,Conn Housing RCP 2 POS 4mm Crimp ST Cable Mount Black Package,Connector Discrete Wire Housing,https://www.arrow.com/en/products/1-1924067-3_1/te-connectivity.html,Out of Stock,,1500,https://static6.arrow.com/aropdfconversion/arrowimages/c70dfb855fa2b6008bf71aee14a2a35dcf975667/pr1-1924067-3.jpg,"{""EU RoHS"": ""Compliant"", ""ECCN (US)"": ""EAR99"", ""Part Status"": ""Active"", ""Automotive"": ""Unknown"", ""PPAP"": ""Unknown"", ""Type"": ""Housing"", ""Gender"": ""RCP"", ""Number of Contacts"": ""2"", ""Number of Rows"": ""1"", ""Termination Method"": ""Crimp"", ""Terminal Pitch (mm)"": ""4"", ""Body Orientation"": ""Straight"", ""Minimum Operating Temperature (°C)"": ""-40"", ""Maximum Operating Temperature (°C)"": ""125"", ""IP Rating"": ""IP67"", ""Packaging"": ""Package"", ""Product Length (mm)"": ""15"", ""Product Depth (mm)"": ""15.8"", ""Product Height (mm)"": ""26.5"", ""Mounting"": ""Cable Mount""}","{""1500"": 0.7498, ""2000"": 0.7322, ""5000"": 0.6617}"
119240674,1-1924067-4,TE Connectivity,Conn Housing RCP 2 POS 4mm Crimp ST Cable Mount Black Package,Connector Discrete Wire Housing,https://www.arrow.com/en/products/1-1924067-4_1/te-connectivity.html,Out of Stock,,1500,https://static6.arrow.com/aropdfconversion/arrowimages/c96eb9e7e7b5eb7342b86ac3c0d1461eb8503002/1-1924067-4-t1.jpg,"{""EU RoHS"": ""Compliant"", ""ECCN (US)"": ""EAR99"", ""Part Status"": ""Active"", ""HTS"": ""8538.90.60.00"", ""Automotive"": ""Yes"", ""PPAP"": ""Unknown"", ""Type"": ""Housing"", ""Gender"": ""RCP"", ""Number of Contacts"": ""2"", ""Number of Rows"": ""1"", ""Termination Method"": ""Crimp"", ""Terminal Pitch (mm)"": ""4"", ""Body Orientation"": ""Straight"", ""Maximum Current Rating (A)"": ""25/Contact"", ""Maximum Voltage Rating"": ""12V"", ""Minimum Operating Temperature (°C)"": ""-40"", ""Maximum Operating Temperature (°C)"": ""170"", ""IP Rating"": ""IP67"", ""Packaging"": ""Package"", ""Product Length (mm)"": ""15"", ""Product Depth (mm)"": ""16.6"", ""Mounting"": ""Cable Mount""}","{""1500"": 0.803, ""2000"": 0.795, ""5000"": 0.7921}"
119240675,1-1924067-5,TE Connectivity,Conn Housing RCP 2 POS 4mm Crimp ST Cable Mount Natural,Connector Discrete Wire Housing,https://www.arrow.com/en/products/1-1924067-5_1/te-connectivity.html,Out of Stock,,1500,https://static6.arrow.com/aropdfconversion/arrowimages/2e5978aad734e00df441f5a8b2bf5b83c041152a/product-details95.jpg,"{""EU RoHS"": ""Compliant"", ""ECCN (US)"": ""EAR99"", ""Part Status"": ""Active"", ""HTS"": ""8538.90.60.00"", ""Automotive"": ""No"", ""PPAP"": ""No"", ""Type"": ""Housing"", ""Gender"": ""RCP"", ""Number of Contacts"": ""2"", ""Number of Rows"": ""1"", ""Termination Method"": ""Crimp"", ""Terminal Pitch (mm)"": ""4"", ""Body Orientation"": ""Straight"", ""Maximum Current Rating (A)"": ""25/Contact"", ""Maximum Voltage Rating"": ""12V"", ""Minimum Operating Temperature (°C)"": ""-40"", ""Maximum Operating Temperature (°C)"": ""170"", ""IP Rating"": ""IP67"", ""Product Length (mm)"": ""15"", ""Product Depth (mm)"": ""16.6"", ""Mounting"": ""Cable Mount""}","{""1500"": 0.9165, ""2000"": 0.895, ""5000"": 0.8088}"
119240676,1-1924067-6,TE Connectivity,Conn Housing RCP 2 POS 4mm Crimp ST Cable Mount Blue Bag,Connector Discrete Wire Housing,https://www.arrow.com/en/products/1-1924067-6_1/te-connectivity.html,Out of Stock,,1500,https://static6.arrow.com/aropdfconversion/arrowimages/f8e0d03128ca51baf4209141c3067370bbb8cd89/1-1924067-6-t1.jpg,"{""EU RoHS"": ""Compliant"", ""ECCN (US)"": ""EAR99"", ""Part Status"": ""Active"", ""HTS"": ""8538.90.60.00"", ""Automotive"": ""Yes"", ""PPAP"": ""Unknown"", ""Type"": ""Housing"", ""Gender"": ""RCP"", ""Number of Contacts"": ""2"", ""Number of Rows"": ""1"", ""Termination Method"": ""Crimp"", ""Terminal Pitch (mm)"": ""4"", ""Body Orientation"": ""Straight"", ""Maximum Current Rating (A)"": ""25/Contact"", ""Maximum Voltage Rating"": ""12V"", ""Minimum Operating Temperature (°C)"": ""-40"", ""Maximum Operating Temperature (°C)"": ""170"", ""IP Rating"": ""IP67"", ""Packaging"": ""Bag"", ""Product Length (mm)"": ""15"", ""Product Depth (mm)"": ""16.6"", ""Mounting"": ""Cable Mount""}","{""1500"": 0.8512, ""2000"": 0.8427, ""5000"": 0.8396}"
13513469,13513469,Aptiv,TAXI ASM CONN F MICRO HVT,Connector Discrete Wire Housing,https://www.arrow.com/en/products/13513469/aptiv.html,Out of Stock,,4000,https://static6.arrow.com/aropdfconversion/arrowimages/9459fb0b7b0db34025f85208dd6df5e4208f16a6/2949_551edf84-76ad-47bb-bd92-3aac690dde9a.jpg,"{""EU RoHS"": ""Supplier Unconfirmed"", ""ECCN (US)"": ""EAR99"", ""Part Status"": ""Active"", ""Automotive"": ""Yes"", ""PPAP"": ""Yes"", ""Gender"": ""F"", ""Product Weight (g)"": ""2.43"", ""Product Length (mm)"": ""23.95""}","{""4000"": 0.3767, ""5000"": 0.3729, ""6000"": 0.3692, ""10000"": 0.3655, ""15000"": 0.3618, ""20000"": 0.3582, ""25000"": 0.3546, ""30000"": 0.3511, ""50000"": 0.3476}"
13658062,13658062,Aptiv,ASM Connector 18 Female 1.2 SLD,Connector Discrete Wire Housing,https://www.arrow.com/en/products/13658062/aptiv.html,Out of Stock,,500,https://static6.arrow.com/aropdfconversion/arrowimages/116378e64c0fc7eea786e9b6460428cc853b4341/2949_82df685a-cf5a-436d-91bb-a600506a5557.jpg,"{""EU RoHS"": ""Supplier Unconfirmed"", ""ECCN (US)"": ""EAR99"", ""Part Status"": ""Active"", ""HTS"": ""8536694010"", ""Automotive"": ""Yes"", ""PPAP"": ""Yes""}","{""500"": 1.545, ""1000"": 1.529, ""2000"": 1.514, ""2500"": 1.499, ""3000"": 1.484, ""4000"": 1.469, ""5000"": 1.454, ""10000"": 1.44, ""20000"": 1.425}"
13658063,13658063,Aptiv,18 Way Gray Micro Sealed Female Connector,Connector Discrete Wire Housing,https://www.arrow.com/en/products/13658063/aptiv.html,Out of Stock,,500,https://static6.arrow.com/aropdfconversion/arrowimages/c68052e88d03df78d3788617ef0759a986c22cd3/2949_be2c9359-3654-43de-8f29-e90902638935.jpg,"{""EU RoHS"": ""Compliant"", ""ECCN (US)"": ""EAR99"", ""Part Status"": ""Active"", ""HTS"": ""8536694010"", ""Automotive"": ""Yes"", ""PPAP"": ""Yes"", ""Gender"": ""F"", ""Number of Contacts"": ""18"", ""Body Orientation"": ""Straight"", ""Product Weight (g)"": ""13.17244"", ""Product Length (mm)"": ""31.8"", ""Product Depth (mm)"": ""34.46"", ""Product Height (mm)"": ""24.65""}","{""500"": 1.1482, ""1000"": 1.1367, ""2000"": 1.1253, ""2500"": 1.1141, ""3000"": 1.1029, ""4000"": 1.0919, ""5000"": 1.081, ""10000"": 1.0702, ""20000"": 1.0595}"
14889911,1488991-1,TE Connectivity,Conn Housing RCP 3 POS 4mm Crimp ST Cable Mount Black Package,Connector Discrete Wire Housing,https://www.arrow.com/en/products/1488991-1_1_11/te-connectivity.html,In Stock,5810,1,https://static6.arrow.com/aropdfconversion/arrowimages/913df21aa94e230bdd0616d82bcd92c9d2e9646b/1488991-1-t1.jpg,"{""EU RoHS"": ""Compliant"", ""ECCN (US)"": ""EAR99"", ""Part Status"": ""Active"", ""HTS"": ""8538.90.60.00"", ""Automotive"": ""Yes"", ""PPAP"": ""Unknown"", ""Type"": ""Housing"", ""Gender"": ""RCP"", ""Number of Contacts"": ""3"", ""Number of Rows"": ""1"", ""Termination Method"": ""Crimp"", ""Terminal Pitch (mm)"": ""4"", ""Body Orientation"": ""Straight"", ""Maximum Current Rating (A)"": ""23/Contact"", ""Maximum Voltage Rating"": ""12V"", ""Minimum Operating Temperature (°C)"": ""-40"", ""Maximum Operating Temperature (°C)"": ""170"", ""IP Rating"": ""IP67"", ""Packaging"": ""Package"", ""Product Length (mm)"": ""19"", ""Product Depth (mm)"": ""15.6"", ""Product Height (mm)"": ""26.5"", ""Mounting"": ""Cable Mount""}","{""1"": 1.3283, ""10"": 1.1968, ""25"": 1.1547, ""50"": 1.0514, ""100"": 0.998, ""250"": 0.9633}"
14889912,1488991-2,TE Connectivity,Conn Housing RCP 3 POS 4mm Crimp ST Cable Mount Natural Package,Connector Discrete Wire Housing,https://www.arrow.com/en/products/1488991-2_1/te-connectivity.html,Out of Stock,,,https://static6.arrow.com/aropdfconversion/arrowimages/e97c54249926443d302574ce786dec97715bb4ff/1488991-2-t1.jpg,"{""EU RoHS"": ""Compliant"", ""ECCN (US)"": ""EAR99"", ""Part Status"": ""Active"", ""Automotive"": ""Yes"", ""PPAP"": ""Unknown"", ""Type"": ""Housing"", ""Gender"": ""RCP"", ""Number of Contacts"": ""3"", ""Number of Rows"": ""1"", ""Termination Method"": ""Crimp"", ""Terminal Pitch (mm)"": ""4"", ""Body Orientation"": ""Straight"", ""Minimum Operating Temperature (°C)"": ""-40"", ""Maximum Operating Temperature (°C)"": ""125"", ""Packaging"": ""Package"", ""Product Length (mm)"": ""19"", ""Product Depth (mm)"": ""15.6"", ""Product Height (mm)"": ""26.5"", ""Mounting"": ""Cable Mount""}",{}
14889913,1488991-3,TE Connectivity,Conn Housing RCP 3 POS 4mm Crimp ST Cable Mount Blue Package,Connector Discrete Wire Housing,https://www.arrow.com/en/products/1488991-3_1/te-connectivity.html,Out of Stock,,,https://static6.arrow.com/aropdfconversion/arrowimages/cb8245b4c59c08d56ef0c75ee6e61d8995b49026/1488991-3-t1.jpg,"{""EU RoHS"": ""Compliant"", ""ECCN (US)"": ""EAR99"", ""Part Status"": ""Active"", ""Automotive"": ""Yes"", ""PPAP"": ""Unknown"", ""Type"": ""Housing"", ""Gender"": ""RCP"", ""Number of Contacts"": ""3"", ""Number of Rows"": ""1"", ""Termination Method"": ""Crimp"", ""Terminal Pitch (mm)"": ""4"", ""Body Orientation"": ""Straight"", ""Maximum Current Rating (A)"": ""23"", ""Minimum Operating Temperature (°C)"": ""-40"", ""Maximum Operating Temperature (°C)"": ""125"", ""IP Rating"": ""IP67"", ""Packaging"": ""Package"", ""Product Length (mm)"": ""19"", ""Product Depth (mm)"": ""26.5"", ""Product Height (mm)"": ""26.5"", ""Mounting"": ""Cable Mount""}",{}
14889914,1488991-4,TE Connectivity,Conn Housing RCP 3 POS 4mm Crimp ST Cable Mount Gray,Connector Discrete Wire Housing,https://www.arrow.com/en/products/1488991-4_1/te-connectivity.html,Out of Stock,,750,https://static6.arrow.com/aropdfconversion/arrowimages/fb3af9193ba8bbd10c2b4e303e6b8ea6628fa00e/1488991-4-t1.jpg,"{""EU RoHS"": ""Compliant"", ""ECCN (US)"": ""EAR99"", ""Part Status"": ""Active"", ""HTS"": ""8538.90.60.00"", ""Automotive"": ""Yes"", ""PPAP"": ""Unknown"", ""Type"": ""Housing"", ""Gender"": ""RCP"", ""Number of Contacts"": ""3"", ""Number of Rows"": ""1"", ""Termination Method"": ""Crimp"", ""Terminal Pitch (mm)"": ""4"", ""Body Orientation"": ""Straight"", ""Maximum Operating Temperature (°C)"": ""125"", ""Product Length (mm)"": ""19"", ""Product Depth (mm)"": ""26.5"", ""Product Height (mm)"": ""15.6"", ""Mounting"": ""Cable Mount""}","{""750"": 1.644}"
14889915,1488991-5,TE Connectivity,Conn Housing RCP 3 POS 4mm Crimp ST Cable Mount Black Package,Connector Discrete Wire Housing,https://www.arrow.com/en/products/1488991-5_1/te-connectivity.html,In Stock,322,50,https://static6.arrow.com/aropdfconversion/arrowimages/bc89ec10ed7c4a03fecd7b5ac8cfc9c3b25e7273/1488991-5-t1.jpg,"{""EU RoHS"": ""Compliant"", ""ECCN (US)"": ""EAR99"", ""Part Status"": ""Active"", ""HTS"": ""8538.90.60.00"", ""Automotive"": ""Yes"", ""PPAP"": ""Unknown"", ""Type"": ""Housing"", ""Gender"": ""RCP"", ""Number of Contacts"": ""3"", ""Number of Rows"": ""1"", ""Termination Method"": ""Crimp"", ""Terminal Pitch (mm)"": ""4"", ""Body Orientation"": ""Straight"", ""Maximum Current Rating (A)"": ""23/Contact"", ""Maximum Voltage Rating"": ""12V"", ""Minimum Operating Temperature (°C)"": ""-40"", ""Maximum Operating Temperature (°C)"": ""170"", ""IP Rating"": ""IP67"", ""Packaging"": ""Package"", ""Product Length (mm)"": ""19"", ""Product Depth (mm)"": ""15.6"", ""Product Height (mm)"": ""26.5"", ""Mounting"": ""Cable Mount""}","{""50"": 1.25, ""300"": 1.1}"
14889916,1488991-6,TE Connectivity,Conn Housing RCP 3 POS 4mm Crimp ST Cable Mount Natural Package,Connector Discrete Wire Housing,https://www.arrow.com/en/products/1488991-6_1/te-connectivity.html,Out of Stock,,750,https://static6.arrow.com/aropdfconversion/arrowimages/6ec1192da0f951afebf7bdd8590aedcb5a26aebe/1488991-6-t1.jpg,"{""EU RoHS"": ""Compliant"", ""ECCN (US)"": ""EAR99"", ""Part Status"": ""Active"", ""HTS"": ""8538.90.60.00"", ""Automotive"": ""Yes"", ""PPAP"": ""Unknown"", ""Type"": ""Housing"", ""Gender"": ""RCP"", ""Number of Contacts"": ""3"", ""Number of Rows"": ""1"", ""Termination Method"": ""Crimp"", ""Terminal Pitch (mm)"": ""4"", ""Body Orientation"": ""Straight"", ""Maximum Current Rating (A)"": ""23/Contact"", ""Maximum Voltage Rating"": ""12V"", ""Minimum Operating Temperature (°C)"": ""-40"", ""Maximum Operating Temperature (°C)"": ""170"", ""IP Rating"": ""IP67"", ""Packaging"": ""Package"", ""Product Length (mm)"": ""19"", ""Product Depth (mm)"": ""15.6"", ""Product Height (mm)"": ""26.5"", ""Mounting"": ""Cable Mount""}","{""750"": 0.8505, ""2000"": 0.8335, ""5000"": 0.8211}"
14889918,1488991-8,TE Connectivity,Conn Housing RCP 3 POS 4mm Crimp ST Cable Mount Gray Package,Connector Discrete Wire Housing,https://www.arrow.com/en/products/1488991-8/te-connectivity.html,Out of Stock,,750,https://static6.arrow.com/aropdfconversion/arrowimages/10be8c2d8bc03fe7e485da3d33f48b11b02e5d3e/product-details342.jpg,"{""EU RoHS"": ""Compliant"", ""ECCN (US)"": ""EAR99"", ""Part Status"": ""Active"", ""HTS"": ""8538.90.60.00"", ""Automotive"": ""Yes"", ""PPAP"": ""No"", ""Type"": ""Housing"", ""Gender"": ""RCP"", ""Number of Contacts"": ""3"", ""Number of Rows"": ""1"", ""Termination Method"": ""Crimp"", ""Terminal Pitch (mm)"": ""4"", ""Body Orientation"": ""Straight"", ""Maximum Current Rating (A)"": ""23/Contact"", ""Maximum Voltage Rating"": ""12V"", ""Minimum Operating Temperature (°C)"": ""-40"", ""Maximum Operating Temperature (°C)"": ""170"", ""IP Rating"": ""IP67"", ""Product Length (mm)"": ""19"", ""Product Depth (mm)"": ""15.6"", ""Product Height (mm)"": ""26.5"", ""Mounting"": ""Cable Mount""}","{""750"": 1.2315, ""2000"": 1.2026, ""5000"": 1.0868}"
15499371,15499371,Aptiv,Conn Housing RCP 12 POS Crimp ST Cable Mount Black,Connector Discrete Wire Housing,https://www.arrow.com/en/products/15499371/aptiv.html,Out of Stock,,,https://static6.arrow.com/aropdfconversion/arrowimages/88059e337e5a1f383971fc3e6bc2692ce674a47e/2949_bd333c5d-0af0-4f5b-945c-b6abbdca6982.jpg,"{""EU RoHS"": ""Compliant"", ""ECCN (US)"": ""EAR99"", ""Part Status"": ""Active"", ""HTS"": ""8536904000"", ""Automotive"": ""Yes"", ""PPAP"": ""Yes"", ""Type"": ""Housing"", ""Gender"": ""RCP"", ""Number of Contacts"": ""12"", ""Number of Rows"": ""1"", ""Termination Method"": ""Crimp"", ""Body Orientation"": ""Straight"", ""Product Length (mm)"": ""24.35"", ""Product Depth (mm)"": ""33.5"", ""Product Height (mm)"": ""14.88"", ""Mounting"": ""Cable Mount""}",{}
15509274,15509274,Aptiv,Conn Housing RCP 2 POS Crimp ST Cable Mount Black,Connector Discrete Wire Housing,https://www.arrow.com/en/products/15509274/aptiv.html,Out of Stock,,2000,https://static6.arrow.com/aropdfconversion/arrowimages/c7177cc2d5681e9273f5c7eaf6ec5efcee105350/2949_10c578ba-2b63-4ab1-93ca-70d6bbc8f25a.jpg,"{""EU RoHS"": ""Supplier Unconfirmed"", ""ECCN (US)"": ""EAR99"", ""Part Status"": ""Active"", ""HTS"": ""8538.90.60.00"", ""Automotive"": ""Yes"", ""PPAP"": ""Yes"", ""Type"": ""Housing"", ""Gender"": ""RCP"", ""Number of Contacts"": ""2"", ""Number of Rows"": ""1"", ""Termination Method"": ""Crimp"", ""Body Orientation"": ""Straight"", ""Minimum Operating Temperature (°C)"": ""-40"", ""Maximum Operating Temperature (°C)"": ""105"", ""Product Weight (g)"": ""3.03298"", ""Product Length (mm)"": ""24.7"", ""Product Depth (mm)"": ""13.8"", ""Product Height (mm)"": ""21.1"", ""Mounting"": ""Cable Mount""}","{""2000"": 0.2387, ""4000"": 0.2363, ""6000"": 0.234, ""8000"": 0.2316, ""10000"": 0.2293, ""12000"": 0.227, ""20000"": 0.2248, ""30000"": 0.2225, ""50000"": 0.2203}"
15509304,15509304,Aptiv,3 Way OCS 1.5 Female Unsealed Connector,Connector Discrete Wire Housing,https://www.arrow.com/en/products/15509304/aptiv.html,Out of Stock,,,https://static6.arrow.com/aropdfconversion/arrowimages/cc7866f0c9ecb728aca5df49f4ba69bed091b2bc/2949_c68b9980-c1cc-44ce-be77-00eda88b3432.jpg,"{""EU RoHS"": ""Compliant"", ""ECCN (US)"": ""EAR99"", ""Part Status"": ""Active"", ""HTS"": ""8536694010"", ""Automotive"": ""Yes"", ""PPAP"": ""Yes"", ""Gender"": ""RCP"", ""Number of Contacts"": ""3"", ""Body Orientation"": ""Straight"", ""Minimum Operating Temperature (°C)"": ""-40"", ""Maximum Operating Temperature (°C)"": ""105"", ""Product Weight (g)"": ""3.3777"", ""Product Length (mm)"": ""29.1"", ""Product Depth (mm)"": ""14.2"", ""Product Height (mm)"": ""21.07""}",{}
15509366,15509366,Aptiv,Conn Housing F 8 POS Crimp ST Cable Mount Black,Connector Discrete Wire Housing,https://www.arrow.com/en/products/15509366/aptiv.html,Out of Stock,,1500,https://static6.arrow.com/aropdfconversion/arrowimages/a8d326530616e08dd372e24ccfcf835546490069/2949_c220f353-c1d5-4855-a62d-0dd87af64438.jpg,"{""EU RoHS"": ""Compliant"", ""ECCN (US)"": ""EAR99"", ""Part Status"": ""Active"", ""HTS"": ""8536694010"", ""Automotive"": ""Yes"", ""PPAP"": ""Yes"", ""Type"": ""Housing"", ""Gender"": ""F"", ""Number of Contacts"": ""8"", ""Termination Method"": ""Crimp"", ""Body Orientation"": ""Straight"", ""Minimum Operating Temperature (°C)"": ""-40"", ""Maximum Operating Temperature (°C)"": ""105"", ""Product Length (mm)"": ""24.7"", ""Product Depth (mm)"": ""17.5"", ""Product Height (mm)"": ""27.6"", ""Mounting"": ""Cable Mount""}","{""1500"": 0.3134, ""2000"": 0.3102, ""2500"": 0.3071, ""3000"": 0.3041, ""4000"": 0.301, ""5000"": 0.298, ""6000"": 0.295, ""10000"": 0.2921, ""15000"": 0.2892, ""20000"": 0.2863}"
15512461,15512461,Aptiv,Conn Housing RCP 6 POS Crimp ST Cable Mount Black,Connector Discrete Wire Housing,https://www.arrow.com/en/products/15512461/aptiv.html,Out of Stock,,1500,https://static6.arrow.com/aropdfconversion/arrowimages/5025492d9a785ea08710a92761e44beba37ce63f/2949_60e8b6bd-064f-451c-a365-82c4d67cb72f.jpg,"{""EU RoHS"": ""Compliant"", ""ECCN (US)"": ""EAR99"", ""Part Status"": ""Active"", ""HTS"": ""8538.90.60.00"", ""Automotive"": ""Yes"", ""PPAP"": ""Yes"", ""Type"": ""Housing"", ""Gender"": ""RCP"", ""Number of Contacts"": ""6"", ""Number of Rows"": ""1"", ""Termination Method"": ""Crimp"", ""Body Orientation"": ""Straight"", ""Minimum Operating Temperature (°C)"": ""-40"", ""Maximum Operating Temperature (°C)"": ""105"", ""Product Length (mm)"": ""24.7"", ""Product Depth (mm)"": ""14"", ""Product Height (mm)"": ""27.6"", ""Mounting"": ""Cable Mount""}","{""1500"": 0.3077, ""2000"": 0.3047, ""2500"": 0.3016, ""3000"": 0.2986, ""4000"": 0.2956, ""5000"": 0.2927, ""6000"": 0.2897, ""10000"": 0.2868, ""15000"": 0.284, ""20000"": 0.2811}"
15512462,15512462,Aptiv,6 Way OCS 1.5 Female Unsealed Connector,Connector Discrete Wire Housing,https://www.arrow.com/en/products/15512462/aptiv.html,In Stock,1500,1500,https://static6.arrow.com/aropdfconversion/arrowimages/87110bae47cd4cebd12076bdc00f42db357bff91/2949_6399fd2b-e47e-4d66-8c73-4aacfd373735.jpg,"{""EU RoHS"": ""Supplier Unconfirmed"", ""ECCN (US)"": ""EAR99"", ""Part Status"": ""Active"", ""HTS"": ""8538.90.60.00"", ""Automotive"": ""Yes"", ""PPAP"": ""Yes"", ""Gender"": ""RCP"", ""Number of Contacts"": ""6"", ""Body Orientation"": ""Straight"", ""Minimum Operating Temperature (°C)"": ""-40"", ""Maximum Operating Temperature (°C)"": ""105"", ""Product Weight (g)"": ""4.9762"", ""Product Length (mm)"": ""29.1"", ""Product Depth (mm)"": ""15.7"", ""Product Height (mm)"": ""27.58""}","{""1500"": 0.2299}"
15512475,15512475,Aptiv,Conn Housing F 10 POS Crimp ST Cable Mount Black,Connector Discrete Wire Housing,https://www.arrow.com/en/products/15512475/aptiv.html,Out of Stock,,1300,https://static6.arrow.com/aropdfconversion/arrowimages/17f0c77ca576d78a2df07c9163ad3ce01081b89/2949_25ac1296-6380-40ce-8333-60cb54187c5b.jpg,"{""EU RoHS"": ""Compliant"", ""ECCN (US)"": ""EAR99"", ""Part Status"": ""Active"", ""HTS"": ""8538.90.81.80"", ""Automotive"": ""Yes"", ""PPAP"": ""Yes"", ""Type"": ""Housing"", ""Gender"": ""F"", ""Number of Contacts"": ""10"", ""Termination Method"": ""Crimp"", ""Body Orientation"": ""Straight"", ""Minimum Operating Temperature (°C)"": ""-40"", ""Maximum Operating Temperature (°C)"": ""105"", ""Product Length (mm)"": ""24.7"", ""Product Depth (mm)"": ""21.2"", ""Product Height (mm)"": ""27"", ""Mounting"": ""Cable Mount""}","{""1300"": 0.4897, ""2600"": 0.4357, ""5200"": 0.4251, ""10400"": 0.4179}"
15512489,15512489,Aptiv,Conn Housing RCP 12 POS Crimp ST Cable Mount Black,Connector Discrete Wire Housing,https://www.arrow.com/en/products/15512489/aptiv.html,Out of Stock,,,https://static6.arrow.com/aropdfconversion/arrowimages/b5aa3291bb08daad1d5829839967ccea63254924/2949_14cec8f0-c732-48dd-aa89-58b0b2cdc33a.jpg,"{""EU RoHS"": ""Compliant"", ""ECCN (US)"": ""EAR99"", ""Part Status"": ""Active"", ""HTS"": ""8536694010"", ""Automotive"": ""Yes"", ""PPAP"": ""Yes"", ""Type"": ""Housing"", ""Gender"": ""RCP"", ""Number of Contacts"": ""12"", ""Number of Rows"": ""2"", ""Termination Method"": ""Crimp"", ""Body Orientation"": ""Straight"", ""Minimum Operating Temperature (°C)"": ""-40"", ""Maximum Operating Temperature (°C)"": ""105"", ""Product Weight (g)"": ""8.12455"", ""Product Length (mm)"": ""24.7"", ""Product Depth (mm)"": ""24.5"", ""Product Height (mm)"": ""27"", ""Mounting"": ""Cable Mount""}",{}
15512506,15512506,Aptiv,Conn Housing F 16 POS Crimp ST Cable Mount Black,Connector Discrete Wire Housing,https://www.arrow.com/en/products/15512506/aptiv.html,In Stock,19265,1,https://static6.arrow.com/aropdfconversion/arrowimages/c2b3c9aad7c99570bb41ff84d64a6f61b6d20a1b/2949_26898037-129c-4280-b234-f6fbbcc6dadb.jpg,"{""EU RoHS"": ""Compliant"", ""ECCN (US)"": ""EAR99"", ""Part Status"": ""Active"", ""HTS"": ""8538.90.81.80"", ""Automotive"": ""Yes"", ""PPAP"": ""Yes"", ""Type"": ""Housing"", ""Gender"": ""F"", ""Number of Contacts"": ""16"", ""Termination Method"": ""Crimp"", ""Body Orientation"": ""Straight"", ""Minimum Operating Temperature (°C)"": ""-40"", ""Maximum Operating Temperature (°C)"": ""105"", ""Product Length (mm)"": ""24.7"", ""Product Depth (mm)"": ""31.6"", ""Product Height (mm)"": ""27"", ""Mounting"": ""Cable Mount""}","{""1"": 0.2995, ""25"": 0.2899, ""50"": 0.2889, ""100"": 0.2879, ""500"": 0.2857}"
15512507,15512507,Aptiv,16 Way OCS 1.5 Female Unsealed Connector,Connector Discrete Wire Housing,https://www.arrow.com/en/products/15512507/aptiv.html,Out of Stock,,670,https://static6.arrow.com/aropdfconversion/arrowimages/b23247563f2433a4f729f46b9951f22bf091e9bc/2949_26898037-129c-4280-b234-f6fbbcc6dadb.jpg,"{""EU RoHS"": ""Supplier Unconfirmed"", ""ECCN (US)"": ""EAR99"", ""Part Status"": ""Active"", ""HTS"": ""8536694010"", ""Automotive"": ""Yes"", ""PPAP"": ""Yes"", ""Gender"": ""RCP"", ""Number of Contacts"": ""16"", ""Body Orientation"": ""Straight"", ""Minimum Operating Temperature (°C)"": ""-40"", ""Maximum Operating Temperature (°C)"": ""105"", ""Product Weight (g)"": ""10.16368"", ""Product Length (mm)"": ""26.95"", ""Product Depth (mm)"": ""31.64"", ""Product Height (mm)"": ""29.1""}","{""670"": 0.3402, ""1000"": 0.3368, ""2000"": 0.3335, ""2500"": 0.3301, ""3000"": 0.3268, ""4000"": 0.3236, ""5000"": 0.3203, ""6000"": 0.3171, ""10000"": 0.314, ""20000"": 0.3108}"
15512508,15512508,Aptiv,Conn Housing RCP 16 POS Crimp ST Cable Mount Brown,Connector Discrete Wire Housing,https://www.arrow.com/en/products/15512508/aptiv.html,In Stock,295,295,https://static6.arrow.com/aropdfconversion/arrowimages/b23247563f2433a4f729f46b9951f22bf091e9bc/2949_26898037-129c-4280-b234-f6fbbcc6dadb.jpg,"{""EU RoHS"": ""Supplier Unconfirmed"", ""ECCN (US)"": ""EAR99"", ""Part Status"": ""Active"", ""HTS"": ""8536694010"", ""Automotive"": ""Yes"", ""PPAP"": ""Yes"", ""Type"": ""Housing"", ""Gender"": ""RCP"", ""Number of Contacts"": ""16"", ""Number of Rows"": ""2"", ""Termination Method"": ""Crimp"", ""Body Orientation"": ""Straight"", ""Minimum Operating Temperature (°C)"": ""-40"", ""Maximum Operating Temperature (°C)"": ""105"", ""Product Weight (g)"": ""10.16646"", ""Product Length (mm)"": ""26.95"", ""Product Depth (mm)"": ""31.64"", ""Product Height (mm)"": ""29.1"", ""Mounting"": ""Cable Mount""}","{""295"": 0.2671}"
15513504,15513504,Aptiv,OCS 1.5 Sealed Male Power Connector,Connector Power,https://www.arrow.com/en/products/15513504/aptiv.html,Out of Stock,,800,https://static6.arrow.com/aropdfconversion/arrowimages/bf2427ba14d66d5ab5e3e15fcd061aa5d1e23dc0/2949_fe9b5875-7b72-4de1-9aae-dd7f5bac59f3.jpg,"{""EU RoHS"": ""Supplier Unconfirmed"", ""ECCN (US)"": ""EAR99"", ""Part Status"": ""Active"", ""HTS"": ""8536694010"", ""Automotive"": ""Yes"", ""PPAP"": ""Yes"", ""Gender"": ""RCP"", ""Number of Contacts"": ""6"", ""Body Orientation"": ""Straight"", ""Minimum Operating Temperature (°C)"": ""-40"", ""Maximum Operating Temperature (°C)"": ""125"", ""Housing Color"": ""Black"", ""Product Weight (g)"": ""11.554605"", ""Product Length (mm)"": ""36.55"", ""Product Depth (mm)"": ""24.05"", ""Product Height (mm)"": ""27.55""}","{""800"": 0.6693, ""4000"": 0.6626, ""8000"": 0.656, ""12000"": 0.6494, ""20000"": 0.6429, ""24000"": 0.6365, ""40000"": 0.6301, ""60000"": 0.6238, ""100000"": 0.6176, ""120000"": 0.6114}"
15513505,15513505,Aptiv,Conn Housing RCP 6 POS 3.5mm Crimp ST Cable Mount Light Gray,Connector Discrete Wire Housing,https://www.arrow.com/en/products/15513505/aptiv.html,Out of Stock,,,https://static6.arrow.com/aropdfconversion/arrowimages/e861b676df30f413f64f0bb8c301ee1641fcf837/2949_0a470920-f609-4189-94ca-75157b51ad4e.jpg,"{""EU RoHS"": ""Supplier Unconfirmed"", ""ECCN (US)"": ""EAR99"", ""Part Status"": ""Active"", ""HTS"": ""8536694010"", ""Automotive"": ""Yes"", ""PPAP"": ""Yes"", ""Type"": ""Housing"", ""Gender"": ""RCP"", ""Number of Contacts"": ""6"", ""Number of Rows"": ""2"", ""Termination Method"": ""Crimp"", ""Terminal Pitch (mm)"": ""3.5"", ""Body Orientation"": ""Straight"", ""Minimum Operating Temperature (°C)"": ""-40"", ""Maximum Operating Temperature (°C)"": ""125"", ""Product Weight (g)"": ""11.407265"", ""Product Length (mm)"": ""24.05"", ""Product Depth (mm)"": ""27.55"", ""Product Height (mm)"": ""36.55"", ""Mounting"": ""Cable Mount""}",{}
15514473,15514473,Aptiv,Conn Housing RCP 16 POS Crimp ST Cable Mount Black,Connector Discrete Wire Housing,https://www.arrow.com/en/products/15514473/aptiv.html,In Stock,40,1,https://static6.arrow.com/aropdfconversion/arrowimages/29b1ea4fa6742a4fb2ffeca1c9a5df1c35d2c5f2/2949_9e5538f0-6ae8-4258-bffc-d0ec68ce2368.jpg,"{""EU RoHS"": ""Supplier Unconfirmed"", ""ECCN (US)"": ""EAR99"", ""Part Status"": ""Active"", ""HTS"": ""8538.90.81.80"", ""Automotive"": ""Yes"", ""PPAP"": ""Yes"", ""Type"": ""Housing"", ""Gender"": ""RCP"", ""Number of Contacts"": ""16"", ""Number of Rows"": ""2"", ""Termination Method"": ""Crimp"", ""Body Orientation"": ""Straight"", ""Minimum Operating Temperature (°C)"": ""-40"", ""Maximum Operating Temperature (°C)"": ""125"", ""Product Weight (g)"": ""20.200015"", ""Product Length (mm)"": ""36.55"", ""Product Depth (mm)"": ""41.55"", ""Product Height (mm)"": ""27.56"", ""Mounting"": ""Cable Mount""}","{""1"": 1.6131, ""10"": 1.3691, ""25"": 1.2428}"
15514474,15514474,Aptiv,16 Way OCS 1.5 Female Sealed Connector Assembly,Connector Discrete Wire Housing,https://www.arrow.com/en/products/15514474/aptiv.html,In Stock,480,480,https://static6.arrow.com/aropdfconversion/arrowimages/29b1ea4fa6742a4fb2ffeca1c9a5df1c35d2c5f2/2949_9e5538f0-6ae8-4258-bffc-d0ec68ce2368.jpg,"{""EU RoHS"": ""Supplier Unconfirmed"", ""ECCN (US)"": ""EAR99"", ""Part Status"": ""Active"", ""HTS"": ""8536694010"", ""Automotive"": ""Yes"", ""PPAP"": ""Yes"", ""Gender"": ""RCP"", ""Number of Contacts"": ""16"", ""Body Orientation"": ""Straight"", ""Minimum Operating Temperature (°C)"": ""-40"", ""Maximum Operating Temperature (°C)"": ""125"", ""Product Weight (g)"": ""20.198625"", ""Product Length (mm)"": ""36.55"", ""Product Depth (mm)"": ""41.55"", ""Product Height (mm)"": ""27.56""}","{""480"": 0.6947}"
15514524,15514524,Aptiv,Conn Housing RCP 4 POS Crimp ST Cable Mount Black,Connector Discrete Wire Housing,https://www.arrow.com/en/products/15514524/aptiv.html,In Stock,1210,605,https://static6.arrow.com/aropdfconversion/arrowimages/adf60ca19359462887d1edd5cdc080b70939a600/2949_b3f0f7cd-033a-4aad-b5ef-82942f0d655e.jpg,"{""EU RoHS"": ""Compliant"", ""ECCN (US)"": ""EAR99"", ""Part Status"": ""Active"", ""HTS"": ""8536694010"", ""Automotive"": ""Yes"", ""PPAP"": ""Yes"", ""Type"": ""Housing"", ""Gender"": ""RCP"", ""Number of Contacts"": ""4"", ""Number of Rows"": ""1"", ""Termination Method"": ""Crimp"", ""Body Orientation"": ""Straight"", ""Minimum Operating Temperature (°C)"": ""-40"", ""Maximum Operating Temperature (°C)"": ""125"", ""Product Weight (g)"": ""10.92198"", ""Product Length (mm)"": ""36.55"", ""Product Depth (mm)"": ""27.94"", ""Product Height (mm)"": ""24.17"", ""Mounting"": ""Cable Mount""}","{""605"": 0.7943}"
15514525,15514525,Aptiv,4 Way OCS 1.5 Female Sealed Connector,Connector Discrete Wire Housing,https://www.arrow.com/en/products/15514525/aptiv.html,Out of Stock,,,https://static6.arrow.com/aropdfconversion/arrowimages/3c422714f7733c0e7e84a869b001ecaa63003548/2949_7c607234-634c-498b-9ef5-b1a8443698f2.jpg,"{""EU RoHS"": ""Compliant"", ""ECCN (US)"": ""EAR99"", ""Part Status"": ""Active"", ""HTS"": ""8536694010"", ""Automotive"": ""Yes"", ""PPAP"": ""Yes"", ""Gender"": ""RCP"", ""Number of Contacts"": ""4"", ""Minimum Operating Temperature (°C)"": ""-40"", ""Maximum Operating Temperature (°C)"": ""125"", ""Product Weight (g)"": ""10.91781"", ""Product Length (mm)"": ""36.55"", ""Product Depth (mm)"": ""27.94"", ""Product Height (mm)"": ""24.17""}",{}
15514573,15514573,Aptiv,2 Way OCS 1.5 Female Sealed Connector,Connector Discrete Wire Housing,https://www.arrow.com/en/products/15514573/aptiv.html,Out of Stock,,,https://static6.arrow.com/aropdfconversion/arrowimages/176258c45b637318b9cca45f08e5c2ede72acbc5/2949_428d0b6b-0d82-4254-9bf8-796e14748463.jpg,"{""EU RoHS"": ""Compliant"", ""ECCN (US)"": ""EAR99"", ""Part Status"": ""Active"", ""HTS"": ""8538.90.81.80"", ""Automotive"": ""Yes"", ""PPAP"": ""Yes"", ""Gender"": ""RCP"", ""Number of Contacts"": ""2"", ""Body Orientation"": ""Straight"", ""Minimum Operating Temperature (°C)"": ""-40"", ""Maximum Operating Temperature (°C)"": ""125"", ""Product Weight (g)"": ""8.301295"", ""Product Length (mm)"": ""36.55"", ""Product Depth (mm)"": ""20.94"", ""Product Height (mm)"": ""24.17""}",{}
15514623,15514623,Aptiv,Conn Housing F 12 POS Crimp ST Cable Mount Black,Connector Discrete Wire Housing,https://www.arrow.com/en/products/15514623_2/aptiv.html,Out of Stock,,480,https://static6.arrow.com/aropdfconversion/arrowimages/f521671af30a09a3a46c8be1cdf67af23cdeec39/2949_89659988-d699-40c3-8a9d-6ab95431f682.jpg,"{""EU RoHS"": ""Compliant"", ""ECCN (US)"": ""EAR99"", ""Part Status"": ""Active"", ""HTS"": ""8538.90.60.00"", ""Automotive"": ""Yes"", ""PPAP"": ""Yes"", ""Type"": ""Housing"", ""Gender"": ""F"", ""Number of Contacts"": ""12"", ""Termination Method"": ""Crimp"", ""Body Orientation"": ""Straight"", ""Minimum Operating Temperature (°C)"": ""-40"", ""Maximum Operating Temperature (°C)"": ""125"", ""Product Length (mm)"": ""36.55"", ""Product Depth (mm)"": ""34.53"", ""Product Height (mm)"": ""27.56"", ""Mounting"": ""Cable Mount""}","{""480"": 0.759, ""500"": 0.7514, ""1000"": 0.7439, ""2000"": 0.7364, ""2500"": 0.7291, ""3000"": 0.7218, ""4000"": 0.7146, ""5000"": 0.7074, ""10000"": 0.7003, ""20000"": 0.6933}"
15514625,15514625,Aptiv,Conn Housing RCP 12 POS Crimp ST Cable Mount Light Gray,Connector Discrete Wire Housing,https://www.arrow.com/en/products/15514625_1/aptiv.html,In Stock,8640,1,https://static6.arrow.com/aropdfconversion/arrowimages/70e0e486c00e78ce02eed65cef53c670bb2ad57d/2949_89659988-d699-40c3-8a9d-6ab95431f682.jpg,"{""EU RoHS"": ""Supplier Unconfirmed"", ""ECCN (US)"": ""EAR99"", ""Part Status"": ""Active"", ""HTS"": ""8536694010"", ""Automotive"": ""Yes"", ""PPAP"": ""Yes"", ""Type"": ""Housing"", ""Gender"": ""RCP"", ""Number of Contacts"": ""12"", ""Number of Rows"": ""2"", ""Termination Method"": ""Crimp"", ""Body Orientation"": ""Straight"", ""Minimum Operating Temperature (°C)"": ""-40"", ""Maximum Operating Temperature (°C)"": ""125"", ""Product Weight (g)"": ""16.682545"", ""Product Length (mm)"": ""36.55"", ""Product Depth (mm)"": ""34.53"", ""Product Height (mm)"": ""27.56"", ""Mounting"": ""Cable Mount""}","{""1"": 1.4719, ""10"": 1.2492, ""25"": 1.134, ""100"": 1.0571, ""500"": 1.0136, ""1000"": 0.9601}"
15514628,15514628,Aptiv,Conn Housing RCP 12 POS Crimp ST Cable Mount Dark Gray,Connector Discrete Wire Housing,https://www.arrow.com/en/products/15514628/aptiv.html,In Stock,576,1,https://static6.arrow.com/aropdfconversion/arrowimages/70e0e486c00e78ce02eed65cef53c670bb2ad57d/2949_89659988-d699-40c3-8a9d-6ab95431f682.jpg,"{""EU RoHS"": ""Supplier Unconfirmed"", ""ECCN (US)"": ""EAR99"", ""Part Status"": ""Active"", ""HTS"": ""8536694010"", ""Automotive"": ""Yes"", ""PPAP"": ""Yes"", ""Type"": ""Housing"", ""Gender"": ""RCP"", ""Number of Contacts"": ""12"", ""Number of Rows"": ""2"", ""Termination Method"": ""Crimp"", ""Body Orientation"": ""Straight"", ""Minimum Operating Temperature (°C)"": ""-40"", ""Maximum Operating Temperature (°C)"": ""125"", ""Product Weight (g)"": ""16.682545"", ""Product Length (mm)"": ""36.55"", ""Product Depth (mm)"": ""34.53"", ""Product Height (mm)"": ""27.56"", ""Mounting"": ""Cable Mount""}","{""1"": 0.1273}"
15514629,15514629,Aptiv,12 Way OCS 1.5 Female Sealed Connector,Connector Discrete Wire Housing,https://www.arrow.com/en/products/15514629/aptiv.html,Out of Stock,,,https://static6.arrow.com/aropdfconversion/arrowimages/70e0e486c00e78ce02eed65cef53c670bb2ad57d/2949_89659988-d699-40c3-8a9d-6ab95431f682.jpg,"{""EU RoHS"": ""Supplier Unconfirmed"", ""ECCN (US)"": ""EAR99"", ""Part Status"": ""Active"", ""HTS"": ""8538.90.60.00"", ""Automotive"": ""Yes"", ""PPAP"": ""Yes"", ""Gender"": ""RCP"", ""Number of Contacts"": ""12"", ""Body Orientation"": ""Straight"", ""Minimum Operating Temperature (°C)"": ""-40"", ""Maximum Operating Temperature (°C)"": ""125"", ""Product Weight (g)"": ""16.682545"", ""Product Length (mm)"": ""36.55"", ""Product Depth (mm)"": ""34.53"", ""Product Height (mm)"": ""27.56""}",{}
15514667,15514667,Aptiv,Conn Housing F 8 POS Crimp ST Cable Mount Black,Connector Discrete Wire Housing,https://www.arrow.com/en/products/15514667/aptiv.html,In Stock,14770,1,https://static6.arrow.com/aropdfconversion/arrowimages/40bd32fe0256c710a38738264a27c6bd324606fe/2949_ae272134-2449-4ade-8519-a628555f3d6a.jpg,"{""EU RoHS"": ""Compliant"", ""ECCN (US)"": ""EAR99"", ""Part Status"": ""Active"", ""HTS"": ""8538.90.81.80"", ""Automotive"": ""Yes"", ""PPAP"": ""Yes"", ""Type"": ""Housing"", ""Gender"": ""F"", ""Number of Contacts"": ""8"", ""Number of Rows"": ""2"", ""Termination Method"": ""Crimp"", ""Body Orientation"": ""Straight"", ""Minimum Operating Temperature (°C)"": ""-40"", ""Maximum Operating Temperature (°C)"": ""125"", ""Product Length (mm)"": ""36.55"", ""Product Depth (mm)"": ""27.54"", ""Product Height (mm)"": ""27.56"", ""Mounting"": ""Cable Mount""}","{""1"": 0.5444}"
15514668,15514668,Aptiv,8 Way OCS 1.5 Female Sealed Connector Assembly,Connector Discrete Wire Housing,https://www.arrow.com/en/products/15514668/aptiv.html,In Stock,605,1,https://static6.arrow.com/aropdfconversion/arrowimages/50609554716a07526b1a8763754000befad6cf44/2949_39b91438-dd14-4211-ba44-b928bbedf9b1.jpg,"{""EU RoHS"": ""Supplier Unconfirmed"", ""ECCN (US)"": ""EAR99"", ""Part Status"": ""Active"", ""HTS"": ""8536694010"", ""Automotive"": ""Yes"", ""PPAP"": ""Yes"", ""Gender"": ""RCP"", ""Number of Contacts"": ""8"", ""Body Orientation"": ""Straight"", ""Minimum Operating Temperature (°C)"": ""-40"", ""Maximum Operating Temperature (°C)"": ""125"", ""Product Weight (g)"": ""13.129905"", ""Product Length (mm)"": ""36.55"", ""Product Depth (mm)"": ""27.54"", ""Product Height (mm)"": ""27.56""}","{""1"": 0.1223}"
15514669,15514669,Aptiv,8 Way OCS 1.5 Female Sealed Connector Assembly,Connector Discrete Wire Housing,https://www.arrow.com/en/products/15514669/aptiv.html,Out of Stock,,,https://static6.arrow.com/aropdfconversion/arrowimages/3e0178507669504a041088ec9fc9349c6e5cba39/2949_0abb7eaf-4433-4a36-9d73-9c38b13a9ba5.jpg,"{""EU RoHS"": ""Compliant"", ""ECCN (US)"": ""EAR99"", ""Part Status"": ""Active"", ""HTS"": ""8536694010"", ""Automotive"": ""Yes"", ""PPAP"": ""Yes"", ""Gender"": ""F"", ""Number of Contacts"": ""8"", ""Body Orientation"": ""Straight"", ""Product Weight (g)"": ""13.406515"", ""Product Length (mm)"": ""36.55"", ""Product Depth (mm)"": ""27.54"", ""Product Height (mm)"": ""27.56""}",{}
15514762,15514762,Aptiv,Conn Housing RCP 3 POS Crimp ST Cable Mount Black,Connector Discrete Wire Housing,https://www.arrow.com/en/products/15514762/aptiv.html,In Stock,600,1,https://static6.arrow.com/aropdfconversion/arrowimages/38e0981b8b12dd3310c831652c6645cbeee2e1bd/2949_a4be52ee-d0c0-491c-b617-c62523bff27b.jpg,"{""EU RoHS"": ""Compliant"", ""ECCN (US)"": ""EAR99"", ""Part Status"": ""Active"", ""HTS"": ""8536694010"", ""Automotive"": ""Yes"", ""PPAP"": ""Yes"", ""Type"": ""Housing"", ""Gender"": ""RCP"", ""Number of Contacts"": ""3"", ""Number of Rows"": ""1"", ""Termination Method"": ""Crimp"", ""Body Orientation"": ""Straight"", ""Minimum Operating Temperature (°C)"": ""-40"", ""Maximum Operating Temperature (°C)"": ""125"", ""Product Length (mm)"": ""36.55"", ""Product Depth (mm)"": ""24.46"", ""Product Height (mm)"": ""24.17"", ""Mounting"": ""Cable Mount""}","{""1"": 1.0776, ""10"": 0.9277, ""25"": 0.8485, ""100"": 0.7949, ""500"": 0.7644}"
15514763,15514763,Aptiv,3 Way OCS 1.5 Female Sealed Connector,Connector Discrete Wire Housing,https://www.arrow.com/en/products/15514763/aptiv.html,Out of Stock,,,https://static6.arrow.com/aropdfconversion/arrowimages/ff44cea761e516419a43e64cee8ba0dfee4421c/2949_0309a2a1-96ca-4c8b-b5d6-8f0e89e00f54.jpg,"{""EU RoHS"": ""Compliant"", ""ECCN (US)"": ""EAR99"", ""Part Status"": ""Active"", ""HTS"": ""8536694010"", ""Automotive"": ""Yes"", ""PPAP"": ""Yes"", ""Gender"": ""F"", ""Number of Contacts"": ""3"", ""Body Orientation"": ""Straight"", ""Product Weight (g)"": ""9.53252"", ""Product Length (mm)"": ""36.55"", ""Product Depth (mm)"": ""23.13"", ""Product Height (mm)"": ""24.17""}",{}
15526972,15526972,Aptiv,Conn Housing F 8 POS 2.54mm Crimp ST Cable Mount Multi Color,Connector Discrete Wire Housing,https://www.arrow.com/en/products/15526972/aptiv.html,Out of Stock,,2000,https://static6.arrow.com/aropdfconversion/arrowimages/8c49e1a58ef26dd9a4bf238626ab9fa77cd21fdc/2949_35c79498-6179-4a33-9a05-be807efa61b4.jpg,"{""EU RoHS"": ""Compliant"", ""ECCN (US)"": ""EAR99"", ""Part Status"": ""Active"", ""HTS"": ""EA"", ""Automotive"": ""Yes"", ""PPAP"": ""Yes"", ""Type"": ""Housing"", ""Gender"": ""F"", ""Number of Contacts"": ""8"", ""Number of Rows"": ""2"", ""Termination Method"": ""Crimp"", ""Terminal Pitch (mm)"": ""2.54"", ""Body Orientation"": ""Straight"", ""Maximum Current Rating (A)"": ""7.5"", ""Minimum Operating Temperature (°C)"": ""-40"", ""Maximum Operating Temperature (°C)"": ""125"", ""Product Length (mm)"": ""14.43"", ""Product Depth (mm)"": ""19.09"", ""Product Height (mm)"": ""27.68"", ""Mounting"": ""Cable Mount""}","{""2000"": 0.6409, ""2500"": 0.6345, ""3000"": 0.6281, ""4000"": 0.6219, ""5000"": 0.6156, ""6000"": 0.6095, ""10000"": 0.6034, ""15000"": 0.5974, ""20000"": 0.5914}"
15526973,15526973,Aptiv,Conn Housing F 8 POS 2.54mm Crimp ST Cable Mount Multi Color,Connector Discrete Wire Housing,https://www.arrow.com/en/products/15526973/aptiv.html,Out of Stock,,2000,https://static6.arrow.com/aropdfconversion/arrowimages/c007118c4d72e23a090530e9dcbec71d08ada804/2949_7e324127-7882-4deb-ae2e-0bc00b5871d4.jpg,"{""EU RoHS"": ""Compliant"", ""ECCN (US)"": ""EAR99"", ""Part Status"": ""Active"", ""HTS"": ""8536694010"", ""Automotive"": ""Yes"", ""PPAP"": ""Yes"", ""Type"": ""Housing"", ""Gender"": ""F"", ""Number of Contacts"": ""8"", ""Number of Rows"": ""2"", ""Termination Method"": ""Crimp"", ""Terminal Pitch (mm)"": ""2.54"", ""Body Orientation"": ""Straight"", ""Maximum Current Rating (A)"": ""7.5"", ""Minimum Operating Temperature (°C)"": ""-40"", ""Maximum Operating Temperature (°C)"": ""125"", ""Product Length (mm)"": ""14.43"", ""Product Depth (mm)"": ""19.09"", ""Product Height (mm)"": ""27.68"", ""Mounting"": ""Cable Mount""}","{""2000"": 0.6844, ""2500"": 0.6775, ""3000"": 0.6708, ""4000"": 0.6641, ""5000"": 0.6574, ""6000"": 0.6508, ""10000"": 0.6443, ""15000"": 0.6379, ""20000"": 0.6315}"
19242921,1924292-1,TE Connectivity,Conn Housing RCP 6 POS 4mm Crimp ST Cable Mount Black,Connector Discrete Wire Housing,https://www.arrow.com/en/products/1924292-1/te-connectivity.html,In Stock,225,41,https://static6.arrow.com/aropdfconversion/arrowimages/a8d74aff492b14be9759f8f9025af3f36e87680/1924292-1-t1.jpg,"{""EU RoHS"": ""Compliant"", ""ECCN (US)"": ""EAR99"", ""Part Status"": ""Active"", ""Automotive"": ""Yes"", ""PPAP"": ""Unknown"", ""Type"": ""Housing"", ""Gender"": ""RCP"", ""Number of Contacts"": ""6"", ""Number of Rows"": ""1"", ""Termination Method"": ""Crimp"", ""Terminal Pitch (mm)"": ""4"", ""Body Orientation"": ""Straight"", ""Maximum Voltage Rating"": ""12V"", ""Minimum Operating Temperature (°C)"": ""-40"", ""Maximum Operating Temperature (°C)"": ""170"", ""IP Rating"": ""IP67"", ""Product Length (mm)"": ""32.7"", ""Product Depth (mm)"": ""17.5"", ""Product Height (mm)"": ""26.5"", ""Mounting"": ""Cable Mount""}","{""41"": 1.55}"
19242925,1924292-5,TE Connectivity,Conn Housing RCP 6 POS 4mm Crimp ST Cable Mount Black Box/Carton,Connector Discrete Wire Housing,https://www.arrow.com/en/products/1924292-5_1/te-connectivity.html,Out of Stock,,750,https://static6.arrow.com/aropdfconversion/arrowimages/940525838aa2390fc3f25028a97b561bb60887db/pr1924292-5.jpg,"{""EU RoHS"": ""Compliant"", ""ECCN (US)"": ""EAR99"", ""Part Status"": ""Active"", ""HTS"": ""8538.90.60.00"", ""Automotive"": ""Yes"", ""PPAP"": ""Unknown"", ""Type"": ""Housing"", ""Gender"": ""RCP"", ""Number of Contacts"": ""6"", ""Number of Rows"": ""1"", ""Termination Method"": ""Crimp"", ""Terminal Pitch (mm)"": ""4"", ""Body Orientation"": ""Straight"", ""Maximum Voltage Rating"": ""12V"", ""Minimum Operating Temperature (°C)"": ""-40"", ""Maximum Operating Temperature (°C)"": ""170"", ""IP Rating"": ""IP67"", ""Packaging"": ""Box|Carton"", ""Product Length (mm)"": ""32.7"", ""Product Depth (mm)"": ""17.5"", ""Product Height (mm)"": ""26.5"", ""Mounting"": ""Cable Mount""}","{""750"": 1.2619, ""2000"": 1.2493, ""5000"": 1.2447}"
19242926,1924292-6,TE Connectivity,Conn Housing RCP 6 POS 4mm Crimp ST Cable Mount Natural,Connector Discrete Wire Housing,https://www.arrow.com/en/products/1924292-6_1/te-connectivity.html,In Stock,613,20,https://static6.arrow.com/aropdfconversion/arrowimages/c7a90656b356687fb97b67f9819091fe97b8c93d/1924292-6.jpg,"{""EU RoHS"": ""Compliant"", ""ECCN (US)"": ""EAR99"", ""Part Status"": ""NRND"", ""Automotive"": ""No"", ""PPAP"": ""No"", ""Type"": ""Housing"", ""Gender"": ""RCP"", ""Number of Contacts"": ""6"", ""Number of Rows"": ""1"", ""Termination Method"": ""Crimp"", ""Terminal Pitch (mm)"": ""4"", ""Body Orientation"": ""Straight"", ""Product Length (mm)"": ""32.7"", ""Product Depth (mm)"": ""17.5"", ""Product Height (mm)"": ""26.5"", ""Mounting"": ""Cable Mount""}","{""20"": 3.15, ""150"": 3.09, ""250"": 3.03, ""450"": 2.97}"
19242927,1924292-7,TE Connectivity,Conn Housing RCP 6 POS 4mm Crimp ST Cable Mount Blue,Connector Discrete Wire Housing,https://www.arrow.com/en/products/1924292-7_1/te-connectivity.html,In Stock,483,18,https://static6.arrow.com/aropdfconversion/arrowimages/e3483969da5f050cc93671dde15ba6c660a59084/1924292-7.jpg,"{""EU RoHS"": ""Compliant"", ""ECCN (US)"": ""EAR99"", ""Part Status"": ""NRND"", ""Automotive"": ""No"", ""PPAP"": ""No"", ""Type"": ""Housing"", ""Gender"": ""RCP"", ""Number of Contacts"": ""6"", ""Number of Rows"": ""1"", ""Termination Method"": ""Crimp"", ""Terminal Pitch (mm)"": ""4"", ""Body Orientation"": ""Straight"", ""Product Length (mm)"": ""32.7"", ""Product Depth (mm)"": ""17.5"", ""Product Height (mm)"": ""26.5"", ""Mounting"": ""Cable Mount""}","{""18"": 3.58, ""150"": 3.45, ""400"": 3.31}"
2058252101,2058252101,Molex,Conn Housing RCP 10 POS 1.8mm Crimp ST Cable Mount Black Bag,Connector Discrete Wire Housing,https://www.arrow.com/en/products/2058252101/molex.html,In Stock,3000,1,https://static6.arrow.com/aropdfconversion/arrowimages/b7a2175f3be60ca91ecd4ff2ee879082374c4e37/2058252101_top_right_angle_view.jpg,"{""EU RoHS"": ""Compliant"", ""ECCN (US)"": ""EAR99"", ""Part Status"": ""Active"", ""Automotive"": ""Yes"", ""PPAP"": ""No"", ""Type"": ""Housing"", ""Gender"": ""RCP"", ""Number of Contacts"": ""10"", ""Number of Rows"": ""2"", ""Termination Method"": ""Crimp"", ""Terminal Pitch (mm)"": ""1.8"", ""Body Orientation"": ""Straight"", ""Maximum Current Rating (A)"": ""4.12/Contact"", ""Maximum Voltage Rating"": ""14VAC|14VDC"", ""Insulation Resistance (MOhm)"": ""100"", ""Minimum Operating Temperature (°C)"": ""-40"", ""Maximum Operating Temperature (°C)"": ""105"", ""Mating Cycle (Cycles)"": ""10"", ""Product Weight (g)"": ""1.02"", ""Product Length (mm)"": ""15.96"", ""Product Height (mm)"": ""17.25"", ""Mounting"": ""Cable Mount""}","{""1"": 0.57, ""10"": 0.5009, ""25"": 0.4601, ""50"": 0.4489, ""100"": 0.4281, ""250"": 0.3941, ""500"": 0.3826, ""1000"": 0.364, ""2500"": 0.3404}"
2058252102,2058252102,Molex,Conn Housing RCP 10 POS 1.8mm Crimp ST Cable Mount Natural Bag,Connector Discrete Wire Housing,https://www.arrow.com/en/products/2058252102/molex.html,In Stock,3000,1,https://static6.arrow.com/aropdfconversion/arrowimages/a78b7962e3551c1bd6a656edbf600f146c906aa2/2058252102_top_right_angle_view.jpg,"{""EU RoHS"": ""Compliant"", ""ECCN (US)"": ""EAR99"", ""Part Status"": ""Active"", ""Automotive"": ""Yes"", ""PPAP"": ""No"", ""Type"": ""Housing"", ""Gender"": ""RCP"", ""Number of Contacts"": ""10"", ""Number of Rows"": ""2"", ""Termination Method"": ""Crimp"", ""Terminal Pitch (mm)"": ""1.8"", ""Body Orientation"": ""Straight"", ""Maximum Current Rating (A)"": ""4.12/Contact"", ""Maximum Voltage Rating"": ""14VDC|14VAC"", ""Insulation Resistance (MOhm)"": ""100"", ""Minimum Operating Temperature (°C)"": ""-40"", ""Maximum Operating Temperature (°C)"": ""105"", ""Mating Cycle (Cycles)"": ""10"", ""Product Weight (g)"": ""1.02"", ""Product Length (mm)"": ""15.96"", ""Product Height (mm)"": ""17.25"", ""Mounting"": ""Cable Mount""}","{""1"": 0.4563, ""10"": 0.3939, ""25"": 0.3605, ""50"": 0.3512, ""100"": 0.3337, ""250"": 0.3171, ""500"": 0.3078, ""1000"": 0.3003, ""2500"": 0.2837}"
2058252103,2058252103,Molex,Conn Housing RCP 10 POS 1.8mm Crimp ST Cable Mount Blue Bag,Connector Discrete Wire Housing,https://www.arrow.com/en/products/2058252103/molex.html,In Stock,3000,1,https://static6.arrow.com/aropdfconversion/arrowimages/5afe344670a61ebe2c2fe28e7543c2f277ecc5d0/2058252103_top_right_angle_view.jpg,"{""EU RoHS"": ""Compliant"", ""ECCN (US)"": ""EAR99"", ""Part Status"": ""Active"", ""Automotive"": ""Yes"", ""PPAP"": ""No"", ""Type"": ""Housing"", ""Gender"": ""RCP"", ""Number of Contacts"": ""10"", ""Number of Rows"": ""2"", ""Termination Method"": ""Crimp"", ""Terminal Pitch (mm)"": ""1.8"", ""Body Orientation"": ""Straight"", ""Maximum Current Rating (A)"": ""4.12/Contact"", ""Maximum Voltage Rating"": ""14VAC|14VDC"", ""Insulation Resistance (MOhm)"": ""100"", ""Minimum Operating Temperature (°C)"": ""-40"", ""Maximum Operating Temperature (°C)"": ""105"", ""Mating Cycle (Cycles)"": ""10"", ""Product Weight (g)"": ""1.071"", ""Product Length (mm)"": ""15.96"", ""Product Height (mm)"": ""17.25"", ""Mounting"": ""Cable Mount""}","{""1"": 0.4563, ""10"": 0.3939, ""25"": 0.3605, ""50"": 0.3512, ""100"": 0.3337, ""250"": 0.3171, ""500"": 0.3135, ""1000"": 0.2989, ""2500"": 0.2837}"
2058252104,2058252104,Molex,Conn Housing RCP 10 POS 1.8mm Crimp ST Cable Mount Violet Bag,Connector Discrete Wire Housing,https://www.arrow.com/en/products/2058252104/molex.html,In Stock,3000,1,https://static6.arrow.com/aropdfconversion/arrowimages/9e0aba429e19e1f9232349b7aa67f54b924cbaf1/2058252104_top_right_angle_view.jpg,"{""EU RoHS"": ""Compliant"", ""ECCN (US)"": ""EAR99"", ""Part Status"": ""Active"", ""Automotive"": ""Yes"", ""PPAP"": ""No"", ""Type"": ""Housing"", ""Gender"": ""RCP"", ""Number of Contacts"": ""10"", ""Number of Rows"": ""2"", ""Termination Method"": ""Crimp"", ""Terminal Pitch (mm)"": ""1.8"", ""Body Orientation"": ""Straight"", ""Maximum Current Rating (A)"": ""4.12/Contact"", ""Maximum Voltage Rating"": ""14VDC|14VAC"", ""Insulation Resistance (MOhm)"": ""100"", ""Minimum Operating Temperature (°C)"": ""-40"", ""Maximum Operating Temperature (°C)"": ""105"", ""Mating Cycle (Cycles)"": ""10"", ""Product Weight (g)"": ""1.071"", ""Product Length (mm)"": ""15.96"", ""Product Height (mm)"": ""17.25"", ""Mounting"": ""Cable Mount""}","{""1"": 0.4563, ""10"": 0.3939, ""25"": 0.3605, ""50"": 0.3512, ""100"": 0.3337, ""250"": 0.3171, ""500"": 0.3078, ""1000"": 0.2989, ""2500"": 0.2837}"
2058272021,2058272021,Molex,Conn Housing RCP 2 POS 1.8mm Crimp ST Cable Mount Black Bag,Connector Discrete Wire Housing,https://www.arrow.com/en/products/2058272021/molex.html,Out of Stock,,19600,https://static6.arrow.com/aropdfconversion/arrowimages/d7ae2c5b629cbd0e8fdecbe86393231baa02964a/2058272021_top_right_angle_view.jpg,"{""EU RoHS"": ""Compliant"", ""ECCN (US)"": ""EAR99"", ""Part Status"": ""Active"", ""Automotive"": ""Yes"", ""PPAP"": ""No"", ""Type"": ""Housing"", ""Gender"": ""RCP"", ""Number of Contacts"": ""2"", ""Number of Rows"": ""1"", ""Termination Method"": ""Crimp"", ""Terminal Pitch (mm)"": ""1.8"", ""Body Orientation"": ""Straight"", ""Maximum Current Rating (A)"": ""4.12/Contact"", ""Maximum Voltage Rating"": ""14VDC|14VAC"", ""Insulation Resistance (MOhm)"": ""100"", ""Minimum Operating Temperature (°C)"": ""-40"", ""Maximum Operating Temperature (°C)"": ""105"", ""Mating Cycle (Cycles)"": ""10"", ""Product Weight (g)"": ""0.401"", ""Product Length (mm)"": ""10.4"", ""Product Height (mm)"": ""17.25"", ""Mounting"": ""Cable Mount""}","{""19600"": 0.2459, ""40000"": 0.219, ""100000"": 0.2146, ""200000"": 0.2031, ""500000"": 0.1901}"
2058272041,2058272041,Molex,Conn Housing RCP 4 POS 1.8mm Crimp ST Cable Mount Black Bag,Connector Discrete Wire Housing,https://www.arrow.com/en/products/2058272041/molex.html,In Stock,2000,1,https://static6.arrow.com/aropdfconversion/arrowimages/63ee195a19946a98c9a10c3c1c5420cea4a49769/2058272041_top_right_angle_view.jpg,"{""EU RoHS"": ""Compliant"", ""ECCN (US)"": ""EAR99"", ""Part Status"": ""Active"", ""Automotive"": ""Yes"", ""PPAP"": ""No"", ""Type"": ""Housing"", ""Gender"": ""RCP"", ""Number of Contacts"": ""4"", ""Number of Rows"": ""1"", ""Termination Method"": ""Crimp"", ""Terminal Pitch (mm)"": ""1.8"", ""Body Orientation"": ""Straight"", ""Maximum Current Rating (A)"": ""4.12/Contact"", ""Maximum Voltage Rating"": ""14VDC|14VAC"", ""Insulation Resistance (MOhm)"": ""100"", ""Minimum Operating Temperature (°C)"": ""-40"", ""Maximum Operating Temperature (°C)"": ""105"", ""Mating Cycle (Cycles)"": ""10"", ""Product Weight (g)"": ""0.584"", ""Product Length (mm)"": ""14"", ""Product Height (mm)"": ""17.25"", ""Mounting"": ""Cable Mount""}","{""1"": 0.5186, ""10"": 0.4704, ""25"": 0.4359, ""50"": 0.426, ""100"": 0.4108, ""250"": 0.379, ""500"": 0.2818}"
2058272042,2058272042,Molex,Conn Housing RCP 4 POS 1.8mm Crimp ST Cable Mount Natural Bag,Connector Discrete Wire Housing,https://www.arrow.com/en/products/2058272042/molex.html,In Stock,2000,1,https://static6.arrow.com/aropdfconversion/arrowimages/b0d35419ece1f287a7022545988790b211efbb7f/2058272042_top_right_angle_view.jpg,"{""EU RoHS"": ""Compliant"", ""ECCN (US)"": ""EAR99"", ""Part Status"": ""Active"", ""Automotive"": ""Yes"", ""PPAP"": ""No"", ""Type"": ""Housing"", ""Gender"": ""RCP"", ""Number of Contacts"": ""4"", ""Number of Rows"": ""1"", ""Termination Method"": ""Crimp"", ""Terminal Pitch (mm)"": ""1.8"", ""Body Orientation"": ""Straight"", ""Maximum Current Rating (A)"": ""4.12/Contact"", ""Maximum Voltage Rating"": ""14VDC|14VAC"", ""Insulation Resistance (MOhm)"": ""100"", ""Minimum Operating Temperature (°C)"": ""-40"", ""Maximum Operating Temperature (°C)"": ""105"", ""Mating Cycle (Cycles)"": ""10"", ""Product Weight (g)"": ""0.586"", ""Product Length (mm)"": ""14"", ""Product Height (mm)"": ""17.25"", ""Mounting"": ""Cable Mount""}","{""1"": 0.5186, ""10"": 0.4704, ""25"": 0.4359, ""50"": 0.426, ""100"": 0.3981, ""250"": 0.379, ""500"": 0.2818}"
2058272043,2058272043,Molex,Conn Housing RCP 4 POS 1.8mm Crimp ST Cable Mount Blue Bag,Connector Discrete Wire Housing,https://www.arrow.com/en/products/2058272043/molex.html,In Stock,2000,1,https://static6.arrow.com/aropdfconversion/arrowimages/ba8aea9c278c5bc53267cdb623413d1cc12c600d/2058272043_top_right_angle_view.jpg,"{""EU RoHS"": ""Compliant"", ""ECCN (US)"": ""EAR99"", ""Part Status"": ""Active"", ""Automotive"": ""Yes"", ""PPAP"": ""No"", ""Type"": ""Housing"", ""Gender"": ""RCP"", ""Number of Contacts"": ""4"", ""Number of Rows"": ""1"", ""Termination Method"": ""Crimp"", ""Terminal Pitch (mm)"": ""1.8"", ""Body Orientation"": ""Straight"", ""Maximum Current Rating (A)"": ""4.12/Contact"", ""Maximum Voltage Rating"": ""14VDC|14VAC"", ""Insulation Resistance (MOhm)"": ""100"", ""Minimum Operating Temperature (°C)"": ""-40"", ""Maximum Operating Temperature (°C)"": ""105"", ""Mating Cycle (Cycles)"": ""10"", ""Product Weight (g)"": ""0.589"", ""Product Length (mm)"": ""14"", ""Product Height (mm)"": ""17.25"", ""Mounting"": ""Cable Mount""}","{""1"": 0.5775, ""10"": 0.5152, ""25"": 0.4722, ""50"": 0.4674, ""100"": 0.4413, ""250"": 0.4029, ""500"": 0.2905}"
2058272044,2058272044,Molex,Conn Housing RCP 4 POS 1.8mm Crimp ST Cable Mount Violet Bag,Connector Discrete Wire Housing,https://www.arrow.com/en/products/2058272044/molex.html,In Stock,2000,1,https://static6.arrow.com/aropdfconversion/arrowimages/ef2044b785379d24769cf5bbbdd254604b7bdf1d/2058272044_top_right_angle_view.jpg,"{""EU RoHS"": ""Compliant"", ""ECCN (US)"": ""EAR99"", ""Part Status"": ""Active"", ""Automotive"": ""Yes"", ""PPAP"": ""No"", ""Type"": ""Housing"", ""Gender"": ""RCP"", ""Number of Contacts"": ""4"", ""Number of Rows"": ""1"", ""Termination Method"": ""Crimp"", ""Terminal Pitch (mm)"": ""1.8"", ""Body Orientation"": ""Straight"", ""Maximum Current Rating (A)"": ""4.12/Contact"", ""Maximum Voltage Rating"": ""14VDC|14VAC"", ""Insulation Resistance (MOhm)"": ""100"", ""Minimum Operating Temperature (°C)"": ""-40"", ""Maximum Operating Temperature (°C)"": ""105"", ""Mating Cycle (Cycles)"": ""10"", ""Packaging"": ""Bag"", ""Product Weight (g)"": ""0.586"", ""Product Length (mm)"": ""14"", ""Product Height (mm)"": ""17.25"", ""Mounting"": ""Cable Mount""}","{""1"": 0.5186, ""10"": 0.4704, ""25"": 0.4359, ""50"": 0.426, ""100"": 0.398, ""250"": 0.379, ""500"": 0.3759, ""1000"": 0.3358, ""2000"": 0.3347}"
2058272061,2058272061,Molex,Conn Housing RCP 6 POS 1.8mm Crimp ST Cable Mount Black Bag,Connector Discrete Wire Housing,https://www.arrow.com/en/products/2058272061/molex.html,In Stock,1400,1,https://static6.arrow.com/aropdfconversion/arrowimages/b16eb226f8688a54ab1be00d09697103ba3962a2/2058272061_top_right_angle_view.jpg,"{""EU RoHS"": ""Compliant"", ""ECCN (US)"": ""EAR99"", ""Part Status"": ""Active"", ""Automotive"": ""Yes"", ""PPAP"": ""No"", ""Type"": ""Housing"", ""Gender"": ""RCP"", ""Number of Contacts"": ""6"", ""Number of Rows"": ""1"", ""Termination Method"": ""Crimp"", ""Terminal Pitch (mm)"": ""1.8"", ""Body Orientation"": ""Straight"", ""Maximum Current Rating (A)"": ""4.12/Contact"", ""Maximum Voltage Rating"": ""14VAC|14VDC"", ""Insulation Resistance (MOhm)"": ""100"", ""Minimum Operating Temperature (°C)"": ""-40"", ""Maximum Operating Temperature (°C)"": ""105"", ""Mating Cycle (Cycles)"": ""10"", ""Product Weight (g)"": ""0.78"", ""Product Length (mm)"": ""17.6"", ""Product Height (mm)"": ""17.25"", ""Mounting"": ""Cable Mount""}","{""1"": 0.3897, ""10"": 0.335, ""25"": 0.3062, ""50"": 0.2989, ""100"": 0.2841, ""250"": 0.2604, ""500"": 0.2526}"
2058272062,2058272062,Molex,Conn Housing RCP 6 POS 1.8mm Crimp ST Cable Mount Natural Bag,Connector Discrete Wire Housing,https://www.arrow.com/en/products/2058272062/molex.html,In Stock,1400,1,https://static6.arrow.com/aropdfconversion/arrowimages/d408a6c3380e1861ccd1d194da818465f1e56d8c/2058272062_top_right_angle_view.jpg,"{""EU RoHS"": ""Compliant"", ""ECCN (US)"": ""EAR99"", ""Part Status"": ""Active"", ""Automotive"": ""Yes"", ""PPAP"": ""No"", ""Type"": ""Housing"", ""Gender"": ""RCP"", ""Number of Contacts"": ""6"", ""Number of Rows"": ""1"", ""Termination Method"": ""Crimp"", ""Terminal Pitch (mm)"": ""1.8"", ""Body Orientation"": ""Straight"", ""Maximum Current Rating (A)"": ""4.12/Contact"", ""Maximum Voltage Rating"": ""14VDC|14VAC"", ""Insulation Resistance (MOhm)"": ""100"", ""Minimum Operating Temperature (°C)"": ""-40"", ""Maximum Operating Temperature (°C)"": ""105"", ""Mating Cycle (Cycles)"": ""10"", ""Product Weight (g)"": ""0.781"", ""Product Length (mm)"": ""17.6"", ""Product Height (mm)"": ""17.25"", ""Mounting"": ""Cable Mount""}","{""1"": 0.3897, ""10"": 0.335, ""25"": 0.3062, ""50"": 0.2986, ""100"": 0.2838, ""250"": 0.2604, ""500"": 0.2578}"
2058272063,2058272063,Molex,Conn Housing RCP 6 POS 1.8mm Crimp ST Cable Mount Blue Bag,Connector Discrete Wire Housing,https://www.arrow.com/en/products/2058272063/molex.html,In Stock,1400,1,https://static6.arrow.com/aropdfconversion/arrowimages/75b34e994feb13143e75d3ba18b9b48abcdb2257/2058272063_top_right_angle_view.jpg,"{""EU RoHS"": ""Compliant"", ""ECCN (US)"": ""EAR99"", ""Part Status"": ""Active"", ""Automotive"": ""Yes"", ""PPAP"": ""No"", ""Type"": ""Housing"", ""Gender"": ""RCP"", ""Number of Contacts"": ""6"", ""Number of Rows"": ""1"", ""Termination Method"": ""Crimp"", ""Terminal Pitch (mm)"": ""1.8"", ""Body Orientation"": ""Straight"", ""Maximum Current Rating (A)"": ""4.12/Contact"", ""Maximum Voltage Rating"": ""14VDC|14VAC"", ""Insulation Resistance (MOhm)"": ""100"", ""Minimum Operating Temperature (°C)"": ""-40"", ""Maximum Operating Temperature (°C)"": ""105"", ""Mating Cycle (Cycles)"": ""10"", ""Product Weight (g)"": ""0.767"", ""Product Length (mm)"": ""17.6"", ""Product Height (mm)"": ""17.25"", ""Mounting"": ""Cable Mount""}","{""1"": 0.3897, ""10"": 0.335, ""25"": 0.3062, ""50"": 0.2986, ""100"": 0.2838, ""250"": 0.2604, ""500"": 0.2578}"
2058272064,2058272064,Molex,Conn Housing RCP 6 POS 1.8mm Crimp ST Cable Mount Violet Bag,Connector Discrete Wire Housing,https://www.arrow.com/en/products/2058272064/molex.html,In Stock,1400,1,https://static6.arrow.com/aropdfconversion/arrowimages/9620a8b6750a238319c53621a5b1b9eb2a67e97/2058272064_top_right_angle_view.jpg,"{""EU RoHS"": ""Compliant"", ""ECCN (US)"": ""EAR99"", ""Part Status"": ""Active"", ""Automotive"": ""Yes"", ""PPAP"": ""No"", ""Type"": ""Housing"", ""Gender"": ""RCP"", ""Number of Contacts"": ""6"", ""Number of Rows"": ""1"", ""Termination Method"": ""Crimp"", ""Terminal Pitch (mm)"": ""1.8"", ""Body Orientation"": ""Straight"", ""Maximum Current Rating (A)"": ""4.12/Contact"", ""Maximum Voltage Rating"": ""14VDC|14VAC"", ""Insulation Resistance (MOhm)"": ""100"", ""Minimum Operating Temperature (°C)"": ""-40"", ""Maximum Operating Temperature (°C)"": ""105"", ""Mating Cycle (Cycles)"": ""10"", ""Product Weight (g)"": ""0.762"", ""Product Length (mm)"": ""17.6"", ""Product Height (mm)"": ""17.25"", ""Mounting"": ""Cable Mount""}","{""1"": 0.3897, ""10"": 0.335, ""25"": 0.3062, ""50"": 0.2986, ""100"": 0.2838, ""250"": 0.268, ""500"": 0.26, ""1400"": 0.2503}"
20985571,2098557-1,TE Connectivity,Conn Housing RCP 2 POS 4mm Crimp ST Cable Mount Brown Package,Connector Discrete Wire Housing,https://www.arrow.com/en/products/2098557-1_1_11/te-connectivity.html,In Stock,1011,1,https://static6.arrow.com/aropdfconversion/arrowimages/79eee5b21a05a78c7af2a29e2176fe950a9bda96/pr2098557-1.jpg,"{""EU RoHS"": ""Compliant"", ""ECCN (US)"": ""EAR99"", ""Part Status"": ""Active"", ""HTS"": ""8538.90.81.80"", ""Automotive"": ""Yes"", ""PPAP"": ""Unknown"", ""Type"": ""Housing"", ""Gender"": ""RCP"", ""Number of Contacts"": ""2"", ""Number of Rows"": ""1"", ""Termination Method"": ""Crimp"", ""Terminal Pitch (mm)"": ""4"", ""Body Orientation"": ""Straight"", ""Maximum Voltage Rating"": ""12V"", ""Minimum Operating Temperature (°C)"": ""-40"", ""Maximum Operating Temperature (°C)"": ""150"", ""IP Rating"": ""IP67"", ""Packaging"": ""Package"", ""Product Length (mm)"": ""15"", ""Product Depth (mm)"": ""15.8"", ""Product Height (mm)"": ""26.5"", ""Mounting"": ""Cable Mount""}","{""1"": 0.6975, ""10"": 0.6753, ""25"": 0.6623, ""100"": 0.6579, ""250"": 0.6351, ""500"": 0.6201}"
20985574,2098557-4,TE Connectivity,Conn Housing RCP 2 POS 4mm Crimp ST Cable Mount Brown Package,Connector Discrete Wire Housing,https://www.arrow.com/en/products/2098557-4_1/te-connectivity.html,In Stock,3,1,https://static6.arrow.com/aropdfconversion/arrowimages/8300ca509bf76198fd4a25a7696f40f3eb0d4d89/2098557-4-t1.jpg,"{""EU RoHS"": ""Compliant"", ""ECCN (US)"": ""EAR99"", ""Part Status"": ""Active"", ""HTS"": ""8538.90.60.00"", ""Automotive"": ""Yes"", ""PPAP"": ""Unknown"", ""Type"": ""Housing"", ""Gender"": ""RCP"", ""Number of Contacts"": ""2"", ""Number of Rows"": ""1"", ""Termination Method"": ""Crimp"", ""Terminal Pitch (mm)"": ""4"", ""Body Orientation"": ""Straight"", ""Maximum Voltage Rating"": ""12V"", ""Minimum Operating Temperature (°C)"": ""-40"", ""Maximum Operating Temperature (°C)"": ""150"", ""IP Rating"": ""IP67"", ""Packaging"": ""Package"", ""Product Length (mm)"": ""15"", ""Product Depth (mm)"": ""15.8"", ""Product Height (mm)"": ""26.5"", ""Mounting"": ""Cable Mount""}","{""1"": 0.3427}"
222987211,2-2298721-1,TE Connectivity,4 Position Housing Connector,Connector Discrete Wire Housing,https://www.arrow.com/en/products/2-2298721-1/te-connectivity.html,In Stock,15120,1,https://static6.arrow.com/aropdfconversion/arrowimages/54c65abfadead0d1be6744bedbb3d4970c21fd55/product_details339.jpg,"{""EU RoHS"": ""Compliant"", ""ECCN (US)"": ""EAR99"", ""Part Status"": ""Active"", ""HTS"": ""8538.90.60.00"", ""Gender"": ""F"", ""Number of Rows"": ""2"", ""Termination Method"": ""Crimp"", ""Body Orientation"": ""Straight"", ""Maximum Current Rating (A)"": ""3"", ""Maximum Voltage Rating"": ""60VDC"", ""Maximum Operating Temperature (°C)"": ""105"", ""Product Length (mm)"": ""18.8"", ""Mounting"": ""Cable Mount""}","{""1"": 0.2295, ""10"": 0.214, ""25"": 0.211, ""100"": 0.2076, ""250"": 0.2048, ""1000"": 0.1921, ""2800"": 0.1882}"
223068681,2-2306868-1,TE Connectivity,Data Connectivity Housings,Connector Discrete Wire Housing,https://www.arrow.com/en/products/2-2306868-1/te-connectivity.html,In Stock,3829,1,https://static6.arrow.com/aropdfconversion/arrowimages/1d6c8f9ef0175dea1eec927d76686c0ffb98b963/2_2306868_1.jpg,"{""EU RoHS"": ""Compliant"", ""ECCN (US)"": ""EAR99"", ""Part Status"": ""Active"", ""HTS"": ""8538.90.60.00""}","{""1"": 0.2912, ""10"": 0.2859, ""25"": 0.2842, ""100"": 0.2818, ""250"": 0.2792, ""500"": 0.2777, ""1000"": 0.2723, ""2400"": 0.2592}"
223101371,2-2310137-1,TE Connectivity,"1POS, Mate-AX, SoC HSG ASSY, 180DEG",Connector Discrete Wire Housing,https://www.arrow.com/en/products/2-2310137-1/te-connectivity.html,In Stock,4671,1,https://static6.arrow.com/aropdfconversion/arrowimages/3943476e5fa8b982e293bd988811482ede433973/product_details49.jpg,"{""EU RoHS"": ""Compliant"", ""ECCN (US)"": ""EAR99"", ""Part Status"": ""Active"", ""HTS"": ""8538.90.60.00"", ""Number of Contacts"": ""1"", ""Number of Rows"": ""1"", ""Termination Method"": ""Crimp"", ""Body Orientation"": ""Straight"", ""Maximum Voltage Rating"": ""60VDC"", ""Maximum Operating Temperature (°C)"": ""105"", ""IP Rating"": ""IP40"", ""Packaging"": ""Box"", ""Product Length (mm)"": ""8.13"", ""Product Depth (mm)"": ""18.8"", ""Mounting"": ""Cable Mount""}","{""1"": 0.407, ""10"": 0.3425, ""25"": 0.3229, ""100"": 0.2812, ""250"": 0.2666, ""1000"": 0.2592, ""3000"": 0.196}"
223431371,2-2343137-1,TE Connectivity,"1P,MATE-AX,SOC HSG ASSY,UNSLD,90DEG",,https://www.arrow.com/en/products/2-2343137-1/te-connectivity.html,In Stock,3895,1,,"{""HTS"": ""8538.90.60.00""}","{""1"": 0.4672, ""3200"": 0.4495}"
223431391,2-2343139-1,TE Connectivity,"4P,MATE-AX,SOC HSG,UNSLD,90DEG,COD A",,https://www.arrow.com/en/products/2-2343139-1/te-connectivity.html,In Stock,3190,1,,"{""HTS"": ""EA""}","{""1"": 1.631, ""10"": 1.541, ""25"": 1.49, ""100"": 1.456, ""500"": 1.44}"
223628031,2-2362803-1,TE Connectivity,"Data Connectivity Housings, Housing for Male Terminals, A, Wire-to-Wire, 4 Position",Connector Discrete Wire Housing,https://www.arrow.com/en/products/2-2362803-1/te-connectivity.html,Out of Stock,,1400,https://static6.arrow.com/aropdfconversion/arrowimages/710948311ddb64591c6b44a5e31902b9661a39e/2-2362803-1-t1.jpg,"{""EU RoHS"": ""Compliant"", ""ECCN (US)"": ""EAR99"", ""Part Status"": ""Active"", ""HTS"": ""8538.90.60.00"", ""Automotive"": ""No"", ""PPAP"": ""No"", ""Gender"": ""M"", ""Number of Rows"": ""4"", ""Termination Method"": ""Crimp"", ""Terminal Pitch (mm)"": ""4"", ""Body Orientation"": ""Straight"", ""Minimum Operating Temperature (°C)"": ""-40"", ""Maximum Operating Temperature (°C)"": ""105"", ""Packaging"": ""Bag"", ""Mounting"": ""Cable Mount""}","{""1400"": 0.7793, ""50000"": 0.6409, ""200000"": 0.5259, ""500000"": 0.4202}"
22821501,2282150-1,TE Connectivity,Conn Housing RCP 2 POS 1.8mm Crimp ST Cable Mount Black Box,Connector Discrete Wire Housing,https://www.arrow.com/en/products/2282150-1/te-connectivity.html,In Stock,6000,1,https://static6.arrow.com/aropdfconversion/arrowimages/860681263d0ef850f391cd11e04877e4ba3c64a1/2282150-1-t1.jpg,"{""EU RoHS"": ""Compliant"", ""ECCN (US)"": ""EAR99"", ""Part Status"": ""Active"", ""Automotive"": ""No"", ""PPAP"": ""No"", ""Type"": ""Housing"", ""Gender"": ""RCP"", ""Number of Contacts"": ""2"", ""Number of Rows"": ""1"", ""Termination Method"": ""Crimp"", ""Terminal Pitch (mm)"": ""1.8"", ""Body Orientation"": ""Straight"", ""Maximum Current Rating (A)"": ""3/Contact"", ""Maximum Voltage Rating"": ""12V"", ""Insulation Resistance (MOhm)"": ""100"", ""Minimum Operating Temperature (°C)"": ""-40"", ""Maximum Operating Temperature (°C)"": ""105"", ""Packaging"": ""Box"", ""Product Length (mm)"": ""9.58"", ""Product Depth (mm)"": ""5"", ""Product Height (mm)"": ""16.45"", ""Mounting"": ""Cable Mount""}","{""1"": 0.4648, ""6000"": 0.4602}"
22821511,2282151-1,TE Connectivity,Conn Housing RCP 3 POS 1.8mm Crimp ST Cable Mount Black,Connector Discrete Wire Housing,https://www.arrow.com/en/products/2282151-1_1/te-connectivity.html,In Stock,15000,1,https://static6.arrow.com/aropdfconversion/arrowimages/978b70f54aaed421b27d4e0447ee29e8bc1d3cfd/2282151-1-t1.jpg,"{""EU RoHS"": ""Compliant"", ""ECCN (US)"": ""EAR99"", ""Part Status"": ""Active"", ""HTS"": ""8538.90.60.00"", ""Automotive"": ""Yes"", ""PPAP"": ""No"", ""Type"": ""Housing"", ""Gender"": ""RCP"", ""Number of Contacts"": ""3"", ""Number of Rows"": ""1"", ""Termination Method"": ""Crimp"", ""Terminal Pitch (mm)"": ""1.8"", ""Body Orientation"": ""Straight"", ""Maximum Current Rating (A)"": ""3/Contact"", ""Maximum Voltage Rating"": ""12V"", ""Insulation Resistance (MOhm)"": ""100"", ""Minimum Operating Temperature (°C)"": ""-40"", ""Maximum Operating Temperature (°C)"": ""120"", ""Product Length (mm)"": ""11.3"", ""Product Depth (mm)"": ""5"", ""Product Height (mm)"": ""16.45"", ""Mounting"": ""Cable Mount""}","{""1"": 1.0374, ""10"": 0.8932, ""25"": 0.8168, ""100"": 0.7653, ""500"": 0.7359, ""1000"": 0.6995}"
22821521,2282152-1,TE Connectivity,Conn Housing RCP 4 POS 1.8mm Crimp ST Cable Mount Black Box,Connector Discrete Wire Housing,https://www.arrow.com/en/products/2282152-1_1/te-connectivity.html,In Stock,15985,1,https://static6.arrow.com/aropdfconversion/arrowimages/7db8e25eef67dfd6c24ee6566d64c6f57157f48d/product-details-2023-08-06t142803.933.jpg,"{""EU RoHS"": ""Compliant"", ""ECCN (US)"": ""EAR99"", ""Part Status"": ""Active"", ""HTS"": ""8538.90.60.00"", ""Automotive"": ""No"", ""PPAP"": ""No"", ""Type"": ""Housing"", ""Gender"": ""RCP"", ""Number of Contacts"": ""4"", ""Number of Rows"": ""1"", ""Termination Method"": ""Crimp"", ""Terminal Pitch (mm)"": ""1.8"", ""Body Orientation"": ""Straight"", ""Maximum Current Rating (A)"": ""3/Contact"", ""Maximum Voltage Rating"": ""12V"", ""Insulation Resistance (MOhm)"": ""100"", ""Minimum Operating Temperature (°C)"": ""-40"", ""Maximum Operating Temperature (°C)"": ""130"", ""Product Length (mm)"": ""13.18"", ""Product Depth (mm)"": ""5"", ""Product Height (mm)"": ""16.45"", ""Mounting"": ""Cable Mount""}","{""1"": 0.9457, ""10"": 0.858, ""25"": 0.8491, ""50"": 0.8354, ""100"": 0.8172, ""250"": 0.7913, ""500"": 0.7717, ""1000"": 0.7522, ""2500"": 0.7265, ""5000"": 0.6632}"
22821531,2282153-1,TE Connectivity,Conn Housing RCP 5 POS 1.8mm Crimp ST Cable Mount Black Box,Connector Discrete Wire Housing,https://www.arrow.com/en/products/2282153-1/te-connectivity.html,In Stock,13950,1,https://static6.arrow.com/aropdfconversion/arrowimages/e79f2e3e2763b125595a8ee57d835c44446bcbb5/2282153-1-t1.jpg,"{""EU RoHS"": ""Compliant"", ""ECCN (US)"": ""EAR99"", ""Part Status"": ""Active"", ""Automotive"": ""No"", ""PPAP"": ""No"", ""Type"": ""Housing"", ""Gender"": ""RCP"", ""Number of Contacts"": ""5"", ""Number of Rows"": ""1"", ""Termination Method"": ""Crimp"", ""Terminal Pitch (mm)"": ""1.8"", ""Body Orientation"": ""Straight"", ""Maximum Current Rating (A)"": ""3/Contact"", ""Maximum Voltage Rating"": ""12V"", ""Insulation Resistance (MOhm)"": ""100"", ""Minimum Operating Temperature (°C)"": ""-40"", ""Maximum Operating Temperature (°C)"": ""120"", ""Packaging"": ""Box"", ""Product Length (mm)"": ""14.98"", ""Product Depth (mm)"": ""5"", ""Product Height (mm)"": ""16.45"", ""Mounting"": ""Cable Mount""}","{""1"": 0.5811}"
22821541,2282154-1,TE Connectivity,Conn Housing RCP 6 POS 1.8mm Crimp ST Cable Mount Black Box,Connector Discrete Wire Housing,https://www.arrow.com/en/products/2282154-1/te-connectivity.html,In Stock,6808,1,https://static6.arrow.com/aropdfconversion/arrowimages/aa77f0acb186845809cbe535d8eff5c2c5b679cc/2282154-1-t1.jpg,"{""EU RoHS"": ""Compliant"", ""ECCN (US)"": ""EAR99"", ""Part Status"": ""Active"", ""HTS"": ""8538.90.60.00"", ""Automotive"": ""No"", ""PPAP"": ""No"", ""Type"": ""Housing"", ""Gender"": ""RCP"", ""Number of Contacts"": ""6"", ""Number of Rows"": ""1"", ""Termination Method"": ""Crimp"", ""Terminal Pitch (mm)"": ""1.8"", ""Body Orientation"": ""Straight"", ""Maximum Current Rating (A)"": ""3/Contact"", ""Maximum Voltage Rating"": ""12V"", ""Insulation Resistance (MOhm)"": ""100"", ""Minimum Operating Temperature (°C)"": ""-40"", ""Maximum Operating Temperature (°C)"": ""120"", ""Packaging"": ""Box"", ""Product Length (mm)"": ""16.78"", ""Product Depth (mm)"": ""5"", ""Product Height (mm)"": ""16.45"", ""Mounting"": ""Cable Mount""}","{""1"": 0.453, ""10"": 0.4146, ""25"": 0.3904, ""100"": 0.3631, ""250"": 0.3399, ""500"": 0.3267, ""1000"": 0.2922}"
22821542,2282154-2,TE Connectivity,"Housing For Female Terminals, Connector",Connector Discrete Wire Housing,https://www.arrow.com/en/products/2282154-2/te-connectivity.html,Out of Stock,,,https://static6.arrow.com/aropdfconversion/arrowimages/8e122627f449112bdd7a5922f7e4c3f0e1fcc7f4/2282154-2-t1.jpg,"{""EU RoHS"": ""Compliant"", ""ECCN (US)"": ""EAR99"", ""Part Status"": ""Active"", ""Automotive"": ""No"", ""PPAP"": ""No"", ""Gender"": ""F"", ""Number of Contacts"": ""6"", ""Termination Method"": ""Crimp"", ""Terminal Pitch (mm)"": ""1.8"", ""Body Orientation"": ""Straight"", ""Maximum Current Rating (A)"": ""3"", ""Minimum Operating Temperature (°C)"": ""-40"", ""Maximum Operating Temperature (°C)"": ""105"", ""Product Length (mm)"": ""16.78"", ""Product Depth (mm)"": ""16.45"", ""Product Height (mm)"": ""5"", ""Mounting"": ""Cable Mount""}",{}
22821551,2282155-1,,,,https://www.arrow.com/en/products/2282155-1_1/te-connectivity.html,Out of Stock,,,,{},{}
22821561,2282156-1,TE Connectivity,Conn Housing F 9 POS 1.8mm Crimp ST Cable Mount Black Box,Connector Discrete Wire Housing,https://www.arrow.com/en/products/2282156-1/te-connectivity.html,In Stock,15000,1,https://static6.arrow.com/aropdfconversion/arrowimages/e4cadedf66e18f34ee2c42c89d13998570c0b314/2282156-1-t1.jpg,"{""EU RoHS"": ""Compliant"", ""ECCN (US)"": ""EAR99"", ""Part Status"": ""Active"", ""Automotive"": ""No"", ""PPAP"": ""No"", ""Type"": ""Housing"", ""Gender"": ""F"", ""Number of Contacts"": ""9"", ""Number of Rows"": ""1"", ""Termination Method"": ""Crimp"", ""Terminal Pitch (mm)"": ""1.8"", ""Body Orientation"": ""Straight"", ""Maximum Current Rating (A)"": ""3/Contact"", ""Maximum Voltage Rating"": ""24V"", ""Insulation Resistance (MOhm)"": ""100"", ""Minimum Operating Temperature (°C)"": ""-40"", ""Maximum Operating Temperature (°C)"": ""105"", ""Packaging"": ""Box"", ""Product Length (mm)"": ""22.18"", ""Product Depth (mm)"": ""5"", ""Product Height (mm)"": ""16.45"", ""Mounting"": ""Cable Mount""}","{""1"": 0.5682, ""10"": 0.4947, ""25"": 0.4625, ""100"": 0.4349, ""500"": 0.4146, ""1000"": 0.3955}"
22821571,2282157-1,,,,https://www.arrow.com/en/products/2282157-1_1/te-connectivity.html,Out of Stock,,,,{},{}
22822671,2282267-1,TE Connectivity,Conn Housing RCP 8 POS 1.8mm Crimp ST Cable Mount Black Box,Connector Discrete Wire Housing,https://www.arrow.com/en/products/2282267-1/te-connectivity.html,In Stock,13000,1,https://static6.arrow.com/aropdfconversion/arrowimages/b89a3f39a22e28fd6923149a360f331fb119e80c/2282267-1-t1.jpg,"{""EU RoHS"": ""Compliant"", ""ECCN (US)"": ""EAR99"", ""Part Status"": ""Active"", ""HTS"": ""8538.90.60.00"", ""Automotive"": ""No"", ""PPAP"": ""No"", ""Type"": ""Housing"", ""Gender"": ""RCP"", ""Number of Contacts"": ""8"", ""Number of Rows"": ""1"", ""Termination Method"": ""Crimp"", ""Terminal Pitch (mm)"": ""1.8"", ""Body Orientation"": ""Straight"", ""Maximum Current Rating (A)"": ""3/Contact"", ""Maximum Voltage Rating"": ""24V"", ""Insulation Resistance (MOhm)"": ""100"", ""Minimum Operating Temperature (°C)"": ""-40"", ""Maximum Operating Temperature (°C)"": ""105"", ""Packaging"": ""Box"", ""Product Length (mm)"": ""20.38"", ""Product Depth (mm)"": ""16.45"", ""Product Height (mm)"": ""5"", ""Mounting"": ""Cable Mount""}","{""1"": 1.0374, ""10"": 0.8932, ""25"": 0.8168, ""100"": 0.7653, ""500"": 0.7359, ""1000"": 0.6995}"
22822681,2282268-1,,,,https://www.arrow.com/en/products/2282268-1_1/te-connectivity.html,Out of Stock,,,,{},{}
22981161,2298116-1,TE Connectivity,Terminal,Connector Terminals,https://www.arrow.com/en/products/2298116-1/te-connectivity.html,In Stock,15000,3000,https://static6.arrow.com/aropdfconversion/arrowimages/fa52d7cdd392a875698f397820b73c31923e9ae3/2298116-1-t1.jpg,"{""EU RoHS"": ""Compliant"", ""ECCN (US)"": ""EAR99"", ""Part Status"": ""Active"", ""HTS"": ""8538.90.81.80"", ""SVHC"": ""Yes"", ""Automotive"": ""No"", ""PPAP"": ""No"", ""Packaging"": ""Reel""}","{""3000"": 0.2437, ""6000"": 0.2403, ""9000"": 0.2383, ""15000"": 0.2357}"
22981211,2298121-1,TE Connectivity,Socket Terminal 22 AWG,Connector Terminals,https://www.arrow.com/en/products/2298121-1/te-connectivity.html,In Stock,28495,1,https://static6.arrow.com/aropdfconversion/arrowimages/d7c8e9a32fb5bb948f3c3a458a22332de12e2c97/2298121-1-t1.jpg,"{""EU RoHS"": ""Compliant"", ""ECCN (US)"": ""EAR99"", ""Part Status"": ""Active"", ""HTS"": ""8536.90.40.00"", ""SVHC"": ""Yes"", ""Automotive"": ""No"", ""PPAP"": ""No"", ""Packaging"": ""Box""}","{""1"": 0.2259, ""10"": 0.1998, ""25"": 0.181, ""100"": 0.1722, ""250"": 0.1605, ""500"": 0.1534, ""1000"": 0.1382, ""3000"": 0.1368, ""6000"": 0.1357, ""15000"": 0.1343}"
22981231,2298123-1,TE Connectivity,Terminal 22AWG Phosphor Bronze PIN 19.93mm T/R,Connector Terminals,https://www.arrow.com/en/products/2298123-1/te-connectivity.html,In Stock,15000,3000,https://static6.arrow.com/aropdfconversion/arrowimages/5d8775d2c0980e20a71a46f0b8cfab05d93378d9/2298123-1-t1.jpg,"{""EU RoHS"": ""Compliant"", ""ECCN (US)"": ""EAR99"", ""Part Status"": ""Active"", ""HTS"": ""8538.90.81.80"", ""SVHC"": ""Yes"", ""Automotive"": ""No"", ""PPAP"": ""No"", ""Type"": ""Terminal"", ""Gender"": ""PIN"", ""Termination Method"": ""Crimp"", ""Body Orientation"": ""Straight"", ""Wire Size (AWG)"": ""22"", ""Maximum Current Rating (A)"": ""3/Contact"", ""Maximum Voltage Rating"": ""60VDC"", ""Minimum Operating Temperature (°C)"": ""-40"", ""Maximum Operating Temperature (°C)"": ""176"", ""Packaging"": ""Tape and Reel"", ""Product Length (mm)"": ""19.93"", ""Mounting"": ""Cable Mount""}","{""3000"": 0.2995}"
22981251,2298125-1,TE Connectivity,Terminal 22AWG Phosphor Bronze PIN 10.14mm T/R,Connector Terminals,https://www.arrow.com/en/products/2298125-1/te-connectivity.html,In Stock,140000,20000,https://static6.arrow.com/aropdfconversion/arrowimages/a6b06d5c5330e83e5bfb2522030b277d5aba2628/product-details-2023-08-06t151031.682.jpg,"{""EU RoHS"": ""Compliant"", ""ECCN (US)"": ""EAR99"", ""Part Status"": ""Active"", ""HTS"": ""8536.90.40.00"", ""SVHC"": ""Yes"", ""Automotive"": ""No"", ""PPAP"": ""No"", ""Type"": ""Terminal"", ""Gender"": ""PIN"", ""Termination Method"": ""Crimp"", ""Body Orientation"": ""Straight"", ""Wire Size (AWG)"": ""22"", ""Maximum Current Rating (A)"": ""3/Contact"", ""Maximum Voltage Rating"": ""60VDC"", ""Minimum Operating Temperature (°C)"": ""-40"", ""Maximum Operating Temperature (°C)"": ""90"", ""Packaging"": ""Tape and Reel"", ""Product Length (mm)"": ""10.14"", ""Product Depth (mm)"": ""1.8"", ""Mounting"": ""Cable Mount""}","{""20000"": 0.1198, ""40000"": 0.1141}"
22981261,2298126-1,TE Connectivity,Terminal 22AWG Phosphor Bronze SKT 3.8mm Reel,Connector Terminals,https://www.arrow.com/en/products/2298126-1/te-connectivity.html,In Stock,50000,5000,https://static6.arrow.com/aropdfconversion/arrowimages/862430d05688c1f6de1b2cf502aa9eb5317afb8a/product-details-2023-08-08t150916.364.jpg,"{""EU RoHS"": ""Compliant"", ""ECCN (US)"": ""EAR99"", ""Part Status"": ""Active"", ""HTS"": ""8538.90.81.80"", ""SVHC"": ""Yes"", ""Automotive"": ""No"", ""PPAP"": ""No"", ""Type"": ""Terminal"", ""Gender"": ""SKT"", ""Termination Method"": ""Crimp"", ""Body Orientation"": ""Straight"", ""Wire Size (AWG)"": ""22"", ""Maximum Current Rating (A)"": ""3/Contact"", ""Maximum Voltage Rating"": ""60VDC"", ""Minimum Operating Temperature (°C)"": ""-40"", ""Maximum Operating Temperature (°C)"": ""85"", ""Insulation"": ""Non-Insulated"", ""Product Length (mm)"": ""3.8"", ""Product Depth (mm)"": ""2.8"", ""Mounting"": ""Cable Mount""}","{""5000"": 0.033, ""10000"": 0.0308, ""15000"": 0.0305, ""25000"": 0.0302, ""35000"": 0.0299}"
22984941,2298494-1,TE Connectivity,Contact Receptacle Straight,Connector Contact,https://www.arrow.com/en/products/2298494-1_1/te-connectivity.html,In Stock,6000,3000,https://static6.arrow.com/aropdfconversion/arrowimages/14f7997046f992565e67bb70bf82c69fbcc40e5/2298494-1-t1.jpg,"{""EU RoHS"": ""Compliant"", ""ECCN (US)"": ""EAR99"", ""Part Status"": ""Active"", ""HTS"": ""8536.90.40.00"", ""Automotive"": ""No"", ""PPAP"": ""No"", ""Gender"": ""SKT"", ""Termination Method"": ""Crimp"", ""Body Orientation"": ""Straight"", ""Maximum Current Rating (A)"": ""3/Contact"", ""Maximum Voltage Rating"": ""60VDC"", ""Minimum Operating Temperature (°C)"": ""-40"", ""Maximum Operating Temperature (°C)"": ""105"", ""Product Length (mm)"": ""17"", ""Product Depth (mm)"": ""3.84"", ""Contact Size"": ""2.8"", ""Wire Size (AWG)"": ""26"", ""Mounting"": ""Cable Mount""}","{""3000"": 0.2635, ""6000"": 0.2632}"
22984961,2298496-1,TE Connectivity,Contact Receptacle Straight,Connector Contact,https://www.arrow.com/en/products/2298496-1_1/te-connectivity.html,In Stock,150000,30000,https://static6.arrow.com/aropdfconversion/arrowimages/b67cc89c756e2abb1c578a3d04529af6930ac0af/2298496-1-t1.jpg,"{""EU RoHS"": ""Compliant"", ""ECCN (US)"": ""EAR99"", ""Part Status"": ""Active"", ""HTS"": ""8536.90.40.00"", ""Automotive"": ""No"", ""PPAP"": ""No"", ""Gender"": ""SKT"", ""Termination Method"": ""Crimp"", ""Body Orientation"": ""Straight"", ""Maximum Current Rating (A)"": ""3/Contact"", ""Maximum Voltage Rating"": ""60VDC"", ""Minimum Operating Temperature (°C)"": ""-40"", ""Maximum Operating Temperature (°C)"": ""105"", ""Product Length (mm)"": ""7.11"", ""Product Depth (mm)"": ""1.2"", ""Product Height (mm)"": ""1.45"", ""Wire Size (AWG)"": ""26"", ""Mounting"": ""Cable Mount""}","{""30000"": 0.0972}"
22985061,2298506-1,TE Connectivity,Terminal,Connector Terminals,https://www.arrow.com/en/products/2298506-1/te-connectivity.html,In Stock,9600,3200,https://static6.arrow.com/aropdfconversion/arrowimages/36f1d2edbd59239b404b072b37f44fc710616775/product-details-2023-08-08t151313.874.jpg,"{""EU RoHS"": ""Compliant"", ""ECCN (US)"": ""EAR99"", ""Part Status"": ""Active"", ""HTS"": ""8536.90.40.00"", ""Automotive"": ""No"", ""PPAP"": ""No""}","{""3200"": 0.3401, ""6400"": 0.3375, ""9600"": 0.3348}"
22985081,2298508-1,TE Connectivity,"Terminals, Pin",Connector Terminals,https://www.arrow.com/en/products/2298508-1/te-connectivity.html,Out of Stock,,20000,https://static6.arrow.com/aropdfconversion/arrowimages/89501bddcec02cb6b2909545568ed9f3e83d4df4/2298508-1-t1.jpg,"{""EU RoHS"": ""Compliant"", ""ECCN (US)"": ""EAR99"", ""Part Status"": ""Active"", ""HTS"": ""8536.90.40.00"", ""Automotive"": ""No"", ""PPAP"": ""No"", ""Gender"": ""PIN"", ""Termination Method"": ""Crimp"", ""Body Orientation"": ""Straight"", ""Wire Size (AWG)"": ""26"", ""Maximum Current Rating (A)"": ""3/Contact"", ""Maximum Voltage Rating"": ""60VDC"", ""Minimum Operating Temperature (°C)"": ""-40"", ""Maximum Operating Temperature (°C)"": ""75"", ""Product Length (mm)"": ""10.14"", ""Product Depth (mm)"": ""1.25"", ""Mounting"": ""Cable Mount""}","{""20000"": 0.209, ""120000"": 0.1701, ""360000"": 0.1395, ""840000"": 0.1078}"
22985091,2298509-1,TE Connectivity,Connector Accessories Crimp Ferrule Straight Phosphor Bronze Tin Reel,Connector Accessories,https://www.arrow.com/en/products/2298509-1_1/te-connectivity.html,In Stock,72000,6000,https://static6.arrow.com/aropdfconversion/arrowimages/27a33d8cabec9d2e8fe2950e74489ef653d472b1/2298509-1-t1.jpg,"{""EU RoHS"": ""Compliant"", ""ECCN (US)"": ""EAR99"", ""Part Status"": ""Active"", ""HTS"": ""8538.90.81.80"", ""Automotive"": ""No"", ""PPAP"": ""No"", ""Type"": ""Crimp Ferrule"", ""Body Orientation"": ""Straight"", ""Material"": ""Phosphor Bronze"", ""Plating"": ""Tin"", ""Minimum Operating Temperature (°C)"": ""-40"", ""Maximum Operating Temperature (°C)"": ""105"", ""Mounting"": ""Cable Mount"", ""Product Length (mm)"": ""3.8"", ""Product Height (mm)"": ""3""}","{""6000"": 0.027, ""12000"": 0.0259, ""18000"": 0.0256, ""30000"": 0.0253, ""42000"": 0.0251, ""60000"": 0.025}"
22985092,2298509-2,TE Connectivity,Crimp Wire Pin,Connector Terminals,https://www.arrow.com/en/products/2298509-2/te-connectivity.html,Out of Stock,,180000,https://static6.arrow.com/aropdfconversion/arrowimages/8d37949c1ad6bc050e6886b00541b58b4d5d222d/product-details-2023-08-06t151450.941.jpg,"{""EU RoHS"": ""Compliant"", ""ECCN (US)"": ""EAR99"", ""Part Status"": ""Active"", ""HTS"": ""8538.90.81.80""}","{""180000"": 0.0807, ""240000"": 0.0792, ""300000"": 0.0791, ""360000"": 0.079, ""480000"": 0.0775, ""600000"": 0.0753, ""750000"": 0.0742, ""1200000"": 0.0737, ""1500000"": 0.0729}"
22987211,2298721-1,TE Connectivity,Conn Housing RCP 4 POS 4mm Crimp ST Cable Mount Black Bulk,Connector Discrete Wire Housing,https://www.arrow.com/en/products/2298721-1_1/te-connectivity.html,Out of Stock,,2700,https://static6.arrow.com/aropdfconversion/arrowimages/f8c91d3f41a5122f8601d3c7d7ae1c8a53c8f468/2298721-1-t1.jpg,"{""EU RoHS"": ""Compliant"", ""ECCN (US)"": ""EAR99"", ""Part Status"": ""Active"", ""HTS"": ""8538.90.60.00"", ""Automotive"": ""No"", ""PPAP"": ""No"", ""Type"": ""Housing"", ""Gender"": ""RCP"", ""Number of Contacts"": ""4"", ""Number of Rows"": ""4"", ""Termination Method"": ""Crimp"", ""Terminal Pitch (mm)"": ""4"", ""Body Orientation"": ""Straight"", ""Maximum Current Rating (A)"": ""3/Contact"", ""Maximum Voltage Rating"": ""60VDC"", ""Minimum Operating Temperature (°C)"": ""-40"", ""Maximum Operating Temperature (°C)"": ""105"", ""IP Rating"": ""IPX9K"", ""Packaging"": ""Bulk"", ""Product Length (mm)"": ""18.8"", ""Product Depth (mm)"": ""11.1"", ""Product Height (mm)"": ""18.8"", ""Mounting"": ""Cable Mount""}","{""2700"": 0.3988, ""32400"": 0.3284, ""135000"": 0.271, ""540000"": 0.2087}"
23024751,2302475-1,TE Connectivity,Conn Housing RCP 10 POS 1.8mm Crimp ST Cable Mount Black,Connector Discrete Wire Housing,https://www.arrow.com/en/products/2302475-1/te-connectivity.html,In Stock,5000,1,https://static6.arrow.com/aropdfconversion/arrowimages/60faf7ef966696b1d0af70970263e496f34ccb13/2302475-1-t1.jpg,"{""EU RoHS"": ""Compliant"", ""ECCN (US)"": ""EAR99"", ""Part Status"": ""Active"", ""HTS"": ""8538.90.60.00"", ""Automotive"": ""No"", ""PPAP"": ""No"", ""Type"": ""Housing"", ""Gender"": ""RCP"", ""Number of Contacts"": ""10"", ""Number of Rows"": ""2"", ""Termination Method"": ""Crimp"", ""Terminal Pitch (mm)"": ""1.8"", ""Body Orientation"": ""Straight"", ""Maximum Current Rating (A)"": ""3/Contact"", ""Maximum Voltage Rating"": ""12V"", ""Insulation Resistance (MOhm)"": ""100"", ""Minimum Operating Temperature (°C)"": ""-40"", ""Maximum Operating Temperature (°C)"": ""105"", ""Product Length (mm)"": ""15.18"", ""Product Depth (mm)"": ""24.13"", ""Product Height (mm)"": ""16.45"", ""Row Spacing (mm)"": ""1.5"", ""Mounting"": ""Cable Mount""}","{""1"": 0.5667, ""10"": 0.4935, ""25"": 0.4614, ""100"": 0.4339, ""500"": 0.4135, ""1000"": 0.3945}"
23024752,2302475-2,TE Connectivity,"Truck Bus and Off-Road Housings 10POS,NANOMQS,REC HSG,COD B",Connector Discrete Wire Housing,https://www.arrow.com/en/products/2302475-2_1/te-connectivity.html,Out of Stock,,5000,https://static6.arrow.com/aropdfconversion/arrowimages/d0ef206dbd656f9b5d5a1de685a463f931e76fef/2302475-2-t1.jpg,"{""EU RoHS"": ""Compliant"", ""ECCN (US)"": ""EAR99"", ""Part Status"": ""Active"", ""HTS"": ""8538.90.60.00"", ""Automotive"": ""No"", ""PPAP"": ""No"", ""Gender"": ""RCP"", ""Number of Rows"": ""2"", ""Termination Method"": ""Crimp"", ""Terminal Pitch (mm)"": ""1.8"", ""Maximum Current Rating (A)"": ""3"", ""Minimum Operating Temperature (°C)"": ""-40"", ""Maximum Operating Temperature (°C)"": ""125"", ""Product Length (mm)"": ""16.45"", ""Product Depth (mm)"": ""24.13"", ""Row Spacing (mm)"": ""1.5"", ""Mounting"": ""Cable Mount""}","{""5000"": 0.391, ""6000"": 0.3871, ""9000"": 0.3832, ""10000"": 0.3794, ""15000"": 0.3756, ""20000"": 0.3718, ""25000"": 0.3681, ""30000"": 0.3644, ""50000"": 0.3608}"
23025011,2302501-1,TE Connectivity,Conn Housing RCP 6 POS 1.8mm Crimp ST Cable Mount Black,Connector Discrete Wire Housing,https://www.arrow.com/en/products/2302501-1_2/te-connectivity.html,In Stock,40000,1,https://static6.arrow.com/aropdfconversion/arrowimages/7a14e0c31a2730d1c38669bfcf01085999eb1d22/2302501-1-t1.jpg,"{""EU RoHS"": ""Compliant"", ""ECCN (US)"": ""EAR99"", ""Part Status"": ""Active"", ""HTS"": ""8538.90.60.00"", ""Automotive"": ""No"", ""PPAP"": ""No"", ""Type"": ""Housing"", ""Gender"": ""RCP"", ""Number of Contacts"": ""6"", ""Number of Rows"": ""2"", ""Termination Method"": ""Crimp"", ""Terminal Pitch (mm)"": ""1.8"", ""Body Orientation"": ""Straight"", ""Maximum Current Rating (A)"": ""3/Contact"", ""Maximum Voltage Rating"": ""12V"", ""Insulation Resistance (MOhm)"": ""100"", ""Minimum Operating Temperature (°C)"": ""-40"", ""Maximum Operating Temperature (°C)"": ""105"", ""Product Length (mm)"": ""11.58"", ""Product Depth (mm)"": ""7.2"", ""Product Height (mm)"": ""16.45"", ""Row Spacing (mm)"": ""1.5"", ""Mounting"": ""Cable Mount""}","{""1"": 0.2485, ""10"": 0.2059, ""25"": 0.1869, ""100"": 0.1707, ""500"": 0.1587, ""1000"": 0.1463}"
23041681,2304168-1,TE Connectivity,Conn Wire to Board HDR 4 POS 4mm Solder RA Side Entry Thru-Hole Reel,Connector Headers and PCB Receptacles,https://www.arrow.com/en/products/2304168-1_1/te-connectivity.html,Out of Stock,,7500,https://static6.arrow.com/aropdfconversion/arrowimages/33d3f5300557e6bef72a0ebae229feb9013392b2/product-details-2023-08-08t182847.859.jpg,"{""EU RoHS"": ""Compliant"", ""ECCN (US)"": ""EAR99"", ""Part Status"": ""Active"", ""HTS"": ""8536.69.40.10"", ""Automotive"": ""Yes"", ""PPAP"": ""Unknown"", ""Type"": ""Wire to Board"", ""Gender"": ""HDR"", ""Number of Contacts"": ""4"", ""Number of Rows"": ""2"", ""Termination Method"": ""Solder"", ""Terminal Pitch (mm)"": ""4"", ""Body Orientation"": ""Right Angle"", ""Row Spacing (mm)"": ""4"", ""Maximum Current Rating (A)"": ""3/Contact"", ""Maximum Voltage Rating"": ""60VDC"", ""Minimum Operating Temperature (°C)"": ""-40"", ""Maximum Operating Temperature (°C)"": ""105"", ""Packaging"": ""Reel"", ""Product Length (mm)"": ""24.3"", ""Product Depth (mm)"": ""12"", ""Product Height (mm)"": ""14.4"", ""Mounting"": ""Through Hole""}","{""7500"": 4.198, ""50000"": 3.668, ""200000"": 3.351, ""500000"": 2.934}"
23063681,2306368-1,TE Connectivity,Data Connectivity Headers 2 POS,Connector Headers and PCB Receptacles,https://www.arrow.com/en/products/2306368-1/te-connectivity.html,In Stock,3700,370,https://static6.arrow.com/aropdfconversion/arrowimages/7f13a0b624ee6a47607e1826042a7cd2b179ae3a/2306368-1-t1.jpg,"{""EU RoHS"": ""Compliant"", ""ECCN (US)"": ""EAR99"", ""Part Status"": ""Active"", ""HTS"": ""8536.69.40.40"", ""Automotive"": ""No"", ""PPAP"": ""No"", ""Gender"": ""HDR"", ""Number of Rows"": ""2"", ""Termination Method"": ""Solder"", ""Terminal Pitch (mm)"": ""4"", ""Body Orientation"": ""Right Angle"", ""Maximum Current Rating (A)"": ""3"", ""Minimum Operating Temperature (°C)"": ""-40"", ""Maximum Operating Temperature (°C)"": ""105"", ""Product Length (mm)"": ""12"", ""Product Depth (mm)"": ""23.3"", ""Product Height (mm)"": ""10.4"", ""Mounting"": ""Through Hole""}","{""370"": 6.571, ""740"": 6.491, ""1110"": 6.406, ""1850"": 5.878}"
23122121,2312212-1,,,,https://www.arrow.com/en/products/2312212-1_1/te-connectivity.html,Out of Stock,,,,{},{}
23200141,2320014-1,TE Connectivity,Conn Housing RCP 14 POS 1.8mm Crimp ST Cable Mount Black,Connector Discrete Wire Housing,https://www.arrow.com/en/products/2320014-1/te-connectivity.html,In Stock,19325,1,https://static6.arrow.com/aropdfconversion/arrowimages/4e00cf6982486103dd46d94fcbda1761f3861d5a/2320014-1-t1.jpg,"{""EU RoHS"": ""Compliant"", ""ECCN (US)"": ""EAR99"", ""Part Status"": ""Active"", ""HTS"": ""8538.90.60.00"", ""Automotive"": ""No"", ""PPAP"": ""No"", ""Type"": ""Housing"", ""Gender"": ""RCP"", ""Number of Contacts"": ""14"", ""Number of Rows"": ""2"", ""Termination Method"": ""Crimp"", ""Terminal Pitch (mm)"": ""1.8"", ""Body Orientation"": ""Straight"", ""Maximum Current Rating (A)"": ""3/Contact"", ""Maximum Voltage Rating"": ""12V"", ""Insulation Resistance (MOhm)"": ""100"", ""Minimum Operating Temperature (°C)"": ""-40"", ""Maximum Operating Temperature (°C)"": ""105"", ""Product Length (mm)"": ""18.78"", ""Mounting"": ""Cable Mount""}","{""1"": 0.4164, ""10"": 0.3626, ""25"": 0.339, ""100"": 0.3188, ""500"": 0.3039, ""1000"": 0.2899}"
23200201,2320020-1,TE Connectivity,Conn Housing RCP 20 POS 1.8mm Crimp ST Cable Mount Black,Connector Discrete Wire Housing,https://www.arrow.com/en/products/2320020-1/te-connectivity.html,In Stock,20000,2000,https://static6.arrow.com/aropdfconversion/arrowimages/adff375c150cf3dd3750b66b845aee7ae4a2438d/product-details-2023-08-08t151024.592.jpg,"{""EU RoHS"": ""Compliant"", ""ECCN (US)"": ""EAR99"", ""Part Status"": ""Active"", ""HTS"": ""8538.90.60.00"", ""Automotive"": ""No"", ""PPAP"": ""No"", ""Type"": ""Housing"", ""Gender"": ""RCP"", ""Number of Contacts"": ""20"", ""Number of Rows"": ""2"", ""Termination Method"": ""Crimp"", ""Terminal Pitch (mm)"": ""1.8"", ""Body Orientation"": ""Straight"", ""Maximum Current Rating (A)"": ""3/Contact"", ""Maximum Voltage Rating"": ""12V"", ""Insulation Resistance (MOhm)"": ""100"", ""Minimum Operating Temperature (°C)"": ""-40"", ""Maximum Operating Temperature (°C)"": ""105"", ""Product Length (mm)"": ""24.18"", ""Mounting"": ""Cable Mount""}","{""2000"": 0.279, ""4000"": 0.2415, ""6000"": 0.2237, ""10000"": 0.2079, ""20000"": 0.1958}"
23275541,2327554-1,TE Connectivity,"MATE-AX,STMPD SOC CNTR TRMNL,90DEG",,https://www.arrow.com/en/products/2327554-1/te-connectivity.html,In Stock,30000,15000,,"{""HTS"": ""EA""}","{""15000"": 0.0765}"
23275542,2327554-2,TE Connectivity,"MATE-AX,STMPD SOC CNTR TRMNL,90DEG",,https://www.arrow.com/en/products/2327554-2/te-connectivity.html,In Stock,30000,15000,,"{""HTS"": ""EA""}","{""15000"": 0.1316}"
23949251,2394925-1,TE Connectivity,"Data Connectivity Headers, A, Wire-to-Board, 1 Position, Shielded, Horizontal",Connector Headers and PCB Receptacles,https://www.arrow.com/en/products/2394925-1/te-connectivity.html,Out of Stock,,420,https://static6.arrow.com/aropdfconversion/arrowimages/16184cc46ce8941cfab8aa773cf31ecf73f0061b/2394925-1-t1.jpg,"{""EU RoHS"": ""Compliant with Exemption"", ""ECCN (US)"": ""EAR99"", ""Part Status"": ""Active"", ""HTS"": ""8536.69.80.00"", ""SVHC"": ""Yes"", ""SVHC Exceeds Threshold"": ""Yes"", ""Automotive"": ""No"", ""PPAP"": ""No"", ""Gender"": ""HDR"", ""Number of Contacts"": ""1"", ""Number of Rows"": ""1"", ""Termination Method"": ""Solder"", ""Body Orientation"": ""Right Angle"", ""Minimum Operating Temperature (°C)"": ""-40"", ""Maximum Operating Temperature (°C)"": ""105"", ""Product Length (mm)"": ""18.3"", ""Mounting"": ""Through Hole""}","{""420"": 3.027, ""10000"": 2.584, ""50000"": 2.213, ""200000"": 1.721, ""500000"": 1.3597}"
24048151,2404815-1,TE Connectivity,Conn Wire to Board HDR 4 POS 5mm Solder RA Side Entry Thru-Hole T/R,Connector Headers and PCB Receptacles,https://www.arrow.com/en/products/2404815-1/te-connectivity.html,In Stock,1680,70,,"{""EU RoHS"": ""Compliant"", ""ECCN (US)"": ""EAR99"", ""Part Status"": ""Active"", ""HTS"": ""8536.69.40.40"", ""Automotive"": ""No"", ""PPAP"": ""No"", ""Type"": ""Wire to Board"", ""Gender"": ""HDR"", ""Number of Contacts"": ""4"", ""Number of Rows"": ""4"", ""Termination Method"": ""Solder"", ""Terminal Pitch (mm)"": ""5"", ""Body Orientation"": ""Right Angle"", ""Maximum Current Rating (A)"": ""3/Contact"", ""Maximum Voltage Rating"": ""12VAC"", ""Minimum Operating Temperature (°C)"": ""-40"", ""Maximum Operating Temperature (°C)"": ""105"", ""Product Length (mm)"": ""26.92"", ""Product Depth (mm)"": ""27"", ""Product Height (mm)"": ""20.75"", ""Mounting"": ""Through Hole""}","{""70"": 4.952, ""140"": 4.805, ""210"": 4.72, ""350"": 4.614, ""490"": 4.545, ""560"": 4.499, ""700"": 4.472, ""1050"": 4.366}"
314022100,31402-2100,Molex,Conn Housing F 2Power POS 2.54mm Crimp ST Cable Mount Black MX64 Bag,Connector Discrete Wire Housing,https://www.arrow.com/en/products/31402-2100/molex.html,In Stock,17633,131,https://static6.arrow.com/aropdfconversion/arrowimages/2becd957a2e734a58a4ed963e0565a093b514312/0314022100_top_right_angle_view.jpg,"{""EU RoHS"": ""Compliant"", ""ECCN (US)"": ""EAR99"", ""Part Status"": ""Active"", ""HTS"": ""8538.90.60.00"", ""Automotive"": ""Yes"", ""PPAP"": ""No"", ""Type"": ""Housing"", ""Gender"": ""F"", ""Number of Contacts"": ""2Power"", ""Number of Rows"": ""1"", ""Termination Method"": ""Crimp"", ""Terminal Pitch (mm)"": ""2.54"", ""Body Orientation"": ""Straight"", ""Maximum Current Rating (A)"": ""11/Contact"", ""Maximum Voltage Rating"": ""500VDC"", ""Insulation Resistance (MOhm)"": ""20"", ""Minimum Operating Temperature (°C)"": ""-40"", ""Maximum Operating Temperature (°C)"": ""125"", ""Mating Cycle (Cycles)"": ""10"", ""Packaging"": ""Bag"", ""Product Weight (g)"": ""4.33"", ""Product Length (mm)"": ""16.88"", ""Product Depth (mm)"": ""18.7"", ""Tradename"": ""MX64"", ""Mounting"": ""Cable Mount""}","{""131"": 0.48, ""700"": 0.46, ""2800"": 0.45, ""8000"": 0.39}"
314022110,31402-2110,Molex,Conn Housing F 2 POS 2.54mm Crimp ST Cable Mount Black MX64 Bag,Connector Discrete Wire Housing,https://www.arrow.com/en/products/31402-2110/molex.html,In Stock,28800,73,https://static6.arrow.com/aropdfconversion/arrowimages/8c370356091c6d6dab3729eac80b47ce8a9a6ec5/0314022110_top_right_angle_view.jpg,"{""EU RoHS"": ""Compliant"", ""ECCN (US)"": ""EAR99"", ""Part Status"": ""Active"", ""HTS"": ""EA"", ""Automotive"": ""Yes"", ""PPAP"": ""No"", ""Type"": ""Housing"", ""Gender"": ""F"", ""Number of Contacts"": ""2"", ""Number of Rows"": ""1"", ""Termination Method"": ""Crimp"", ""Terminal Pitch (mm)"": ""2.54"", ""Body Orientation"": ""Straight"", ""Maximum Current Rating (A)"": ""11/Contact"", ""Maximum Voltage Rating"": ""500VDC"", ""Insulation Resistance (MOhm)"": ""20"", ""Minimum Operating Temperature (°C)"": ""-40"", ""Maximum Operating Temperature (°C)"": ""125"", ""Mating Cycle (Cycles)"": ""10"", ""Packaging"": ""Bag"", ""Product Weight (g)"": ""4.71"", ""Product Length (mm)"": ""16.88"", ""Product Depth (mm)"": ""18.7"", ""Tradename"": ""MX64"", ""Mounting"": ""Cable Mount""}","{""73"": 0.86, ""400"": 0.83, ""800"": 0.82, ""1600"": 0.81, ""3200"": 0.8, ""8000"": 0.7, ""20000"": 0.68}"
314022710,314022710,Molex,Conn Housing F 2 POS 2.54mm Crimp ST Cable Mount Black MX64 Bag,Connector Discrete Wire Housing,https://www.arrow.com/en/products/31402-2710/molex.html,In Stock,5399,82,https://static6.arrow.com/aropdfconversion/arrowimages/85fd1ece6d635a6ebf526dc49902c389c0303cec/0314022710_top_right_angle_view.jpg,"{""EU RoHS"": ""Compliant"", ""ECCN (US)"": ""EAR99"", ""Part Status"": ""Active"", ""Automotive"": ""Yes"", ""PPAP"": ""No"", ""Type"": ""Housing"", ""Gender"": ""F"", ""Number of Contacts"": ""2"", ""Number of Rows"": ""1"", ""Termination Method"": ""Crimp"", ""Terminal Pitch (mm)"": ""2.54"", ""Body Orientation"": ""Straight"", ""Maximum Current Rating (A)"": ""11/Contact"", ""Maximum Voltage Rating"": ""500VDC"", ""Insulation Resistance (MOhm)"": ""20"", ""Minimum Operating Temperature (°C)"": ""-40"", ""Maximum Operating Temperature (°C)"": ""125"", ""Mating Cycle (Cycles)"": ""10"", ""Packaging"": ""Bag"", ""Product Weight (g)"": ""4.71"", ""Product Length (mm)"": ""16.88"", ""Product Depth (mm)"": ""18.7"", ""Tradename"": ""MX64"", ""Mounting"": ""Cable Mount""}","{""82"": 0.77, ""450"": 0.76, ""900"": 0.74, ""1800"": 0.73, ""3200"": 0.72}"
314026100,314026100,Molex,Conn Housing F 6 POS 2.54mm Crimp ST Cable Mount Black MX64 Bag,Connector Discrete Wire Housing,https://www.arrow.com/en/products/31402-6100/molex.html,In Stock,2250,200,https://static6.arrow.com/aropdfconversion/arrowimages/f059a7080dcbf6048cfcbe0fbf8a9cfed33401f0/0314026100_top_right_angle_view.jpg,"{""EU RoHS"": ""Compliant"", ""ECCN (US)"": ""EAR99"", ""Part Status"": ""Active"", ""SVHC"": ""Yes"", ""SVHC Exceeds Threshold"": ""Yes"", ""Automotive"": ""Yes"", ""PPAP"": ""No"", ""Type"": ""Housing"", ""Gender"": ""F"", ""Number of Contacts"": ""6"", ""Number of Rows"": ""1"", ""Termination Method"": ""Crimp"", ""Terminal Pitch (mm)"": ""2.54"", ""Body Orientation"": ""Straight"", ""Maximum Current Rating (A)"": ""11/Contact"", ""Maximum Voltage Rating"": ""500VDC"", ""Insulation Resistance (MOhm)"": ""20"", ""Minimum Operating Temperature (°C)"": ""-40"", ""Maximum Operating Temperature (°C)"": ""125"", ""Mating Cycle (Cycles)"": ""10"", ""Packaging"": ""Bag"", ""Product Weight (g)"": ""6.684"", ""Product Length (mm)"": ""26.33"", ""Product Depth (mm)"": ""18.7"", ""Tradename"": ""MX64"", ""Mounting"": ""Cable Mount""}","{""200"": 0.826, ""500"": 0.812, ""1000"": 0.798, ""2000"": 0.77}"
314026110,314026110,Molex,Conn Housing F 6Power POS 2.54mm Crimp ST Cable Mount Black MX64 Bag,Connector Discrete Wire Housing,https://www.arrow.com/en/products/31402-6110/molex.html,In Stock,2400,72,https://static6.arrow.com/aropdfconversion/arrowimages/dacab086988ff319e12eb29dd6b03fae7e7cd961/0314026110_top_right_angle_view.jpg,"{""EU RoHS"": ""Compliant"", ""ECCN (US)"": ""EAR99"", ""Part Status"": ""Active"", ""SVHC"": ""Yes"", ""SVHC Exceeds Threshold"": ""Yes"", ""Automotive"": ""Yes"", ""PPAP"": ""No"", ""Type"": ""Housing"", ""Gender"": ""F"", ""Number of Contacts"": ""6Power"", ""Number of Rows"": ""1"", ""Termination Method"": ""Crimp"", ""Terminal Pitch (mm)"": ""2.54"", ""Body Orientation"": ""Straight"", ""Maximum Current Rating (A)"": ""11/Contact"", ""Maximum Voltage Rating"": ""500VDC"", ""Insulation Resistance (MOhm)"": ""20"", ""Minimum Operating Temperature (°C)"": ""-40"", ""Maximum Operating Temperature (°C)"": ""125"", ""Mating Cycle (Cycles)"": ""10"", ""Packaging"": ""Bag"", ""Product Weight (g)"": ""7.082"", ""Product Length (mm)"": ""26.33"", ""Product Depth (mm)"": ""18.7"", ""Tradename"": ""MX64"", ""Mounting"": ""Cable Mount""}","{""72"": 0.87, ""400"": 0.86, ""800"": 0.85, ""1600"": 0.83, ""2400"": 0.81}"
314032100,314032100,Molex,Conn Housing F 2 POS 2.54mm Crimp ST Cable Mount Black MX64 Bag,Connector Discrete Wire Housing,https://www.arrow.com/en/products/31403-2100/molex.html,In Stock,8785,121,https://static6.arrow.com/aropdfconversion/arrowimages/487e3c4ca9f2df3c1877f22d4ed70e7ccc31081a/0314032100_top_right_angle_view.jpg,"{""EU RoHS"": ""Compliant"", ""ECCN (US)"": ""EAR99"", ""Part Status"": ""Active"", ""Automotive"": ""Yes"", ""PPAP"": ""No"", ""Type"": ""Housing"", ""Gender"": ""F"", ""Number of Contacts"": ""2"", ""Number of Rows"": ""1"", ""Termination Method"": ""Crimp"", ""Terminal Pitch (mm)"": ""2.54"", ""Body Orientation"": ""Straight"", ""Maximum Current Rating (A)"": ""11/Contact"", ""Maximum Voltage Rating"": ""500VDC"", ""Insulation Resistance (MOhm)"": ""20"", ""Minimum Operating Temperature (°C)"": ""-40"", ""Maximum Operating Temperature (°C)"": ""125"", ""Mating Cycle (Cycles)"": ""10"", ""Packaging"": ""Bag"", ""Product Weight (g)"": ""4.33"", ""Product Length (mm)"": ""16.88"", ""Product Height (mm)"": ""18.7"", ""Tradename"": ""MX64"", ""Mounting"": ""Cable Mount""}","{""121"": 0.52, ""650"": 0.5, ""2600"": 0.49, ""3200"": 0.48, ""8000"": 0.42}"
314032110,31403-2110,Molex,Conn Housing RCP 2Power POS 2.54mm Crimp ST Cable Mount Black MX64 Bag,Connector Discrete Wire Housing,https://www.arrow.com/en/products/31403-2110/molex.html,In Stock,25617,97,https://static6.arrow.com/aropdfconversion/arrowimages/3eb4e25fec471d5313cfb1d641eb91a98a88a8f0/0314032110_top_right_angle_view.jpg,"{""EU RoHS"": ""Compliant"", ""ECCN (US)"": ""EAR99"", ""Part Status"": ""Active"", ""Automotive"": ""Yes"", ""PPAP"": ""No"", ""Type"": ""Housing"", ""Gender"": ""RCP"", ""Number of Contacts"": ""2Power"", ""Number of Rows"": ""1"", ""Termination Method"": ""Crimp"", ""Terminal Pitch (mm)"": ""2.54"", ""Body Orientation"": ""Straight"", ""Maximum Current Rating (A)"": ""11/Contact"", ""Maximum Voltage Rating"": ""500VDC"", ""Insulation Resistance (MOhm)"": ""20"", ""Minimum Operating Temperature (°C)"": ""-40"", ""Maximum Operating Temperature (°C)"": ""125"", ""Mating Cycle (Cycles)"": ""10"", ""Packaging"": ""Bag"", ""Product Weight (g)"": ""4.71"", ""Product Length (mm)"": ""16.88"", ""Product Depth (mm)"": ""29.9"", ""Product Height (mm)"": ""18.7"", ""Tradename"": ""MX64"", ""Keyed"": ""Yes"", ""Mounting"": ""Cable Mount""}","{""97"": 0.65, ""550"": 0.64, ""1100"": 0.62, ""2100"": 0.61, ""3200"": 0.6, ""8000"": 0.53, ""20000"": 0.52}"
314032200,31403-2200,Molex,Conn Housing F 2 POS 2.54mm Crimp ST Cable Mount Gray MX64 Bag,Connector Discrete Wire Housing,https://www.arrow.com/en/products/31403-2200/molex.html,Out of Stock,,,https://static6.arrow.com/aropdfconversion/arrowimages/1264839bfcda01be3513266960efc9517483d135/0314032200_top_right_angle_view.jpg,"{""EU RoHS"": ""Compliant"", ""ECCN (US)"": ""EAR99"", ""Part Status"": ""Active"", ""Automotive"": ""Yes"", ""PPAP"": ""No"", ""Type"": ""Housing"", ""Gender"": ""F"", ""Number of Contacts"": ""2"", ""Number of Rows"": ""1"", ""Termination Method"": ""Crimp"", ""Terminal Pitch (mm)"": ""2.54"", ""Body Orientation"": ""Straight"", ""Maximum Current Rating (A)"": ""11/Contact"", ""Maximum Voltage Rating"": ""500VDC"", ""Insulation Resistance (MOhm)"": ""20"", ""Minimum Operating Temperature (°C)"": ""-40"", ""Maximum Operating Temperature (°C)"": ""125"", ""Mating Cycle (Cycles)"": ""10"", ""Packaging"": ""Bag"", ""Product Weight (g)"": ""4.33"", ""Product Length (mm)"": ""16.88"", ""Product Depth (mm)"": ""29.9"", ""Product Height (mm)"": ""18.7"", ""Tradename"": ""MX64"", ""Mounting"": ""Cable Mount""}",{}
314032210,314032210,Molex,Conn Housing RCP 2 POS 2.54mm Crimp ST Cable Mount Gray Bag,Connector Discrete Wire Housing,https://www.arrow.com/en/products/31403-2210/molex.html,In Stock,17988,98,https://static6.arrow.com/aropdfconversion/arrowimages/c81d734f8c20aa6e06439c4f780ca228e9a6ff41/0314032210_top_right_angle_view.jpg,"{""EU RoHS"": ""Compliant"", ""ECCN (US)"": ""EAR99"", ""Part Status"": ""Active"", ""Automotive"": ""Yes"", ""PPAP"": ""No"", ""Type"": ""Housing"", ""Gender"": ""RCP"", ""Number of Contacts"": ""2"", ""Number of Rows"": ""1"", ""Termination Method"": ""Crimp"", ""Terminal Pitch (mm)"": ""2.54"", ""Body Orientation"": ""Straight"", ""Maximum Current Rating (A)"": ""11/Contact"", ""Maximum Voltage Rating"": ""500VDC"", ""Insulation Resistance (MOhm)"": ""20"", ""Minimum Operating Temperature (°C)"": ""-40"", ""Maximum Operating Temperature (°C)"": ""125"", ""Mating Cycle (Cycles)"": ""10"", ""Packaging"": ""Bag"", ""Product Weight (g)"": ""4.71"", ""Product Length (mm)"": ""16.88"", ""Product Depth (mm)"": ""16.88"", ""Product Height (mm)"": ""18.7"", ""Mounting"": ""Cable Mount""}","{""98"": 0.64, ""550"": 0.62, ""1100"": 0.61, ""2100"": 0.6, ""3200"": 0.58, ""8000"": 0.52}"
314032700,31403-2700,Molex,Conn Housing F 2 POS 2.54mm Crimp ST Cable Mount Black MX64 Bag,Connector Discrete Wire Housing,https://www.arrow.com/en/products/31403-2700/molex.html,In Stock,3199,105,https://static6.arrow.com/aropdfconversion/arrowimages/aaf19aa5fe7d11785a615834d7ab4f47aeabc4dd/0314032700_top_right_angle_view.jpg,"{""EU RoHS"": ""Compliant"", ""ECCN (US)"": ""EAR99"", ""Part Status"": ""Active"", ""Automotive"": ""Yes"", ""PPAP"": ""No"", ""Type"": ""Housing"", ""Gender"": ""F"", ""Number of Contacts"": ""2"", ""Number of Rows"": ""1"", ""Termination Method"": ""Crimp"", ""Terminal Pitch (mm)"": ""2.54"", ""Body Orientation"": ""Straight"", ""Maximum Current Rating (A)"": ""11/Contact"", ""Maximum Voltage Rating"": ""500VDC"", ""Insulation Resistance (MOhm)"": ""20"", ""Minimum Operating Temperature (°C)"": ""-40"", ""Maximum Operating Temperature (°C)"": ""125"", ""Mating Cycle (Cycles)"": ""10"", ""Packaging"": ""Bag"", ""Product Weight (g)"": ""4.33"", ""Product Length (mm)"": ""16.88"", ""Product Height (mm)"": ""18.7"", ""Tradename"": ""MX64"", ""Mounting"": ""Cable Mount""}","{""105"": 0.6, ""600"": 0.58, ""1200"": 0.57, ""2300"": 0.56}"
314032710,314032710,Molex,Conn Housing RCP 2 POS 2.54mm Crimp ST Cable Mount Black MX64 Bag,Connector Discrete Wire Housing,https://www.arrow.com/en/products/31403-2710/molex.html,In Stock,3050,98,https://static6.arrow.com/aropdfconversion/arrowimages/53171c671e7a0b051d8ad87c7361cdde88fb7877/0314032710_top_right_angle_view.jpg,"{""EU RoHS"": ""Compliant"", ""ECCN (US)"": ""EAR99"", ""Part Status"": ""Active"", ""SVHC"": ""Yes"", ""SVHC Exceeds Threshold"": ""Yes"", ""Automotive"": ""Yes"", ""PPAP"": ""No"", ""Type"": ""Housing"", ""Gender"": ""RCP"", ""Number of Contacts"": ""2"", ""Number of Rows"": ""1"", ""Termination Method"": ""Crimp"", ""Terminal Pitch (mm)"": ""2.54"", ""Body Orientation"": ""Straight"", ""Maximum Current Rating (A)"": ""11/Contact"", ""Maximum Voltage Rating"": ""500VDC"", ""Insulation Resistance (MOhm)"": ""20"", ""Minimum Operating Temperature (°C)"": ""-40"", ""Maximum Operating Temperature (°C)"": ""125"", ""Mating Cycle (Cycles)"": ""10"", ""Packaging"": ""Bag"", ""Product Weight (g)"": ""4.71"", ""Product Length (mm)"": ""16.88"", ""Product Height (mm)"": ""18.7"", ""Tradename"": ""MX64"", ""Keyed"": ""Yes"", ""Mounting"": ""Cable Mount""}","{""98"": 0.64, ""550"": 0.62, ""1100"": 0.61, ""2100"": 0.6}"
314036100,314036100,Molex,Conn Housing F 6 POS 2.54mm Crimp ST Cable Mount Black MX64 Bag,Connector Discrete Wire Housing,https://www.arrow.com/en/products/314036100/molex.html,In Stock,8774,83,https://static6.arrow.com/aropdfconversion/arrowimages/a423cb763c62d84090d24d4162aa55e68302949c/0314036100_top_right_angle_view.jpg,"{""EU RoHS"": ""Compliant"", ""ECCN (US)"": ""EAR99"", ""Part Status"": ""Active"", ""SVHC"": ""Yes"", ""SVHC Exceeds Threshold"": ""Yes"", ""Automotive"": ""Yes"", ""PPAP"": ""No"", ""Type"": ""Housing"", ""Gender"": ""F"", ""Number of Contacts"": ""6"", ""Number of Rows"": ""1"", ""Termination Method"": ""Crimp"", ""Terminal Pitch (mm)"": ""2.54"", ""Body Orientation"": ""Straight"", ""Maximum Current Rating (A)"": ""11/Contact"", ""Maximum Voltage Rating"": ""500VDC"", ""Insulation Resistance (MOhm)"": ""20"", ""Minimum Operating Temperature (°C)"": ""-40"", ""Maximum Operating Temperature (°C)"": ""125"", ""Mating Cycle (Cycles)"": ""10"", ""Packaging"": ""Bag"", ""Product Weight (g)"": ""6.684"", ""Product Length (mm)"": ""26.33"", ""Product Height (mm)"": ""18.7"", ""Tradename"": ""MX64"", ""Mounting"": ""Cable Mount""}","{""83"": 0.76, ""450"": 0.74, ""900"": 0.73, ""1800"": 0.72, ""2400"": 0.7}"
314036110,314036110,Molex,Conn Housing F 6 POS 2.54mm Crimp ST Cable Mount Black MX64 Bag,Connector Discrete Wire Housing,https://www.arrow.com/en/products/31403-6110/molex.html,In Stock,145,79,https://static6.arrow.com/aropdfconversion/arrowimages/2cdd751febf4261851d2841c3759c1ca3f3e033d/0314036110_top_right_angle_view.jpg,"{""EU RoHS"": ""Compliant"", ""ECCN (US)"": ""EAR99"", ""Part Status"": ""Active"", ""SVHC"": ""Yes"", ""SVHC Exceeds Threshold"": ""Yes"", ""Automotive"": ""Yes"", ""PPAP"": ""No"", ""Type"": ""Housing"", ""Gender"": ""F"", ""Number of Contacts"": ""6"", ""Number of Rows"": ""1"", ""Termination Method"": ""Crimp"", ""Terminal Pitch (mm)"": ""2.54"", ""Body Orientation"": ""Straight"", ""Maximum Current Rating (A)"": ""11/Contact"", ""Maximum Voltage Rating"": ""500VDC"", ""Insulation Resistance (MOhm)"": ""20"", ""Minimum Operating Temperature (°C)"": ""-40"", ""Maximum Operating Temperature (°C)"": ""125"", ""Mating Cycle (Cycles)"": ""10"", ""Packaging"": ""Bag"", ""Product Weight (g)"": ""7.064"", ""Product Length (mm)"": ""26.33"", ""Product Height (mm)"": ""18.7"", ""Tradename"": ""MX64"", ""Mounting"": ""Cable Mount""}","{""79"": 0.8}"
314081120,31408-1120,Molex,Conn Housing F 12 POS 2.54mm Crimp ST Cable Mount Black Stac64 Carton,Connector Discrete Wire Housing,https://www.arrow.com/en/products/31408-1120/molex.html,In Stock,7600,169,https://static6.arrow.com/aropdfconversion/arrowimages/4b1a35539ed5a76029b796ccb8eb47250b8034f8/31408_iso.jpg,"{""EU RoHS"": ""Compliant"", ""ECCN (US)"": ""EAR99"", ""Part Status"": ""Active"", ""HTS"": ""8538.90.60.00"", ""Automotive"": ""Yes"", ""PPAP"": ""No"", ""Type"": ""Housing"", ""Gender"": ""F"", ""Number of Contacts"": ""12"", ""Number of Rows"": ""2"", ""Termination Method"": ""Crimp"", ""Terminal Pitch (mm)"": ""2.54"", ""Body Orientation"": ""Straight"", ""Maximum Current Rating (A)"": ""10.2/Contact"", ""Minimum Operating Temperature (°C)"": ""-40"", ""Maximum Operating Temperature (°C)"": ""100"", ""Packaging"": ""Carton"", ""Product Weight (g)"": ""4.475"", ""Product Length (mm)"": ""18.48"", ""Product Depth (mm)"": ""23.17"", ""Product Height (mm)"": ""22.72"", ""Tradename"": ""Stac64"", ""Mounting"": ""Cable Mount""}","{""169"": 0.37}"
314081121,31408-1121,Molex,Conn Housing F 12 POS 2.54mm Crimp ST Cable Mount Brown Stac64 Carton,Connector Discrete Wire Housing,https://www.arrow.com/en/products/31408-1121/molex.html,In Stock,1634,87,https://static6.arrow.com/aropdfconversion/arrowimages/4b1a35539ed5a76029b796ccb8eb47250b8034f8/31408_iso.jpg,"{""EU RoHS"": ""Compliant"", ""ECCN (US)"": ""EAR99"", ""Part Status"": ""Active"", ""Automotive"": ""Yes"", ""PPAP"": ""No"", ""Type"": ""Housing"", ""Gender"": ""F"", ""Number of Contacts"": ""12"", ""Number of Rows"": ""2"", ""Termination Method"": ""Crimp"", ""Terminal Pitch (mm)"": ""2.54"", ""Body Orientation"": ""Straight"", ""Maximum Current Rating (A)"": ""10.2/Contact"", ""Minimum Operating Temperature (°C)"": ""-40"", ""Maximum Operating Temperature (°C)"": ""100"", ""Packaging"": ""Carton"", ""Product Weight (g)"": ""4.475"", ""Product Length (mm)"": ""18.48"", ""Product Depth (mm)"": ""23.17"", ""Product Height (mm)"": ""22.72"", ""Tradename"": ""Stac64"", ""Mounting"": ""Cable Mount""}","{""87"": 0.72, ""1000"": 0.69}"
314081200,31408-1200,Molex,Conn Housing F 20 POS 2.54mm Crimp ST Cable Mount Black Stac64 Carton,Connector Discrete Wire Housing,https://www.arrow.com/en/products/31408-1200/molex.html,Out of Stock,,,https://static6.arrow.com/aropdfconversion/arrowimages/4b1a35539ed5a76029b796ccb8eb47250b8034f8/31408_iso.jpg,"{""EU RoHS"": ""Compliant"", ""ECCN (US)"": ""EAR99"", ""Part Status"": ""Active"", ""Automotive"": ""Yes"", ""PPAP"": ""No"", ""Type"": ""Housing"", ""Gender"": ""F"", ""Number of Contacts"": ""20"", ""Number of Rows"": ""2"", ""Termination Method"": ""Crimp"", ""Terminal Pitch (mm)"": ""2.54"", ""Body Orientation"": ""Straight"", ""Maximum Current Rating (A)"": ""10.2/Contact"", ""Insulation Resistance (MOhm)"": ""20"", ""Minimum Operating Temperature (°C)"": ""-40"", ""Maximum Operating Temperature (°C)"": ""100"", ""Packaging"": ""Carton"", ""Product Weight (g)"": ""6.484"", ""Product Length (mm)"": ""28.64"", ""Product Depth (mm)"": ""23.17"", ""Product Height (mm)"": ""22.27"", ""Tradename"": ""Stac64"", ""Mounting"": ""Cable Mount""}",{}
314081203,314081203,Molex,Conn Housing F 20 POS 2.54mm Crimp ST Cable Mount Green Stac64 Carton,Connector Discrete Wire Housing,https://www.arrow.com/en/products/31408-1203/molex.html,In Stock,2400,161,https://static6.arrow.com/aropdfconversion/arrowimages/4b1a35539ed5a76029b796ccb8eb47250b8034f8/31408_iso.jpg,"{""EU RoHS"": ""Compliant"", ""ECCN (US)"": ""EAR99"", ""Part Status"": ""Active"", ""Automotive"": ""Yes"", ""PPAP"": ""No"", ""Type"": ""Housing"", ""Gender"": ""F"", ""Number of Contacts"": ""20"", ""Number of Rows"": ""2"", ""Termination Method"": ""Crimp"", ""Terminal Pitch (mm)"": ""2.54"", ""Body Orientation"": ""Straight"", ""Maximum Current Rating (A)"": ""10.2/Contact"", ""Minimum Operating Temperature (°C)"": ""-40"", ""Maximum Operating Temperature (°C)"": ""100"", ""Packaging"": ""Carton"", ""Product Weight (g)"": ""6.484"", ""Product Length (mm)"": ""28.64"", ""Product Depth (mm)"": ""23.17"", ""Product Height (mm)"": ""22.27"", ""Tradename"": ""Stac64"", ""Mounting"": ""Cable Mount""}","{""161"": 0.39, ""900"": 0.38}"
314101120,31410-1120,Molex,Conn Wire to Board RCP 12 POS ST Cable Mount,Connector Headers and PCB Receptacles,https://www.arrow.com/en/products/31410-1120/molex.html,In Stock,4348,202,https://static6.arrow.com/aropdfconversion/arrowimages/9c99f90fbb126057dfc3099661d2a98ed3410b80/314101120.stp.jpg,"{""EU RoHS"": ""Compliant"", ""ECCN (US)"": ""EAR99"", ""Part Status"": ""Active"", ""Automotive"": ""No"", ""PPAP"": ""No"", ""Type"": ""Wire to Board"", ""Gender"": ""RCP"", ""Number of Contacts"": ""12"", ""Number of Rows"": ""2"", ""Body Orientation"": ""Straight"", ""Product Length (mm)"": ""18.48"", ""Product Height (mm)"": ""23.17"", ""Mounting"": ""Cable Mount""}","{""202"": 0.31, ""1200"": 0.297}"
314101200,31410-1200,Molex,Conn Wire to Board RCP 20 POS ST Cable Mount,Connector Headers and PCB Receptacles,https://www.arrow.com/en/products/31410-1200/molex.html,In Stock,60546,256,https://static6.arrow.com/aropdfconversion/arrowimages/ca8a2b6983d00dbc7cda1f9979e4f4f508240661/314101200.stp.jpg,"{""EU RoHS"": ""Compliant"", ""ECCN (US)"": ""EAR99"", ""Part Status"": ""Active"", ""HTS"": ""8538.90.60.00"", ""Automotive"": ""No"", ""PPAP"": ""No"", ""Type"": ""Wire to Board"", ""Gender"": ""RCP"", ""Number of Contacts"": ""20"", ""Body Orientation"": ""Straight"", ""Mounting"": ""Cable Mount""}","{""256"": 0.245, ""3000"": 0.236, ""6000"": 0.225, ""16000"": 0.217, ""48000"": 0.208}"
314101201,31410-1201,Molex,Conn Wire to Board RCP 20 POS ST Cable Mount,Connector Headers and PCB Receptacles,https://www.arrow.com/en/products/31410-1201/molex.html,In Stock,12800,269,https://static6.arrow.com/aropdfconversion/arrowimages/318ff947bd555acdd90036a78d78d7402682bce1/314101201.stp.jpg,"{""EU RoHS"": ""Compliant"", ""ECCN (US)"": ""EAR99"", ""Part Status"": ""Active"", ""Automotive"": ""No"", ""PPAP"": ""No"", ""Type"": ""Wire to Board"", ""Gender"": ""RCP"", ""Number of Contacts"": ""20"", ""Number of Rows"": ""2"", ""Body Orientation"": ""Straight"", ""Product Length (mm)"": ""28.64"", ""Product Height (mm)"": ""23.17"", ""Mounting"": ""Cable Mount""}","{""269"": 0.233, ""3000"": 0.224, ""7000"": 0.215}"
33223792,33223792,Aptiv,OCS 8 Way Unsealed Female Black Connector,Connector Discrete Wire Housing,https://www.arrow.com/en/products/33223792/aptiv.html,In Stock,600,600,https://static6.arrow.com/aropdfconversion/arrowimages/2cc7566bbc29946af3ea05f8aa448c78d39fd442/2949_42ed39d6-2dbd-4121-a33e-427f8adabd1d.jpg,"{""EU RoHS"": ""Compliant"", ""ECCN (US)"": ""EAR99"", ""Part Status"": ""Active"", ""HTS"": ""8538.90.60.00"", ""Automotive"": ""Yes"", ""PPAP"": ""Yes""}","{""600"": 1.4386}"
33223793,33223793,Aptiv,33223793,,https://www.arrow.com/en/products/33223793/aptiv.html,In Stock,500,500,,"{""ECCN (US)"": ""EAR99"", ""HTS"": ""8536.69.40.10""}","{""500"": 0.153}"
33223794,33223794,Aptiv,33223794,,https://www.arrow.com/en/products/33223794/aptiv.html,In Stock,7200,246,,"{""ECCN (US)"": ""EAR99"", ""HTS"": ""8536694010""}","{""246"": 0.255, ""2300"": 0.245, ""4500"": 0.235}"
334710201,334710201,Molex,Conn Housing RCP 2 POS 3.5mm Crimp ST Cable Mount Black MX 150 Bag,Connector Discrete Wire Housing,https://www.arrow.com/en/products/33471-0201/molex.html,In Stock,2996,64,https://static6.arrow.com/aropdfconversion/arrowimages/367462a6075cf1dff1b91a6f4d7f9e19c46d9541/0334710201_top_right_angle_view.jpg,"{""EU RoHS"": ""Compliant"", ""ECCN (US)"": ""EAR99"", ""Part Status"": ""Active"", ""HTS"": ""8538.90.81.80"", ""Automotive"": ""Yes"", ""PPAP"": ""No"", ""Type"": ""Housing"", ""Gender"": ""RCP"", ""Number of Contacts"": ""2"", ""Number of Rows"": ""1"", ""Termination Method"": ""Crimp"", ""Terminal Pitch (mm)"": ""3.5"", ""Body Orientation"": ""Straight"", ""Maximum Current Rating (A)"": ""22/Contact"", ""Minimum Operating Temperature (°C)"": ""-40"", ""Maximum Operating Temperature (°C)"": ""125"", ""Packaging"": ""Bag"", ""Product Weight (g)"": ""6.305"", ""Product Depth (mm)"": ""19.8"", ""Product Height (mm)"": ""39.7"", ""Tradename"": ""MX 150"", ""Mounting"": ""Cable Mount""}","{""64"": 0.99, ""350"": 0.98, ""700"": 0.95, ""1400"": 0.94}"
334710202,334710202,Molex,Conn Housing F 2 POS 3.5mm Crimp ST Cable Mount Light Gray/Natural MX 150 Bag,Connector Discrete Wire Housing,https://www.arrow.com/en/products/33471-0202/molex.html,In Stock,8678,45,https://static6.arrow.com/aropdfconversion/arrowimages/6f2845cbc61a7b752e5c016ce64d55c3b5effc59/0334710202_top_right_angle_view.jpg,"{""EU RoHS"": ""Compliant"", ""ECCN (US)"": ""EAR99"", ""Part Status"": ""Active"", ""Automotive"": ""Yes"", ""PPAP"": ""No"", ""Type"": ""Housing"", ""Gender"": ""F"", ""Number of Contacts"": ""2"", ""Number of Rows"": ""1"", ""Termination Method"": ""Crimp"", ""Terminal Pitch (mm)"": ""3.5"", ""Body Orientation"": ""Straight"", ""Maximum Current Rating (A)"": ""22/Contact"", ""Minimum Operating Temperature (°C)"": ""-40"", ""Maximum Operating Temperature (°C)"": ""125"", ""Packaging"": ""Bag"", ""Product Weight (g)"": ""6.305"", ""Product Depth (mm)"": ""19.8"", ""Product Height (mm)"": ""39.7"", ""Tradename"": ""MX 150"", ""Mounting"": ""Cable Mount""}","{""45"": 1.4, ""250"": 1.38, ""500"": 1.35, ""950"": 1.33, ""1800"": 1.3, ""4000"": 1.14}"
334710206,33471-0206,Molex,Conn Housing RCP 2 POS 3.5mm Crimp ST Cable Mount Black MX 150 Bag,Connector Discrete Wire Housing,https://www.arrow.com/en/products/33471-0206/molex.html,In Stock,21600,50,https://static6.arrow.com/aropdfconversion/arrowimages/a71e64c785b281b7a633ff15538f48eab8ffd07e/0334710206_top_right_angle_view.jpg,"{""EU RoHS"": ""Compliant"", ""ECCN (US)"": ""EAR99"", ""Part Status"": ""Active"", ""Automotive"": ""Yes"", ""PPAP"": ""No"", ""Type"": ""Housing"", ""Gender"": ""RCP"", ""Number of Contacts"": ""2"", ""Number of Rows"": ""1"", ""Termination Method"": ""Crimp"", ""Terminal Pitch (mm)"": ""3.5"", ""Body Orientation"": ""Straight"", ""Maximum Current Rating (A)"": ""22/Contact"", ""Minimum Operating Temperature (°C)"": ""-40"", ""Maximum Operating Temperature (°C)"": ""125"", ""Packaging"": ""Bag"", ""Product Weight (g)"": ""6.685"", ""Product Depth (mm)"": ""19.8"", ""Product Height (mm)"": ""39.7"", ""Tradename"": ""MX 150"", ""Mounting"": ""Cable Mount""}","{""50"": 1.27, ""300"": 1.25, ""550"": 1.22, ""1100"": 1.21, ""3600"": 1.18, ""8000"": 1.03, ""20000"": 1.01}"
334710207,334710207,Molex,Conn Housing RCP 2 POS 3.5mm Crimp ST Cable Mount Gray MX 150 Bag,Connector Discrete Wire Housing,https://www.arrow.com/en/products/33471-0207/molex.html,In Stock,2923,38,https://static6.arrow.com/aropdfconversion/arrowimages/87be5db9d65e55daea3a657d7227b2b8794aeb64/0334710207_top_right_angle_view.jpg,"{""EU RoHS"": ""Compliant"", ""ECCN (US)"": ""EAR99"", ""Part Status"": ""Active"", ""Automotive"": ""Yes"", ""PPAP"": ""No"", ""Type"": ""Housing"", ""Gender"": ""RCP"", ""Number of Contacts"": ""2"", ""Number of Rows"": ""1"", ""Termination Method"": ""Crimp"", ""Terminal Pitch (mm)"": ""3.5"", ""Body Orientation"": ""Straight"", ""Maximum Current Rating (A)"": ""22/Contact"", ""Minimum Operating Temperature (°C)"": ""-40"", ""Maximum Operating Temperature (°C)"": ""125"", ""Packaging"": ""Bag"", ""Product Weight (g)"": ""6.685"", ""Product Depth (mm)"": ""19.8"", ""Product Height (mm)"": ""39.7"", ""Tradename"": ""MX 150"", ""Mounting"": ""Cable Mount""}","{""38"": 1.67, ""200"": 1.64, ""400"": 1.62, ""800"": 1.59}"
334710208,33471-0208,Molex,Conn Housing F 2 POS 3.5mm Crimp ST Cable Mount Dark Gray MX 150 Bag,Connector Discrete Wire Housing,https://www.arrow.com/en/products/33471-0208/molex.html,In Stock,1350,40,https://static6.arrow.com/aropdfconversion/arrowimages/989b0a65a3fc9b99e78ad1c2f1cacf588c863f11/0334710208_top_right_angle_view.jpg,"{""EU RoHS"": ""Compliant"", ""ECCN (US)"": ""EAR99"", ""Part Status"": ""Active"", ""Automotive"": ""Yes"", ""PPAP"": ""No"", ""Type"": ""Housing"", ""Gender"": ""F"", ""Number of Contacts"": ""2"", ""Number of Rows"": ""1"", ""Termination Method"": ""Crimp"", ""Terminal Pitch (mm)"": ""3.5"", ""Body Orientation"": ""Straight"", ""Maximum Current Rating (A)"": ""22/Contact"", ""Minimum Operating Temperature (°C)"": ""-40"", ""Maximum Operating Temperature (°C)"": ""125"", ""Packaging"": ""Bag"", ""Product Depth (mm)"": ""19.8"", ""Product Height (mm)"": ""39.7"", ""Tradename"": ""MX 150"", ""Mounting"": ""Cable Mount""}","{""40"": 1.6, ""250"": 1.58, ""450"": 1.55, ""850"": 1.51}"
334710306,334710306,Molex,Conn Housing RCP 3 POS 3.5mm Crimp ST Cable Mount Black MX 150 Cell,Connector Discrete Wire Housing,https://www.arrow.com/en/products/33471-0306/molex.html,Out of Stock,,,https://static6.arrow.com/aropdfconversion/arrowimages/6cbe8d9413c4f452b1b4e5dd3b6e332cf661b32f/mx150_product_family.jpg,"{""EU RoHS"": ""Compliant"", ""ECCN (US)"": ""EAR99"", ""Part Status"": ""Obsolete"", ""HTS"": ""8538.90.81.80"", ""Automotive"": ""Yes"", ""PPAP"": ""No"", ""Type"": ""Housing"", ""Gender"": ""RCP"", ""Number of Contacts"": ""3"", ""Number of Rows"": ""1"", ""Termination Method"": ""Crimp"", ""Terminal Pitch (mm)"": ""3.5"", ""Body Orientation"": ""Straight"", ""Maximum Current Rating (A)"": ""22/Contact"", ""Maximum Voltage Rating"": ""500VDC"", ""Minimum Operating Temperature (°C)"": ""-40"", ""Maximum Operating Temperature (°C)"": ""125"", ""Packaging"": ""Cell"", ""Product Weight (g)"": ""7.962"", ""Product Depth (mm)"": ""19.8"", ""Product Height (mm)"": ""39.7"", ""Tradename"": ""MX 150"", ""Mounting"": ""Cable Mount""}",{}
334710307,33471-0307,Molex,Conn Housing RCP 3 POS 3.5mm Crimp ST Cable Mount Light Gray MX 150 Bag,Connector Discrete Wire Housing,https://www.arrow.com/en/products/33471-0307/molex.html,In Stock,230,43,https://static6.arrow.com/aropdfconversion/arrowimages/6cbe8d9413c4f452b1b4e5dd3b6e332cf661b32f/mx150_product_family.jpg,"{""EU RoHS"": ""Compliant"", ""ECCN (US)"": ""EAR99"", ""Part Status"": ""Obsolete"", ""Automotive"": ""Yes"", ""PPAP"": ""No"", ""Type"": ""Housing"", ""Gender"": ""RCP"", ""Number of Contacts"": ""3"", ""Number of Rows"": ""1"", ""Termination Method"": ""Crimp"", ""Terminal Pitch (mm)"": ""3.5"", ""Body Orientation"": ""Straight"", ""Maximum Current Rating (A)"": ""22/Contact"", ""Maximum Voltage Rating"": ""500VDC"", ""Minimum Operating Temperature (°C)"": ""-40"", ""Maximum Operating Temperature (°C)"": ""125"", ""Packaging"": ""Bag"", ""Product Weight (g)"": ""7.962"", ""Product Depth (mm)"": ""19.8"", ""Product Height (mm)"": ""39.7"", ""Tradename"": ""MX 150"", ""Mounting"": ""Cable Mount""}","{""43"": 1.48}"
334710401,334710401,Molex,Conn Housing RCP 4 POS 3.5mm Crimp ST Cable Mount Black MX 150 Carton,Connector Discrete Wire Housing,https://www.arrow.com/en/products/33471-0401/molex.html,In Stock,3575,25,https://static6.arrow.com/aropdfconversion/arrowimages/82d7153f56fbec571534c971f2e187cf8b1ba4f4/0334710401_top_right_angle_view.jpg,"{""EU RoHS"": ""Compliant"", ""ECCN (US)"": ""EAR99"", ""Part Status"": ""Active"", ""SVHC"": ""Yes"", ""SVHC Exceeds Threshold"": ""Yes"", ""Automotive"": ""Yes"", ""PPAP"": ""No"", ""Type"": ""Housing"", ""Gender"": ""RCP"", ""Number of Contacts"": ""4"", ""Number of Rows"": ""1"", ""Termination Method"": ""Crimp"", ""Terminal Pitch (mm)"": ""3.5"", ""Body Orientation"": ""Straight"", ""Maximum Current Rating (A)"": ""22/Contact"", ""Maximum Voltage Rating"": ""500VDC"", ""Minimum Operating Temperature (°C)"": ""-40"", ""Maximum Operating Temperature (°C)"": ""125"", ""Packaging"": ""Carton"", ""Product Weight (g)"": ""9"", ""Product Depth (mm)"": ""19.8"", ""Product Height (mm)"": ""39.7"", ""Tradename"": ""MX 150"", ""Mounting"": ""Cable Mount""}","{""25"": 2.53, ""150"": 2.49, ""300"": 2.45, ""550"": 2.4, ""1920"": 2.36}"
334710406,334710406,Molex,Conn Housing RCP 4 POS 3.5mm Crimp ST Cable Mount Black MX 150 Carton,Connector Discrete Wire Housing,https://www.arrow.com/en/products/33471-0406/molex.html,In Stock,1292,150,https://static6.arrow.com/aropdfconversion/arrowimages/ef38e87bc61d77b491f83eb1aa16f0594225a4fb/0334710406_top_right_angle_view.jpg,"{""EU RoHS"": ""Compliant"", ""ECCN (US)"": ""EAR99"", ""Part Status"": ""Active"", ""HTS"": ""8538.90.81.80"", ""SVHC"": ""Yes"", ""SVHC Exceeds Threshold"": ""Yes"", ""Automotive"": ""Yes"", ""PPAP"": ""No"", ""Type"": ""Housing"", ""Gender"": ""RCP"", ""Number of Contacts"": ""4"", ""Number of Rows"": ""1"", ""Termination Method"": ""Crimp"", ""Terminal Pitch (mm)"": ""3.5"", ""Body Orientation"": ""Straight"", ""Maximum Current Rating (A)"": ""22/Contact"", ""Maximum Voltage Rating"": ""500VDC"", ""Minimum Operating Temperature (°C)"": ""-40"", ""Maximum Operating Temperature (°C)"": ""125"", ""Packaging"": ""Carton"", ""Product Weight (g)"": ""9.4"", ""Product Depth (mm)"": ""19.8"", ""Product Height (mm)"": ""39.7"", ""Tradename"": ""MX 150"", ""Mounting"": ""Cable Mount""}","{""150"": 1.274, ""350"": 1.26, ""650"": 1.218}"
334720601,334720601,Molex,Conn Housing RCP 6 POS 3.5mm Crimp ST Cable Mount Black MX 150 Carton,Connector Discrete Wire Housing,https://www.arrow.com/en/products/33472-0601/molex.html,In Stock,7915,52,https://static6.arrow.com/aropdfconversion/arrowimages/e122ef4d15e9b9c513a20b787a4ceb639c22fd47/0334720601_top_right_angle_view.jpg,"{""EU RoHS"": ""Compliant"", ""ECCN (US)"": ""EAR99"", ""Part Status"": ""Active"", ""HTS"": ""8538.90.81.80"", ""SVHC"": ""Yes"", ""SVHC Exceeds Threshold"": ""Yes"", ""Automotive"": ""Yes"", ""PPAP"": ""No"", ""Type"": ""Housing"", ""Gender"": ""RCP"", ""Number of Contacts"": ""6"", ""Number of Rows"": ""2"", ""Termination Method"": ""Crimp"", ""Terminal Pitch (mm)"": ""3.5"", ""Body Orientation"": ""Straight"", ""Maximum Current Rating (A)"": ""22/Contact"", ""Minimum Operating Temperature (°C)"": ""-40"", ""Maximum Operating Temperature (°C)"": ""125"", ""Packaging"": ""Carton"", ""Product Weight (g)"": ""9.8"", ""Product Depth (mm)"": ""24.71"", ""Product Height (mm)"": ""39.7"", ""Tradename"": ""MX 150"", ""Mounting"": ""Cable Mount""}","{""52"": 1.22, ""300"": 1.19, ""550"": 1.17, ""1100"": 1.15, ""1620"": 1.13, ""4000"": 0.98}"
334720602,334720602,Molex,Conn Housing F 6 POS 3.5mm Crimp ST Cable Mount Light Gray MX 150 Carton Automotive,Connector Discrete Wire Housing,https://www.arrow.com/en/products/33472-0602/molex.html,In Stock,1620,35,https://static6.arrow.com/aropdfconversion/arrowimages/50ef0562601f8a13246150bac397814d81ad0315/0334720602_top_right_angle_view.jpg,"{""EU RoHS"": ""Compliant"", ""ECCN (US)"": ""EAR99"", ""Part Status"": ""Active"", ""SVHC"": ""Yes"", ""SVHC Exceeds Threshold"": ""Yes"", ""Automotive"": ""Yes"", ""PPAP"": ""No"", ""Type"": ""Housing"", ""Gender"": ""F"", ""Number of Contacts"": ""6"", ""Number of Rows"": ""2"", ""Termination Method"": ""Crimp"", ""Terminal Pitch (mm)"": ""3.5"", ""Body Orientation"": ""Straight"", ""Maximum Current Rating (A)"": ""22/Contact"", ""Minimum Operating Temperature (°C)"": ""-40"", ""Maximum Operating Temperature (°C)"": ""125"", ""Packaging"": ""Carton"", ""Product Weight (g)"": ""9.8"", ""Product Depth (mm)"": ""40.95"", ""Product Height (mm)"": ""24.8"", ""Tradename"": ""MX 150"", ""Mounting"": ""Cable Mount""}","{""35"": 1.79, ""200"": 1.75, ""400"": 1.72, ""750"": 1.68, ""1620"": 1.66}"
334720603,33472-0603,Molex,Conn Housing F 6 POS 3.5mm Crimp ST Cable Mount Brown MX 150 Carton,Connector Discrete Wire Housing,https://www.arrow.com/en/products/33472-0603/molex.html,In Stock,106,34,https://static6.arrow.com/aropdfconversion/arrowimages/3f3bc1a73e6b0af2b8208ffdfa8b515342c48f92/334720601_dualrowreceptacle_mx150_2x3_hires.jpg,"{""EU RoHS"": ""Compliant"", ""ECCN (US)"": ""EAR99"", ""Part Status"": ""Obsolete"", ""SVHC"": ""Yes"", ""SVHC Exceeds Threshold"": ""Yes"", ""Automotive"": ""Yes"", ""PPAP"": ""No"", ""Type"": ""Housing"", ""Gender"": ""F"", ""Number of Contacts"": ""6"", ""Number of Rows"": ""2"", ""Termination Method"": ""Crimp"", ""Terminal Pitch (mm)"": ""3.5"", ""Body Orientation"": ""Straight"", ""Maximum Current Rating (A)"": ""22/Contact"", ""Minimum Operating Temperature (°C)"": ""-40"", ""Maximum Operating Temperature (°C)"": ""125"", ""Packaging"": ""Carton"", ""Product Weight (g)"": ""9.8"", ""Tradename"": ""MX 150"", ""Mounting"": ""Cable Mount""}","{""34"": 1.84}"
334720606,33472-0606,Molex,Conn Housing RCP 6 POS 3.5mm Crimp ST Cable Mount Black MX 150 Carton,Connector Discrete Wire Housing,https://www.arrow.com/en/products/33472-0606/molex.html,Out of Stock,,,https://static6.arrow.com/aropdfconversion/arrowimages/a9ec726a5d4f12a74b68a09290a676a146cef0df/0334720606_top_right_angle_view.jpg,"{""EU RoHS"": ""Compliant"", ""ECCN (US)"": ""EAR99"", ""Part Status"": ""Active"", ""HTS"": ""8536.69.40.51"", ""Automotive"": ""Yes"", ""PPAP"": ""No"", ""Type"": ""Housing"", ""Gender"": ""RCP"", ""Number of Contacts"": ""6"", ""Number of Rows"": ""2"", ""Termination Method"": ""Crimp"", ""Terminal Pitch (mm)"": ""3.5"", ""Body Orientation"": ""Straight"", ""Maximum Current Rating (A)"": ""22/Contact"", ""Maximum Voltage Rating"": ""250V"", ""Minimum Operating Temperature (°C)"": ""-40"", ""Maximum Operating Temperature (°C)"": ""125"", ""Packaging"": ""Carton"", ""Product Weight (g)"": ""10.2"", ""Tradename"": ""MX 150"", ""Mounting"": ""Cable Mount""}",{}
334720607,334720607,Molex,Conn Housing RCP 6 POS 3.5mm Crimp ST Cable Mount MX 150 Carton,Connector Discrete Wire Housing,https://www.arrow.com/en/products/33472-0607/molex.html,In Stock,540,200,https://static6.arrow.com/aropdfconversion/arrowimages/68357692de8d018fec638cb65b227fcb69dbffe3/0334720607_top_right_angle_view.jpg,"{""EU RoHS"": ""Compliant"", ""ECCN (US)"": ""EAR99"", ""Part Status"": ""Active"", ""SVHC"": ""Yes"", ""SVHC Exceeds Threshold"": ""Yes"", ""Automotive"": ""Yes"", ""PPAP"": ""No"", ""Type"": ""Housing"", ""Gender"": ""RCP"", ""Number of Contacts"": ""6"", ""Number of Rows"": ""2"", ""Termination Method"": ""Crimp"", ""Terminal Pitch (mm)"": ""3.5"", ""Body Orientation"": ""Straight"", ""Maximum Current Rating (A)"": ""22/Contact"", ""Minimum Operating Temperature (°C)"": ""-40"", ""Maximum Operating Temperature (°C)"": ""125"", ""Packaging"": ""Carton"", ""Product Weight (g)"": ""10.2"", ""Product Height (mm)"": ""24.8"", ""Tradename"": ""MX 150"", ""Mounting"": ""Cable Mount""}","{""200"": 0.952, ""450"": 0.938}"
334720706,334720706,Molex,Conn Housing F 6Power POS 3.5mm Crimp ST Cable Mount Light Gray MX 150 Carton Automotive,Connector Discrete Wire Housing,https://www.arrow.com/en/products/334720706/molex.html,In Stock,36,33,https://static6.arrow.com/aropdfconversion/arrowimages/d6bfe5f1c5a21a8a93bb5ed36ad418b259b46a50/0334720706_top_right_angle_view.jpg,"{""EU RoHS"": ""Compliant"", ""ECCN (US)"": ""EAR99"", ""Part Status"": ""Active"", ""SVHC"": ""Yes"", ""SVHC Exceeds Threshold"": ""Yes"", ""Automotive"": ""Yes"", ""PPAP"": ""No"", ""Type"": ""Housing"", ""Gender"": ""F"", ""Number of Contacts"": ""6Power"", ""Number of Rows"": ""2"", ""Termination Method"": ""Crimp"", ""Terminal Pitch (mm)"": ""3.5"", ""Body Orientation"": ""Straight"", ""Maximum Current Rating (A)"": ""22/Contact"", ""Minimum Operating Temperature (°C)"": ""-40"", ""Maximum Operating Temperature (°C)"": ""125"", ""Packaging"": ""Carton"", ""Product Weight (g)"": ""10.507"", ""Product Depth (mm)"": ""24.81"", ""Product Height (mm)"": ""41.65"", ""Tradename"": ""MX 150"", ""Mounting"": ""Cable Mount""}","{""33"": 1.93}"
334720707,33472-0707,Molex,Conn Housing F 6 POS 3.5mm Crimp ST Cable Mount Brown MX 150 Carton Automotive,Connector Discrete Wire Housing,https://www.arrow.com/en/products/33472-0707/molex.html,In Stock,528,95,https://static6.arrow.com/aropdfconversion/arrowimages/3f3bc1a73e6b0af2b8208ffdfa8b515342c48f92/334720601_dualrowreceptacle_mx150_2x3_hires.jpg,"{""EU RoHS"": ""Compliant"", ""ECCN (US)"": ""EAR99"", ""Part Status"": ""Obsolete"", ""SVHC"": ""Yes"", ""SVHC Exceeds Threshold"": ""Yes"", ""Automotive"": ""Yes"", ""PPAP"": ""No"", ""Type"": ""Housing"", ""Gender"": ""F"", ""Number of Contacts"": ""6"", ""Number of Rows"": ""2"", ""Termination Method"": ""Crimp"", ""Terminal Pitch (mm)"": ""3.5"", ""Body Orientation"": ""Straight"", ""Maximum Current Rating (A)"": ""22/Contact"", ""Minimum Operating Temperature (°C)"": ""-40"", ""Maximum Operating Temperature (°C)"": ""125"", ""Packaging"": ""Carton"", ""Product Weight (g)"": ""10.407"", ""Product Depth (mm)"": ""24.9"", ""Product Height (mm)"": ""41.65"", ""Tradename"": ""MX 150"", ""Mounting"": ""Cable Mount""}","{""95"": 0.66}"
334720806,33472-0806,Molex,Conn Housing F 8 POS 3.5mm Crimp ST Cable Mount Black MX 150 Bag,Connector Discrete Wire Housing,https://www.arrow.com/en/products/33472-0806/molex.html,Out of Stock,,,https://static6.arrow.com/aropdfconversion/arrowimages/6cbe8d9413c4f452b1b4e5dd3b6e332cf661b32f/mx150_product_family.jpg,"{""EU RoHS"": ""Compliant"", ""ECCN (US)"": ""EAR99"", ""Part Status"": ""Obsolete"", ""Automotive"": ""Yes"", ""PPAP"": ""No"", ""Type"": ""Housing"", ""Gender"": ""F"", ""Number of Contacts"": ""8"", ""Number of Rows"": ""2"", ""Termination Method"": ""Crimp"", ""Terminal Pitch (mm)"": ""3.5"", ""Body Orientation"": ""Straight"", ""Maximum Current Rating (A)"": ""22/Contact"", ""Minimum Operating Temperature (°C)"": ""-40"", ""Maximum Operating Temperature (°C)"": ""125"", ""Packaging"": ""Bag"", ""Product Weight (g)"": ""11.718"", ""Product Depth (mm)"": ""36.95"", ""Product Height (mm)"": ""24.71"", ""Tradename"": ""MX 150"", ""Mounting"": ""Cable Mount""}",{}
334721201,33472-1201,Molex,Conn Housing F 12 POS 3.5mm Crimp ST Cable Mount Black MX 150 Carton,Connector Discrete Wire Housing,https://www.arrow.com/en/products/33472-1201/molex.html,In Stock,283,41,https://static6.arrow.com/aropdfconversion/arrowimages/a4044f2279765d2f48904f09b62ef8ee68825a3b/0334721201_top_right_angle_view.jpg,"{""EU RoHS"": ""Compliant"", ""ECCN (US)"": ""EAR99"", ""Part Status"": ""Active"", ""HTS"": ""8538.90.60.00"", ""SVHC"": ""Yes"", ""SVHC Exceeds Threshold"": ""Yes"", ""Automotive"": ""Yes"", ""PPAP"": ""No"", ""Type"": ""Housing"", ""Gender"": ""F"", ""Number of Contacts"": ""12"", ""Number of Rows"": ""2"", ""Termination Method"": ""Crimp"", ""Terminal Pitch (mm)"": ""3.5"", ""Body Orientation"": ""Straight"", ""Maximum Current Rating (A)"": ""22/Contact"", ""Minimum Operating Temperature (°C)"": ""-40"", ""Maximum Operating Temperature (°C)"": ""125"", ""Packaging"": ""Carton"", ""Product Weight (g)"": ""15"", ""Product Depth (mm)"": ""36.95"", ""Product Height (mm)"": ""24.8"", ""Tradename"": ""MX 150"", ""Mounting"": ""Cable Mount""}","{""41"": 1.54, ""250"": 1.51}"
334721202,334721202,Molex,Conn Housing F 12 POS 3.5mm Crimp ST Cable Mount Light Gray MX 150 Carton,Connector Discrete Wire Housing,https://www.arrow.com/en/products/334721202/molex.html,In Stock,845,150,https://static6.arrow.com/aropdfconversion/arrowimages/a6d664d30d9d423b51e7541767d4450f92990efa/0334721202_top_right_angle_view.jpg,"{""EU RoHS"": ""Compliant"", ""ECCN (US)"": ""EAR99"", ""Part Status"": ""Active"", ""SVHC"": ""Yes"", ""SVHC Exceeds Threshold"": ""Yes"", ""Automotive"": ""Yes"", ""PPAP"": ""No"", ""Type"": ""Housing"", ""Gender"": ""F"", ""Number of Contacts"": ""12"", ""Number of Rows"": ""2"", ""Termination Method"": ""Crimp"", ""Terminal Pitch (mm)"": ""3.5"", ""Body Orientation"": ""Straight"", ""Maximum Current Rating (A)"": ""22/Contact"", ""Minimum Operating Temperature (°C)"": ""-40"", ""Maximum Operating Temperature (°C)"": ""125"", ""Packaging"": ""Carton"", ""Product Weight (g)"": ""15"", ""Product Depth (mm)"": ""36.95"", ""Product Height (mm)"": ""24.8"", ""Tradename"": ""MX 150"", ""Mounting"": ""Cable Mount""}","{""150"": 1.498, ""300"": 1.47, ""550"": 1.442}"
334721206,33472-1206,Molex,Conn Housing RCP 12Power POS 3.5mm Crimp ST Cable Mount Black MX 150 Carton,Connector Discrete Wire Housing,https://www.arrow.com/en/products/33472-1206/molex.html,Out of Stock,,,https://static6.arrow.com/aropdfconversion/arrowimages/c9ca381e2b9bf3ba65509d217e9c175986335f1e/0334721206_top_right_angle_view.jpg,"{""EU RoHS"": ""Compliant"", ""ECCN (US)"": ""EAR99"", ""Part Status"": ""Active"", ""SVHC"": ""Yes"", ""SVHC Exceeds Threshold"": ""Yes"", ""Automotive"": ""Yes"", ""PPAP"": ""No"", ""Type"": ""Housing"", ""Gender"": ""RCP"", ""Number of Contacts"": ""12Power"", ""Number of Rows"": ""2"", ""Termination Method"": ""Crimp"", ""Terminal Pitch (mm)"": ""3.5"", ""Body Orientation"": ""Straight"", ""Maximum Current Rating (A)"": ""22/Contact"", ""Minimum Operating Temperature (°C)"": ""-40"", ""Maximum Operating Temperature (°C)"": ""125"", ""Packaging"": ""Carton"", ""Product Weight (g)"": ""15.3"", ""Product Depth (mm)"": ""36.95"", ""Product Height (mm)"": ""24.8"", ""Tradename"": ""MX 150"", ""Mounting"": ""Cable Mount""}",{}
334721207,334721207,Molex,Conn Housing RCP 12Power POS 3.5mm Crimp ST Cable Mount Light Gray MX 150 Carton,Connector Discrete Wire Housing,https://www.arrow.com/en/products/334721207/molex.html,In Stock,11495,150,https://static6.arrow.com/aropdfconversion/arrowimages/2b9d6ae427d37eab162f006cfb7a441f94073a0f/0334721207_top_right_angle_view.jpg,"{""EU RoHS"": ""Compliant"", ""ECCN (US)"": ""EAR99"", ""Part Status"": ""Active"", ""SVHC"": ""Yes"", ""SVHC Exceeds Threshold"": ""Yes"", ""Automotive"": ""Yes"", ""PPAP"": ""No"", ""Type"": ""Housing"", ""Gender"": ""RCP"", ""Number of Contacts"": ""12Power"", ""Number of Rows"": ""2"", ""Termination Method"": ""Crimp"", ""Terminal Pitch (mm)"": ""3.5"", ""Body Orientation"": ""Straight"", ""Maximum Current Rating (A)"": ""22/Contact"", ""Minimum Operating Temperature (°C)"": ""-40"", ""Maximum Operating Temperature (°C)"": ""125"", ""Packaging"": ""Carton"", ""Product Weight (g)"": ""15.3"", ""Product Depth (mm)"": ""36.95"", ""Product Height (mm)"": ""24.8"", ""Tradename"": ""MX 150"", ""Mounting"": ""Cable Mount""}","{""150"": 1.498, ""300"": 1.47, ""550"": 1.456, ""1100"": 1.428, ""1200"": 1.386, ""4000"": 1.218, ""10000"": 1.19}"
334721208,334721208,Molex,Conn Housing RCP 12 POS 3.5mm Crimp ST Cable Mount Brown MX 150 Carton,Connector Discrete Wire Housing,https://www.arrow.com/en/products/33472-1208/molex.html,In Stock,9600,50,https://static6.arrow.com/aropdfconversion/arrowimages/9ce0216105b902b1deb665b9c1a2c3c893f2351b/33472-1201dual_rowrec2x6_hires.jpg,"{""EU RoHS"": ""Compliant"", ""ECCN (US)"": ""EAR99"", ""Part Status"": ""Obsolete"", ""SVHC"": ""Yes"", ""SVHC Exceeds Threshold"": ""Yes"", ""Automotive"": ""Yes"", ""PPAP"": ""No"", ""Type"": ""Housing"", ""Gender"": ""RCP"", ""Number of Contacts"": ""12"", ""Number of Rows"": ""2"", ""Termination Method"": ""Crimp"", ""Terminal Pitch (mm)"": ""3.5"", ""Body Orientation"": ""Straight"", ""Minimum Operating Temperature (°C)"": ""-40"", ""Maximum Operating Temperature (°C)"": ""125"", ""Packaging"": ""Carton"", ""Product Weight (g)"": ""15.3"", ""Product Depth (mm)"": ""36.95"", ""Product Height (mm)"": ""24.8"", ""Tradename"": ""MX 150"", ""Mounting"": ""Cable Mount""}","{""50"": 1.27, ""473"": 1.22, ""946"": 1.17, ""4726"": 1.13}"
334721301,334721301,Molex,Conn Housing RCP 12Power POS 3.5mm Crimp ST Cable Mount Black MX 150 Carton,Connector Discrete Wire Housing,https://www.arrow.com/en/products/334721301/molex.html,In Stock,684,26,https://static6.arrow.com/aropdfconversion/arrowimages/7d1a5d1ea8beabc8f63dd343c1ebdbbf2fe5b819/0334721301_top_right_angle_view.jpg,"{""EU RoHS"": ""Compliant"", ""ECCN (US)"": ""EAR99"", ""Part Status"": ""Active"", ""SVHC"": ""Yes"", ""SVHC Exceeds Threshold"": ""Yes"", ""Automotive"": ""Yes"", ""PPAP"": ""No"", ""Type"": ""Housing"", ""Gender"": ""RCP"", ""Number of Contacts"": ""12Power"", ""Number of Rows"": ""2"", ""Termination Method"": ""Crimp"", ""Terminal Pitch (mm)"": ""3.5"", ""Body Orientation"": ""Straight"", ""Maximum Current Rating (A)"": ""22/Contact"", ""Minimum Operating Temperature (°C)"": ""-40"", ""Maximum Operating Temperature (°C)"": ""125"", ""Packaging"": ""Carton"", ""Product Weight (g)"": ""16"", ""Tradename"": ""MX 150"", ""Mounting"": ""Cable Mount""}","{""26"": 2.45, ""150"": 2.41, ""300"": 2.37, ""550"": 2.33}"
334721302,33472-1302,Molex,Conn Housing F 12 POS 3.5mm Crimp ST Cable Mount Light Gray MX 150 Carton Automotive,Connector Discrete Wire Housing,https://www.arrow.com/en/products/33472-1302/molex.html,In Stock,1200,27,https://static6.arrow.com/aropdfconversion/arrowimages/110fb87205a75e70495d7f21cafb5bb1b5f79b24/0334721302_top_right_angle_view.jpg,"{""EU RoHS"": ""Compliant"", ""ECCN (US)"": ""EAR99"", ""Part Status"": ""Active"", ""SVHC"": ""Yes"", ""SVHC Exceeds Threshold"": ""Yes"", ""Automotive"": ""Yes"", ""PPAP"": ""No"", ""Type"": ""Housing"", ""Gender"": ""F"", ""Number of Contacts"": ""12"", ""Number of Rows"": ""2"", ""Termination Method"": ""Crimp"", ""Terminal Pitch (mm)"": ""3.5"", ""Body Orientation"": ""Straight"", ""Maximum Current Rating (A)"": ""22/Contact"", ""Minimum Operating Temperature (°C)"": ""-40"", ""Maximum Operating Temperature (°C)"": ""125"", ""Packaging"": ""Carton"", ""Product Weight (g)"": ""15.325"", ""Product Depth (mm)"": ""39.7"", ""Product Height (mm)"": ""27.66"", ""Tradename"": ""MX 150"", ""Mounting"": ""Cable Mount""}","{""27"": 2.35, ""150"": 2.31, ""300"": 2.27, ""600"": 2.23, ""1200"": 2.19}"
334721306,334721306,Molex,Conn Housing F 12 POS 3.5mm Crimp ST Cable Mount Black MX 150 Carton Automotive,Connector Discrete Wire Housing,https://www.arrow.com/en/products/33472-1306/molex.html,In Stock,114,100,https://static6.arrow.com/aropdfconversion/arrowimages/42027a8780f26691b698f81dc0b1893a1f9e9693/0334721306_top_right_angle_view.jpg,"{""EU RoHS"": ""Compliant"", ""ECCN (US)"": ""EAR99"", ""Part Status"": ""Active"", ""SVHC"": ""Yes"", ""SVHC Exceeds Threshold"": ""Yes"", ""Automotive"": ""Yes"", ""PPAP"": ""No"", ""Type"": ""Housing"", ""Gender"": ""F"", ""Number of Contacts"": ""12"", ""Number of Rows"": ""2"", ""Termination Method"": ""Crimp"", ""Terminal Pitch (mm)"": ""3.5"", ""Body Orientation"": ""Straight"", ""Maximum Current Rating (A)"": ""22/Contact"", ""Minimum Operating Temperature (°C)"": ""-40"", ""Maximum Operating Temperature (°C)"": ""125"", ""Packaging"": ""Carton"", ""Product Depth (mm)"": ""39.7"", ""Product Height (mm)"": ""27.66"", ""Tradename"": ""MX 150"", ""Mounting"": ""Cable Mount""}","{""100"": 1.722}"
334721601,334721601,Molex,Conn Housing F 16 POS 3.5mm Crimp ST Cable Mount Black MX 150 Carton,Connector Discrete Wire Housing,https://www.arrow.com/en/products/33472-1601/molex.html,In Stock,1768,39,https://static6.arrow.com/aropdfconversion/arrowimages/d33bd52d73f66108f0185e373818db5ae7d3acd/0334721601_top_right_angle_view.jpg,"{""EU RoHS"": ""Compliant"", ""ECCN (US)"": ""EAR99"", ""Part Status"": ""Active"", ""HTS"": ""EA"", ""SVHC"": ""Yes"", ""SVHC Exceeds Threshold"": ""Yes"", ""Automotive"": ""Yes"", ""PPAP"": ""No"", ""Type"": ""Housing"", ""Gender"": ""F"", ""Number of Contacts"": ""16"", ""Number of Rows"": ""2"", ""Termination Method"": ""Crimp"", ""Terminal Pitch (mm)"": ""3.5"", ""Body Orientation"": ""Straight"", ""Maximum Current Rating (A)"": ""22/Contact"", ""Minimum Operating Temperature (°C)"": ""-40"", ""Maximum Operating Temperature (°C)"": ""125"", ""Packaging"": ""Carton"", ""Product Weight (g)"": ""18.17"", ""Product Depth (mm)"": ""36.95"", ""Product Height (mm)"": ""24.8"", ""Tradename"": ""MX 150"", ""Mounting"": ""Cable Mount""}","{""39"": 1.63, ""250"": 1.6, ""450"": 1.56, ""850"": 1.54, ""1500"": 1.51}"
334721602,334721602,Molex,Conn Housing F 16 POS 3.5mm Crimp ST Cable Mount Gray MX 150 Carton,Connector Discrete Wire Housing,https://www.arrow.com/en/products/33472-1602/molex.html,In Stock,1200,28,https://static6.arrow.com/aropdfconversion/arrowimages/d5affac88c4a95a53ce33193721aca3e88d4a5a/0334721602_top_right_angle_view.jpg,"{""EU RoHS"": ""Compliant"", ""ECCN (US)"": ""EAR99"", ""Part Status"": ""Active"", ""SVHC"": ""Yes"", ""SVHC Exceeds Threshold"": ""Yes"", ""Automotive"": ""Yes"", ""PPAP"": ""No"", ""Type"": ""Housing"", ""Gender"": ""F"", ""Number of Contacts"": ""16"", ""Number of Rows"": ""2"", ""Termination Method"": ""Crimp"", ""Terminal Pitch (mm)"": ""3.5"", ""Body Orientation"": ""Straight"", ""Maximum Current Rating (A)"": ""22/Contact"", ""Minimum Operating Temperature (°C)"": ""-40"", ""Maximum Operating Temperature (°C)"": ""125"", ""Packaging"": ""Carton"", ""Product Weight (g)"": ""18.02"", ""Product Depth (mm)"": ""36.95"", ""Product Height (mm)"": ""24.8"", ""Tradename"": ""MX 150"", ""Mounting"": ""Cable Mount""}","{""28"": 2.27, ""150"": 2.23, ""300"": 2.17, ""600"": 2.13, ""1200"": 2.09}"
334721606,334721606,Molex,Conn Housing F 16 POS 3.5mm Crimp ST Cable Mount Black MX 150 Carton,Connector Discrete Wire Housing,https://www.arrow.com/en/products/33472-1606/molex.html,In Stock,4370,26,https://static6.arrow.com/aropdfconversion/arrowimages/f7a8b4ee953b3b11e6d888ea8e0885481a9831d7/0334721606_top_right_angle_view.jpg,"{""EU RoHS"": ""Compliant"", ""ECCN (US)"": ""EAR99"", ""Part Status"": ""Active"", ""SVHC"": ""Yes"", ""SVHC Exceeds Threshold"": ""Yes"", ""Automotive"": ""Yes"", ""PPAP"": ""No"", ""Type"": ""Housing"", ""Gender"": ""F"", ""Number of Contacts"": ""16"", ""Number of Rows"": ""2"", ""Termination Method"": ""Crimp"", ""Terminal Pitch (mm)"": ""3.5"", ""Body Orientation"": ""Straight"", ""Maximum Current Rating (A)"": ""22/Contact"", ""Minimum Operating Temperature (°C)"": ""-40"", ""Maximum Operating Temperature (°C)"": ""125"", ""Packaging"": ""Carton"", ""Product Weight (g)"": ""18.4"", ""Product Depth (mm)"": ""36.95"", ""Product Height (mm)"": ""24.8"", ""Tradename"": ""MX 150"", ""Mounting"": ""Cable Mount""}","{""26"": 2.48, ""150"": 2.44, ""300"": 2.39, ""550"": 2.35, ""1200"": 2.31, ""4000"": 2.01}"
334721607,334721607,Molex,Conn Housing RCP 16 POS 3.5mm Crimp ST Cable Mount Gray MX 150 Carton,Connector Discrete Wire Housing,https://www.arrow.com/en/products/33472-1607/molex.html,In Stock,3900,25,https://static6.arrow.com/aropdfconversion/arrowimages/2d07771f470530e37dbf2ec2d08a5bfcf7c3e41d/0334721607_top_right_angle_view.jpg,"{""EU RoHS"": ""Compliant"", ""ECCN (US)"": ""EAR99"", ""Part Status"": ""Active"", ""SVHC"": ""Yes"", ""SVHC Exceeds Threshold"": ""Yes"", ""Automotive"": ""Yes"", ""PPAP"": ""No"", ""Type"": ""Housing"", ""Gender"": ""RCP"", ""Number of Contacts"": ""16"", ""Number of Rows"": ""2"", ""Termination Method"": ""Crimp"", ""Terminal Pitch (mm)"": ""3.5"", ""Body Orientation"": ""Straight"", ""Maximum Current Rating (A)"": ""22/Contact"", ""Minimum Operating Temperature (°C)"": ""-40"", ""Maximum Operating Temperature (°C)"": ""125"", ""Packaging"": ""Carton"", ""Product Weight (g)"": ""18.4"", ""Product Depth (mm)"": ""36.95"", ""Product Height (mm)"": ""24.8"", ""Tradename"": ""MX 150"", ""Mounting"": ""Cable Mount""}","{""25"": 2.6, ""150"": 2.54, ""300"": 2.5, ""550"": 2.46, ""1500"": 2.24}"
346900080,346900080,Molex,Conn Wire to Board HDR 8 POS 2.54mm Solder ST Thru-Hole Stac64 Tray,Connector Headers and PCB Receptacles,https://www.arrow.com/en/products/34690-0080/molex.html,In Stock,247,65,https://static6.arrow.com/aropdfconversion/arrowimages/7b9dfca6d4622bd8f38101e1f77c64096b7b85ac/0346900080_top_right_angle_view.jpg,"{""EU RoHS"": ""Compliant"", ""ECCN (US)"": ""EAR99"", ""Part Status"": ""Active"", ""Automotive"": ""Yes"", ""PPAP"": ""No"", ""Type"": ""Wire to Board"", ""Gender"": ""HDR"", ""Number of Contacts"": ""8"", ""Number of Rows"": ""2"", ""Termination Method"": ""Solder"", ""Terminal Pitch (mm)"": ""2.54"", ""Body Orientation"": ""Straight"", ""Polarization Type"": ""Center Key"", ""Row Spacing (mm)"": ""2.54"", ""Maximum Current Rating (A)"": ""10/Contact"", ""Maximum Voltage Rating"": ""500V"", ""Insulation Resistance (MOhm)"": ""100"", ""Maximum Contact Resistance (mOhm)"": ""10"", ""Minimum Operating Temperature (°C)"": ""-40"", ""Maximum Operating Temperature (°C)"": ""100"", ""Mating Cycle (Cycles)"": ""10"", ""Packaging"": ""Tray"", ""Product Weight (g)"": ""4.528"", ""Product Length (mm)"": ""18.8"", ""Product Depth (mm)"": ""22.05"", ""Product Height (mm)"": ""28.05"", ""Tradename"": ""Stac64"", ""Mounting"": ""Through Hole""}","{""65"": 0.97}"
346900200,346900200,Molex,Conn Wire to Board HDR 20 POS 2.54mm Solder ST Thru-Hole Stac64 Tray,Connector Headers and PCB Receptacles,https://www.arrow.com/en/products/34690-0200/molex.html,In Stock,6292,150,https://static6.arrow.com/aropdfconversion/arrowimages/1abf7626053a7d07a2183954a1b18768d3fe5f8b/0346900200_top_right_angle_view.jpg,"{""EU RoHS"": ""Compliant"", ""ECCN (US)"": ""EAR99"", ""Part Status"": ""Active"", ""Automotive"": ""Yes"", ""PPAP"": ""No"", ""Type"": ""Wire to Board"", ""Gender"": ""HDR"", ""Number of Contacts"": ""20"", ""Number of Rows"": ""2"", ""Termination Method"": ""Solder"", ""Terminal Pitch (mm)"": ""2.54"", ""Body Orientation"": ""Straight"", ""Polarization Type"": ""Center Key"", ""Row Spacing (mm)"": ""2.54"", ""Maximum Current Rating (A)"": ""10/Contact"", ""Maximum Voltage Rating"": ""500V"", ""Insulation Resistance (MOhm)"": ""100"", ""Maximum Contact Resistance (mOhm)"": ""10"", ""Minimum Operating Temperature (°C)"": ""-40"", ""Maximum Operating Temperature (°C)"": ""100"", ""Mating Cycle (Cycles)"": ""10"", ""Packaging"": ""Tray"", ""Product Weight (g)"": ""7.4"", ""Product Length (mm)"": ""34.04"", ""Product Depth (mm)"": ""22.05"", ""Product Height (mm)"": ""28.05"", ""Tradename"": ""Stac64"", ""Mounting"": ""Through Hole""}","{""150"": 1.442, ""300"": 1.428, ""600"": 1.386, ""1200"": 1.358, ""1680"": 1.344, ""4000"": 1.176}"
346910080,346910080,Molex,Conn Wire to Board HDR 8 POS 2.54mm Solder RA Thru-Hole Stac64 Tray,Connector Headers and PCB Receptacles,https://www.arrow.com/en/products/346910080/molex.html,Out of Stock,,,https://static6.arrow.com/aropdfconversion/arrowimages/b955ae8fa9b3e47aa4debd1a69d8b6e1c67ea6cb/0346910080_top_right_angle_view.jpg,"{""EU RoHS"": ""Compliant"", ""ECCN (US)"": ""EAR99"", ""Part Status"": ""Active"", ""Automotive"": ""Yes"", ""PPAP"": ""No"", ""Type"": ""Wire to Board"", ""Gender"": ""HDR"", ""Number of Contacts"": ""8"", ""Number of Rows"": ""2"", ""Termination Method"": ""Solder"", ""Terminal Pitch (mm)"": ""2.54"", ""Body Orientation"": ""Right Angle"", ""Polarization Type"": ""Center Key"", ""Row Spacing (mm)"": ""2.54"", ""Maximum Current Rating (A)"": ""10/Contact"", ""Maximum Voltage Rating"": ""500V"", ""Insulation Resistance (MOhm)"": ""100"", ""Maximum Contact Resistance (mOhm)"": ""10"", ""Minimum Operating Temperature (°C)"": ""-40"", ""Maximum Operating Temperature (°C)"": ""105"", ""Mating Cycle (Cycles)"": ""10"", ""Packaging"": ""Tray"", ""Product Weight (g)"": ""5.136"", ""Product Length (mm)"": ""18.8"", ""Product Depth (mm)"": ""35.17"", ""Product Height (mm)"": ""22.05"", ""Tradename"": ""Stac64"", ""Mounting"": ""Through Hole""}",{}
346910200,346910200,Molex,Conn Wire to Board HDR 20 POS 2.54mm Solder RA Thru-Hole Stac64 Tray,Connector Headers and PCB Receptacles,https://www.arrow.com/en/products/34691-0200/molex.html,In Stock,19799,32,https://static6.arrow.com/aropdfconversion/arrowimages/91fb25dbdaf9f40ac945a6a146e8fd2e1423be5a/0346910200_top_right_angle_view.jpg,"{""EU RoHS"": ""Compliant"", ""ECCN (US)"": ""EAR99"", ""Part Status"": ""Active"", ""Automotive"": ""Yes"", ""PPAP"": ""No"", ""Type"": ""Wire to Board"", ""Gender"": ""HDR"", ""Number of Contacts"": ""20"", ""Number of Rows"": ""2"", ""Termination Method"": ""Solder"", ""Terminal Pitch (mm)"": ""2.54"", ""Body Orientation"": ""Right Angle"", ""Polarization Type"": ""Center Key"", ""Row Spacing (mm)"": ""2.54"", ""Maximum Current Rating (A)"": ""10/Contact"", ""Maximum Voltage Rating"": ""500V"", ""Insulation Resistance (MOhm)"": ""100"", ""Maximum Contact Resistance (mOhm)"": ""10"", ""Minimum Operating Temperature (°C)"": ""-40"", ""Maximum Operating Temperature (°C)"": ""105"", ""Mating Cycle (Cycles)"": ""10"", ""Packaging"": ""Tray"", ""Product Weight (g)"": ""8.613"", ""Product Length (mm)"": ""34.04"", ""Product Depth (mm)"": ""35.17"", ""Product Height (mm)"": ""22.05"", ""Tradename"": ""Stac64"", ""Mounting"": ""Through Hole""}","{""32"": 1.97, ""200"": 1.93, ""350"": 1.89, ""700"": 1.86, ""1120"": 1.83, ""4000"": 1.6, ""10000"": 1.55}"
347280080,347280080,Molex,34728-0080,,https://www.arrow.com/en/products/34728-0080/molex.html,In Stock,2500,161,,{},"{""161"": 0.39, ""900"": 0.38}"
347280120,34728-0120,Molex,20 CKT Generation Y Receptacle Assembly,Connector Headers and PCB Receptacles,https://www.arrow.com/en/products/34728-0120/molex.html,In Stock,1150,125,https://static6.arrow.com/aropdfconversion/arrowimages/7fbeaf4d48a7dece5843d315101e6287985ff190/not_valid_image.jpg,"{""EU RoHS"": ""Compliant"", ""ECCN (US)"": ""EAR99"", ""Part Status"": ""Active"", ""Automotive"": ""No"", ""PPAP"": ""No""}","{""125"": 0.5, ""700"": 0.48}"
347290080,347290080,Molex,Conn Wire to Board RCP 8 POS 2.54mm Crimp ST Thru-Hole Stac64 Tray,Connector Headers and PCB Receptacles,https://www.arrow.com/en/products/34729-0080/molex.html,In Stock,1583,128,https://static6.arrow.com/aropdfconversion/arrowimages/8e56728a12a7ba11c95b2963913da3063e63afdf/0347290080_top_right_angle_view.jpg,"{""EU RoHS"": ""Compliant"", ""ECCN (US)"": ""EAR99"", ""Part Status"": ""Active"", ""Automotive"": ""Yes"", ""PPAP"": ""No"", ""Type"": ""Wire to Board"", ""Gender"": ""RCP"", ""Number of Contacts"": ""8"", ""Number of Rows"": ""2"", ""Termination Method"": ""Crimp"", ""Terminal Pitch (mm)"": ""2.54"", ""Body Orientation"": ""Straight"", ""Row Spacing (mm)"": ""2.54"", ""Maximum Current Rating (A)"": ""10/Contact"", ""Maximum Voltage Rating"": ""500V"", ""Minimum Operating Temperature (°C)"": ""-40"", ""Maximum Operating Temperature (°C)"": ""100"", ""Mating Cycle (Cycles)"": ""10"", ""Packaging"": ""Tray"", ""Product Weight (g)"": ""3.9"", ""Product Length (mm)"": ""14.76"", ""Product Depth (mm)"": ""25.5"", ""Product Height (mm)"": ""22.23"", ""Tradename"": ""Stac64"", ""Mounting"": ""Through Hole""}","{""128"": 0.49, ""700"": 0.48}"
347290081,347290081,Molex,Conn Wire to Board RCP 8 POS 2.54mm Crimp ST Thru-Hole Stac64 Tray,Connector Headers and PCB Receptacles,https://www.arrow.com/en/products/34729-0081/molex.html,In Stock,34930,153,https://static6.arrow.com/aropdfconversion/arrowimages/105eefb2097229d57922ed03db51c6873a427f7e/0347290081_top_right_angle_view.jpg,"{""EU RoHS"": ""Compliant"", ""ECCN (US)"": ""EAR99"", ""Part Status"": ""Active"", ""Automotive"": ""Yes"", ""PPAP"": ""No"", ""Type"": ""Wire to Board"", ""Gender"": ""RCP"", ""Number of Contacts"": ""8"", ""Number of Rows"": ""2"", ""Termination Method"": ""Crimp"", ""Terminal Pitch (mm)"": ""2.54"", ""Body Orientation"": ""Straight"", ""Row Spacing (mm)"": ""2.54"", ""Maximum Current Rating (A)"": ""10/Contact"", ""Maximum Voltage Rating"": ""500V"", ""Minimum Operating Temperature (°C)"": ""-40"", ""Maximum Operating Temperature (°C)"": ""100"", ""Mating Cycle (Cycles)"": ""10"", ""Packaging"": ""Tray"", ""Product Weight (g)"": ""3.9"", ""Product Length (mm)"": ""14.76"", ""Product Depth (mm)"": ""22.23"", ""Product Height (mm)"": ""25.5"", ""Tradename"": ""Stac64"", ""Mounting"": ""Through Hole""}","{""153"": 0.41, ""625"": 0.41, ""1875"": 0.4, ""3750"": 0.39, ""5000"": 0.38, ""12000"": 0.34, ""30000"": 0.32}"
347290121,347290121,Molex,Conn Wire to Board RCP 12 POS 2.54mm Crimp ST Thru-Hole Stac64 Tray,Connector Headers and PCB Receptacles,https://www.arrow.com/en/products/34729-0121/molex.html,In Stock,6100,103,https://static6.arrow.com/aropdfconversion/arrowimages/27c57f58516705f58b44f91d4bf6a169dcff7c1a/0347290121_top_right_angle_view.jpg,"{""EU RoHS"": ""Compliant"", ""ECCN (US)"": ""EAR99"", ""Part Status"": ""Active"", ""Automotive"": ""Yes"", ""PPAP"": ""No"", ""Type"": ""Wire to Board"", ""Gender"": ""RCP"", ""Number of Contacts"": ""12"", ""Number of Rows"": ""2"", ""Termination Method"": ""Crimp"", ""Terminal Pitch (mm)"": ""2.54"", ""Body Orientation"": ""Straight"", ""Row Spacing (mm)"": ""2.54"", ""Maximum Current Rating (A)"": ""10/Contact"", ""Maximum Voltage Rating"": ""500V"", ""Minimum Operating Temperature (°C)"": ""-40"", ""Maximum Operating Temperature (°C)"": ""100"", ""Mating Cycle (Cycles)"": ""10"", ""Packaging"": ""Tray"", ""Product Weight (g)"": ""5.3"", ""Product Length (mm)"": ""30"", ""Product Depth (mm)"": ""22.23"", ""Product Height (mm)"": ""25.5"", ""Tradename"": ""Stac64"", ""Mounting"": ""Through Hole""}","{""103"": 0.61, ""400"": 0.61, ""800"": 0.6, ""1200"": 0.58, ""2400"": 0.57, ""3200"": 0.56}"
347290200,347290200,Molex,Conn Wire to Board RCP 20 POS 2.54mm Crimp ST Thru-Hole Stac64 Tray,Connector Headers and PCB Receptacles,https://www.arrow.com/en/products/34729-0200/molex.html,In Stock,6675,69,https://static6.arrow.com/aropdfconversion/arrowimages/e2e199e008220d05d88f44f245da6cfe5af227cb/0347290200_top_right_angle_view.jpg,"{""EU RoHS"": ""Compliant"", ""ECCN (US)"": ""EAR99"", ""Part Status"": ""Active"", ""Automotive"": ""Yes"", ""PPAP"": ""No"", ""Type"": ""Wire to Board"", ""Gender"": ""RCP"", ""Number of Contacts"": ""20"", ""Number of Rows"": ""2"", ""Termination Method"": ""Crimp"", ""Terminal Pitch (mm)"": ""2.54"", ""Body Orientation"": ""Straight"", ""Row Spacing (mm)"": ""2.54"", ""Maximum Current Rating (A)"": ""10/Contact"", ""Maximum Voltage Rating"": ""500V"", ""Minimum Operating Temperature (°C)"": ""-40"", ""Maximum Operating Temperature (°C)"": ""100"", ""Mating Cycle (Cycles)"": ""10"", ""Packaging"": ""Tray"", ""Product Weight (g)"": ""7.53"", ""Product Length (mm)"": ""30"", ""Product Depth (mm)"": ""25.5"", ""Product Height (mm)"": ""22.23"", ""Tradename"": ""Stac64"", ""Mounting"": ""Through Hole""}","{""69"": 0.91, ""400"": 0.9, ""750"": 0.89, ""1500"": 0.86, ""2400"": 0.85}"
347290201,347290201,Molex,Conn Housing RCP 14 POS Crimp ST Cable Mount Brown Stac64 Carton,Connector Discrete Wire Housing,https://www.arrow.com/en/products/34729-0201/molex.html,In Stock,66300,300,https://static6.arrow.com/aropdfconversion/arrowimages/1562462d98cc910c720c39fa46ed5b69c63471ad/0349690142_top_right_angle_view.jpg,"{""EU RoHS"": ""Compliant"", ""ECCN (US)"": ""EAR99"", ""Part Status"": ""Active"", ""Automotive"": ""Yes"", ""PPAP"": ""No"", ""Type"": ""Housing"", ""Gender"": ""RCP"", ""Number of Contacts"": ""14"", ""Number of Rows"": ""2"", ""Termination Method"": ""Crimp"", ""Body Orientation"": ""Straight"", ""Maximum Current Rating (A)"": ""30/Contact"", ""Minimum Operating Temperature (°C)"": ""-40"", ""Maximum Operating Temperature (°C)"": ""105"", ""Packaging"": ""Carton"", ""Product Length (mm)"": ""30"", ""Product Depth (mm)"": ""22.7"", ""Product Height (mm)"": ""23.65"", ""Tradename"": ""Stac64"", ""Mounting"": ""Cable Mount""}","{""300"": 0.91, ""600"": 0.9, ""900"": 0.89, ""1500"": 0.86, ""2400"": 0.85, ""8100"": 0.74, ""20100"": 0.73, ""40200"": 0.68}"
347290202,347290202,Molex,Conn Wire to Board RCP 20 POS 2.54mm Crimp ST Thru-Hole Stac64 Tray,Connector Headers and PCB Receptacles,https://www.arrow.com/en/products/34729-0202/molex.html,In Stock,34276,69,https://static6.arrow.com/aropdfconversion/arrowimages/73a9edc35777b4ce091685cfb05a28fb5fa2f4d9/0347290202_top_right_angle_view.jpg,"{""EU RoHS"": ""Compliant"", ""ECCN (US)"": ""EAR99"", ""Part Status"": ""Active"", ""Automotive"": ""Yes"", ""PPAP"": ""No"", ""Type"": ""Wire to Board"", ""Gender"": ""RCP"", ""Number of Contacts"": ""20"", ""Number of Rows"": ""2"", ""Termination Method"": ""Crimp"", ""Terminal Pitch (mm)"": ""2.54"", ""Body Orientation"": ""Straight"", ""Row Spacing (mm)"": ""2.54"", ""Maximum Current Rating (A)"": ""10/Contact"", ""Maximum Voltage Rating"": ""500V"", ""Minimum Operating Temperature (°C)"": ""-40"", ""Maximum Operating Temperature (°C)"": ""100"", ""Mating Cycle (Cycles)"": ""10"", ""Packaging"": ""Tray"", ""Product Weight (g)"": ""7.3"", ""Product Length (mm)"": ""30"", ""Product Depth (mm)"": ""25.5"", ""Product Height (mm)"": ""22.23"", ""Tradename"": ""Stac64"", ""Mounting"": ""Through Hole""}","{""69"": 0.91, ""400"": 0.9, ""750"": 0.89, ""1500"": 0.86, ""2400"": 0.85, ""8000"": 0.74, ""20000"": 0.73}"
347290203,347290203,Molex,Conn Wire to Board RCP 20 POS 2.54mm Crimp ST Thru-Hole Stac64 Tray,Connector Headers and PCB Receptacles,https://www.arrow.com/en/products/34729-0203/molex.html,In Stock,60165,69,https://static6.arrow.com/aropdfconversion/arrowimages/b22b68bd5a5baf787a891d518b2c6de680c35952/0347290203_top_right_angle_view.jpg,"{""EU RoHS"": ""Compliant"", ""ECCN (US)"": ""EAR99"", ""Part Status"": ""Active"", ""Automotive"": ""Yes"", ""PPAP"": ""No"", ""Type"": ""Wire to Board"", ""Gender"": ""RCP"", ""Number of Contacts"": ""20"", ""Number of Rows"": ""2"", ""Termination Method"": ""Crimp"", ""Terminal Pitch (mm)"": ""2.54"", ""Body Orientation"": ""Straight"", ""Row Spacing (mm)"": ""2.54"", ""Maximum Current Rating (A)"": ""10/Contact"", ""Maximum Voltage Rating"": ""500V"", ""Minimum Operating Temperature (°C)"": ""-40"", ""Maximum Operating Temperature (°C)"": ""100"", ""Mating Cycle (Cycles)"": ""10"", ""Packaging"": ""Tray"", ""Product Weight (g)"": ""7.3"", ""Product Length (mm)"": ""30"", ""Product Depth (mm)"": ""25.5"", ""Product Height (mm)"": ""22.23"", ""Tradename"": ""Stac64"", ""Mounting"": ""Through Hole""}","{""69"": 0.91, ""400"": 0.9, ""750"": 0.89, ""1500"": 0.86, ""2400"": 0.85, ""8000"": 0.74, ""20000"": 0.73, ""40000"": 0.68}"
347910040,34791-0040,Molex,Conn Housing RCP 4 POS 2mm Crimp ST Cable Mount Black Mini50 Bag,Connector Discrete Wire Housing,https://www.arrow.com/en/products/34791-0040/molex.html,In Stock,13000,143,https://static6.arrow.com/aropdfconversion/arrowimages/9df611f36cc17ece3df8ba33b483db0eaa547b55/0347910040_top_right_angle_view.jpg,"{""EU RoHS"": ""Compliant"", ""ECCN (US)"": ""EAR99"", ""Part Status"": ""Active"", ""HTS"": ""EA"", ""Automotive"": ""Yes"", ""PPAP"": ""No"", ""Type"": ""Housing"", ""Gender"": ""RCP"", ""Number of Contacts"": ""4"", ""Number of Rows"": ""1"", ""Termination Method"": ""Crimp"", ""Terminal Pitch (mm)"": ""2"", ""Body Orientation"": ""Straight"", ""Minimum Operating Temperature (°C)"": ""-40"", ""Maximum Operating Temperature (°C)"": ""105"", ""Packaging"": ""Bag"", ""Product Weight (g)"": ""0.764"", ""Product Length (mm)"": ""12.1"", ""Product Depth (mm)"": ""7.64"", ""Product Height (mm)"": ""14.25"", ""Tradename"": ""Mini50"", ""Mounting"": ""Cable Mount""}","{""143"": 0.44, ""1600"": 0.42, ""3100"": 0.41, ""12000"": 0.36}"
347910041,347910041,Molex,Conn Housing RCP 4 POS 2mm Crimp ST Cable Mount Gray Mini50 Bag,Connector Discrete Wire Housing,https://www.arrow.com/en/products/34791-0041/molex.html,In Stock,20182,900,https://static6.arrow.com/aropdfconversion/arrowimages/53aa3d536a47d6e3e03c4cf3156de312d78516ae/0347910041_top_right_angle_view.jpg,"{""EU RoHS"": ""Compliant"", ""ECCN (US)"": ""EAR99"", ""Part Status"": ""Active"", ""Automotive"": ""Yes"", ""PPAP"": ""No"", ""Type"": ""Housing"", ""Gender"": ""RCP"", ""Number of Contacts"": ""4"", ""Number of Rows"": ""1"", ""Termination Method"": ""Crimp"", ""Terminal Pitch (mm)"": ""2"", ""Body Orientation"": ""Straight"", ""Minimum Operating Temperature (°C)"": ""-40"", ""Maximum Operating Temperature (°C)"": ""105"", ""Packaging"": ""Bag"", ""Product Weight (g)"": ""0.769"", ""Product Length (mm)"": ""12.1"", ""Product Depth (mm)"": ""7.64"", ""Product Height (mm)"": ""14.25"", ""Tradename"": ""Mini50"", ""Mounting"": ""Cable Mount""}","{""900"": 0.3234, ""1350"": 0.3192, ""2700"": 0.3122, ""5400"": 0.301, ""12000"": 0.2632}"
347910042,34791-0042,Molex,Conn Housing RCP 4 POS 2mm Crimp ST Cable Mount Dark Gray Mini50 Bag,Connector Discrete Wire Housing,https://www.arrow.com/en/products/34791-0042/molex.html,In Stock,54626,149,https://static6.arrow.com/aropdfconversion/arrowimages/4f4e03682cec557258aa3dbce24156ff7146db96/0347910042_top_right_angle_view.jpg,"{""EU RoHS"": ""Compliant"", ""ECCN (US)"": ""EAR99"", ""Part Status"": ""Active"", ""Automotive"": ""Yes"", ""PPAP"": ""No"", ""Type"": ""Housing"", ""Gender"": ""RCP"", ""Number of Contacts"": ""4"", ""Number of Rows"": ""1"", ""Termination Method"": ""Crimp"", ""Terminal Pitch (mm)"": ""2"", ""Body Orientation"": ""Straight"", ""Minimum Operating Temperature (°C)"": ""-40"", ""Maximum Operating Temperature (°C)"": ""105"", ""Packaging"": ""Bag"", ""Product Weight (g)"": ""0.768"", ""Product Length (mm)"": ""12.1"", ""Product Depth (mm)"": ""7.64"", ""Product Height (mm)"": ""14.25"", ""Tradename"": ""Mini50"", ""Mounting"": ""Cable Mount""}","{""149"": 0.42, ""450"": 0.42, ""1800"": 0.41, ""3600"": 0.4, ""5400"": 0.39, ""12000"": 0.35, ""30000"": 0.34}"
347910043,347910043,Molex,Conn Housing RCP 4 POS 2mm Crimp ST Cable Mount Mini50 Bag,Connector Discrete Wire Housing,https://www.arrow.com/en/products/34791-0043/molex.html,In Stock,3110,149,https://static6.arrow.com/aropdfconversion/arrowimages/ac84741015e4787508e4915f5ff7ab68e1efccaf/0347910043_top_right_angle_view.jpg,"{""EU RoHS"": ""Compliant"", ""ECCN (US)"": ""EAR99"", ""Part Status"": ""Active"", ""Automotive"": ""Yes"", ""PPAP"": ""No"", ""Type"": ""Housing"", ""Gender"": ""RCP"", ""Number of Contacts"": ""4"", ""Number of Rows"": ""1"", ""Termination Method"": ""Crimp"", ""Terminal Pitch (mm)"": ""2"", ""Body Orientation"": ""Straight"", ""Minimum Operating Temperature (°C)"": ""-40"", ""Maximum Operating Temperature (°C)"": ""105"", ""Packaging"": ""Bag"", ""Product Weight (g)"": ""0.77"", ""Product Length (mm)"": ""12.1"", ""Product Depth (mm)"": ""7.64"", ""Product Height (mm)"": ""14.25"", ""Tradename"": ""Mini50"", ""Mounting"": ""Cable Mount""}","{""149"": 0.42, ""450"": 0.42, ""1800"": 0.41}"
347910080,347910080,Molex,Conn Housing RCP 8 POS 2mm Crimp ST Cable Mount Black Mini50 Bag,Connector Discrete Wire Housing,https://www.arrow.com/en/products/34791-0080/molex.html,In Stock,239132,139,https://static6.arrow.com/aropdfconversion/arrowimages/6ccc4adcafdfe9fe8af4f3e6e12d4984a3c080e7/0347910080_top_right_angle_view.jpg,"{""EU RoHS"": ""Compliant"", ""ECCN (US)"": ""EAR99"", ""Part Status"": ""Active"", ""Automotive"": ""Yes"", ""PPAP"": ""No"", ""Type"": ""Housing"", ""Gender"": ""RCP"", ""Number of Contacts"": ""8"", ""Number of Rows"": ""1"", ""Termination Method"": ""Crimp"", ""Terminal Pitch (mm)"": ""2"", ""Body Orientation"": ""Straight"", ""Minimum Operating Temperature (°C)"": ""-40"", ""Maximum Operating Temperature (°C)"": ""105"", ""Packaging"": ""Bag"", ""Product Weight (g)"": ""1.3"", ""Product Length (mm)"": ""20.1"", ""Product Depth (mm)"": ""7.69"", ""Product Height (mm)"": ""14.25"", ""Tradename"": ""Mini50"", ""Mounting"": ""Cable Mount""}","{""139"": 0.45, ""1500"": 0.44, ""3000"": 0.42, ""12000"": 0.37, ""30000"": 0.36, ""60000"": 0.34, ""150000"": 0.32}"
347910081,347910081,Molex,Conn Housing RCP 8 POS 2mm Crimp ST Cable Mount Gray Mini50 Bag,Connector Discrete Wire Housing,https://www.arrow.com/en/products/34791-0081/molex.html,In Stock,26262,139,https://static6.arrow.com/aropdfconversion/arrowimages/510410a257d40e24553bc5578354d33d7fd2ff8/0347910081_top_right_angle_view.jpg,"{""EU RoHS"": ""Compliant"", ""ECCN (US)"": ""EAR99"", ""Part Status"": ""Active"", ""Automotive"": ""Yes"", ""PPAP"": ""No"", ""Type"": ""Housing"", ""Gender"": ""RCP"", ""Number of Contacts"": ""8"", ""Number of Rows"": ""1"", ""Termination Method"": ""Crimp"", ""Terminal Pitch (mm)"": ""2"", ""Body Orientation"": ""Straight"", ""Minimum Operating Temperature (°C)"": ""-40"", ""Maximum Operating Temperature (°C)"": ""105"", ""Packaging"": ""Bag"", ""Product Weight (g)"": ""1.3"", ""Product Length (mm)"": ""20.1"", ""Product Depth (mm)"": ""7.69"", ""Product Height (mm)"": ""14.25"", ""Tradename"": ""Mini50"", ""Mounting"": ""Cable Mount""}","{""139"": 0.45, ""1500"": 0.44, ""3000"": 0.42, ""12000"": 0.37}"
347910082,347910082,Molex,Conn Housing RCP 8 POS 2mm Crimp ST Cable Mount Mini50 Bag,Connector Discrete Wire Housing,https://www.arrow.com/en/products/34791-0082/molex.html,In Stock,3000,139,https://static6.arrow.com/aropdfconversion/arrowimages/33f198dc9aa48e0ef9926287209e759b0d23ff05/0347910082_top_right_angle_view.jpg,"{""EU RoHS"": ""Compliant"", ""ECCN (US)"": ""EAR99"", ""Part Status"": ""Active"", ""Automotive"": ""Yes"", ""PPAP"": ""No"", ""Type"": ""Housing"", ""Gender"": ""RCP"", ""Number of Contacts"": ""8"", ""Number of Rows"": ""1"", ""Termination Method"": ""Crimp"", ""Terminal Pitch (mm)"": ""2"", ""Body Orientation"": ""Straight"", ""Minimum Operating Temperature (°C)"": ""-40"", ""Maximum Operating Temperature (°C)"": ""105"", ""Packaging"": ""Bag"", ""Product Weight (g)"": ""1.3"", ""Product Length (mm)"": ""20.1"", ""Product Depth (mm)"": ""7.69"", ""Product Height (mm)"": ""14.25"", ""Tradename"": ""Mini50"", ""Mounting"": ""Cable Mount""}","{""139"": 0.45, ""1500"": 0.44, ""3000"": 0.42}"
347910140,347910140,Molex,Conn Housing RCP 4 POS 2mm Crimp ST Cable Mount Mini50 Bag,Connector Discrete Wire Housing,https://www.arrow.com/en/products/347910140/molex.html,In Stock,12400,143,https://static6.arrow.com/aropdfconversion/arrowimages/77101877eb3091e2ebfc03cc15618cd825dcc3c7/0347910140_top_right_angle_view.jpg,"{""EU RoHS"": ""Compliant"", ""ECCN (US)"": ""EAR99"", ""Part Status"": ""Active"", ""Automotive"": ""Yes"", ""PPAP"": ""No"", ""Type"": ""Housing"", ""Gender"": ""RCP"", ""Number of Contacts"": ""4"", ""Number of Rows"": ""1"", ""Termination Method"": ""Crimp"", ""Terminal Pitch (mm)"": ""2"", ""Body Orientation"": ""Straight"", ""Minimum Operating Temperature (°C)"": ""-40"", ""Maximum Operating Temperature (°C)"": ""105"", ""Packaging"": ""Bag"", ""Product Weight (g)"": ""0.787"", ""Product Length (mm)"": ""12.1"", ""Product Depth (mm)"": ""9.31"", ""Product Height (mm)"": ""14.25"", ""Tradename"": ""Mini50"", ""Mounting"": ""Cable Mount""}","{""143"": 0.44, ""800"": 0.42, ""3100"": 0.41, ""12000"": 0.35}"
347910141,34791-0141,Molex,Conn Housing RCP 4 POS 2mm Crimp ST Cable Mount Gray Mini50 Bag,Connector Discrete Wire Housing,https://www.arrow.com/en/products/34791-0141/molex.html,In Stock,2067,143,https://static6.arrow.com/aropdfconversion/arrowimages/8895cc43e1e172db9ef2512f7ebb419e54e83f72/0347910141_top_right_angle_view.jpg,"{""EU RoHS"": ""Compliant"", ""ECCN (US)"": ""EAR99"", ""Part Status"": ""Active"", ""HTS"": ""EA"", ""Automotive"": ""Yes"", ""PPAP"": ""No"", ""Type"": ""Housing"", ""Gender"": ""RCP"", ""Number of Contacts"": ""4"", ""Number of Rows"": ""1"", ""Termination Method"": ""Crimp"", ""Terminal Pitch (mm)"": ""2"", ""Body Orientation"": ""Straight"", ""Minimum Operating Temperature (°C)"": ""-40"", ""Maximum Operating Temperature (°C)"": ""105"", ""Packaging"": ""Bag"", ""Product Weight (g)"": ""0.787"", ""Product Length (mm)"": ""12.1"", ""Product Depth (mm)"": ""9.31"", ""Product Height (mm)"": ""14.25"", ""Tradename"": ""Mini50"", ""Mounting"": ""Cable Mount""}","{""143"": 0.44, ""800"": 0.42}"
347910142,34791-0142,Molex,Conn Housing RCP 4 POS 2mm Crimp ST Cable Mount Dark Gray Mini50 Bag,Connector Discrete Wire Housing,https://www.arrow.com/en/products/34791-0142/molex.html,In Stock,5400,143,https://static6.arrow.com/aropdfconversion/arrowimages/50baa484d045957a787e1382cb418dbedd06a284/0347910142_top_right_angle_view.jpg,"{""EU RoHS"": ""Compliant"", ""ECCN (US)"": ""EAR99"", ""Part Status"": ""Active"", ""Automotive"": ""Yes"", ""PPAP"": ""No"", ""Type"": ""Housing"", ""Gender"": ""RCP"", ""Number of Contacts"": ""4"", ""Number of Rows"": ""1"", ""Termination Method"": ""Crimp"", ""Terminal Pitch (mm)"": ""2"", ""Body Orientation"": ""Straight"", ""Minimum Operating Temperature (°C)"": ""-40"", ""Maximum Operating Temperature (°C)"": ""105"", ""Packaging"": ""Bag"", ""Product Weight (g)"": ""0.816"", ""Product Length (mm)"": ""12.1"", ""Product Depth (mm)"": ""9.31"", ""Product Height (mm)"": ""14.25"", ""Tradename"": ""Mini50"", ""Mounting"": ""Cable Mount""}","{""143"": 0.44, ""800"": 0.42, ""3100"": 0.41}"
347910180,34791-0180,Molex,Conn Housing RCP 8 POS 2mm Crimp ST Cable Mount Black Mini50 Bag,Connector Discrete Wire Housing,https://www.arrow.com/en/products/34791-0180/molex.html,In Stock,4588,153,https://static6.arrow.com/aropdfconversion/arrowimages/26b4c4791d5375c2a8e452fa1758eed8678f0168/0347910180_top_right_angle_view.jpg,"{""EU RoHS"": ""Compliant"", ""ECCN (US)"": ""EAR99"", ""Part Status"": ""Active"", ""Automotive"": ""Yes"", ""PPAP"": ""No"", ""Type"": ""Housing"", ""Gender"": ""RCP"", ""Number of Contacts"": ""8"", ""Number of Rows"": ""1"", ""Termination Method"": ""Crimp"", ""Terminal Pitch (mm)"": ""2"", ""Body Orientation"": ""Straight"", ""Minimum Operating Temperature (°C)"": ""-40"", ""Maximum Operating Temperature (°C)"": ""105"", ""Packaging"": ""Bag"", ""Product Weight (g)"": ""1.34"", ""Product Length (mm)"": ""20.1"", ""Product Depth (mm)"": ""9.31"", ""Product Height (mm)"": ""14.25"", ""Tradename"": ""Mini50"", ""Mounting"": ""Cable Mount""}","{""153"": 0.41, ""850"": 0.4, ""1700"": 0.39, ""3300"": 0.39}"
347910181,34791-0181,Molex,Conn Housing RCP 8 POS 2mm Crimp ST Cable Mount Gray Mini50 Bag,Connector Discrete Wire Housing,https://www.arrow.com/en/products/34791-0181/molex.html,Out of Stock,,,https://static6.arrow.com/aropdfconversion/arrowimages/3c826839a7046cfa349b9d736768e9d652b9675e/0347910181_top_right_angle_view.jpg,"{""EU RoHS"": ""Compliant"", ""ECCN (US)"": ""EAR99"", ""Part Status"": ""Active"", ""Automotive"": ""Yes"", ""PPAP"": ""No"", ""Type"": ""Housing"", ""Gender"": ""RCP"", ""Number of Contacts"": ""8"", ""Number of Rows"": ""1"", ""Termination Method"": ""Crimp"", ""Terminal Pitch (mm)"": ""2"", ""Body Orientation"": ""Straight"", ""Minimum Operating Temperature (°C)"": ""-40"", ""Maximum Operating Temperature (°C)"": ""105"", ""Packaging"": ""Bag"", ""Product Weight (g)"": ""1.392"", ""Product Length (mm)"": ""20.1"", ""Product Depth (mm)"": ""9.31"", ""Product Height (mm)"": ""14.25"", ""Tradename"": ""Mini50"", ""Mounting"": ""Cable Mount""}",{}
347915140,347915140,Molex,Conn Housing RCP 4 POS 2mm Crimp ST Cable Mount Black Bag,Connector Discrete Wire Housing,https://www.arrow.com/en/products/34791-5140/molex.html,In Stock,30825,143,https://static6.arrow.com/aropdfconversion/arrowimages/119371b085f2eb60f4ac507d1004549db6b49483/0347915140_top_right_angle_view.jpg,"{""EU RoHS"": ""Compliant"", ""ECCN (US)"": ""EAR99"", ""Part Status"": ""Active"", ""Automotive"": ""Yes"", ""PPAP"": ""No"", ""Type"": ""Housing"", ""Gender"": ""RCP"", ""Number of Contacts"": ""4"", ""Number of Rows"": ""1"", ""Termination Method"": ""Crimp"", ""Terminal Pitch (mm)"": ""2"", ""Body Orientation"": ""Straight"", ""Minimum Operating Temperature (°C)"": ""-40"", ""Maximum Operating Temperature (°C)"": ""105"", ""Packaging"": ""Bag"", ""Product Weight (g)"": ""0.884"", ""Product Length (mm)"": ""12.1"", ""Product Depth (mm)"": ""9.31"", ""Product Height (mm)"": ""18.87"", ""Mounting"": ""Cable Mount""}","{""143"": 0.44, ""800"": 0.42, ""1600"": 0.41, ""5400"": 0.4, ""12000"": 0.35, ""30000"": 0.34}"
347915142,347915142,Molex,Conn Housing RCP 4 POS 2mm Crimp ST Cable Mount Gray Mini50 Bag,Connector Discrete Wire Housing,https://www.arrow.com/en/products/347915142/molex.html,In Stock,495,149,https://static6.arrow.com/aropdfconversion/arrowimages/c8e37f150f2f474952f9b0285fc35264b7b3e671/0347915142_top_right_angle_view.jpg,"{""EU RoHS"": ""Compliant"", ""ECCN (US)"": ""EAR99"", ""Part Status"": ""Active"", ""Automotive"": ""Yes"", ""PPAP"": ""No"", ""Type"": ""Housing"", ""Gender"": ""RCP"", ""Number of Contacts"": ""4"", ""Number of Rows"": ""1"", ""Termination Method"": ""Crimp"", ""Terminal Pitch (mm)"": ""2"", ""Body Orientation"": ""Straight"", ""Insulation Resistance (MOhm)"": ""100"", ""Minimum Operating Temperature (°C)"": ""-40"", ""Maximum Operating Temperature (°C)"": ""105"", ""Packaging"": ""Bag"", ""Product Weight (g)"": ""1"", ""Product Length (mm)"": ""12.1"", ""Product Depth (mm)"": ""9.31"", ""Product Height (mm)"": ""18.87"", ""Tradename"": ""Mini50"", ""Mounting"": ""Cable Mount""}","{""149"": 0.42}"
347915180,347915180,Molex,Conn Housing RCP 8 POS 2mm Crimp ST Cable Mount Black Bag,Connector Discrete Wire Housing,https://www.arrow.com/en/products/34791-5180/molex.html,In Stock,10766,103,https://static6.arrow.com/aropdfconversion/arrowimages/7a0bc7267c14b0c23c5baca4b0be03ad970a4840/0347915180_top_right_angle_view.jpg,"{""EU RoHS"": ""Compliant"", ""ECCN (US)"": ""EAR99"", ""Part Status"": ""Active"", ""Automotive"": ""Yes"", ""PPAP"": ""No"", ""Type"": ""Housing"", ""Gender"": ""RCP"", ""Number of Contacts"": ""8"", ""Number of Rows"": ""1"", ""Termination Method"": ""Crimp"", ""Terminal Pitch (mm)"": ""2"", ""Body Orientation"": ""Straight"", ""Minimum Operating Temperature (°C)"": ""-40"", ""Maximum Operating Temperature (°C)"": ""105"", ""Packaging"": ""Bag"", ""Product Weight (g)"": ""1.4"", ""Product Length (mm)"": ""20.1"", ""Product Depth (mm)"": ""7.69"", ""Product Height (mm)"": ""14.25"", ""Mounting"": ""Cable Mount""}","{""103"": 0.61, ""550"": 0.6, ""1100"": 0.58, ""2200"": 0.57, ""3600"": 0.56, ""8000"": 0.49}"
347915181,347915181,Molex,Conn Housing RCP 8 POS 2mm Crimp ST Cable Mount Gray Bag,Connector Discrete Wire Housing,https://www.arrow.com/en/products/34791-5181/molex.html,In Stock,14400,103,https://static6.arrow.com/aropdfconversion/arrowimages/7b997b60e4454eb832dfedae912b9d9da29c4f7b/0347915181_top_right_angle_view.jpg,"{""EU RoHS"": ""Compliant"", ""ECCN (US)"": ""EAR99"", ""Part Status"": ""Active"", ""Automotive"": ""Yes"", ""PPAP"": ""No"", ""Type"": ""Housing"", ""Gender"": ""RCP"", ""Number of Contacts"": ""8"", ""Number of Rows"": ""1"", ""Termination Method"": ""Crimp"", ""Terminal Pitch (mm)"": ""2"", ""Body Orientation"": ""Straight"", ""Minimum Operating Temperature (°C)"": ""-40"", ""Maximum Operating Temperature (°C)"": ""105"", ""Packaging"": ""Bag"", ""Product Weight (g)"": ""1.4"", ""Product Length (mm)"": ""20.1"", ""Product Depth (mm)"": ""9.31"", ""Product Height (mm)"": ""18.87"", ""Mounting"": ""Cable Mount""}","{""103"": 0.61, ""550"": 0.6, ""1100"": 0.58, ""2200"": 0.57, ""3600"": 0.56, ""8000"": 0.49}"
348240124,348240124,Molex,Conn Housing RCP 12 POS 2mm Crimp ST Cable Mount Black Mini50 Bag,Connector Discrete Wire Housing,https://www.arrow.com/en/products/34824-0124/molex.html,In Stock,107172,125,https://static6.arrow.com/aropdfconversion/arrowimages/c749794e9d15db7b704042ef0e5b14b662522cb0/0348240124_top_right_angle_view.jpg,"{""EU RoHS"": ""Compliant"", ""ECCN (US)"": ""EAR99"", ""Part Status"": ""Active"", ""HTS"": ""8538.90.81.80"", ""Automotive"": ""Yes"", ""PPAP"": ""No"", ""Type"": ""Housing"", ""Gender"": ""RCP"", ""Number of Contacts"": ""12"", ""Number of Rows"": ""2"", ""Termination Method"": ""Crimp"", ""Terminal Pitch (mm)"": ""2"", ""Body Orientation"": ""Straight"", ""Maximum Current Rating (A)"": ""3/Contact"", ""Insulation Resistance (MOhm)"": ""100"", ""Minimum Operating Temperature (°C)"": ""-40"", ""Maximum Operating Temperature (°C)"": ""105"", ""Packaging"": ""Bag"", ""Product Weight (g)"": ""1.469"", ""Product Length (mm)"": ""20.1"", ""Product Depth (mm)"": ""9.43"", ""Product Height (mm)"": ""14.25"", ""Tradename"": ""Mini50"", ""Mounting"": ""Cable Mount""}","{""125"": 0.5, ""700"": 0.49, ""2700"": 0.48, ""3640"": 0.46, ""8000"": 0.41, ""20000"": 0.4, ""40000"": 0.37, ""100000"": 0.35}"
348240125,34824-0125,Molex,Conn Housing RCP 12 POS 2mm Crimp ST Cable Mount Gray Mini50 Bag,Connector Discrete Wire Housing,https://www.arrow.com/en/products/34824-0125/molex.html,In Stock,18180,118,https://static6.arrow.com/aropdfconversion/arrowimages/d8995d97130f9887bf035c14711c1a6011e8aea1/0348240125_top_right_angle_view.jpg,"{""EU RoHS"": ""Compliant"", ""ECCN (US)"": ""EAR99"", ""Part Status"": ""Active"", ""Automotive"": ""Yes"", ""PPAP"": ""No"", ""Type"": ""Housing"", ""Gender"": ""RCP"", ""Number of Contacts"": ""12"", ""Number of Rows"": ""2"", ""Termination Method"": ""Crimp"", ""Terminal Pitch (mm)"": ""2"", ""Body Orientation"": ""Straight"", ""Maximum Current Rating (A)"": ""3/Contact"", ""Minimum Operating Temperature (°C)"": ""-40"", ""Maximum Operating Temperature (°C)"": ""105"", ""Packaging"": ""Bag"", ""Product Weight (g)"": ""1.469"", ""Product Length (mm)"": ""20.1"", ""Product Depth (mm)"": ""9.43"", ""Product Height (mm)"": ""14.25"", ""Tradename"": ""Mini50"", ""Mounting"": ""Cable Mount""}","{""118"": 0.53, ""520"": 0.53, ""1040"": 0.52, ""2600"": 0.5, ""3640"": 0.49, ""8000"": 0.42}"
348241124,34824-1124,Molex,Conn Housing RCP 12 POS 2mm Crimp ST Cable Mount Black Mini50 Bag,Connector Discrete Wire Housing,https://www.arrow.com/en/products/34824-1124/molex.html,In Stock,9880,108,https://static6.arrow.com/aropdfconversion/arrowimages/fafccd3dc4a5f335cac67b6080e5b6b88dab1f7e/0348241124_top_right_angle_view.jpg,"{""EU RoHS"": ""Compliant"", ""ECCN (US)"": ""EAR99"", ""Part Status"": ""Active"", ""Automotive"": ""Yes"", ""PPAP"": ""No"", ""Type"": ""Housing"", ""Gender"": ""RCP"", ""Number of Contacts"": ""12"", ""Number of Rows"": ""2"", ""Termination Method"": ""Crimp"", ""Terminal Pitch (mm)"": ""2"", ""Body Orientation"": ""Straight"", ""Minimum Operating Temperature (°C)"": ""-40"", ""Maximum Operating Temperature (°C)"": ""105"", ""Packaging"": ""Bag"", ""Product Weight (g)"": ""1.47"", ""Product Length (mm)"": ""20.1"", ""Product Depth (mm)"": ""9.43"", ""Product Height (mm)"": ""14.25"", ""Tradename"": ""Mini50"", ""Mounting"": ""Cable Mount""}","{""108"": 0.58, ""600"": 0.57, ""1200"": 0.56, ""3640"": 0.54, ""8000"": 0.48}"
348241125,348241125,Molex,Conn Housing RCP 12 POS 2mm Crimp ST Cable Mount Gray Mini50 Bag,Connector Discrete Wire Housing,https://www.arrow.com/en/products/34824-1125/molex.html,In Stock,2934,108,https://static6.arrow.com/aropdfconversion/arrowimages/55a268f0bcbd4fff682b3ce63e1f25b900ca9dc3/0348241125_top_right_angle_view.jpg,"{""EU RoHS"": ""Compliant"", ""ECCN (US)"": ""EAR99"", ""Part Status"": ""Active"", ""Automotive"": ""Yes"", ""PPAP"": ""No"", ""Type"": ""Housing"", ""Gender"": ""RCP"", ""Number of Contacts"": ""12"", ""Number of Rows"": ""2"", ""Termination Method"": ""Crimp"", ""Terminal Pitch (mm)"": ""2"", ""Body Orientation"": ""Straight"", ""Maximum Current Rating (A)"": ""3/Contact"", ""Minimum Operating Temperature (°C)"": ""-40"", ""Maximum Operating Temperature (°C)"": ""105"", ""Packaging"": ""Bag"", ""Product Weight (g)"": ""1.47"", ""Product Length (mm)"": ""20.1"", ""Product Depth (mm)"": ""9.43"", ""Product Height (mm)"": ""14.25"", ""Tradename"": ""Mini50"", ""Mounting"": ""Cable Mount""}","{""108"": 0.58, ""260"": 0.58, ""650"": 0.57, ""1300"": 0.56}"
348245124,34824-5124,Molex,Conn Housing RCP 12 POS 2mm Crimp ST Cable Mount Black Bag,Connector Discrete Wire Housing,https://www.arrow.com/en/products/34824-5124/molex.html,In Stock,1560,350,https://static6.arrow.com/aropdfconversion/arrowimages/54536d980f8e7ecc4137f8ae151a966ac45fb66b/0348245124_top_right_angle_view.jpg,"{""EU RoHS"": ""Compliant"", ""ECCN (US)"": ""EAR99"", ""Part Status"": ""Active"", ""Automotive"": ""Yes"", ""PPAP"": ""No"", ""Type"": ""Housing"", ""Gender"": ""RCP"", ""Number of Contacts"": ""12"", ""Number of Rows"": ""2"", ""Termination Method"": ""Crimp"", ""Terminal Pitch (mm)"": ""2"", ""Body Orientation"": ""Straight"", ""Minimum Operating Temperature (°C)"": ""-40"", ""Maximum Operating Temperature (°C)"": ""105"", ""Packaging"": ""Bag"", ""Product Weight (g)"": ""1.6"", ""Product Length (mm)"": ""20.1"", ""Product Depth (mm)"": ""9.43"", ""Product Height (mm)"": ""14.25"", ""Mounting"": ""Cable Mount""}","{""350"": 0.49, ""900"": 0.476}"
349002001,34900-2001,Molex,Conn Housing RCP 2 POS 4.2mm Crimp ST Cable Mount Yellow MXP120 Bag,Connector Discrete Wire Housing,https://www.arrow.com/en/products/34900-2001/molex.html,In Stock,10803,108,https://static6.arrow.com/aropdfconversion/arrowimages/971d57909a03438e3d9a91897ebac4d0933b8b30/p34900-6010.jpg,"{""EU RoHS"": ""Compliant"", ""ECCN (US)"": ""EAR99"", ""Part Status"": ""Obsolete"", ""Automotive"": ""No"", ""PPAP"": ""No"", ""Type"": ""Housing"", ""Gender"": ""RCP"", ""Number of Contacts"": ""2"", ""Number of Rows"": ""2"", ""Termination Method"": ""Crimp"", ""Terminal Pitch (mm)"": ""4.2"", ""Body Orientation"": ""Straight"", ""Maximum Current Rating (A)"": ""13/Contact"", ""Minimum Operating Temperature (°C)"": ""-40"", ""Maximum Operating Temperature (°C)"": ""125"", ""Packaging"": ""Bag"", ""Product Weight (g)"": ""2.4"", ""Product Length (mm)"": ""18.75"", ""Product Depth (mm)"": ""16.15"", ""Product Height (mm)"": ""30.4"", ""Tradename"": ""MXP120"", ""Mounting"": ""Cable Mount""}","{""108"": 0.58, ""2000"": 0.56, ""3000"": 0.53, ""7000"": 0.52}"
349002101,349002101,Molex,Conn Housing RCP 2 POS 4mm Crimp ST Cable Mount Yellow MXP120 Bag,Connector Discrete Wire Housing,https://www.arrow.com/en/products/34900-2101/molex.html,In Stock,2250,209,https://static6.arrow.com/aropdfconversion/arrowimages/9e0e5ad76d43f14b0eff1593b382ce1594c4fde0/0349002101_top_right_angle_view.jpg,"{""EU RoHS"": ""Compliant"", ""ECCN (US)"": ""EAR99"", ""Part Status"": ""Active"", ""SVHC"": ""Yes"", ""SVHC Exceeds Threshold"": ""Yes"", ""Automotive"": ""Yes"", ""PPAP"": ""No"", ""Type"": ""Housing"", ""Gender"": ""RCP"", ""Number of Contacts"": ""2"", ""Number of Rows"": ""1"", ""Termination Method"": ""Crimp"", ""Terminal Pitch (mm)"": ""4"", ""Body Orientation"": ""Straight"", ""Maximum Current Rating (A)"": ""13/Contact"", ""Maximum Voltage Rating"": ""14VDC"", ""Insulation Resistance (MOhm)"": ""100"", ""Minimum Operating Temperature (°C)"": ""-40"", ""Maximum Operating Temperature (°C)"": ""125"", ""Packaging"": ""Bag"", ""Product Weight (g)"": ""2.43"", ""Product Length (mm)"": ""18.75"", ""Product Depth (mm)"": ""16.15"", ""Product Height (mm)"": ""30.4"", ""Tradename"": ""MXP120"", ""Mounting"": ""Cable Mount""}","{""209"": 0.798}"
349002120,349002120,Molex,Conn Housing F 2 POS 4mm Crimp ST Cable Mount Black Bag,Connector Discrete Wire Housing,https://www.arrow.com/en/products/34900-2120/molex.html,In Stock,87188,161,https://static6.arrow.com/aropdfconversion/arrowimages/6e84fe3fc26f0436edb4f1dcfa99075262997765/0349002120_top_right_angle_view.jpg,"{""EU RoHS"": ""Compliant"", ""ECCN (US)"": ""EAR99"", ""Part Status"": ""Active"", ""SVHC"": ""Yes"", ""SVHC Exceeds Threshold"": ""Yes"", ""Automotive"": ""Yes"", ""PPAP"": ""No"", ""Type"": ""Housing"", ""Gender"": ""F"", ""Number of Contacts"": ""2"", ""Number of Rows"": ""1"", ""Termination Method"": ""Crimp"", ""Terminal Pitch (mm)"": ""4"", ""Body Orientation"": ""Straight"", ""Maximum Current Rating (A)"": ""13/Contact"", ""Maximum Voltage Rating"": ""14VDC"", ""Insulation Resistance (MOhm)"": ""100"", ""Minimum Operating Temperature (°C)"": ""-40"", ""Maximum Operating Temperature (°C)"": ""155"", ""Packaging"": ""Bag"", ""Product Weight (g)"": ""2.29"", ""Product Length (mm)"": ""18.75"", ""Product Depth (mm)"": ""16.15"", ""Product Height (mm)"": ""30.4"", ""Mounting"": ""Cable Mount""}","{""161"": 0.39, ""850"": 0.39, ""1700"": 0.38, ""3400"": 0.37, ""6000"": 0.37, ""12000"": 0.32, ""30000"": 0.31, ""60000"": 0.293}"
349002122,34900-2122,Molex,1.2MM SLD ASSY RCPT 1X2 BLK KEYC/02,Cable Assembly Other,https://www.arrow.com/en/products/34900-2122/molex.html,In Stock,6000,157,https://static6.arrow.com/aropdfconversion/arrowimages/7fbeaf4d48a7dece5843d315101e6287985ff190/not_valid_image.jpg,"{""EU RoHS"": ""Compliant"", ""ECCN (US)"": ""EAR99"", ""Part Status"": ""Active"", ""Automotive"": ""No"", ""PPAP"": ""No""}","{""157"": 0.4, ""750"": 0.4, ""1500"": 0.39, ""2250"": 0.38, ""3750"": 0.38, ""6000"": 0.37}"
349003102,34900-3102,Molex,Conn Housing F 3 POS 4mm Crimp ST Cable Mount Yellow MXP120 Bag,Connector Discrete Wire Housing,https://www.arrow.com/en/products/34900-3102/molex.html,In Stock,3750,86,https://static6.arrow.com/aropdfconversion/arrowimages/a85745c94a90a331aa7122a8db62b7cf1e93a00b/0349003102_top_right_angle_view.jpg,"{""EU RoHS"": ""Compliant"", ""ECCN (US)"": ""EAR99"", ""Part Status"": ""Active"", ""SVHC"": ""Yes"", ""SVHC Exceeds Threshold"": ""Yes"", ""Automotive"": ""Yes"", ""PPAP"": ""No"", ""Type"": ""Housing"", ""Gender"": ""F"", ""Number of Contacts"": ""3"", ""Number of Rows"": ""1"", ""Termination Method"": ""Crimp"", ""Terminal Pitch (mm)"": ""4"", ""Body Orientation"": ""Straight"", ""Maximum Current Rating (A)"": ""13/Contact"", ""Maximum Voltage Rating"": ""14VDC"", ""Insulation Resistance (MOhm)"": ""100"", ""Minimum Operating Temperature (°C)"": ""-40"", ""Maximum Operating Temperature (°C)"": ""125"", ""Packaging"": ""Bag"", ""Product Length (mm)"": ""20.75"", ""Product Depth (mm)"": ""16.15"", ""Product Height (mm)"": ""30.4"", ""Tradename"": ""MXP120"", ""Mounting"": ""Cable Mount""}","{""86"": 0.73, ""500"": 0.72, ""950"": 0.7, ""1900"": 0.69, ""2200"": 0.68}"
349003120,349003120,Molex,Conn Housing F 3 POS 4mm Crimp ST Cable Mount Black MXP120 Bag,Connector Discrete Wire Housing,https://www.arrow.com/en/products/34900-3120/molex.html,In Stock,6403,200,https://static6.arrow.com/aropdfconversion/arrowimages/67d92ac0970b399d8bba7ee5164399f50bd9ee21/0349003120_top_right_angle_view.jpg,"{""EU RoHS"": ""Compliant"", ""ECCN (US)"": ""EAR99"", ""Part Status"": ""Active"", ""SVHC"": ""Yes"", ""SVHC Exceeds Threshold"": ""Yes"", ""Automotive"": ""Yes"", ""PPAP"": ""No"", ""Type"": ""Housing"", ""Gender"": ""F"", ""Number of Contacts"": ""3"", ""Number of Rows"": ""1"", ""Termination Method"": ""Crimp"", ""Terminal Pitch (mm)"": ""4"", ""Body Orientation"": ""Straight"", ""Maximum Current Rating (A)"": ""13/Contact"", ""Maximum Voltage Rating"": ""14VDC"", ""Insulation Resistance (MOhm)"": ""100"", ""Minimum Operating Temperature (°C)"": ""-40"", ""Maximum Operating Temperature (°C)"": ""125"", ""Packaging"": ""Bag"", ""Product Weight (g)"": ""3.06"", ""Product Length (mm)"": ""20.75"", ""Product Depth (mm)"": ""16.15"", ""Product Height (mm)"": ""30.4"", ""Tradename"": ""MXP120"", ""Mounting"": ""Cable Mount""}","{""200"": 0.98, ""450"": 0.952, ""850"": 0.938, ""1700"": 0.924, ""4400"": 0.84}"
349004120,349004120,Molex,Conn Housing RCP 4 POS 4mm Crimp ST Cable Mount Black Bag,Connector Discrete Wire Housing,https://www.arrow.com/en/products/34900-4120/molex.html,In Stock,25900,98,https://static6.arrow.com/aropdfconversion/arrowimages/e56aa25682ea0b42e85c2448d6955a3b7bfd83b7/0349004120_top_right_angle_view.jpg,"{""EU RoHS"": ""Compliant"", ""ECCN (US)"": ""EAR99"", ""Part Status"": ""Active"", ""Automotive"": ""Yes"", ""PPAP"": ""No"", ""Type"": ""Housing"", ""Gender"": ""RCP"", ""Number of Contacts"": ""4"", ""Number of Rows"": ""1"", ""Termination Method"": ""Crimp"", ""Terminal Pitch (mm)"": ""4"", ""Body Orientation"": ""Straight"", ""Maximum Current Rating (A)"": ""13/Contact"", ""Maximum Voltage Rating"": ""14VDC"", ""Insulation Resistance (MOhm)"": ""100"", ""Minimum Operating Temperature (°C)"": ""-40"", ""Maximum Operating Temperature (°C)"": ""125"", ""Packaging"": ""Bag"", ""Product Length (mm)"": ""25"", ""Product Depth (mm)"": ""17.2"", ""Product Height (mm)"": ""31"", ""Keyed"": ""Yes"", ""Mounting"": ""Cable Mount""}","{""98"": 0.64, ""350"": 0.64, ""700"": 0.62, ""1400"": 0.61, ""2100"": 0.6, ""2800"": 0.58}"
349004121,349004121,Molex,Conn Housing RCP 4 POS 4mm Crimp ST Cable Mount Black Bag,Connector Discrete Wire Housing,https://www.arrow.com/en/products/349004121/molex.html,In Stock,4200,97,https://static6.arrow.com/aropdfconversion/arrowimages/38e7fb419d20d3038b2b547a8c806f59b045f7be/0349004121_top_right_angle_view.jpg,"{""EU RoHS"": ""Compliant"", ""ECCN (US)"": ""EAR99"", ""Part Status"": ""Active"", ""Automotive"": ""Yes"", ""PPAP"": ""No"", ""Type"": ""Housing"", ""Gender"": ""RCP"", ""Number of Contacts"": ""4"", ""Number of Rows"": ""1"", ""Termination Method"": ""Crimp"", ""Terminal Pitch (mm)"": ""4"", ""Body Orientation"": ""Straight"", ""Maximum Current Rating (A)"": ""13/Contact"", ""Maximum Voltage Rating"": ""14VDC"", ""Insulation Resistance (MOhm)"": ""100"", ""Minimum Operating Temperature (°C)"": ""-40"", ""Maximum Operating Temperature (°C)"": ""125"", ""Packaging"": ""Bag"", ""Product Length (mm)"": ""25"", ""Product Depth (mm)"": ""17.2"", ""Product Height (mm)"": ""31"", ""Keyed"": ""Yes"", ""Mounting"": ""Cable Mount""}","{""97"": 0.65, ""350"": 0.65, ""700"": 0.64, ""1400"": 0.62, ""2100"": 0.61, ""2800"": 0.6}"
35016613,35016613,Aptiv,Conn Housing F 12 POS 2.54mm Crimp ST Cable Mount Brown,Connector Discrete Wire Housing,https://www.arrow.com/en/products/35016613/aptiv.html,Out of Stock,,,https://static6.arrow.com/aropdfconversion/arrowimages/c441aa496e05dd5016c4392fc80ac90e0e55abea/2949_9a67dbba-cf7a-4e3d-8be9-e3d33b03cfb0.jpg,"{""EU RoHS"": ""Compliant"", ""ECCN (US)"": ""EAR99"", ""Part Status"": ""Active"", ""HTS"": ""8538.90.60.00"", ""Automotive"": ""Yes"", ""PPAP"": ""Yes"", ""Type"": ""Housing"", ""Gender"": ""F"", ""Number of Contacts"": ""12"", ""Number of Rows"": ""2"", ""Termination Method"": ""Crimp"", ""Terminal Pitch (mm)"": ""2.54"", ""Body Orientation"": ""Straight"", ""Maximum Current Rating (A)"": ""7.5"", ""Minimum Operating Temperature (°C)"": ""-40"", ""Maximum Operating Temperature (°C)"": ""125"", ""Product Length (mm)"": ""19.67"", ""Product Depth (mm)"": ""21.72"", ""Product Height (mm)"": ""27.48"", ""Mounting"": ""Cable Mount""}",{}
35016615,35016615,Aptiv,Conn Housing F 12 POS 2.54mm Crimp ST Cable Mount Light Gray,Connector Discrete Wire Housing,https://www.arrow.com/en/products/35016615/aptiv.html,In Stock,1500,1500,https://static6.arrow.com/aropdfconversion/arrowimages/c9c1329b047f5ef0c196a1927f3e49529cd79eda/2949_1fc882d9-d1b3-48b2-ab8f-0aac91d2d47d.jpg,"{""EU RoHS"": ""Compliant"", ""ECCN (US)"": ""EAR99"", ""Part Status"": ""Active"", ""HTS"": ""8538.90.60.00"", ""Automotive"": ""Yes"", ""PPAP"": ""Yes"", ""Type"": ""Housing"", ""Gender"": ""F"", ""Number of Contacts"": ""12"", ""Number of Rows"": ""2"", ""Termination Method"": ""Crimp"", ""Terminal Pitch (mm)"": ""2.54"", ""Body Orientation"": ""Straight"", ""Maximum Current Rating (A)"": ""7.5"", ""Minimum Operating Temperature (°C)"": ""-40"", ""Maximum Operating Temperature (°C)"": ""125"", ""Product Length (mm)"": ""19.67"", ""Product Depth (mm)"": ""21.72"", ""Product Height (mm)"": ""27.48"", ""Mounting"": ""Cable Mount""}","{""1500"": 0.8955}"
35016616,35016616,Aptiv,Conn Housing F 12 POS 2.54mm Crimp ST Cable Mount Black,Connector Discrete Wire Housing,https://www.arrow.com/en/products/35016616/aptiv.html,Out of Stock,,1500,https://static6.arrow.com/aropdfconversion/arrowimages/c7e2f2610a90867209336d7a79dbdb9477c837ad/2949_639ddf14-c99c-4902-b703-b8159baf26b8.jpg,"{""EU RoHS"": ""Compliant"", ""ECCN (US)"": ""EAR99"", ""Part Status"": ""Active"", ""HTS"": ""8538.90.81.80"", ""Automotive"": ""Yes"", ""PPAP"": ""Yes"", ""Type"": ""Housing"", ""Gender"": ""F"", ""Number of Contacts"": ""12"", ""Number of Rows"": ""2"", ""Termination Method"": ""Crimp"", ""Terminal Pitch (mm)"": ""2.54"", ""Body Orientation"": ""Straight"", ""Maximum Current Rating (A)"": ""7.5"", ""Minimum Operating Temperature (°C)"": ""-40"", ""Maximum Operating Temperature (°C)"": ""125"", ""Product Length (mm)"": ""19.67"", ""Product Depth (mm)"": ""21.72"", ""Product Height (mm)"": ""27.48"", ""Mounting"": ""Cable Mount""}","{""1500"": 1.0338}"
35020435,35020435,Aptiv,Conn Housing F 6 POS 4mm Crimp ST Cable Mount Black,Connector Discrete Wire Housing,https://www.arrow.com/en/products/35020435/aptiv.html,Out of Stock,,3000,https://static6.arrow.com/aropdfconversion/arrowimages/5846d0d6c6a6e4b99f95aecb0a2c670d5053182a/2949_a2189b2d-edd1-430d-a989-2b08c8193959.jpg,"{""ECCN (US)"": ""EAR99"", ""Part Status"": ""Active"", ""Automotive"": ""Yes"", ""PPAP"": ""Yes"", ""Type"": ""Housing"", ""Gender"": ""F"", ""Number of Contacts"": ""6"", ""Number of Rows"": ""1"", ""Termination Method"": ""Crimp"", ""Terminal Pitch (mm)"": ""4"", ""Body Orientation"": ""Straight"", ""Maximum Current Rating (A)"": ""18.7"", ""Minimum Operating Temperature (°C)"": ""-40"", ""Maximum Operating Temperature (°C)"": ""150"", ""IP Rating"": ""IPX9K/IP68"", ""Product Length (mm)"": ""32.45"", ""Product Depth (mm)"": ""16.25"", ""Product Height (mm)"": ""29.5"", ""Mounting"": ""Cable Mount""}","{""3000"": 0.3063, ""4000"": 0.3033, ""5000"": 0.3002, ""6000"": 0.2972, ""10000"": 0.2943, ""15000"": 0.2913, ""20000"": 0.2884, ""25000"": 0.2855, ""50000"": 0.2827}"
35068218,35068218,Aptiv,ASM CONN 4 F CTS 050 MULTI,Connector Discrete Wire Housing,https://www.arrow.com/en/products/35068218/aptiv.html,Out of Stock,,3000,https://static6.arrow.com/aropdfconversion/arrowimages/64e0ab11dfef74730070395dce01c12e6438cd5d/2949_49e14eee-e86a-4a75-b206-68787e76a110.jpg,"{""EU RoHS"": ""Compliant"", ""ECCN (US)"": ""EAR99"", ""Part Status"": ""Active"", ""HTS"": ""EA"", ""Automotive"": ""Yes"", ""PPAP"": ""Yes"", ""Gender"": ""F"", ""Product Weight (g)"": ""1.5167"", ""Product Length (mm)"": ""23.29""}","{""3000"": 0.3373, ""4000"": 0.3339, ""5000"": 0.3306, ""6000"": 0.3273, ""10000"": 0.324, ""15000"": 0.3208, ""20000"": 0.3176, ""25000"": 0.3144, ""50000"": 0.3112}"
35068220,35068220,Aptiv,35068220,,https://www.arrow.com/en/products/35068220/aptiv.html,Out of Stock,,,,"{""ECCN (US)"": ""EAR99"", ""HTS"": ""8536694010""}",{}
35068221,35068221,Aptiv,35068221,,https://www.arrow.com/en/products/35068221/aptiv.html,In Stock,6000,139,,"{""ECCN (US)"": ""EAR99"", ""HTS"": ""8536694010""}","{""139"": 0.45, ""300"": 0.45, ""1300"": 0.43, ""2600"": 0.41}"
35068228,35068228,Aptiv,ASM CONN 8 F CTS 050 MULTI,Connector Discrete Wire Housing,https://www.arrow.com/en/products/35068228/aptiv.html,Out of Stock,,,https://static6.arrow.com/aropdfconversion/arrowimages/10ba883a22b8020085c2c5d3aab9619440aa6b0a/2949_54caf904-6927-4e87-afab-8b61ba0fa429.jpg,"{""EU RoHS"": ""Supplier Unconfirmed"", ""ECCN (US)"": ""EAR99"", ""Part Status"": ""Active"", ""HTS"": ""EA"", ""Automotive"": ""Yes"", ""PPAP"": ""Yes"", ""Gender"": ""F"", ""Product Weight (g)"": ""2.435"", ""Product Length (mm)"": ""23.29""}",{}
35068239,35068239,Aptiv,ASM CONN 12 F 0.50 HEADER BLK,Connector Discrete Wire Housing,https://www.arrow.com/en/products/35068239/aptiv.html,Out of Stock,,2500,https://static6.arrow.com/aropdfconversion/arrowimages/5424dc3ca23ce27581a318efb69189b65a94e62d/2949_1dea1cf6-38a8-48a5-9983-a15ed21dee23.jpg,"{""EU RoHS"": ""Compliant"", ""ECCN (US)"": ""EAR99"", ""Part Status"": ""Active"", ""HTS"": ""8536694010"", ""Automotive"": ""Yes"", ""PPAP"": ""Yes"", ""Gender"": ""F"", ""Product Weight (g)"": ""2.77583"", ""Product Length (mm)"": ""23.29""}","{""2500"": 0.2713, ""5000"": 0.2686, ""10000"": 0.2659, ""15000"": 0.2633, ""20000"": 0.2606, ""25000"": 0.258, ""30000"": 0.2554, ""50000"": 0.2529, ""100000"": 0.2504}"
35126363,35126363,Aptiv,Conn Housing RCP 2 POS Crimp ST Cable Mount Black,Connector Discrete Wire Housing,https://www.arrow.com/en/products/35126363/aptiv.html,Out of Stock,,1,https://static6.arrow.com/aropdfconversion/arrowimages/d09228e6cba3031fd0e96be3483b9d7237e88b0f/2949_7d15f357-c513-474e-8360-7ee2d855ad24.jpg,"{""EU RoHS"": ""Compliant"", ""ECCN (US)"": ""EAR99"", ""Part Status"": ""Active"", ""HTS"": ""8536694010"", ""Automotive"": ""Yes"", ""PPAP"": ""Yes"", ""Type"": ""Housing"", ""Gender"": ""RCP"", ""Number of Contacts"": ""2"", ""Termination Method"": ""Crimp"", ""Body Orientation"": ""Straight"", ""Minimum Operating Temperature (°C)"": ""-40"", ""Maximum Operating Temperature (°C)"": ""150"", ""IP Rating"": ""IPX9K/IP68"", ""Product Length (mm)"": ""29.5"", ""Product Depth (mm)"": ""15.15"", ""Product Height (mm)"": ""14.95"", ""Mounting"": ""Cable Mount""}","{""1"": 0.1373, ""10"": 0.1359, ""25"": 0.1346, ""50"": 0.1332, ""100"": 0.1319, ""250"": 0.1306, ""500"": 0.1293, ""1000"": 0.128, ""5000"": 0.1267}"
35126365,35126365,Aptiv,Conn Housing RCP 2 POS Crimp ST Cable Mount Black,Connector Discrete Wire Housing,https://www.arrow.com/en/products/35126365/aptiv.html,Out of Stock,,3000,https://static6.arrow.com/aropdfconversion/arrowimages/7ab0906a906454186f8ec15516ea1f52c492df8d/2949_37738ef4-5cb2-4167-a1f8-8931307b97c0.jpg,"{""EU RoHS"": ""Compliant"", ""ECCN (US)"": ""EAR99"", ""Part Status"": ""Active"", ""HTS"": ""8536694010"", ""Automotive"": ""Yes"", ""PPAP"": ""Yes"", ""Type"": ""Housing"", ""Gender"": ""RCP"", ""Number of Contacts"": ""2"", ""Termination Method"": ""Crimp"", ""Body Orientation"": ""Straight"", ""Minimum Operating Temperature (°C)"": ""-40"", ""Maximum Operating Temperature (°C)"": ""150"", ""Product Length (mm)"": ""29.5"", ""Product Depth (mm)"": ""15.15"", ""Product Height (mm)"": ""14.95"", ""Mounting"": ""Cable Mount""}","{""3000"": 0.1361, ""4000"": 0.1347, ""5000"": 0.1334, ""6000"": 0.132, ""10000"": 0.1307, ""15000"": 0.1294, ""20000"": 0.1281, ""25000"": 0.1268, ""50000"": 0.1256}"
35126366,35126366,Aptiv,Conn Housing RCP 2 POS Crimp ST Cable Mount Black,Connector Discrete Wire Housing,https://www.arrow.com/en/products/35126366/aptiv.html,Out of Stock,,3000,https://static6.arrow.com/aropdfconversion/arrowimages/d09228e6cba3031fd0e96be3483b9d7237e88b0f/2949_7d15f357-c513-474e-8360-7ee2d855ad24.jpg,"{""EU RoHS"": ""Compliant"", ""ECCN (US)"": ""EAR99"", ""Part Status"": ""Active"", ""Automotive"": ""Yes"", ""PPAP"": ""Yes"", ""Type"": ""Housing"", ""Gender"": ""RCP"", ""Number of Contacts"": ""2"", ""Termination Method"": ""Crimp"", ""Body Orientation"": ""Straight"", ""Minimum Operating Temperature (°C)"": ""-40"", ""Maximum Operating Temperature (°C)"": ""150"", ""Product Length (mm)"": ""29.5"", ""Product Depth (mm)"": ""15.15"", ""Product Height (mm)"": ""14.95"", ""Mounting"": ""Cable Mount""}","{""3000"": 0.1392, ""4000"": 0.1378, ""5000"": 0.1364, ""6000"": 0.135, ""10000"": 0.1337, ""15000"": 0.1323, ""20000"": 0.131, ""25000"": 0.1297, ""50000"": 0.1284}"
35126369,35126369,Aptiv,Conn Housing F 3 POS 4mm Crimp ST Cable Mount Black,Connector Discrete Wire Housing,https://www.arrow.com/en/products/35126369/aptiv.html,Out of Stock,,3600,https://static6.arrow.com/aropdfconversion/arrowimages/2e38c76ee80aa702ac844f0c45c5e57893f545e4/2949_d811703c-1e63-4964-ab70-60e38f194615.jpg,"{""ECCN (US)"": ""EAR99"", ""Part Status"": ""Active"", ""HTS"": ""8536694010"", ""Automotive"": ""Yes"", ""PPAP"": ""Yes"", ""Type"": ""Housing"", ""Gender"": ""F"", ""Number of Contacts"": ""3"", ""Number of Rows"": ""1"", ""Termination Method"": ""Crimp"", ""Terminal Pitch (mm)"": ""4"", ""Body Orientation"": ""Straight"", ""Maximum Current Rating (A)"": ""18.7"", ""Minimum Operating Temperature (°C)"": ""-40"", ""Maximum Operating Temperature (°C)"": ""150"", ""IP Rating"": ""IPX9K/IP68"", ""Product Length (mm)"": ""19.15"", ""Product Depth (mm)"": ""14.95"", ""Product Height (mm)"": ""29.5"", ""Mounting"": ""Cable Mount""}","{""3600"": 0.1627, ""6000"": 0.161, ""12000"": 0.1594, ""24000"": 0.1578, ""30000"": 0.1563, ""48000"": 0.1547, ""60000"": 0.1532, ""120000"": 0.1516, ""150000"": 0.1501, ""240000"": 0.1486}"
35126375,35126375,Aptiv,Conn Housing RCP 4 POS Crimp ST Cable Mount Black,Connector Discrete Wire Housing,https://www.arrow.com/en/products/35126375/aptiv.html,Out of Stock,,4000,https://static6.arrow.com/aropdfconversion/arrowimages/a59280ea7d697e109ac9596bebc2db974b21e00b/2949_28788809-2479-4e60-a602-fe12a433ff0a.jpg,"{""EU RoHS"": ""Compliant"", ""ECCN (US)"": ""EAR99"", ""Part Status"": ""Active"", ""HTS"": ""8536694010"", ""Automotive"": ""Yes"", ""PPAP"": ""Yes"", ""Type"": ""Housing"", ""Gender"": ""RCP"", ""Number of Contacts"": ""4"", ""Number of Rows"": ""1"", ""Termination Method"": ""Crimp"", ""Body Orientation"": ""Straight"", ""Minimum Operating Temperature (°C)"": ""-40"", ""Maximum Operating Temperature (°C)"": ""150"", ""IP Rating"": ""IPX9K/IP68"", ""Product Length (mm)"": ""29.5"", ""Product Depth (mm)"": ""24.45"", ""Product Height (mm)"": ""16.25"", ""Mounting"": ""Cable Mount""}","{""4000"": 0.2397, ""8000"": 0.2373, ""12000"": 0.2349, ""20000"": 0.2326, ""24000"": 0.2302, ""40000"": 0.2279, ""60000"": 0.2256, ""100000"": 0.2234, ""120000"": 0.2212}"
35126376,35126376,Aptiv,Taxi Conn CTS,Connector Discrete Wire Housing,https://www.arrow.com/en/products/35126376/aptiv.html,Out of Stock,,4000,https://static6.arrow.com/aropdfconversion/arrowimages/2050da72b63dc120b18a55cce73ffd71e96b4859/2949_3288fe38-cdf3-49c2-a0c4-f905e82f9e37.jpg,"{""ECCN (US)"": ""EAR99"", ""Part Status"": ""Active"", ""HTS"": ""8536694010"", ""Automotive"": ""Yes"", ""PPAP"": ""Yes"", ""Gender"": ""F"", ""Product Weight (g)"": ""4.38"", ""Product Length (mm)"": ""29.5""}","{""4000"": 0.2366, ""8000"": 0.2342, ""12000"": 0.2319, ""20000"": 0.2296, ""24000"": 0.2273, ""40000"": 0.225, ""60000"": 0.2227, ""100000"": 0.2205, ""120000"": 0.2183}"
35126377,35126377,Aptiv,Taxi Conn CTS,Connector Discrete Wire Housing,https://www.arrow.com/en/products/35126377/aptiv.html,Out of Stock,,4000,https://static6.arrow.com/aropdfconversion/arrowimages/3d42f753e745dbcdaad911298780067ac6e15b18/2949_b4469abd-c803-4851-8915-93cc112d1dc6.jpg,"{""ECCN (US)"": ""EAR99"", ""Part Status"": ""Active"", ""HTS"": ""8536694010"", ""Automotive"": ""Yes"", ""PPAP"": ""Yes"", ""Gender"": ""F"", ""Product Weight (g)"": ""4.4"", ""Product Length (mm)"": ""29.5""}","{""4000"": 0.2381, ""8000"": 0.2357, ""12000"": 0.2334, ""20000"": 0.2311, ""24000"": 0.2287, ""40000"": 0.2265, ""60000"": 0.2242, ""100000"": 0.222, ""120000"": 0.2197}"
35133588,35133588,Aptiv,ASM CONN 4 F CTS 280 MULTI SLD,Connector Discrete Wire Housing,https://www.arrow.com/en/products/35133588/aptiv.html,Out of Stock,,,https://static6.arrow.com/aropdfconversion/arrowimages/16fd36169fe1694aac3691d71e93ec82635f91c3/2949_e89dcd7a-34e9-4c4c-a479-a42203a424cc.jpg,"{""EU RoHS"": ""Compliant"", ""ECCN (US)"": ""EAR99"", ""Part Status"": ""Active"", ""HTS"": ""8536694010"", ""Automotive"": ""Yes"", ""PPAP"": ""Yes"", ""Gender"": ""F"", ""Product Weight (g)"": ""8.47"", ""Product Length (mm)"": ""31.45""}",{}
35238885,35238885,Aptiv,Conn Housing F 10 POS 2.54mm Crimp ST Cable Mount Black,Connector Discrete Wire Housing,https://www.arrow.com/en/products/35238885_1/aptiv.html,Out of Stock,,715,https://static6.arrow.com/aropdfconversion/arrowimages/64a6f65edcda449eed11be4b8448166c59e5b87e/2949_6c359633-d89a-49ef-a878-ddcda2aaeb32.jpg,"{""EU RoHS"": ""Compliant"", ""ECCN (US)"": ""EAR99"", ""Part Status"": ""Active"", ""HTS"": ""8538.90.60.00"", ""Automotive"": ""Yes"", ""PPAP"": ""Yes"", ""Type"": ""Housing"", ""Gender"": ""F"", ""Number of Contacts"": ""10"", ""Number of Rows"": ""2"", ""Termination Method"": ""Crimp"", ""Terminal Pitch (mm)"": ""2.54"", ""Body Orientation"": ""Straight"", ""Maximum Current Rating (A)"": ""7.5"", ""Minimum Operating Temperature (°C)"": ""-40"", ""Maximum Operating Temperature (°C)"": ""125"", ""Product Length (mm)"": ""24.6"", ""Product Depth (mm)"": ""24.09"", ""Product Height (mm)"": ""36.56"", ""Mounting"": ""Cable Mount""}","{""715"": 1.4036, ""2860"": 1.1288, ""5005"": 1.1144}"
35747313,35747313,Aptiv,2 Way F CTS 1.2 Sealed Connector Black,Connector Discrete Wire Housing,https://www.arrow.com/en/products/35747313/aptiv.html,Out of Stock,,1500,https://static6.arrow.com/aropdfconversion/arrowimages/5a572d5141a49b21ca3d59ab8b65e84aac222213/2949_6a92822d-02bb-40c1-8243-dd004c0bcdaa.jpg,"{""EU RoHS"": ""Compliant"", ""ECCN (US)"": ""EAR99"", ""Part Status"": ""Active"", ""Automotive"": ""Yes"", ""PPAP"": ""Yes"", ""Gender"": ""F"", ""Product Weight (g)"": ""4.37"", ""Product Length (mm)"": ""32.75""}","{""1500"": 1.0179, ""2000"": 1.0077, ""2500"": 0.9976, ""3000"": 0.9876, ""4000"": 0.9778, ""5000"": 0.968, ""6000"": 0.9583, ""10000"": 0.9487, ""15000"": 0.9392, ""20000"": 0.9298}"
