2026-04-15 16:23:42,747 [INFO] Arrow scraper started
2026-04-15 16:23:43,033 [INFO] Loaded 948 cleaned part numbers from Excel. Using 10 threads.
2026-04-15 16:23:43,034 [INFO] [1/948] 35311666 | Attempt 1 started
2026-04-15 16:23:43,035 [INFO] [2/948] 33380214 | Attempt 1 started
2026-04-15 16:23:43,035 [INFO] Starting scrape for part 35311666
2026-04-15 16:23:43,035 [INFO] Starting scrape for part 33380214
2026-04-15 16:23:43,036 [INFO] [3/948] 35029308 | Attempt 1 started
2026-04-15 16:23:43,036 [INFO] [4/948] 35501481 | Attempt 1 started
2026-04-15 16:23:43,037 [INFO] Starting scrape for part 35029308
2026-04-15 16:23:43,037 [INFO] [5/948] 35029311 | Attempt 1 started
2026-04-15 16:23:43,037 [INFO] [6/948] 35327186 | Attempt 1 started
2026-04-15 16:23:43,038 [INFO] Starting scrape for part 35501481
2026-04-15 16:23:43,038 [INFO] Starting scrape for part 35029311
2026-04-15 16:23:43,038 [INFO] Starting scrape for part 35327186
2026-04-15 16:23:43,038 [INFO] [7/948] 35644181 | Attempt 1 started
2026-04-15 16:23:43,042 [INFO] Starting scrape for part 35644181
2026-04-15 16:23:43,042 [INFO] [9/948] 35264699 | Attempt 1 started
2026-04-15 16:23:43,039 [INFO] [8/948] 35811498 | Attempt 1 started
2026-04-15 16:23:43,042 [INFO] [10/948] 35446705 | Attempt 1 started
2026-04-15 16:23:43,047 [INFO] Starting scrape for part 35264699
2026-04-15 16:23:43,047 [INFO] Starting scrape for part 35811498
2026-04-15 16:23:43,047 [INFO] Starting scrape for part 35446705
2026-04-15 16:23:43,778 [INFO] Autocomplete for 35446705 returned 0 product candidates
2026-04-15 16:23:43,779 [INFO] Autocomplete for 35501481 returned 0 product candidates
2026-04-15 16:23:43,781 [INFO] Part 35446705 NOT FOUND: autocomplete could not resolve exact part
2026-04-15 16:23:43,781 [INFO] Part 35501481 NOT FOUND: autocomplete could not resolve exact part
2026-04-15 16:23:43,782 [INFO] [10/948] 35446705 | NOT FOUND (Not found in autocomplete)
2026-04-15 16:23:43,782 [INFO] [4/948] 35501481 | NOT FOUND (Not found in autocomplete)
2026-04-15 16:23:43,807 [INFO] Autocomplete for 35029308 returned 0 product candidates
2026-04-15 16:23:43,807 [INFO] Autocomplete for 35264699 returned 0 product candidates
2026-04-15 16:23:43,808 [INFO] Part 35029308 NOT FOUND: autocomplete could not resolve exact part
2026-04-15 16:23:43,809 [INFO] Part 35264699 NOT FOUND: autocomplete could not resolve exact part
2026-04-15 16:23:43,809 [INFO] [3/948] 35029308 | NOT FOUND (Not found in autocomplete)
2026-04-15 16:23:43,809 [INFO] [9/948] 35264699 | NOT FOUND (Not found in autocomplete)
2026-04-15 16:23:43,859 [INFO] Autocomplete for 35311666 returned 0 product candidates
2026-04-15 16:23:43,861 [INFO] Part 35311666 NOT FOUND: autocomplete could not resolve exact part
2026-04-15 16:23:43,862 [INFO] [1/948] 35311666 | NOT FOUND (Not found in autocomplete)
2026-04-15 16:23:44,018 [INFO] Autocomplete for 35644181 returned 0 product candidates
2026-04-15 16:23:44,020 [INFO] Autocomplete for 35811498 returned 0 product candidates
2026-04-15 16:23:44,024 [INFO] Part 35644181 NOT FOUND: autocomplete could not resolve exact part
2026-04-15 16:23:44,024 [INFO] Part 35811498 NOT FOUND: autocomplete could not resolve exact part
2026-04-15 16:23:44,025 [INFO] [8/948] 35811498 | NOT FOUND (Not found in autocomplete)
2026-04-15 16:23:44,024 [INFO] [7/948] 35644181 | NOT FOUND (Not found in autocomplete)
2026-04-15 16:23:44,132 [INFO] [11/948] 35446706 | Attempt 1 started
2026-04-15 16:23:44,132 [INFO] Starting scrape for part 35446706
2026-04-15 16:23:44,133 [INFO] [12/948] 35258941 | Attempt 1 started
2026-04-15 16:23:44,133 [INFO] Starting scrape for part 35258941
2026-04-15 16:23:44,159 [INFO] [13/948] 35225462 | Attempt 1 started
2026-04-15 16:23:44,159 [INFO] [14/948] 35068218 | Attempt 1 started
2026-04-15 16:23:44,160 [INFO] Starting scrape for part 35225462
2026-04-15 16:23:44,160 [INFO] Starting scrape for part 35068218
2026-04-15 16:23:44,228 [INFO] [15/948] 35068219 | Attempt 1 started
2026-04-15 16:23:44,228 [INFO] Starting scrape for part 35068219
2026-04-15 16:23:44,375 [INFO] [16/948] 35068220 | Attempt 1 started
2026-04-15 16:23:44,375 [INFO] Starting scrape for part 35068220
2026-04-15 16:23:44,376 [INFO] [17/948] 35068221 | Attempt 1 started
2026-04-15 16:23:44,376 [INFO] Starting scrape for part 35068221
2026-04-15 16:23:44,615 [INFO] Autocomplete for 35068218 returned 1 product candidates
2026-04-15 16:23:44,615 [INFO] Matched part 35068218 with Arrow fullPart=35068218 partSeo=35068218 mfrSeo=aptiv
2026-04-15 16:23:44,660 [INFO] Autocomplete for 35258941 returned 0 product candidates
2026-04-15 16:23:44,661 [INFO] Part 35258941 NOT FOUND: autocomplete could not resolve exact part
2026-04-15 16:23:44,662 [INFO] [12/948] 35258941 | NOT FOUND (Not found in autocomplete)
2026-04-15 16:23:45,012 [INFO] [18/948] 35068228 | Attempt 1 started
2026-04-15 16:23:45,013 [INFO] Starting scrape for part 35068228
2026-04-15 16:23:46,644 [INFO] Autocomplete for 35029311 returned 0 product candidates
2026-04-15 16:23:46,649 [INFO] Part 35029311 NOT FOUND: autocomplete could not resolve exact part
2026-04-15 16:23:46,649 [INFO] [5/948] 35029311 | NOT FOUND (Not found in autocomplete)
2026-04-15 16:23:46,659 [INFO] Autocomplete for 33380214 returned 0 product candidates
2026-04-15 16:23:46,661 [INFO] Part 33380214 NOT FOUND: autocomplete could not resolve exact part
2026-04-15 16:23:46,661 [INFO] [2/948] 33380214 | NOT FOUND (Not found in autocomplete)
2026-04-15 16:23:46,662 [INFO] Autocomplete for 35225462 returned 0 product candidates
2026-04-15 16:23:46,665 [INFO] Part 35225462 NOT FOUND: autocomplete could not resolve exact part
2026-04-15 16:23:46,665 [INFO] [13/948] 35225462 | NOT FOUND (Not found in autocomplete)
2026-04-15 16:23:46,864 [INFO] Autocomplete for 35327186 returned 0 product candidates
2026-04-15 16:23:46,869 [INFO] Part 35327186 NOT FOUND: autocomplete could not resolve exact part
2026-04-15 16:23:46,869 [INFO] [6/948] 35327186 | NOT FOUND (Not found in autocomplete)
2026-04-15 16:23:46,999 [INFO] [19/948] 35068230 | Attempt 1 started
2026-04-15 16:23:47,000 [INFO] Starting scrape for part 35068230
2026-04-15 16:23:47,012 [INFO] [20/948] 35068231 | Attempt 1 started
2026-04-15 16:23:47,012 [INFO] Starting scrape for part 35068231
2026-04-15 16:23:47,015 [INFO] [21/948] 35068239 | Attempt 1 started
2026-04-15 16:23:47,015 [INFO] Starting scrape for part 35068239
2026-04-15 16:23:47,219 [INFO] [22/948] 35068240 | Attempt 1 started
2026-04-15 16:23:47,220 [INFO] Starting scrape for part 35068240
2026-04-15 16:23:47,513 [INFO] Autocomplete for 35068228 returned 1 product candidates
2026-04-15 16:23:47,513 [INFO] Matched part 35068228 with Arrow fullPart=35068228 partSeo=35068228 mfrSeo=aptiv
2026-04-15 16:23:47,817 [INFO] Autocomplete for 35068220 returned 1 product candidates
2026-04-15 16:23:47,817 [INFO] Matched part 35068220 with Arrow fullPart=35068220 partSeo=35068220 mfrSeo=aptiv
2026-04-15 16:23:47,882 [INFO] Autocomplete for 35068221 returned 1 product candidates
2026-04-15 16:23:47,882 [INFO] Matched part 35068221 with Arrow fullPart=35068221 partSeo=35068221 mfrSeo=aptiv
2026-04-15 16:23:47,926 [INFO] Autocomplete for 35446706 returned 0 product candidates
2026-04-15 16:23:47,927 [INFO] [14/948] 35068218 | FOUND
2026-04-15 16:23:47,928 [INFO] Part 35446706 NOT FOUND: autocomplete could not resolve exact part
2026-04-15 16:23:47,928 [INFO] [11/948] 35446706 | NOT FOUND (Not found in autocomplete)
2026-04-15 16:23:48,079 [INFO] Autocomplete for 35068219 returned 0 product candidates
2026-04-15 16:23:48,081 [INFO] Part 35068219 NOT FOUND: autocomplete could not resolve exact part
2026-04-15 16:23:48,081 [INFO] [15/948] 35068219 | NOT FOUND (Not found in autocomplete)
2026-04-15 16:23:48,278 [INFO] [23/948] 35068241 | Attempt 1 started
2026-04-15 16:23:48,278 [INFO] Starting scrape for part 35068241
2026-04-15 16:23:48,279 [INFO] [24/948] 33174096 | Attempt 1 started
2026-04-15 16:23:48,280 [INFO] Starting scrape for part 33174096
2026-04-15 16:23:48,432 [INFO] [25/948] 33174097 | Attempt 1 started
2026-04-15 16:23:48,432 [INFO] Starting scrape for part 33174097
2026-04-15 16:23:48,718 [INFO] Autocomplete for 33174096 returned 0 product candidates
2026-04-15 16:23:48,720 [INFO] Part 33174096 NOT FOUND: autocomplete could not resolve exact part
2026-04-15 16:23:48,720 [INFO] [24/948] 33174096 | NOT FOUND (Not found in autocomplete)
2026-04-15 16:23:49,070 [INFO] [26/948] 33174099 | Attempt 1 started
2026-04-15 16:23:49,070 [INFO] Starting scrape for part 33174099
2026-04-15 16:23:49,443 [INFO] Autocomplete for 35068230 returned 0 product candidates
2026-04-15 16:23:49,448 [INFO] Part 35068230 NOT FOUND: autocomplete could not resolve exact part
2026-04-15 16:23:49,448 [INFO] [19/948] 35068230 | NOT FOUND (Not found in autocomplete)
2026-04-15 16:23:49,514 [INFO] Autocomplete for 33174099 returned 0 product candidates
2026-04-15 16:23:49,518 [INFO] Part 33174099 NOT FOUND: autocomplete could not resolve exact part
2026-04-15 16:23:49,518 [INFO] [26/948] 33174099 | NOT FOUND (Not found in autocomplete)
2026-04-15 16:23:49,799 [INFO] [27/948] 35390637 | Attempt 1 started
2026-04-15 16:23:49,800 [INFO] Starting scrape for part 35390637
2026-04-15 16:23:49,878 [INFO] [28/948] 35547323 | Attempt 1 started
2026-04-15 16:23:49,894 [INFO] Starting scrape for part 35547323
2026-04-15 16:23:49,943 [INFO] Autocomplete for 35068231 returned 0 product candidates
2026-04-15 16:23:49,945 [INFO] Part 35068231 NOT FOUND: autocomplete could not resolve exact part
2026-04-15 16:23:49,945 [INFO] [20/948] 35068231 | NOT FOUND (Not found in autocomplete)
2026-04-15 16:23:49,972 [INFO] Autocomplete for 35068240 returned 0 product candidates
2026-04-15 16:23:49,973 [INFO] Part 35068240 NOT FOUND: autocomplete could not resolve exact part
2026-04-15 16:23:49,973 [INFO] [22/948] 35068240 | NOT FOUND (Not found in autocomplete)
2026-04-15 16:23:50,111 [INFO] Autocomplete for 35068239 returned 1 product candidates
2026-04-15 16:23:50,111 [INFO] Matched part 35068239 with Arrow fullPart=35068239 partSeo=35068239 mfrSeo=aptiv
2026-04-15 16:23:50,298 [INFO] [29/948] 35390639 | Attempt 1 started
2026-04-15 16:23:50,298 [INFO] Starting scrape for part 35390639
2026-04-15 16:23:50,324 [INFO] [30/948] 35238885 | Attempt 1 started
2026-04-15 16:23:50,324 [INFO] Starting scrape for part 35238885
2026-04-15 16:23:50,362 [INFO] [18/948] 35068228 | FOUND
2026-04-15 16:23:50,712 [INFO] [31/948] 35063641 | Attempt 1 started
2026-04-15 16:23:50,713 [INFO] Starting scrape for part 35063641
2026-04-15 16:23:50,821 [INFO] Autocomplete for 35238885 returned 1 product candidates
2026-04-15 16:23:50,822 [INFO] Matched part 35238885 with Arrow fullPart=35238885 partSeo=35238885_1 mfrSeo=aptiv
2026-04-15 16:23:50,822 [INFO] [17/948] 35068221 | FOUND
2026-04-15 16:23:50,873 [INFO] Autocomplete for 35068241 returned 0 product candidates
2026-04-15 16:23:50,873 [INFO] Part 35068241 NOT FOUND: autocomplete could not resolve exact part
2026-04-15 16:23:50,873 [INFO] [23/948] 35068241 | NOT FOUND (Not found in autocomplete)
2026-04-15 16:23:51,174 [INFO] [32/948] 13658062 | Attempt 1 started
2026-04-15 16:23:51,174 [INFO] Starting scrape for part 13658062
2026-04-15 16:23:51,176 [INFO] [16/948] 35068220 | FOUND
2026-04-15 16:23:51,177 [INFO] Autocomplete for 35063641 returned 0 product candidates
2026-04-15 16:23:51,177 [INFO] Part 35063641 NOT FOUND: autocomplete could not resolve exact part
2026-04-15 16:23:51,178 [INFO] [31/948] 35063641 | NOT FOUND (Not found in autocomplete)
2026-04-15 16:23:51,231 [INFO] [33/948] 13658063 | Attempt 1 started
2026-04-15 16:23:51,231 [INFO] Starting scrape for part 13658063
2026-04-15 16:23:51,489 [INFO] Autocomplete for 33174097 returned 0 product candidates
2026-04-15 16:23:51,491 [INFO] Part 33174097 NOT FOUND: autocomplete could not resolve exact part
2026-04-15 16:23:51,492 [INFO] [25/948] 33174097 | NOT FOUND (Not found in autocomplete)
2026-04-15 16:23:51,526 [INFO] [34/948] 13513469 | Attempt 1 started
2026-04-15 16:23:51,527 [INFO] Starting scrape for part 13513469
2026-04-15 16:23:51,528 [INFO] [35/948] 13960977 | Attempt 1 started
2026-04-15 16:23:51,528 [INFO] Starting scrape for part 13960977
2026-04-15 16:23:51,607 [INFO] Autocomplete for 13658062 returned 1 product candidates
2026-04-15 16:23:51,607 [INFO] Matched part 13658062 with Arrow fullPart=13658062 partSeo=13658062 mfrSeo=aptiv
2026-04-15 16:23:51,843 [INFO] [36/948] 15526972 | Attempt 1 started
2026-04-15 16:23:51,844 [INFO] Starting scrape for part 15526972
2026-04-15 16:23:52,297 [INFO] Autocomplete for 35390637 returned 0 product candidates
2026-04-15 16:23:52,300 [INFO] Part 35390637 NOT FOUND: autocomplete could not resolve exact part
2026-04-15 16:23:52,300 [INFO] [27/948] 35390637 | NOT FOUND (Not found in autocomplete)
2026-04-15 16:23:52,311 [INFO] Autocomplete for 15526972 returned 1 product candidates
2026-04-15 16:23:52,311 [INFO] Matched part 15526972 with Arrow fullPart=15526972 partSeo=15526972 mfrSeo=aptiv
2026-04-15 16:23:52,430 [INFO] Autocomplete for 35547323 returned 0 product candidates
2026-04-15 16:23:52,431 [INFO] Part 35547323 NOT FOUND: autocomplete could not resolve exact part
2026-04-15 16:23:52,432 [INFO] [28/948] 35547323 | NOT FOUND (Not found in autocomplete)
2026-04-15 16:23:52,651 [INFO] [37/948] 15526973 | Attempt 1 started
2026-04-15 16:23:52,652 [INFO] Starting scrape for part 15526973
2026-04-15 16:23:52,782 [INFO] [38/948] 13782039 | Attempt 1 started
2026-04-15 16:23:52,783 [INFO] Starting scrape for part 13782039
2026-04-15 16:23:52,789 [INFO] Autocomplete for 35390639 returned 0 product candidates
2026-04-15 16:23:52,795 [INFO] Part 35390639 NOT FOUND: autocomplete could not resolve exact part
2026-04-15 16:23:52,795 [INFO] [29/948] 35390639 | NOT FOUND (Not found in autocomplete)
2026-04-15 16:23:53,146 [INFO] [39/948] 33116161 | Attempt 1 started
2026-04-15 16:23:53,146 [INFO] Starting scrape for part 33116161
2026-04-15 16:23:53,246 [INFO] Autocomplete for 13782039 returned 0 product candidates
2026-04-15 16:23:53,249 [INFO] Part 13782039 NOT FOUND: autocomplete could not resolve exact part
2026-04-15 16:23:53,249 [INFO] [38/948] 13782039 | NOT FOUND (Not found in autocomplete)
2026-04-15 16:23:53,599 [INFO] [40/948] 35357164 | Attempt 1 started
2026-04-15 16:23:53,600 [INFO] Starting scrape for part 35357164
2026-04-15 16:23:53,604 [INFO] Autocomplete for 33116161 returned 0 product candidates
2026-04-15 16:23:53,606 [INFO] Part 33116161 NOT FOUND: autocomplete could not resolve exact part
2026-04-15 16:23:53,606 [INFO] [39/948] 33116161 | NOT FOUND (Not found in autocomplete)
2026-04-15 16:23:53,786 [INFO] [21/948] 35068239 | FOUND
2026-04-15 16:23:53,957 [INFO] [41/948] 15431080 | Attempt 1 started
2026-04-15 16:23:53,957 [INFO] Starting scrape for part 15431080
2026-04-15 16:23:54,136 [INFO] [42/948] 35357167 | Attempt 1 started
2026-04-15 16:23:54,137 [INFO] Starting scrape for part 35357167
2026-04-15 16:23:54,483 [INFO] [30/948] 35238885 | FOUND
2026-04-15 16:23:54,515 [INFO] Autocomplete for 15431080 returned 0 product candidates
2026-04-15 16:23:54,518 [INFO] Part 15431080 NOT FOUND: autocomplete could not resolve exact part
2026-04-15 16:23:54,518 [INFO] [41/948] 15431080 | NOT FOUND (Not found in autocomplete)
2026-04-15 16:23:54,663 [INFO] Autocomplete for 13658063 returned 1 product candidates
2026-04-15 16:23:54,663 [INFO] Matched part 13658063 with Arrow fullPart=13658063 partSeo=13658063 mfrSeo=aptiv
2026-04-15 16:23:54,834 [INFO] [43/948] 15431083 | Attempt 1 started
2026-04-15 16:23:54,835 [INFO] Starting scrape for part 15431083
2026-04-15 16:23:54,869 [INFO] [44/948] 35357169 | Attempt 1 started
2026-04-15 16:23:54,869 [INFO] Starting scrape for part 35357169
2026-04-15 16:23:54,887 [INFO] Autocomplete for 13513469 returned 1 product candidates
2026-04-15 16:23:54,887 [INFO] Matched part 13513469 with Arrow fullPart=13513469 partSeo=13513469 mfrSeo=aptiv
2026-04-15 16:23:55,070 [INFO] [36/948] 15526972 | FOUND
2026-04-15 16:23:55,073 [INFO] Autocomplete for 13960977 returned 0 product candidates
2026-04-15 16:23:55,073 [INFO] Part 13960977 NOT FOUND: autocomplete could not resolve exact part
2026-04-15 16:23:55,073 [INFO] [35/948] 13960977 | NOT FOUND (Not found in autocomplete)
2026-04-15 16:23:55,178 [INFO] [32/948] 13658062 | FOUND
2026-04-15 16:23:55,277 [INFO] Autocomplete for 15431083 returned 0 product candidates
2026-04-15 16:23:55,281 [INFO] Part 15431083 NOT FOUND: autocomplete could not resolve exact part
2026-04-15 16:23:55,281 [INFO] [43/948] 15431083 | NOT FOUND (Not found in autocomplete)
2026-04-15 16:23:55,385 [INFO] Autocomplete for 35357169 returned 0 product candidates
2026-04-15 16:23:55,388 [INFO] Part 35357169 NOT FOUND: autocomplete could not resolve exact part
2026-04-15 16:23:55,388 [INFO] [44/948] 35357169 | NOT FOUND (Not found in autocomplete)
2026-04-15 16:23:55,421 [INFO] [45/948] 15431085 | Attempt 1 started
2026-04-15 16:23:55,421 [INFO] Starting scrape for part 15431085
2026-04-15 16:23:55,424 [INFO] [46/948] 15499371 | Attempt 1 started
2026-04-15 16:23:55,424 [INFO] Starting scrape for part 15499371
2026-04-15 16:23:55,528 [INFO] [47/948] 35016616 | Attempt 1 started
2026-04-15 16:23:55,528 [INFO] Starting scrape for part 35016616
2026-04-15 16:23:55,632 [INFO] [48/948] 35016615 | Attempt 1 started
2026-04-15 16:23:55,632 [INFO] Starting scrape for part 35016615
2026-04-15 16:23:55,744 [INFO] [49/948] 35016613 | Attempt 1 started
2026-04-15 16:23:55,749 [INFO] Starting scrape for part 35016613
2026-04-15 16:23:55,910 [INFO] Autocomplete for 15499371 returned 1 product candidates
2026-04-15 16:23:55,910 [INFO] Matched part 15499371 with Arrow fullPart=15499371 partSeo=15499371 mfrSeo=aptiv
2026-04-15 16:23:56,023 [INFO] Autocomplete for 35016616 returned 1 product candidates
2026-04-15 16:23:56,023 [INFO] Matched part 35016616 with Arrow fullPart=35016616 partSeo=35016616 mfrSeo=aptiv
2026-04-15 16:23:56,069 [INFO] Autocomplete for 15526973 returned 1 product candidates
2026-04-15 16:23:56,069 [INFO] Matched part 15526973 with Arrow fullPart=15526973 partSeo=15526973 mfrSeo=aptiv
2026-04-15 16:23:56,249 [INFO] Autocomplete for 35016615 returned 1 product candidates
2026-04-15 16:23:56,250 [INFO] Matched part 35016615 with Arrow fullPart=35016615 partSeo=35016615 mfrSeo=aptiv
2026-04-15 16:23:56,781 [INFO] Autocomplete for 35357164 returned 0 product candidates
2026-04-15 16:23:56,786 [INFO] Part 35357164 NOT FOUND: autocomplete could not resolve exact part
2026-04-15 16:23:56,786 [INFO] [40/948] 35357164 | NOT FOUND (Not found in autocomplete)
2026-04-15 16:23:57,137 [INFO] [50/948] 35594252 | Attempt 1 started
2026-04-15 16:23:57,137 [INFO] Starting scrape for part 35594252
2026-04-15 16:23:57,213 [INFO] Autocomplete for 35357167 returned 0 product candidates
2026-04-15 16:23:57,216 [INFO] Part 35357167 NOT FOUND: autocomplete could not resolve exact part
2026-04-15 16:23:57,216 [INFO] [42/948] 35357167 | NOT FOUND (Not found in autocomplete)
2026-04-15 16:23:57,566 [INFO] [33/948] 13658063 | FOUND
2026-04-15 16:23:57,566 [INFO] [51/948] 35594253 | Attempt 1 started
2026-04-15 16:23:57,566 [INFO] Starting scrape for part 35594253
2026-04-15 16:23:57,656 [INFO] [34/948] 13513469 | FOUND
2026-04-15 16:23:57,910 [INFO] Autocomplete for 15431085 returned 0 product candidates
2026-04-15 16:23:57,913 [INFO] Part 15431085 NOT FOUND: autocomplete could not resolve exact part
2026-04-15 16:23:57,914 [INFO] [45/948] 15431085 | NOT FOUND (Not found in autocomplete)
2026-04-15 16:23:57,917 [INFO] [52/948] 35594254 | Attempt 1 started
2026-04-15 16:23:57,917 [INFO] Starting scrape for part 35594254
2026-04-15 16:23:58,007 [INFO] [53/948] 35594255 | Attempt 1 started
2026-04-15 16:23:58,007 [INFO] Starting scrape for part 35594255
2026-04-15 16:23:58,264 [INFO] [54/948] 35354195 | Attempt 1 started
2026-04-15 16:23:58,265 [INFO] Starting scrape for part 35354195
2026-04-15 16:23:58,603 [INFO] Autocomplete for 35016613 returned 1 product candidates
2026-04-15 16:23:58,603 [INFO] Matched part 35016613 with Arrow fullPart=35016613 partSeo=35016613 mfrSeo=aptiv
2026-04-15 16:23:58,712 [INFO] [46/948] 15499371 | FOUND
2026-04-15 16:23:58,745 [INFO] Autocomplete for 35354195 returned 0 product candidates
2026-04-15 16:23:58,746 [INFO] Part 35354195 NOT FOUND: autocomplete could not resolve exact part
2026-04-15 16:23:58,746 [INFO] [54/948] 35354195 | NOT FOUND (Not found in autocomplete)
2026-04-15 16:23:58,990 [INFO] [48/948] 35016615 | FOUND
2026-04-15 16:23:59,063 [INFO] [55/948] 35387382 | Attempt 1 started
2026-04-15 16:23:59,064 [INFO] Starting scrape for part 35387382
2026-04-15 16:23:59,096 [INFO] [56/948] 35387385 | Attempt 1 started
2026-04-15 16:23:59,097 [INFO] Starting scrape for part 35387385
2026-04-15 16:23:59,341 [INFO] [57/948] 35387386 | Attempt 1 started
2026-04-15 16:23:59,341 [INFO] Starting scrape for part 35387386
2026-04-15 16:23:59,451 [INFO] [47/948] 35016616 | FOUND
2026-04-15 16:23:59,468 [INFO] [37/948] 15526973 | FOUND
2026-04-15 16:23:59,623 [INFO] Autocomplete for 35387385 returned 0 product candidates
2026-04-15 16:23:59,628 [INFO] Part 35387385 NOT FOUND: autocomplete could not resolve exact part
2026-04-15 16:23:59,628 [INFO] [56/948] 35387385 | NOT FOUND (Not found in autocomplete)
2026-04-15 16:23:59,680 [INFO] Autocomplete for 35594252 returned 0 product candidates
2026-04-15 16:23:59,682 [INFO] Part 35594252 NOT FOUND: autocomplete could not resolve exact part
2026-04-15 16:23:59,682 [INFO] [50/948] 35594252 | NOT FOUND (Not found in autocomplete)
2026-04-15 16:23:59,801 [INFO] [58/948] 35387396 | Attempt 1 started
2026-04-15 16:23:59,802 [INFO] Starting scrape for part 35387396
2026-04-15 16:23:59,818 [INFO] [59/948] 35747322 | Attempt 1 started
2026-04-15 16:23:59,819 [INFO] Starting scrape for part 35747322
2026-04-15 16:23:59,895 [INFO] Autocomplete for 35387386 returned 0 product candidates
2026-04-15 16:23:59,897 [INFO] Part 35387386 NOT FOUND: autocomplete could not resolve exact part
2026-04-15 16:23:59,897 [INFO] [57/948] 35387386 | NOT FOUND (Not found in autocomplete)
2026-04-15 16:23:59,979 [INFO] [60/948] 35747313 | Attempt 1 started
2026-04-15 16:23:59,979 [INFO] Starting scrape for part 35747313
2026-04-15 16:24:00,033 [INFO] [61/948] 35126363 | Attempt 1 started
2026-04-15 16:24:00,033 [INFO] Starting scrape for part 35126363
2026-04-15 16:24:00,124 [INFO] Autocomplete for 35594253 returned 0 product candidates
2026-04-15 16:24:00,125 [INFO] Part 35594253 NOT FOUND: autocomplete could not resolve exact part
2026-04-15 16:24:00,125 [INFO] [51/948] 35594253 | NOT FOUND (Not found in autocomplete)
2026-04-15 16:24:00,247 [INFO] [62/948] 35747323 | Attempt 1 started
2026-04-15 16:24:00,248 [INFO] Starting scrape for part 35747323
2026-04-15 16:24:00,399 [INFO] Autocomplete for 35594254 returned 0 product candidates
2026-04-15 16:24:00,400 [INFO] Part 35594254 NOT FOUND: autocomplete could not resolve exact part
2026-04-15 16:24:00,400 [INFO] [52/948] 35594254 | NOT FOUND (Not found in autocomplete)
2026-04-15 16:24:00,476 [INFO] [63/948] 35747314 | Attempt 1 started
2026-04-15 16:24:00,477 [INFO] Starting scrape for part 35747314
2026-04-15 16:24:00,556 [INFO] Autocomplete for 35126363 returned 1 product candidates
2026-04-15 16:24:00,556 [INFO] Matched part 35126363 with Arrow fullPart=35126363 partSeo=35126363 mfrSeo=aptiv
2026-04-15 16:24:00,557 [INFO] Autocomplete for 35594255 returned 0 product candidates
2026-04-15 16:24:00,559 [INFO] Part 35594255 NOT FOUND: autocomplete could not resolve exact part
2026-04-15 16:24:00,559 [INFO] [53/948] 35594255 | NOT FOUND (Not found in autocomplete)
2026-04-15 16:24:00,755 [INFO] [64/948] 35126365 | Attempt 1 started
2026-04-15 16:24:00,756 [INFO] Starting scrape for part 35126365
2026-04-15 16:24:00,766 [INFO] Autocomplete for 35747323 returned 0 product candidates
2026-04-15 16:24:00,770 [INFO] Part 35747323 NOT FOUND: autocomplete could not resolve exact part
2026-04-15 16:24:00,770 [INFO] [62/948] 35747323 | NOT FOUND (Not found in autocomplete)
2026-04-15 16:24:00,910 [INFO] [65/948] 35747324 | Attempt 1 started
2026-04-15 16:24:00,911 [INFO] Starting scrape for part 35747324
2026-04-15 16:24:01,121 [INFO] [66/948] 35747315 | Attempt 1 started
2026-04-15 16:24:01,122 [INFO] Starting scrape for part 35747315
2026-04-15 16:24:01,424 [INFO] [49/948] 35016613 | FOUND
2026-04-15 16:24:01,471 [INFO] Autocomplete for 35747324 returned 0 product candidates
2026-04-15 16:24:01,474 [INFO] Part 35747324 NOT FOUND: autocomplete could not resolve exact part
2026-04-15 16:24:01,474 [INFO] [65/948] 35747324 | NOT FOUND (Not found in autocomplete)
2026-04-15 16:24:01,775 [INFO] [67/948] 35126366 | Attempt 1 started
2026-04-15 16:24:01,775 [INFO] Starting scrape for part 35126366
2026-04-15 16:24:01,825 [INFO] [68/948] 35747325 | Attempt 1 started
2026-04-15 16:24:01,825 [INFO] Starting scrape for part 35747325
2026-04-15 16:24:01,884 [INFO] Autocomplete for 35387382 returned 0 product candidates
2026-04-15 16:24:01,887 [INFO] Part 35387382 NOT FOUND: autocomplete could not resolve exact part
2026-04-15 16:24:01,887 [INFO] [55/948] 35387382 | NOT FOUND (Not found in autocomplete)
2026-04-15 16:24:02,237 [INFO] [69/948] 35747316 | Attempt 1 started
2026-04-15 16:24:02,237 [INFO] Starting scrape for part 35747316
2026-04-15 16:24:02,285 [INFO] Autocomplete for 35747325 returned 0 product candidates
2026-04-15 16:24:02,288 [INFO] Part 35747325 NOT FOUND: autocomplete could not resolve exact part
2026-04-15 16:24:02,288 [INFO] [68/948] 35747325 | NOT FOUND (Not found in autocomplete)
2026-04-15 16:24:02,444 [INFO] Autocomplete for 35747322 returned 0 product candidates
2026-04-15 16:24:02,445 [INFO] Part 35747322 NOT FOUND: autocomplete could not resolve exact part
2026-04-15 16:24:02,445 [INFO] [59/948] 35747322 | NOT FOUND (Not found in autocomplete)
2026-04-15 16:24:02,546 [INFO] Autocomplete for 35387396 returned 0 product candidates
2026-04-15 16:24:02,547 [INFO] Part 35387396 NOT FOUND: autocomplete could not resolve exact part
2026-04-15 16:24:02,547 [INFO] [58/948] 35387396 | NOT FOUND (Not found in autocomplete)
2026-04-15 16:24:02,611 [INFO] Autocomplete for 35747313 returned 1 product candidates
2026-04-15 16:24:02,611 [INFO] Matched part 35747313 with Arrow fullPart=35747313 partSeo=35747313 mfrSeo=aptiv
2026-04-15 16:24:02,639 [INFO] [70/948] 35747326 | Attempt 1 started
2026-04-15 16:24:02,639 [INFO] Starting scrape for part 35747326
2026-04-15 16:24:02,795 [INFO] [71/948] 35747317 | Attempt 1 started
2026-04-15 16:24:02,796 [INFO] Starting scrape for part 35747317
2026-04-15 16:24:02,898 [INFO] [72/948] 35747312 | Attempt 1 started
2026-04-15 16:24:02,898 [INFO] Starting scrape for part 35747312
2026-04-15 16:24:03,165 [INFO] Autocomplete for 35747314 returned 0 product candidates
2026-04-15 16:24:03,167 [INFO] Part 35747314 NOT FOUND: autocomplete could not resolve exact part
2026-04-15 16:24:03,167 [INFO] [63/948] 35747314 | NOT FOUND (Not found in autocomplete)
2026-04-15 16:24:03,267 [INFO] Autocomplete for 35747317 returned 0 product candidates
2026-04-15 16:24:03,269 [INFO] Part 35747317 NOT FOUND: autocomplete could not resolve exact part
2026-04-15 16:24:03,269 [INFO] [71/948] 35747317 | NOT FOUND (Not found in autocomplete)
2026-04-15 16:24:03,517 [INFO] [73/948] 35126449 | Attempt 1 started
2026-04-15 16:24:03,517 [INFO] Starting scrape for part 35126449
2026-04-15 16:24:03,620 [INFO] [74/948] 35126369 | Attempt 1 started
2026-04-15 16:24:03,620 [INFO] Starting scrape for part 35126369
2026-04-15 16:24:03,820 [INFO] Autocomplete for 35126365 returned 1 product candidates
2026-04-15 16:24:03,820 [INFO] Matched part 35126365 with Arrow fullPart=35126365 partSeo=35126365 mfrSeo=aptiv
2026-04-15 16:24:03,820 [INFO] [61/948] 35126363 | FOUND
2026-04-15 16:24:03,979 [INFO] Autocomplete for 35126449 returned 0 product candidates
2026-04-15 16:24:03,981 [INFO] Part 35126449 NOT FOUND: autocomplete could not resolve exact part
2026-04-15 16:24:03,981 [INFO] [73/948] 35126449 | NOT FOUND (Not found in autocomplete)
2026-04-15 16:24:04,171 [INFO] [75/948] 35387389 | Attempt 1 started
2026-04-15 16:24:04,171 [INFO] Starting scrape for part 35387389
2026-04-15 16:24:04,342 [INFO] [76/948] 35126370 | Attempt 1 started
2026-04-15 16:24:04,343 [INFO] Starting scrape for part 35126370
2026-04-15 16:24:04,367 [INFO] Autocomplete for 35747315 returned 0 product candidates
2026-04-15 16:24:04,370 [INFO] Part 35747315 NOT FOUND: autocomplete could not resolve exact part
2026-04-15 16:24:04,370 [INFO] [66/948] 35747315 | NOT FOUND (Not found in autocomplete)
2026-04-15 16:24:04,721 [INFO] [77/948] 35387390 | Attempt 1 started
2026-04-15 16:24:04,721 [INFO] Starting scrape for part 35387390
2026-04-15 16:24:04,849 [INFO] Autocomplete for 35387389 returned 0 product candidates
2026-04-15 16:24:04,850 [INFO] Part 35387389 NOT FOUND: autocomplete could not resolve exact part
2026-04-15 16:24:04,851 [INFO] [75/948] 35387389 | NOT FOUND (Not found in autocomplete)
2026-04-15 16:24:05,088 [INFO] Autocomplete for 35126366 returned 1 product candidates
2026-04-15 16:24:05,088 [INFO] Matched part 35126366 with Arrow fullPart=35126366 partSeo=35126366 mfrSeo=aptiv
2026-04-15 16:24:05,203 [INFO] [78/948] 35126371 | Attempt 1 started
2026-04-15 16:24:05,204 [INFO] Starting scrape for part 35126371
2026-04-15 16:24:05,622 [INFO] [60/948] 35747313 | FOUND
2026-04-15 16:24:05,859 [INFO] Autocomplete for 35747316 returned 0 product candidates
2026-04-15 16:24:05,861 [INFO] Part 35747316 NOT FOUND: autocomplete could not resolve exact part
2026-04-15 16:24:05,861 [INFO] [69/948] 35747316 | NOT FOUND (Not found in autocomplete)
2026-04-15 16:24:05,972 [INFO] [79/948] 35387391 | Attempt 1 started
2026-04-15 16:24:05,973 [INFO] Starting scrape for part 35387391
2026-04-15 16:24:06,212 [INFO] [80/948] 35126372 | Attempt 1 started
2026-04-15 16:24:06,212 [INFO] Starting scrape for part 35126372
2026-04-15 16:24:06,281 [INFO] Autocomplete for 35747326 returned 0 product candidates
2026-04-15 16:24:06,284 [INFO] Part 35747326 NOT FOUND: autocomplete could not resolve exact part
2026-04-15 16:24:06,284 [INFO] [70/948] 35747326 | NOT FOUND (Not found in autocomplete)
2026-04-15 16:24:06,355 [INFO] Autocomplete for 35747312 returned 0 product candidates
2026-04-15 16:24:06,357 [INFO] Part 35747312 NOT FOUND: autocomplete could not resolve exact part
2026-04-15 16:24:06,357 [INFO] [72/948] 35747312 | NOT FOUND (Not found in autocomplete)
2026-04-15 16:24:06,635 [INFO] [81/948] 35387392 | Attempt 1 started
2026-04-15 16:24:06,635 [INFO] Starting scrape for part 35387392
2026-04-15 16:24:06,645 [INFO] Autocomplete for 35126372 returned 0 product candidates
2026-04-15 16:24:06,648 [INFO] Part 35126372 NOT FOUND: autocomplete could not resolve exact part
2026-04-15 16:24:06,648 [INFO] [80/948] 35126372 | NOT FOUND (Not found in autocomplete)
2026-04-15 16:24:06,712 [INFO] [82/948] 35126450 | Attempt 1 started
2026-04-15 16:24:06,712 [INFO] Starting scrape for part 35126450
2026-04-15 16:24:06,951 [INFO] [64/948] 35126365 | FOUND
2026-04-15 16:24:06,998 [INFO] [83/948] 35387395 | Attempt 1 started
2026-04-15 16:24:06,998 [INFO] Starting scrape for part 35387395
2026-04-15 16:24:07,075 [INFO] Autocomplete for 35387392 returned 0 product candidates
2026-04-15 16:24:07,076 [INFO] Part 35387392 NOT FOUND: autocomplete could not resolve exact part
2026-04-15 16:24:07,107 [INFO] [81/948] 35387392 | NOT FOUND (Not found in autocomplete)
2026-04-15 16:24:07,124 [INFO] Autocomplete for 35126369 returned 1 product candidates
2026-04-15 16:24:07,124 [INFO] Matched part 35126369 with Arrow fullPart=35126369 partSeo=35126369 mfrSeo=aptiv
2026-04-15 16:24:07,206 [INFO] Autocomplete for 35126450 returned 0 product candidates
2026-04-15 16:24:07,208 [INFO] Part 35126450 NOT FOUND: autocomplete could not resolve exact part
2026-04-15 16:24:07,208 [INFO] [82/948] 35126450 | NOT FOUND (Not found in autocomplete)
2026-04-15 16:24:07,257 [INFO] Autocomplete for 35387390 returned 0 product candidates
2026-04-15 16:24:07,259 [INFO] Part 35387390 NOT FOUND: autocomplete could not resolve exact part
2026-04-15 16:24:07,259 [INFO] [77/948] 35387390 | NOT FOUND (Not found in autocomplete)
2026-04-15 16:24:07,302 [INFO] [84/948] 35748527 | Attempt 1 started
2026-04-15 16:24:07,302 [INFO] Starting scrape for part 35748527
2026-04-15 16:24:07,457 [INFO] [85/948] 35748524 | Attempt 1 started
2026-04-15 16:24:07,458 [INFO] Starting scrape for part 35748524
2026-04-15 16:24:07,541 [INFO] Autocomplete for 35126370 returned 0 product candidates
2026-04-15 16:24:07,542 [INFO] Part 35126370 NOT FOUND: autocomplete could not resolve exact part
2026-04-15 16:24:07,542 [INFO] [76/948] 35126370 | NOT FOUND (Not found in autocomplete)
2026-04-15 16:24:07,558 [INFO] [86/948] 35748536 | Attempt 1 started
2026-04-15 16:24:07,558 [INFO] Starting scrape for part 35748536
2026-04-15 16:24:07,621 [INFO] [87/948] 35748526 | Attempt 1 started
2026-04-15 16:24:07,629 [INFO] Starting scrape for part 35748526
2026-04-15 16:24:07,755 [INFO] Autocomplete for 35748527 returned 0 product candidates
2026-04-15 16:24:07,757 [INFO] Part 35748527 NOT FOUND: autocomplete could not resolve exact part
2026-04-15 16:24:07,757 [INFO] [84/948] 35748527 | NOT FOUND (Not found in autocomplete)
2026-04-15 16:24:07,893 [INFO] [88/948] 35748537 | Attempt 1 started
2026-04-15 16:24:07,893 [INFO] Starting scrape for part 35748537
2026-04-15 16:24:08,107 [INFO] [89/948] 35748532 | Attempt 1 started
2026-04-15 16:24:08,107 [INFO] Starting scrape for part 35748532
2026-04-15 16:24:08,128 [INFO] [67/948] 35126366 | FOUND
2026-04-15 16:24:08,254 [INFO] Autocomplete for 35126371 returned 0 product candidates
2026-04-15 16:24:08,256 [INFO] Part 35126371 NOT FOUND: autocomplete could not resolve exact part
2026-04-15 16:24:08,256 [INFO] [78/948] 35126371 | NOT FOUND (Not found in autocomplete)
2026-04-15 16:24:08,428 [INFO] Autocomplete for 35748537 returned 0 product candidates
2026-04-15 16:24:08,429 [INFO] Part 35748537 NOT FOUND: autocomplete could not resolve exact part
2026-04-15 16:24:08,429 [INFO] [88/948] 35748537 | NOT FOUND (Not found in autocomplete)
2026-04-15 16:24:08,479 [INFO] [90/948] 35748538 | Attempt 1 started
2026-04-15 16:24:08,480 [INFO] Starting scrape for part 35748538
2026-04-15 16:24:08,611 [INFO] [91/948] 35748533 | Attempt 1 started
2026-04-15 16:24:08,611 [INFO] Starting scrape for part 35748533
2026-04-15 16:24:08,779 [INFO] [92/948] 35748519 | Attempt 1 started
2026-04-15 16:24:08,779 [INFO] Starting scrape for part 35748519
2026-04-15 16:24:09,123 [INFO] Autocomplete for 35748533 returned 0 product candidates
2026-04-15 16:24:09,125 [INFO] Part 35748533 NOT FOUND: autocomplete could not resolve exact part
2026-04-15 16:24:09,125 [INFO] [91/948] 35748533 | NOT FOUND (Not found in autocomplete)
2026-04-15 16:24:09,132 [INFO] Autocomplete for 35387391 returned 0 product candidates
2026-04-15 16:24:09,134 [INFO] Part 35387391 NOT FOUND: autocomplete could not resolve exact part
2026-04-15 16:24:09,134 [INFO] [79/948] 35387391 | NOT FOUND (Not found in autocomplete)
2026-04-15 16:24:09,179 [INFO] Autocomplete for 35748538 returned 0 product candidates
2026-04-15 16:24:09,181 [INFO] Part 35748538 NOT FOUND: autocomplete could not resolve exact part
2026-04-15 16:24:09,181 [INFO] [90/948] 35748538 | NOT FOUND (Not found in autocomplete)
2026-04-15 16:24:09,346 [INFO] Autocomplete for 35748519 returned 0 product candidates
2026-04-15 16:24:09,348 [INFO] Part 35748519 NOT FOUND: autocomplete could not resolve exact part
2026-04-15 16:24:09,348 [INFO] [92/948] 35748519 | NOT FOUND (Not found in autocomplete)
2026-04-15 16:24:09,476 [INFO] [93/948] 35126375 | Attempt 1 started
2026-04-15 16:24:09,476 [INFO] Starting scrape for part 35126375
2026-04-15 16:24:09,485 [INFO] [94/948] 35126376 | Attempt 1 started
2026-04-15 16:24:09,485 [INFO] Starting scrape for part 35126376
2026-04-15 16:24:09,532 [INFO] [95/948] 35126377 | Attempt 1 started
2026-04-15 16:24:09,532 [INFO] Starting scrape for part 35126377
2026-04-15 16:24:09,699 [INFO] [96/948] 35126378 | Attempt 1 started
2026-04-15 16:24:09,699 [INFO] Starting scrape for part 35126378
2026-04-15 16:24:09,992 [INFO] Autocomplete for 35126377 returned 1 product candidates
2026-04-15 16:24:09,992 [INFO] Matched part 35126377 with Arrow fullPart=35126377 partSeo=35126377 mfrSeo=aptiv
2026-04-15 16:24:10,023 [INFO] Autocomplete for 35126375 returned 1 product candidates
2026-04-15 16:24:10,023 [INFO] Matched part 35126375 with Arrow fullPart=35126375 partSeo=35126375 mfrSeo=aptiv
2026-04-15 16:24:10,061 [INFO] Autocomplete for 35126376 returned 1 product candidates
2026-04-15 16:24:10,062 [INFO] Matched part 35126376 with Arrow fullPart=35126376 partSeo=35126376 mfrSeo=aptiv
2026-04-15 16:24:10,093 [INFO] [74/948] 35126369 | FOUND
2026-04-15 16:24:10,155 [INFO] Autocomplete for 35387395 returned 0 product candidates
2026-04-15 16:24:10,156 [INFO] Autocomplete for 35748524 returned 0 product candidates
2026-04-15 16:24:10,156 [INFO] Part 35387395 NOT FOUND: autocomplete could not resolve exact part
2026-04-15 16:24:10,156 [INFO] [83/948] 35387395 | NOT FOUND (Not found in autocomplete)
2026-04-15 16:24:10,157 [INFO] Autocomplete for 35126378 returned 0 product candidates
2026-04-15 16:24:10,157 [INFO] Part 35748524 NOT FOUND: autocomplete could not resolve exact part
2026-04-15 16:24:10,157 [INFO] [85/948] 35748524 | NOT FOUND (Not found in autocomplete)
2026-04-15 16:24:10,158 [INFO] Part 35126378 NOT FOUND: autocomplete could not resolve exact part
2026-04-15 16:24:10,158 [INFO] [96/948] 35126378 | NOT FOUND (Not found in autocomplete)
2026-04-15 16:24:10,444 [INFO] [97/948] 35126451 | Attempt 1 started
2026-04-15 16:24:10,444 [INFO] Starting scrape for part 35126451
2026-04-15 16:24:10,507 [INFO] [98/948] 35748643 | Attempt 1 started
2026-04-15 16:24:10,507 [INFO] Starting scrape for part 35748643
2026-04-15 16:24:10,508 [INFO] [99/948] 35748651 | Attempt 1 started
2026-04-15 16:24:10,508 [INFO] Starting scrape for part 35748651
2026-04-15 16:24:10,508 [INFO] [100/948] 35525626 | Attempt 1 started
2026-04-15 16:24:10,509 [INFO] Starting scrape for part 35525626
2026-04-15 16:24:10,772 [INFO] Autocomplete for 35748532 returned 0 product candidates
2026-04-15 16:24:10,774 [INFO] Part 35748532 NOT FOUND: autocomplete could not resolve exact part
2026-04-15 16:24:10,774 [INFO] [89/948] 35748532 | NOT FOUND (Not found in autocomplete)
2026-04-15 16:24:10,859 [INFO] Autocomplete for 35748536 returned 0 product candidates
2026-04-15 16:24:10,861 [INFO] Autocomplete for 35748526 returned 0 product candidates
2026-04-15 16:24:10,862 [INFO] Part 35748536 NOT FOUND: autocomplete could not resolve exact part
2026-04-15 16:24:10,863 [INFO] [86/948] 35748536 | NOT FOUND (Not found in autocomplete)
2026-04-15 16:24:10,863 [INFO] Part 35748526 NOT FOUND: autocomplete could not resolve exact part
2026-04-15 16:24:10,864 [INFO] [87/948] 35748526 | NOT FOUND (Not found in autocomplete)
2026-04-15 16:24:10,961 [INFO] Autocomplete for 35748651 returned 0 product candidates
2026-04-15 16:24:10,963 [INFO] Part 35748651 NOT FOUND: autocomplete could not resolve exact part
2026-04-15 16:24:10,963 [INFO] [99/948] 35748651 | NOT FOUND (Not found in autocomplete)
2026-04-15 16:24:10,991 [INFO] Autocomplete for 35748643 returned 0 product candidates
2026-04-15 16:24:10,993 [INFO] Part 35748643 NOT FOUND: autocomplete could not resolve exact part
2026-04-15 16:24:10,993 [INFO] [98/948] 35748643 | NOT FOUND (Not found in autocomplete)
2026-04-15 16:24:11,125 [INFO] [101/948] 35748644 | Attempt 1 started
2026-04-15 16:24:11,125 [INFO] Starting scrape for part 35748644
2026-04-15 16:24:11,220 [INFO] [102/948] 35748652 | Attempt 1 started
2026-04-15 16:24:11,220 [INFO] [103/948] 35525634 | Attempt 1 started
2026-04-15 16:24:11,227 [INFO] Starting scrape for part 35748652
2026-04-15 16:24:11,227 [INFO] Starting scrape for part 35525634
2026-04-15 16:24:11,314 [INFO] [104/948] 35748645 | Attempt 1 started
2026-04-15 16:24:11,314 [INFO] Starting scrape for part 35748645
2026-04-15 16:24:11,344 [INFO] [105/948] 35748653 | Attempt 1 started
2026-04-15 16:24:11,344 [INFO] Starting scrape for part 35748653
2026-04-15 16:24:11,662 [INFO] Autocomplete for 35748644 returned 0 product candidates
2026-04-15 16:24:11,664 [INFO] Part 35748644 NOT FOUND: autocomplete could not resolve exact part
2026-04-15 16:24:11,664 [INFO] [101/948] 35748644 | NOT FOUND (Not found in autocomplete)
2026-04-15 16:24:11,791 [INFO] Autocomplete for 35748653 returned 0 product candidates
2026-04-15 16:24:11,793 [INFO] Part 35748653 NOT FOUND: autocomplete could not resolve exact part
2026-04-15 16:24:11,794 [INFO] [105/948] 35748653 | NOT FOUND (Not found in autocomplete)
2026-04-15 16:24:11,795 [INFO] Autocomplete for 35748645 returned 0 product candidates
2026-04-15 16:24:11,797 [INFO] Part 35748645 NOT FOUND: autocomplete could not resolve exact part
2026-04-15 16:24:11,797 [INFO] [104/948] 35748645 | NOT FOUND (Not found in autocomplete)
2026-04-15 16:24:12,015 [INFO] [106/948] 35525639 | Attempt 1 started
2026-04-15 16:24:12,015 [INFO] Starting scrape for part 35525639
2026-04-15 16:24:12,144 [INFO] [107/948] 35748646 | Attempt 1 started
2026-04-15 16:24:12,145 [INFO] Starting scrape for part 35748646
2026-04-15 16:24:12,148 [INFO] [108/948] 35748654 | Attempt 1 started
2026-04-15 16:24:12,148 [INFO] Starting scrape for part 35748654
2026-04-15 16:24:13,122 [INFO] [95/948] 35126377 | FOUND
2026-04-15 16:24:13,167 [INFO] [94/948] 35126376 | FOUND
2026-04-15 16:24:13,182 [INFO] Autocomplete for 35126451 returned 0 product candidates
2026-04-15 16:24:13,183 [INFO] Part 35126451 NOT FOUND: autocomplete could not resolve exact part
2026-04-15 16:24:13,183 [INFO] [97/948] 35126451 | NOT FOUND (Not found in autocomplete)
2026-04-15 16:24:13,284 [INFO] Autocomplete for 35525626 returned 0 product candidates
2026-04-15 16:24:13,286 [INFO] Part 35525626 NOT FOUND: autocomplete could not resolve exact part
2026-04-15 16:24:13,286 [INFO] [100/948] 35525626 | NOT FOUND (Not found in autocomplete)
2026-04-15 16:24:13,344 [INFO] [93/948] 35126375 | FOUND
2026-04-15 16:24:13,472 [INFO] [109/948] 35525640 | Attempt 1 started
2026-04-15 16:24:13,472 [INFO] Starting scrape for part 35525640
2026-04-15 16:24:13,517 [INFO] [110/948] 35748647 | Attempt 1 started
2026-04-15 16:24:13,517 [INFO] Starting scrape for part 35748647
2026-04-15 16:24:13,542 [INFO] [111/948] 35748655 | Attempt 1 started
2026-04-15 16:24:13,542 [INFO] Starting scrape for part 35748655
2026-04-15 16:24:13,637 [INFO] [112/948] 35748648 | Attempt 1 started
2026-04-15 16:24:13,637 [INFO] Starting scrape for part 35748648
2026-04-15 16:24:13,695 [INFO] [113/948] 35748657 | Attempt 1 started
2026-04-15 16:24:13,695 [INFO] Starting scrape for part 35748657
2026-04-15 16:24:13,831 [INFO] Autocomplete for 35525634 returned 0 product candidates
2026-04-15 16:24:13,833 [INFO] Part 35525634 NOT FOUND: autocomplete could not resolve exact part
2026-04-15 16:24:13,833 [INFO] [103/948] 35525634 | NOT FOUND (Not found in autocomplete)
2026-04-15 16:24:13,966 [INFO] Autocomplete for 35748647 returned 0 product candidates
2026-04-15 16:24:13,968 [INFO] Part 35748647 NOT FOUND: autocomplete could not resolve exact part
2026-04-15 16:24:13,968 [INFO] [110/948] 35748647 | NOT FOUND (Not found in autocomplete)
2026-04-15 16:24:14,184 [INFO] [114/948] 35748642 | Attempt 1 started
2026-04-15 16:24:14,184 [INFO] Starting scrape for part 35748642
2026-04-15 16:24:14,283 [INFO] Autocomplete for 35748652 returned 0 product candidates
2026-04-15 16:24:14,285 [INFO] Part 35748652 NOT FOUND: autocomplete could not resolve exact part
2026-04-15 16:24:14,285 [INFO] [102/948] 35748652 | NOT FOUND (Not found in autocomplete)
2026-04-15 16:24:14,318 [INFO] [115/948] 35525641 | Attempt 1 started
2026-04-15 16:24:14,319 [INFO] Starting scrape for part 35525641
2026-04-15 16:24:14,635 [INFO] [116/948] 35126383 | Attempt 1 started
2026-04-15 16:24:14,636 [INFO] Starting scrape for part 35126383
2026-04-15 16:24:14,805 [INFO] Autocomplete for 35525641 returned 0 product candidates
2026-04-15 16:24:14,807 [INFO] Part 35525641 NOT FOUND: autocomplete could not resolve exact part
2026-04-15 16:24:14,807 [INFO] [115/948] 35525641 | NOT FOUND (Not found in autocomplete)
2026-04-15 16:24:15,110 [INFO] Autocomplete for 35126383 returned 0 product candidates
2026-04-15 16:24:15,110 [INFO] Part 35126383 NOT FOUND: autocomplete could not resolve exact part
2026-04-15 16:24:15,110 [INFO] [116/948] 35126383 | NOT FOUND (Not found in autocomplete)
2026-04-15 16:24:15,158 [INFO] [117/948] 35126384 | Attempt 1 started
2026-04-15 16:24:15,158 [INFO] Starting scrape for part 35126384
2026-04-15 16:24:15,461 [INFO] [118/948] 35126385 | Attempt 1 started
2026-04-15 16:24:15,461 [INFO] Starting scrape for part 35126385
2026-04-15 16:24:15,625 [INFO] Autocomplete for 35525639 returned 0 product candidates
2026-04-15 16:24:15,627 [INFO] Part 35525639 NOT FOUND: autocomplete could not resolve exact part
2026-04-15 16:24:15,627 [INFO] [106/948] 35525639 | NOT FOUND (Not found in autocomplete)
2026-04-15 16:24:15,978 [INFO] [119/948] 35020435 | Attempt 1 started
2026-04-15 16:24:15,978 [INFO] Starting scrape for part 35020435
2026-04-15 16:24:15,993 [INFO] Autocomplete for 35748654 returned 0 product candidates
2026-04-15 16:24:15,996 [INFO] Part 35748654 NOT FOUND: autocomplete could not resolve exact part
2026-04-15 16:24:15,996 [INFO] [108/948] 35748654 | NOT FOUND (Not found in autocomplete)
2026-04-15 16:24:16,168 [INFO] Autocomplete for 35748646 returned 0 product candidates
2026-04-15 16:24:16,169 [INFO] Part 35748646 NOT FOUND: autocomplete could not resolve exact part
2026-04-15 16:24:16,169 [INFO] [107/948] 35748646 | NOT FOUND (Not found in autocomplete)
2026-04-15 16:24:16,347 [INFO] [120/948] 35020436 | Attempt 1 started
2026-04-15 16:24:16,347 [INFO] Starting scrape for part 35020436
2026-04-15 16:24:16,520 [INFO] [121/948] 35020437 | Attempt 1 started
2026-04-15 16:24:16,521 [INFO] Starting scrape for part 35020437
2026-04-15 16:24:16,820 [INFO] Autocomplete for 35020436 returned 0 product candidates
2026-04-15 16:24:16,822 [INFO] Part 35020436 NOT FOUND: autocomplete could not resolve exact part
2026-04-15 16:24:16,822 [INFO] [120/948] 35020436 | NOT FOUND (Not found in autocomplete)
2026-04-15 16:24:16,995 [INFO] Autocomplete for 35020437 returned 0 product candidates
2026-04-15 16:24:16,997 [INFO] Part 35020437 NOT FOUND: autocomplete could not resolve exact part
2026-04-15 16:24:16,998 [INFO] [121/948] 35020437 | NOT FOUND (Not found in autocomplete)
2026-04-15 16:24:17,173 [INFO] [122/948] 35087440 | Attempt 1 started
2026-04-15 16:24:17,173 [INFO] Starting scrape for part 35087440
2026-04-15 16:24:17,292 [INFO] Autocomplete for 35525640 returned 0 product candidates
2026-04-15 16:24:17,294 [INFO] Part 35525640 NOT FOUND: autocomplete could not resolve exact part
2026-04-15 16:24:17,294 [INFO] [109/948] 35525640 | NOT FOUND (Not found in autocomplete)
2026-04-15 16:24:17,348 [INFO] [123/948] 33164011 | Attempt 1 started
2026-04-15 16:24:17,348 [INFO] Starting scrape for part 33164011
2026-04-15 16:24:17,357 [INFO] Autocomplete for 35748655 returned 0 product candidates
2026-04-15 16:24:17,361 [INFO] Part 35748655 NOT FOUND: autocomplete could not resolve exact part
2026-04-15 16:24:17,361 [INFO] [111/948] 35748655 | NOT FOUND (Not found in autocomplete)
2026-04-15 16:24:17,599 [INFO] Autocomplete for 35748648 returned 0 product candidates
2026-04-15 16:24:17,601 [INFO] Part 35748648 NOT FOUND: autocomplete could not resolve exact part
2026-04-15 16:24:17,601 [INFO] [112/948] 35748648 | NOT FOUND (Not found in autocomplete)
2026-04-15 16:24:17,632 [INFO] Autocomplete for 35748642 returned 0 product candidates
2026-04-15 16:24:17,634 [INFO] Part 35748642 NOT FOUND: autocomplete could not resolve exact part
2026-04-15 16:24:17,634 [INFO] [114/948] 35748642 | NOT FOUND (Not found in autocomplete)
2026-04-15 16:24:17,645 [INFO] [124/948] 33189092 | Attempt 1 started
2026-04-15 16:24:17,645 [INFO] Starting scrape for part 33189092
2026-04-15 16:24:17,726 [INFO] [125/948] 33195181 | Attempt 1 started
2026-04-15 16:24:17,726 [INFO] Starting scrape for part 33195181
2026-04-15 16:24:17,855 [INFO] Autocomplete for 35748657 returned 0 product candidates
2026-04-15 16:24:17,856 [INFO] Part 35748657 NOT FOUND: autocomplete could not resolve exact part
2026-04-15 16:24:17,857 [INFO] [113/948] 35748657 | NOT FOUND (Not found in autocomplete)
2026-04-15 16:24:17,952 [INFO] [126/948] 33194666 | Attempt 1 started
2026-04-15 16:24:17,953 [INFO] Starting scrape for part 33194666
2026-04-15 16:24:17,964 [INFO] Autocomplete for 33164011 returned 0 product candidates
2026-04-15 16:24:17,966 [INFO] Part 33164011 NOT FOUND: autocomplete could not resolve exact part
2026-04-15 16:24:17,966 [INFO] [123/948] 33164011 | NOT FOUND (Not found in autocomplete)
2026-04-15 16:24:17,985 [INFO] [127/948] 15514573 | Attempt 1 started
2026-04-15 16:24:17,986 [INFO] Starting scrape for part 15514573
2026-04-15 16:24:18,023 [INFO] Autocomplete for 35126385 returned 0 product candidates
2026-04-15 16:24:18,024 [INFO] Part 35126385 NOT FOUND: autocomplete could not resolve exact part
2026-04-15 16:24:18,024 [INFO] [118/948] 35126385 | NOT FOUND (Not found in autocomplete)
2026-04-15 16:24:18,208 [INFO] [128/948] 15514574 | Attempt 1 started
2026-04-15 16:24:18,208 [INFO] Starting scrape for part 15514574
2026-04-15 16:24:18,317 [INFO] [129/948] 15514575 | Attempt 1 started
2026-04-15 16:24:18,317 [INFO] Starting scrape for part 15514575
2026-04-15 16:24:18,375 [INFO] [130/948] 15514577 | Attempt 1 started
2026-04-15 16:24:18,375 [INFO] Starting scrape for part 15514577
2026-04-15 16:24:18,430 [INFO] Autocomplete for 33194666 returned 0 product candidates
2026-04-15 16:24:18,445 [INFO] Part 33194666 NOT FOUND: autocomplete could not resolve exact part
2026-04-15 16:24:18,445 [INFO] [126/948] 33194666 | NOT FOUND (Not found in autocomplete)
2026-04-15 16:24:18,491 [INFO] Autocomplete for 15514573 returned 1 product candidates
2026-04-15 16:24:18,492 [INFO] Matched part 15514573 with Arrow fullPart=15514573 partSeo=15514573 mfrSeo=aptiv
2026-04-15 16:24:18,518 [INFO] Autocomplete for 35020435 returned 1 product candidates
2026-04-15 16:24:18,519 [INFO] Matched part 35020435 with Arrow fullPart=35020435 partSeo=35020435 mfrSeo=aptiv
2026-04-15 16:24:18,645 [INFO] Autocomplete for 15514574 returned 0 product candidates
2026-04-15 16:24:18,647 [INFO] Part 15514574 NOT FOUND: autocomplete could not resolve exact part
2026-04-15 16:24:18,648 [INFO] [128/948] 15514574 | NOT FOUND (Not found in autocomplete)
2026-04-15 16:24:18,795 [INFO] [131/948] 15514762 | Attempt 1 started
2026-04-15 16:24:18,796 [INFO] Starting scrape for part 15514762
2026-04-15 16:24:18,962 [INFO] Autocomplete for 35126384 returned 0 product candidates
2026-04-15 16:24:18,965 [INFO] Part 35126384 NOT FOUND: autocomplete could not resolve exact part
2026-04-15 16:24:18,965 [INFO] [117/948] 35126384 | NOT FOUND (Not found in autocomplete)
2026-04-15 16:24:18,999 [INFO] [132/948] 15514763 | Attempt 1 started
2026-04-15 16:24:19,000 [INFO] Starting scrape for part 15514763
2026-04-15 16:24:19,316 [INFO] [133/948] 15514764 | Attempt 1 started
2026-04-15 16:24:19,316 [INFO] Starting scrape for part 15514764
2026-04-15 16:24:19,443 [INFO] Autocomplete for 15514763 returned 1 product candidates
2026-04-15 16:24:19,443 [INFO] Matched part 15514763 with Arrow fullPart=15514763 partSeo=15514763 mfrSeo=aptiv
2026-04-15 16:24:20,381 [INFO] Autocomplete for 35087440 returned 0 product candidates
2026-04-15 16:24:20,383 [INFO] Part 35087440 NOT FOUND: autocomplete could not resolve exact part
2026-04-15 16:24:20,383 [INFO] [122/948] 35087440 | NOT FOUND (Not found in autocomplete)
2026-04-15 16:24:20,588 [INFO] Autocomplete for 33189092 returned 0 product candidates
2026-04-15 16:24:20,591 [INFO] Part 33189092 NOT FOUND: autocomplete could not resolve exact part
2026-04-15 16:24:20,591 [INFO] [124/948] 33189092 | NOT FOUND (Not found in autocomplete)
2026-04-15 16:24:20,734 [INFO] [134/948] 15514765 | Attempt 1 started
2026-04-15 16:24:20,734 [INFO] Starting scrape for part 15514765
2026-04-15 16:24:20,915 [INFO] Autocomplete for 33195181 returned 0 product candidates
2026-04-15 16:24:20,916 [INFO] Part 33195181 NOT FOUND: autocomplete could not resolve exact part
2026-04-15 16:24:20,916 [INFO] [125/948] 33195181 | NOT FOUND (Not found in autocomplete)
2026-04-15 16:24:20,941 [INFO] [135/948] 15514524 | Attempt 1 started
2026-04-15 16:24:20,941 [INFO] Starting scrape for part 15514524
2026-04-15 16:24:21,165 [INFO] Autocomplete for 15514765 returned 0 product candidates
2026-04-15 16:24:21,167 [INFO] Part 15514765 NOT FOUND: autocomplete could not resolve exact part
2026-04-15 16:24:21,167 [INFO] [134/948] 15514765 | NOT FOUND (Not found in autocomplete)
2026-04-15 16:24:21,256 [INFO] Autocomplete for 15514577 returned 0 product candidates
2026-04-15 16:24:21,258 [INFO] Autocomplete for 15514575 returned 0 product candidates
2026-04-15 16:24:21,258 [INFO] Part 15514577 NOT FOUND: autocomplete could not resolve exact part
2026-04-15 16:24:21,259 [INFO] [130/948] 15514577 | NOT FOUND (Not found in autocomplete)
2026-04-15 16:24:21,260 [INFO] Part 15514575 NOT FOUND: autocomplete could not resolve exact part
2026-04-15 16:24:21,260 [INFO] [129/948] 15514575 | NOT FOUND (Not found in autocomplete)
2026-04-15 16:24:21,267 [INFO] [136/948] 15514525 | Attempt 1 started
2026-04-15 16:24:21,267 [INFO] Starting scrape for part 15514525
2026-04-15 16:24:21,276 [INFO] Autocomplete for 15514762 returned 1 product candidates
2026-04-15 16:24:21,276 [INFO] Matched part 15514762 with Arrow fullPart=15514762 partSeo=15514762 mfrSeo=aptiv
2026-04-15 16:24:21,381 [INFO] Autocomplete for 15514524 returned 1 product candidates
2026-04-15 16:24:21,381 [INFO] Matched part 15514524 with Arrow fullPart=15514524 partSeo=15514524 mfrSeo=aptiv
2026-04-15 16:24:21,517 [INFO] [137/948] 15514526 | Attempt 1 started
2026-04-15 16:24:21,518 [INFO] Starting scrape for part 15514526
2026-04-15 16:24:21,621 [INFO] [138/948] 15514527 | Attempt 1 started
2026-04-15 16:24:21,621 [INFO] [139/948] 15513504 | Attempt 1 started
2026-04-15 16:24:21,622 [INFO] Starting scrape for part 15514527
2026-04-15 16:24:21,622 [INFO] Starting scrape for part 15513504
2026-04-15 16:24:21,686 [INFO] [127/948] 15514573 | FOUND
2026-04-15 16:24:21,897 [INFO] Autocomplete for 15514764 returned 0 product candidates
2026-04-15 16:24:21,899 [INFO] Part 15514764 NOT FOUND: autocomplete could not resolve exact part
2026-04-15 16:24:21,899 [INFO] [133/948] 15514764 | NOT FOUND (Not found in autocomplete)
2026-04-15 16:24:21,978 [INFO] [119/948] 35020435 | FOUND
2026-04-15 16:24:22,000 [INFO] Autocomplete for 15514526 returned 0 product candidates
2026-04-15 16:24:22,002 [INFO] Part 15514526 NOT FOUND: autocomplete could not resolve exact part
2026-04-15 16:24:22,002 [INFO] [137/948] 15514526 | NOT FOUND (Not found in autocomplete)
2026-04-15 16:24:22,036 [INFO] [140/948] 15513505 | Attempt 1 started
2026-04-15 16:24:22,037 [INFO] Starting scrape for part 15513505
2026-04-15 16:24:22,120 [INFO] Autocomplete for 15513504 returned 1 product candidates
2026-04-15 16:24:22,120 [INFO] Matched part 15513504 with Arrow fullPart=15513504 partSeo=15513504 mfrSeo=aptiv
2026-04-15 16:24:22,250 [INFO] [141/948] 15513506 | Attempt 1 started
2026-04-15 16:24:22,250 [INFO] Starting scrape for part 15513506
2026-04-15 16:24:22,338 [INFO] [142/948] 15513507 | Attempt 1 started
2026-04-15 16:24:22,354 [INFO] [143/948] 15514667 | Attempt 1 started
2026-04-15 16:24:22,358 [INFO] Starting scrape for part 15513507
2026-04-15 16:24:22,358 [INFO] Starting scrape for part 15514667
2026-04-15 16:24:22,737 [INFO] Autocomplete for 15513506 returned 0 product candidates
2026-04-15 16:24:22,738 [INFO] Part 15513506 NOT FOUND: autocomplete could not resolve exact part
2026-04-15 16:24:22,738 [INFO] [141/948] 15513506 | NOT FOUND (Not found in autocomplete)
2026-04-15 16:24:22,844 [INFO] Autocomplete for 15513507 returned 0 product candidates
2026-04-15 16:24:22,846 [INFO] Part 15513507 NOT FOUND: autocomplete could not resolve exact part
2026-04-15 16:24:22,846 [INFO] [142/948] 15513507 | NOT FOUND (Not found in autocomplete)
2026-04-15 16:24:23,089 [INFO] [144/948] 15514668 | Attempt 1 started
2026-04-15 16:24:23,090 [INFO] Starting scrape for part 15514668
2026-04-15 16:24:23,199 [INFO] [145/948] 15514669 | Attempt 1 started
2026-04-15 16:24:23,199 [INFO] Starting scrape for part 15514669
2026-04-15 16:24:23,226 [INFO] [132/948] 15514763 | FOUND
2026-04-15 16:24:23,577 [INFO] [146/948] 15514670 | Attempt 1 started
2026-04-15 16:24:23,577 [INFO] Starting scrape for part 15514670
2026-04-15 16:24:24,079 [INFO] [131/948] 15514762 | FOUND
2026-04-15 16:24:24,332 [INFO] Autocomplete for 15514670 returned 0 product candidates
2026-04-15 16:24:24,334 [INFO] Part 15514670 NOT FOUND: autocomplete could not resolve exact part
2026-04-15 16:24:24,334 [INFO] [146/948] 15514670 | NOT FOUND (Not found in autocomplete)
2026-04-15 16:24:24,430 [INFO] [147/948] 15514623 | Attempt 1 started
2026-04-15 16:24:24,430 [INFO] Starting scrape for part 15514623
2026-04-15 16:24:24,521 [INFO] Autocomplete for 15514525 returned 1 product candidates
2026-04-15 16:24:24,521 [INFO] Matched part 15514525 with Arrow fullPart=15514525 partSeo=15514525 mfrSeo=aptiv
2026-04-15 16:24:24,554 [INFO] [135/948] 15514524 | FOUND
2026-04-15 16:24:24,685 [INFO] [148/948] 15514625 | Attempt 1 started
2026-04-15 16:24:24,685 [INFO] Starting scrape for part 15514625
2026-04-15 16:24:24,905 [INFO] [149/948] 15514628 | Attempt 1 started
2026-04-15 16:24:24,905 [INFO] Starting scrape for part 15514628
2026-04-15 16:24:24,907 [INFO] Autocomplete for 15514527 returned 0 product candidates
2026-04-15 16:24:24,908 [INFO] Part 15514527 NOT FOUND: autocomplete could not resolve exact part
2026-04-15 16:24:24,908 [INFO] [138/948] 15514527 | NOT FOUND (Not found in autocomplete)
2026-04-15 16:24:25,002 [INFO] [139/948] 15513504 | FOUND
2026-04-15 16:24:25,179 [INFO] Autocomplete for 15514625 returned 1 product candidates
2026-04-15 16:24:25,179 [INFO] Matched part 15514625 with Arrow fullPart=15514625 partSeo=15514625_1 mfrSeo=aptiv
2026-04-15 16:24:25,259 [INFO] [150/948] 15514629 | Attempt 1 started
2026-04-15 16:24:25,259 [INFO] Starting scrape for part 15514629
2026-04-15 16:24:25,353 [INFO] [151/948] 15514473 | Attempt 1 started
2026-04-15 16:24:25,353 [INFO] Starting scrape for part 15514473
2026-04-15 16:24:25,389 [INFO] Autocomplete for 15514628 returned 1 product candidates
2026-04-15 16:24:25,389 [INFO] Matched part 15514628 with Arrow fullPart=15514628 partSeo=15514628 mfrSeo=aptiv
2026-04-15 16:24:25,808 [INFO] Autocomplete for 15513505 returned 1 product candidates
2026-04-15 16:24:25,808 [INFO] Matched part 15513505 with Arrow fullPart=15513505 partSeo=15513505 mfrSeo=aptiv
2026-04-15 16:24:25,816 [INFO] Autocomplete for 15514473 returned 1 product candidates
2026-04-15 16:24:25,816 [INFO] Matched part 15514473 with Arrow fullPart=15514473 partSeo=15514473 mfrSeo=aptiv
2026-04-15 16:24:26,159 [INFO] Autocomplete for 15514667 returned 1 product candidates
2026-04-15 16:24:26,159 [INFO] Matched part 15514667 with Arrow fullPart=15514667 partSeo=15514667 mfrSeo=aptiv
2026-04-15 16:24:26,579 [INFO] Autocomplete for 15514668 returned 1 product candidates
2026-04-15 16:24:26,580 [INFO] Matched part 15514668 with Arrow fullPart=15514668 partSeo=15514668 mfrSeo=aptiv
2026-04-15 16:24:26,591 [INFO] Autocomplete for 15514669 returned 1 product candidates
2026-04-15 16:24:26,592 [INFO] Matched part 15514669 with Arrow fullPart=15514669 partSeo=15514669 mfrSeo=aptiv
2026-04-15 16:24:27,331 [INFO] Autocomplete for 15514623 returned 1 product candidates
2026-04-15 16:24:27,331 [INFO] Matched part 15514623 with Arrow fullPart=15514623 partSeo=15514623_2 mfrSeo=aptiv
2026-04-15 16:24:27,740 [INFO] Autocomplete for 15514629 returned 1 product candidates
2026-04-15 16:24:27,740 [INFO] Matched part 15514629 with Arrow fullPart=15514629 partSeo=15514629 mfrSeo=aptiv
2026-04-15 16:24:28,319 [INFO] [136/948] 15514525 | FOUND
2026-04-15 16:24:28,330 [INFO] [148/948] 15514625 | FOUND
2026-04-15 16:24:28,670 [INFO] [152/948] 15514474 | Attempt 1 started
2026-04-15 16:24:28,671 [INFO] Starting scrape for part 15514474
2026-04-15 16:24:28,681 [INFO] [153/948] 15514475 | Attempt 1 started
2026-04-15 16:24:28,681 [INFO] Starting scrape for part 15514475
2026-04-15 16:24:28,863 [INFO] [151/948] 15514473 | FOUND
2026-04-15 16:24:28,925 [INFO] [149/948] 15514628 | FOUND
2026-04-15 16:24:29,164 [INFO] [143/948] 15514667 | FOUND
2026-04-15 16:24:29,214 [INFO] [154/948] 15514476 | Attempt 1 started
2026-04-15 16:24:29,215 [INFO] Starting scrape for part 15514476
2026-04-15 16:24:29,275 [INFO] [155/948] 15509274 | Attempt 1 started
2026-04-15 16:24:29,276 [INFO] Starting scrape for part 15509274
2026-04-15 16:24:29,363 [INFO] Autocomplete for 15514475 returned 0 product candidates
2026-04-15 16:24:29,365 [INFO] Part 15514475 NOT FOUND: autocomplete could not resolve exact part
2026-04-15 16:24:29,365 [INFO] [153/948] 15514475 | NOT FOUND (Not found in autocomplete)
2026-04-15 16:24:29,515 [INFO] [156/948] 15509304 | Attempt 1 started
2026-04-15 16:24:29,515 [INFO] Starting scrape for part 15509304
2026-04-15 16:24:29,605 [INFO] [144/948] 15514668 | FOUND
2026-04-15 16:24:29,627 [INFO] [140/948] 15513505 | FOUND
2026-04-15 16:24:29,688 [INFO] Autocomplete for 15514476 returned 0 product candidates
2026-04-15 16:24:29,690 [INFO] Part 15514476 NOT FOUND: autocomplete could not resolve exact part
2026-04-15 16:24:29,690 [INFO] [154/948] 15514476 | NOT FOUND (Not found in autocomplete)
2026-04-15 16:24:29,714 [INFO] Autocomplete for 15509274 returned 1 product candidates
2026-04-15 16:24:29,714 [INFO] Matched part 15509274 with Arrow fullPart=15509274 partSeo=15509274 mfrSeo=aptiv
2026-04-15 16:24:29,717 [INFO] [157/948] 15512461 | Attempt 1 started
2026-04-15 16:24:29,717 [INFO] Starting scrape for part 15512461
2026-04-15 16:24:29,956 [INFO] [158/948] 15512462 | Attempt 1 started
2026-04-15 16:24:29,956 [INFO] Starting scrape for part 15512462
2026-04-15 16:24:29,978 [INFO] [159/948] 15512463 | Attempt 1 started
2026-04-15 16:24:29,978 [INFO] Starting scrape for part 15512463
2026-04-15 16:24:30,082 [INFO] [160/948] 15512464 | Attempt 1 started
2026-04-15 16:24:30,083 [INFO] Starting scrape for part 15512464
2026-04-15 16:24:30,160 [INFO] [145/948] 15514669 | FOUND
2026-04-15 16:24:30,212 [INFO] Autocomplete for 15512461 returned 1 product candidates
2026-04-15 16:24:30,212 [INFO] Matched part 15512461 with Arrow fullPart=15512461 partSeo=15512461 mfrSeo=aptiv
2026-04-15 16:24:30,511 [INFO] [161/948] 15509366 | Attempt 1 started
2026-04-15 16:24:30,512 [INFO] Starting scrape for part 15509366
2026-04-15 16:24:30,971 [INFO] [147/948] 15514623 | FOUND
2026-04-15 16:24:31,322 [INFO] [162/948] 15512475 | Attempt 1 started
2026-04-15 16:24:31,322 [INFO] Starting scrape for part 15512475
2026-04-15 16:24:31,383 [INFO] Autocomplete for 15514474 returned 1 product candidates
2026-04-15 16:24:31,384 [INFO] Matched part 15514474 with Arrow fullPart=15514474 partSeo=15514474 mfrSeo=aptiv
2026-04-15 16:24:31,416 [INFO] [150/948] 15514629 | FOUND
2026-04-15 16:24:31,749 [INFO] Autocomplete for 15512475 returned 1 product candidates
2026-04-15 16:24:31,749 [INFO] Matched part 15512475 with Arrow fullPart=15512475 partSeo=15512475 mfrSeo=aptiv
2026-04-15 16:24:31,767 [INFO] [163/948] 15512476 | Attempt 1 started
2026-04-15 16:24:31,767 [INFO] Starting scrape for part 15512476
2026-04-15 16:24:32,122 [INFO] Autocomplete for 15509304 returned 1 product candidates
2026-04-15 16:24:32,122 [INFO] Matched part 15509304 with Arrow fullPart=15509304 partSeo=15509304 mfrSeo=aptiv
2026-04-15 16:24:32,696 [INFO] Autocomplete for 15512464 returned 0 product candidates
2026-04-15 16:24:32,697 [INFO] Part 15512464 NOT FOUND: autocomplete could not resolve exact part
2026-04-15 16:24:32,697 [INFO] [160/948] 15512464 | NOT FOUND (Not found in autocomplete)
2026-04-15 16:24:32,863 [INFO] Autocomplete for 15512462 returned 1 product candidates
2026-04-15 16:24:32,863 [INFO] Matched part 15512462 with Arrow fullPart=15512462 partSeo=15512462 mfrSeo=aptiv
2026-04-15 16:24:32,886 [INFO] [157/948] 15512461 | FOUND
2026-04-15 16:24:32,999 [INFO] Autocomplete for 15512463 returned 0 product candidates
2026-04-15 16:24:33,001 [INFO] Part 15512463 NOT FOUND: autocomplete could not resolve exact part
2026-04-15 16:24:33,001 [INFO] [159/948] 15512463 | NOT FOUND (Not found in autocomplete)
2026-04-15 16:24:33,047 [INFO] [164/948] 15512489 | Attempt 1 started
2026-04-15 16:24:33,048 [INFO] Starting scrape for part 15512489
2026-04-15 16:24:33,237 [INFO] [165/948] 15512506 | Attempt 1 started
2026-04-15 16:24:33,237 [INFO] Starting scrape for part 15512506
2026-04-15 16:24:33,352 [INFO] [166/948] 15512507 | Attempt 1 started
2026-04-15 16:24:33,353 [INFO] Starting scrape for part 15512507
2026-04-15 16:24:33,494 [INFO] Autocomplete for 15512489 returned 1 product candidates
2026-04-15 16:24:33,494 [INFO] Matched part 15512489 with Arrow fullPart=15512489 partSeo=15512489 mfrSeo=aptiv
2026-04-15 16:24:33,644 [INFO] [155/948] 15509274 | FOUND
2026-04-15 16:24:33,737 [INFO] Autocomplete for 15509366 returned 1 product candidates
2026-04-15 16:24:33,737 [INFO] Matched part 15509366 with Arrow fullPart=15509366 partSeo=15509366 mfrSeo=aptiv
2026-04-15 16:24:33,995 [INFO] [167/948] 15512508 | Attempt 1 started
2026-04-15 16:24:33,995 [INFO] Starting scrape for part 15512508
2026-04-15 16:24:35,010 [INFO] Autocomplete for 15512476 returned 0 product candidates
2026-04-15 16:24:35,012 [INFO] Part 15512476 NOT FOUND: autocomplete could not resolve exact part
2026-04-15 16:24:35,012 [INFO] [163/948] 15512476 | NOT FOUND (Not found in autocomplete)
2026-04-15 16:24:35,226 [INFO] [156/948] 15509304 | FOUND
2026-04-15 16:24:35,363 [INFO] [168/948] 35133588 | Attempt 1 started
2026-04-15 16:24:35,363 [INFO] Starting scrape for part 35133588
2026-04-15 16:24:35,577 [INFO] [169/948] 33223792 | Attempt 1 started
2026-04-15 16:24:35,577 [INFO] Starting scrape for part 33223792
2026-04-15 16:24:35,789 [INFO] Autocomplete for 15512506 returned 1 product candidates
2026-04-15 16:24:35,789 [INFO] Matched part 15512506 with Arrow fullPart=15512506 partSeo=15512506 mfrSeo=aptiv
2026-04-15 16:24:35,856 [INFO] Autocomplete for 35133588 returned 1 product candidates
2026-04-15 16:24:35,856 [INFO] Matched part 35133588 with Arrow fullPart=35133588 partSeo=35133588 mfrSeo=aptiv
2026-04-15 16:24:36,080 [INFO] Autocomplete for 15512507 returned 1 product candidates
2026-04-15 16:24:36,080 [INFO] Matched part 15512507 with Arrow fullPart=15512507 partSeo=15512507 mfrSeo=aptiv
2026-04-15 16:24:36,156 [INFO] [158/948] 15512462 | FOUND
2026-04-15 16:24:36,233 [INFO] [152/948] 15514474 | FOUND
2026-04-15 16:24:36,330 [INFO] [162/948] 15512475 | FOUND
2026-04-15 16:24:36,506 [INFO] [170/948] 33223793 | Attempt 1 started
2026-04-15 16:24:36,506 [INFO] Starting scrape for part 33223793
2026-04-15 16:24:36,546 [INFO] [164/948] 15512489 | FOUND
2026-04-15 16:24:36,583 [INFO] [171/948] 33223794 | Attempt 1 started
2026-04-15 16:24:36,584 [INFO] Starting scrape for part 33223794
2026-04-15 16:24:36,618 [INFO] Autocomplete for 15512508 returned 1 product candidates
2026-04-15 16:24:36,618 [INFO] Matched part 15512508 with Arrow fullPart=15512508 partSeo=15512508 mfrSeo=aptiv
2026-04-15 16:24:36,744 [INFO] [172/948] 35477650 | Attempt 1 started
2026-04-15 16:24:36,745 [INFO] Starting scrape for part 35477650
2026-04-15 16:24:36,897 [INFO] [173/948] 35477654 | Attempt 1 started
2026-04-15 16:24:36,898 [INFO] Starting scrape for part 35477654
2026-04-15 16:24:37,120 [INFO] [161/948] 15509366 | FOUND
2026-04-15 16:24:37,124 [INFO] Autocomplete for 33223793 returned 1 product candidates
2026-04-15 16:24:37,124 [INFO] Matched part 33223793 with Arrow fullPart=33223793 partSeo=33223793 mfrSeo=aptiv
2026-04-15 16:24:37,181 [INFO] Autocomplete for 35477650 returned 0 product candidates
2026-04-15 16:24:37,184 [INFO] Part 35477650 NOT FOUND: autocomplete could not resolve exact part
2026-04-15 16:24:37,184 [INFO] [172/948] 35477650 | NOT FOUND (Not found in autocomplete)
2026-04-15 16:24:37,379 [INFO] Autocomplete for 35477654 returned 0 product candidates
2026-04-15 16:24:37,380 [INFO] Part 35477654 NOT FOUND: autocomplete could not resolve exact part
2026-04-15 16:24:37,380 [INFO] [173/948] 35477654 | NOT FOUND (Not found in autocomplete)
2026-04-15 16:24:37,471 [INFO] [174/948] 35592334 | Attempt 1 started
2026-04-15 16:24:37,471 [INFO] Starting scrape for part 35592334
2026-04-15 16:24:37,539 [INFO] [175/948] 35784410 | Attempt 1 started
2026-04-15 16:24:37,539 [INFO] Starting scrape for part 35784410
2026-04-15 16:24:37,730 [INFO] [176/948] 35773252 | Attempt 1 started
2026-04-15 16:24:37,731 [INFO] Starting scrape for part 35773252
2026-04-15 16:24:38,278 [INFO] Autocomplete for 35773252 returned 0 product candidates
2026-04-15 16:24:38,283 [INFO] Part 35773252 NOT FOUND: autocomplete could not resolve exact part
2026-04-15 16:24:38,283 [INFO] [176/948] 35773252 | NOT FOUND (Not found in autocomplete)
2026-04-15 16:24:38,290 [INFO] Autocomplete for 33223792 returned 1 product candidates
2026-04-15 16:24:38,290 [INFO] Matched part 33223792 with Arrow fullPart=33223792 partSeo=33223792 mfrSeo=aptiv
2026-04-15 16:24:38,634 [INFO] [177/948] 35773273 | Attempt 1 started
2026-04-15 16:24:38,634 [INFO] Starting scrape for part 35773273
2026-04-15 16:24:39,176 [INFO] [165/948] 15512506 | FOUND
2026-04-15 16:24:39,225 [INFO] Autocomplete for 33223794 returned 1 product candidates
2026-04-15 16:24:39,225 [INFO] Matched part 33223794 with Arrow fullPart=33223794 partSeo=33223794 mfrSeo=aptiv
2026-04-15 16:24:39,526 [INFO] [167/948] 15512508 | FOUND
2026-04-15 16:24:39,526 [INFO] [178/948] 35773538 | Attempt 1 started
2026-04-15 16:24:39,526 [INFO] Starting scrape for part 35773538
2026-04-15 16:24:39,877 [INFO] [179/948] 35830290 | Attempt 1 started
2026-04-15 16:24:39,878 [INFO] Starting scrape for part 35830290
2026-04-15 16:24:39,963 [INFO] Autocomplete for 35773538 returned 0 product candidates
2026-04-15 16:24:39,964 [INFO] Part 35773538 NOT FOUND: autocomplete could not resolve exact part
2026-04-15 16:24:39,964 [INFO] [178/948] 35773538 | NOT FOUND (Not found in autocomplete)
2026-04-15 16:24:39,978 [INFO] [166/948] 15512507 | FOUND
2026-04-15 16:24:40,119 [INFO] [170/948] 33223793 | FOUND
2026-04-15 16:24:40,300 [INFO] [168/948] 35133588 | FOUND
2026-04-15 16:24:40,315 [INFO] [180/948] 35521020 | Attempt 1 started
2026-04-15 16:24:40,315 [INFO] Starting scrape for part 35521020
2026-04-15 16:24:40,329 [INFO] [181/948] 35521163 | Attempt 1 started
2026-04-15 16:24:40,329 [INFO] Starting scrape for part 35521163
2026-04-15 16:24:40,469 [INFO] [182/948] 35592357 | Attempt 1 started
2026-04-15 16:24:40,469 [INFO] Starting scrape for part 35592357
2026-04-15 16:24:40,510 [INFO] Autocomplete for 35592334 returned 0 product candidates
2026-04-15 16:24:40,514 [INFO] Part 35592334 NOT FOUND: autocomplete could not resolve exact part
2026-04-15 16:24:40,514 [INFO] [174/948] 35592334 | NOT FOUND (Not found in autocomplete)
2026-04-15 16:24:40,650 [INFO] [183/948] 35876856 | Attempt 1 started
2026-04-15 16:24:40,651 [INFO] Starting scrape for part 35876856
2026-04-15 16:24:40,764 [INFO] Autocomplete for 35784410 returned 0 product candidates
2026-04-15 16:24:40,766 [INFO] Part 35784410 NOT FOUND: autocomplete could not resolve exact part
2026-04-15 16:24:40,766 [INFO] [175/948] 35784410 | NOT FOUND (Not found in autocomplete)
2026-04-15 16:24:40,863 [INFO] Autocomplete for 35521163 returned 0 product candidates
2026-04-15 16:24:40,865 [INFO] Part 35521163 NOT FOUND: autocomplete could not resolve exact part
2026-04-15 16:24:40,865 [INFO] [181/948] 35521163 | NOT FOUND (Not found in autocomplete)
2026-04-15 16:24:40,865 [INFO] [184/948] 35876886 | Attempt 1 started
2026-04-15 16:24:40,866 [INFO] Starting scrape for part 35876886
2026-04-15 16:24:41,117 [INFO] [185/948] 35839349 | Attempt 1 started
2026-04-15 16:24:41,117 [INFO] Starting scrape for part 35839349
2026-04-15 16:24:41,215 [INFO] [186/948] 35894299 | Attempt 1 started
2026-04-15 16:24:41,216 [INFO] Starting scrape for part 35894299
2026-04-15 16:24:41,365 [INFO] Autocomplete for 35876886 returned 0 product candidates
2026-04-15 16:24:41,367 [INFO] Part 35876886 NOT FOUND: autocomplete could not resolve exact part
2026-04-15 16:24:41,367 [INFO] [184/948] 35876886 | NOT FOUND (Not found in autocomplete)
2026-04-15 16:24:41,718 [INFO] [187/948] 35578548 | Attempt 1 started
2026-04-15 16:24:41,718 [INFO] Starting scrape for part 35578548
2026-04-15 16:24:42,001 [INFO] Autocomplete for 35773273 returned 0 product candidates
2026-04-15 16:24:42,002 [INFO] Part 35773273 NOT FOUND: autocomplete could not resolve exact part
2026-04-15 16:24:42,002 [INFO] [177/948] 35773273 | NOT FOUND (Not found in autocomplete)
2026-04-15 16:24:42,074 [INFO] [169/948] 33223792 | FOUND
2026-04-15 16:24:42,353 [INFO] [188/948] 35677441 | Attempt 1 started
2026-04-15 16:24:42,353 [INFO] Starting scrape for part 35677441
2026-04-15 16:24:42,441 [INFO] [189/948] 35533075 | Attempt 1 started
2026-04-15 16:24:42,441 [INFO] Starting scrape for part 35533075
2026-04-15 16:24:42,655 [INFO] [171/948] 33223794 | FOUND
2026-04-15 16:24:42,925 [INFO] Autocomplete for 35830290 returned 0 product candidates
2026-04-15 16:24:42,926 [INFO] Part 35830290 NOT FOUND: autocomplete could not resolve exact part
2026-04-15 16:24:42,926 [INFO] [179/948] 35830290 | NOT FOUND (Not found in autocomplete)
2026-04-15 16:24:42,942 [INFO] Autocomplete for 35533075 returned 0 product candidates
2026-04-15 16:24:42,943 [INFO] Part 35533075 NOT FOUND: autocomplete could not resolve exact part
2026-04-15 16:24:42,944 [INFO] [189/948] 35533075 | NOT FOUND (Not found in autocomplete)
2026-04-15 16:24:43,005 [INFO] [190/948] 35506369 | Attempt 1 started
2026-04-15 16:24:43,005 [INFO] Starting scrape for part 35506369
2026-04-15 16:24:43,277 [INFO] [191/948] 35506381 | Attempt 1 started
2026-04-15 16:24:43,278 [INFO] Starting scrape for part 35506381
2026-04-15 16:24:43,294 [INFO] [192/948] 35533076 | Attempt 1 started
2026-04-15 16:24:43,295 [INFO] Starting scrape for part 35533076
2026-04-15 16:24:43,323 [INFO] Autocomplete for 35876856 returned 0 product candidates
2026-04-15 16:24:43,325 [INFO] Part 35876856 NOT FOUND: autocomplete could not resolve exact part
2026-04-15 16:24:43,325 [INFO] [183/948] 35876856 | NOT FOUND (Not found in autocomplete)
2026-04-15 16:24:43,399 [INFO] Autocomplete for 35506369 returned 0 product candidates
2026-04-15 16:24:43,399 [INFO] Part 35506369 NOT FOUND: autocomplete could not resolve exact part
2026-04-15 16:24:43,399 [INFO] [190/948] 35506369 | NOT FOUND (Not found in autocomplete)
2026-04-15 16:24:43,454 [INFO] Autocomplete for 35521020 returned 1 product candidates
2026-04-15 16:24:43,454 [INFO] No matching fullPart found in autocomplete list for 35521020
2026-04-15 16:24:43,455 [INFO] Part 35521020 NOT FOUND: autocomplete could not resolve exact part
2026-04-15 16:24:43,455 [INFO] [180/948] 35521020 | NOT FOUND (Not found in autocomplete)
2026-04-15 16:24:43,676 [INFO] [193/948] 35584334 | Attempt 1 started
2026-04-15 16:24:43,677 [INFO] Starting scrape for part 35584334
2026-04-15 16:24:43,760 [INFO] [194/948] 35533077 | Attempt 1 started
2026-04-15 16:24:43,767 [INFO] Autocomplete for 35533076 returned 0 product candidates
2026-04-15 16:24:43,767 [INFO] Starting scrape for part 35533077
2026-04-15 16:24:43,769 [INFO] Part 35533076 NOT FOUND: autocomplete could not resolve exact part
2026-04-15 16:24:43,769 [INFO] [192/948] 35533076 | NOT FOUND (Not found in autocomplete)
2026-04-15 16:24:43,774 [INFO] Autocomplete for 35839349 returned 0 product candidates
2026-04-15 16:24:43,777 [INFO] Part 35839349 NOT FOUND: autocomplete could not resolve exact part
2026-04-15 16:24:43,777 [INFO] [185/948] 35839349 | NOT FOUND (Not found in autocomplete)
2026-04-15 16:24:43,807 [INFO] [195/948] 35506370 | Attempt 1 started
2026-04-15 16:24:43,807 [INFO] Starting scrape for part 35506370
2026-04-15 16:24:43,908 [INFO] Autocomplete for 35894299 returned 0 product candidates
2026-04-15 16:24:43,909 [INFO] Part 35894299 NOT FOUND: autocomplete could not resolve exact part
2026-04-15 16:24:43,909 [INFO] [186/948] 35894299 | NOT FOUND (Not found in autocomplete)
2026-04-15 16:24:44,116 [INFO] Autocomplete for 35592357 returned 0 product candidates
2026-04-15 16:24:44,118 [INFO] Part 35592357 NOT FOUND: autocomplete could not resolve exact part
2026-04-15 16:24:44,118 [INFO] [182/948] 35592357 | NOT FOUND (Not found in autocomplete)
2026-04-15 16:24:44,120 [INFO] [196/948] 35677343 | Attempt 1 started
2026-04-15 16:24:44,120 [INFO] Starting scrape for part 35677343
2026-04-15 16:24:44,128 [INFO] [197/948] 35533078 | Attempt 1 started
2026-04-15 16:24:44,129 [INFO] Starting scrape for part 35533078
2026-04-15 16:24:44,258 [INFO] Autocomplete for 35506370 returned 0 product candidates
2026-04-15 16:24:44,259 [INFO] Part 35506370 NOT FOUND: autocomplete could not resolve exact part
2026-04-15 16:24:44,259 [INFO] [198/948] 35584335 | Attempt 1 started
2026-04-15 16:24:44,260 [INFO] [195/948] 35506370 | NOT FOUND (Not found in autocomplete)
2026-04-15 16:24:44,260 [INFO] Starting scrape for part 35584335
2026-04-15 16:24:44,469 [INFO] [199/948] 35533079 | Attempt 1 started
2026-04-15 16:24:44,469 [INFO] Starting scrape for part 35533079
2026-04-15 16:24:44,614 [INFO] [200/948] 35533080 | Attempt 1 started
2026-04-15 16:24:44,615 [INFO] Starting scrape for part 35533080
2026-04-15 16:24:44,657 [INFO] Autocomplete for 35533078 returned 0 product candidates
2026-04-15 16:24:44,674 [INFO] Part 35533078 NOT FOUND: autocomplete could not resolve exact part
2026-04-15 16:24:44,685 [INFO] [197/948] 35533078 | NOT FOUND (Not found in autocomplete)
2026-04-15 16:24:44,960 [INFO] Autocomplete for 35677441 returned 0 product candidates
2026-04-15 16:24:44,962 [INFO] Part 35677441 NOT FOUND: autocomplete could not resolve exact part
2026-04-15 16:24:44,962 [INFO] [188/948] 35677441 | NOT FOUND (Not found in autocomplete)
2026-04-15 16:24:45,013 [INFO] Autocomplete for 35578548 returned 0 product candidates
2026-04-15 16:24:45,014 [INFO] Part 35578548 NOT FOUND: autocomplete could not resolve exact part
2026-04-15 16:24:45,014 [INFO] [187/948] 35578548 | NOT FOUND (Not found in autocomplete)
2026-04-15 16:24:45,036 [INFO] [201/948] 35552923 | Attempt 1 started
2026-04-15 16:24:45,036 [INFO] Starting scrape for part 35552923
2026-04-15 16:24:45,313 [INFO] [202/948] 35506488 | Attempt 1 started
2026-04-15 16:24:45,313 [INFO] Starting scrape for part 35506488
2026-04-15 16:24:45,370 [INFO] [203/948] 35533051 | Attempt 1 started
2026-04-15 16:24:45,372 [INFO] Starting scrape for part 35533051
2026-04-15 16:24:45,724 [INFO] Autocomplete for 35506488 returned 0 product candidates
2026-04-15 16:24:45,725 [INFO] Part 35506488 NOT FOUND: autocomplete could not resolve exact part
2026-04-15 16:24:45,725 [INFO] [202/948] 35506488 | NOT FOUND (Not found in autocomplete)
2026-04-15 16:24:46,038 [INFO] Autocomplete for 35533051 returned 0 product candidates
2026-04-15 16:24:46,040 [INFO] Part 35533051 NOT FOUND: autocomplete could not resolve exact part
2026-04-15 16:24:46,040 [INFO] [203/948] 35533051 | NOT FOUND (Not found in autocomplete)
2026-04-15 16:24:46,076 [INFO] [204/948] 35508680 | Attempt 1 started
2026-04-15 16:24:46,077 [INFO] Starting scrape for part 35508680
2026-04-15 16:24:46,390 [INFO] [205/948] 35552924 | Attempt 1 started
2026-04-15 16:24:46,391 [INFO] Starting scrape for part 35552924
2026-04-15 16:24:46,587 [INFO] Autocomplete for 35508680 returned 0 product candidates
2026-04-15 16:24:46,589 [INFO] Part 35508680 NOT FOUND: autocomplete could not resolve exact part
2026-04-15 16:24:46,589 [INFO] [204/948] 35508680 | NOT FOUND (Not found in autocomplete)
2026-04-15 16:24:46,908 [INFO] Autocomplete for 35552924 returned 0 product candidates
2026-04-15 16:24:46,911 [INFO] Part 35552924 NOT FOUND: autocomplete could not resolve exact part
2026-04-15 16:24:46,911 [INFO] [205/948] 35552924 | NOT FOUND (Not found in autocomplete)
2026-04-15 16:24:46,940 [INFO] [206/948] 35506490 | Attempt 1 started
2026-04-15 16:24:46,940 [INFO] Starting scrape for part 35506490
2026-04-15 16:24:47,262 [INFO] [207/948] 35533052 | Attempt 1 started
2026-04-15 16:24:47,263 [INFO] Starting scrape for part 35533052
2026-04-15 16:24:47,450 [INFO] Autocomplete for 35506490 returned 0 product candidates
2026-04-15 16:24:47,453 [INFO] Part 35506490 NOT FOUND: autocomplete could not resolve exact part
2026-04-15 16:24:47,453 [INFO] [206/948] 35506490 | NOT FOUND (Not found in autocomplete)
2026-04-15 16:24:47,478 [INFO] Autocomplete for 35533077 returned 0 product candidates
2026-04-15 16:24:47,480 [INFO] Part 35533077 NOT FOUND: autocomplete could not resolve exact part
2026-04-15 16:24:47,480 [INFO] [194/948] 35533077 | NOT FOUND (Not found in autocomplete)
2026-04-15 16:24:47,803 [INFO] [208/948] 35555386 | Attempt 1 started
2026-04-15 16:24:47,804 [INFO] Starting scrape for part 35555386
2026-04-15 16:24:47,831 [INFO] [209/948] 35552925 | Attempt 1 started
2026-04-15 16:24:47,831 [INFO] Starting scrape for part 35552925
2026-04-15 16:24:48,316 [INFO] Autocomplete for 35552925 returned 0 product candidates
2026-04-15 16:24:48,318 [INFO] Autocomplete for 35584335 returned 0 product candidates
2026-04-15 16:24:48,319 [INFO] Part 35552925 NOT FOUND: autocomplete could not resolve exact part
2026-04-15 16:24:48,320 [INFO] [209/948] 35552925 | NOT FOUND (Not found in autocomplete)
2026-04-15 16:24:48,321 [INFO] Part 35584335 NOT FOUND: autocomplete could not resolve exact part
2026-04-15 16:24:48,321 [INFO] [198/948] 35584335 | NOT FOUND (Not found in autocomplete)
2026-04-15 16:24:48,413 [INFO] Autocomplete for 35555386 returned 0 product candidates
2026-04-15 16:24:48,415 [INFO] Part 35555386 NOT FOUND: autocomplete could not resolve exact part
2026-04-15 16:24:48,415 [INFO] [208/948] 35555386 | NOT FOUND (Not found in autocomplete)
2026-04-15 16:24:48,548 [INFO] Autocomplete for 35506381 returned 0 product candidates
2026-04-15 16:24:48,555 [INFO] Part 35506381 NOT FOUND: autocomplete could not resolve exact part
2026-04-15 16:24:48,555 [INFO] [191/948] 35506381 | NOT FOUND (Not found in autocomplete)
2026-04-15 16:24:48,670 [INFO] [210/948] 35533053 | Attempt 1 started
2026-04-15 16:24:48,671 [INFO] Starting scrape for part 35533053
2026-04-15 16:24:48,672 [INFO] [211/948] 35777404 | Attempt 1 started
2026-04-15 16:24:48,672 [INFO] Starting scrape for part 35777404
2026-04-15 16:24:48,782 [INFO] [212/948] 35777376 | Attempt 1 started
2026-04-15 16:24:48,782 [INFO] Starting scrape for part 35777376
2026-04-15 16:24:48,906 [INFO] [213/948] 35777407 | Attempt 1 started
2026-04-15 16:24:48,906 [INFO] Starting scrape for part 35777407
2026-04-15 16:24:49,162 [INFO] Autocomplete for 35777404 returned 0 product candidates
2026-04-15 16:24:49,164 [INFO] Part 35777404 NOT FOUND: autocomplete could not resolve exact part
2026-04-15 16:24:49,164 [INFO] [211/948] 35777404 | NOT FOUND (Not found in autocomplete)
2026-04-15 16:24:49,231 [INFO] Autocomplete for 35777376 returned 0 product candidates
2026-04-15 16:24:49,233 [INFO] Part 35777376 NOT FOUND: autocomplete could not resolve exact part
2026-04-15 16:24:49,233 [INFO] [212/948] 35777376 | NOT FOUND (Not found in autocomplete)
2026-04-15 16:24:49,261 [INFO] Autocomplete for 35584334 returned 0 product candidates
2026-04-15 16:24:49,265 [INFO] Part 35584334 NOT FOUND: autocomplete could not resolve exact part
2026-04-15 16:24:49,265 [INFO] [193/948] 35584334 | NOT FOUND (Not found in autocomplete)
2026-04-15 16:24:49,313 [INFO] Autocomplete for 35677343 returned 0 product candidates
2026-04-15 16:24:49,316 [INFO] Part 35677343 NOT FOUND: autocomplete could not resolve exact part
2026-04-15 16:24:49,316 [INFO] [196/948] 35677343 | NOT FOUND (Not found in autocomplete)
2026-04-15 16:24:49,366 [INFO] Autocomplete for 35533079 returned 0 product candidates
2026-04-15 16:24:49,368 [INFO] Part 35533079 NOT FOUND: autocomplete could not resolve exact part
2026-04-15 16:24:49,368 [INFO] [199/948] 35533079 | NOT FOUND (Not found in autocomplete)
2026-04-15 16:24:49,407 [INFO] Autocomplete for 35533080 returned 0 product candidates
2026-04-15 16:24:49,408 [INFO] Autocomplete for 35777407 returned 0 product candidates
2026-04-15 16:24:49,408 [INFO] Part 35533080 NOT FOUND: autocomplete could not resolve exact part
2026-04-15 16:24:49,409 [INFO] [200/948] 35533080 | NOT FOUND (Not found in autocomplete)
2026-04-15 16:24:49,410 [INFO] Part 35777407 NOT FOUND: autocomplete could not resolve exact part
2026-04-15 16:24:49,410 [INFO] [213/948] 35777407 | NOT FOUND (Not found in autocomplete)
2026-04-15 16:24:49,414 [INFO] Autocomplete for 35552923 returned 0 product candidates
2026-04-15 16:24:49,414 [INFO] Part 35552923 NOT FOUND: autocomplete could not resolve exact part
2026-04-15 16:24:49,415 [INFO] [201/948] 35552923 | NOT FOUND (Not found in autocomplete)
2026-04-15 16:24:49,519 [INFO] [214/948] 35777403 | Attempt 1 started
2026-04-15 16:24:49,519 [INFO] Starting scrape for part 35777403
2026-04-15 16:24:49,596 [INFO] [215/948] 35777375 | Attempt 1 started
2026-04-15 16:24:49,597 [INFO] Starting scrape for part 35777375
2026-04-15 16:24:49,619 [INFO] [216/948] 35777406 | Attempt 1 started
2026-04-15 16:24:49,619 [INFO] Starting scrape for part 35777406
2026-04-15 16:24:49,669 [INFO] [217/948] 35777402 | Attempt 1 started
2026-04-15 16:24:49,670 [INFO] Starting scrape for part 35777402
2026-04-15 16:24:49,719 [INFO] [218/948] 35777405 | Attempt 1 started
2026-04-15 16:24:49,719 [INFO] Starting scrape for part 35777405
2026-04-15 16:24:49,779 [INFO] [219/948] 35777410 | Attempt 1 started
2026-04-15 16:24:49,780 [INFO] [220/948] 35777413 | Attempt 1 started
2026-04-15 16:24:49,816 [INFO] Starting scrape for part 35777410
2026-04-15 16:24:49,816 [INFO] [221/948] 35777409 | Attempt 1 started
2026-04-15 16:24:49,817 [INFO] Starting scrape for part 35777413
2026-04-15 16:24:49,817 [INFO] Starting scrape for part 35777409
2026-04-15 16:24:50,018 [INFO] Autocomplete for 35777403 returned 0 product candidates
2026-04-15 16:24:50,021 [INFO] Part 35777403 NOT FOUND: autocomplete could not resolve exact part
2026-04-15 16:24:50,021 [INFO] [214/948] 35777403 | NOT FOUND (Not found in autocomplete)
2026-04-15 16:24:50,105 [INFO] Autocomplete for 35777375 returned 0 product candidates
2026-04-15 16:24:50,109 [INFO] Part 35777375 NOT FOUND: autocomplete could not resolve exact part
2026-04-15 16:24:50,109 [INFO] [215/948] 35777375 | NOT FOUND (Not found in autocomplete)
2026-04-15 16:24:50,161 [INFO] Autocomplete for 35777402 returned 0 product candidates
2026-04-15 16:24:50,164 [INFO] Part 35777402 NOT FOUND: autocomplete could not resolve exact part
2026-04-15 16:24:50,164 [INFO] [217/948] 35777402 | NOT FOUND (Not found in autocomplete)
2026-04-15 16:24:50,241 [INFO] Autocomplete for 35777405 returned 0 product candidates
2026-04-15 16:24:50,245 [INFO] Part 35777405 NOT FOUND: autocomplete could not resolve exact part
2026-04-15 16:24:50,245 [INFO] [218/948] 35777405 | NOT FOUND (Not found in autocomplete)
2026-04-15 16:24:50,277 [INFO] Autocomplete for 35777410 returned 0 product candidates
2026-04-15 16:24:50,280 [INFO] Part 35777410 NOT FOUND: autocomplete could not resolve exact part
2026-04-15 16:24:50,280 [INFO] [219/948] 35777410 | NOT FOUND (Not found in autocomplete)
2026-04-15 16:24:50,371 [INFO] [222/948] 35777412 | Attempt 1 started
2026-04-15 16:24:50,372 [INFO] Starting scrape for part 35777412
2026-04-15 16:24:50,460 [INFO] [223/948] 35777408 | Attempt 1 started
2026-04-15 16:24:50,460 [INFO] Starting scrape for part 35777408
2026-04-15 16:24:50,515 [INFO] [224/948] 35777411 | Attempt 1 started
2026-04-15 16:24:50,515 [INFO] Starting scrape for part 35777411
2026-04-15 16:24:50,535 [INFO] Autocomplete for 35533052 returned 0 product candidates
2026-04-15 16:24:50,538 [INFO] Part 35533052 NOT FOUND: autocomplete could not resolve exact part
2026-04-15 16:24:50,538 [INFO] [207/948] 35533052 | NOT FOUND (Not found in autocomplete)
2026-04-15 16:24:50,607 [INFO] [225/948] 35602195 | Attempt 1 started
2026-04-15 16:24:50,607 [INFO] Starting scrape for part 35602195
2026-04-15 16:24:50,630 [INFO] [226/948] 35602237 | Attempt 1 started
2026-04-15 16:24:50,631 [INFO] Starting scrape for part 35602237
2026-04-15 16:24:50,853 [INFO] Autocomplete for 35777408 returned 0 product candidates
2026-04-15 16:24:50,855 [INFO] Part 35777408 NOT FOUND: autocomplete could not resolve exact part
2026-04-15 16:24:50,855 [INFO] [223/948] 35777408 | NOT FOUND (Not found in autocomplete)
2026-04-15 16:24:50,889 [INFO] [227/948] 35602523 | Attempt 1 started
2026-04-15 16:24:50,889 [INFO] Starting scrape for part 35602523
2026-04-15 16:24:51,029 [INFO] Autocomplete for 35777411 returned 0 product candidates
2026-04-15 16:24:51,031 [INFO] Part 35777411 NOT FOUND: autocomplete could not resolve exact part
2026-04-15 16:24:51,031 [INFO] [224/948] 35777411 | NOT FOUND (Not found in autocomplete)
2026-04-15 16:24:51,206 [INFO] [228/948] 35602537 | Attempt 1 started
2026-04-15 16:24:51,206 [INFO] Starting scrape for part 35602537
2026-04-15 16:24:51,382 [INFO] [229/948] 35793824 | Attempt 1 started
2026-04-15 16:24:51,383 [INFO] Starting scrape for part 35793824
2026-04-15 16:24:51,839 [INFO] Autocomplete for 35793824 returned 0 product candidates
2026-04-15 16:24:51,841 [INFO] Part 35793824 NOT FOUND: autocomplete could not resolve exact part
2026-04-15 16:24:51,841 [INFO] [229/948] 35793824 | NOT FOUND (Not found in autocomplete)
2026-04-15 16:24:51,883 [INFO] Autocomplete for 35533053 returned 0 product candidates
2026-04-15 16:24:51,884 [INFO] Part 35533053 NOT FOUND: autocomplete could not resolve exact part
2026-04-15 16:24:51,884 [INFO] [210/948] 35533053 | NOT FOUND (Not found in autocomplete)
2026-04-15 16:24:52,192 [INFO] [230/948] 35812563 | Attempt 1 started
2026-04-15 16:24:52,192 [INFO] Starting scrape for part 35812563
2026-04-15 16:24:52,235 [INFO] [231/948] 35823200 | Attempt 1 started
2026-04-15 16:24:52,236 [INFO] Starting scrape for part 35823200
2026-04-15 16:24:53,790 [INFO] Autocomplete for 35777406 returned 0 product candidates
2026-04-15 16:24:53,795 [INFO] Part 35777406 NOT FOUND: autocomplete could not resolve exact part
2026-04-15 16:24:53,795 [INFO] [216/948] 35777406 | NOT FOUND (Not found in autocomplete)
2026-04-15 16:24:54,145 [INFO] [232/948] 35798317 | Attempt 1 started
2026-04-15 16:24:54,146 [INFO] Starting scrape for part 35798317
2026-04-15 16:24:54,285 [INFO] Autocomplete for 35777413 returned 0 product candidates
2026-04-15 16:24:54,290 [INFO] Part 35777413 NOT FOUND: autocomplete could not resolve exact part
2026-04-15 16:24:54,290 [INFO] [220/948] 35777413 | NOT FOUND (Not found in autocomplete)
2026-04-15 16:24:54,334 [INFO] Autocomplete for 35777409 returned 0 product candidates
2026-04-15 16:24:54,337 [INFO] Part 35777409 NOT FOUND: autocomplete could not resolve exact part
2026-04-15 16:24:54,337 [INFO] [221/948] 35777409 | NOT FOUND (Not found in autocomplete)
2026-04-15 16:24:54,641 [INFO] [233/948] 35827653 | Attempt 1 started
2026-04-15 16:24:54,642 [INFO] Starting scrape for part 35827653
2026-04-15 16:24:54,669 [INFO] Autocomplete for 35777412 returned 0 product candidates
2026-04-15 16:24:54,673 [INFO] Part 35777412 NOT FOUND: autocomplete could not resolve exact part
2026-04-15 16:24:54,674 [INFO] [222/948] 35777412 | NOT FOUND (Not found in autocomplete)
2026-04-15 16:24:54,687 [INFO] [234/948] 35602681 | Attempt 1 started
2026-04-15 16:24:54,687 [INFO] Starting scrape for part 35602681
2026-04-15 16:24:54,704 [INFO] Autocomplete for 35823200 returned 0 product candidates
2026-04-15 16:24:54,716 [INFO] Part 35823200 NOT FOUND: autocomplete could not resolve exact part
2026-04-15 16:24:54,717 [INFO] [231/948] 35823200 | NOT FOUND (Not found in autocomplete)
2026-04-15 16:24:54,807 [INFO] Autocomplete for 35602237 returned 0 product candidates
2026-04-15 16:24:54,809 [INFO] Part 35602237 NOT FOUND: autocomplete could not resolve exact part
2026-04-15 16:24:54,809 [INFO] [226/948] 35602237 | NOT FOUND (Not found in autocomplete)
2026-04-15 16:24:54,901 [INFO] Autocomplete for 35602195 returned 0 product candidates
2026-04-15 16:24:54,904 [INFO] Part 35602195 NOT FOUND: autocomplete could not resolve exact part
2026-04-15 16:24:54,904 [INFO] [225/948] 35602195 | NOT FOUND (Not found in autocomplete)
2026-04-15 16:24:55,024 [INFO] [235/948] 35602652 | Attempt 1 started
2026-04-15 16:24:55,025 [INFO] Starting scrape for part 35602652
2026-04-15 16:24:55,067 [INFO] [236/948] 35602614 | Attempt 1 started
2026-04-15 16:24:55,068 [INFO] Starting scrape for part 35602614
2026-04-15 16:24:55,159 [INFO] [237/948] 35602626 | Attempt 1 started
2026-04-15 16:24:55,160 [INFO] Starting scrape for part 35602626
2026-04-15 16:24:55,255 [INFO] [238/948] 35602638 | Attempt 1 started
2026-04-15 16:24:55,261 [INFO] Starting scrape for part 35602638
2026-04-15 16:24:55,498 [INFO] Autocomplete for 35602652 returned 0 product candidates
2026-04-15 16:24:55,502 [INFO] Part 35602652 NOT FOUND: autocomplete could not resolve exact part
2026-04-15 16:24:55,503 [INFO] [235/948] 35602652 | NOT FOUND (Not found in autocomplete)
2026-04-15 16:24:55,718 [INFO] Autocomplete for 35602638 returned 0 product candidates
2026-04-15 16:24:55,721 [INFO] Part 35602638 NOT FOUND: autocomplete could not resolve exact part
2026-04-15 16:24:55,721 [INFO] [238/948] 35602638 | NOT FOUND (Not found in autocomplete)
2026-04-15 16:24:55,841 [INFO] Autocomplete for 35602523 returned 0 product candidates
2026-04-15 16:24:55,844 [INFO] Part 35602523 NOT FOUND: autocomplete could not resolve exact part
2026-04-15 16:24:55,844 [INFO] [227/948] 35602523 | NOT FOUND (Not found in autocomplete)
2026-04-15 16:24:55,854 [INFO] [239/948] 35602608 | Attempt 1 started
2026-04-15 16:24:55,854 [INFO] Starting scrape for part 35602608
2026-04-15 16:24:55,995 [INFO] Autocomplete for 35602537 returned 0 product candidates
2026-04-15 16:24:55,998 [INFO] Part 35602537 NOT FOUND: autocomplete could not resolve exact part
2026-04-15 16:24:55,999 [INFO] [228/948] 35602537 | NOT FOUND (Not found in autocomplete)
2026-04-15 16:24:56,072 [INFO] [240/948] 35602594 | Attempt 1 started
2026-04-15 16:24:56,072 [INFO] Starting scrape for part 35602594
2026-04-15 16:24:56,194 [INFO] [241/948] 35602601 | Attempt 1 started
2026-04-15 16:24:56,195 [INFO] Starting scrape for part 35602601
2026-04-15 16:24:56,349 [INFO] [242/948] 35827647 | Attempt 1 started
2026-04-15 16:24:56,350 [INFO] Starting scrape for part 35827647
2026-04-15 16:24:56,451 [INFO] Autocomplete for 35602608 returned 0 product candidates
2026-04-15 16:24:56,455 [INFO] Part 35602608 NOT FOUND: autocomplete could not resolve exact part
2026-04-15 16:24:56,455 [INFO] [239/948] 35602608 | NOT FOUND (Not found in autocomplete)
2026-04-15 16:24:56,599 [INFO] Autocomplete for 35812563 returned 0 product candidates
2026-04-15 16:24:56,600 [INFO] Part 35812563 NOT FOUND: autocomplete could not resolve exact part
2026-04-15 16:24:56,600 [INFO] [230/948] 35812563 | NOT FOUND (Not found in autocomplete)
2026-04-15 16:24:56,670 [INFO] Autocomplete for 35602601 returned 0 product candidates
2026-04-15 16:24:56,673 [INFO] Part 35602601 NOT FOUND: autocomplete could not resolve exact part
2026-04-15 16:24:56,673 [INFO] [241/948] 35602601 | NOT FOUND (Not found in autocomplete)
2026-04-15 16:24:56,792 [INFO] Autocomplete for 35827647 returned 0 product candidates
2026-04-15 16:24:56,793 [INFO] Part 35827647 NOT FOUND: autocomplete could not resolve exact part
2026-04-15 16:24:56,793 [INFO] [242/948] 35827647 | NOT FOUND (Not found in autocomplete)
2026-04-15 16:24:56,806 [INFO] [243/948] 35812590 | Attempt 1 started
2026-04-15 16:24:56,807 [INFO] Starting scrape for part 35812590
2026-04-15 16:24:56,951 [INFO] [244/948] 35827745 | Attempt 1 started
2026-04-15 16:24:56,952 [INFO] Starting scrape for part 35827745
2026-04-15 16:24:57,042 [INFO] [245/948] 35827621 | Attempt 1 started
2026-04-15 16:24:57,047 [INFO] Starting scrape for part 35827621
2026-04-15 16:24:57,144 [INFO] [246/948] 35827666 | Attempt 1 started
2026-04-15 16:24:57,144 [INFO] Starting scrape for part 35827666
2026-04-15 16:24:57,268 [INFO] Autocomplete for 35812590 returned 0 product candidates
2026-04-15 16:24:57,269 [INFO] Part 35812590 NOT FOUND: autocomplete could not resolve exact part
2026-04-15 16:24:57,269 [INFO] [243/948] 35812590 | NOT FOUND (Not found in autocomplete)
2026-04-15 16:24:57,559 [INFO] Autocomplete for 35827621 returned 0 product candidates
2026-04-15 16:24:57,561 [INFO] Part 35827621 NOT FOUND: autocomplete could not resolve exact part
2026-04-15 16:24:57,561 [INFO] [245/948] 35827621 | NOT FOUND (Not found in autocomplete)
2026-04-15 16:24:57,620 [INFO] [247/948] 35798334 | Attempt 1 started
2026-04-15 16:24:57,620 [INFO] Starting scrape for part 35798334
2026-04-15 16:24:57,912 [INFO] [248/948] 35827690 | Attempt 1 started
2026-04-15 16:24:57,912 [INFO] Starting scrape for part 35827690
2026-04-15 16:24:58,043 [INFO] Autocomplete for 35798317 returned 0 product candidates
2026-04-15 16:24:58,045 [INFO] Part 35798317 NOT FOUND: autocomplete could not resolve exact part
2026-04-15 16:24:58,045 [INFO] [232/948] 35798317 | NOT FOUND (Not found in autocomplete)
2026-04-15 16:24:58,396 [INFO] [249/948] 35827703 | Attempt 1 started
2026-04-15 16:24:58,397 [INFO] Starting scrape for part 35827703
2026-04-15 16:24:58,442 [INFO] Autocomplete for 35827690 returned 0 product candidates
2026-04-15 16:24:58,445 [INFO] Part 35827690 NOT FOUND: autocomplete could not resolve exact part
2026-04-15 16:24:58,445 [INFO] [248/948] 35827690 | NOT FOUND (Not found in autocomplete)
2026-04-15 16:24:58,796 [INFO] [250/948] 35875590 | Attempt 1 started
2026-04-15 16:24:58,797 [INFO] Starting scrape for part 35875590
2026-04-15 16:24:58,941 [INFO] Autocomplete for 35827703 returned 0 product candidates
2026-04-15 16:24:58,942 [INFO] Part 35827703 NOT FOUND: autocomplete could not resolve exact part
2026-04-15 16:24:58,942 [INFO] [249/948] 35827703 | NOT FOUND (Not found in autocomplete)
2026-04-15 16:24:59,195 [INFO] Autocomplete for 35827653 returned 0 product candidates
2026-04-15 16:24:59,198 [INFO] Part 35827653 NOT FOUND: autocomplete could not resolve exact part
2026-04-15 16:24:59,198 [INFO] [233/948] 35827653 | NOT FOUND (Not found in autocomplete)
2026-04-15 16:24:59,213 [INFO] Autocomplete for 35602614 returned 0 product candidates
2026-04-15 16:24:59,216 [INFO] Part 35602614 NOT FOUND: autocomplete could not resolve exact part
2026-04-15 16:24:59,216 [INFO] [236/948] 35602614 | NOT FOUND (Not found in autocomplete)
2026-04-15 16:24:59,294 [INFO] [251/948] 35875629 | Attempt 1 started
2026-04-15 16:24:59,295 [INFO] Starting scrape for part 35875629
2026-04-15 16:24:59,357 [INFO] Autocomplete for 35602681 returned 0 product candidates
2026-04-15 16:24:59,359 [INFO] Autocomplete for 35875590 returned 0 product candidates
2026-04-15 16:24:59,362 [INFO] Part 35602681 NOT FOUND: autocomplete could not resolve exact part
2026-04-15 16:24:59,363 [INFO] [234/948] 35602681 | NOT FOUND (Not found in autocomplete)
2026-04-15 16:24:59,365 [INFO] Part 35875590 NOT FOUND: autocomplete could not resolve exact part
2026-04-15 16:24:59,365 [INFO] [250/948] 35875590 | NOT FOUND (Not found in autocomplete)
2026-04-15 16:24:59,549 [INFO] [252/948] 35879706 | Attempt 1 started
2026-04-15 16:24:59,549 [INFO] Starting scrape for part 35879706
2026-04-15 16:24:59,566 [INFO] [253/948] 35838091 | Attempt 1 started
2026-04-15 16:24:59,567 [INFO] Starting scrape for part 35838091
2026-04-15 16:24:59,713 [INFO] [254/948] 35894560 | Attempt 1 started
2026-04-15 16:24:59,714 [INFO] Starting scrape for part 35894560
2026-04-15 16:24:59,716 [INFO] [255/948] 35546261 | Attempt 1 started
2026-04-15 16:24:59,716 [INFO] Starting scrape for part 35546261
2026-04-15 16:25:00,058 [INFO] Autocomplete for 35879706 returned 0 product candidates
2026-04-15 16:25:00,059 [INFO] Part 35879706 NOT FOUND: autocomplete could not resolve exact part
2026-04-15 16:25:00,059 [INFO] [252/948] 35879706 | NOT FOUND (Not found in autocomplete)
2026-04-15 16:25:00,204 [INFO] Autocomplete for 35894560 returned 0 product candidates
2026-04-15 16:25:00,205 [INFO] Part 35894560 NOT FOUND: autocomplete could not resolve exact part
2026-04-15 16:25:00,205 [INFO] [254/948] 35894560 | NOT FOUND (Not found in autocomplete)
2026-04-15 16:25:00,410 [INFO] [256/948] 35650354 | Attempt 1 started
2026-04-15 16:25:00,411 [INFO] Starting scrape for part 35650354
2026-04-15 16:25:00,448 [INFO] Autocomplete for 35602626 returned 0 product candidates
2026-04-15 16:25:00,452 [INFO] Part 35602626 NOT FOUND: autocomplete could not resolve exact part
2026-04-15 16:25:00,452 [INFO] [237/948] 35602626 | NOT FOUND (Not found in autocomplete)
2026-04-15 16:25:00,556 [INFO] [257/948] 35602706 | Attempt 1 started
2026-04-15 16:25:00,556 [INFO] Starting scrape for part 35602706
2026-04-15 16:25:00,661 [INFO] Autocomplete for 35602594 returned 0 product candidates
2026-04-15 16:25:00,666 [INFO] Part 35602594 NOT FOUND: autocomplete could not resolve exact part
2026-04-15 16:25:00,666 [INFO] [240/948] 35602594 | NOT FOUND (Not found in autocomplete)
2026-04-15 16:25:00,803 [INFO] [258/948] 35650361 | Attempt 1 started
2026-04-15 16:25:00,803 [INFO] Starting scrape for part 35650361
2026-04-15 16:25:00,915 [INFO] Autocomplete for 35650354 returned 0 product candidates
2026-04-15 16:25:00,917 [INFO] Part 35650354 NOT FOUND: autocomplete could not resolve exact part
2026-04-15 16:25:00,917 [INFO] [256/948] 35650354 | NOT FOUND (Not found in autocomplete)
2026-04-15 16:25:01,017 [INFO] [259/948] 35477104 | Attempt 1 started
2026-04-15 16:25:01,018 [INFO] Starting scrape for part 35477104
2026-04-15 16:25:01,201 [INFO] Autocomplete for 35602706 returned 0 product candidates
2026-04-15 16:25:01,204 [INFO] Part 35602706 NOT FOUND: autocomplete could not resolve exact part
2026-04-15 16:25:01,204 [INFO] [257/948] 35602706 | NOT FOUND (Not found in autocomplete)
2026-04-15 16:25:01,253 [INFO] Autocomplete for 35650361 returned 0 product candidates
2026-04-15 16:25:01,258 [INFO] Part 35650361 NOT FOUND: autocomplete could not resolve exact part
2026-04-15 16:25:01,258 [INFO] [258/948] 35650361 | NOT FOUND (Not found in autocomplete)
2026-04-15 16:25:01,268 [INFO] [260/948] 35649946 | Attempt 1 started
2026-04-15 16:25:01,269 [INFO] Starting scrape for part 35649946
2026-04-15 16:25:01,395 [INFO] Autocomplete for 35827745 returned 0 product candidates
2026-04-15 16:25:01,397 [INFO] Part 35827745 NOT FOUND: autocomplete could not resolve exact part
2026-04-15 16:25:01,397 [INFO] [244/948] 35827745 | NOT FOUND (Not found in autocomplete)
2026-04-15 16:25:01,554 [INFO] [261/948] 35761437 | Attempt 1 started
2026-04-15 16:25:01,555 [INFO] Starting scrape for part 35761437
2026-04-15 16:25:01,575 [INFO] Autocomplete for 35477104 returned 0 product candidates
2026-04-15 16:25:01,580 [INFO] Part 35477104 NOT FOUND: autocomplete could not resolve exact part
2026-04-15 16:25:01,580 [INFO] [259/948] 35477104 | NOT FOUND (Not found in autocomplete)
2026-04-15 16:25:01,608 [INFO] [262/948] 35761445 | Attempt 1 started
2026-04-15 16:25:01,609 [INFO] Starting scrape for part 35761445
2026-04-15 16:25:01,749 [INFO] [263/948] 35547127 | Attempt 1 started
2026-04-15 16:25:01,750 [INFO] Starting scrape for part 35547127
2026-04-15 16:25:01,931 [INFO] [264/948] 35602720 | Attempt 1 started
2026-04-15 16:25:01,931 [INFO] Starting scrape for part 35602720
2026-04-15 16:25:01,983 [INFO] Autocomplete for 35827666 returned 0 product candidates
2026-04-15 16:25:01,985 [INFO] Part 35827666 NOT FOUND: autocomplete could not resolve exact part
2026-04-15 16:25:01,986 [INFO] [246/948] 35827666 | NOT FOUND (Not found in autocomplete)
2026-04-15 16:25:02,133 [INFO] Autocomplete for 35761437 returned 0 product candidates
2026-04-15 16:25:02,136 [INFO] Part 35761437 NOT FOUND: autocomplete could not resolve exact part
2026-04-15 16:25:02,136 [INFO] [261/948] 35761437 | NOT FOUND (Not found in autocomplete)
2026-04-15 16:25:02,336 [INFO] [265/948] 35512451 | Attempt 1 started
2026-04-15 16:25:02,336 [INFO] Starting scrape for part 35512451
2026-04-15 16:25:02,431 [INFO] Autocomplete for 35798334 returned 0 product candidates
2026-04-15 16:25:02,448 [INFO] Part 35798334 NOT FOUND: autocomplete could not resolve exact part
2026-04-15 16:25:02,448 [INFO] [247/948] 35798334 | NOT FOUND (Not found in autocomplete)
2026-04-15 16:25:02,487 [INFO] [266/948] 35610597 | Attempt 1 started
2026-04-15 16:25:02,488 [INFO] Starting scrape for part 35610597
2026-04-15 16:25:02,760 [INFO] Autocomplete for 35838091 returned 0 product candidates
2026-04-15 16:25:02,762 [INFO] Part 35838091 NOT FOUND: autocomplete could not resolve exact part
2026-04-15 16:25:02,762 [INFO] [253/948] 35838091 | NOT FOUND (Not found in autocomplete)
2026-04-15 16:25:02,799 [INFO] [267/948] 35610604 | Attempt 1 started
2026-04-15 16:25:02,800 [INFO] Starting scrape for part 35610604
2026-04-15 16:25:02,881 [INFO] Autocomplete for 35512451 returned 0 product candidates
2026-04-15 16:25:02,884 [INFO] Part 35512451 NOT FOUND: autocomplete could not resolve exact part
2026-04-15 16:25:02,884 [INFO] [265/948] 35512451 | NOT FOUND (Not found in autocomplete)
2026-04-15 16:25:02,933 [INFO] Autocomplete for 35546261 returned 0 product candidates
2026-04-15 16:25:02,936 [INFO] Part 35546261 NOT FOUND: autocomplete could not resolve exact part
2026-04-15 16:25:02,936 [INFO] [255/948] 35546261 | NOT FOUND (Not found in autocomplete)
2026-04-15 16:25:03,113 [INFO] [268/948] 35610612 | Attempt 1 started
2026-04-15 16:25:03,113 [INFO] Starting scrape for part 35610612
2026-04-15 16:25:03,234 [INFO] [269/948] 35805034 | Attempt 1 started
2026-04-15 16:25:03,235 [INFO] Starting scrape for part 35805034
2026-04-15 16:25:03,273 [INFO] Autocomplete for 35875629 returned 0 product candidates
2026-04-15 16:25:03,290 [INFO] Part 35875629 NOT FOUND: autocomplete could not resolve exact part
2026-04-15 16:25:03,290 [INFO] [251/948] 35875629 | NOT FOUND (Not found in autocomplete)
2026-04-15 16:25:03,297 [INFO] [270/948] 35709353 | Attempt 1 started
2026-04-15 16:25:03,313 [INFO] Autocomplete for 35610604 returned 0 product candidates
2026-04-15 16:25:03,314 [INFO] Starting scrape for part 35709353
2026-04-15 16:25:03,318 [INFO] Part 35610604 NOT FOUND: autocomplete could not resolve exact part
2026-04-15 16:25:03,319 [INFO] [267/948] 35610604 | NOT FOUND (Not found in autocomplete)
2026-04-15 16:25:03,665 [INFO] [271/948] 35706480 | Attempt 1 started
2026-04-15 16:25:03,666 [INFO] Starting scrape for part 35706480
2026-04-15 16:25:03,669 [INFO] [272/948] 35706487 | Attempt 1 started
2026-04-15 16:25:03,670 [INFO] Starting scrape for part 35706487
2026-04-15 16:25:03,682 [INFO] Autocomplete for 35610612 returned 0 product candidates
2026-04-15 16:25:03,683 [INFO] Part 35610612 NOT FOUND: autocomplete could not resolve exact part
2026-04-15 16:25:03,684 [INFO] [268/948] 35610612 | NOT FOUND (Not found in autocomplete)
2026-04-15 16:25:03,706 [INFO] Autocomplete for 35805034 returned 0 product candidates
2026-04-15 16:25:03,709 [INFO] Part 35805034 NOT FOUND: autocomplete could not resolve exact part
2026-04-15 16:25:03,710 [INFO] [269/948] 35805034 | NOT FOUND (Not found in autocomplete)
2026-04-15 16:25:03,819 [INFO] Autocomplete for 35709353 returned 0 product candidates
2026-04-15 16:25:03,821 [INFO] Part 35709353 NOT FOUND: autocomplete could not resolve exact part
2026-04-15 16:25:03,821 [INFO] [270/948] 35709353 | NOT FOUND (Not found in autocomplete)
2026-04-15 16:25:04,034 [INFO] [273/948] 35706814 | Attempt 1 started
2026-04-15 16:25:04,035 [INFO] Starting scrape for part 35706814
2026-04-15 16:25:04,061 [INFO] [274/948] 35706824 | Attempt 1 started
2026-04-15 16:25:04,061 [INFO] Starting scrape for part 35706824
2026-04-15 16:25:04,172 [INFO] [275/948] 35865979 | Attempt 1 started
2026-04-15 16:25:04,172 [INFO] Starting scrape for part 35865979
2026-04-15 16:25:04,442 [INFO] Autocomplete for 35706814 returned 0 product candidates
2026-04-15 16:25:04,444 [INFO] Part 35706814 NOT FOUND: autocomplete could not resolve exact part
2026-04-15 16:25:04,444 [INFO] [273/948] 35706814 | NOT FOUND (Not found in autocomplete)
2026-04-15 16:25:04,473 [INFO] Autocomplete for 35602720 returned 0 product candidates
2026-04-15 16:25:04,475 [INFO] Autocomplete for 35706824 returned 0 product candidates
2026-04-15 16:25:04,476 [INFO] Part 35602720 NOT FOUND: autocomplete could not resolve exact part
2026-04-15 16:25:04,476 [INFO] [264/948] 35602720 | NOT FOUND (Not found in autocomplete)
2026-04-15 16:25:04,477 [INFO] Part 35706824 NOT FOUND: autocomplete could not resolve exact part
2026-04-15 16:25:04,477 [INFO] [274/948] 35706824 | NOT FOUND (Not found in autocomplete)
2026-04-15 16:25:04,795 [INFO] [276/948] 35865987 | Attempt 1 started
2026-04-15 16:25:04,795 [INFO] Starting scrape for part 35865987
2026-04-15 16:25:04,827 [INFO] [277/948] 35865995 | Attempt 1 started
2026-04-15 16:25:04,827 [INFO] Starting scrape for part 35865995
2026-04-15 16:25:04,828 [INFO] [278/948] 35866003 | Attempt 1 started
2026-04-15 16:25:04,828 [INFO] Starting scrape for part 35866003
2026-04-15 16:25:04,959 [INFO] Autocomplete for 35649946 returned 0 product candidates
2026-04-15 16:25:04,962 [INFO] Part 35649946 NOT FOUND: autocomplete could not resolve exact part
2026-04-15 16:25:04,962 [INFO] [260/948] 35649946 | NOT FOUND (Not found in autocomplete)
2026-04-15 16:25:05,238 [INFO] Autocomplete for 35865987 returned 0 product candidates
2026-04-15 16:25:05,240 [INFO] Part 35865987 NOT FOUND: autocomplete could not resolve exact part
2026-04-15 16:25:05,240 [INFO] [276/948] 35865987 | NOT FOUND (Not found in autocomplete)
2026-04-15 16:25:05,313 [INFO] [279/948] 35726767 | Attempt 1 started
2026-04-15 16:25:05,313 [INFO] Starting scrape for part 35726767
2026-04-15 16:25:05,329 [INFO] Autocomplete for 35761445 returned 0 product candidates
2026-04-15 16:25:05,332 [INFO] Part 35761445 NOT FOUND: autocomplete could not resolve exact part
2026-04-15 16:25:05,333 [INFO] [262/948] 35761445 | NOT FOUND (Not found in autocomplete)
2026-04-15 16:25:05,590 [INFO] [280/948] 35726467 | Attempt 1 started
2026-04-15 16:25:05,591 [INFO] Starting scrape for part 35726467
2026-04-15 16:25:05,703 [INFO] [281/948] 35726795 | Attempt 1 started
2026-04-15 16:25:05,703 [INFO] Starting scrape for part 35726795
2026-04-15 16:25:05,818 [INFO] Autocomplete for 35726767 returned 0 product candidates
2026-04-15 16:25:05,821 [INFO] Part 35726767 NOT FOUND: autocomplete could not resolve exact part
2026-04-15 16:25:05,821 [INFO] [279/948] 35726767 | NOT FOUND (Not found in autocomplete)
2026-04-15 16:25:05,858 [INFO] Autocomplete for 35547127 returned 0 product candidates
2026-04-15 16:25:05,862 [INFO] Part 35547127 NOT FOUND: autocomplete could not resolve exact part
2026-04-15 16:25:05,862 [INFO] [263/948] 35547127 | NOT FOUND (Not found in autocomplete)
2026-04-15 16:25:06,171 [INFO] [282/948] 35719600 | Attempt 1 started
2026-04-15 16:25:06,171 [INFO] Starting scrape for part 35719600
2026-04-15 16:25:06,187 [INFO] Autocomplete for 35726795 returned 0 product candidates
2026-04-15 16:25:06,190 [INFO] Part 35726795 NOT FOUND: autocomplete could not resolve exact part
2026-04-15 16:25:06,190 [INFO] [281/948] 35726795 | NOT FOUND (Not found in autocomplete)
2026-04-15 16:25:06,213 [INFO] [283/948] 35735939 | Attempt 1 started
2026-04-15 16:25:06,214 [INFO] Starting scrape for part 35735939
2026-04-15 16:25:06,339 [INFO] Autocomplete for 35610597 returned 0 product candidates
2026-04-15 16:25:06,343 [INFO] Part 35610597 NOT FOUND: autocomplete could not resolve exact part
2026-04-15 16:25:06,343 [INFO] [266/948] 35610597 | NOT FOUND (Not found in autocomplete)
2026-04-15 16:25:06,540 [INFO] [284/948] 35690266 | Attempt 1 started
2026-04-15 16:25:06,541 [INFO] Starting scrape for part 35690266
2026-04-15 16:25:06,692 [INFO] Autocomplete for 35865979 returned 0 product candidates
2026-04-15 16:25:06,694 [INFO] Part 35865979 NOT FOUND: autocomplete could not resolve exact part
2026-04-15 16:25:06,694 [INFO] [275/948] 35865979 | NOT FOUND (Not found in autocomplete)
2026-04-15 16:25:06,694 [INFO] [285/948] 35755885 | Attempt 1 started
2026-04-15 16:25:06,695 [INFO] Starting scrape for part 35755885
2026-04-15 16:25:07,045 [INFO] [286/948] 35694041 | Attempt 1 started
2026-04-15 16:25:07,046 [INFO] Starting scrape for part 35694041
2026-04-15 16:25:07,221 [INFO] Autocomplete for 35706480 returned 0 product candidates
2026-04-15 16:25:07,223 [INFO] Part 35706480 NOT FOUND: autocomplete could not resolve exact part
2026-04-15 16:25:07,223 [INFO] [271/948] 35706480 | NOT FOUND (Not found in autocomplete)
2026-04-15 16:25:07,267 [INFO] Autocomplete for 35706487 returned 0 product candidates
2026-04-15 16:25:07,268 [INFO] Part 35706487 NOT FOUND: autocomplete could not resolve exact part
2026-04-15 16:25:07,268 [INFO] [272/948] 35706487 | NOT FOUND (Not found in autocomplete)
2026-04-15 16:25:07,574 [INFO] [287/948] 35837619 | Attempt 1 started
2026-04-15 16:25:07,574 [INFO] Starting scrape for part 35837619
2026-04-15 16:25:07,589 [INFO] Autocomplete for 35865995 returned 0 product candidates
2026-04-15 16:25:07,591 [INFO] Part 35865995 NOT FOUND: autocomplete could not resolve exact part
2026-04-15 16:25:07,591 [INFO] [277/948] 35865995 | NOT FOUND (Not found in autocomplete)
2026-04-15 16:25:07,619 [INFO] [288/948] 35837614 | Attempt 1 started
2026-04-15 16:25:07,619 [INFO] Starting scrape for part 35837614
2026-04-15 16:25:07,942 [INFO] [289/948] 35837618 | Attempt 1 started
2026-04-15 16:25:07,942 [INFO] Starting scrape for part 35837618
2026-04-15 16:25:08,046 [INFO] Autocomplete for 35866003 returned 0 product candidates
2026-04-15 16:25:08,048 [INFO] Part 35866003 NOT FOUND: autocomplete could not resolve exact part
2026-04-15 16:25:08,049 [INFO] [278/948] 35866003 | NOT FOUND (Not found in autocomplete)
2026-04-15 16:25:08,235 [INFO] Autocomplete for 35837614 returned 0 product candidates
2026-04-15 16:25:08,236 [INFO] Part 35837614 NOT FOUND: autocomplete could not resolve exact part
2026-04-15 16:25:08,236 [INFO] [288/948] 35837614 | NOT FOUND (Not found in autocomplete)
2026-04-15 16:25:08,400 [INFO] [290/948] 35719761 | Attempt 1 started
2026-04-15 16:25:08,400 [INFO] Starting scrape for part 35719761
2026-04-15 16:25:08,588 [INFO] [291/948] 35719725 | Attempt 1 started
2026-04-15 16:25:08,590 [INFO] Starting scrape for part 35719725
2026-04-15 16:25:08,881 [INFO] Autocomplete for 35719761 returned 0 product candidates
2026-04-15 16:25:08,883 [INFO] Part 35719761 NOT FOUND: autocomplete could not resolve exact part
2026-04-15 16:25:08,883 [INFO] [290/948] 35719761 | NOT FOUND (Not found in autocomplete)
2026-04-15 16:25:09,011 [INFO] Autocomplete for 35726467 returned 0 product candidates
2026-04-15 16:25:09,015 [INFO] Part 35726467 NOT FOUND: autocomplete could not resolve exact part
2026-04-15 16:25:09,015 [INFO] [280/948] 35726467 | NOT FOUND (Not found in autocomplete)
2026-04-15 16:25:09,155 [INFO] Autocomplete for 35735939 returned 0 product candidates
2026-04-15 16:25:09,157 [INFO] Part 35735939 NOT FOUND: autocomplete could not resolve exact part
2026-04-15 16:25:09,157 [INFO] [283/948] 35735939 | NOT FOUND (Not found in autocomplete)
2026-04-15 16:25:09,234 [INFO] [292/948] 22821515 | Attempt 1 started
2026-04-15 16:25:09,235 [INFO] Starting scrape for part 22821515
2026-04-15 16:25:09,336 [INFO] Autocomplete for 35755885 returned 0 product candidates
2026-04-15 16:25:09,339 [INFO] Part 35755885 NOT FOUND: autocomplete could not resolve exact part
2026-04-15 16:25:09,339 [INFO] [285/948] 35755885 | NOT FOUND (Not found in autocomplete)
2026-04-15 16:25:09,365 [INFO] [293/948] 42211100 | Attempt 1 started
2026-04-15 16:25:09,365 [INFO] Starting scrape for part 42211100
2026-04-15 16:25:09,508 [INFO] [294/948] 42211200 | Attempt 1 started
2026-04-15 16:25:09,508 [INFO] Starting scrape for part 42211200
2026-04-15 16:25:09,567 [INFO] Autocomplete for 35690266 returned 0 product candidates
2026-04-15 16:25:09,569 [INFO] Part 35690266 NOT FOUND: autocomplete could not resolve exact part
2026-04-15 16:25:09,569 [INFO] [284/948] 35690266 | NOT FOUND (Not found in autocomplete)
2026-04-15 16:25:09,648 [INFO] Autocomplete for 35719600 returned 0 product candidates
2026-04-15 16:25:09,651 [INFO] Part 35719600 NOT FOUND: autocomplete could not resolve exact part
2026-04-15 16:25:09,651 [INFO] [282/948] 35719600 | NOT FOUND (Not found in autocomplete)
2026-04-15 16:25:09,690 [INFO] [295/948] 42211300 | Attempt 1 started
2026-04-15 16:25:09,690 [INFO] Starting scrape for part 42211300
2026-04-15 16:25:09,920 [INFO] [296/948] 022821535 | Attempt 1 started
2026-04-15 16:25:09,921 [INFO] Starting scrape for part 022821535
2026-04-15 16:25:10,013 [INFO] [297/948] 228215553G0973711 | Attempt 1 started
2026-04-15 16:25:10,014 [INFO] Starting scrape for part 228215553G0973711
2026-04-15 16:25:10,016 [INFO] Autocomplete for 42211100 returned 0 product candidates
2026-04-15 16:25:10,023 [INFO] Part 42211100 NOT FOUND: autocomplete could not resolve exact part
2026-04-15 16:25:10,023 [INFO] [293/948] 42211100 | NOT FOUND (Not found in autocomplete)
2026-04-15 16:25:10,030 [INFO] Autocomplete for 42211200 returned 0 product candidates
2026-04-15 16:25:10,035 [INFO] Part 42211200 NOT FOUND: autocomplete could not resolve exact part
2026-04-15 16:25:10,035 [INFO] [294/948] 42211200 | NOT FOUND (Not found in autocomplete)
2026-04-15 16:25:10,198 [INFO] Autocomplete for 42211300 returned 0 product candidates
2026-04-15 16:25:10,199 [INFO] Part 42211300 NOT FOUND: autocomplete could not resolve exact part
2026-04-15 16:25:10,199 [INFO] [295/948] 42211300 | NOT FOUND (Not found in autocomplete)
2026-04-15 16:25:10,258 [INFO] Autocomplete for 35837619 returned 0 product candidates
2026-04-15 16:25:10,260 [INFO] Part 35837619 NOT FOUND: autocomplete could not resolve exact part
2026-04-15 16:25:10,261 [INFO] [287/948] 35837619 | NOT FOUND (Not found in autocomplete)
2026-04-15 16:25:10,374 [INFO] [298/948] 42211000 | Attempt 1 started
2026-04-15 16:25:10,374 [INFO] Starting scrape for part 42211000
2026-04-15 16:25:10,386 [INFO] [299/948] AITWSB102AK | Attempt 1 started
2026-04-15 16:25:10,386 [INFO] Starting scrape for part AITWSB102AK
2026-04-15 16:25:10,440 [INFO] Autocomplete for 022821535 returned 0 product candidates
2026-04-15 16:25:10,458 [INFO] Part 022821535 NOT FOUND: autocomplete could not resolve exact part
2026-04-15 16:25:10,458 [INFO] Autocomplete for 35694041 returned 0 product candidates
2026-04-15 16:25:10,459 [INFO] [296/948] 022821535 | NOT FOUND (Not found in autocomplete)
2026-04-15 16:25:10,462 [INFO] Part 35694041 NOT FOUND: autocomplete could not resolve exact part
2026-04-15 16:25:10,462 [INFO] [286/948] 35694041 | NOT FOUND (Not found in autocomplete)
2026-04-15 16:25:10,550 [INFO] [300/948] S04B1AITA1AKS | Attempt 1 started
2026-04-15 16:25:10,550 [INFO] Starting scrape for part S04B1AITA1AKS
2026-04-15 16:25:10,611 [INFO] [301/948] AITPBC081AK | Attempt 1 started
2026-04-15 16:25:10,611 [INFO] Starting scrape for part AITPBC081AK
2026-04-15 16:25:10,810 [INFO] [302/948] AITPB101A2K | Attempt 1 started
2026-04-15 16:25:10,810 [INFO] Starting scrape for part AITPB101A2K
2026-04-15 16:25:10,812 [INFO] [303/948] AIT(*)PB121A2K | Attempt 1 started
2026-04-15 16:25:10,813 [INFO] Starting scrape for part AIT(*)PB121A2K
2026-04-15 16:25:10,843 [INFO] Autocomplete for AITWSB102AK returned 0 product candidates
2026-04-15 16:25:10,845 [INFO] Part AITWSB102AK NOT FOUND: autocomplete could not resolve exact part
2026-04-15 16:25:10,846 [INFO] [299/948] AITWSB102AK | NOT FOUND (Not found in autocomplete)
2026-04-15 16:25:11,126 [INFO] Autocomplete for 35837618 returned 0 product candidates
2026-04-15 16:25:11,128 [INFO] Part 35837618 NOT FOUND: autocomplete could not resolve exact part
2026-04-15 16:25:11,128 [INFO] [289/948] 35837618 | NOT FOUND (Not found in autocomplete)
2026-04-15 16:25:11,196 [INFO] [304/948] B20B2AITA2AKS(M) | Attempt 1 started
2026-04-15 16:25:11,197 [INFO] Starting scrape for part B20B2AITA2AKS(M)
2026-04-15 16:25:11,478 [INFO] [305/948] S20BAITA2AKS | Attempt 1 started
2026-04-15 16:25:11,479 [INFO] Starting scrape for part S20BAITA2AKS
2026-04-15 16:25:11,690 [INFO] Autocomplete for B20B2AITA2AKS(M) returned 0 product candidates
2026-04-15 16:25:11,692 [INFO] Part B20B2AITA2AKS(M) NOT FOUND: autocomplete could not resolve exact part
2026-04-15 16:25:11,693 [INFO] [304/948] B20B2AITA2AKS(M) | NOT FOUND (Not found in autocomplete)
2026-04-15 16:25:11,914 [INFO] Autocomplete for 22821515 returned 0 product candidates
2026-04-15 16:25:11,917 [INFO] Part 22821515 NOT FOUND: autocomplete could not resolve exact part
2026-04-15 16:25:11,918 [INFO] [292/948] 22821515 | NOT FOUND (Not found in autocomplete)
2026-04-15 16:25:11,943 [INFO] Autocomplete for S20BAITA2AKS returned 0 product candidates
2026-04-15 16:25:11,945 [INFO] Part S20BAITA2AKS NOT FOUND: autocomplete could not resolve exact part
2026-04-15 16:25:11,946 [INFO] [305/948] S20BAITA2AKS | NOT FOUND (Not found in autocomplete)
2026-04-15 16:25:12,043 [INFO] [306/948] S20B1AITA2AKS | Attempt 1 started
2026-04-15 16:25:12,044 [INFO] Starting scrape for part S20B1AITA2AKS
2026-04-15 16:25:12,268 [INFO] [307/948] S20BAITA2BHS | Attempt 1 started
2026-04-15 16:25:12,269 [INFO] Starting scrape for part S20BAITA2BHS
2026-04-15 16:25:12,296 [INFO] [308/948] S20B1AITA2BHS | Attempt 1 started
2026-04-15 16:25:12,297 [INFO] Starting scrape for part S20B1AITA2BHS
2026-04-15 16:25:12,377 [INFO] Autocomplete for 35719725 returned 0 product candidates
2026-04-15 16:25:12,378 [INFO] Part 35719725 NOT FOUND: autocomplete could not resolve exact part
2026-04-15 16:25:12,378 [INFO] [291/948] 35719725 | NOT FOUND (Not found in autocomplete)
2026-04-15 16:25:12,531 [INFO] Autocomplete for S20B1AITA2AKS returned 0 product candidates
2026-04-15 16:25:12,533 [INFO] Part S20B1AITA2AKS NOT FOUND: autocomplete could not resolve exact part
2026-04-15 16:25:12,533 [INFO] [306/948] S20B1AITA2AKS | NOT FOUND (Not found in autocomplete)
2026-04-15 16:25:12,729 [INFO] [309/948] B20B2AITA2CKS(M) | Attempt 1 started
2026-04-15 16:25:12,729 [INFO] Starting scrape for part B20B2AITA2CKS(M)
2026-04-15 16:25:12,784 [INFO] Autocomplete for S20B1AITA2BHS returned 0 product candidates
2026-04-15 16:25:12,792 [INFO] Part S20B1AITA2BHS NOT FOUND: autocomplete could not resolve exact part
2026-04-15 16:25:12,805 [INFO] [308/948] S20B1AITA2BHS | NOT FOUND (Not found in autocomplete)
2026-04-15 16:25:12,885 [INFO] [310/948] 10092983 | Attempt 1 started
2026-04-15 16:25:12,886 [INFO] Starting scrape for part 10092983
2026-04-15 16:25:12,916 [INFO] Autocomplete for 42211000 returned 2 product candidates
2026-04-15 16:25:12,916 [INFO] No matching fullPart found in autocomplete list for 42211000
2026-04-15 16:25:12,918 [INFO] Part 42211000 NOT FOUND: autocomplete could not resolve exact part
2026-04-15 16:25:12,919 [INFO] [298/948] 42211000 | NOT FOUND (Not found in autocomplete)
2026-04-15 16:25:13,156 [INFO] [311/948] 10117743 | Attempt 1 started
2026-04-15 16:25:13,156 [INFO] Starting scrape for part 10117743
2026-04-15 16:25:13,269 [INFO] [312/948] 10092984 | Attempt 1 started
2026-04-15 16:25:13,270 [INFO] Starting scrape for part 10092984
2026-04-15 16:25:13,679 [INFO] Autocomplete for 10117743 returned 0 product candidates
2026-04-15 16:25:13,681 [INFO] Part 10117743 NOT FOUND: autocomplete could not resolve exact part
2026-04-15 16:25:13,681 [INFO] [311/948] 10117743 | NOT FOUND (Not found in autocomplete)
2026-04-15 16:25:13,880 [INFO] Autocomplete for 228215553G0973711 returned 0 product candidates
2026-04-15 16:25:13,882 [INFO] Part 228215553G0973711 NOT FOUND: autocomplete could not resolve exact part
2026-04-15 16:25:13,883 [INFO] [297/948] 228215553G0973711 | NOT FOUND (Not found in autocomplete)
2026-04-15 16:25:14,032 [INFO] [313/948] 10117745 | Attempt 1 started
2026-04-15 16:25:14,032 [INFO] Starting scrape for part 10117745
2026-04-15 16:25:14,233 [INFO] [314/948] 10092985 | Attempt 1 started
2026-04-15 16:25:14,234 [INFO] Starting scrape for part 10092985
2026-04-15 16:25:14,286 [INFO] Autocomplete for AITPBC081AK returned 0 product candidates
2026-04-15 16:25:14,301 [INFO] Part AITPBC081AK NOT FOUND: autocomplete could not resolve exact part
2026-04-15 16:25:14,301 [INFO] [301/948] AITPBC081AK | NOT FOUND (Not found in autocomplete)
2026-04-15 16:25:14,350 [INFO] Autocomplete for S04B1AITA1AKS returned 0 product candidates
2026-04-15 16:25:14,352 [INFO] Part S04B1AITA1AKS NOT FOUND: autocomplete could not resolve exact part
2026-04-15 16:25:14,352 [INFO] [300/948] S04B1AITA1AKS | NOT FOUND (Not found in autocomplete)
2026-04-15 16:25:14,668 [INFO] [315/948] 10117746 | Attempt 1 started
2026-04-15 16:25:14,669 [INFO] Starting scrape for part 10117746
2026-04-15 16:25:14,703 [INFO] [316/948] 10121498 | Attempt 1 started
2026-04-15 16:25:14,703 [INFO] Starting scrape for part 10121498
2026-04-15 16:25:14,720 [INFO] Autocomplete for 10092985 returned 0 product candidates
2026-04-15 16:25:14,722 [INFO] Part 10092985 NOT FOUND: autocomplete could not resolve exact part
2026-04-15 16:25:14,723 [INFO] [314/948] 10092985 | NOT FOUND (Not found in autocomplete)
2026-04-15 16:25:14,772 [INFO] Autocomplete for AIT(*)PB121A2K returned 0 product candidates
2026-04-15 16:25:14,775 [INFO] Part AIT(*)PB121A2K NOT FOUND: autocomplete could not resolve exact part
2026-04-15 16:25:14,775 [INFO] [303/948] AIT(*)PB121A2K | NOT FOUND (Not found in autocomplete)
2026-04-15 16:25:14,779 [INFO] Autocomplete for AITPB101A2K returned 0 product candidates
2026-04-15 16:25:14,785 [INFO] Part AITPB101A2K NOT FOUND: autocomplete could not resolve exact part
2026-04-15 16:25:14,785 [INFO] [302/948] AITPB101A2K | NOT FOUND (Not found in autocomplete)
2026-04-15 16:25:15,073 [INFO] [317/948] 10117747 | Attempt 1 started
2026-04-15 16:25:15,074 [INFO] Starting scrape for part 10117747
2026-04-15 16:25:15,126 [INFO] [318/948] 10121499 | Attempt 1 started
2026-04-15 16:25:15,127 [INFO] Starting scrape for part 10121499
2026-04-15 16:25:15,148 [INFO] [319/948] 10117748 | Attempt 1 started
2026-04-15 16:25:15,148 [INFO] Starting scrape for part 10117748
2026-04-15 16:25:15,445 [INFO] Autocomplete for B20B2AITA2CKS(M) returned 0 product candidates
2026-04-15 16:25:15,447 [INFO] Part B20B2AITA2CKS(M) NOT FOUND: autocomplete could not resolve exact part
2026-04-15 16:25:15,447 [INFO] [309/948] B20B2AITA2CKS(M) | NOT FOUND (Not found in autocomplete)
2026-04-15 16:25:15,496 [INFO] Autocomplete for S20BAITA2BHS returned 0 product candidates
2026-04-15 16:25:15,497 [INFO] Part S20BAITA2BHS NOT FOUND: autocomplete could not resolve exact part
2026-04-15 16:25:15,498 [INFO] [307/948] S20BAITA2BHS | NOT FOUND (Not found in autocomplete)
2026-04-15 16:25:15,630 [INFO] Autocomplete for 10117747 returned 0 product candidates
2026-04-15 16:25:15,632 [INFO] Part 10117747 NOT FOUND: autocomplete could not resolve exact part
2026-04-15 16:25:15,632 [INFO] [317/948] 10117747 | NOT FOUND (Not found in autocomplete)
2026-04-15 16:25:15,699 [INFO] Autocomplete for 10117748 returned 0 product candidates
2026-04-15 16:25:15,700 [INFO] Part 10117748 NOT FOUND: autocomplete could not resolve exact part
2026-04-15 16:25:15,700 [INFO] [319/948] 10117748 | NOT FOUND (Not found in autocomplete)
2026-04-15 16:25:15,771 [INFO] Autocomplete for 10092984 returned 0 product candidates
2026-04-15 16:25:15,772 [INFO] Part 10092984 NOT FOUND: autocomplete could not resolve exact part
2026-04-15 16:25:15,772 [INFO] [312/948] 10092984 | NOT FOUND (Not found in autocomplete)
2026-04-15 16:25:15,798 [INFO] [320/948] 10092976 | Attempt 1 started
2026-04-15 16:25:15,798 [INFO] Starting scrape for part 10092976
2026-04-15 16:25:15,848 [INFO] [321/948] 10092977 | Attempt 1 started
2026-04-15 16:25:15,849 [INFO] Starting scrape for part 10092977
2026-04-15 16:25:15,982 [INFO] [322/948] 10098876 | Attempt 1 started
2026-04-15 16:25:15,982 [INFO] Starting scrape for part 10098876
2026-04-15 16:25:16,051 [INFO] [323/948] 10092979 | Attempt 1 started
2026-04-15 16:25:16,051 [INFO] Starting scrape for part 10092979
2026-04-15 16:25:16,124 [INFO] [324/948] 10093459 | Attempt 1 started
2026-04-15 16:25:16,124 [INFO] Starting scrape for part 10093459
2026-04-15 16:25:16,450 [INFO] Autocomplete for 10098876 returned 0 product candidates
2026-04-15 16:25:16,451 [INFO] Part 10098876 NOT FOUND: autocomplete could not resolve exact part
2026-04-15 16:25:16,451 [INFO] [322/948] 10098876 | NOT FOUND (Not found in autocomplete)
2026-04-15 16:25:16,802 [INFO] [325/948] 10092980 | Attempt 1 started
2026-04-15 16:25:16,802 [INFO] Starting scrape for part 10092980
2026-04-15 16:25:16,860 [INFO] Autocomplete for 10093459 returned 0 product candidates
2026-04-15 16:25:16,862 [INFO] Part 10093459 NOT FOUND: autocomplete could not resolve exact part
2026-04-15 16:25:16,862 [INFO] [324/948] 10093459 | NOT FOUND (Not found in autocomplete)
2026-04-15 16:25:17,090 [INFO] Autocomplete for 10092983 returned 0 product candidates
2026-04-15 16:25:17,092 [INFO] Part 10092983 NOT FOUND: autocomplete could not resolve exact part
2026-04-15 16:25:17,092 [INFO] [310/948] 10092983 | NOT FOUND (Not found in autocomplete)
2026-04-15 16:25:17,227 [INFO] [326/948] 10093460 | Attempt 1 started
2026-04-15 16:25:17,228 [INFO] Starting scrape for part 10093460
2026-04-15 16:25:17,256 [INFO] Autocomplete for 10092980 returned 0 product candidates
2026-04-15 16:25:17,260 [INFO] Part 10092980 NOT FOUND: autocomplete could not resolve exact part
2026-04-15 16:25:17,260 [INFO] [325/948] 10092980 | NOT FOUND (Not found in autocomplete)
2026-04-15 16:25:17,443 [INFO] [327/948] 10092981 | Attempt 1 started
2026-04-15 16:25:17,443 [INFO] Starting scrape for part 10092981
2026-04-15 16:25:17,473 [INFO] Autocomplete for 10117745 returned 0 product candidates
2026-04-15 16:25:17,474 [INFO] Part 10117745 NOT FOUND: autocomplete could not resolve exact part
2026-04-15 16:25:17,475 [INFO] [313/948] 10117745 | NOT FOUND (Not found in autocomplete)
2026-04-15 16:25:17,611 [INFO] [328/948] 10093461 | Attempt 1 started
2026-04-15 16:25:17,612 [INFO] Starting scrape for part 10093461
2026-04-15 16:25:17,636 [INFO] Autocomplete for 10121499 returned 0 product candidates
2026-04-15 16:25:17,637 [INFO] Part 10121499 NOT FOUND: autocomplete could not resolve exact part
2026-04-15 16:25:17,638 [INFO] [318/948] 10121499 | NOT FOUND (Not found in autocomplete)
2026-04-15 16:25:17,692 [INFO] Autocomplete for 10093460 returned 0 product candidates
2026-04-15 16:25:17,696 [INFO] Part 10093460 NOT FOUND: autocomplete could not resolve exact part
2026-04-15 16:25:17,696 [INFO] [326/948] 10093460 | NOT FOUND (Not found in autocomplete)
2026-04-15 16:25:17,825 [INFO] [329/948] 10117210 | Attempt 1 started
2026-04-15 16:25:17,825 [INFO] Starting scrape for part 10117210
2026-04-15 16:25:17,958 [INFO] Autocomplete for 10121498 returned 0 product candidates
2026-04-15 16:25:17,960 [INFO] Part 10121498 NOT FOUND: autocomplete could not resolve exact part
2026-04-15 16:25:17,960 [INFO] [316/948] 10121498 | NOT FOUND (Not found in autocomplete)
2026-04-15 16:25:17,989 [INFO] [330/948] (MALEINLINE:10117140) | Attempt 1 started
2026-04-15 16:25:17,990 [INFO] Starting scrape for part (MALEINLINE:10117140)
2026-04-15 16:25:17,991 [INFO] Autocomplete for 10092981 returned 0 product candidates
2026-04-15 16:25:17,992 [INFO] Part 10092981 NOT FOUND: autocomplete could not resolve exact part
2026-04-15 16:25:17,993 [INFO] [327/948] 10092981 | NOT FOUND (Not found in autocomplete)
2026-04-15 16:25:18,046 [INFO] Autocomplete for 10117746 returned 0 product candidates
2026-04-15 16:25:18,046 [INFO] [331/948] 10117274 | Attempt 1 started
2026-04-15 16:25:18,047 [INFO] Starting scrape for part 10117274
2026-04-15 16:25:18,050 [INFO] Part 10117746 NOT FOUND: autocomplete could not resolve exact part
2026-04-15 16:25:18,050 [INFO] [315/948] 10117746 | NOT FOUND (Not found in autocomplete)
2026-04-15 16:25:18,143 [INFO] Autocomplete for 10093461 returned 0 product candidates
2026-04-15 16:25:18,145 [INFO] Part 10093461 NOT FOUND: autocomplete could not resolve exact part
2026-04-15 16:25:18,145 [INFO] [328/948] 10093461 | NOT FOUND (Not found in autocomplete)
2026-04-15 16:25:18,310 [INFO] [332/948] (MALEINLINE:10117194) | Attempt 1 started
2026-04-15 16:25:18,311 [INFO] Starting scrape for part (MALEINLINE:10117194)
2026-04-15 16:25:18,343 [INFO] [333/948] 09408621 | Attempt 1 started
2026-04-15 16:25:18,343 [INFO] Starting scrape for part 09408621
2026-04-15 16:25:18,385 [INFO] Autocomplete for 10117210 returned 0 product candidates
2026-04-15 16:25:18,389 [INFO] Part 10117210 NOT FOUND: autocomplete could not resolve exact part
2026-04-15 16:25:18,389 [INFO] [329/948] 10117210 | NOT FOUND (Not found in autocomplete)
2026-04-15 16:25:18,401 [INFO] [334/948] 2058272021 | Attempt 1 started
2026-04-15 16:25:18,401 [INFO] Starting scrape for part 2058272021
2026-04-15 16:25:18,483 [INFO] Autocomplete for (MALEINLINE:10117140) returned 0 product candidates
2026-04-15 16:25:18,484 [INFO] Part (MALEINLINE:10117140) NOT FOUND: autocomplete could not resolve exact part
2026-04-15 16:25:18,484 [INFO] [330/948] (MALEINLINE:10117140) | NOT FOUND (Not found in autocomplete)
2026-04-15 16:25:18,495 [INFO] [335/948] 2058272022 | Attempt 1 started
2026-04-15 16:25:18,495 [INFO] Starting scrape for part 2058272022
2026-04-15 16:25:18,740 [INFO] [336/948] 2058272023 | Attempt 1 started
2026-04-15 16:25:18,740 [INFO] Starting scrape for part 2058272023
2026-04-15 16:25:18,785 [INFO] Autocomplete for (MALEINLINE:10117194) returned 0 product candidates
2026-04-15 16:25:18,786 [INFO] Part (MALEINLINE:10117194) NOT FOUND: autocomplete could not resolve exact part
2026-04-15 16:25:18,786 [INFO] [332/948] (MALEINLINE:10117194) | NOT FOUND (Not found in autocomplete)
2026-04-15 16:25:18,835 [INFO] [337/948] 2058272024 | Attempt 1 started
2026-04-15 16:25:18,835 [INFO] Starting scrape for part 2058272024
2026-04-15 16:25:18,934 [INFO] Autocomplete for 2058272021 returned 1 product candidates
2026-04-15 16:25:18,935 [INFO] Matched part 2058272021 with Arrow fullPart=2058272021 partSeo=2058272021 mfrSeo=molex
2026-04-15 16:25:19,064 [INFO] Autocomplete for 10092976 returned 0 product candidates
2026-04-15 16:25:19,066 [INFO] Part 10092976 NOT FOUND: autocomplete could not resolve exact part
2026-04-15 16:25:19,066 [INFO] [320/948] 10092976 | NOT FOUND (Not found in autocomplete)
2026-04-15 16:25:19,136 [INFO] [338/948] 2058272031 | Attempt 1 started
2026-04-15 16:25:19,137 [INFO] Starting scrape for part 2058272031
2026-04-15 16:25:19,150 [INFO] Autocomplete for 10092977 returned 0 product candidates
2026-04-15 16:25:19,151 [INFO] Part 10092977 NOT FOUND: autocomplete could not resolve exact part
2026-04-15 16:25:19,151 [INFO] [321/948] 10092977 | NOT FOUND (Not found in autocomplete)
2026-04-15 16:25:19,250 [INFO] Autocomplete for 2058272023 returned 0 product candidates
2026-04-15 16:25:19,253 [INFO] Part 2058272023 NOT FOUND: autocomplete could not resolve exact part
2026-04-15 16:25:19,253 [INFO] [336/948] 2058272023 | NOT FOUND (Not found in autocomplete)
2026-04-15 16:25:19,393 [INFO] Autocomplete for 10092979 returned 0 product candidates
2026-04-15 16:25:19,394 [INFO] Part 10092979 NOT FOUND: autocomplete could not resolve exact part
2026-04-15 16:25:19,394 [INFO] [323/948] 10092979 | NOT FOUND (Not found in autocomplete)
2026-04-15 16:25:19,417 [INFO] [339/948] 2058272032 | Attempt 1 started
2026-04-15 16:25:19,417 [INFO] Starting scrape for part 2058272032
2026-04-15 16:25:19,507 [INFO] [340/948] 2058272033 | Attempt 1 started
2026-04-15 16:25:19,507 [INFO] Starting scrape for part 2058272033
2026-04-15 16:25:19,532 [INFO] Autocomplete for 2058272024 returned 0 product candidates
2026-04-15 16:25:19,535 [INFO] Part 2058272024 NOT FOUND: autocomplete could not resolve exact part
2026-04-15 16:25:19,535 [INFO] [337/948] 2058272024 | NOT FOUND (Not found in autocomplete)
2026-04-15 16:25:19,609 [INFO] [341/948] 2058272034 | Attempt 1 started
2026-04-15 16:25:19,609 [INFO] Starting scrape for part 2058272034
2026-04-15 16:25:19,745 [INFO] [342/948] 2058272041 | Attempt 1 started
2026-04-15 16:25:19,745 [INFO] Starting scrape for part 2058272041
2026-04-15 16:25:19,886 [INFO] [343/948] 2058272042 | Attempt 1 started
2026-04-15 16:25:19,886 [INFO] Starting scrape for part 2058272042
2026-04-15 16:25:19,977 [INFO] Autocomplete for 2058272032 returned 0 product candidates
2026-04-15 16:25:19,978 [INFO] Part 2058272032 NOT FOUND: autocomplete could not resolve exact part
2026-04-15 16:25:19,978 [INFO] [339/948] 2058272032 | NOT FOUND (Not found in autocomplete)
2026-04-15 16:25:20,036 [INFO] Autocomplete for 2058272033 returned 0 product candidates
2026-04-15 16:25:20,039 [INFO] Part 2058272033 NOT FOUND: autocomplete could not resolve exact part
2026-04-15 16:25:20,039 [INFO] [340/948] 2058272033 | NOT FOUND (Not found in autocomplete)
2026-04-15 16:25:20,308 [INFO] Autocomplete for 2058272041 returned 1 product candidates
2026-04-15 16:25:20,308 [INFO] Matched part 2058272041 with Arrow fullPart=2058272041 partSeo=2058272041 mfrSeo=molex
2026-04-15 16:25:20,328 [INFO] [344/948] 2058272043 | Attempt 1 started
2026-04-15 16:25:20,329 [INFO] Starting scrape for part 2058272043
2026-04-15 16:25:20,398 [INFO] [345/948] 2058272044 | Attempt 1 started
2026-04-15 16:25:20,398 [INFO] Starting scrape for part 2058272044
2026-04-15 16:25:20,483 [INFO] Autocomplete for 2058272042 returned 1 product candidates
2026-04-15 16:25:20,483 [INFO] Matched part 2058272042 with Arrow fullPart=2058272042 partSeo=2058272042 mfrSeo=molex
2026-04-15 16:25:21,097 [INFO] Autocomplete for 10117274 returned 0 product candidates
2026-04-15 16:25:21,099 [INFO] Part 10117274 NOT FOUND: autocomplete could not resolve exact part
2026-04-15 16:25:21,099 [INFO] [331/948] 10117274 | NOT FOUND (Not found in autocomplete)
2026-04-15 16:25:21,136 [INFO] Autocomplete for 2058272044 returned 1 product candidates
2026-04-15 16:25:21,136 [INFO] Matched part 2058272044 with Arrow fullPart=2058272044 partSeo=2058272044 mfrSeo=molex
2026-04-15 16:25:21,450 [INFO] [346/948] 2058272051 | Attempt 1 started
2026-04-15 16:25:21,450 [INFO] Starting scrape for part 2058272051
2026-04-15 16:25:21,501 [INFO] Autocomplete for 09408621 returned 0 product candidates
2026-04-15 16:25:21,502 [INFO] Part 09408621 NOT FOUND: autocomplete could not resolve exact part
2026-04-15 16:25:21,502 [INFO] [333/948] 09408621 | NOT FOUND (Not found in autocomplete)
2026-04-15 16:25:21,657 [INFO] Autocomplete for 2058272022 returned 0 product candidates
2026-04-15 16:25:21,660 [INFO] Part 2058272022 NOT FOUND: autocomplete could not resolve exact part
2026-04-15 16:25:21,660 [INFO] [335/948] 2058272022 | NOT FOUND (Not found in autocomplete)
2026-04-15 16:25:21,853 [INFO] [347/948] 2058272052 | Attempt 1 started
2026-04-15 16:25:21,853 [INFO] Starting scrape for part 2058272052
2026-04-15 16:25:21,907 [INFO] Autocomplete for 2058272051 returned 0 product candidates
2026-04-15 16:25:21,909 [INFO] Part 2058272051 NOT FOUND: autocomplete could not resolve exact part
2026-04-15 16:25:21,909 [INFO] [346/948] 2058272051 | NOT FOUND (Not found in autocomplete)
2026-04-15 16:25:22,011 [INFO] [348/948] 2058272053 | Attempt 1 started
2026-04-15 16:25:22,011 [INFO] Starting scrape for part 2058272053
2026-04-15 16:25:22,260 [INFO] [349/948] 2058272054 | Attempt 1 started
2026-04-15 16:25:22,260 [INFO] Starting scrape for part 2058272054
2026-04-15 16:25:22,425 [INFO] Autocomplete for 2058272031 returned 0 product candidates
2026-04-15 16:25:22,427 [INFO] Part 2058272031 NOT FOUND: autocomplete could not resolve exact part
2026-04-15 16:25:22,428 [INFO] [338/948] 2058272031 | NOT FOUND (Not found in autocomplete)
2026-04-15 16:25:22,438 [INFO] Autocomplete for 2058272053 returned 0 product candidates
2026-04-15 16:25:22,440 [INFO] Part 2058272053 NOT FOUND: autocomplete could not resolve exact part
2026-04-15 16:25:22,440 [INFO] [348/948] 2058272053 | NOT FOUND (Not found in autocomplete)
2026-04-15 16:25:22,695 [INFO] Autocomplete for 2058272034 returned 0 product candidates
2026-04-15 16:25:22,697 [INFO] Part 2058272034 NOT FOUND: autocomplete could not resolve exact part
2026-04-15 16:25:22,697 [INFO] [341/948] 2058272034 | NOT FOUND (Not found in autocomplete)
2026-04-15 16:25:22,779 [INFO] [350/948] 2058272061 | Attempt 1 started
2026-04-15 16:25:22,779 [INFO] Starting scrape for part 2058272061
2026-04-15 16:25:22,790 [INFO] [351/948] 2058272062 | Attempt 1 started
2026-04-15 16:25:22,790 [INFO] Starting scrape for part 2058272062
2026-04-15 16:25:23,048 [INFO] [352/948] 2058272063 | Attempt 1 started
2026-04-15 16:25:23,049 [INFO] Starting scrape for part 2058272063
2026-04-15 16:25:23,225 [INFO] Autocomplete for 2058272043 returned 1 product candidates
2026-04-15 16:25:23,225 [INFO] Matched part 2058272043 with Arrow fullPart=2058272043 partSeo=2058272043 mfrSeo=molex
2026-04-15 16:25:23,445 [INFO] Autocomplete for 2058272062 returned 1 product candidates
2026-04-15 16:25:23,445 [INFO] Matched part 2058272062 with Arrow fullPart=2058272062 partSeo=2058272062 mfrSeo=molex
2026-04-15 16:25:23,455 [INFO] [342/948] 2058272041 | FOUND
2026-04-15 16:25:23,518 [INFO] Autocomplete for 2058272061 returned 1 product candidates
2026-04-15 16:25:23,518 [INFO] Matched part 2058272061 with Arrow fullPart=2058272061 partSeo=2058272061 mfrSeo=molex
2026-04-15 16:25:23,643 [INFO] [343/948] 2058272042 | FOUND
2026-04-15 16:25:23,806 [INFO] [353/948] 2058272064 | Attempt 1 started
2026-04-15 16:25:23,806 [INFO] Starting scrape for part 2058272064
2026-04-15 16:25:23,925 [INFO] [334/948] 2058272021 | FOUND
2026-04-15 16:25:23,994 [INFO] [354/948] 2058272071 | Attempt 1 started
2026-04-15 16:25:23,994 [INFO] Starting scrape for part 2058272071
2026-04-15 16:25:24,276 [INFO] [355/948] 2058272072 | Attempt 1 started
2026-04-15 16:25:24,276 [INFO] Starting scrape for part 2058272072
2026-04-15 16:25:24,503 [INFO] Autocomplete for 2058272052 returned 0 product candidates
2026-04-15 16:25:24,507 [INFO] Part 2058272052 NOT FOUND: autocomplete could not resolve exact part
2026-04-15 16:25:24,507 [INFO] [347/948] 2058272052 | NOT FOUND (Not found in autocomplete)
2026-04-15 16:25:24,637 [INFO] [345/948] 2058272044 | FOUND
2026-04-15 16:25:24,771 [INFO] Autocomplete for 2058272072 returned 0 product candidates
2026-04-15 16:25:24,772 [INFO] Part 2058272072 NOT FOUND: autocomplete could not resolve exact part
2026-04-15 16:25:24,772 [INFO] [355/948] 2058272072 | NOT FOUND (Not found in autocomplete)
2026-04-15 16:25:24,858 [INFO] [356/948] 2058272073 | Attempt 1 started
2026-04-15 16:25:24,858 [INFO] Starting scrape for part 2058272073
2026-04-15 16:25:24,988 [INFO] [357/948] 2058272074 | Attempt 1 started
2026-04-15 16:25:24,988 [INFO] Starting scrape for part 2058272074
2026-04-15 16:25:25,123 [INFO] [358/948] 2058272081 | Attempt 1 started
2026-04-15 16:25:25,123 [INFO] Starting scrape for part 2058272081
2026-04-15 16:25:25,223 [INFO] Autocomplete for 2058272054 returned 0 product candidates
2026-04-15 16:25:25,225 [INFO] Part 2058272054 NOT FOUND: autocomplete could not resolve exact part
2026-04-15 16:25:25,225 [INFO] [349/948] 2058272054 | NOT FOUND (Not found in autocomplete)
2026-04-15 16:25:25,319 [INFO] Autocomplete for 2058272073 returned 0 product candidates
2026-04-15 16:25:25,319 [INFO] Part 2058272073 NOT FOUND: autocomplete could not resolve exact part
2026-04-15 16:25:25,319 [INFO] [356/948] 2058272073 | NOT FOUND (Not found in autocomplete)
2026-04-15 16:25:25,563 [INFO] Autocomplete for 2058272081 returned 0 product candidates
2026-04-15 16:25:25,565 [INFO] Part 2058272081 NOT FOUND: autocomplete could not resolve exact part
2026-04-15 16:25:25,565 [INFO] [358/948] 2058272081 | NOT FOUND (Not found in autocomplete)
2026-04-15 16:25:25,575 [INFO] [359/948] 2058272082 | Attempt 1 started
2026-04-15 16:25:25,576 [INFO] Starting scrape for part 2058272082
2026-04-15 16:25:25,605 [INFO] Autocomplete for 2058272063 returned 1 product candidates
2026-04-15 16:25:25,605 [INFO] Matched part 2058272063 with Arrow fullPart=2058272063 partSeo=2058272063 mfrSeo=molex
2026-04-15 16:25:25,671 [INFO] [360/948] 2058272083 | Attempt 1 started
2026-04-15 16:25:25,671 [INFO] Starting scrape for part 2058272083
2026-04-15 16:25:25,915 [INFO] [361/948] 2058272084 | Attempt 1 started
2026-04-15 16:25:25,915 [INFO] Starting scrape for part 2058272084
2026-04-15 16:25:26,016 [INFO] Autocomplete for 2058272082 returned 0 product candidates
2026-04-15 16:25:26,018 [INFO] Part 2058272082 NOT FOUND: autocomplete could not resolve exact part
2026-04-15 16:25:26,018 [INFO] [359/948] 2058272082 | NOT FOUND (Not found in autocomplete)
2026-04-15 16:25:26,342 [INFO] Autocomplete for 2058272084 returned 0 product candidates
2026-04-15 16:25:26,344 [INFO] Part 2058272084 NOT FOUND: autocomplete could not resolve exact part
2026-04-15 16:25:26,344 [INFO] [361/948] 2058272084 | NOT FOUND (Not found in autocomplete)
2026-04-15 16:25:26,369 [INFO] [362/948] 2058272091 | Attempt 1 started
2026-04-15 16:25:26,369 [INFO] Starting scrape for part 2058272091
2026-04-15 16:25:26,695 [INFO] [363/948] 2058272092 | Attempt 1 started
2026-04-15 16:25:26,695 [INFO] Starting scrape for part 2058272092
2026-04-15 16:25:26,830 [INFO] [344/948] 2058272043 | FOUND
2026-04-15 16:25:26,840 [INFO] [350/948] 2058272061 | FOUND
2026-04-15 16:25:26,853 [INFO] [351/948] 2058272062 | FOUND
2026-04-15 16:25:26,884 [INFO] Autocomplete for 2058272071 returned 0 product candidates
2026-04-15 16:25:26,885 [INFO] Autocomplete for 2058272091 returned 0 product candidates
2026-04-15 16:25:26,886 [INFO] Part 2058272071 NOT FOUND: autocomplete could not resolve exact part
2026-04-15 16:25:26,886 [INFO] [354/948] 2058272071 | NOT FOUND (Not found in autocomplete)
2026-04-15 16:25:26,887 [INFO] Part 2058272091 NOT FOUND: autocomplete could not resolve exact part
2026-04-15 16:25:26,887 [INFO] [362/948] 2058272091 | NOT FOUND (Not found in autocomplete)
2026-04-15 16:25:26,934 [INFO] Autocomplete for 2058272064 returned 1 product candidates
2026-04-15 16:25:26,934 [INFO] Matched part 2058272064 with Arrow fullPart=2058272064 partSeo=2058272064 mfrSeo=molex
2026-04-15 16:25:27,181 [INFO] [364/948] 2058272093 | Attempt 1 started
2026-04-15 16:25:27,181 [INFO] Starting scrape for part 2058272093
2026-04-15 16:25:27,191 [INFO] [365/948] 2058272094 | Attempt 1 started
2026-04-15 16:25:27,191 [INFO] Starting scrape for part 2058272094
2026-04-15 16:25:27,204 [INFO] [366/948] 2058272101 | Attempt 1 started
2026-04-15 16:25:27,204 [INFO] Starting scrape for part 2058272101
2026-04-15 16:25:27,237 [INFO] [367/948] 2058272102 | Attempt 1 started
2026-04-15 16:25:27,237 [INFO] Starting scrape for part 2058272102
2026-04-15 16:25:27,238 [INFO] [368/948] 2058272103 | Attempt 1 started
2026-04-15 16:25:27,238 [INFO] Starting scrape for part 2058272103
2026-04-15 16:25:27,776 [INFO] Autocomplete for 2058272101 returned 0 product candidates
2026-04-15 16:25:27,779 [INFO] Part 2058272101 NOT FOUND: autocomplete could not resolve exact part
2026-04-15 16:25:27,779 [INFO] [366/948] 2058272101 | NOT FOUND (Not found in autocomplete)
2026-04-15 16:25:27,833 [INFO] Autocomplete for 2058272074 returned 0 product candidates
2026-04-15 16:25:27,834 [INFO] Part 2058272074 NOT FOUND: autocomplete could not resolve exact part
2026-04-15 16:25:27,834 [INFO] [357/948] 2058272074 | NOT FOUND (Not found in autocomplete)
2026-04-15 16:25:28,130 [INFO] [369/948] 2058272104 | Attempt 1 started
2026-04-15 16:25:28,130 [INFO] Starting scrape for part 2058272104
2026-04-15 16:25:28,185 [INFO] [370/948] 2058272111 | Attempt 1 started
2026-04-15 16:25:28,186 [INFO] Starting scrape for part 2058272111
2026-04-15 16:25:28,773 [INFO] Autocomplete for 2058272104 returned 0 product candidates
2026-04-15 16:25:28,774 [INFO] Part 2058272104 NOT FOUND: autocomplete could not resolve exact part
2026-04-15 16:25:28,774 [INFO] [369/948] 2058272104 | NOT FOUND (Not found in autocomplete)
2026-04-15 16:25:28,803 [INFO] Autocomplete for 2058272111 returned 0 product candidates
2026-04-15 16:25:28,805 [INFO] Part 2058272111 NOT FOUND: autocomplete could not resolve exact part
2026-04-15 16:25:28,805 [INFO] [370/948] 2058272111 | NOT FOUND (Not found in autocomplete)
2026-04-15 16:25:28,911 [INFO] [352/948] 2058272063 | FOUND
2026-04-15 16:25:29,044 [INFO] Autocomplete for 2058272083 returned 0 product candidates
2026-04-15 16:25:29,045 [INFO] Part 2058272083 NOT FOUND: autocomplete could not resolve exact part
2026-04-15 16:25:29,045 [INFO] [360/948] 2058272083 | NOT FOUND (Not found in autocomplete)
2026-04-15 16:25:29,125 [INFO] [371/948] 2058272112 | Attempt 1 started
2026-04-15 16:25:29,125 [INFO] Starting scrape for part 2058272112
2026-04-15 16:25:29,156 [INFO] [372/948] 2058272113 | Attempt 1 started
2026-04-15 16:25:29,157 [INFO] Starting scrape for part 2058272113
2026-04-15 16:25:29,180 [INFO] Autocomplete for 2058272092 returned 0 product candidates
2026-04-15 16:25:29,183 [INFO] Part 2058272092 NOT FOUND: autocomplete could not resolve exact part
2026-04-15 16:25:29,184 [INFO] [363/948] 2058272092 | NOT FOUND (Not found in autocomplete)
2026-04-15 16:25:29,291 [INFO] [373/948] 2058272114 | Attempt 1 started
2026-04-15 16:25:29,291 [INFO] Starting scrape for part 2058272114
2026-04-15 16:25:29,395 [INFO] [374/948] 2058252101 | Attempt 1 started
2026-04-15 16:25:29,396 [INFO] Starting scrape for part 2058252101
2026-04-15 16:25:29,534 [INFO] [375/948] 2058252102 | Attempt 1 started
2026-04-15 16:25:29,535 [INFO] Starting scrape for part 2058252102
2026-04-15 16:25:30,068 [INFO] [353/948] 2058272064 | FOUND
2026-04-15 16:25:30,144 [INFO] Autocomplete for 2058272093 returned 0 product candidates
2026-04-15 16:25:30,145 [INFO] Part 2058272093 NOT FOUND: autocomplete could not resolve exact part
2026-04-15 16:25:30,145 [INFO] [364/948] 2058272093 | NOT FOUND (Not found in autocomplete)
2026-04-15 16:25:30,260 [INFO] Autocomplete for 2058252102 returned 1 product candidates
2026-04-15 16:25:30,260 [INFO] Matched part 2058252102 with Arrow fullPart=2058252102 partSeo=2058252102 mfrSeo=molex
2026-04-15 16:25:30,337 [INFO] Autocomplete for 2058272102 returned 0 product candidates
2026-04-15 16:25:30,339 [INFO] Part 2058272102 NOT FOUND: autocomplete could not resolve exact part
2026-04-15 16:25:30,339 [INFO] [367/948] 2058272102 | NOT FOUND (Not found in autocomplete)
2026-04-15 16:25:30,419 [INFO] [376/948] 2058252103 | Attempt 1 started
2026-04-15 16:25:30,419 [INFO] Starting scrape for part 2058252103
2026-04-15 16:25:30,509 [INFO] [377/948] 2058252104 | Attempt 1 started
2026-04-15 16:25:30,524 [INFO] Starting scrape for part 2058252104
2026-04-15 16:25:30,690 [INFO] [378/948] 2058252121 | Attempt 1 started
2026-04-15 16:25:30,690 [INFO] Starting scrape for part 2058252121
2026-04-15 16:25:30,959 [INFO] Autocomplete for 2058272094 returned 0 product candidates
2026-04-15 16:25:30,961 [INFO] Part 2058272094 NOT FOUND: autocomplete could not resolve exact part
2026-04-15 16:25:30,961 [INFO] [365/948] 2058272094 | NOT FOUND (Not found in autocomplete)
2026-04-15 16:25:31,073 [INFO] Autocomplete for 2058272103 returned 0 product candidates
2026-04-15 16:25:31,074 [INFO] Part 2058272103 NOT FOUND: autocomplete could not resolve exact part
2026-04-15 16:25:31,074 [INFO] [368/948] 2058272103 | NOT FOUND (Not found in autocomplete)
2026-04-15 16:25:31,092 [INFO] Autocomplete for 2058252103 returned 1 product candidates
2026-04-15 16:25:31,092 [INFO] Matched part 2058252103 with Arrow fullPart=2058252103 partSeo=2058252103 mfrSeo=molex
2026-04-15 16:25:31,311 [INFO] [379/948] 2058252122 | Attempt 1 started
2026-04-15 16:25:31,312 [INFO] Starting scrape for part 2058252122
2026-04-15 16:25:31,326 [INFO] Autocomplete for 2058252121 returned 0 product candidates
2026-04-15 16:25:31,331 [INFO] Part 2058252121 NOT FOUND: autocomplete could not resolve exact part
2026-04-15 16:25:31,331 [INFO] [378/948] 2058252121 | NOT FOUND (Not found in autocomplete)
2026-04-15 16:25:31,425 [INFO] [380/948] 2058252123 | Attempt 1 started
2026-04-15 16:25:31,425 [INFO] Starting scrape for part 2058252123
2026-04-15 16:25:31,682 [INFO] [381/948] 2058252124 | Attempt 1 started
2026-04-15 16:25:31,682 [INFO] Starting scrape for part 2058252124
2026-04-15 16:25:31,790 [INFO] Autocomplete for 2058272113 returned 0 product candidates
2026-04-15 16:25:31,792 [INFO] Part 2058272113 NOT FOUND: autocomplete could not resolve exact part
2026-04-15 16:25:31,793 [INFO] [372/948] 2058272113 | NOT FOUND (Not found in autocomplete)
2026-04-15 16:25:32,144 [INFO] [382/948] 2058252161 | Attempt 1 started
2026-04-15 16:25:32,144 [INFO] Starting scrape for part 2058252161
2026-04-15 16:25:32,454 [INFO] Autocomplete for 2058252124 returned 0 product candidates
2026-04-15 16:25:32,456 [INFO] Part 2058252124 NOT FOUND: autocomplete could not resolve exact part
2026-04-15 16:25:32,456 [INFO] [381/948] 2058252124 | NOT FOUND (Not found in autocomplete)
2026-04-15 16:25:32,733 [INFO] Autocomplete for 2058272112 returned 0 product candidates
2026-04-15 16:25:32,735 [INFO] Part 2058272112 NOT FOUND: autocomplete could not resolve exact part
2026-04-15 16:25:32,735 [INFO] [371/948] 2058272112 | NOT FOUND (Not found in autocomplete)
2026-04-15 16:25:32,807 [INFO] [383/948] 2058252162 | Attempt 1 started
2026-04-15 16:25:32,807 [INFO] Starting scrape for part 2058252162
2026-04-15 16:25:33,086 [INFO] [384/948] 2058252163 | Attempt 1 started
2026-04-15 16:25:33,086 [INFO] Starting scrape for part 2058252163
2026-04-15 16:25:33,303 [INFO] [375/948] 2058252102 | FOUND
2026-04-15 16:25:33,360 [INFO] Autocomplete for 2058252101 returned 1 product candidates
2026-04-15 16:25:33,361 [INFO] Matched part 2058252101 with Arrow fullPart=2058252101 partSeo=2058252101 mfrSeo=molex
2026-04-15 16:25:33,451 [INFO] Autocomplete for 2058272114 returned 0 product candidates
2026-04-15 16:25:33,483 [INFO] Part 2058272114 NOT FOUND: autocomplete could not resolve exact part
2026-04-15 16:25:33,483 [INFO] [373/948] 2058272114 | NOT FOUND (Not found in autocomplete)
2026-04-15 16:25:33,654 [INFO] [385/948] 2058252164 | Attempt 1 started
2026-04-15 16:25:33,654 [INFO] Starting scrape for part 2058252164
2026-04-15 16:25:33,810 [INFO] Autocomplete for 2058252122 returned 0 product candidates
2026-04-15 16:25:33,811 [INFO] Part 2058252122 NOT FOUND: autocomplete could not resolve exact part
2026-04-15 16:25:33,811 [INFO] [379/948] 2058252122 | NOT FOUND (Not found in autocomplete)
2026-04-15 16:25:33,821 [INFO] Autocomplete for 2058252104 returned 1 product candidates
2026-04-15 16:25:33,821 [INFO] Matched part 2058252104 with Arrow fullPart=2058252104 partSeo=2058252104 mfrSeo=molex
2026-04-15 16:25:33,844 [INFO] [386/948] 2058252181 | Attempt 1 started
2026-04-15 16:25:33,844 [INFO] Starting scrape for part 2058252181
2026-04-15 16:25:34,162 [INFO] [387/948] 2058252182 | Attempt 1 started
2026-04-15 16:25:34,162 [INFO] Starting scrape for part 2058252182
2026-04-15 16:25:34,308 [INFO] Autocomplete for 2058252123 returned 0 product candidates
2026-04-15 16:25:34,310 [INFO] Part 2058252123 NOT FOUND: autocomplete could not resolve exact part
2026-04-15 16:25:34,310 [INFO] [380/948] 2058252123 | NOT FOUND (Not found in autocomplete)
2026-04-15 16:25:34,343 [INFO] [376/948] 2058252103 | FOUND
2026-04-15 16:25:34,612 [INFO] Autocomplete for 2058252164 returned 0 product candidates
2026-04-15 16:25:34,615 [INFO] Part 2058252164 NOT FOUND: autocomplete could not resolve exact part
2026-04-15 16:25:34,615 [INFO] [385/948] 2058252164 | NOT FOUND (Not found in autocomplete)
2026-04-15 16:25:34,679 [INFO] [388/948] 2058252183 | Attempt 1 started
2026-04-15 16:25:34,680 [INFO] Starting scrape for part 2058252183
2026-04-15 16:25:34,694 [INFO] [389/948] 2058252184 | Attempt 1 started
2026-04-15 16:25:34,694 [INFO] Starting scrape for part 2058252184
2026-04-15 16:25:34,874 [INFO] Autocomplete for 2058252161 returned 0 product candidates
2026-04-15 16:25:34,876 [INFO] Part 2058252161 NOT FOUND: autocomplete could not resolve exact part
2026-04-15 16:25:34,876 [INFO] [382/948] 2058252161 | NOT FOUND (Not found in autocomplete)
2026-04-15 16:25:34,967 [INFO] [390/948] 2058252221 | Attempt 1 started
2026-04-15 16:25:34,967 [INFO] Starting scrape for part 2058252221
2026-04-15 16:25:35,208 [INFO] Autocomplete for 2058252183 returned 0 product candidates
2026-04-15 16:25:35,210 [INFO] Part 2058252183 NOT FOUND: autocomplete could not resolve exact part
2026-04-15 16:25:35,211 [INFO] [388/948] 2058252183 | NOT FOUND (Not found in autocomplete)
2026-04-15 16:25:35,227 [INFO] [391/948] 2058252222 | Attempt 1 started
2026-04-15 16:25:35,227 [INFO] Starting scrape for part 2058252222
2026-04-15 16:25:35,380 [INFO] Autocomplete for 2058252162 returned 0 product candidates
2026-04-15 16:25:35,382 [INFO] Part 2058252162 NOT FOUND: autocomplete could not resolve exact part
2026-04-15 16:25:35,382 [INFO] [383/948] 2058252162 | NOT FOUND (Not found in autocomplete)
2026-04-15 16:25:35,561 [INFO] [392/948] 2058252223 | Attempt 1 started
2026-04-15 16:25:35,562 [INFO] Starting scrape for part 2058252223
2026-04-15 16:25:35,741 [INFO] [393/948] 2058252224 | Attempt 1 started
2026-04-15 16:25:35,741 [INFO] Starting scrape for part 2058252224
2026-04-15 16:25:35,945 [INFO] Autocomplete for 2058252163 returned 0 product candidates
2026-04-15 16:25:35,947 [INFO] Part 2058252163 NOT FOUND: autocomplete could not resolve exact part
2026-04-15 16:25:35,947 [INFO] [384/948] 2058252163 | NOT FOUND (Not found in autocomplete)
2026-04-15 16:25:36,279 [INFO] Autocomplete for 2058252224 returned 0 product candidates
2026-04-15 16:25:36,281 [INFO] Part 2058252224 NOT FOUND: autocomplete could not resolve exact part
2026-04-15 16:25:36,281 [INFO] [393/948] 2058252224 | NOT FOUND (Not found in autocomplete)
2026-04-15 16:25:36,298 [INFO] [394/948] 347910040 | Attempt 1 started
2026-04-15 16:25:36,299 [INFO] Starting scrape for part 347910040
2026-04-15 16:25:36,632 [INFO] [395/948] 347910140 | Attempt 1 started
2026-04-15 16:25:36,632 [INFO] Starting scrape for part 347910140
2026-04-15 16:25:36,764 [INFO] Autocomplete for 2058252182 returned 0 product candidates
2026-04-15 16:25:36,767 [INFO] Part 2058252182 NOT FOUND: autocomplete could not resolve exact part
2026-04-15 16:25:36,767 [INFO] [387/948] 2058252182 | NOT FOUND (Not found in autocomplete)
2026-04-15 16:25:37,119 [INFO] [396/948] 347915140 | Attempt 1 started
2026-04-15 16:25:37,119 [INFO] Starting scrape for part 347915140
2026-04-15 16:25:37,135 [INFO] [374/948] 2058252101 | FOUND
2026-04-15 16:25:37,136 [INFO] Autocomplete for 347910140 returned 2 product candidates
2026-04-15 16:25:37,136 [INFO] Matched part 347910140 with Arrow fullPart=347910140 partSeo=347910140 mfrSeo=molex
2026-04-15 16:25:37,415 [INFO] Autocomplete for 2058252181 returned 0 product candidates
2026-04-15 16:25:37,416 [INFO] Part 2058252181 NOT FOUND: autocomplete could not resolve exact part
2026-04-15 16:25:37,416 [INFO] [386/948] 2058252181 | NOT FOUND (Not found in autocomplete)
2026-04-15 16:25:37,440 [INFO] [377/948] 2058252104 | FOUND
2026-04-15 16:25:37,485 [INFO] [397/948] 347910041 | Attempt 1 started
2026-04-15 16:25:37,486 [INFO] Starting scrape for part 347910041
2026-04-15 16:25:37,606 [INFO] Autocomplete for 347915140 returned 2 product candidates
2026-04-15 16:25:37,606 [INFO] Matched part 347915140 with Arrow fullPart=347915140 partSeo=34791-5140 mfrSeo=molex
2026-04-15 16:25:37,767 [INFO] [398/948] 347910141 | Attempt 1 started
2026-04-15 16:25:37,767 [INFO] Starting scrape for part 347910141
2026-04-15 16:25:37,776 [INFO] Autocomplete for 2058252184 returned 0 product candidates
2026-04-15 16:25:37,781 [INFO] Part 2058252184 NOT FOUND: autocomplete could not resolve exact part
2026-04-15 16:25:37,781 [INFO] [389/948] 2058252184 | NOT FOUND (Not found in autocomplete)
2026-04-15 16:25:37,791 [INFO] [399/948] 347915141 | Attempt 1 started
2026-04-15 16:25:37,791 [INFO] Starting scrape for part 347915141
2026-04-15 16:25:37,875 [INFO] Autocomplete for 2058252222 returned 0 product candidates
2026-04-15 16:25:37,876 [INFO] Part 2058252222 NOT FOUND: autocomplete could not resolve exact part
2026-04-15 16:25:37,877 [INFO] [391/948] 2058252222 | NOT FOUND (Not found in autocomplete)
2026-04-15 16:25:37,945 [INFO] Autocomplete for 2058252221 returned 0 product candidates
2026-04-15 16:25:37,946 [INFO] Part 2058252221 NOT FOUND: autocomplete could not resolve exact part
2026-04-15 16:25:37,947 [INFO] [390/948] 2058252221 | NOT FOUND (Not found in autocomplete)
2026-04-15 16:25:38,132 [INFO] [400/948] 347910042 | Attempt 1 started
2026-04-15 16:25:38,132 [INFO] Starting scrape for part 347910042
2026-04-15 16:25:38,227 [INFO] [401/948] 347910142 | Attempt 1 started
2026-04-15 16:25:38,227 [INFO] Starting scrape for part 347910142
2026-04-15 16:25:38,232 [INFO] Autocomplete for 347910141 returned 2 product candidates
2026-04-15 16:25:38,232 [INFO] Matched part 347910141 with Arrow fullPart=34791-0141 partSeo=34791-0141 mfrSeo=molex
2026-04-15 16:25:38,320 [INFO] [402/948] 347915142 | Attempt 1 started
2026-04-15 16:25:38,323 [INFO] Autocomplete for 2058252223 returned 0 product candidates
2026-04-15 16:25:38,324 [INFO] Starting scrape for part 347915142
2026-04-15 16:25:38,324 [INFO] Part 2058252223 NOT FOUND: autocomplete could not resolve exact part
2026-04-15 16:25:38,325 [INFO] [392/948] 2058252223 | NOT FOUND (Not found in autocomplete)
2026-04-15 16:25:38,664 [INFO] Autocomplete for 347910042 returned 2 product candidates
2026-04-15 16:25:38,664 [INFO] Matched part 347910042 with Arrow fullPart=34791-0042 partSeo=34791-0042 mfrSeo=molex
2026-04-15 16:25:38,676 [INFO] [403/948] 347910043 | Attempt 1 started
2026-04-15 16:25:38,676 [INFO] Starting scrape for part 347910043
2026-04-15 16:25:39,133 [INFO] Autocomplete for 347910043 returned 2 product candidates
2026-04-15 16:25:39,133 [INFO] Matched part 347910043 with Arrow fullPart=347910043 partSeo=34791-0043 mfrSeo=molex
2026-04-15 16:25:39,443 [INFO] Autocomplete for 347910040 returned 2 product candidates
2026-04-15 16:25:39,443 [INFO] Matched part 347910040 with Arrow fullPart=34791-0040 partSeo=34791-0040 mfrSeo=molex
2026-04-15 16:25:40,237 [INFO] Autocomplete for 347910041 returned 2 product candidates
2026-04-15 16:25:40,237 [INFO] Matched part 347910041 with Arrow fullPart=347910041 partSeo=34791-0041 mfrSeo=molex
2026-04-15 16:25:40,885 [INFO] Autocomplete for 347915141 returned 1 product candidates
2026-04-15 16:25:40,885 [INFO] No matching fullPart found in autocomplete list for 347915141
2026-04-15 16:25:40,889 [INFO] Part 347915141 NOT FOUND: autocomplete could not resolve exact part
2026-04-15 16:25:40,889 [INFO] [399/948] 347915141 | NOT FOUND (Not found in autocomplete)
2026-04-15 16:25:40,944 [INFO] Autocomplete for 347915142 returned 2 product candidates
2026-04-15 16:25:40,945 [INFO] Matched part 347915142 with Arrow fullPart=347915142 partSeo=347915142 mfrSeo=molex
2026-04-15 16:25:41,032 [INFO] [396/948] 347915140 | FOUND
2026-04-15 16:25:41,208 [INFO] [395/948] 347910140 | FOUND
2026-04-15 16:25:41,240 [INFO] [404/948] 347910143 | Attempt 1 started
2026-04-15 16:25:41,240 [INFO] Starting scrape for part 347910143
2026-04-15 16:25:41,260 [INFO] Autocomplete for 347910142 returned 2 product candidates
2026-04-15 16:25:41,261 [INFO] Matched part 347910142 with Arrow fullPart=34791-0142 partSeo=34791-0142 mfrSeo=molex
2026-04-15 16:25:41,383 [INFO] [405/948] 347915143 | Attempt 1 started
2026-04-15 16:25:41,383 [INFO] Starting scrape for part 347915143
2026-04-15 16:25:41,555 [INFO] [398/948] 347910141 | FOUND
2026-04-15 16:25:41,558 [INFO] [406/948] 347910080 | Attempt 1 started
2026-04-15 16:25:41,558 [INFO] Starting scrape for part 347910080
2026-04-15 16:25:41,816 [INFO] Autocomplete for 347910143 returned 0 product candidates
2026-04-15 16:25:41,818 [INFO] Part 347910143 NOT FOUND: autocomplete could not resolve exact part
2026-04-15 16:25:41,818 [INFO] [404/948] 347910143 | NOT FOUND (Not found in autocomplete)
2026-04-15 16:25:41,906 [INFO] [407/948] 347910180 | Attempt 1 started
2026-04-15 16:25:41,906 [INFO] Starting scrape for part 347910180
2026-04-15 16:25:42,026 [INFO] [400/948] 347910042 | FOUND
2026-04-15 16:25:42,169 [INFO] [408/948] 347915180 | Attempt 1 started
2026-04-15 16:25:42,169 [INFO] Starting scrape for part 347915180
2026-04-15 16:25:42,377 [INFO] [409/948] 347910081 | Attempt 1 started
2026-04-15 16:25:42,377 [INFO] Starting scrape for part 347910081
2026-04-15 16:25:43,072 [INFO] Autocomplete for 347910081 returned 2 product candidates
2026-04-15 16:25:43,072 [INFO] Matched part 347910081 with Arrow fullPart=347910081 partSeo=34791-0081 mfrSeo=molex
2026-04-15 16:25:43,562 [INFO] [403/948] 347910043 | FOUND
2026-04-15 16:25:43,593 [INFO] [397/948] 347910041 | FOUND
2026-04-15 16:25:43,605 [INFO] [394/948] 347910040 | FOUND
2026-04-15 16:25:43,913 [INFO] [410/948] 347910181 | Attempt 1 started
2026-04-15 16:25:43,914 [INFO] Starting scrape for part 347910181
2026-04-15 16:25:43,943 [INFO] [411/948] 347915181 | Attempt 1 started
2026-04-15 16:25:43,944 [INFO] Starting scrape for part 347915181
2026-04-15 16:25:43,956 [INFO] [412/948] 347910082 | Attempt 1 started
2026-04-15 16:25:43,956 [INFO] Starting scrape for part 347910082
2026-04-15 16:25:44,378 [INFO] [401/948] 347910142 | FOUND
2026-04-15 16:25:44,464 [INFO] Autocomplete for 347915143 returned 1 product candidates
2026-04-15 16:25:44,466 [INFO] Autocomplete for 347910082 returned 2 product candidates
2026-04-15 16:25:44,466 [INFO] Matched part 347910082 with Arrow fullPart=347910082 partSeo=34791-0082 mfrSeo=molex
2026-04-15 16:25:44,466 [INFO] No matching fullPart found in autocomplete list for 347915143
2026-04-15 16:25:44,470 [INFO] Part 347915143 NOT FOUND: autocomplete could not resolve exact part
2026-04-15 16:25:44,470 [INFO] [405/948] 347915143 | NOT FOUND (Not found in autocomplete)
2026-04-15 16:25:44,659 [INFO] [402/948] 347915142 | FOUND
2026-04-15 16:25:44,729 [INFO] [413/948] 347910182 | Attempt 1 started
2026-04-15 16:25:44,729 [INFO] Starting scrape for part 347910182
2026-04-15 16:25:44,760 [INFO] Autocomplete for 347910080 returned 2 product candidates
2026-04-15 16:25:44,760 [INFO] Matched part 347910080 with Arrow fullPart=347910080 partSeo=34791-0080 mfrSeo=molex
2026-04-15 16:25:44,839 [INFO] [414/948] 347915182 | Attempt 1 started
2026-04-15 16:25:44,839 [INFO] Starting scrape for part 347915182
2026-04-15 16:25:44,987 [INFO] Autocomplete for 347910180 returned 2 product candidates
2026-04-15 16:25:44,988 [INFO] Matched part 347910180 with Arrow fullPart=34791-0180 partSeo=34791-0180 mfrSeo=molex
2026-04-15 16:25:45,010 [INFO] [415/948] 348240124 | Attempt 1 started
2026-04-15 16:25:45,011 [INFO] Starting scrape for part 348240124
2026-04-15 16:25:45,173 [INFO] Autocomplete for 347915180 returned 2 product candidates
2026-04-15 16:25:45,173 [INFO] Matched part 347915180 with Arrow fullPart=347915180 partSeo=34791-5180 mfrSeo=molex
2026-04-15 16:25:45,239 [INFO] Autocomplete for 347910182 returned 1 product candidates
2026-04-15 16:25:45,239 [INFO] No matching fullPart found in autocomplete list for 347910182
2026-04-15 16:25:45,241 [INFO] Part 347910182 NOT FOUND: autocomplete could not resolve exact part
2026-04-15 16:25:45,241 [INFO] [413/948] 347910182 | NOT FOUND (Not found in autocomplete)
2026-04-15 16:25:45,441 [INFO] Autocomplete for 347915182 returned 1 product candidates
2026-04-15 16:25:45,441 [INFO] No matching fullPart found in autocomplete list for 347915182
2026-04-15 16:25:45,443 [INFO] Part 347915182 NOT FOUND: autocomplete could not resolve exact part
2026-04-15 16:25:45,443 [INFO] [414/948] 347915182 | NOT FOUND (Not found in autocomplete)
2026-04-15 16:25:45,503 [INFO] Autocomplete for 348240124 returned 2 product candidates
2026-04-15 16:25:45,503 [INFO] Matched part 348240124 with Arrow fullPart=348240124 partSeo=34824-0124 mfrSeo=molex
2026-04-15 16:25:45,599 [INFO] [416/948] 348241124 | Attempt 1 started
2026-04-15 16:25:45,599 [INFO] Starting scrape for part 348241124
2026-04-15 16:25:45,793 [INFO] [417/948] 348245124 | Attempt 1 started
2026-04-15 16:25:45,794 [INFO] Starting scrape for part 348245124
2026-04-15 16:25:46,244 [INFO] [409/948] 347910081 | FOUND
2026-04-15 16:25:46,402 [INFO] Autocomplete for 348245124 returned 2 product candidates
2026-04-15 16:25:46,402 [INFO] Matched part 348245124 with Arrow fullPart=34824-5124 partSeo=34824-5124 mfrSeo=molex
2026-04-15 16:25:46,595 [INFO] [418/948] 348240125 | Attempt 1 started
2026-04-15 16:25:46,595 [INFO] Starting scrape for part 348240125
2026-04-15 16:25:46,803 [INFO] Autocomplete for 347910181 returned 2 product candidates
2026-04-15 16:25:46,803 [INFO] Matched part 347910181 with Arrow fullPart=34791-0181 partSeo=34791-0181 mfrSeo=molex
2026-04-15 16:25:46,804 [INFO] Autocomplete for 347915181 returned 2 product candidates
2026-04-15 16:25:46,805 [INFO] Matched part 347915181 with Arrow fullPart=347915181 partSeo=34791-5181 mfrSeo=molex
2026-04-15 16:25:48,080 [INFO] Autocomplete for 348241124 returned 2 product candidates
2026-04-15 16:25:48,080 [INFO] Matched part 348241124 with Arrow fullPart=34824-1124 partSeo=34824-1124 mfrSeo=molex
2026-04-15 16:25:48,295 [INFO] [412/948] 347910082 | FOUND
2026-04-15 16:25:48,453 [INFO] [408/948] 347915180 | FOUND
2026-04-15 16:25:48,620 [INFO] [406/948] 347910080 | FOUND
2026-04-15 16:25:48,645 [INFO] [419/948] 348241125 | Attempt 1 started
2026-04-15 16:25:48,646 [INFO] Starting scrape for part 348241125
2026-04-15 16:25:48,690 [INFO] [407/948] 347910180 | FOUND
2026-04-15 16:25:48,740 [INFO] [415/948] 348240124 | FOUND
2026-04-15 16:25:48,804 [INFO] [420/948] 348245125 | Attempt 1 started
2026-04-15 16:25:48,804 [INFO] Starting scrape for part 348245125
2026-04-15 16:25:48,970 [INFO] [421/948] 348240126 | Attempt 1 started
2026-04-15 16:25:48,971 [INFO] Starting scrape for part 348240126
2026-04-15 16:25:49,041 [INFO] [422/948] 348241126 | Attempt 1 started
2026-04-15 16:25:49,041 [INFO] Starting scrape for part 348241126
2026-04-15 16:25:49,091 [INFO] [423/948] 348245126 | Attempt 1 started
2026-04-15 16:25:49,091 [INFO] Starting scrape for part 348245126
2026-04-15 16:25:49,237 [INFO] Autocomplete for 348240125 returned 2 product candidates
2026-04-15 16:25:49,237 [INFO] Matched part 348240125 with Arrow fullPart=34824-0125 partSeo=34824-0125 mfrSeo=molex
2026-04-15 16:25:49,397 [INFO] Autocomplete for 348245125 returned 1 product candidates
2026-04-15 16:25:49,397 [INFO] No matching fullPart found in autocomplete list for 348245125
2026-04-15 16:25:49,399 [INFO] Part 348245125 NOT FOUND: autocomplete could not resolve exact part
2026-04-15 16:25:49,399 [INFO] [420/948] 348245125 | NOT FOUND (Not found in autocomplete)
2026-04-15 16:25:49,750 [INFO] [424/948] 314022100 | Attempt 1 started
2026-04-15 16:25:49,750 [INFO] Starting scrape for part 314022100
2026-04-15 16:25:50,007 [INFO] [410/948] 347910181 | FOUND
2026-04-15 16:25:50,357 [INFO] [425/948] 314022110 | Attempt 1 started
2026-04-15 16:25:50,358 [INFO] Starting scrape for part 314022110
2026-04-15 16:25:50,810 [INFO] [411/948] 347915181 | FOUND
2026-04-15 16:25:51,161 [INFO] [426/948] 314032100 | Attempt 1 started
2026-04-15 16:25:51,162 [INFO] Starting scrape for part 314032100
2026-04-15 16:25:51,257 [INFO] [417/948] 348245124 | FOUND
2026-04-15 16:25:51,608 [INFO] [427/948] 314032110 | Attempt 1 started
2026-04-15 16:25:51,608 [INFO] Starting scrape for part 314032110
2026-04-15 16:25:51,776 [INFO] Autocomplete for 348241126 returned 0 product candidates
2026-04-15 16:25:51,792 [INFO] Part 348241126 NOT FOUND: autocomplete could not resolve exact part
2026-04-15 16:25:51,793 [INFO] [422/948] 348241126 | NOT FOUND (Not found in autocomplete)
2026-04-15 16:25:51,887 [INFO] Autocomplete for 348241125 returned 1 product candidates
2026-04-15 16:25:51,887 [INFO] Matched part 348241125 with Arrow fullPart=348241125 partSeo=34824-1125 mfrSeo=molex
2026-04-15 16:25:52,093 [INFO] [416/948] 348241124 | FOUND
2026-04-15 16:25:52,155 [INFO] [428/948] 314022200 | Attempt 1 started
2026-04-15 16:25:52,155 [INFO] Starting scrape for part 314022200
2026-04-15 16:25:52,395 [INFO] Autocomplete for 314032110 returned 2 product candidates
2026-04-15 16:25:52,395 [INFO] Matched part 314032110 with Arrow fullPart=31403-2110 partSeo=31403-2110 mfrSeo=molex
2026-04-15 16:25:52,401 [INFO] Autocomplete for 314022100 returned 2 product candidates
2026-04-15 16:25:52,401 [INFO] Matched part 314022100 with Arrow fullPart=31402-2100 partSeo=31402-2100 mfrSeo=molex
2026-04-15 16:25:52,407 [INFO] Autocomplete for 348240126 returned 1 product candidates
2026-04-15 16:25:52,407 [INFO] No matching fullPart found in autocomplete list for 348240126
2026-04-15 16:25:52,408 [INFO] Part 348240126 NOT FOUND: autocomplete could not resolve exact part
2026-04-15 16:25:52,409 [INFO] [421/948] 348240126 | NOT FOUND (Not found in autocomplete)
2026-04-15 16:25:52,444 [INFO] [429/948] 314022210 | Attempt 1 started
2026-04-15 16:25:52,444 [INFO] Starting scrape for part 314022210
2026-04-15 16:25:52,761 [INFO] [430/948] 314032200 | Attempt 1 started
2026-04-15 16:25:52,761 [INFO] Starting scrape for part 314032200
2026-04-15 16:25:52,781 [INFO] [418/948] 348240125 | FOUND
2026-04-15 16:25:52,820 [INFO] Autocomplete for 314022200 returned 1 product candidates
2026-04-15 16:25:52,821 [INFO] No matching fullPart found in autocomplete list for 314022200
2026-04-15 16:25:52,822 [INFO] Part 314022200 NOT FOUND: autocomplete could not resolve exact part
2026-04-15 16:25:52,823 [INFO] [428/948] 314022200 | NOT FOUND (Not found in autocomplete)
2026-04-15 16:25:52,972 [INFO] Autocomplete for 314022210 returned 1 product candidates
2026-04-15 16:25:52,972 [INFO] No matching fullPart found in autocomplete list for 314022210
2026-04-15 16:25:52,975 [INFO] Part 314022210 NOT FOUND: autocomplete could not resolve exact part
2026-04-15 16:25:52,975 [INFO] [429/948] 314022210 | NOT FOUND (Not found in autocomplete)
2026-04-15 16:25:53,021 [INFO] Autocomplete for 348245126 returned 1 product candidates
2026-04-15 16:25:53,022 [INFO] No matching fullPart found in autocomplete list for 348245126
2026-04-15 16:25:53,023 [INFO] Part 348245126 NOT FOUND: autocomplete could not resolve exact part
2026-04-15 16:25:53,023 [INFO] [423/948] 348245126 | NOT FOUND (Not found in autocomplete)
2026-04-15 16:25:53,132 [INFO] [431/948] 314032210 | Attempt 1 started
2026-04-15 16:25:53,132 [INFO] Starting scrape for part 314032210
2026-04-15 16:25:53,174 [INFO] [432/948] 314022700 | Attempt 1 started
2026-04-15 16:25:53,174 [INFO] Starting scrape for part 314022700
2026-04-15 16:25:53,326 [INFO] [433/948] 314022710 | Attempt 1 started
2026-04-15 16:25:53,326 [INFO] Starting scrape for part 314022710
2026-04-15 16:25:53,389 [INFO] [434/948] 314032700 | Attempt 1 started
2026-04-15 16:25:53,389 [INFO] Starting scrape for part 314032700
2026-04-15 16:25:53,438 [INFO] Autocomplete for 314032200 returned 2 product candidates
2026-04-15 16:25:53,438 [INFO] Matched part 314032200 with Arrow fullPart=31403-2200 partSeo=31403-2200 mfrSeo=molex
2026-04-15 16:25:53,689 [INFO] Autocomplete for 314022110 returned 2 product candidates
2026-04-15 16:25:53,689 [INFO] Matched part 314022110 with Arrow fullPart=31402-2110 partSeo=31402-2110 mfrSeo=molex
2026-04-15 16:25:54,009 [INFO] Autocomplete for 314032210 returned 2 product candidates
2026-04-15 16:25:54,009 [INFO] Matched part 314032210 with Arrow fullPart=314032210 partSeo=31403-2210 mfrSeo=molex
2026-04-15 16:25:54,074 [INFO] Autocomplete for 314022710 returned 2 product candidates
2026-04-15 16:25:54,075 [INFO] Matched part 314022710 with Arrow fullPart=314022710 partSeo=31402-2710 mfrSeo=molex
2026-04-15 16:25:54,189 [INFO] Autocomplete for 314032700 returned 2 product candidates
2026-04-15 16:25:54,189 [INFO] Matched part 314032700 with Arrow fullPart=31403-2700 partSeo=31403-2700 mfrSeo=molex
2026-04-15 16:25:54,271 [INFO] Autocomplete for 314032100 returned 2 product candidates
2026-04-15 16:25:54,271 [INFO] Matched part 314032100 with Arrow fullPart=314032100 partSeo=31403-2100 mfrSeo=molex
2026-04-15 16:25:56,212 [INFO] [427/948] 314032110 | FOUND
2026-04-15 16:25:56,215 [INFO] Autocomplete for 314022700 returned 1 product candidates
2026-04-15 16:25:56,215 [INFO] No matching fullPart found in autocomplete list for 314022700
2026-04-15 16:25:56,216 [INFO] Part 314022700 NOT FOUND: autocomplete could not resolve exact part
2026-04-15 16:25:56,216 [INFO] [432/948] 314022700 | NOT FOUND (Not found in autocomplete)
2026-04-15 16:25:56,221 [INFO] [419/948] 348241125 | FOUND
2026-04-15 16:25:56,563 [INFO] [435/948] 314032710 | Attempt 1 started
2026-04-15 16:25:56,563 [INFO] Starting scrape for part 314032710
2026-04-15 16:25:56,567 [INFO] [436/948] 314026100 | Attempt 1 started
2026-04-15 16:25:56,567 [INFO] Starting scrape for part 314026100
2026-04-15 16:25:56,573 [INFO] [437/948] 314026110 | Attempt 1 started
2026-04-15 16:25:56,574 [INFO] Starting scrape for part 314026110
2026-04-15 16:25:56,952 [INFO] [424/948] 314022100 | FOUND
2026-04-15 16:25:57,303 [INFO] [438/948] 314036100 | Attempt 1 started
2026-04-15 16:25:57,303 [INFO] Starting scrape for part 314036100
2026-04-15 16:25:57,410 [INFO] Autocomplete for 314032710 returned 2 product candidates
2026-04-15 16:25:57,410 [INFO] Matched part 314032710 with Arrow fullPart=314032710 partSeo=31403-2710 mfrSeo=molex
2026-04-15 16:25:57,540 [INFO] [430/948] 314032200 | FOUND
2026-04-15 16:25:57,552 [INFO] [425/948] 314022110 | FOUND
2026-04-15 16:25:57,670 [INFO] [431/948] 314032210 | FOUND
2026-04-15 16:25:57,891 [INFO] [439/948] 314036110 | Attempt 1 started
2026-04-15 16:25:57,891 [INFO] Starting scrape for part 314036110
2026-04-15 16:25:57,903 [INFO] [440/948] 314046100 | Attempt 1 started
2026-04-15 16:25:57,903 [INFO] Starting scrape for part 314046100
2026-04-15 16:25:57,991 [INFO] Autocomplete for 314036100 returned 2 product candidates
2026-04-15 16:25:57,992 [INFO] Matched part 314036100 with Arrow fullPart=314036100 partSeo=314036100 mfrSeo=molex
2026-04-15 16:25:58,021 [INFO] [441/948] 314046110 | Attempt 1 started
2026-04-15 16:25:58,021 [INFO] Starting scrape for part 314046110
2026-04-15 16:25:58,282 [INFO] [433/948] 314022710 | FOUND
2026-04-15 16:25:58,296 [INFO] [434/948] 314032700 | FOUND
2026-04-15 16:25:58,314 [INFO] [426/948] 314032100 | FOUND
2026-04-15 16:25:58,633 [INFO] [442/948] 314046200 | Attempt 1 started
2026-04-15 16:25:58,633 [INFO] Starting scrape for part 314046200
2026-04-15 16:25:58,646 [INFO] [443/948] 314046210 | Attempt 1 started
2026-04-15 16:25:58,647 [INFO] Starting scrape for part 314046210
2026-04-15 16:25:58,656 [INFO] Autocomplete for 314036110 returned 2 product candidates
2026-04-15 16:25:58,656 [INFO] Matched part 314036110 with Arrow fullPart=314036110 partSeo=31403-6110 mfrSeo=molex
2026-04-15 16:25:58,659 [INFO] Autocomplete for 314046110 returned 0 product candidates
2026-04-15 16:25:58,661 [INFO] Autocomplete for 314046100 returned 0 product candidates
2026-04-15 16:25:58,664 [INFO] Part 314046100 NOT FOUND: autocomplete could not resolve exact part
2026-04-15 16:25:58,664 [INFO] [440/948] 314046100 | NOT FOUND (Not found in autocomplete)
2026-04-15 16:25:58,666 [INFO] Part 314046110 NOT FOUND: autocomplete could not resolve exact part
2026-04-15 16:25:58,666 [INFO] [444/948] 314036610 | Attempt 1 started
2026-04-15 16:25:58,669 [INFO] [441/948] 314046110 | NOT FOUND (Not found in autocomplete)
2026-04-15 16:25:58,669 [INFO] Starting scrape for part 314036610
2026-04-15 16:25:59,017 [INFO] [445/948] 314046800 | Attempt 1 started
2026-04-15 16:25:59,018 [INFO] Starting scrape for part 314046800
2026-04-15 16:25:59,020 [INFO] [446/948] 314081080 | Attempt 1 started
2026-04-15 16:25:59,020 [INFO] Starting scrape for part 314081080
2026-04-15 16:25:59,387 [INFO] Autocomplete for 314026100 returned 2 product candidates
2026-04-15 16:25:59,387 [INFO] Matched part 314026100 with Arrow fullPart=314026100 partSeo=31402-6100 mfrSeo=molex
2026-04-15 16:25:59,653 [INFO] Autocomplete for 314026110 returned 2 product candidates
2026-04-15 16:25:59,653 [INFO] Matched part 314026110 with Arrow fullPart=314026110 partSeo=31402-6110 mfrSeo=molex
2026-04-15 16:26:00,103 [INFO] Autocomplete for 314046800 returned 0 product candidates
2026-04-15 16:26:00,105 [INFO] Part 314046800 NOT FOUND: autocomplete could not resolve exact part
2026-04-15 16:26:00,105 [INFO] [445/948] 314046800 | NOT FOUND (Not found in autocomplete)
2026-04-15 16:26:00,138 [INFO] Autocomplete for 314081080 returned 1 product candidates
2026-04-15 16:26:00,139 [INFO] No matching fullPart found in autocomplete list for 314081080
2026-04-15 16:26:00,140 [INFO] Part 314081080 NOT FOUND: autocomplete could not resolve exact part
2026-04-15 16:26:00,141 [INFO] [446/948] 314081080 | NOT FOUND (Not found in autocomplete)
2026-04-15 16:26:00,439 [INFO] Autocomplete for 314036610 returned 0 product candidates
2026-04-15 16:26:00,441 [INFO] Part 314036610 NOT FOUND: autocomplete could not resolve exact part
2026-04-15 16:26:00,441 [INFO] [444/948] 314036610 | NOT FOUND (Not found in autocomplete)
2026-04-15 16:26:00,455 [INFO] [447/948] 347280080 | Attempt 1 started
2026-04-15 16:26:00,456 [INFO] Starting scrape for part 347280080
2026-04-15 16:26:00,492 [INFO] [448/948] 347290080 | Attempt 1 started
2026-04-15 16:26:00,492 [INFO] Starting scrape for part 347290080
2026-04-15 16:26:00,524 [INFO] [435/948] 314032710 | FOUND
2026-04-15 16:26:00,792 [INFO] [449/948] 314081081 | Attempt 1 started
2026-04-15 16:26:00,792 [INFO] Starting scrape for part 314081081
2026-04-15 16:26:00,883 [INFO] [450/948] 347280081 | Attempt 1 started
2026-04-15 16:26:00,892 [INFO] Starting scrape for part 347280081
2026-04-15 16:26:01,295 [INFO] Autocomplete for 314081081 returned 0 product candidates
2026-04-15 16:26:01,298 [INFO] Part 314081081 NOT FOUND: autocomplete could not resolve exact part
2026-04-15 16:26:01,298 [INFO] [449/948] 314081081 | NOT FOUND (Not found in autocomplete)
2026-04-15 16:26:01,409 [INFO] [438/948] 314036100 | FOUND
2026-04-15 16:26:01,649 [INFO] [451/948] 347290081 | Attempt 1 started
2026-04-15 16:26:01,649 [INFO] Starting scrape for part 347290081
2026-04-15 16:26:01,778 [INFO] [452/948] 346900080 | Attempt 1 started
2026-04-15 16:26:01,780 [INFO] Starting scrape for part 346900080
2026-04-15 16:26:02,319 [INFO] Autocomplete for 347290081 returned 2 product candidates
2026-04-15 16:26:02,319 [INFO] Matched part 347290081 with Arrow fullPart=347290081 partSeo=34729-0081 mfrSeo=molex
2026-04-15 16:26:02,401 [INFO] Autocomplete for 314046200 returned 0 product candidates
2026-04-15 16:26:02,403 [INFO] Part 314046200 NOT FOUND: autocomplete could not resolve exact part
2026-04-15 16:26:02,404 [INFO] [442/948] 314046200 | NOT FOUND (Not found in autocomplete)
2026-04-15 16:26:02,405 [INFO] Autocomplete for 314046210 returned 0 product candidates
2026-04-15 16:26:02,406 [INFO] Part 314046210 NOT FOUND: autocomplete could not resolve exact part
2026-04-15 16:26:02,407 [INFO] [443/948] 314046210 | NOT FOUND (Not found in autocomplete)
2026-04-15 16:26:02,464 [INFO] [436/948] 314026100 | FOUND
2026-04-15 16:26:02,583 [INFO] [439/948] 314036110 | FOUND
2026-04-15 16:26:02,755 [INFO] [453/948] 346910080 | Attempt 1 started
2026-04-15 16:26:02,755 [INFO] Starting scrape for part 346910080
2026-04-15 16:26:02,757 [INFO] [454/948] 314081120 | Attempt 1 started
2026-04-15 16:26:02,758 [INFO] Starting scrape for part 314081120
2026-04-15 16:26:02,814 [INFO] [455/948] 314100120 | Attempt 1 started
2026-04-15 16:26:02,815 [INFO] Starting scrape for part 314100120
2026-04-15 16:26:02,896 [INFO] [437/948] 314026110 | FOUND
2026-04-15 16:26:02,934 [INFO] [456/948] 314101120 | Attempt 1 started
2026-04-15 16:26:02,935 [INFO] Starting scrape for part 314101120
2026-04-15 16:26:03,246 [INFO] [457/948] 347280120 | Attempt 1 started
2026-04-15 16:26:03,247 [INFO] Starting scrape for part 347280120
2026-04-15 16:26:03,259 [INFO] Autocomplete for 347290080 returned 2 product candidates
2026-04-15 16:26:03,260 [INFO] Matched part 347290080 with Arrow fullPart=347290080 partSeo=34729-0080 mfrSeo=molex
2026-04-15 16:26:03,295 [INFO] Autocomplete for 347280080 returned 1 product candidates
2026-04-15 16:26:03,295 [INFO] Matched part 347280080 with Arrow fullPart=347280080 partSeo=34728-0080 mfrSeo=molex
2026-04-15 16:26:03,642 [INFO] Autocomplete for 314081120 returned 2 product candidates
2026-04-15 16:26:03,643 [INFO] Matched part 314081120 with Arrow fullPart=31408-1120 partSeo=31408-1120 mfrSeo=molex
2026-04-15 16:26:03,776 [INFO] Autocomplete for 347280120 returned 2 product candidates
2026-04-15 16:26:03,777 [INFO] Matched part 347280120 with Arrow fullPart=34728-0120 partSeo=34728-0120 mfrSeo=molex
2026-04-15 16:26:03,789 [INFO] Autocomplete for 347280081 returned 0 product candidates
2026-04-15 16:26:03,793 [INFO] Part 347280081 NOT FOUND: autocomplete could not resolve exact part
2026-04-15 16:26:03,793 [INFO] [450/948] 347280081 | NOT FOUND (Not found in autocomplete)
2026-04-15 16:26:04,144 [INFO] [458/948] 347290120, | Attempt 1 started
2026-04-15 16:26:04,145 [INFO] Starting scrape for part 347290120,
2026-04-15 16:26:04,591 [INFO] Autocomplete for 347290120, returned 2 product candidates
2026-04-15 16:26:04,591 [INFO] No matching fullPart found in autocomplete list for 347290120,
2026-04-15 16:26:04,594 [INFO] Part 347290120, NOT FOUND: autocomplete could not resolve exact part
2026-04-15 16:26:04,594 [INFO] [458/948] 347290120, | NOT FOUND (Not found in autocomplete)
2026-04-15 16:26:04,804 [INFO] Autocomplete for 346900080 returned 2 product candidates
2026-04-15 16:26:04,805 [INFO] Matched part 346900080 with Arrow fullPart=346900080 partSeo=34690-0080 mfrSeo=molex
2026-04-15 16:26:04,945 [INFO] [459/948] 314081121 | Attempt 1 started
2026-04-15 16:26:04,945 [INFO] Starting scrape for part 314081121
2026-04-15 16:26:05,679 [INFO] Autocomplete for 346910080 returned 2 product candidates
2026-04-15 16:26:05,679 [INFO] Matched part 346910080 with Arrow fullPart=346910080 partSeo=346910080 mfrSeo=molex
2026-04-15 16:26:05,702 [INFO] Autocomplete for 314100120 returned 0 product candidates
2026-04-15 16:26:05,706 [INFO] Part 314100120 NOT FOUND: autocomplete could not resolve exact part
2026-04-15 16:26:05,706 [INFO] [455/948] 314100120 | NOT FOUND (Not found in autocomplete)
2026-04-15 16:26:05,750 [INFO] Autocomplete for 314101120 returned 3 product candidates
2026-04-15 16:26:05,750 [INFO] Matched part 314101120 with Arrow fullPart=31410-1120 partSeo=31410-1120 mfrSeo=molex
2026-04-15 16:26:05,978 [INFO] [451/948] 347290081 | FOUND
2026-04-15 16:26:06,057 [INFO] [460/948] 314100121 | Attempt 1 started
2026-04-15 16:26:06,058 [INFO] Starting scrape for part 314100121
2026-04-15 16:26:06,331 [INFO] [461/948] 314101121 | Attempt 1 started
2026-04-15 16:26:06,335 [INFO] Starting scrape for part 314101121
2026-04-15 16:26:06,353 [INFO] [447/948] 347280080 | FOUND
2026-04-15 16:26:06,473 [INFO] [448/948] 347290080 | FOUND
2026-04-15 16:26:06,704 [INFO] [462/948] 347280121 | Attempt 1 started
2026-04-15 16:26:06,704 [INFO] Starting scrape for part 347280121
2026-04-15 16:26:06,824 [INFO] [463/948] 347290121 | Attempt 1 started
2026-04-15 16:26:06,824 [INFO] Starting scrape for part 347290121
2026-04-15 16:26:07,385 [INFO] [454/948] 314081120 | FOUND
2026-04-15 16:26:07,577 [INFO] Autocomplete for 347290121 returned 2 product candidates
2026-04-15 16:26:07,577 [INFO] Matched part 347290121 with Arrow fullPart=347290121 partSeo=34729-0121 mfrSeo=molex
2026-04-15 16:26:07,727 [INFO] Autocomplete for 314081121 returned 2 product candidates
2026-04-15 16:26:07,728 [INFO] Matched part 314081121 with Arrow fullPart=31408-1121 partSeo=31408-1121 mfrSeo=molex
2026-04-15 16:26:07,736 [INFO] [464/948] 314081122 | Attempt 1 started
2026-04-15 16:26:07,736 [INFO] Starting scrape for part 314081122
2026-04-15 16:26:08,437 [INFO] Autocomplete for 314081122 returned 0 product candidates
2026-04-15 16:26:08,439 [INFO] Part 314081122 NOT FOUND: autocomplete could not resolve exact part
2026-04-15 16:26:08,440 [INFO] [464/948] 314081122 | NOT FOUND (Not found in autocomplete)
2026-04-15 16:26:08,537 [INFO] [452/948] 346900080 | FOUND
2026-04-15 16:26:08,616 [INFO] [457/948] 347280120 | FOUND
2026-04-15 16:26:08,791 [INFO] [465/948] 314100122 | Attempt 1 started
2026-04-15 16:26:08,791 [INFO] Starting scrape for part 314100122
2026-04-15 16:26:08,858 [INFO] Autocomplete for 314100121 returned 0 product candidates
2026-04-15 16:26:08,860 [INFO] Part 314100121 NOT FOUND: autocomplete could not resolve exact part
2026-04-15 16:26:08,860 [INFO] [460/948] 314100121 | NOT FOUND (Not found in autocomplete)
2026-04-15 16:26:08,862 [INFO] Autocomplete for 314101121 returned 1 product candidates
2026-04-15 16:26:08,862 [INFO] No matching fullPart found in autocomplete list for 314101121
2026-04-15 16:26:08,863 [INFO] Part 314101121 NOT FOUND: autocomplete could not resolve exact part
2026-04-15 16:26:08,863 [INFO] [461/948] 314101121 | NOT FOUND (Not found in autocomplete)
2026-04-15 16:26:08,887 [INFO] [466/948] 314101122 | Attempt 1 started
2026-04-15 16:26:08,887 [INFO] Starting scrape for part 314101122
2026-04-15 16:26:08,966 [INFO] [467/948] 347280122 | Attempt 1 started
2026-04-15 16:26:08,967 [INFO] Starting scrape for part 347280122
2026-04-15 16:26:09,223 [INFO] [468/948] 347290122, | Attempt 1 started
2026-04-15 16:26:09,223 [INFO] [469/948] 314081200 | Attempt 1 started
2026-04-15 16:26:09,251 [INFO] Starting scrape for part 347290122,
2026-04-15 16:26:09,270 [INFO] Starting scrape for part 314081200
2026-04-15 16:26:09,578 [INFO] Autocomplete for 347280121 returned 0 product candidates
2026-04-15 16:26:09,580 [INFO] Part 347280121 NOT FOUND: autocomplete could not resolve exact part
2026-04-15 16:26:09,580 [INFO] [462/948] 347280121 | NOT FOUND (Not found in autocomplete)
2026-04-15 16:26:09,808 [INFO] Autocomplete for 314100122 returned 0 product candidates
2026-04-15 16:26:09,810 [INFO] Part 314100122 NOT FOUND: autocomplete could not resolve exact part
2026-04-15 16:26:09,810 [INFO] [465/948] 314100122 | NOT FOUND (Not found in autocomplete)
2026-04-15 16:26:09,850 [INFO] Autocomplete for 314101122 returned 0 product candidates
2026-04-15 16:26:09,853 [INFO] Part 314101122 NOT FOUND: autocomplete could not resolve exact part
2026-04-15 16:26:09,853 [INFO] [466/948] 314101122 | NOT FOUND (Not found in autocomplete)
2026-04-15 16:26:09,869 [INFO] Autocomplete for 347280122 returned 0 product candidates
2026-04-15 16:26:09,872 [INFO] Part 347280122 NOT FOUND: autocomplete could not resolve exact part
2026-04-15 16:26:09,872 [INFO] [467/948] 347280122 | NOT FOUND (Not found in autocomplete)
2026-04-15 16:26:09,893 [INFO] [453/948] 346910080 | FOUND
2026-04-15 16:26:09,931 [INFO] [470/948] 314100200 | Attempt 1 started
2026-04-15 16:26:09,931 [INFO] Starting scrape for part 314100200
2026-04-15 16:26:10,123 [INFO] [456/948] 314101120 | FOUND
2026-04-15 16:26:10,161 [INFO] [471/948] 314101200 | Attempt 1 started
2026-04-15 16:26:10,161 [INFO] Starting scrape for part 314101200
2026-04-15 16:26:10,204 [INFO] [472/948] 347280200 | Attempt 1 started
2026-04-15 16:26:10,205 [INFO] Starting scrape for part 347280200
2026-04-15 16:26:10,223 [INFO] [473/948] 347290200 | Attempt 1 started
2026-04-15 16:26:10,223 [INFO] Starting scrape for part 347290200
2026-04-15 16:26:10,244 [INFO] [474/948] 314081201 | Attempt 1 started
2026-04-15 16:26:10,245 [INFO] Starting scrape for part 314081201
2026-04-15 16:26:10,476 [INFO] [475/948] 314100201 | Attempt 1 started
2026-04-15 16:26:10,477 [INFO] Starting scrape for part 314100201
2026-04-15 16:26:10,602 [INFO] Autocomplete for 314100200 returned 5 product candidates
2026-04-15 16:26:10,602 [INFO] No matching fullPart found in autocomplete list for 314100200
2026-04-15 16:26:10,604 [INFO] Part 314100200 NOT FOUND: autocomplete could not resolve exact part
2026-04-15 16:26:10,604 [INFO] [470/948] 314100200 | NOT FOUND (Not found in autocomplete)
2026-04-15 16:26:10,930 [INFO] Autocomplete for 314101200 returned 5 product candidates
2026-04-15 16:26:10,930 [INFO] Matched part 314101200 with Arrow fullPart=31410-1200 partSeo=31410-1200 mfrSeo=molex
2026-04-15 16:26:10,955 [INFO] [476/948] 314101201 | Attempt 1 started
2026-04-15 16:26:10,955 [INFO] Starting scrape for part 314101201
2026-04-15 16:26:11,308 [INFO] [459/948] 314081121 | FOUND
2026-04-15 16:26:11,335 [INFO] [463/948] 347290121 | FOUND
2026-04-15 16:26:11,370 [INFO] Autocomplete for 314100201 returned 0 product candidates
2026-04-15 16:26:11,372 [INFO] Part 314100201 NOT FOUND: autocomplete could not resolve exact part
2026-04-15 16:26:11,372 [INFO] [475/948] 314100201 | NOT FOUND (Not found in autocomplete)
2026-04-15 16:26:11,659 [INFO] [477/948] 347280201 | Attempt 1 started
2026-04-15 16:26:11,659 [INFO] Starting scrape for part 347280201
2026-04-15 16:26:11,685 [INFO] [478/948] 347290201 | Attempt 1 started
2026-04-15 16:26:11,686 [INFO] Starting scrape for part 347290201
2026-04-15 16:26:11,723 [INFO] [479/948] 314081202 | Attempt 1 started
2026-04-15 16:26:11,724 [INFO] Starting scrape for part 314081202
2026-04-15 16:26:11,764 [INFO] Autocomplete for 314101201 returned 2 product candidates
2026-04-15 16:26:11,764 [INFO] Matched part 314101201 with Arrow fullPart=31410-1201 partSeo=31410-1201 mfrSeo=molex
2026-04-15 16:26:11,962 [INFO] Autocomplete for 314081200 returned 2 product candidates
2026-04-15 16:26:11,962 [INFO] Matched part 314081200 with Arrow fullPart=31408-1200 partSeo=31408-1200 mfrSeo=molex
2026-04-15 16:26:12,179 [INFO] Autocomplete for 347290122, returned 2 product candidates
2026-04-15 16:26:12,179 [INFO] No matching fullPart found in autocomplete list for 347290122,
2026-04-15 16:26:12,181 [INFO] Part 347290122, NOT FOUND: autocomplete could not resolve exact part
2026-04-15 16:26:12,181 [INFO] [468/948] 347290122, | NOT FOUND (Not found in autocomplete)
2026-04-15 16:26:12,389 [INFO] Autocomplete for 347290201 returned 2 product candidates
2026-04-15 16:26:12,390 [INFO] Matched part 347290201 with Arrow fullPart=347290201 partSeo=34729-0201 mfrSeo=molex
2026-04-15 16:26:12,533 [INFO] [480/948] 314100202 | Attempt 1 started
2026-04-15 16:26:12,534 [INFO] Starting scrape for part 314100202
2026-04-15 16:26:14,288 [INFO] Autocomplete for 347280200 returned 1 product candidates
2026-04-15 16:26:14,289 [INFO] No matching fullPart found in autocomplete list for 347280200
2026-04-15 16:26:14,292 [INFO] Part 347280200 NOT FOUND: autocomplete could not resolve exact part
2026-04-15 16:26:14,292 [INFO] [472/948] 347280200 | NOT FOUND (Not found in autocomplete)
2026-04-15 16:26:14,547 [INFO] Autocomplete for 314081201 returned 1 product candidates
2026-04-15 16:26:14,547 [INFO] No matching fullPart found in autocomplete list for 314081201
2026-04-15 16:26:14,547 [INFO] Part 314081201 NOT FOUND: autocomplete could not resolve exact part
2026-04-15 16:26:14,547 [INFO] [474/948] 314081201 | NOT FOUND (Not found in autocomplete)
2026-04-15 16:26:14,635 [INFO] Autocomplete for 347290200 returned 2 product candidates
2026-04-15 16:26:14,635 [INFO] Matched part 347290200 with Arrow fullPart=347290200 partSeo=34729-0200 mfrSeo=molex
2026-04-15 16:26:14,644 [INFO] [481/948] 314101202 | Attempt 1 started
2026-04-15 16:26:14,644 [INFO] Starting scrape for part 314101202
2026-04-15 16:26:14,676 [INFO] [471/948] 314101200 | FOUND
2026-04-15 16:26:14,898 [INFO] [482/948] 347280202 | Attempt 1 started
2026-04-15 16:26:14,899 [INFO] Starting scrape for part 347280202
2026-04-15 16:26:15,027 [INFO] [483/948] 347290202 | Attempt 1 started
2026-04-15 16:26:15,027 [INFO] Starting scrape for part 347290202
2026-04-15 16:26:15,310 [INFO] [476/948] 314101201 | FOUND
2026-04-15 16:26:15,343 [INFO] [469/948] 314081200 | FOUND
2026-04-15 16:26:15,559 [INFO] Autocomplete for 347280202 returned 0 product candidates
2026-04-15 16:26:15,560 [INFO] Part 347280202 NOT FOUND: autocomplete could not resolve exact part
2026-04-15 16:26:15,561 [INFO] [482/948] 347280202 | NOT FOUND (Not found in autocomplete)
2026-04-15 16:26:15,664 [INFO] [484/948] 314081203 | Attempt 1 started
2026-04-15 16:26:15,665 [INFO] Starting scrape for part 314081203
2026-04-15 16:26:15,666 [INFO] [478/948] 347290201 | FOUND
2026-04-15 16:26:15,694 [INFO] [485/948] 314100203 | Attempt 1 started
2026-04-15 16:26:15,694 [INFO] Starting scrape for part 314100203
2026-04-15 16:26:15,857 [INFO] Autocomplete for 314101202 returned 1 product candidates
2026-04-15 16:26:15,857 [INFO] No matching fullPart found in autocomplete list for 314101202
2026-04-15 16:26:15,862 [INFO] Part 314101202 NOT FOUND: autocomplete could not resolve exact part
2026-04-15 16:26:15,862 [INFO] [481/948] 314101202 | NOT FOUND (Not found in autocomplete)
2026-04-15 16:26:15,868 [INFO] Autocomplete for 347280201 returned 0 product candidates
2026-04-15 16:26:15,870 [INFO] Part 347280201 NOT FOUND: autocomplete could not resolve exact part
2026-04-15 16:26:15,870 [INFO] [477/948] 347280201 | NOT FOUND (Not found in autocomplete)
2026-04-15 16:26:15,911 [INFO] [486/948] 314101203 | Attempt 1 started
2026-04-15 16:26:15,912 [INFO] Starting scrape for part 314101203
2026-04-15 16:26:15,923 [INFO] Autocomplete for 314081202 returned 1 product candidates
2026-04-15 16:26:15,923 [INFO] No matching fullPart found in autocomplete list for 314081202
2026-04-15 16:26:15,924 [INFO] Part 314081202 NOT FOUND: autocomplete could not resolve exact part
2026-04-15 16:26:15,925 [INFO] [479/948] 314081202 | NOT FOUND (Not found in autocomplete)
2026-04-15 16:26:16,017 [INFO] [487/948] 347280203 | Attempt 1 started
2026-04-15 16:26:16,017 [INFO] Starting scrape for part 347280203
2026-04-15 16:26:16,031 [INFO] Autocomplete for 314100202 returned 0 product candidates
2026-04-15 16:26:16,035 [INFO] Part 314100202 NOT FOUND: autocomplete could not resolve exact part
2026-04-15 16:26:16,035 [INFO] [480/948] 314100202 | NOT FOUND (Not found in autocomplete)
2026-04-15 16:26:16,213 [INFO] [488/948] 347290203 | Attempt 1 started
2026-04-15 16:26:16,213 [INFO] Starting scrape for part 347290203
2026-04-15 16:26:16,222 [INFO] [489/948] 346900200 | Attempt 1 started
2026-04-15 16:26:16,222 [INFO] Starting scrape for part 346900200
2026-04-15 16:26:16,275 [INFO] [490/948] 346910200 | Attempt 1 started
2026-04-15 16:26:16,276 [INFO] Starting scrape for part 346910200
2026-04-15 16:26:16,367 [INFO] Autocomplete for 314100203 returned 0 product candidates
2026-04-15 16:26:16,368 [INFO] Part 314100203 NOT FOUND: autocomplete could not resolve exact part
2026-04-15 16:26:16,369 [INFO] [485/948] 314100203 | NOT FOUND (Not found in autocomplete)
2026-04-15 16:26:16,386 [INFO] [491/948] 349002001 | Attempt 1 started
2026-04-15 16:26:16,386 [INFO] Starting scrape for part 349002001
2026-04-15 16:26:16,719 [INFO] Autocomplete for 347280203 returned 0 product candidates
2026-04-15 16:26:16,721 [INFO] Part 347280203 NOT FOUND: autocomplete could not resolve exact part
2026-04-15 16:26:16,721 [INFO] [492/948] 349002101 | Attempt 1 started
2026-04-15 16:26:16,721 [INFO] [487/948] 347280203 | NOT FOUND (Not found in autocomplete)
2026-04-15 16:26:16,722 [INFO] Starting scrape for part 349002101
2026-04-15 16:26:16,752 [INFO] Autocomplete for 314101203 returned 1 product candidates
2026-04-15 16:26:16,752 [INFO] No matching fullPart found in autocomplete list for 314101203
2026-04-15 16:26:16,754 [INFO] Part 314101203 NOT FOUND: autocomplete could not resolve exact part
2026-04-15 16:26:16,754 [INFO] [486/948] 314101203 | NOT FOUND (Not found in autocomplete)
2026-04-15 16:26:17,049 [INFO] Autocomplete for 347290203 returned 2 product candidates
2026-04-15 16:26:17,050 [INFO] Matched part 347290203 with Arrow fullPart=347290203 partSeo=34729-0203 mfrSeo=molex
2026-04-15 16:26:17,072 [INFO] [493/948] 349002020 | Attempt 1 started
2026-04-15 16:26:17,073 [INFO] Starting scrape for part 349002020
2026-04-15 16:26:17,077 [INFO] Autocomplete for 346910200 returned 2 product candidates
2026-04-15 16:26:17,078 [INFO] Matched part 346910200 with Arrow fullPart=346910200 partSeo=34691-0200 mfrSeo=molex
2026-04-15 16:26:17,080 [INFO] Autocomplete for 349002001 returned 1 product candidates
2026-04-15 16:26:17,080 [INFO] Matched part 349002001 with Arrow fullPart=34900-2001 partSeo=34900-2001 mfrSeo=molex
2026-04-15 16:26:17,105 [INFO] [494/948] 349002120 | Attempt 1 started
2026-04-15 16:26:17,106 [INFO] Starting scrape for part 349002120
2026-04-15 16:26:17,720 [INFO] Autocomplete for 347290202 returned 2 product candidates
2026-04-15 16:26:17,720 [INFO] Matched part 347290202 with Arrow fullPart=347290202 partSeo=34729-0202 mfrSeo=molex
2026-04-15 16:26:18,023 [INFO] Autocomplete for 349002120 returned 2 product candidates
2026-04-15 16:26:18,023 [INFO] Matched part 349002120 with Arrow fullPart=349002120 partSeo=34900-2120 mfrSeo=molex
2026-04-15 16:26:18,210 [INFO] [473/948] 347290200 | FOUND
2026-04-15 16:26:18,396 [INFO] Autocomplete for 314081203 returned 2 product candidates
2026-04-15 16:26:18,397 [INFO] Matched part 314081203 with Arrow fullPart=314081203 partSeo=31408-1203 mfrSeo=molex
2026-04-15 16:26:18,564 [INFO] [495/948] 349002002 | Attempt 1 started
2026-04-15 16:26:18,564 [INFO] Starting scrape for part 349002002
2026-04-15 16:26:19,138 [INFO] Autocomplete for 346900200 returned 2 product candidates
2026-04-15 16:26:19,138 [INFO] Matched part 346900200 with Arrow fullPart=346900200 partSeo=34690-0200 mfrSeo=molex
2026-04-15 16:26:19,380 [INFO] Autocomplete for 349002101 returned 2 product candidates
2026-04-15 16:26:19,380 [INFO] Matched part 349002101 with Arrow fullPart=349002101 partSeo=34900-2101 mfrSeo=molex
2026-04-15 16:26:20,043 [INFO] Autocomplete for 349002020 returned 0 product candidates
2026-04-15 16:26:20,045 [INFO] Part 349002020 NOT FOUND: autocomplete could not resolve exact part
2026-04-15 16:26:20,045 [INFO] [493/948] 349002020 | NOT FOUND (Not found in autocomplete)
2026-04-15 16:26:20,396 [INFO] [496/948] 349002102 | Attempt 1 started
2026-04-15 16:26:20,396 [INFO] Starting scrape for part 349002102
2026-04-15 16:26:20,903 [INFO] [488/948] 347290203 | FOUND
2026-04-15 16:26:21,256 [INFO] [497/948] 349002021 | Attempt 1 started
2026-04-15 16:26:21,256 [INFO] Starting scrape for part 349002021
2026-04-15 16:26:21,257 [INFO] [490/948] 346910200 | FOUND
2026-04-15 16:26:21,263 [INFO] Autocomplete for 349002002 returned 0 product candidates
2026-04-15 16:26:21,264 [INFO] Part 349002002 NOT FOUND: autocomplete could not resolve exact part
2026-04-15 16:26:21,264 [INFO] [495/948] 349002002 | NOT FOUND (Not found in autocomplete)
2026-04-15 16:26:21,523 [INFO] [491/948] 349002001 | FOUND
2026-04-15 16:26:21,533 [INFO] [494/948] 349002120 | FOUND
2026-04-15 16:26:21,608 [INFO] [498/948] 349002122 | Attempt 1 started
2026-04-15 16:26:21,609 [INFO] Starting scrape for part 349002122
2026-04-15 16:26:21,616 [INFO] [499/948] 349002003 | Attempt 1 started
2026-04-15 16:26:21,616 [INFO] Starting scrape for part 349002003
2026-04-15 16:26:21,648 [INFO] Autocomplete for 349002102 returned 1 product candidates
2026-04-15 16:26:21,648 [INFO] No matching fullPart found in autocomplete list for 349002102
2026-04-15 16:26:21,653 [INFO] Part 349002102 NOT FOUND: autocomplete could not resolve exact part
2026-04-15 16:26:21,653 [INFO] [496/948] 349002102 | NOT FOUND (Not found in autocomplete)
2026-04-15 16:26:21,655 [INFO] [483/948] 347290202 | FOUND
2026-04-15 16:26:21,874 [INFO] [500/948] 349002103 | Attempt 1 started
2026-04-15 16:26:21,874 [INFO] Starting scrape for part 349002103
2026-04-15 16:26:21,884 [INFO] [501/948] 349002022 | Attempt 1 started
2026-04-15 16:26:21,884 [INFO] Starting scrape for part 349002022
2026-04-15 16:26:21,893 [INFO] [484/948] 314081203 | FOUND
2026-04-15 16:26:21,972 [INFO] Autocomplete for 349002021 returned 0 product candidates
2026-04-15 16:26:21,974 [INFO] Part 349002021 NOT FOUND: autocomplete could not resolve exact part
2026-04-15 16:26:21,974 [INFO] [497/948] 349002021 | NOT FOUND (Not found in autocomplete)
2026-04-15 16:26:22,011 [INFO] [502/948] 349002123 | Attempt 1 started
2026-04-15 16:26:22,014 [INFO] [503/948] 349003101 | Attempt 1 started
2026-04-15 16:26:22,015 [INFO] Starting scrape for part 349002123
2026-04-15 16:26:22,028 [INFO] Starting scrape for part 349003101
2026-04-15 16:26:22,223 [INFO] Autocomplete for 349002003 returned 0 product candidates
2026-04-15 16:26:22,225 [INFO] Part 349002003 NOT FOUND: autocomplete could not resolve exact part
2026-04-15 16:26:22,225 [INFO] [499/948] 349002003 | NOT FOUND (Not found in autocomplete)
2026-04-15 16:26:22,244 [INFO] [504/948] 349003120 | Attempt 1 started
2026-04-15 16:26:22,245 [INFO] Starting scrape for part 349003120
2026-04-15 16:26:22,325 [INFO] [505/948] 349003102 | Attempt 1 started
2026-04-15 16:26:22,326 [INFO] Starting scrape for part 349003102
2026-04-15 16:26:22,576 [INFO] [506/948] 349003121 | Attempt 1 started
2026-04-15 16:26:22,577 [INFO] Starting scrape for part 349003121
2026-04-15 16:26:22,733 [INFO] Autocomplete for 349002103 returned 0 product candidates
2026-04-15 16:26:22,734 [INFO] Part 349002103 NOT FOUND: autocomplete could not resolve exact part
2026-04-15 16:26:22,734 [INFO] [500/948] 349002103 | NOT FOUND (Not found in autocomplete)
2026-04-15 16:26:23,034 [INFO] [492/948] 349002101 | FOUND
2026-04-15 16:26:23,085 [INFO] [507/948] 349003103 | Attempt 1 started
2026-04-15 16:26:23,085 [INFO] Starting scrape for part 349003103
2026-04-15 16:26:23,101 [INFO] [489/948] 346900200 | FOUND
2026-04-15 16:26:23,208 [INFO] Autocomplete for 349003102 returned 2 product candidates
2026-04-15 16:26:23,208 [INFO] Matched part 349003102 with Arrow fullPart=34900-3102 partSeo=34900-3102 mfrSeo=molex
2026-04-15 16:26:23,385 [INFO] [508/948] 349003122 | Attempt 1 started
2026-04-15 16:26:23,385 [INFO] Starting scrape for part 349003122
2026-04-15 16:26:23,394 [INFO] Autocomplete for 349003101 returned 1 product candidates
2026-04-15 16:26:23,394 [INFO] No matching fullPart found in autocomplete list for 349003101
2026-04-15 16:26:23,398 [INFO] Part 349003101 NOT FOUND: autocomplete could not resolve exact part
2026-04-15 16:26:23,398 [INFO] [503/948] 349003101 | NOT FOUND (Not found in autocomplete)
2026-04-15 16:26:23,451 [INFO] [509/948] 349003104 | Attempt 1 started
2026-04-15 16:26:23,451 [INFO] Starting scrape for part 349003104
2026-04-15 16:26:23,749 [INFO] [510/948] 349003123 | Attempt 1 started
2026-04-15 16:26:23,749 [INFO] Starting scrape for part 349003123
2026-04-15 16:26:24,174 [INFO] Autocomplete for 349003103 returned 0 product candidates
2026-04-15 16:26:24,176 [INFO] Part 349003103 NOT FOUND: autocomplete could not resolve exact part
2026-04-15 16:26:24,176 [INFO] [507/948] 349003103 | NOT FOUND (Not found in autocomplete)
2026-04-15 16:26:24,244 [INFO] Autocomplete for 349003104 returned 0 product candidates
2026-04-15 16:26:24,248 [INFO] Part 349003104 NOT FOUND: autocomplete could not resolve exact part
2026-04-15 16:26:24,248 [INFO] [509/948] 349003104 | NOT FOUND (Not found in autocomplete)
2026-04-15 16:26:24,363 [INFO] Autocomplete for 349002122 returned 1 product candidates
2026-04-15 16:26:24,363 [INFO] Matched part 349002122 with Arrow fullPart=34900-2122 partSeo=34900-2122 mfrSeo=molex
2026-04-15 16:26:24,539 [INFO] [511/948] 349004110 | Attempt 1 started
2026-04-15 16:26:24,539 [INFO] Starting scrape for part 349004110
2026-04-15 16:26:24,599 [INFO] [512/948] 349004120 | Attempt 1 started
2026-04-15 16:26:24,600 [INFO] Starting scrape for part 349004120
2026-04-15 16:26:24,977 [INFO] Autocomplete for 349002022 returned 0 product candidates
2026-04-15 16:26:24,979 [INFO] Part 349002022 NOT FOUND: autocomplete could not resolve exact part
2026-04-15 16:26:24,979 [INFO] [501/948] 349002022 | NOT FOUND (Not found in autocomplete)
2026-04-15 16:26:25,256 [INFO] Autocomplete for 349003120 returned 2 product candidates
2026-04-15 16:26:25,258 [INFO] Autocomplete for 349002123 returned 0 product candidates
2026-04-15 16:26:25,258 [INFO] Matched part 349003120 with Arrow fullPart=349003120 partSeo=34900-3120 mfrSeo=molex
2026-04-15 16:26:25,262 [INFO] Part 349002123 NOT FOUND: autocomplete could not resolve exact part
2026-04-15 16:26:25,262 [INFO] [502/948] 349002123 | NOT FOUND (Not found in autocomplete)
2026-04-15 16:26:25,330 [INFO] [513/948] 349004111 | Attempt 1 started
2026-04-15 16:26:25,331 [INFO] Starting scrape for part 349004111
2026-04-15 16:26:25,389 [INFO] Autocomplete for 349003121 returned 1 product candidates
2026-04-15 16:26:25,389 [INFO] No matching fullPart found in autocomplete list for 349003121
2026-04-15 16:26:25,396 [INFO] Part 349003121 NOT FOUND: autocomplete could not resolve exact part
2026-04-15 16:26:25,396 [INFO] [506/948] 349003121 | NOT FOUND (Not found in autocomplete)
2026-04-15 16:26:25,613 [INFO] [514/948] 349004121 | Attempt 1 started
2026-04-15 16:26:25,614 [INFO] Starting scrape for part 349004121
2026-04-15 16:26:25,748 [INFO] [515/948] 349004112 | Attempt 1 started
2026-04-15 16:26:25,749 [INFO] Starting scrape for part 349004112
2026-04-15 16:26:26,190 [INFO] Autocomplete for 349004111 returned 0 product candidates
2026-04-15 16:26:26,191 [INFO] Part 349004111 NOT FOUND: autocomplete could not resolve exact part
2026-04-15 16:26:26,191 [INFO] [513/948] 349004111 | NOT FOUND (Not found in autocomplete)
2026-04-15 16:26:26,381 [INFO] Autocomplete for 349003122 returned 0 product candidates
2026-04-15 16:26:26,383 [INFO] Part 349003122 NOT FOUND: autocomplete could not resolve exact part
2026-04-15 16:26:26,383 [INFO] [508/948] 349003122 | NOT FOUND (Not found in autocomplete)
2026-04-15 16:26:26,542 [INFO] [516/948] 349004122 | Attempt 1 started
2026-04-15 16:26:26,542 [INFO] Starting scrape for part 349004122
2026-04-15 16:26:26,734 [INFO] [517/948] 349004113 | Attempt 1 started
2026-04-15 16:26:26,734 [INFO] Starting scrape for part 349004113
2026-04-15 16:26:27,020 [INFO] Autocomplete for 349003123 returned 0 product candidates
2026-04-15 16:26:27,023 [INFO] Part 349003123 NOT FOUND: autocomplete could not resolve exact part
2026-04-15 16:26:27,023 [INFO] [510/948] 349003123 | NOT FOUND (Not found in autocomplete)
2026-04-15 16:26:27,363 [INFO] [505/948] 349003102 | FOUND
2026-04-15 16:26:27,373 [INFO] [518/948] 349004123 | Attempt 1 started
2026-04-15 16:26:27,373 [INFO] Starting scrape for part 349004123
2026-04-15 16:26:27,714 [INFO] [519/948] 349006019 | Attempt 1 started
2026-04-15 16:26:27,714 [INFO] Starting scrape for part 349006019
2026-04-15 16:26:27,726 [INFO] Autocomplete for 349004120 returned 2 product candidates
2026-04-15 16:26:27,727 [INFO] Matched part 349004120 with Arrow fullPart=349004120 partSeo=34900-4120 mfrSeo=molex
2026-04-15 16:26:27,729 [INFO] Autocomplete for 349004110 returned 0 product candidates
2026-04-15 16:26:27,736 [INFO] Part 349004110 NOT FOUND: autocomplete could not resolve exact part
2026-04-15 16:26:27,736 [INFO] [511/948] 349004110 | NOT FOUND (Not found in autocomplete)
2026-04-15 16:26:28,087 [INFO] [520/948] 349006028 | Attempt 1 started
2026-04-15 16:26:28,088 [INFO] Starting scrape for part 349006028
2026-04-15 16:26:28,370 [INFO] Autocomplete for 349004112 returned 0 product candidates
2026-04-15 16:26:28,373 [INFO] Part 349004112 NOT FOUND: autocomplete could not resolve exact part
2026-04-15 16:26:28,373 [INFO] [515/948] 349004112 | NOT FOUND (Not found in autocomplete)
2026-04-15 16:26:28,469 [INFO] Autocomplete for 349004121 returned 2 product candidates
2026-04-15 16:26:28,470 [INFO] Matched part 349004121 with Arrow fullPart=349004121 partSeo=349004121 mfrSeo=molex
2026-04-15 16:26:28,566 [INFO] [498/948] 349002122 | FOUND
2026-04-15 16:26:28,594 [INFO] Autocomplete for 349004113 returned 0 product candidates
2026-04-15 16:26:28,598 [INFO] Part 349004113 NOT FOUND: autocomplete could not resolve exact part
2026-04-15 16:26:28,598 [INFO] [517/948] 349004113 | NOT FOUND (Not found in autocomplete)
2026-04-15 16:26:28,723 [INFO] [521/948] 349006021 | Attempt 1 started
2026-04-15 16:26:28,724 [INFO] Starting scrape for part 349006021
2026-04-15 16:26:28,916 [INFO] [522/948] 349006010 | Attempt 1 started
2026-04-15 16:26:28,917 [INFO] Starting scrape for part 349006010
2026-04-15 16:26:28,949 [INFO] [523/948] 349006040 | Attempt 1 started
2026-04-15 16:26:28,949 [INFO] Starting scrape for part 349006040
2026-04-15 16:26:29,015 [INFO] Autocomplete for 349006019 returned 0 product candidates
2026-04-15 16:26:29,022 [INFO] Part 349006019 NOT FOUND: autocomplete could not resolve exact part
2026-04-15 16:26:29,022 [INFO] [519/948] 349006019 | NOT FOUND (Not found in autocomplete)
2026-04-15 16:26:29,358 [INFO] Autocomplete for 349004122 returned 0 product candidates
2026-04-15 16:26:29,362 [INFO] Part 349004122 NOT FOUND: autocomplete could not resolve exact part
2026-04-15 16:26:29,363 [INFO] [516/948] 349004122 | NOT FOUND (Not found in autocomplete)
2026-04-15 16:26:29,372 [INFO] [524/948] 349006011 | Attempt 1 started
2026-04-15 16:26:29,373 [INFO] Starting scrape for part 349006011
2026-04-15 16:26:29,714 [INFO] [525/948] 349006041 | Attempt 1 started
2026-04-15 16:26:29,715 [INFO] Starting scrape for part 349006041
2026-04-15 16:26:30,772 [INFO] [504/948] 349003120 | FOUND
2026-04-15 16:26:30,878 [INFO] Autocomplete for 349006028 returned 0 product candidates
2026-04-15 16:26:30,881 [INFO] Part 349006028 NOT FOUND: autocomplete could not resolve exact part
2026-04-15 16:26:30,882 [INFO] [520/948] 349006028 | NOT FOUND (Not found in autocomplete)
2026-04-15 16:26:30,890 [INFO] Autocomplete for 349004123 returned 1 product candidates
2026-04-15 16:26:30,890 [INFO] No matching fullPart found in autocomplete list for 349004123
2026-04-15 16:26:30,892 [INFO] Part 349004123 NOT FOUND: autocomplete could not resolve exact part
2026-04-15 16:26:30,892 [INFO] [518/948] 349004123 | NOT FOUND (Not found in autocomplete)
2026-04-15 16:26:31,024 [INFO] Autocomplete for 349006010 returned 0 product candidates
2026-04-15 16:26:31,025 [INFO] Part 349006010 NOT FOUND: autocomplete could not resolve exact part
2026-04-15 16:26:31,025 [INFO] [522/948] 349006010 | NOT FOUND (Not found in autocomplete)
2026-04-15 16:26:31,123 [INFO] [526/948] 349006012 | Attempt 1 started
2026-04-15 16:26:31,124 [INFO] Starting scrape for part 349006012
2026-04-15 16:26:31,243 [INFO] [527/948] 349006042 | Attempt 1 started
2026-04-15 16:26:31,243 [INFO] Starting scrape for part 349006042
2026-04-15 16:26:31,246 [INFO] Autocomplete for 349006041 returned 0 product candidates
2026-04-15 16:26:31,265 [INFO] Part 349006041 NOT FOUND: autocomplete could not resolve exact part
2026-04-15 16:26:31,267 [INFO] [525/948] 349006041 | NOT FOUND (Not found in autocomplete)
2026-04-15 16:26:31,266 [INFO] [528/948] 340620001 | Attempt 1 started
2026-04-15 16:26:31,267 [INFO] Starting scrape for part 340620001
2026-04-15 16:26:31,376 [INFO] [529/948] 340620002 | Attempt 1 started
2026-04-15 16:26:31,377 [INFO] Starting scrape for part 340620002
2026-04-15 16:26:31,618 [INFO] [530/948] 340620003 | Attempt 1 started
2026-04-15 16:26:31,618 [INFO] Starting scrape for part 340620003
2026-04-15 16:26:31,693 [INFO] Autocomplete for 349006012 returned 0 product candidates
2026-04-15 16:26:31,694 [INFO] Part 349006012 NOT FOUND: autocomplete could not resolve exact part
2026-04-15 16:26:31,694 [INFO] [526/948] 349006012 | NOT FOUND (Not found in autocomplete)
2026-04-15 16:26:31,848 [INFO] [514/948] 349004121 | FOUND
2026-04-15 16:26:31,872 [INFO] [512/948] 349004120 | FOUND
2026-04-15 16:26:31,885 [INFO] Autocomplete for 340620001 returned 0 product candidates
2026-04-15 16:26:31,886 [INFO] Part 340620001 NOT FOUND: autocomplete could not resolve exact part
2026-04-15 16:26:31,886 [INFO] [528/948] 340620001 | NOT FOUND (Not found in autocomplete)
2026-04-15 16:26:31,972 [INFO] Autocomplete for 340620002 returned 0 product candidates
2026-04-15 16:26:31,974 [INFO] Part 340620002 NOT FOUND: autocomplete could not resolve exact part
2026-04-15 16:26:31,974 [INFO] [529/948] 340620002 | NOT FOUND (Not found in autocomplete)
2026-04-15 16:26:32,045 [INFO] [531/948] 34062000X | Attempt 1 started
2026-04-15 16:26:32,046 [INFO] Starting scrape for part 34062000X
2026-04-15 16:26:32,068 [INFO] Autocomplete for 340620003 returned 0 product candidates
2026-04-15 16:26:32,073 [INFO] Part 340620003 NOT FOUND: autocomplete could not resolve exact part
2026-04-15 16:26:32,073 [INFO] [530/948] 340620003 | NOT FOUND (Not found in autocomplete)
2026-04-15 16:26:32,199 [INFO] [532/948] 334710201 | Attempt 1 started
2026-04-15 16:26:32,199 [INFO] Starting scrape for part 334710201
2026-04-15 16:26:32,223 [INFO] [533/948] 334710206 | Attempt 1 started
2026-04-15 16:26:32,223 [INFO] Starting scrape for part 334710206
2026-04-15 16:26:32,237 [INFO] [534/948] 334710202 | Attempt 1 started
2026-04-15 16:26:32,238 [INFO] Starting scrape for part 334710202
2026-04-15 16:26:32,344 [INFO] [535/948] 334710207 | Attempt 1 started
2026-04-15 16:26:32,344 [INFO] Starting scrape for part 334710207
2026-04-15 16:26:32,439 [INFO] [536/948] 334710203 | Attempt 1 started
2026-04-15 16:26:32,439 [INFO] Starting scrape for part 334710203
2026-04-15 16:26:32,488 [INFO] Autocomplete for 34062000X returned 0 product candidates
2026-04-15 16:26:32,512 [INFO] Part 34062000X NOT FOUND: autocomplete could not resolve exact part
2026-04-15 16:26:32,513 [INFO] [531/948] 34062000X | NOT FOUND (Not found in autocomplete)
2026-04-15 16:26:32,742 [INFO] Autocomplete for 334710206 returned 2 product candidates
2026-04-15 16:26:32,742 [INFO] Matched part 334710206 with Arrow fullPart=33471-0206 partSeo=33471-0206 mfrSeo=molex
2026-04-15 16:26:32,834 [INFO] Autocomplete for 334710201 returned 2 product candidates
2026-04-15 16:26:32,852 [INFO] Matched part 334710201 with Arrow fullPart=334710201 partSeo=33471-0201 mfrSeo=molex
2026-04-15 16:26:32,893 [INFO] [537/948] 334710208 | Attempt 1 started
2026-04-15 16:26:32,893 [INFO] Starting scrape for part 334710208
2026-04-15 16:26:32,929 [INFO] Autocomplete for 334710203 returned 0 product candidates
2026-04-15 16:26:32,931 [INFO] Part 334710203 NOT FOUND: autocomplete could not resolve exact part
2026-04-15 16:26:32,931 [INFO] [536/948] 334710203 | NOT FOUND (Not found in autocomplete)
2026-04-15 16:26:33,282 [INFO] [538/948] 334710204 | Attempt 1 started
2026-04-15 16:26:33,282 [INFO] Starting scrape for part 334710204
2026-04-15 16:26:33,367 [INFO] Autocomplete for 349006021 returned 0 product candidates
2026-04-15 16:26:33,374 [INFO] Part 349006021 NOT FOUND: autocomplete could not resolve exact part
2026-04-15 16:26:33,374 [INFO] [521/948] 349006021 | NOT FOUND (Not found in autocomplete)
2026-04-15 16:26:33,725 [INFO] [539/948] 334710209 | Attempt 1 started
2026-04-15 16:26:33,725 [INFO] Starting scrape for part 334710209
2026-04-15 16:26:33,753 [INFO] Autocomplete for 334710204 returned 0 product candidates
2026-04-15 16:26:33,757 [INFO] Part 334710204 NOT FOUND: autocomplete could not resolve exact part
2026-04-15 16:26:33,757 [INFO] [538/948] 334710204 | NOT FOUND (Not found in autocomplete)
2026-04-15 16:26:34,108 [INFO] [540/948] 334710301 | Attempt 1 started
2026-04-15 16:26:34,108 [INFO] Starting scrape for part 334710301
2026-04-15 16:26:34,211 [INFO] Autocomplete for 334710209 returned 0 product candidates
2026-04-15 16:26:34,212 [INFO] Part 334710209 NOT FOUND: autocomplete could not resolve exact part
2026-04-15 16:26:34,212 [INFO] [539/948] 334710209 | NOT FOUND (Not found in autocomplete)
2026-04-15 16:26:34,298 [INFO] Autocomplete for 349006011 returned 0 product candidates
2026-04-15 16:26:34,304 [INFO] Part 349006011 NOT FOUND: autocomplete could not resolve exact part
2026-04-15 16:26:34,304 [INFO] [524/948] 349006011 | NOT FOUND (Not found in autocomplete)
2026-04-15 16:26:34,563 [INFO] [541/948] 334710306 | Attempt 1 started
2026-04-15 16:26:34,563 [INFO] Starting scrape for part 334710306
2026-04-15 16:26:34,656 [INFO] [542/948] 334170302 | Attempt 1 started
2026-04-15 16:26:34,656 [INFO] Starting scrape for part 334170302
2026-04-15 16:26:34,684 [INFO] Autocomplete for 334710301 returned 0 product candidates
2026-04-15 16:26:34,688 [INFO] Part 334710301 NOT FOUND: autocomplete could not resolve exact part
2026-04-15 16:26:34,688 [INFO] [540/948] 334710301 | NOT FOUND (Not found in autocomplete)
2026-04-15 16:26:34,705 [INFO] Autocomplete for 349006040 returned 0 product candidates
2026-04-15 16:26:34,716 [INFO] Part 349006040 NOT FOUND: autocomplete could not resolve exact part
2026-04-15 16:26:34,717 [INFO] [523/948] 349006040 | NOT FOUND (Not found in autocomplete)
2026-04-15 16:26:35,056 [INFO] [543/948] 334710307 | Attempt 1 started
2026-04-15 16:26:35,057 [INFO] Starting scrape for part 334710307
2026-04-15 16:26:35,065 [INFO] Autocomplete for 334710306 returned 1 product candidates
2026-04-15 16:26:35,065 [INFO] Matched part 334710306 with Arrow fullPart=334710306 partSeo=33471-0306 mfrSeo=molex
2026-04-15 16:26:35,078 [INFO] [544/948] 334710303 | Attempt 1 started
2026-04-15 16:26:35,078 [INFO] Starting scrape for part 334710303
2026-04-15 16:26:35,132 [INFO] Autocomplete for 334170302 returned 0 product candidates
2026-04-15 16:26:35,150 [INFO] Part 334170302 NOT FOUND: autocomplete could not resolve exact part
2026-04-15 16:26:35,160 [INFO] [542/948] 334170302 | NOT FOUND (Not found in autocomplete)
2026-04-15 16:26:35,249 [INFO] Autocomplete for 349006042 returned 0 product candidates
2026-04-15 16:26:35,251 [INFO] Part 349006042 NOT FOUND: autocomplete could not resolve exact part
2026-04-15 16:26:35,251 [INFO] [527/948] 349006042 | NOT FOUND (Not found in autocomplete)
2026-04-15 16:26:35,512 [INFO] [545/948] 334710308 | Attempt 1 started
2026-04-15 16:26:35,512 [INFO] Starting scrape for part 334710308
2026-04-15 16:26:35,554 [INFO] Autocomplete for 334710303 returned 0 product candidates
2026-04-15 16:26:35,555 [INFO] Part 334710303 NOT FOUND: autocomplete could not resolve exact part
2026-04-15 16:26:35,555 [INFO] [544/948] 334710303 | NOT FOUND (Not found in autocomplete)
2026-04-15 16:26:35,604 [INFO] [546/948] 334710304 | Attempt 1 started
2026-04-15 16:26:35,604 [INFO] Starting scrape for part 334710304
2026-04-15 16:26:35,906 [INFO] [547/948] 334710309 | Attempt 1 started
2026-04-15 16:26:35,906 [INFO] Starting scrape for part 334710309
2026-04-15 16:26:36,097 [INFO] Autocomplete for 334710202 returned 2 product candidates
2026-04-15 16:26:36,097 [INFO] Matched part 334710202 with Arrow fullPart=334710202 partSeo=33471-0202 mfrSeo=molex
2026-04-15 16:26:36,112 [INFO] [532/948] 334710201 | FOUND
2026-04-15 16:26:36,124 [INFO] [533/948] 334710206 | FOUND
2026-04-15 16:26:36,191 [INFO] Autocomplete for 334710207 returned 2 product candidates
2026-04-15 16:26:36,191 [INFO] Matched part 334710207 with Arrow fullPart=334710207 partSeo=33471-0207 mfrSeo=molex
2026-04-15 16:26:36,427 [INFO] Autocomplete for 334710309 returned 0 product candidates
2026-04-15 16:26:36,429 [INFO] Part 334710309 NOT FOUND: autocomplete could not resolve exact part
2026-04-15 16:26:36,429 [INFO] [547/948] 334710309 | NOT FOUND (Not found in autocomplete)
2026-04-15 16:26:36,463 [INFO] [548/948] 334710401 | Attempt 1 started
2026-04-15 16:26:36,463 [INFO] Starting scrape for part 334710401
2026-04-15 16:26:36,474 [INFO] Autocomplete for 334710208 returned 2 product candidates
2026-04-15 16:26:36,474 [INFO] Matched part 334710208 with Arrow fullPart=33471-0208 partSeo=33471-0208 mfrSeo=molex
2026-04-15 16:26:36,475 [INFO] [549/948] 334710406 | Attempt 1 started
2026-04-15 16:26:36,475 [INFO] Starting scrape for part 334710406
2026-04-15 16:26:36,780 [INFO] [550/948] 334710402 | Attempt 1 started
2026-04-15 16:26:36,780 [INFO] Starting scrape for part 334710402
2026-04-15 16:26:37,282 [INFO] Autocomplete for 334710402 returned 1 product candidates
2026-04-15 16:26:37,282 [INFO] No matching fullPart found in autocomplete list for 334710402
2026-04-15 16:26:37,284 [INFO] Part 334710402 NOT FOUND: autocomplete could not resolve exact part
2026-04-15 16:26:37,284 [INFO] [550/948] 334710402 | NOT FOUND (Not found in autocomplete)
2026-04-15 16:26:37,553 [INFO] Autocomplete for 334710307 returned 1 product candidates
2026-04-15 16:26:37,553 [INFO] Matched part 334710307 with Arrow fullPart=33471-0307 partSeo=33471-0307 mfrSeo=molex
2026-04-15 16:26:37,637 [INFO] [551/948] 334710407 | Attempt 1 started
2026-04-15 16:26:37,637 [INFO] Starting scrape for part 334710407
2026-04-15 16:26:38,028 [INFO] [541/948] 334710306 | FOUND
2026-04-15 16:26:38,087 [INFO] Autocomplete for 334710308 returned 0 product candidates
2026-04-15 16:26:38,089 [INFO] Part 334710308 NOT FOUND: autocomplete could not resolve exact part
2026-04-15 16:26:38,089 [INFO] [545/948] 334710308 | NOT FOUND (Not found in autocomplete)
2026-04-15 16:26:38,140 [INFO] Autocomplete for 334710304 returned 0 product candidates
2026-04-15 16:26:38,141 [INFO] Part 334710304 NOT FOUND: autocomplete could not resolve exact part
2026-04-15 16:26:38,142 [INFO] [546/948] 334710304 | NOT FOUND (Not found in autocomplete)
2026-04-15 16:26:38,379 [INFO] [552/948] 334710403 | Attempt 1 started
2026-04-15 16:26:38,379 [INFO] Starting scrape for part 334710403
2026-04-15 16:26:38,445 [INFO] [553/948] 334710408 | Attempt 1 started
2026-04-15 16:26:38,445 [INFO] Starting scrape for part 334710408
2026-04-15 16:26:38,492 [INFO] [554/948] 334710404 | Attempt 1 started
2026-04-15 16:26:38,493 [INFO] Starting scrape for part 334710404
2026-04-15 16:26:38,917 [INFO] [534/948] 334710202 | FOUND
2026-04-15 16:26:38,934 [INFO] Autocomplete for 334710406 returned 2 product candidates
2026-04-15 16:26:38,935 [INFO] Matched part 334710406 with Arrow fullPart=334710406 partSeo=33471-0406 mfrSeo=molex
2026-04-15 16:26:38,961 [INFO] Autocomplete for 334710404 returned 0 product candidates
2026-04-15 16:26:38,966 [INFO] Part 334710404 NOT FOUND: autocomplete could not resolve exact part
2026-04-15 16:26:38,966 [INFO] [554/948] 334710404 | NOT FOUND (Not found in autocomplete)
2026-04-15 16:26:39,071 [INFO] Autocomplete for 334710401 returned 2 product candidates
2026-04-15 16:26:39,072 [INFO] Matched part 334710401 with Arrow fullPart=334710401 partSeo=33471-0401 mfrSeo=molex
2026-04-15 16:26:39,202 [INFO] [535/948] 334710207 | FOUND
2026-04-15 16:26:39,268 [INFO] [555/948] 334710409 | Attempt 1 started
2026-04-15 16:26:39,269 [INFO] Starting scrape for part 334710409
2026-04-15 16:26:39,317 [INFO] [556/948] 334720601 | Attempt 1 started
2026-04-15 16:26:39,317 [INFO] Starting scrape for part 334720601
2026-04-15 16:26:39,552 [INFO] [557/948] 334720606 | Attempt 1 started
2026-04-15 16:26:39,553 [INFO] Starting scrape for part 334720606
2026-04-15 16:26:39,790 [INFO] Autocomplete for 334720601 returned 2 product candidates
2026-04-15 16:26:39,791 [INFO] Matched part 334720601 with Arrow fullPart=334720601 partSeo=33472-0601 mfrSeo=molex
2026-04-15 16:26:40,051 [INFO] Autocomplete for 334720606 returned 2 product candidates
2026-04-15 16:26:40,051 [INFO] Matched part 334720606 with Arrow fullPart=33472-0606 partSeo=33472-0606 mfrSeo=molex
2026-04-15 16:26:40,227 [INFO] Autocomplete for 334710407 returned 0 product candidates
2026-04-15 16:26:40,229 [INFO] Part 334710407 NOT FOUND: autocomplete could not resolve exact part
2026-04-15 16:26:40,229 [INFO] [551/948] 334710407 | NOT FOUND (Not found in autocomplete)
2026-04-15 16:26:40,377 [INFO] [537/948] 334710208 | FOUND
2026-04-15 16:26:40,419 [INFO] [543/948] 334710307 | FOUND
2026-04-15 16:26:40,579 [INFO] [558/948] 334720701 | Attempt 1 started
2026-04-15 16:26:40,580 [INFO] Starting scrape for part 334720701
2026-04-15 16:26:40,728 [INFO] [559/948] 334720705 | Attempt 1 started
2026-04-15 16:26:40,728 [INFO] Starting scrape for part 334720705
2026-04-15 16:26:40,770 [INFO] [560/948] 334720602 | Attempt 1 started
2026-04-15 16:26:40,771 [INFO] Starting scrape for part 334720602
2026-04-15 16:26:40,965 [INFO] Autocomplete for 334710403 returned 0 product candidates
2026-04-15 16:26:40,968 [INFO] Part 334710403 NOT FOUND: autocomplete could not resolve exact part
2026-04-15 16:26:40,968 [INFO] [552/948] 334710403 | NOT FOUND (Not found in autocomplete)
2026-04-15 16:26:41,038 [INFO] Autocomplete for 334710408 returned 0 product candidates
2026-04-15 16:26:41,040 [INFO] Part 334710408 NOT FOUND: autocomplete could not resolve exact part
2026-04-15 16:26:41,041 [INFO] [553/948] 334710408 | NOT FOUND (Not found in autocomplete)
2026-04-15 16:26:41,207 [INFO] Autocomplete for 334720705 returned 1 product candidates
2026-04-15 16:26:41,207 [INFO] No matching fullPart found in autocomplete list for 334720705
2026-04-15 16:26:41,209 [INFO] Part 334720705 NOT FOUND: autocomplete could not resolve exact part
2026-04-15 16:26:41,209 [INFO] [559/948] 334720705 | NOT FOUND (Not found in autocomplete)
2026-04-15 16:26:41,319 [INFO] [561/948] 334720607 | Attempt 1 started
2026-04-15 16:26:41,319 [INFO] Starting scrape for part 334720607
2026-04-15 16:26:41,391 [INFO] [562/948] 334720702 | Attempt 1 started
2026-04-15 16:26:41,392 [INFO] Starting scrape for part 334720702
2026-04-15 16:26:41,560 [INFO] [563/948] 334720706 | Attempt 1 started
2026-04-15 16:26:41,560 [INFO] Starting scrape for part 334720706
2026-04-15 16:26:41,852 [INFO] Autocomplete for 334710409 returned 0 product candidates
2026-04-15 16:26:41,855 [INFO] Part 334710409 NOT FOUND: autocomplete could not resolve exact part
2026-04-15 16:26:41,855 [INFO] [555/948] 334710409 | NOT FOUND (Not found in autocomplete)
2026-04-15 16:26:41,878 [INFO] Autocomplete for 334720702 returned 0 product candidates
2026-04-15 16:26:41,880 [INFO] Part 334720702 NOT FOUND: autocomplete could not resolve exact part
2026-04-15 16:26:41,881 [INFO] [562/948] 334720702 | NOT FOUND (Not found in autocomplete)
2026-04-15 16:26:42,123 [INFO] [549/948] 334710406 | FOUND
2026-04-15 16:26:42,205 [INFO] [564/948] 334720603 | Attempt 1 started
2026-04-15 16:26:42,206 [INFO] Starting scrape for part 334720603
2026-04-15 16:26:42,225 [INFO] [548/948] 334710401 | FOUND
2026-04-15 16:26:42,231 [INFO] [565/948] 334720608 | Attempt 1 started
2026-04-15 16:26:42,231 [INFO] Starting scrape for part 334720608
2026-04-15 16:26:42,474 [INFO] [566/948] 334720703 | Attempt 1 started
2026-04-15 16:26:42,474 [INFO] Starting scrape for part 334720703
2026-04-15 16:26:42,575 [INFO] [567/948] 334720707 | Attempt 1 started
2026-04-15 16:26:42,576 [INFO] Starting scrape for part 334720707
2026-04-15 16:26:42,668 [INFO] Autocomplete for 334720608 returned 0 product candidates
2026-04-15 16:26:42,669 [INFO] Part 334720608 NOT FOUND: autocomplete could not resolve exact part
2026-04-15 16:26:42,669 [INFO] [565/948] 334720608 | NOT FOUND (Not found in autocomplete)
2026-04-15 16:26:43,019 [INFO] [568/948] 334720604 | Attempt 1 started
2026-04-15 16:26:43,019 [INFO] Starting scrape for part 334720604
2026-04-15 16:26:43,081 [INFO] Autocomplete for 334720707 returned 1 product candidates
2026-04-15 16:26:43,082 [INFO] Matched part 334720707 with Arrow fullPart=33472-0707 partSeo=33472-0707 mfrSeo=molex
2026-04-15 16:26:43,122 [INFO] Autocomplete for 334720703 returned 0 product candidates
2026-04-15 16:26:43,123 [INFO] Part 334720703 NOT FOUND: autocomplete could not resolve exact part
2026-04-15 16:26:43,123 [INFO] [566/948] 334720703 | NOT FOUND (Not found in autocomplete)
2026-04-15 16:26:43,268 [INFO] Autocomplete for 334720602 returned 2 product candidates
2026-04-15 16:26:43,268 [INFO] Matched part 334720602 with Arrow fullPart=334720602 partSeo=33472-0602 mfrSeo=molex
2026-04-15 16:26:43,356 [INFO] [557/948] 334720606 | FOUND
2026-04-15 16:26:43,402 [INFO] [556/948] 334720601 | FOUND
2026-04-15 16:26:43,458 [INFO] Autocomplete for 334720701 returned 1 product candidates
2026-04-15 16:26:43,458 [INFO] No matching fullPart found in autocomplete list for 334720701
2026-04-15 16:26:43,460 [INFO] Part 334720701 NOT FOUND: autocomplete could not resolve exact part
2026-04-15 16:26:43,461 [INFO] [558/948] 334720701 | NOT FOUND (Not found in autocomplete)
2026-04-15 16:26:43,474 [INFO] [569/948] 334720609 | Attempt 1 started
2026-04-15 16:26:43,474 [INFO] Starting scrape for part 334720609
2026-04-15 16:26:43,536 [INFO] Autocomplete for 334720604 returned 0 product candidates
2026-04-15 16:26:43,539 [INFO] Part 334720604 NOT FOUND: autocomplete could not resolve exact part
2026-04-15 16:26:43,539 [INFO] [568/948] 334720604 | NOT FOUND (Not found in autocomplete)
2026-04-15 16:26:43,706 [INFO] [570/948] 334720704 | Attempt 1 started
2026-04-15 16:26:43,707 [INFO] Starting scrape for part 334720704
2026-04-15 16:26:43,753 [INFO] [571/948] 334720708 | Attempt 1 started
2026-04-15 16:26:43,753 [INFO] Starting scrape for part 334720708
2026-04-15 16:26:43,814 [INFO] [572/948] 334720801 | Attempt 1 started
2026-04-15 16:26:43,814 [INFO] Starting scrape for part 334720801
2026-04-15 16:26:43,892 [INFO] [573/948] 334720806 | Attempt 1 started
2026-04-15 16:26:43,892 [INFO] Starting scrape for part 334720806
2026-04-15 16:26:43,913 [INFO] Autocomplete for 334720609 returned 0 product candidates
2026-04-15 16:26:43,916 [INFO] Part 334720609 NOT FOUND: autocomplete could not resolve exact part
2026-04-15 16:26:43,916 [INFO] [569/948] 334720609 | NOT FOUND (Not found in autocomplete)
2026-04-15 16:26:44,125 [INFO] Autocomplete for 334720706 returned 2 product candidates
2026-04-15 16:26:44,126 [INFO] Matched part 334720706 with Arrow fullPart=334720706 partSeo=334720706 mfrSeo=molex
2026-04-15 16:26:44,138 [INFO] Autocomplete for 334720607 returned 2 product candidates
2026-04-15 16:26:44,138 [INFO] Matched part 334720607 with Arrow fullPart=334720607 partSeo=33472-0607 mfrSeo=molex
2026-04-15 16:26:44,227 [INFO] Autocomplete for 334720704 returned 0 product candidates
2026-04-15 16:26:44,246 [INFO] Part 334720704 NOT FOUND: autocomplete could not resolve exact part
2026-04-15 16:26:44,246 [INFO] [570/948] 334720704 | NOT FOUND (Not found in autocomplete)
2026-04-15 16:26:44,256 [INFO] Autocomplete for 334720708 returned 0 product candidates
2026-04-15 16:26:44,259 [INFO] Part 334720708 NOT FOUND: autocomplete could not resolve exact part
2026-04-15 16:26:44,259 [INFO] [571/948] 334720708 | NOT FOUND (Not found in autocomplete)
2026-04-15 16:26:44,271 [INFO] [574/948] 334720901 | Attempt 1 started
2026-04-15 16:26:44,271 [INFO] Starting scrape for part 334720901
2026-04-15 16:26:44,325 [INFO] Autocomplete for 334720801 returned 0 product candidates
2026-04-15 16:26:44,336 [INFO] Part 334720801 NOT FOUND: autocomplete could not resolve exact part
2026-04-15 16:26:44,336 [INFO] [572/948] 334720801 | NOT FOUND (Not found in autocomplete)
2026-04-15 16:26:44,605 [INFO] [575/948] 334720906 | Attempt 1 started
2026-04-15 16:26:44,606 [INFO] Starting scrape for part 334720906
2026-04-15 16:26:44,609 [INFO] [576/948] 334720802 | Attempt 1 started
2026-04-15 16:26:44,610 [INFO] Starting scrape for part 334720802
2026-04-15 16:26:44,731 [INFO] Autocomplete for 334720901 returned 1 product candidates
2026-04-15 16:26:44,731 [INFO] No matching fullPart found in autocomplete list for 334720901
2026-04-15 16:26:44,731 [INFO] [577/948] 334720807 | Attempt 1 started
2026-04-15 16:26:44,732 [INFO] Part 334720901 NOT FOUND: autocomplete could not resolve exact part
2026-04-15 16:26:44,733 [INFO] Starting scrape for part 334720807
2026-04-15 16:26:44,734 [INFO] [574/948] 334720901 | NOT FOUND (Not found in autocomplete)
2026-04-15 16:26:45,085 [INFO] [578/948] 334720902 | Attempt 1 started
2026-04-15 16:26:45,086 [INFO] Starting scrape for part 334720902
2026-04-15 16:26:45,467 [INFO] Autocomplete for 334720603 returned 1 product candidates
2026-04-15 16:26:45,467 [INFO] Matched part 334720603 with Arrow fullPart=33472-0603 partSeo=33472-0603 mfrSeo=molex
2026-04-15 16:26:45,598 [INFO] Autocomplete for 334720902 returned 0 product candidates
2026-04-15 16:26:45,600 [INFO] Part 334720902 NOT FOUND: autocomplete could not resolve exact part
2026-04-15 16:26:45,600 [INFO] [578/948] 334720902 | NOT FOUND (Not found in autocomplete)
2026-04-15 16:26:45,951 [INFO] [579/948] 334720907 | Attempt 1 started
2026-04-15 16:26:45,951 [INFO] Starting scrape for part 334720907
2026-04-15 16:26:46,408 [INFO] Autocomplete for 334720907 returned 0 product candidates
2026-04-15 16:26:46,409 [INFO] Part 334720907 NOT FOUND: autocomplete could not resolve exact part
2026-04-15 16:26:46,409 [INFO] [579/948] 334720907 | NOT FOUND (Not found in autocomplete)
2026-04-15 16:26:46,452 [INFO] [560/948] 334720602 | FOUND
2026-04-15 16:26:46,749 [INFO] [567/948] 334720707 | FOUND
2026-04-15 16:26:46,759 [INFO] [580/948] 334720803 | Attempt 1 started
2026-04-15 16:26:46,760 [INFO] Starting scrape for part 334720803
2026-04-15 16:26:46,803 [INFO] [581/948] 334720808 | Attempt 1 started
2026-04-15 16:26:46,803 [INFO] Starting scrape for part 334720808
2026-04-15 16:26:47,099 [INFO] [582/948] 334720903 | Attempt 1 started
2026-04-15 16:26:47,100 [INFO] Starting scrape for part 334720903
2026-04-15 16:26:47,378 [INFO] Autocomplete for 334720808 returned 0 product candidates
2026-04-15 16:26:47,379 [INFO] Part 334720808 NOT FOUND: autocomplete could not resolve exact part
2026-04-15 16:26:47,379 [INFO] [581/948] 334720808 | NOT FOUND (Not found in autocomplete)
2026-04-15 16:26:47,382 [INFO] Autocomplete for 334720806 returned 2 product candidates
2026-04-15 16:26:47,382 [INFO] Matched part 334720806 with Arrow fullPart=33472-0806 partSeo=33472-0806 mfrSeo=molex
2026-04-15 16:26:47,690 [INFO] Autocomplete for 334720903 returned 0 product candidates
2026-04-15 16:26:47,693 [INFO] Part 334720903 NOT FOUND: autocomplete could not resolve exact part
2026-04-15 16:26:47,693 [INFO] [582/948] 334720903 | NOT FOUND (Not found in autocomplete)
2026-04-15 16:26:47,729 [INFO] [583/948] 334720908 | Attempt 1 started
2026-04-15 16:26:47,730 [INFO] Starting scrape for part 334720908
2026-04-15 16:26:48,043 [INFO] [584/948] 334720804 | Attempt 1 started
2026-04-15 16:26:48,043 [INFO] Starting scrape for part 334720804
2026-04-15 16:26:48,072 [INFO] Autocomplete for 334720906 returned 0 product candidates
2026-04-15 16:26:48,076 [INFO] Part 334720906 NOT FOUND: autocomplete could not resolve exact part
2026-04-15 16:26:48,076 [INFO] [575/948] 334720906 | NOT FOUND (Not found in autocomplete)
2026-04-15 16:26:48,179 [INFO] [561/948] 334720607 | FOUND
2026-04-15 16:26:48,237 [INFO] [563/948] 334720706 | FOUND
2026-04-15 16:26:48,335 [INFO] Autocomplete for 334720807 returned 1 product candidates
2026-04-15 16:26:48,336 [INFO] No matching fullPart found in autocomplete list for 334720807
2026-04-15 16:26:48,337 [INFO] Part 334720807 NOT FOUND: autocomplete could not resolve exact part
2026-04-15 16:26:48,338 [INFO] [577/948] 334720807 | NOT FOUND (Not found in autocomplete)
2026-04-15 16:26:48,427 [INFO] [585/948] 334720809 | Attempt 1 started
2026-04-15 16:26:48,427 [INFO] Starting scrape for part 334720809
2026-04-15 16:26:48,468 [INFO] Autocomplete for 334720802 returned 0 product candidates
2026-04-15 16:26:48,470 [INFO] Part 334720802 NOT FOUND: autocomplete could not resolve exact part
2026-04-15 16:26:48,470 [INFO] [576/948] 334720802 | NOT FOUND (Not found in autocomplete)
2026-04-15 16:26:48,498 [INFO] [564/948] 334720603 | FOUND
2026-04-15 16:26:48,530 [INFO] [586/948] 334720904 | Attempt 1 started
2026-04-15 16:26:48,530 [INFO] Starting scrape for part 334720904
2026-04-15 16:26:48,597 [INFO] [587/948] 334720909 | Attempt 1 started
2026-04-15 16:26:48,598 [INFO] Starting scrape for part 334720909
2026-04-15 16:26:48,698 [INFO] [588/948] 334721201 | Attempt 1 started
2026-04-15 16:26:48,698 [INFO] Starting scrape for part 334721201
2026-04-15 16:26:48,821 [INFO] [589/948] 334721206 | Attempt 1 started
2026-04-15 16:26:48,822 [INFO] Starting scrape for part 334721206
2026-04-15 16:26:48,848 [INFO] [590/948] 334721301 | Attempt 1 started
2026-04-15 16:26:48,849 [INFO] Starting scrape for part 334721301
2026-04-15 16:26:49,352 [INFO] Autocomplete for 334721206 returned 2 product candidates
2026-04-15 16:26:49,352 [INFO] Matched part 334721206 with Arrow fullPart=33472-1206 partSeo=33472-1206 mfrSeo=molex
2026-04-15 16:26:49,542 [INFO] Autocomplete for 334720803 returned 0 product candidates
2026-04-15 16:26:49,543 [INFO] Part 334720803 NOT FOUND: autocomplete could not resolve exact part
2026-04-15 16:26:49,543 [INFO] [580/948] 334720803 | NOT FOUND (Not found in autocomplete)
2026-04-15 16:26:49,894 [INFO] [591/948] 334721306 | Attempt 1 started
2026-04-15 16:26:49,894 [INFO] Starting scrape for part 334721306
2026-04-15 16:26:50,210 [INFO] [573/948] 334720806 | FOUND
2026-04-15 16:26:50,285 [INFO] Autocomplete for 334720908 returned 0 product candidates
2026-04-15 16:26:50,288 [INFO] Part 334720908 NOT FOUND: autocomplete could not resolve exact part
2026-04-15 16:26:50,288 [INFO] [583/948] 334720908 | NOT FOUND (Not found in autocomplete)
2026-04-15 16:26:50,561 [INFO] [592/948] 334721202 | Attempt 1 started
2026-04-15 16:26:50,562 [INFO] Starting scrape for part 334721202
2026-04-15 16:26:50,644 [INFO] [593/948] 334721207 | Attempt 1 started
2026-04-15 16:26:50,644 [INFO] Starting scrape for part 334721207
2026-04-15 16:26:50,807 [INFO] Autocomplete for 334720804 returned 0 product candidates
2026-04-15 16:26:50,810 [INFO] Part 334720804 NOT FOUND: autocomplete could not resolve exact part
2026-04-15 16:26:50,811 [INFO] [584/948] 334720804 | NOT FOUND (Not found in autocomplete)
2026-04-15 16:26:51,011 [INFO] Autocomplete for 334721202 returned 2 product candidates
2026-04-15 16:26:51,011 [INFO] Matched part 334721202 with Arrow fullPart=334721202 partSeo=334721202 mfrSeo=molex
2026-04-15 16:26:51,093 [INFO] Autocomplete for 334721207 returned 2 product candidates
2026-04-15 16:26:51,093 [INFO] Matched part 334721207 with Arrow fullPart=334721207 partSeo=334721207 mfrSeo=molex
2026-04-15 16:26:51,176 [INFO] [594/948] 334721302 | Attempt 1 started
2026-04-15 16:26:51,176 [INFO] Starting scrape for part 334721302
2026-04-15 16:26:51,196 [INFO] Autocomplete for 334720809 returned 0 product candidates
2026-04-15 16:26:51,198 [INFO] Part 334720809 NOT FOUND: autocomplete could not resolve exact part
2026-04-15 16:26:51,198 [INFO] [585/948] 334720809 | NOT FOUND (Not found in autocomplete)
2026-04-15 16:26:51,324 [INFO] Autocomplete for 334721301 returned 2 product candidates
2026-04-15 16:26:51,324 [INFO] Matched part 334721301 with Arrow fullPart=334721301 partSeo=334721301 mfrSeo=molex
2026-04-15 16:26:51,446 [INFO] Autocomplete for 334720909 returned 0 product candidates
2026-04-15 16:26:51,447 [INFO] Part 334720909 NOT FOUND: autocomplete could not resolve exact part
2026-04-15 16:26:51,447 [INFO] [587/948] 334720909 | NOT FOUND (Not found in autocomplete)
2026-04-15 16:26:51,549 [INFO] [595/948] 334721307 | Attempt 1 started
2026-04-15 16:26:51,549 [INFO] Starting scrape for part 334721307
2026-04-15 16:26:51,606 [INFO] Autocomplete for 334720904 returned 0 product candidates
2026-04-15 16:26:51,612 [INFO] Part 334720904 NOT FOUND: autocomplete could not resolve exact part
2026-04-15 16:26:51,612 [INFO] [586/948] 334720904 | NOT FOUND (Not found in autocomplete)
2026-04-15 16:26:51,635 [INFO] Autocomplete for 334721302 returned 2 product candidates
2026-04-15 16:26:51,635 [INFO] Matched part 334721302 with Arrow fullPart=33472-1302 partSeo=33472-1302 mfrSeo=molex
2026-04-15 16:26:51,659 [INFO] Autocomplete for 334721201 returned 2 product candidates
2026-04-15 16:26:51,660 [INFO] Matched part 334721201 with Arrow fullPart=33472-1201 partSeo=33472-1201 mfrSeo=molex
2026-04-15 16:26:51,798 [INFO] [596/948] 334721203 | Attempt 1 started
2026-04-15 16:26:51,798 [INFO] Starting scrape for part 334721203
2026-04-15 16:26:51,963 [INFO] [597/948] 334721208 | Attempt 1 started
2026-04-15 16:26:51,964 [INFO] Starting scrape for part 334721208
2026-04-15 16:26:52,294 [INFO] Autocomplete for 334721203 returned 0 product candidates
2026-04-15 16:26:52,297 [INFO] Part 334721203 NOT FOUND: autocomplete could not resolve exact part
2026-04-15 16:26:52,297 [INFO] [596/948] 334721203 | NOT FOUND (Not found in autocomplete)
2026-04-15 16:26:52,347 [INFO] [589/948] 334721206 | FOUND
2026-04-15 16:26:52,470 [INFO] Autocomplete for 334721208 returned 1 product candidates
2026-04-15 16:26:52,470 [INFO] Matched part 334721208 with Arrow fullPart=334721208 partSeo=33472-1208 mfrSeo=molex
2026-04-15 16:26:52,648 [INFO] [598/948] 334721303 | Attempt 1 started
2026-04-15 16:26:52,649 [INFO] Starting scrape for part 334721303
2026-04-15 16:26:52,697 [INFO] [599/948] 334721308 | Attempt 1 started
2026-04-15 16:26:52,697 [INFO] Starting scrape for part 334721308
2026-04-15 16:26:52,705 [INFO] Autocomplete for 334721306 returned 2 product candidates
2026-04-15 16:26:52,706 [INFO] Matched part 334721306 with Arrow fullPart=334721306 partSeo=33472-1306 mfrSeo=molex
2026-04-15 16:26:54,075 [INFO] Autocomplete for 334721307 returned 1 product candidates
2026-04-15 16:26:54,075 [INFO] No matching fullPart found in autocomplete list for 334721307
2026-04-15 16:26:54,077 [INFO] Part 334721307 NOT FOUND: autocomplete could not resolve exact part
2026-04-15 16:26:54,077 [INFO] [595/948] 334721307 | NOT FOUND (Not found in autocomplete)
2026-04-15 16:26:54,428 [INFO] [600/948] 334721204 | Attempt 1 started
2026-04-15 16:26:54,429 [INFO] Starting scrape for part 334721204
2026-04-15 16:26:54,581 [INFO] [592/948] 334721202 | FOUND
2026-04-15 16:26:54,868 [INFO] [593/948] 334721207 | FOUND
2026-04-15 16:26:54,932 [INFO] [601/948] 334721209 | Attempt 1 started
2026-04-15 16:26:54,932 [INFO] Starting scrape for part 334721209
2026-04-15 16:26:55,086 [INFO] [588/948] 334721201 | FOUND
2026-04-15 16:26:55,182 [INFO] Autocomplete for 334721303 returned 0 product candidates
2026-04-15 16:26:55,183 [INFO] Part 334721303 NOT FOUND: autocomplete could not resolve exact part
2026-04-15 16:26:55,184 [INFO] [598/948] 334721303 | NOT FOUND (Not found in autocomplete)
2026-04-15 16:26:55,219 [INFO] [602/948] 334721304 | Attempt 1 started
2026-04-15 16:26:55,220 [INFO] Starting scrape for part 334721304
2026-04-15 16:26:55,238 [INFO] Autocomplete for 334721308 returned 0 product candidates
2026-04-15 16:26:55,240 [INFO] Part 334721308 NOT FOUND: autocomplete could not resolve exact part
2026-04-15 16:26:55,240 [INFO] [599/948] 334721308 | NOT FOUND (Not found in autocomplete)
2026-04-15 16:26:55,255 [INFO] [594/948] 334721302 | FOUND
2026-04-15 16:26:55,354 [INFO] [590/948] 334721301 | FOUND
2026-04-15 16:26:55,437 [INFO] [603/948] 334721309 | Attempt 1 started
2026-04-15 16:26:55,437 [INFO] Starting scrape for part 334721309
2026-04-15 16:26:55,535 [INFO] [604/948] 334721601 | Attempt 1 started
2026-04-15 16:26:55,535 [INFO] Starting scrape for part 334721601
2026-04-15 16:26:55,592 [INFO] Autocomplete for 334721209 returned 0 product candidates
2026-04-15 16:26:55,592 [INFO] [605/948] 334721606 | Attempt 1 started
2026-04-15 16:26:55,593 [INFO] Starting scrape for part 334721606
2026-04-15 16:26:55,595 [INFO] Part 334721209 NOT FOUND: autocomplete could not resolve exact part
2026-04-15 16:26:55,595 [INFO] [601/948] 334721209 | NOT FOUND (Not found in autocomplete)
2026-04-15 16:26:55,611 [INFO] [606/948] 334721602 | Attempt 1 started
2026-04-15 16:26:55,612 [INFO] Starting scrape for part 334721602
2026-04-15 16:26:55,705 [INFO] [607/948] 334721607 | Attempt 1 started
2026-04-15 16:26:55,705 [INFO] Starting scrape for part 334721607
2026-04-15 16:26:55,946 [INFO] [608/948] 334721603 | Attempt 1 started
2026-04-15 16:26:55,946 [INFO] Starting scrape for part 334721603
2026-04-15 16:26:56,196 [INFO] Autocomplete for 334721601 returned 2 product candidates
2026-04-15 16:26:56,196 [INFO] Matched part 334721601 with Arrow fullPart=334721601 partSeo=33472-1601 mfrSeo=molex
2026-04-15 16:26:56,203 [INFO] Autocomplete for 334721606 returned 2 product candidates
2026-04-15 16:26:56,203 [INFO] Matched part 334721606 with Arrow fullPart=334721606 partSeo=33472-1606 mfrSeo=molex
2026-04-15 16:26:56,346 [INFO] Autocomplete for 334721607 returned 2 product candidates
2026-04-15 16:26:56,354 [INFO] Matched part 334721607 with Arrow fullPart=334721607 partSeo=33472-1607 mfrSeo=molex
2026-04-15 16:26:56,910 [INFO] Autocomplete for 334721204 returned 0 product candidates
2026-04-15 16:26:56,914 [INFO] Part 334721204 NOT FOUND: autocomplete could not resolve exact part
2026-04-15 16:26:56,914 [INFO] [600/948] 334721204 | NOT FOUND (Not found in autocomplete)
2026-04-15 16:26:56,979 [INFO] [591/948] 334721306 | FOUND
2026-04-15 16:26:56,999 [INFO] [597/948] 334721208 | FOUND
2026-04-15 16:26:57,265 [INFO] [609/948] 334721608 | Attempt 1 started
2026-04-15 16:26:57,265 [INFO] Starting scrape for part 334721608
2026-04-15 16:26:57,343 [INFO] [610/948] 334721604 | Attempt 1 started
2026-04-15 16:26:57,344 [INFO] Starting scrape for part 334721604
2026-04-15 16:26:57,351 [INFO] [611/948] 334721609 | Attempt 1 started
2026-04-15 16:26:57,351 [INFO] Starting scrape for part 334721609
2026-04-15 16:26:57,746 [INFO] Autocomplete for 334721608 returned 0 product candidates
2026-04-15 16:26:57,749 [INFO] Part 334721608 NOT FOUND: autocomplete could not resolve exact part
2026-04-15 16:26:57,749 [INFO] [609/948] 334721608 | NOT FOUND (Not found in autocomplete)
2026-04-15 16:26:57,853 [INFO] Autocomplete for 334721604 returned 1 product candidates
2026-04-15 16:26:57,854 [INFO] Autocomplete for 334721609 returned 0 product candidates
2026-04-15 16:26:57,854 [INFO] No matching fullPart found in autocomplete list for 334721604
2026-04-15 16:26:57,855 [INFO] Part 334721604 NOT FOUND: autocomplete could not resolve exact part
2026-04-15 16:26:57,855 [INFO] Part 334721609 NOT FOUND: autocomplete could not resolve exact part
2026-04-15 16:26:57,856 [INFO] [610/948] 334721604 | NOT FOUND (Not found in autocomplete)
2026-04-15 16:26:57,856 [INFO] [611/948] 334721609 | NOT FOUND (Not found in autocomplete)
2026-04-15 16:26:57,998 [INFO] Autocomplete for 334721304 returned 0 product candidates
2026-04-15 16:26:58,001 [INFO] Part 334721304 NOT FOUND: autocomplete could not resolve exact part
2026-04-15 16:26:58,001 [INFO] [602/948] 334721304 | NOT FOUND (Not found in autocomplete)
2026-04-15 16:26:58,100 [INFO] [612/948] AMK16A102Z5A | Attempt 1 started
2026-04-15 16:26:58,100 [INFO] Starting scrape for part AMK16A102Z5A
2026-04-15 16:26:58,139 [INFO] Autocomplete for 334721309 returned 0 product candidates
2026-04-15 16:26:58,145 [INFO] Part 334721309 NOT FOUND: autocomplete could not resolve exact part
2026-04-15 16:26:58,145 [INFO] [603/948] 334721309 | NOT FOUND (Not found in autocomplete)
2026-04-15 16:26:58,206 [INFO] [613/948] AMK16B102Z5A | Attempt 1 started
2026-04-15 16:26:58,207 [INFO] [614/948] AMK16C102Z5A | Attempt 1 started
2026-04-15 16:26:58,207 [INFO] Starting scrape for part AMK16B102Z5A
2026-04-15 16:26:58,207 [INFO] Starting scrape for part AMK16C102Z5A
2026-04-15 16:26:58,352 [INFO] [615/948] AMK12D102Z5A | Attempt 1 started
2026-04-15 16:26:58,352 [INFO] Starting scrape for part AMK12D102Z5A
2026-04-15 16:26:58,443 [INFO] Autocomplete for 334721602 returned 2 product candidates
2026-04-15 16:26:58,443 [INFO] Matched part 334721602 with Arrow fullPart=334721602 partSeo=33472-1602 mfrSeo=molex
2026-04-15 16:26:58,503 [INFO] [616/948] AMK21A102Z5A | Attempt 1 started
2026-04-15 16:26:58,504 [INFO] Starting scrape for part AMK21A102Z5A
2026-04-15 16:26:58,673 [INFO] Autocomplete for AMK16B102Z5A returned 0 product candidates
2026-04-15 16:26:58,675 [INFO] Part AMK16B102Z5A NOT FOUND: autocomplete could not resolve exact part
2026-04-15 16:26:58,675 [INFO] [613/948] AMK16B102Z5A | NOT FOUND (Not found in autocomplete)
2026-04-15 16:26:58,694 [INFO] Autocomplete for 334721603 returned 1 product candidates
2026-04-15 16:26:58,694 [INFO] No matching fullPart found in autocomplete list for 334721603
2026-04-15 16:26:58,698 [INFO] Part 334721603 NOT FOUND: autocomplete could not resolve exact part
2026-04-15 16:26:58,698 [INFO] [608/948] 334721603 | NOT FOUND (Not found in autocomplete)
2026-04-15 16:26:58,752 [INFO] Autocomplete for AMK16C102Z5A returned 0 product candidates
2026-04-15 16:26:58,754 [INFO] Part AMK16C102Z5A NOT FOUND: autocomplete could not resolve exact part
2026-04-15 16:26:58,754 [INFO] [614/948] AMK16C102Z5A | NOT FOUND (Not found in autocomplete)
2026-04-15 16:26:59,026 [INFO] [617/948] AMK141102Z5A | Attempt 1 started
2026-04-15 16:26:59,026 [INFO] Starting scrape for part AMK141102Z5A
2026-04-15 16:26:59,047 [INFO] Autocomplete for AMK12D102Z5A returned 0 product candidates
2026-04-15 16:26:59,050 [INFO] [618/948] AMK1411M4Z5A | Attempt 1 started
2026-04-15 16:26:59,051 [INFO] Part AMK12D102Z5A NOT FOUND: autocomplete could not resolve exact part
2026-04-15 16:26:59,051 [INFO] Starting scrape for part AMK1411M4Z5A
2026-04-15 16:26:59,051 [INFO] [615/948] AMK12D102Z5A | NOT FOUND (Not found in autocomplete)
2026-04-15 16:26:59,110 [INFO] [619/948] AMK148102Z5A | Attempt 1 started
2026-04-15 16:26:59,110 [INFO] Starting scrape for part AMK148102Z5A
2026-04-15 16:26:59,403 [INFO] [620/948] AMK1481M4Z5A | Attempt 1 started
2026-04-15 16:26:59,404 [INFO] Starting scrape for part AMK1481M4Z5A
2026-04-15 16:26:59,709 [INFO] [605/948] 334721606 | FOUND
2026-04-15 16:26:59,936 [INFO] Autocomplete for AMK1481M4Z5A returned 0 product candidates
2026-04-15 16:26:59,938 [INFO] Part AMK1481M4Z5A NOT FOUND: autocomplete could not resolve exact part
2026-04-15 16:26:59,938 [INFO] [620/948] AMK1481M4Z5A | NOT FOUND (Not found in autocomplete)
2026-04-15 16:26:59,992 [INFO] [604/948] 334721601 | FOUND
2026-04-15 16:27:00,060 [INFO] [607/948] 334721607 | FOUND
2026-04-15 16:27:00,060 [INFO] [621/948] AMS11A102Z5A | Attempt 1 started
2026-04-15 16:27:00,060 [INFO] Starting scrape for part AMS11A102Z5A
2026-04-15 16:27:00,289 [INFO] [622/948] AMS12A102Z5A | Attempt 1 started
2026-04-15 16:27:00,289 [INFO] Starting scrape for part AMS12A102Z5A
2026-04-15 16:27:00,366 [INFO] [623/948] NAN | Attempt 1 started
2026-04-15 16:27:00,372 [INFO] Starting scrape for part NAN
2026-04-15 16:27:00,410 [INFO] [624/948] AMS11B102Z5A | Attempt 1 started
2026-04-15 16:27:00,411 [INFO] Starting scrape for part AMS11B102Z5A
2026-04-15 16:27:00,628 [INFO] Autocomplete for AMK16A102Z5A returned 0 product candidates
2026-04-15 16:27:00,629 [INFO] Part AMK16A102Z5A NOT FOUND: autocomplete could not resolve exact part
2026-04-15 16:27:00,630 [INFO] [612/948] AMK16A102Z5A | NOT FOUND (Not found in autocomplete)
2026-04-15 16:27:00,766 [INFO] Autocomplete for AMS12A102Z5A returned 0 product candidates
2026-04-15 16:27:00,767 [INFO] Part AMS12A102Z5A NOT FOUND: autocomplete could not resolve exact part
2026-04-15 16:27:00,767 [INFO] [622/948] AMS12A102Z5A | NOT FOUND (Not found in autocomplete)
2026-04-15 16:27:00,935 [INFO] Autocomplete for AMK21A102Z5A returned 0 product candidates
2026-04-15 16:27:00,939 [INFO] Part AMK21A102Z5A NOT FOUND: autocomplete could not resolve exact part
2026-04-15 16:27:00,939 [INFO] [616/948] AMK21A102Z5A | NOT FOUND (Not found in autocomplete)
2026-04-15 16:27:00,981 [INFO] [625/948] AMS11D102Z5 | Attempt 1 started
2026-04-15 16:27:00,981 [INFO] Starting scrape for part AMS11D102Z5
2026-04-15 16:27:01,118 [INFO] [626/948] AMS141102Z5A | Attempt 1 started
2026-04-15 16:27:01,118 [INFO] Starting scrape for part AMS141102Z5A
2026-04-15 16:27:01,290 [INFO] [627/948] AMS1411M4Z5A | Attempt 1 started
2026-04-15 16:27:01,290 [INFO] Starting scrape for part AMS1411M4Z5A
2026-04-15 16:27:01,474 [INFO] Autocomplete for AMS11D102Z5 returned 0 product candidates
2026-04-15 16:27:01,475 [INFO] Part AMS11D102Z5 NOT FOUND: autocomplete could not resolve exact part
2026-04-15 16:27:01,476 [INFO] [625/948] AMS11D102Z5 | NOT FOUND (Not found in autocomplete)
2026-04-15 16:27:01,488 [INFO] [606/948] 334721602 | FOUND
2026-04-15 16:27:01,515 [INFO] Autocomplete for AMK141102Z5A returned 0 product candidates
2026-04-15 16:27:01,516 [INFO] Autocomplete for AMK1411M4Z5A returned 0 product candidates
2026-04-15 16:27:01,519 [INFO] Autocomplete for AMK148102Z5A returned 0 product candidates
2026-04-15 16:27:01,520 [INFO] Part AMK1411M4Z5A NOT FOUND: autocomplete could not resolve exact part
2026-04-15 16:27:01,520 [INFO] Part AMK141102Z5A NOT FOUND: autocomplete could not resolve exact part
2026-04-15 16:27:01,521 [INFO] [618/948] AMK1411M4Z5A | NOT FOUND (Not found in autocomplete)
2026-04-15 16:27:01,521 [INFO] [617/948] AMK141102Z5A | NOT FOUND (Not found in autocomplete)
2026-04-15 16:27:01,522 [INFO] Part AMK148102Z5A NOT FOUND: autocomplete could not resolve exact part
2026-04-15 16:27:01,522 [INFO] [619/948] AMK148102Z5A | NOT FOUND (Not found in autocomplete)
2026-04-15 16:27:01,826 [INFO] [628/948] AMS14D102Z5A | Attempt 1 started
2026-04-15 16:27:01,826 [INFO] Starting scrape for part AMS14D102Z5A
2026-04-15 16:27:01,838 [INFO] [629/948] AMS14D1M4Z5A | Attempt 1 started
2026-04-15 16:27:01,839 [INFO] Starting scrape for part AMS14D1M4Z5A
2026-04-15 16:27:01,873 [INFO] [630/948] AMS29A40MZ5A | Attempt 1 started
2026-04-15 16:27:01,873 [INFO] [631/948] AMS29B40MZ5A | Attempt 1 started
2026-04-15 16:27:01,873 [INFO] Starting scrape for part AMS29A40MZ5A
2026-04-15 16:27:01,873 [INFO] Starting scrape for part AMS29B40MZ5A
2026-04-15 16:27:01,873 [INFO] [632/948] AMS29C40MZ5A | Attempt 1 started
2026-04-15 16:27:01,873 [INFO] Starting scrape for part AMS29C40MZ5A
2026-04-15 16:27:02,324 [INFO] Autocomplete for AMS29B40MZ5A returned 0 product candidates
2026-04-15 16:27:02,326 [INFO] Autocomplete for AMS14D102Z5A returned 0 product candidates
2026-04-15 16:27:02,327 [INFO] Part AMS29B40MZ5A NOT FOUND: autocomplete could not resolve exact part
2026-04-15 16:27:02,327 [INFO] [631/948] AMS29B40MZ5A | NOT FOUND (Not found in autocomplete)
2026-04-15 16:27:02,328 [INFO] Part AMS14D102Z5A NOT FOUND: autocomplete could not resolve exact part
2026-04-15 16:27:02,328 [INFO] [628/948] AMS14D102Z5A | NOT FOUND (Not found in autocomplete)
2026-04-15 16:27:02,534 [INFO] Autocomplete for AMS14D1M4Z5A returned 0 product candidates
2026-04-15 16:27:02,538 [INFO] Part AMS14D1M4Z5A NOT FOUND: autocomplete could not resolve exact part
2026-04-15 16:27:02,538 [INFO] [629/948] AMS14D1M4Z5A | NOT FOUND (Not found in autocomplete)
2026-04-15 16:27:02,548 [INFO] Autocomplete for AMS11A102Z5A returned 0 product candidates
2026-04-15 16:27:02,551 [INFO] Part AMS11A102Z5A NOT FOUND: autocomplete could not resolve exact part
2026-04-15 16:27:02,551 [INFO] [621/948] AMS11A102Z5A | NOT FOUND (Not found in autocomplete)
2026-04-15 16:27:02,678 [INFO] [633/948] AMS29D40MZ5A | Attempt 1 started
2026-04-15 16:27:02,678 [INFO] Starting scrape for part AMS29D40MZ5A
2026-04-15 16:27:02,679 [INFO] [634/948] AMS19D40MZ5A | Attempt 1 started
2026-04-15 16:27:02,679 [INFO] Starting scrape for part AMS19D40MZ5A
2026-04-15 16:27:02,888 [INFO] Autocomplete for NAN returned 5 product candidates
2026-04-15 16:27:02,888 [INFO] No matching fullPart found in autocomplete list for NAN
2026-04-15 16:27:02,889 [INFO] [635/948] E6K10A1BZZ5A | Attempt 1 started
2026-04-15 16:27:02,889 [INFO] Starting scrape for part E6K10A1BZZ5A
2026-04-15 16:27:02,891 [INFO] Part NAN NOT FOUND: autocomplete could not resolve exact part
2026-04-15 16:27:02,892 [INFO] [623/948] NAN | NOT FOUND (Not found in autocomplete)
2026-04-15 16:27:02,902 [INFO] [636/948] E6K11A1BZZ5A | Attempt 1 started
2026-04-15 16:27:02,903 [INFO] Starting scrape for part E6K11A1BZZ5A
2026-04-15 16:27:03,165 [INFO] Autocomplete for AMS19D40MZ5A returned 0 product candidates
2026-04-15 16:27:03,170 [INFO] Part AMS19D40MZ5A NOT FOUND: autocomplete could not resolve exact part
2026-04-15 16:27:03,170 [INFO] [634/948] AMS19D40MZ5A | NOT FOUND (Not found in autocomplete)
2026-04-15 16:27:03,242 [INFO] [637/948] E6K10B1BZZ5A | Attempt 1 started
2026-04-15 16:27:03,243 [INFO] Starting scrape for part E6K10B1BZZ5A
2026-04-15 16:27:03,384 [INFO] Autocomplete for AMS11B102Z5A returned 0 product candidates
2026-04-15 16:27:03,385 [INFO] Part AMS11B102Z5A NOT FOUND: autocomplete could not resolve exact part
2026-04-15 16:27:03,385 [INFO] [624/948] AMS11B102Z5A | NOT FOUND (Not found in autocomplete)
2026-04-15 16:27:03,423 [INFO] Autocomplete for E6K10A1BZZ5A returned 0 product candidates
2026-04-15 16:27:03,426 [INFO] Part E6K10A1BZZ5A NOT FOUND: autocomplete could not resolve exact part
2026-04-15 16:27:03,426 [INFO] [635/948] E6K10A1BZZ5A | NOT FOUND (Not found in autocomplete)
2026-04-15 16:27:03,521 [INFO] [638/948] E6K11B1BZZ5A | Attempt 1 started
2026-04-15 16:27:03,521 [INFO] Starting scrape for part E6K11B1BZZ5A
2026-04-15 16:27:03,719 [INFO] Autocomplete for E6K10B1BZZ5A returned 0 product candidates
2026-04-15 16:27:03,721 [INFO] Part E6K10B1BZZ5A NOT FOUND: autocomplete could not resolve exact part
2026-04-15 16:27:03,722 [INFO] [637/948] E6K10B1BZZ5A | NOT FOUND (Not found in autocomplete)
2026-04-15 16:27:03,736 [INFO] [639/948] E6K10D1BZZ5A | Attempt 1 started
2026-04-15 16:27:03,736 [INFO] Starting scrape for part E6K10D1BZZ5A
2026-04-15 16:27:03,777 [INFO] [640/948] E6K11D1BZZ5A | Attempt 1 started
2026-04-15 16:27:03,777 [INFO] Starting scrape for part E6K11D1BZZ5A
2026-04-15 16:27:04,072 [INFO] [641/948] E6K10F1BZZ5A | Attempt 1 started
2026-04-15 16:27:04,073 [INFO] Starting scrape for part E6K10F1BZZ5A
2026-04-15 16:27:04,354 [INFO] Autocomplete for E6K10D1BZZ5A returned 0 product candidates
2026-04-15 16:27:04,356 [INFO] Part E6K10D1BZZ5A NOT FOUND: autocomplete could not resolve exact part
2026-04-15 16:27:04,356 [INFO] [639/948] E6K10D1BZZ5A | NOT FOUND (Not found in autocomplete)
2026-04-15 16:27:04,707 [INFO] [642/948] E6K11F1BZZ5A | Attempt 1 started
2026-04-15 16:27:04,708 [INFO] Starting scrape for part E6K11F1BZZ5A
2026-04-15 16:27:04,833 [INFO] Autocomplete for AMS1411M4Z5A returned 0 product candidates
2026-04-15 16:27:04,837 [INFO] Part AMS1411M4Z5A NOT FOUND: autocomplete could not resolve exact part
2026-04-15 16:27:04,837 [INFO] [627/948] AMS1411M4Z5A | NOT FOUND (Not found in autocomplete)
2026-04-15 16:27:04,846 [INFO] Autocomplete for AMS141102Z5A returned 0 product candidates
2026-04-15 16:27:04,848 [INFO] Part AMS141102Z5A NOT FOUND: autocomplete could not resolve exact part
2026-04-15 16:27:04,848 [INFO] [626/948] AMS141102Z5A | NOT FOUND (Not found in autocomplete)
2026-04-15 16:27:05,188 [INFO] [643/948] E6S10A1BZZ5A | Attempt 1 started
2026-04-15 16:27:05,188 [INFO] Starting scrape for part E6S10A1BZZ5A
2026-04-15 16:27:05,198 [INFO] [644/948] E6S10C1BZZ5A | Attempt 1 started
2026-04-15 16:27:05,198 [INFO] Starting scrape for part E6S10C1BZZ5A
2026-04-15 16:27:05,509 [INFO] Autocomplete for AMS29A40MZ5A returned 0 product candidates
2026-04-15 16:27:05,511 [INFO] Part AMS29A40MZ5A NOT FOUND: autocomplete could not resolve exact part
2026-04-15 16:27:05,511 [INFO] [630/948] AMS29A40MZ5A | NOT FOUND (Not found in autocomplete)
2026-04-15 16:27:05,631 [INFO] Autocomplete for E6S10C1BZZ5A returned 0 product candidates
2026-04-15 16:27:05,633 [INFO] Part E6S10C1BZZ5A NOT FOUND: autocomplete could not resolve exact part
2026-04-15 16:27:05,633 [INFO] [644/948] E6S10C1BZZ5A | NOT FOUND (Not found in autocomplete)
2026-04-15 16:27:05,653 [INFO] Autocomplete for AMS29C40MZ5A returned 0 product candidates
2026-04-15 16:27:05,656 [INFO] Part AMS29C40MZ5A NOT FOUND: autocomplete could not resolve exact part
2026-04-15 16:27:05,656 [INFO] [632/948] AMS29C40MZ5A | NOT FOUND (Not found in autocomplete)
2026-04-15 16:27:05,690 [INFO] Autocomplete for E6S10A1BZZ5A returned 0 product candidates
2026-04-15 16:27:05,692 [INFO] Part E6S10A1BZZ5A NOT FOUND: autocomplete could not resolve exact part
2026-04-15 16:27:05,692 [INFO] [643/948] E6S10A1BZZ5A | NOT FOUND (Not found in autocomplete)
2026-04-15 16:27:05,861 [INFO] [645/948] E6K14A1BZZ5A | Attempt 1 started
2026-04-15 16:27:05,861 [INFO] Starting scrape for part E6K14A1BZZ5A
2026-04-15 16:27:05,984 [INFO] [646/948] E6K14J1BZZ5A | Attempt 1 started
2026-04-15 16:27:05,984 [INFO] Starting scrape for part E6K14J1BZZ5A
2026-04-15 16:27:06,007 [INFO] [647/948] E6S14E1BZZ5A | Attempt 1 started
2026-04-15 16:27:06,007 [INFO] Starting scrape for part E6S14E1BZZ5A
2026-04-15 16:27:06,042 [INFO] [648/948] E6K14D1BZZ5A | Attempt 1 started
2026-04-15 16:27:06,043 [INFO] Starting scrape for part E6K14D1BZZ5A
2026-04-15 16:27:06,480 [INFO] Autocomplete for AMS29D40MZ5A returned 0 product candidates
2026-04-15 16:27:06,483 [INFO] Part AMS29D40MZ5A NOT FOUND: autocomplete could not resolve exact part
2026-04-15 16:27:06,483 [INFO] [633/948] AMS29D40MZ5A | NOT FOUND (Not found in autocomplete)
2026-04-15 16:27:06,512 [INFO] Autocomplete for E6K14J1BZZ5A returned 0 product candidates
2026-04-15 16:27:06,513 [INFO] Part E6K14J1BZZ5A NOT FOUND: autocomplete could not resolve exact part
2026-04-15 16:27:06,513 [INFO] [646/948] E6K14J1BZZ5A | NOT FOUND (Not found in autocomplete)
2026-04-15 16:27:06,514 [INFO] Autocomplete for E6K14D1BZZ5A returned 0 product candidates
2026-04-15 16:27:06,516 [INFO] Part E6K14D1BZZ5A NOT FOUND: autocomplete could not resolve exact part
2026-04-15 16:27:06,516 [INFO] [648/948] E6K14D1BZZ5A | NOT FOUND (Not found in autocomplete)
2026-04-15 16:27:06,633 [INFO] Autocomplete for E6K10F1BZZ5A returned 0 product candidates
2026-04-15 16:27:06,635 [INFO] Part E6K10F1BZZ5A NOT FOUND: autocomplete could not resolve exact part
2026-04-15 16:27:06,635 [INFO] [641/948] E6K10F1BZZ5A | NOT FOUND (Not found in autocomplete)
2026-04-15 16:27:06,834 [INFO] [649/948] E6K14L1BZZ5A | Attempt 1 started
2026-04-15 16:27:06,835 [INFO] Starting scrape for part E6K14L1BZZ5A
2026-04-15 16:27:06,864 [INFO] [650/948] 99K1HC1BZZ5A | Attempt 1 started
2026-04-15 16:27:06,864 [INFO] Starting scrape for part 99K1HC1BZZ5A
2026-04-15 16:27:06,869 [INFO] [651/948] 99K1HG1BZZ5A | Attempt 1 started
2026-04-15 16:27:06,869 [INFO] Starting scrape for part 99K1HG1BZZ5A
2026-04-15 16:27:06,979 [INFO] Autocomplete for E6K11A1BZZ5A returned 0 product candidates
2026-04-15 16:27:06,987 [INFO] [652/948] E6S20A40MT5A | Attempt 1 started
2026-04-15 16:27:06,987 [INFO] Starting scrape for part E6S20A40MT5A
2026-04-15 16:27:06,989 [INFO] Part E6K11A1BZZ5A NOT FOUND: autocomplete could not resolve exact part
2026-04-15 16:27:06,990 [INFO] [636/948] E6K11A1BZZ5A | NOT FOUND (Not found in autocomplete)
2026-04-15 16:27:07,340 [INFO] [653/948] E6S20B40MT5A | Attempt 1 started
2026-04-15 16:27:07,341 [INFO] Starting scrape for part E6S20B40MT5A
2026-04-15 16:27:07,728 [INFO] Autocomplete for E6K11B1BZZ5A returned 0 product candidates
2026-04-15 16:27:07,731 [INFO] Part E6K11B1BZZ5A NOT FOUND: autocomplete could not resolve exact part
2026-04-15 16:27:07,731 [INFO] [638/948] E6K11B1BZZ5A | NOT FOUND (Not found in autocomplete)
2026-04-15 16:27:07,835 [INFO] Autocomplete for E6K11D1BZZ5A returned 0 product candidates
2026-04-15 16:27:07,838 [INFO] Part E6K11D1BZZ5A NOT FOUND: autocomplete could not resolve exact part
2026-04-15 16:27:07,839 [INFO] [640/948] E6K11D1BZZ5A | NOT FOUND (Not found in autocomplete)
2026-04-15 16:27:07,915 [INFO] Autocomplete for E6S20B40MT5A returned 0 product candidates
2026-04-15 16:27:07,919 [INFO] Part E6S20B40MT5A NOT FOUND: autocomplete could not resolve exact part
2026-04-15 16:27:07,919 [INFO] [653/948] E6S20B40MT5A | NOT FOUND (Not found in autocomplete)
2026-04-15 16:27:08,081 [INFO] [654/948] E6S20D40MT5A | Attempt 1 started
2026-04-15 16:27:08,082 [INFO] Starting scrape for part E6S20D40MT5A
2026-04-15 16:27:08,190 [INFO] [655/948] E6S20F40MT5A | Attempt 1 started
2026-04-15 16:27:08,191 [INFO] Starting scrape for part E6S20F40MT5A
2026-04-15 16:27:08,281 [INFO] [656/948] E6S10A40MT5A | Attempt 1 started
2026-04-15 16:27:08,281 [INFO] Starting scrape for part E6S10A40MT5A
2026-04-15 16:27:08,421 [INFO] Autocomplete for E6K11F1BZZ5A returned 0 product candidates
2026-04-15 16:27:08,422 [INFO] Part E6K11F1BZZ5A NOT FOUND: autocomplete could not resolve exact part
2026-04-15 16:27:08,422 [INFO] [642/948] E6K11F1BZZ5A | NOT FOUND (Not found in autocomplete)
2026-04-15 16:27:08,773 [INFO] [657/948] E6S10B40MT5A | Attempt 1 started
2026-04-15 16:27:08,773 [INFO] Starting scrape for part E6S10B40MT5A
2026-04-15 16:27:09,254 [INFO] Autocomplete for E6S10B40MT5A returned 0 product candidates
2026-04-15 16:27:09,255 [INFO] Part E6S10B40MT5A NOT FOUND: autocomplete could not resolve exact part
2026-04-15 16:27:09,255 [INFO] [657/948] E6S10B40MT5A | NOT FOUND (Not found in autocomplete)
2026-04-15 16:27:09,519 [INFO] Autocomplete for E6K14A1BZZ5A returned 0 product candidates
2026-04-15 16:27:09,521 [INFO] Part E6K14A1BZZ5A NOT FOUND: autocomplete could not resolve exact part
2026-04-15 16:27:09,522 [INFO] [645/948] E6K14A1BZZ5A | NOT FOUND (Not found in autocomplete)
2026-04-15 16:27:09,606 [INFO] [658/948] E6S10D40MT5A | Attempt 1 started
2026-04-15 16:27:09,606 [INFO] Starting scrape for part E6S10D40MT5A
2026-04-15 16:27:09,872 [INFO] [659/948] E6S10F40MT5A | Attempt 1 started
2026-04-15 16:27:09,872 [INFO] Starting scrape for part E6S10F40MT5A
2026-04-15 16:27:10,041 [INFO] Autocomplete for E6S10D40MT5A returned 0 product candidates
2026-04-15 16:27:10,041 [INFO] Part E6S10D40MT5A NOT FOUND: autocomplete could not resolve exact part
2026-04-15 16:27:10,042 [INFO] [658/948] E6S10D40MT5A | NOT FOUND (Not found in autocomplete)
2026-04-15 16:27:10,392 [INFO] [660/948] E6S14A40MT5A | Attempt 1 started
2026-04-15 16:27:10,392 [INFO] Starting scrape for part E6S14A40MT5A
2026-04-15 16:27:10,515 [INFO] Autocomplete for E6S10F40MT5A returned 0 product candidates
2026-04-15 16:27:10,517 [INFO] Autocomplete for E6S14E1BZZ5A returned 0 product candidates
2026-04-15 16:27:10,518 [INFO] Part E6S10F40MT5A NOT FOUND: autocomplete could not resolve exact part
2026-04-15 16:27:10,519 [INFO] [659/948] E6S10F40MT5A | NOT FOUND (Not found in autocomplete)
2026-04-15 16:27:10,520 [INFO] Part E6S14E1BZZ5A NOT FOUND: autocomplete could not resolve exact part
2026-04-15 16:27:10,520 [INFO] [647/948] E6S14E1BZZ5A | NOT FOUND (Not found in autocomplete)
2026-04-15 16:27:10,724 [INFO] Autocomplete for 99K1HC1BZZ5A returned 0 product candidates
2026-04-15 16:27:10,728 [INFO] Part 99K1HC1BZZ5A NOT FOUND: autocomplete could not resolve exact part
2026-04-15 16:27:10,728 [INFO] [650/948] 99K1HC1BZZ5A | NOT FOUND (Not found in autocomplete)
2026-04-15 16:27:10,827 [INFO] Autocomplete for E6S14A40MT5A returned 0 product candidates
2026-04-15 16:27:10,830 [INFO] Part E6S14A40MT5A NOT FOUND: autocomplete could not resolve exact part
2026-04-15 16:27:10,830 [INFO] [660/948] E6S14A40MT5A | NOT FOUND (Not found in autocomplete)
2026-04-15 16:27:10,869 [INFO] [661/948] E6S24D40MT5A | Attempt 1 started
2026-04-15 16:27:10,870 [INFO] Starting scrape for part E6S24D40MT5A
2026-04-15 16:27:10,871 [INFO] [662/948] E6S14M40MT5A | Attempt 1 started
2026-04-15 16:27:10,871 [INFO] Starting scrape for part E6S14M40MT5A
2026-04-15 16:27:11,045 [INFO] Autocomplete for E6K14L1BZZ5A returned 0 product candidates
2026-04-15 16:27:11,049 [INFO] Part E6K14L1BZZ5A NOT FOUND: autocomplete could not resolve exact part
2026-04-15 16:27:11,049 [INFO] [649/948] E6K14L1BZZ5A | NOT FOUND (Not found in autocomplete)
2026-04-15 16:27:11,079 [INFO] [663/948] E6K14M1BZZ5A | Attempt 1 started
2026-04-15 16:27:11,080 [INFO] Starting scrape for part E6K14M1BZZ5A
2026-04-15 16:27:11,185 [INFO] [664/948] E6K10A1BZZ5 | Attempt 1 started
2026-04-15 16:27:11,185 [INFO] Autocomplete for E6S20A40MT5A returned 0 product candidates
2026-04-15 16:27:11,186 [INFO] Starting scrape for part E6K10A1BZZ5
2026-04-15 16:27:11,188 [INFO] Part E6S20A40MT5A NOT FOUND: autocomplete could not resolve exact part
2026-04-15 16:27:11,188 [INFO] [652/948] E6S20A40MT5A | NOT FOUND (Not found in autocomplete)
2026-04-15 16:27:11,386 [INFO] Autocomplete for E6S14M40MT5A returned 0 product candidates
2026-04-15 16:27:11,388 [INFO] Autocomplete for 99K1HG1BZZ5A returned 0 product candidates
2026-04-15 16:27:11,389 [INFO] Part E6S14M40MT5A NOT FOUND: autocomplete could not resolve exact part
2026-04-15 16:27:11,389 [INFO] [662/948] E6S14M40MT5A | NOT FOUND (Not found in autocomplete)
2026-04-15 16:27:11,391 [INFO] Part 99K1HG1BZZ5A NOT FOUND: autocomplete could not resolve exact part
2026-04-15 16:27:11,391 [INFO] [651/948] 99K1HG1BZZ5A | NOT FOUND (Not found in autocomplete)
2026-04-15 16:27:11,400 [INFO] [665/948] E6K10A1CA20L | Attempt 1 started
2026-04-15 16:27:11,400 [INFO] Starting scrape for part E6K10A1CA20L
2026-04-15 16:27:11,538 [INFO] [666/948] E6K10A1CA90Z | Attempt 1 started
2026-04-15 16:27:11,539 [INFO] Starting scrape for part E6K10A1CA90Z
2026-04-15 16:27:11,639 [INFO] Autocomplete for E6K14M1BZZ5A returned 0 product candidates
2026-04-15 16:27:11,654 [INFO] Part E6K14M1BZZ5A NOT FOUND: autocomplete could not resolve exact part
2026-04-15 16:27:11,654 [INFO] [663/948] E6K14M1BZZ5A | NOT FOUND (Not found in autocomplete)
2026-04-15 16:27:11,740 [INFO] [667/948] E6S10A1BZZ5 | Attempt 1 started
2026-04-15 16:27:11,740 [INFO] Starting scrape for part E6S10A1BZZ5
2026-04-15 16:27:11,741 [INFO] [668/948] E6S10A1CA20L | Attempt 1 started
2026-04-15 16:27:11,742 [INFO] Starting scrape for part E6S10A1CA20L
2026-04-15 16:27:11,744 [INFO] Autocomplete for E6S20D40MT5A returned 0 product candidates
2026-04-15 16:27:11,749 [INFO] Part E6S20D40MT5A NOT FOUND: autocomplete could not resolve exact part
2026-04-15 16:27:11,749 [INFO] [654/948] E6S20D40MT5A | NOT FOUND (Not found in autocomplete)
2026-04-15 16:27:11,927 [INFO] Autocomplete for E6S10A40MT5A returned 0 product candidates
2026-04-15 16:27:11,929 [INFO] Part E6S10A40MT5A NOT FOUND: autocomplete could not resolve exact part
2026-04-15 16:27:11,929 [INFO] [656/948] E6S10A40MT5A | NOT FOUND (Not found in autocomplete)
2026-04-15 16:27:12,005 [INFO] [669/948] E6S10A1CA90Z | Attempt 1 started
2026-04-15 16:27:12,005 [INFO] Starting scrape for part E6S10A1CA90Z
2026-04-15 16:27:12,072 [INFO] Autocomplete for E6K10A1CA90Z returned 0 product candidates
2026-04-15 16:27:12,073 [INFO] Part E6K10A1CA90Z NOT FOUND: autocomplete could not resolve exact part
2026-04-15 16:27:12,074 [INFO] [666/948] E6K10A1CA90Z | NOT FOUND (Not found in autocomplete)
2026-04-15 16:27:12,101 [INFO] [670/948] E6K10A1BZ40 | Attempt 1 started
2026-04-15 16:27:12,101 [INFO] Starting scrape for part E6K10A1BZ40
2026-04-15 16:27:12,183 [INFO] Autocomplete for E6S10A1BZZ5 returned 0 product candidates
2026-04-15 16:27:12,184 [INFO] Part E6S10A1BZZ5 NOT FOUND: autocomplete could not resolve exact part
2026-04-15 16:27:12,184 [INFO] [667/948] E6S10A1BZZ5 | NOT FOUND (Not found in autocomplete)
2026-04-15 16:27:12,246 [INFO] Autocomplete for E6S20F40MT5A returned 0 product candidates
2026-04-15 16:27:12,248 [INFO] Part E6S20F40MT5A NOT FOUND: autocomplete could not resolve exact part
2026-04-15 16:27:12,249 [INFO] [655/948] E6S20F40MT5A | NOT FOUND (Not found in autocomplete)
2026-04-15 16:27:12,280 [INFO] [671/948] 35719762 | Attempt 1 started
2026-04-15 16:27:12,280 [INFO] Starting scrape for part 35719762
2026-04-15 16:27:12,376 [INFO] Autocomplete for E6S10A1CA20L returned 0 product candidates
2026-04-15 16:27:12,377 [INFO] Part E6S10A1CA20L NOT FOUND: autocomplete could not resolve exact part
2026-04-15 16:27:12,378 [INFO] [668/948] E6S10A1CA20L | NOT FOUND (Not found in autocomplete)
2026-04-15 16:27:12,424 [INFO] [672/948] 35719721 | Attempt 1 started
2026-04-15 16:27:12,424 [INFO] Starting scrape for part 35719721
2026-04-15 16:27:12,535 [INFO] [673/948] 35719723 | Attempt 1 started
2026-04-15 16:27:12,536 [INFO] Starting scrape for part 35719723
2026-04-15 16:27:12,543 [INFO] Autocomplete for E6S10A1CA90Z returned 0 product candidates
2026-04-15 16:27:12,544 [INFO] Part E6S10A1CA90Z NOT FOUND: autocomplete could not resolve exact part
2026-04-15 16:27:12,544 [INFO] [669/948] E6S10A1CA90Z | NOT FOUND (Not found in autocomplete)
2026-04-15 16:27:12,599 [INFO] [674/948] 35719839 | Attempt 1 started
2026-04-15 16:27:12,599 [INFO] Starting scrape for part 35719839
2026-04-15 16:27:12,728 [INFO] [675/948] 35719728 | Attempt 1 started
2026-04-15 16:27:12,728 [INFO] Starting scrape for part 35719728
2026-04-15 16:27:12,895 [INFO] [676/948] 35719730 | Attempt 1 started
2026-04-15 16:27:12,895 [INFO] Starting scrape for part 35719730
2026-04-15 16:27:12,911 [INFO] Autocomplete for 35719721 returned 0 product candidates
2026-04-15 16:27:12,913 [INFO] Part 35719721 NOT FOUND: autocomplete could not resolve exact part
2026-04-15 16:27:12,913 [INFO] [672/948] 35719721 | NOT FOUND (Not found in autocomplete)
2026-04-15 16:27:13,062 [INFO] Autocomplete for 35719723 returned 0 product candidates
2026-04-15 16:27:13,064 [INFO] Part 35719723 NOT FOUND: autocomplete could not resolve exact part
2026-04-15 16:27:13,064 [INFO] [673/948] 35719723 | NOT FOUND (Not found in autocomplete)
2026-04-15 16:27:13,263 [INFO] [677/948] 35719735 | Attempt 1 started
2026-04-15 16:27:13,263 [INFO] Starting scrape for part 35719735
2026-04-15 16:27:13,416 [INFO] [678/948] 60988988 | Attempt 1 started
2026-04-15 16:27:13,416 [INFO] Starting scrape for part 60988988
2026-04-15 16:27:13,418 [INFO] Autocomplete for 35719730 returned 0 product candidates
2026-04-15 16:27:13,420 [INFO] Part 35719730 NOT FOUND: autocomplete could not resolve exact part
2026-04-15 16:27:13,420 [INFO] [676/948] 35719730 | NOT FOUND (Not found in autocomplete)
2026-04-15 16:27:13,771 [INFO] [679/948] 60988153 | Attempt 1 started
2026-04-15 16:27:13,771 [INFO] Starting scrape for part 60988153
2026-04-15 16:27:13,789 [INFO] Autocomplete for 35719735 returned 0 product candidates
2026-04-15 16:27:13,792 [INFO] Part 35719735 NOT FOUND: autocomplete could not resolve exact part
2026-04-15 16:27:13,793 [INFO] [677/948] 35719735 | NOT FOUND (Not found in autocomplete)
2026-04-15 16:27:14,023 [INFO] Autocomplete for E6S24D40MT5A returned 0 product candidates
2026-04-15 16:27:14,025 [INFO] Part E6S24D40MT5A NOT FOUND: autocomplete could not resolve exact part
2026-04-15 16:27:14,025 [INFO] [661/948] E6S24D40MT5A | NOT FOUND (Not found in autocomplete)
2026-04-15 16:27:14,143 [INFO] [680/948] 60988435 | Attempt 1 started
2026-04-15 16:27:14,143 [INFO] Starting scrape for part 60988435
2026-04-15 16:27:14,202 [INFO] Autocomplete for 60988153 returned 0 product candidates
2026-04-15 16:27:14,202 [INFO] Part 60988153 NOT FOUND: autocomplete could not resolve exact part
2026-04-15 16:27:14,203 [INFO] [679/948] 60988153 | NOT FOUND (Not found in autocomplete)
2026-04-15 16:27:14,376 [INFO] [681/948] 60989148 | Attempt 1 started
2026-04-15 16:27:14,377 [INFO] Starting scrape for part 60989148
2026-04-15 16:27:14,383 [INFO] Autocomplete for E6K10A1BZZ5 returned 0 product candidates
2026-04-15 16:27:14,389 [INFO] Part E6K10A1BZZ5 NOT FOUND: autocomplete could not resolve exact part
2026-04-15 16:27:14,389 [INFO] [664/948] E6K10A1BZZ5 | NOT FOUND (Not found in autocomplete)
2026-04-15 16:27:14,554 [INFO] [682/948] 60988443 | Attempt 1 started
2026-04-15 16:27:14,554 [INFO] Starting scrape for part 60988443
2026-04-15 16:27:14,629 [INFO] Autocomplete for 60988435 returned 0 product candidates
2026-04-15 16:27:14,630 [INFO] Part 60988435 NOT FOUND: autocomplete could not resolve exact part
2026-04-15 16:27:14,630 [INFO] [680/948] 60988435 | NOT FOUND (Not found in autocomplete)
2026-04-15 16:27:14,655 [INFO] Autocomplete for E6K10A1BZ40 returned 0 product candidates
2026-04-15 16:27:14,658 [INFO] Part E6K10A1BZ40 NOT FOUND: autocomplete could not resolve exact part
2026-04-15 16:27:14,658 [INFO] [670/948] E6K10A1BZ40 | NOT FOUND (Not found in autocomplete)
2026-04-15 16:27:14,740 [INFO] [683/948] 60989004 | Attempt 1 started
2026-04-15 16:27:14,740 [INFO] Starting scrape for part 60989004
2026-04-15 16:27:14,776 [INFO] Autocomplete for E6K10A1CA20L returned 0 product candidates
2026-04-15 16:27:14,781 [INFO] Part E6K10A1CA20L NOT FOUND: autocomplete could not resolve exact part
2026-04-15 16:27:14,781 [INFO] [665/948] E6K10A1CA20L | NOT FOUND (Not found in autocomplete)
2026-04-15 16:27:14,980 [INFO] [684/948] 60989012 | Attempt 1 started
2026-04-15 16:27:14,981 [INFO] Starting scrape for part 60989012
2026-04-15 16:27:15,009 [INFO] [685/948] 60990610 | Attempt 1 started
2026-04-15 16:27:15,010 [INFO] Starting scrape for part 60990610
2026-04-15 16:27:15,022 [INFO] Autocomplete for 60988443 returned 0 product candidates
2026-04-15 16:27:15,024 [INFO] Part 60988443 NOT FOUND: autocomplete could not resolve exact part
2026-04-15 16:27:15,024 [INFO] [682/948] 60988443 | NOT FOUND (Not found in autocomplete)
2026-04-15 16:27:15,132 [INFO] [686/948] 60989046 | Attempt 1 started
2026-04-15 16:27:15,132 [INFO] Starting scrape for part 60989046
2026-04-15 16:27:15,188 [INFO] Autocomplete for 60989004 returned 0 product candidates
2026-04-15 16:27:15,190 [INFO] Part 60989004 NOT FOUND: autocomplete could not resolve exact part
2026-04-15 16:27:15,190 [INFO] [683/948] 60989004 | NOT FOUND (Not found in autocomplete)
2026-04-15 16:27:15,374 [INFO] [687/948] 60989120 | Attempt 1 started
2026-04-15 16:27:15,375 [INFO] Starting scrape for part 60989120
2026-04-15 16:27:15,480 [INFO] Autocomplete for 60989012 returned 0 product candidates
2026-04-15 16:27:15,482 [INFO] Part 60989012 NOT FOUND: autocomplete could not resolve exact part
2026-04-15 16:27:15,482 [INFO] [684/948] 60989012 | NOT FOUND (Not found in autocomplete)
2026-04-15 16:27:15,541 [INFO] [688/948] 60989129 | Attempt 1 started
2026-04-15 16:27:15,542 [INFO] Starting scrape for part 60989129
2026-04-15 16:27:15,560 [INFO] Autocomplete for 35719762 returned 0 product candidates
2026-04-15 16:27:15,564 [INFO] Part 35719762 NOT FOUND: autocomplete could not resolve exact part
2026-04-15 16:27:15,564 [INFO] [671/948] 35719762 | NOT FOUND (Not found in autocomplete)
2026-04-15 16:27:15,726 [INFO] Autocomplete for 60989046 returned 0 product candidates
2026-04-15 16:27:15,729 [INFO] Part 60989046 NOT FOUND: autocomplete could not resolve exact part
2026-04-15 16:27:15,729 [INFO] [686/948] 60989046 | NOT FOUND (Not found in autocomplete)
2026-04-15 16:27:15,833 [INFO] [689/948] 60989079 | Attempt 1 started
2026-04-15 16:27:15,834 [INFO] Starting scrape for part 60989079
2026-04-15 16:27:15,919 [INFO] [690/948] 60988828 | Attempt 1 started
2026-04-15 16:27:15,919 [INFO] Starting scrape for part 60988828
2026-04-15 16:27:15,936 [INFO] Autocomplete for 60989120 returned 0 product candidates
2026-04-15 16:27:15,944 [INFO] Part 60989120 NOT FOUND: autocomplete could not resolve exact part
2026-04-15 16:27:15,944 [INFO] [687/948] 60989120 | NOT FOUND (Not found in autocomplete)
2026-04-15 16:27:16,067 [INFO] Autocomplete for 35719728 returned 0 product candidates
2026-04-15 16:27:16,069 [INFO] Part 35719728 NOT FOUND: autocomplete could not resolve exact part
2026-04-15 16:27:16,069 [INFO] [675/948] 35719728 | NOT FOUND (Not found in autocomplete)
2026-04-15 16:27:16,080 [INFO] [691/948] 61897456 | Attempt 1 started
2026-04-15 16:27:16,080 [INFO] Starting scrape for part 61897456
2026-04-15 16:27:16,295 [INFO] [692/948] 61897457 | Attempt 1 started
2026-04-15 16:27:16,296 [INFO] Starting scrape for part 61897457
2026-04-15 16:27:16,332 [INFO] Autocomplete for 35719839 returned 0 product candidates
2026-04-15 16:27:16,336 [INFO] Part 35719839 NOT FOUND: autocomplete could not resolve exact part
2026-04-15 16:27:16,336 [INFO] [674/948] 35719839 | NOT FOUND (Not found in autocomplete)
2026-04-15 16:27:16,420 [INFO] [693/948] 61897458 | Attempt 1 started
2026-04-15 16:27:16,420 [INFO] Starting scrape for part 61897458
2026-04-15 16:27:16,472 [INFO] Autocomplete for 60988828 returned 0 product candidates
2026-04-15 16:27:16,476 [INFO] Part 60988828 NOT FOUND: autocomplete could not resolve exact part
2026-04-15 16:27:16,477 [INFO] [690/948] 60988828 | NOT FOUND (Not found in autocomplete)
2026-04-15 16:27:16,524 [INFO] Autocomplete for 61897456 returned 0 product candidates
2026-04-15 16:27:16,525 [INFO] Part 61897456 NOT FOUND: autocomplete could not resolve exact part
2026-04-15 16:27:16,525 [INFO] [691/948] 61897456 | NOT FOUND (Not found in autocomplete)
2026-04-15 16:27:16,687 [INFO] [694/948] 61897459 | Attempt 1 started
2026-04-15 16:27:16,687 [INFO] Starting scrape for part 61897459
2026-04-15 16:27:16,827 [INFO] [695/948] 61897460 | Attempt 1 started
2026-04-15 16:27:16,828 [INFO] Starting scrape for part 61897460
2026-04-15 16:27:16,874 [INFO] Autocomplete for 61897458 returned 0 product candidates
2026-04-15 16:27:16,890 [INFO] Part 61897458 NOT FOUND: autocomplete could not resolve exact part
2026-04-15 16:27:16,890 [INFO] [693/948] 61897458 | NOT FOUND (Not found in autocomplete)
2026-04-15 16:27:16,890 [INFO] [696/948] 60985237 | Attempt 1 started
2026-04-15 16:27:16,911 [INFO] Starting scrape for part 60985237
2026-04-15 16:27:16,959 [INFO] Autocomplete for 60988988 returned 0 product candidates
2026-04-15 16:27:16,960 [INFO] Part 60988988 NOT FOUND: autocomplete could not resolve exact part
2026-04-15 16:27:16,961 [INFO] [678/948] 60988988 | NOT FOUND (Not found in autocomplete)
2026-04-15 16:27:17,241 [INFO] [697/948] 60985240 | Attempt 1 started
2026-04-15 16:27:17,241 [INFO] Starting scrape for part 60985240
2026-04-15 16:27:17,281 [INFO] Autocomplete for 61897460 returned 0 product candidates
2026-04-15 16:27:17,284 [INFO] Part 61897460 NOT FOUND: autocomplete could not resolve exact part
2026-04-15 16:27:17,284 [INFO] [695/948] 61897460 | NOT FOUND (Not found in autocomplete)
2026-04-15 16:27:17,314 [INFO] [698/948] 60984610 | Attempt 1 started
2026-04-15 16:27:17,314 [INFO] Starting scrape for part 60984610
2026-04-15 16:27:17,635 [INFO] [699/948] 61897685 | Attempt 1 started
2026-04-15 16:27:17,635 [INFO] Starting scrape for part 61897685
2026-04-15 16:27:18,189 [INFO] Autocomplete for 60989148 returned 0 product candidates
2026-04-15 16:27:18,190 [INFO] Part 60989148 NOT FOUND: autocomplete could not resolve exact part
2026-04-15 16:27:18,190 [INFO] [681/948] 60989148 | NOT FOUND (Not found in autocomplete)
2026-04-15 16:27:18,541 [INFO] [700/948] 60984798 | Attempt 1 started
2026-04-15 16:27:18,542 [INFO] Starting scrape for part 60984798
2026-04-15 16:27:37,849 [INFO] Autocomplete for 61897457 returned 0 product candidates
2026-04-15 16:27:37,852 [INFO] Autocomplete for 60985240 returned 0 product candidates
2026-04-15 16:27:37,855 [INFO] Autocomplete for 60989079 returned 0 product candidates
2026-04-15 16:27:37,857 [INFO] Autocomplete for 60984610 returned 0 product candidates
2026-04-15 16:27:37,862 [INFO] Autocomplete for 60990610 returned 0 product candidates
2026-04-15 16:27:37,863 [INFO] Autocomplete for 61897685 returned 0 product candidates
2026-04-15 16:27:37,865 [INFO] Part 61897457 NOT FOUND: autocomplete could not resolve exact part
2026-04-15 16:27:37,866 [INFO] Autocomplete for 60985237 returned 0 product candidates
2026-04-15 16:27:37,867 [INFO] Part 60985240 NOT FOUND: autocomplete could not resolve exact part
2026-04-15 16:27:37,868 [INFO] Autocomplete for 61897459 returned 0 product candidates
2026-04-15 16:27:37,869 [INFO] Autocomplete for 60989129 returned 0 product candidates
2026-04-15 16:27:37,870 [INFO] [692/948] 61897457 | NOT FOUND (Not found in autocomplete)
2026-04-15 16:27:37,871 [INFO] Part 60989079 NOT FOUND: autocomplete could not resolve exact part
2026-04-15 16:27:37,871 [INFO] Part 61897685 NOT FOUND: autocomplete could not resolve exact part
2026-04-15 16:27:37,872 [INFO] Part 60990610 NOT FOUND: autocomplete could not resolve exact part
2026-04-15 16:27:37,872 [INFO] [697/948] 60985240 | NOT FOUND (Not found in autocomplete)
2026-04-15 16:27:37,873 [INFO] [689/948] 60989079 | NOT FOUND (Not found in autocomplete)
2026-04-15 16:27:37,873 [INFO] [699/948] 61897685 | NOT FOUND (Not found in autocomplete)
2026-04-15 16:27:37,873 [INFO] [685/948] 60990610 | NOT FOUND (Not found in autocomplete)
2026-04-15 16:27:37,874 [INFO] Part 60984610 NOT FOUND: autocomplete could not resolve exact part
2026-04-15 16:27:37,875 [INFO] [698/948] 60984610 | NOT FOUND (Not found in autocomplete)
2026-04-15 16:27:37,876 [INFO] Part 60989129 NOT FOUND: autocomplete could not resolve exact part
2026-04-15 16:27:37,876 [INFO] Part 61897459 NOT FOUND: autocomplete could not resolve exact part
2026-04-15 16:27:37,876 [INFO] [688/948] 60989129 | NOT FOUND (Not found in autocomplete)
2026-04-15 16:27:37,877 [INFO] [694/948] 61897459 | NOT FOUND (Not found in autocomplete)
2026-04-15 16:27:37,878 [INFO] Part 60985237 NOT FOUND: autocomplete could not resolve exact part
2026-04-15 16:27:37,878 [INFO] [696/948] 60985237 | NOT FOUND (Not found in autocomplete)
2026-04-15 16:27:38,223 [INFO] [701/948] 60985264 | Attempt 1 started
2026-04-15 16:27:38,224 [INFO] Starting scrape for part 60985264
2026-04-15 16:27:38,224 [INFO] [702/948] 60986420 | Attempt 1 started
2026-04-15 16:27:38,225 [INFO] Starting scrape for part 60986420
2026-04-15 16:27:38,225 [INFO] [703/948] 22984941 | Attempt 1 started
2026-04-15 16:27:38,225 [INFO] [704/948] 22984961 | Attempt 1 started
2026-04-15 16:27:38,225 [INFO] [705/948] 22985091 | Attempt 1 started
2026-04-15 16:27:38,226 [INFO] [706/948] 22985061 | Attempt 1 started
2026-04-15 16:27:38,227 [INFO] Starting scrape for part 22985061
2026-04-15 16:27:38,226 [INFO] Starting scrape for part 22984961
2026-04-15 16:27:38,227 [INFO] Starting scrape for part 22985091
2026-04-15 16:27:38,226 [INFO] Starting scrape for part 22984941
2026-04-15 16:27:38,228 [INFO] [707/948] 22985081 | Attempt 1 started
2026-04-15 16:27:38,228 [INFO] [708/948] 22981161 | Attempt 1 started
2026-04-15 16:27:38,229 [INFO] [709/948] 22981211 | Attempt 1 started
2026-04-15 16:27:38,234 [INFO] Starting scrape for part 22985081
2026-04-15 16:27:38,234 [INFO] Starting scrape for part 22981161
2026-04-15 16:27:38,235 [INFO] Starting scrape for part 22981211
2026-04-15 16:27:38,899 [INFO] Autocomplete for 22984941 returned 1 product candidates
2026-04-15 16:27:38,899 [INFO] Matched part 22984941 with Arrow fullPart=2298494-1 partSeo=2298494-1_1 mfrSeo=te-connectivity
2026-04-15 16:27:38,911 [INFO] Autocomplete for 22985081 returned 1 product candidates
2026-04-15 16:27:38,911 [INFO] Matched part 22985081 with Arrow fullPart=2298508-1 partSeo=2298508-1 mfrSeo=te-connectivity
2026-04-15 16:27:38,913 [INFO] Autocomplete for 22984961 returned 1 product candidates
2026-04-15 16:27:38,913 [INFO] Matched part 22984961 with Arrow fullPart=2298496-1 partSeo=2298496-1_1 mfrSeo=te-connectivity
2026-04-15 16:27:39,119 [INFO] Autocomplete for 22985061 returned 1 product candidates
2026-04-15 16:27:39,120 [INFO] Matched part 22985061 with Arrow fullPart=2298506-1 partSeo=2298506-1 mfrSeo=te-connectivity
2026-04-15 16:27:40,269 [INFO] Autocomplete for 60984798 returned 0 product candidates
2026-04-15 16:27:40,270 [INFO] Part 60984798 NOT FOUND: autocomplete could not resolve exact part
2026-04-15 16:27:40,270 [INFO] [700/948] 60984798 | NOT FOUND (Not found in autocomplete)
2026-04-15 16:27:40,621 [INFO] [710/948] 22981261 | Attempt 1 started
2026-04-15 16:27:40,621 [INFO] Starting scrape for part 22981261
2026-04-15 16:27:40,975 [INFO] Autocomplete for 22981211 returned 1 product candidates
2026-04-15 16:27:40,976 [INFO] Autocomplete for 22985091 returned 1 product candidates
2026-04-15 16:27:40,976 [INFO] Matched part 22981211 with Arrow fullPart=2298121-1 partSeo=2298121-1 mfrSeo=te-connectivity
2026-04-15 16:27:40,976 [INFO] Autocomplete for 60985264 returned 0 product candidates
2026-04-15 16:27:40,977 [INFO] Matched part 22985091 with Arrow fullPart=2298509-1 partSeo=2298509-1_1 mfrSeo=te-connectivity
2026-04-15 16:27:40,979 [INFO] Part 60985264 NOT FOUND: autocomplete could not resolve exact part
2026-04-15 16:27:40,979 [INFO] [701/948] 60985264 | NOT FOUND (Not found in autocomplete)
2026-04-15 16:27:41,211 [INFO] Autocomplete for 22981161 returned 1 product candidates
2026-04-15 16:27:41,212 [INFO] Matched part 22981161 with Arrow fullPart=2298116-1 partSeo=2298116-1 mfrSeo=te-connectivity
2026-04-15 16:27:41,240 [INFO] Autocomplete for 60986420 returned 0 product candidates
2026-04-15 16:27:41,242 [INFO] Part 60986420 NOT FOUND: autocomplete could not resolve exact part
2026-04-15 16:27:41,242 [INFO] [702/948] 60986420 | NOT FOUND (Not found in autocomplete)
2026-04-15 16:27:41,337 [INFO] [711/948] 22981231 | Attempt 1 started
2026-04-15 16:27:41,337 [INFO] Starting scrape for part 22981231
2026-04-15 16:27:41,592 [INFO] [712/948] 22981251 | Attempt 1 started
2026-04-15 16:27:41,592 [INFO] Starting scrape for part 22981251
2026-04-15 16:27:42,133 [INFO] [707/948] 22985081 | FOUND
2026-04-15 16:27:42,335 [INFO] [706/948] 22985061 | FOUND
2026-04-15 16:27:42,414 [INFO] [703/948] 22984941 | FOUND
2026-04-15 16:27:42,439 [INFO] [704/948] 22984961 | FOUND
2026-04-15 16:27:42,483 [INFO] [713/948] AMK12A10290Z | Attempt 1 started
2026-04-15 16:27:42,483 [INFO] Starting scrape for part AMK12A10290Z
2026-04-15 16:27:42,686 [INFO] [714/948] AMK12A10222Z | Attempt 1 started
2026-04-15 16:27:42,686 [INFO] Starting scrape for part AMK12A10222Z
2026-04-15 16:27:42,764 [INFO] [715/948] AMK12A10240Z | Attempt 1 started
2026-04-15 16:27:42,764 [INFO] Starting scrape for part AMK12A10240Z
2026-04-15 16:27:42,789 [INFO] [716/948] AMS11A10290Z | Attempt 1 started
2026-04-15 16:27:42,790 [INFO] Starting scrape for part AMS11A10290Z
2026-04-15 16:27:43,071 [INFO] Autocomplete for AMK12A10222Z returned 0 product candidates
2026-04-15 16:27:43,073 [INFO] Part AMK12A10222Z NOT FOUND: autocomplete could not resolve exact part
2026-04-15 16:27:43,073 [INFO] [714/948] AMK12A10222Z | NOT FOUND (Not found in autocomplete)
2026-04-15 16:27:43,158 [INFO] Autocomplete for 22981261 returned 1 product candidates
2026-04-15 16:27:43,158 [INFO] Matched part 22981261 with Arrow fullPart=2298126-1 partSeo=2298126-1 mfrSeo=te-connectivity
2026-04-15 16:27:43,222 [INFO] Autocomplete for AMK12A10240Z returned 0 product candidates
2026-04-15 16:27:43,248 [INFO] Part AMK12A10240Z NOT FOUND: autocomplete could not resolve exact part
2026-04-15 16:27:43,248 [INFO] [715/948] AMK12A10240Z | NOT FOUND (Not found in autocomplete)
2026-04-15 16:27:43,424 [INFO] [717/948] AMS11A10222Z | Attempt 1 started
2026-04-15 16:27:43,425 [INFO] Starting scrape for part AMS11A10222Z
2026-04-15 16:27:43,599 [INFO] [718/948] AMK12A1M493Z | Attempt 1 started
2026-04-15 16:27:43,600 [INFO] Starting scrape for part AMK12A1M493Z
2026-04-15 16:27:43,656 [INFO] [709/948] 22981211 | FOUND
2026-04-15 16:27:43,821 [INFO] Autocomplete for 22981231 returned 1 product candidates
2026-04-15 16:27:43,822 [INFO] Matched part 22981231 with Arrow fullPart=2298123-1 partSeo=2298123-1 mfrSeo=te-connectivity
2026-04-15 16:27:44,007 [INFO] [719/948] AMK12A1M426Z | Attempt 1 started
2026-04-15 16:27:44,007 [INFO] Starting scrape for part AMK12A1M426Z
2026-04-15 16:27:44,275 [INFO] Autocomplete for 22981251 returned 1 product candidates
2026-04-15 16:27:44,276 [INFO] Matched part 22981251 with Arrow fullPart=2298125-1 partSeo=2298125-1 mfrSeo=te-connectivity
2026-04-15 16:27:44,439 [INFO] [708/948] 22981161 | FOUND
2026-04-15 16:27:44,709 [INFO] [705/948] 22985091 | FOUND
2026-04-15 16:27:44,789 [INFO] [720/948] AMK12A1M441Z | Attempt 1 started
2026-04-15 16:27:44,790 [INFO] Starting scrape for part AMK12A1M441Z
2026-04-15 16:27:44,994 [INFO] Autocomplete for AMK12A10290Z returned 0 product candidates
2026-04-15 16:27:44,996 [INFO] Part AMK12A10290Z NOT FOUND: autocomplete could not resolve exact part
2026-04-15 16:27:44,996 [INFO] [713/948] AMK12A10290Z | NOT FOUND (Not found in autocomplete)
2026-04-15 16:27:45,060 [INFO] [721/948] AMS11A1M490Z | Attempt 1 started
2026-04-15 16:27:45,060 [INFO] Starting scrape for part AMS11A1M490Z
2026-04-15 16:27:45,282 [INFO] Autocomplete for AMK12A1M441Z returned 0 product candidates
2026-04-15 16:27:45,283 [INFO] Part AMK12A1M441Z NOT FOUND: autocomplete could not resolve exact part
2026-04-15 16:27:45,283 [INFO] [720/948] AMK12A1M441Z | NOT FOUND (Not found in autocomplete)
2026-04-15 16:27:45,346 [INFO] [722/948] AMS11A1M421Z | Attempt 1 started
2026-04-15 16:27:45,347 [INFO] Starting scrape for part AMS11A1M421Z
2026-04-15 16:27:45,447 [INFO] Autocomplete for AMS11A10290Z returned 0 product candidates
2026-04-15 16:27:45,450 [INFO] Part AMS11A10290Z NOT FOUND: autocomplete could not resolve exact part
2026-04-15 16:27:45,450 [INFO] [716/948] AMS11A10290Z | NOT FOUND (Not found in autocomplete)
2026-04-15 16:27:45,547 [INFO] Autocomplete for AMS11A1M490Z returned 0 product candidates
2026-04-15 16:27:45,548 [INFO] Part AMS11A1M490Z NOT FOUND: autocomplete could not resolve exact part
2026-04-15 16:27:45,548 [INFO] [721/948] AMS11A1M490Z | NOT FOUND (Not found in autocomplete)
2026-04-15 16:27:45,633 [INFO] [723/948] AMK12A1M440Z | Attempt 1 started
2026-04-15 16:27:45,633 [INFO] Starting scrape for part AMK12A1M440Z
2026-04-15 16:27:45,801 [INFO] [724/948] AMK12A1AX90Z | Attempt 1 started
2026-04-15 16:27:45,801 [INFO] Starting scrape for part AMK12A1AX90Z
2026-04-15 16:27:45,899 [INFO] [725/948] AMK12A1AX21Z | Attempt 1 started
2026-04-15 16:27:45,899 [INFO] Starting scrape for part AMK12A1AX21Z
2026-04-15 16:27:45,981 [INFO] Autocomplete for AMS11A10222Z returned 0 product candidates
2026-04-15 16:27:45,993 [INFO] Part AMS11A10222Z NOT FOUND: autocomplete could not resolve exact part
2026-04-15 16:27:45,993 [INFO] [717/948] AMS11A10222Z | NOT FOUND (Not found in autocomplete)
2026-04-15 16:27:46,136 [INFO] Autocomplete for AMK12A1M493Z returned 0 product candidates
2026-04-15 16:27:46,138 [INFO] Part AMK12A1M493Z NOT FOUND: autocomplete could not resolve exact part
2026-04-15 16:27:46,141 [INFO] [718/948] AMK12A1M493Z | NOT FOUND (Not found in autocomplete)
2026-04-15 16:27:46,167 [INFO] [710/948] 22981261 | FOUND
2026-04-15 16:27:46,285 [INFO] Autocomplete for AMK12A1AX90Z returned 0 product candidates
2026-04-15 16:27:46,288 [INFO] Part AMK12A1AX90Z NOT FOUND: autocomplete could not resolve exact part
2026-04-15 16:27:46,288 [INFO] [724/948] AMK12A1AX90Z | NOT FOUND (Not found in autocomplete)
2026-04-15 16:27:46,344 [INFO] [726/948] AMK12A1AX41Z | Attempt 1 started
2026-04-15 16:27:46,344 [INFO] Starting scrape for part AMK12A1AX41Z
2026-04-15 16:27:46,452 [INFO] [711/948] 22981231 | FOUND
2026-04-15 16:27:46,491 [INFO] [727/948] AMS11A1AX90Z | Attempt 1 started
2026-04-15 16:27:46,492 [INFO] Starting scrape for part AMS11A1AX90Z
2026-04-15 16:27:46,517 [INFO] [728/948] AMS11A1AX21Z | Attempt 1 started
2026-04-15 16:27:46,517 [INFO] Starting scrape for part AMS11A1AX21Z
2026-04-15 16:27:46,544 [INFO] Autocomplete for AMK12A1M426Z returned 0 product candidates
2026-04-15 16:27:46,545 [INFO] Part AMK12A1M426Z NOT FOUND: autocomplete could not resolve exact part
2026-04-15 16:27:46,545 [INFO] [719/948] AMK12A1M426Z | NOT FOUND (Not found in autocomplete)
2026-04-15 16:27:46,639 [INFO] [729/948] 2327551223275501 | Attempt 1 started
2026-04-15 16:27:46,639 [INFO] Starting scrape for part 2327551223275501
2026-04-15 16:27:46,803 [INFO] [730/948] 23275542 | Attempt 1 started
2026-04-15 16:27:46,803 [INFO] Starting scrape for part 23275542
2026-04-15 16:27:46,842 [INFO] Autocomplete for AMK12A1AX41Z returned 0 product candidates
2026-04-15 16:27:46,845 [INFO] Part AMK12A1AX41Z NOT FOUND: autocomplete could not resolve exact part
2026-04-15 16:27:46,845 [INFO] [726/948] AMK12A1AX41Z | NOT FOUND (Not found in autocomplete)
2026-04-15 16:27:46,896 [INFO] [731/948] 22985092 | Attempt 1 started
2026-04-15 16:27:46,912 [INFO] Starting scrape for part 22985092
2026-04-15 16:27:47,196 [INFO] [732/948] 2327551223275503 | Attempt 1 started
2026-04-15 16:27:47,197 [INFO] Starting scrape for part 2327551223275503
2026-04-15 16:27:47,626 [INFO] [712/948] 22981251 | FOUND
2026-04-15 16:27:47,976 [INFO] [733/948] 2327551123275501 | Attempt 1 started
2026-04-15 16:27:47,977 [INFO] Starting scrape for part 2327551123275501
2026-04-15 16:27:48,048 [INFO] Autocomplete for AMK12A1M440Z returned 0 product candidates
2026-04-15 16:27:48,051 [INFO] Part AMK12A1M440Z NOT FOUND: autocomplete could not resolve exact part
2026-04-15 16:27:48,051 [INFO] [723/948] AMK12A1M440Z | NOT FOUND (Not found in autocomplete)
2026-04-15 16:27:48,402 [INFO] [734/948] 23275541 | Attempt 1 started
2026-04-15 16:27:48,402 [INFO] Starting scrape for part 23275541
2026-04-15 16:27:48,484 [INFO] Autocomplete for 2327551123275501 returned 0 product candidates
2026-04-15 16:27:48,485 [INFO] Part 2327551123275501 NOT FOUND: autocomplete could not resolve exact part
2026-04-15 16:27:48,485 [INFO] [733/948] 2327551123275501 | NOT FOUND (Not found in autocomplete)
2026-04-15 16:27:48,578 [INFO] Autocomplete for AMS11A1M421Z returned 0 product candidates
2026-04-15 16:27:48,580 [INFO] Part AMS11A1M421Z NOT FOUND: autocomplete could not resolve exact part
2026-04-15 16:27:48,580 [INFO] [722/948] AMS11A1M421Z | NOT FOUND (Not found in autocomplete)
2026-04-15 16:27:48,836 [INFO] [735/948] 2327551123275503 | Attempt 1 started
2026-04-15 16:27:48,836 [INFO] Starting scrape for part 2327551123275503
2026-04-15 16:27:48,873 [INFO] Autocomplete for 23275541 returned 1 product candidates
2026-04-15 16:27:48,873 [INFO] Matched part 23275541 with Arrow fullPart=2327554-1 partSeo=2327554-1 mfrSeo=te-connectivity
2026-04-15 16:27:48,931 [INFO] [736/948] AMK21A1M4Z5 | Attempt 1 started
2026-04-15 16:27:48,932 [INFO] Starting scrape for part AMK21A1M4Z5
2026-04-15 16:27:49,193 [INFO] Autocomplete for AMK12A1AX21Z returned 0 product candidates
2026-04-15 16:27:49,196 [INFO] Part AMK12A1AX21Z NOT FOUND: autocomplete could not resolve exact part
2026-04-15 16:27:49,196 [INFO] [725/948] AMK12A1AX21Z | NOT FOUND (Not found in autocomplete)
2026-04-15 16:27:49,280 [INFO] Autocomplete for 2327551123275503 returned 0 product candidates
2026-04-15 16:27:49,284 [INFO] Part 2327551123275503 NOT FOUND: autocomplete could not resolve exact part
2026-04-15 16:27:49,284 [INFO] [735/948] 2327551123275503 | NOT FOUND (Not found in autocomplete)
2026-04-15 16:27:49,546 [INFO] [737/948] AMK21A1M421Z | Attempt 1 started
2026-04-15 16:27:49,547 [INFO] Starting scrape for part AMK21A1M421Z
2026-04-15 16:27:49,635 [INFO] [738/948] AMK21D1M4Z5 | Attempt 1 started
2026-04-15 16:27:49,635 [INFO] Starting scrape for part AMK21D1M4Z5
2026-04-15 16:27:49,652 [INFO] Autocomplete for AMS11A1AX90Z returned 0 product candidates
2026-04-15 16:27:49,653 [INFO] Part AMS11A1AX90Z NOT FOUND: autocomplete could not resolve exact part
2026-04-15 16:27:49,654 [INFO] [727/948] AMS11A1AX90Z | NOT FOUND (Not found in autocomplete)
2026-04-15 16:27:49,982 [INFO] Autocomplete for AMS11A1AX21Z returned 0 product candidates
2026-04-15 16:27:49,984 [INFO] Part AMS11A1AX21Z NOT FOUND: autocomplete could not resolve exact part
2026-04-15 16:27:49,984 [INFO] [728/948] AMS11A1AX21Z | NOT FOUND (Not found in autocomplete)
2026-04-15 16:27:50,004 [INFO] [739/948] AMK21D1M421Z | Attempt 1 started
2026-04-15 16:27:50,005 [INFO] Starting scrape for part AMK21D1M421Z
2026-04-15 16:27:50,021 [INFO] Autocomplete for AMK21A1M421Z returned 0 product candidates
2026-04-15 16:27:50,024 [INFO] Part AMK21A1M421Z NOT FOUND: autocomplete could not resolve exact part
2026-04-15 16:27:50,025 [INFO] [737/948] AMK21A1M421Z | NOT FOUND (Not found in autocomplete)
2026-04-15 16:27:50,110 [INFO] Autocomplete for AMK21D1M4Z5 returned 0 product candidates
2026-04-15 16:27:50,111 [INFO] Part AMK21D1M4Z5 NOT FOUND: autocomplete could not resolve exact part
2026-04-15 16:27:50,111 [INFO] [738/948] AMK21D1M4Z5 | NOT FOUND (Not found in autocomplete)
2026-04-15 16:27:50,115 [INFO] Autocomplete for 2327551223275501 returned 0 product candidates
2026-04-15 16:27:50,116 [INFO] Part 2327551223275501 NOT FOUND: autocomplete could not resolve exact part
2026-04-15 16:27:50,116 [INFO] [729/948] 2327551223275501 | NOT FOUND (Not found in autocomplete)
2026-04-15 16:27:50,175 [INFO] Autocomplete for 23275542 returned 1 product candidates
2026-04-15 16:27:50,175 [INFO] Matched part 23275542 with Arrow fullPart=2327554-2 partSeo=2327554-2 mfrSeo=te-connectivity
2026-04-15 16:27:50,334 [INFO] [740/948] AMK21A1AXZ5 | Attempt 1 started
2026-04-15 16:27:50,335 [INFO] Starting scrape for part AMK21A1AXZ5
2026-04-15 16:27:50,375 [INFO] [741/948] AMK21A1AX21Z | Attempt 1 started
2026-04-15 16:27:50,376 [INFO] Starting scrape for part AMK21A1AX21Z
2026-04-15 16:27:50,462 [INFO] [742/948] AMK21D1AXZ5 | Attempt 1 started
2026-04-15 16:27:50,462 [INFO] Starting scrape for part AMK21D1AXZ5
2026-04-15 16:27:50,467 [INFO] [743/948] AMK21D1AX21Z | Attempt 1 started
2026-04-15 16:27:50,467 [INFO] Starting scrape for part AMK21D1AX21Z
2026-04-15 16:27:50,496 [INFO] Autocomplete for 22985092 returned 1 product candidates
2026-04-15 16:27:50,497 [INFO] Matched part 22985092 with Arrow fullPart=2298509-2 partSeo=2298509-2 mfrSeo=te-connectivity
2026-04-15 16:27:50,557 [INFO] Autocomplete for 2327551223275503 returned 0 product candidates
2026-04-15 16:27:50,571 [INFO] Part 2327551223275503 NOT FOUND: autocomplete could not resolve exact part
2026-04-15 16:27:50,579 [INFO] [732/948] 2327551223275503 | NOT FOUND (Not found in autocomplete)
2026-04-15 16:27:50,821 [INFO] Autocomplete for AMK21A1AXZ5 returned 0 product candidates
2026-04-15 16:27:50,823 [INFO] Part AMK21A1AXZ5 NOT FOUND: autocomplete could not resolve exact part
2026-04-15 16:27:50,823 [INFO] [740/948] AMK21A1AXZ5 | NOT FOUND (Not found in autocomplete)
2026-04-15 16:27:50,930 [INFO] [744/948] 22821501 | Attempt 1 started
2026-04-15 16:27:50,930 [INFO] Starting scrape for part 22821501
2026-04-15 16:27:50,934 [INFO] Autocomplete for AMK21D1AXZ5 returned 0 product candidates
2026-04-15 16:27:50,936 [INFO] Part AMK21D1AXZ5 NOT FOUND: autocomplete could not resolve exact part
2026-04-15 16:27:50,936 [INFO] [742/948] AMK21D1AXZ5 | NOT FOUND (Not found in autocomplete)
2026-04-15 16:27:50,964 [INFO] Autocomplete for AMK21D1AX21Z returned 0 product candidates
2026-04-15 16:27:50,968 [INFO] Part AMK21D1AX21Z NOT FOUND: autocomplete could not resolve exact part
2026-04-15 16:27:50,968 [INFO] [743/948] AMK21D1AX21Z | NOT FOUND (Not found in autocomplete)
2026-04-15 16:27:51,173 [INFO] [745/948] 22821502 | Attempt 1 started
2026-04-15 16:27:51,174 [INFO] Starting scrape for part 22821502
2026-04-15 16:27:51,287 [INFO] [746/948] 22821503 | Attempt 1 started
2026-04-15 16:27:51,287 [INFO] Starting scrape for part 22821503
2026-04-15 16:27:51,319 [INFO] [747/948] 22821504 | Attempt 1 started
2026-04-15 16:27:51,319 [INFO] Starting scrape for part 22821504
2026-04-15 16:27:51,423 [INFO] Autocomplete for 22821501 returned 1 product candidates
2026-04-15 16:27:51,424 [INFO] Matched part 22821501 with Arrow fullPart=2282150-1 partSeo=2282150-1 mfrSeo=te-connectivity
2026-04-15 16:27:51,779 [INFO] [734/948] 23275541 | FOUND
2026-04-15 16:27:52,130 [INFO] [748/948] 22821511 | Attempt 1 started
2026-04-15 16:27:52,131 [INFO] Starting scrape for part 22821511
2026-04-15 16:27:52,442 [INFO] Autocomplete for AMK21A1M4Z5 returned 0 product candidates
2026-04-15 16:27:52,443 [INFO] Part AMK21A1M4Z5 NOT FOUND: autocomplete could not resolve exact part
2026-04-15 16:27:52,444 [INFO] [736/948] AMK21A1M4Z5 | NOT FOUND (Not found in autocomplete)
2026-04-15 16:27:52,472 [INFO] Autocomplete for AMK21D1M421Z returned 0 product candidates
2026-04-15 16:27:52,473 [INFO] Part AMK21D1M421Z NOT FOUND: autocomplete could not resolve exact part
2026-04-15 16:27:52,473 [INFO] [739/948] AMK21D1M421Z | NOT FOUND (Not found in autocomplete)
2026-04-15 16:27:52,794 [INFO] [749/948] 22821512 | Attempt 1 started
2026-04-15 16:27:52,794 [INFO] Starting scrape for part 22821512
2026-04-15 16:27:52,824 [INFO] [750/948] 22821513 | Attempt 1 started
2026-04-15 16:27:52,824 [INFO] Starting scrape for part 22821513
2026-04-15 16:27:52,871 [INFO] Autocomplete for AMK21A1AX21Z returned 0 product candidates
2026-04-15 16:27:52,886 [INFO] Part AMK21A1AX21Z NOT FOUND: autocomplete could not resolve exact part
2026-04-15 16:27:52,886 [INFO] [741/948] AMK21A1AX21Z | NOT FOUND (Not found in autocomplete)
2026-04-15 16:27:53,103 [INFO] [730/948] 23275542 | FOUND
2026-04-15 16:27:53,224 [INFO] Autocomplete for 22821512 returned 0 product candidates
2026-04-15 16:27:53,225 [INFO] Part 22821512 NOT FOUND: autocomplete could not resolve exact part
2026-04-15 16:27:53,225 [INFO] [749/948] 22821512 | NOT FOUND (Not found in autocomplete)
2026-04-15 16:27:53,236 [INFO] [751/948] 22821514 | Attempt 1 started
2026-04-15 16:27:53,236 [INFO] Starting scrape for part 22821514
2026-04-15 16:27:53,454 [INFO] [752/948] 22821521 | Attempt 1 started
2026-04-15 16:27:53,454 [INFO] Starting scrape for part 22821521
2026-04-15 16:27:53,503 [INFO] [731/948] 22985092 | FOUND
2026-04-15 16:27:53,576 [INFO] [753/948] 22821522 | Attempt 1 started
2026-04-15 16:27:53,576 [INFO] Starting scrape for part 22821522
2026-04-15 16:27:53,661 [INFO] Autocomplete for 22821502 returned 0 product candidates
2026-04-15 16:27:53,663 [INFO] Part 22821502 NOT FOUND: autocomplete could not resolve exact part
2026-04-15 16:27:53,663 [INFO] [745/948] 22821502 | NOT FOUND (Not found in autocomplete)
2026-04-15 16:27:53,854 [INFO] [754/948] 22821523 | Attempt 1 started
2026-04-15 16:27:53,854 [INFO] Starting scrape for part 22821523
2026-04-15 16:27:53,909 [INFO] Autocomplete for 22821504 returned 0 product candidates
2026-04-15 16:27:53,910 [INFO] Part 22821504 NOT FOUND: autocomplete could not resolve exact part
2026-04-15 16:27:53,910 [INFO] [747/948] 22821504 | NOT FOUND (Not found in autocomplete)
2026-04-15 16:27:53,934 [INFO] Autocomplete for 22821521 returned 1 product candidates
2026-04-15 16:27:53,934 [INFO] Matched part 22821521 with Arrow fullPart=2282152-1 partSeo=2282152-1_1 mfrSeo=te-connectivity
2026-04-15 16:27:54,030 [INFO] [755/948] 22821524 | Attempt 1 started
2026-04-15 16:27:54,031 [INFO] Starting scrape for part 22821524
2026-04-15 16:27:54,040 [INFO] Autocomplete for 22821503 returned 0 product candidates
2026-04-15 16:27:54,041 [INFO] Part 22821503 NOT FOUND: autocomplete could not resolve exact part
2026-04-15 16:27:54,041 [INFO] [746/948] 22821503 | NOT FOUND (Not found in autocomplete)
2026-04-15 16:27:54,261 [INFO] [756/948] 22821531 | Attempt 1 started
2026-04-15 16:27:54,262 [INFO] Starting scrape for part 22821531
2026-04-15 16:27:54,357 [INFO] Autocomplete for 22821523 returned 0 product candidates
2026-04-15 16:27:54,361 [INFO] Part 22821523 NOT FOUND: autocomplete could not resolve exact part
2026-04-15 16:27:54,361 [INFO] [754/948] 22821523 | NOT FOUND (Not found in autocomplete)
2026-04-15 16:27:54,392 [INFO] [757/948] 22821532 | Attempt 1 started
2026-04-15 16:27:54,393 [INFO] Starting scrape for part 22821532
2026-04-15 16:27:54,515 [INFO] Autocomplete for 22821524 returned 0 product candidates
2026-04-15 16:27:54,517 [INFO] Part 22821524 NOT FOUND: autocomplete could not resolve exact part
2026-04-15 16:27:54,517 [INFO] [755/948] 22821524 | NOT FOUND (Not found in autocomplete)
2026-04-15 16:27:54,574 [INFO] [744/948] 22821501 | FOUND
2026-04-15 16:27:54,712 [INFO] [758/948] 22821533 | Attempt 1 started
2026-04-15 16:27:54,712 [INFO] Starting scrape for part 22821533
2026-04-15 16:27:54,749 [INFO] Autocomplete for 22821511 returned 1 product candidates
2026-04-15 16:27:54,750 [INFO] Matched part 22821511 with Arrow fullPart=2282151-1 partSeo=2282151-1_1 mfrSeo=te-connectivity
2026-04-15 16:27:54,753 [INFO] Autocomplete for 22821531 returned 1 product candidates
2026-04-15 16:27:54,753 [INFO] Matched part 22821531 with Arrow fullPart=2282153-1 partSeo=2282153-1 mfrSeo=te-connectivity
2026-04-15 16:27:54,872 [INFO] [759/948] 22821534 | Attempt 1 started
2026-04-15 16:27:54,872 [INFO] Starting scrape for part 22821534
2026-04-15 16:27:54,924 [INFO] [760/948] 22821541 | Attempt 1 started
2026-04-15 16:27:54,925 [INFO] Starting scrape for part 22821541
2026-04-15 16:27:55,350 [INFO] Autocomplete for 22821534 returned 0 product candidates
2026-04-15 16:27:55,351 [INFO] Part 22821534 NOT FOUND: autocomplete could not resolve exact part
2026-04-15 16:27:55,352 [INFO] [759/948] 22821534 | NOT FOUND (Not found in autocomplete)
2026-04-15 16:27:55,466 [INFO] Autocomplete for 22821513 returned 0 product candidates
2026-04-15 16:27:55,468 [INFO] Part 22821513 NOT FOUND: autocomplete could not resolve exact part
2026-04-15 16:27:55,468 [INFO] [750/948] 22821513 | NOT FOUND (Not found in autocomplete)
2026-04-15 16:27:55,702 [INFO] [761/948] 22821542 | Attempt 1 started
2026-04-15 16:27:55,703 [INFO] Starting scrape for part 22821542
2026-04-15 16:27:55,819 [INFO] [762/948] 22821543 | Attempt 1 started
2026-04-15 16:27:55,820 [INFO] Starting scrape for part 22821543
2026-04-15 16:27:55,883 [INFO] Autocomplete for 22821514 returned 0 product candidates
2026-04-15 16:27:55,884 [INFO] Part 22821514 NOT FOUND: autocomplete could not resolve exact part
2026-04-15 16:27:55,884 [INFO] [751/948] 22821514 | NOT FOUND (Not found in autocomplete)
2026-04-15 16:27:56,144 [INFO] Autocomplete for 22821522 returned 0 product candidates
2026-04-15 16:27:56,146 [INFO] Autocomplete for 22821542 returned 1 product candidates
2026-04-15 16:27:56,147 [INFO] Part 22821522 NOT FOUND: autocomplete could not resolve exact part
2026-04-15 16:27:56,148 [INFO] Matched part 22821542 with Arrow fullPart=2282154-2 partSeo=2282154-2 mfrSeo=te-connectivity
2026-04-15 16:27:56,148 [INFO] [753/948] 22821522 | NOT FOUND (Not found in autocomplete)
2026-04-15 16:27:56,241 [INFO] [763/948] 22821544 | Attempt 1 started
2026-04-15 16:27:56,241 [INFO] Starting scrape for part 22821544
2026-04-15 16:27:56,242 [INFO] Autocomplete for 22821543 returned 0 product candidates
2026-04-15 16:27:56,244 [INFO] Part 22821543 NOT FOUND: autocomplete could not resolve exact part
2026-04-15 16:27:56,244 [INFO] [762/948] 22821543 | NOT FOUND (Not found in autocomplete)
2026-04-15 16:27:56,499 [INFO] [764/948] 22821551 | Attempt 1 started
2026-04-15 16:27:56,500 [INFO] Starting scrape for part 22821551
2026-04-15 16:27:56,595 [INFO] [765/948] 22821552 | Attempt 1 started
2026-04-15 16:27:56,596 [INFO] Starting scrape for part 22821552
2026-04-15 16:27:56,689 [INFO] Autocomplete for 22821544 returned 0 product candidates
2026-04-15 16:27:56,691 [INFO] Part 22821544 NOT FOUND: autocomplete could not resolve exact part
2026-04-15 16:27:56,691 [INFO] [763/948] 22821544 | NOT FOUND (Not found in autocomplete)
2026-04-15 16:27:56,795 [INFO] [752/948] 22821521 | FOUND
2026-04-15 16:27:56,837 [INFO] Autocomplete for 22821532 returned 0 product candidates
2026-04-15 16:27:56,838 [INFO] Part 22821532 NOT FOUND: autocomplete could not resolve exact part
2026-04-15 16:27:56,838 [INFO] [757/948] 22821532 | NOT FOUND (Not found in autocomplete)
2026-04-15 16:27:57,042 [INFO] [766/948] 22821553 | Attempt 1 started
2026-04-15 16:27:57,042 [INFO] Starting scrape for part 22821553
2026-04-15 16:27:57,047 [INFO] Autocomplete for 22821552 returned 0 product candidates
2026-04-15 16:27:57,049 [INFO] Part 22821552 NOT FOUND: autocomplete could not resolve exact part
2026-04-15 16:27:57,049 [INFO] [765/948] 22821552 | NOT FOUND (Not found in autocomplete)
2026-04-15 16:27:57,146 [INFO] [767/948] 22821554 | Attempt 1 started
2026-04-15 16:27:57,146 [INFO] Starting scrape for part 22821554
2026-04-15 16:27:57,189 [INFO] [768/948] 22822671 | Attempt 1 started
2026-04-15 16:27:57,190 [INFO] Starting scrape for part 22822671
2026-04-15 16:27:57,337 [INFO] Autocomplete for 22821541 returned 1 product candidates
2026-04-15 16:27:57,338 [INFO] Matched part 22821541 with Arrow fullPart=2282154-1 partSeo=2282154-1 mfrSeo=te-connectivity
2026-04-15 16:27:57,381 [INFO] Autocomplete for 22821533 returned 0 product candidates
2026-04-15 16:27:57,383 [INFO] Part 22821533 NOT FOUND: autocomplete could not resolve exact part
2026-04-15 16:27:57,383 [INFO] [758/948] 22821533 | NOT FOUND (Not found in autocomplete)
2026-04-15 16:27:57,399 [INFO] [769/948] 22822672 | Attempt 1 started
2026-04-15 16:27:57,400 [INFO] Starting scrape for part 22822672
2026-04-15 16:27:57,498 [INFO] Autocomplete for 22821553 returned 0 product candidates
2026-04-15 16:27:57,500 [INFO] Part 22821553 NOT FOUND: autocomplete could not resolve exact part
2026-04-15 16:27:57,500 [INFO] [766/948] 22821553 | NOT FOUND (Not found in autocomplete)
2026-04-15 16:27:57,607 [INFO] Autocomplete for 22821554 returned 0 product candidates
2026-04-15 16:27:57,608 [INFO] Part 22821554 NOT FOUND: autocomplete could not resolve exact part
2026-04-15 16:27:57,608 [INFO] [767/948] 22821554 | NOT FOUND (Not found in autocomplete)
2026-04-15 16:27:57,734 [INFO] [770/948] 22822673 | Attempt 1 started
2026-04-15 16:27:57,735 [INFO] Starting scrape for part 22822673
2026-04-15 16:27:57,851 [INFO] [771/948] 22822674 | Attempt 1 started
2026-04-15 16:27:57,851 [INFO] Starting scrape for part 22822674
2026-04-15 16:27:57,895 [INFO] [748/948] 22821511 | FOUND
2026-04-15 16:27:57,957 [INFO] Autocomplete for 22822672 returned 0 product candidates
2026-04-15 16:27:57,959 [INFO] Part 22822672 NOT FOUND: autocomplete could not resolve exact part
2026-04-15 16:27:57,959 [INFO] [769/948] 22822672 | NOT FOUND (Not found in autocomplete)
2026-04-15 16:27:57,959 [INFO] [772/948] 22821561 | Attempt 1 started
2026-04-15 16:27:57,959 [INFO] Starting scrape for part 22821561
2026-04-15 16:27:58,245 [INFO] [773/948] 22821562 | Attempt 1 started
2026-04-15 16:27:58,246 [INFO] Starting scrape for part 22821562
2026-04-15 16:27:58,326 [INFO] [774/948] 22821563 | Attempt 1 started
2026-04-15 16:27:58,326 [INFO] Starting scrape for part 22821563
2026-04-15 16:27:58,441 [INFO] Autocomplete for 22821561 returned 1 product candidates
2026-04-15 16:27:58,441 [INFO] Matched part 22821561 with Arrow fullPart=2282156-1 partSeo=2282156-1 mfrSeo=te-connectivity
2026-04-15 16:27:58,631 [INFO] [756/948] 22821531 | FOUND
2026-04-15 16:27:58,726 [INFO] Autocomplete for 22821562 returned 0 product candidates
2026-04-15 16:27:58,732 [INFO] Part 22821562 NOT FOUND: autocomplete could not resolve exact part
2026-04-15 16:27:58,732 [INFO] [773/948] 22821562 | NOT FOUND (Not found in autocomplete)
2026-04-15 16:27:58,981 [INFO] [775/948] 22821564 | Attempt 1 started
2026-04-15 16:27:58,981 [INFO] Starting scrape for part 22821564
2026-04-15 16:27:59,003 [INFO] [761/948] 22821542 | FOUND
2026-04-15 16:27:59,045 [INFO] Autocomplete for 22821551 returned 1 product candidates
2026-04-15 16:27:59,050 [INFO] Matched part 22821551 with Arrow fullPart=2282155-1 partSeo=2282155-1_1 mfrSeo=te-connectivity
2026-04-15 16:27:59,087 [INFO] [776/948] 22822681 | Attempt 1 started
2026-04-15 16:27:59,087 [INFO] Starting scrape for part 22822681
2026-04-15 16:27:59,354 [INFO] [777/948] 22822682 | Attempt 1 started
2026-04-15 16:27:59,355 [INFO] Starting scrape for part 22822682
2026-04-15 16:27:59,622 [INFO] Autocomplete for 22822671 returned 1 product candidates
2026-04-15 16:27:59,622 [INFO] Matched part 22822671 with Arrow fullPart=2282267-1 partSeo=2282267-1 mfrSeo=te-connectivity
2026-04-15 16:27:59,853 [INFO] Autocomplete for 22822682 returned 0 product candidates
2026-04-15 16:27:59,855 [INFO] Part 22822682 NOT FOUND: autocomplete could not resolve exact part
2026-04-15 16:27:59,855 [INFO] [777/948] 22822682 | NOT FOUND (Not found in autocomplete)
2026-04-15 16:28:00,190 [INFO] Autocomplete for 22822673 returned 0 product candidates
2026-04-15 16:28:00,193 [INFO] Part 22822673 NOT FOUND: autocomplete could not resolve exact part
2026-04-15 16:28:00,194 [INFO] [770/948] 22822673 | NOT FOUND (Not found in autocomplete)
2026-04-15 16:28:00,206 [INFO] [778/948] 22822683 | Attempt 1 started
2026-04-15 16:28:00,206 [INFO] Starting scrape for part 22822683
2026-04-15 16:28:00,278 [INFO] Autocomplete for 22822674 returned 0 product candidates
2026-04-15 16:28:00,279 [INFO] Part 22822674 NOT FOUND: autocomplete could not resolve exact part
2026-04-15 16:28:00,279 [INFO] [771/948] 22822674 | NOT FOUND (Not found in autocomplete)
2026-04-15 16:28:00,544 [INFO] [779/948] 22822684 | Attempt 1 started
2026-04-15 16:28:00,545 [INFO] Starting scrape for part 22822684
2026-04-15 16:28:00,637 [INFO] [780/948] 22821571 | Attempt 1 started
2026-04-15 16:28:00,637 [INFO] Starting scrape for part 22821571
2026-04-15 16:28:00,828 [INFO] Autocomplete for 22821563 returned 0 product candidates
2026-04-15 16:28:00,830 [INFO] Part 22821563 NOT FOUND: autocomplete could not resolve exact part
2026-04-15 16:28:00,830 [INFO] [774/948] 22821563 | NOT FOUND (Not found in autocomplete)
2026-04-15 16:28:01,169 [INFO] [760/948] 22821541 | FOUND
2026-04-15 16:28:01,181 [INFO] [781/948] 22821572 | Attempt 1 started
2026-04-15 16:28:01,181 [INFO] Starting scrape for part 22821572
2026-04-15 16:28:01,410 [INFO] [772/948] 22821561 | FOUND
2026-04-15 16:28:01,520 [INFO] [782/948] 22821573 | Attempt 1 started
2026-04-15 16:28:01,520 [INFO] Starting scrape for part 22821573
2026-04-15 16:28:01,538 [INFO] Autocomplete for 22821564 returned 0 product candidates
2026-04-15 16:28:01,543 [INFO] Part 22821564 NOT FOUND: autocomplete could not resolve exact part
2026-04-15 16:28:01,543 [INFO] [775/948] 22821564 | NOT FOUND (Not found in autocomplete)
2026-04-15 16:28:01,760 [INFO] [783/948] 22821574 | Attempt 1 started
2026-04-15 16:28:01,761 [INFO] Starting scrape for part 22821574
2026-04-15 16:28:01,883 [INFO] Autocomplete for 22822681 returned 1 product candidates
2026-04-15 16:28:01,883 [INFO] Matched part 22822681 with Arrow fullPart=2282268-1 partSeo=2282268-1_1 mfrSeo=te-connectivity
2026-04-15 16:28:01,893 [INFO] [784/948] 23200041 | Attempt 1 started
2026-04-15 16:28:01,894 [INFO] Starting scrape for part 23200041
2026-04-15 16:28:02,935 [INFO] [764/948] 22821551 | FOUND
2026-04-15 16:28:03,128 [INFO] [768/948] 22822671 | FOUND
2026-04-15 16:28:03,162 [INFO] Autocomplete for 22821571 returned 1 product candidates
2026-04-15 16:28:03,162 [INFO] Matched part 22821571 with Arrow fullPart=2282157-1 partSeo=2282157-1_1 mfrSeo=te-connectivity
2026-04-15 16:28:03,286 [INFO] [785/948] 23200042 | Attempt 1 started
2026-04-15 16:28:03,286 [INFO] Starting scrape for part 23200042
2026-04-15 16:28:03,391 [INFO] Autocomplete for 22822683 returned 0 product candidates
2026-04-15 16:28:03,394 [INFO] Part 22822683 NOT FOUND: autocomplete could not resolve exact part
2026-04-15 16:28:03,394 [INFO] [778/948] 22822683 | NOT FOUND (Not found in autocomplete)
2026-04-15 16:28:03,479 [INFO] [786/948] 23200043 | Attempt 1 started
2026-04-15 16:28:03,479 [INFO] Starting scrape for part 23200043
2026-04-15 16:28:03,744 [INFO] [787/948] 23200044 | Attempt 1 started
2026-04-15 16:28:03,745 [INFO] Starting scrape for part 23200044
2026-04-15 16:28:03,760 [INFO] Autocomplete for 23200042 returned 0 product candidates
2026-04-15 16:28:03,763 [INFO] Part 23200042 NOT FOUND: autocomplete could not resolve exact part
2026-04-15 16:28:03,763 [INFO] [785/948] 23200042 | NOT FOUND (Not found in autocomplete)
2026-04-15 16:28:03,980 [INFO] Autocomplete for 22822684 returned 0 product candidates
2026-04-15 16:28:03,981 [INFO] Autocomplete for 23200043 returned 0 product candidates
2026-04-15 16:28:03,985 [INFO] Part 22822684 NOT FOUND: autocomplete could not resolve exact part
2026-04-15 16:28:03,985 [INFO] [779/948] 22822684 | NOT FOUND (Not found in autocomplete)
2026-04-15 16:28:03,986 [INFO] Part 23200043 NOT FOUND: autocomplete could not resolve exact part
2026-04-15 16:28:03,986 [INFO] [786/948] 23200043 | NOT FOUND (Not found in autocomplete)
2026-04-15 16:28:04,113 [INFO] [788/948] 23025011 | Attempt 1 started
2026-04-15 16:28:04,114 [INFO] Starting scrape for part 23025011
2026-04-15 16:28:04,337 [INFO] [789/948] 23025012 | Attempt 1 started
2026-04-15 16:28:04,337 [INFO] Starting scrape for part 23025012
2026-04-15 16:28:04,337 [INFO] [790/948] 23025013 | Attempt 1 started
2026-04-15 16:28:04,338 [INFO] Starting scrape for part 23025013
2026-04-15 16:28:04,618 [INFO] Autocomplete for 23025011 returned 1 product candidates
2026-04-15 16:28:04,619 [INFO] Matched part 23025011 with Arrow fullPart=2302501-1 partSeo=2302501-1_2 mfrSeo=te-connectivity
2026-04-15 16:28:04,667 [INFO] Autocomplete for 22821573 returned 0 product candidates
2026-04-15 16:28:04,669 [INFO] Part 22821573 NOT FOUND: autocomplete could not resolve exact part
2026-04-15 16:28:04,669 [INFO] [782/948] 22821573 | NOT FOUND (Not found in autocomplete)
2026-04-15 16:28:04,809 [INFO] Autocomplete for 23025013 returned 0 product candidates
2026-04-15 16:28:04,810 [INFO] Part 23025013 NOT FOUND: autocomplete could not resolve exact part
2026-04-15 16:28:04,810 [INFO] [790/948] 23025013 | NOT FOUND (Not found in autocomplete)
2026-04-15 16:28:04,949 [INFO] Autocomplete for 22821572 returned 0 product candidates
2026-04-15 16:28:04,951 [INFO] Part 22821572 NOT FOUND: autocomplete could not resolve exact part
2026-04-15 16:28:04,951 [INFO] [781/948] 22821572 | NOT FOUND (Not found in autocomplete)
2026-04-15 16:28:05,020 [INFO] [791/948] 23025014 | Attempt 1 started
2026-04-15 16:28:05,020 [INFO] Starting scrape for part 23025014
2026-04-15 16:28:05,161 [INFO] [792/948] 23200081 | Attempt 1 started
2026-04-15 16:28:05,161 [INFO] Starting scrape for part 23200081
2026-04-15 16:28:05,172 [INFO] Autocomplete for 23200041 returned 0 product candidates
2026-04-15 16:28:05,174 [INFO] Part 23200041 NOT FOUND: autocomplete could not resolve exact part
2026-04-15 16:28:05,175 [INFO] [784/948] 23200041 | NOT FOUND (Not found in autocomplete)
2026-04-15 16:28:05,235 [INFO] [776/948] 22822681 | FOUND
2026-04-15 16:28:05,283 [INFO] Autocomplete for 22821574 returned 0 product candidates
2026-04-15 16:28:05,284 [INFO] Part 22821574 NOT FOUND: autocomplete could not resolve exact part
2026-04-15 16:28:05,284 [INFO] [783/948] 22821574 | NOT FOUND (Not found in autocomplete)
2026-04-15 16:28:05,302 [INFO] [793/948] 23200082 | Attempt 1 started
2026-04-15 16:28:05,302 [INFO] Starting scrape for part 23200082
2026-04-15 16:28:05,525 [INFO] [794/948] 23200083 | Attempt 1 started
2026-04-15 16:28:05,526 [INFO] Starting scrape for part 23200083
2026-04-15 16:28:05,546 [INFO] Autocomplete for 23025014 returned 0 product candidates
2026-04-15 16:28:05,549 [INFO] Part 23025014 NOT FOUND: autocomplete could not resolve exact part
2026-04-15 16:28:05,550 [INFO] [791/948] 23025014 | NOT FOUND (Not found in autocomplete)
2026-04-15 16:28:05,585 [INFO] [795/948] 23200084 | Attempt 1 started
2026-04-15 16:28:05,586 [INFO] Starting scrape for part 23200084
2026-04-15 16:28:05,635 [INFO] [796/948] 23024751 | Attempt 1 started
2026-04-15 16:28:05,636 [INFO] Starting scrape for part 23024751
2026-04-15 16:28:05,822 [INFO] Autocomplete for 23200082 returned 0 product candidates
2026-04-15 16:28:05,824 [INFO] Part 23200082 NOT FOUND: autocomplete could not resolve exact part
2026-04-15 16:28:05,824 [INFO] [793/948] 23200082 | NOT FOUND (Not found in autocomplete)
2026-04-15 16:28:05,900 [INFO] [797/948] 23024752 | Attempt 1 started
2026-04-15 16:28:05,901 [INFO] Starting scrape for part 23024752
2026-04-15 16:28:06,094 [INFO] Autocomplete for 23200084 returned 0 product candidates
2026-04-15 16:28:06,096 [INFO] Part 23200084 NOT FOUND: autocomplete could not resolve exact part
2026-04-15 16:28:06,096 [INFO] [795/948] 23200084 | NOT FOUND (Not found in autocomplete)
2026-04-15 16:28:06,175 [INFO] [798/948] 23024753 | Attempt 1 started
2026-04-15 16:28:06,175 [INFO] Starting scrape for part 23024753
2026-04-15 16:28:06,346 [INFO] Autocomplete for 23024752 returned 1 product candidates
2026-04-15 16:28:06,346 [INFO] Matched part 23024752 with Arrow fullPart=2302475-2 partSeo=2302475-2_1 mfrSeo=te-connectivity
2026-04-15 16:28:06,447 [INFO] [799/948] 23024754 | Attempt 1 started
2026-04-15 16:28:06,447 [INFO] Starting scrape for part 23024754
2026-04-15 16:28:06,640 [INFO] Autocomplete for 23024753 returned 0 product candidates
2026-04-15 16:28:06,642 [INFO] Part 23024753 NOT FOUND: autocomplete could not resolve exact part
2026-04-15 16:28:06,642 [INFO] [798/948] 23024753 | NOT FOUND (Not found in autocomplete)
2026-04-15 16:28:06,808 [INFO] Autocomplete for 23200044 returned 0 product candidates
2026-04-15 16:28:06,808 [INFO] [780/948] 22821571 | FOUND
2026-04-15 16:28:06,809 [INFO] Part 23200044 NOT FOUND: autocomplete could not resolve exact part
2026-04-15 16:28:06,809 [INFO] [787/948] 23200044 | NOT FOUND (Not found in autocomplete)
2026-04-15 16:28:06,993 [INFO] [800/948] 23122121 | Attempt 1 started
2026-04-15 16:28:06,994 [INFO] Starting scrape for part 23122121
2026-04-15 16:28:07,159 [INFO] [801/948] 23122122 | Attempt 1 started
2026-04-15 16:28:07,159 [INFO] Starting scrape for part 23122122
2026-04-15 16:28:07,160 [INFO] [802/948] 23122123 | Attempt 1 started
2026-04-15 16:28:07,161 [INFO] Starting scrape for part 23122123
2026-04-15 16:28:07,260 [INFO] Autocomplete for 23025012 returned 0 product candidates
2026-04-15 16:28:07,261 [INFO] Part 23025012 NOT FOUND: autocomplete could not resolve exact part
2026-04-15 16:28:07,261 [INFO] [789/948] 23025012 | NOT FOUND (Not found in autocomplete)
2026-04-15 16:28:07,488 [INFO] Autocomplete for 23122121 returned 1 product candidates
2026-04-15 16:28:07,488 [INFO] Matched part 23122121 with Arrow fullPart=2312212-1 partSeo=2312212-1_1 mfrSeo=te-connectivity
2026-04-15 16:28:07,612 [INFO] [803/948] 23122124 | Attempt 1 started
2026-04-15 16:28:07,612 [INFO] Starting scrape for part 23122124
2026-04-15 16:28:07,623 [INFO] Autocomplete for 23122123 returned 0 product candidates
2026-04-15 16:28:07,626 [INFO] Part 23122123 NOT FOUND: autocomplete could not resolve exact part
2026-04-15 16:28:07,626 [INFO] [802/948] 23122123 | NOT FOUND (Not found in autocomplete)
2026-04-15 16:28:07,754 [INFO] [788/948] 23025011 | FOUND
2026-04-15 16:28:07,976 [INFO] [804/948] 23200141 | Attempt 1 started
2026-04-15 16:28:07,977 [INFO] Starting scrape for part 23200141
2026-04-15 16:28:08,101 [INFO] Autocomplete for 23200083 returned 0 product candidates
2026-04-15 16:28:08,103 [INFO] Part 23200083 NOT FOUND: autocomplete could not resolve exact part
2026-04-15 16:28:08,104 [INFO] [794/948] 23200083 | NOT FOUND (Not found in autocomplete)
2026-04-15 16:28:08,105 [INFO] [805/948] 23200142 | Attempt 1 started
2026-04-15 16:28:08,105 [INFO] Starting scrape for part 23200142
2026-04-15 16:28:08,108 [INFO] Autocomplete for 23200081 returned 0 product candidates
2026-04-15 16:28:08,111 [INFO] Part 23200081 NOT FOUND: autocomplete could not resolve exact part
2026-04-15 16:28:08,111 [INFO] [792/948] 23200081 | NOT FOUND (Not found in autocomplete)
2026-04-15 16:28:08,445 [INFO] Autocomplete for 23200141 returned 1 product candidates
2026-04-15 16:28:08,446 [INFO] Matched part 23200141 with Arrow fullPart=2320014-1 partSeo=2320014-1 mfrSeo=te-connectivity
2026-04-15 16:28:08,455 [INFO] [806/948] 23200143 | Attempt 1 started
2026-04-15 16:28:08,456 [INFO] Starting scrape for part 23200143
2026-04-15 16:28:08,461 [INFO] [807/948] 23200144 | Attempt 1 started
2026-04-15 16:28:08,462 [INFO] Starting scrape for part 23200144
2026-04-15 16:28:08,944 [INFO] Autocomplete for 23200144 returned 0 product candidates
2026-04-15 16:28:08,945 [INFO] Part 23200144 NOT FOUND: autocomplete could not resolve exact part
2026-04-15 16:28:08,945 [INFO] [807/948] 23200144 | NOT FOUND (Not found in autocomplete)
2026-04-15 16:28:08,998 [INFO] Autocomplete for 23024751 returned 1 product candidates
2026-04-15 16:28:08,998 [INFO] Matched part 23024751 with Arrow fullPart=2302475-1 partSeo=2302475-1 mfrSeo=te-connectivity
2026-04-15 16:28:09,132 [INFO] Autocomplete for 23200143 returned 0 product candidates
2026-04-15 16:28:09,134 [INFO] Part 23200143 NOT FOUND: autocomplete could not resolve exact part
2026-04-15 16:28:09,135 [INFO] [806/948] 23200143 | NOT FOUND (Not found in autocomplete)
2026-04-15 16:28:09,228 [INFO] Autocomplete for 23024754 returned 0 product candidates
2026-04-15 16:28:09,229 [INFO] Part 23024754 NOT FOUND: autocomplete could not resolve exact part
2026-04-15 16:28:09,229 [INFO] [799/948] 23024754 | NOT FOUND (Not found in autocomplete)
2026-04-15 16:28:09,296 [INFO] [808/948] 23200161 | Attempt 1 started
2026-04-15 16:28:09,297 [INFO] Starting scrape for part 23200161
2026-04-15 16:28:09,383 [INFO] [797/948] 23024752 | FOUND
2026-04-15 16:28:09,485 [INFO] [809/948] 23200162 | Attempt 1 started
2026-04-15 16:28:09,486 [INFO] Starting scrape for part 23200162
2026-04-15 16:28:09,580 [INFO] [810/948] 23200163 | Attempt 1 started
2026-04-15 16:28:09,580 [INFO] Starting scrape for part 23200163
2026-04-15 16:28:09,718 [INFO] Autocomplete for 23200161 returned 0 product candidates
2026-04-15 16:28:09,720 [INFO] Part 23200161 NOT FOUND: autocomplete could not resolve exact part
2026-04-15 16:28:09,720 [INFO] [808/948] 23200161 | NOT FOUND (Not found in autocomplete)
2026-04-15 16:28:09,734 [INFO] [811/948] 23200164 | Attempt 1 started
2026-04-15 16:28:09,735 [INFO] Starting scrape for part 23200164
2026-04-15 16:28:09,914 [INFO] Autocomplete for 23122122 returned 0 product candidates
2026-04-15 16:28:09,915 [INFO] Part 23122122 NOT FOUND: autocomplete could not resolve exact part
2026-04-15 16:28:09,916 [INFO] [801/948] 23122122 | NOT FOUND (Not found in autocomplete)
2026-04-15 16:28:10,071 [INFO] [812/948] 23200181 | Attempt 1 started
2026-04-15 16:28:10,071 [INFO] Starting scrape for part 23200181
2026-04-15 16:28:10,266 [INFO] [813/948] 23200182 | Attempt 1 started
2026-04-15 16:28:10,266 [INFO] Starting scrape for part 23200182
2026-04-15 16:28:10,485 [INFO] [800/948] 23122121 | FOUND
2026-04-15 16:28:10,498 [INFO] Autocomplete for 23200181 returned 0 product candidates
2026-04-15 16:28:10,499 [INFO] Part 23200181 NOT FOUND: autocomplete could not resolve exact part
2026-04-15 16:28:10,499 [INFO] [812/948] 23200181 | NOT FOUND (Not found in autocomplete)
2026-04-15 16:28:10,754 [INFO] Autocomplete for 23122124 returned 0 product candidates
2026-04-15 16:28:10,756 [INFO] Part 23122124 NOT FOUND: autocomplete could not resolve exact part
2026-04-15 16:28:10,756 [INFO] [803/948] 23122124 | NOT FOUND (Not found in autocomplete)
2026-04-15 16:28:10,835 [INFO] [814/948] 23200183 | Attempt 1 started
2026-04-15 16:28:10,836 [INFO] Starting scrape for part 23200183
2026-04-15 16:28:10,849 [INFO] [815/948] 23200184 | Attempt 1 started
2026-04-15 16:28:10,850 [INFO] Starting scrape for part 23200184
2026-04-15 16:28:10,903 [INFO] Autocomplete for 23200142 returned 0 product candidates
2026-04-15 16:28:10,917 [INFO] Part 23200142 NOT FOUND: autocomplete could not resolve exact part
2026-04-15 16:28:10,917 [INFO] [805/948] 23200142 | NOT FOUND (Not found in autocomplete)
2026-04-15 16:28:11,107 [INFO] [816/948] 23200201 | Attempt 1 started
2026-04-15 16:28:11,107 [INFO] Starting scrape for part 23200201
2026-04-15 16:28:11,280 [INFO] [817/948] 23200202 | Attempt 1 started
2026-04-15 16:28:11,281 [INFO] Starting scrape for part 23200202
2026-04-15 16:28:11,301 [INFO] Autocomplete for 23200184 returned 0 product candidates
2026-04-15 16:28:11,305 [INFO] Part 23200184 NOT FOUND: autocomplete could not resolve exact part
2026-04-15 16:28:11,305 [INFO] [815/948] 23200184 | NOT FOUND (Not found in autocomplete)
2026-04-15 16:28:11,508 [INFO] [804/948] 23200141 | FOUND
2026-04-15 16:28:11,656 [INFO] [818/948] 23200203 | Attempt 1 started
2026-04-15 16:28:11,657 [INFO] Starting scrape for part 23200203
2026-04-15 16:28:11,859 [INFO] [819/948] 23200204 | Attempt 1 started
2026-04-15 16:28:11,859 [INFO] Starting scrape for part 23200204
2026-04-15 16:28:12,210 [INFO] Autocomplete for 23200164 returned 0 product candidates
2026-04-15 16:28:12,211 [INFO] Part 23200164 NOT FOUND: autocomplete could not resolve exact part
2026-04-15 16:28:12,211 [INFO] [811/948] 23200164 | NOT FOUND (Not found in autocomplete)
2026-04-15 16:28:12,279 [INFO] [796/948] 23024751 | FOUND
2026-04-15 16:28:12,563 [INFO] [820/948] PRJ16903772221 | Attempt 1 started
2026-04-15 16:28:12,563 [INFO] Starting scrape for part PRJ16903772221
2026-04-15 16:28:12,644 [INFO] [821/948] PRJ16903772222 | Attempt 1 started
2026-04-15 16:28:12,645 [INFO] Starting scrape for part PRJ16903772222
2026-04-15 16:28:13,089 [INFO] Autocomplete for 23200163 returned 0 product candidates
2026-04-15 16:28:13,091 [INFO] Part 23200163 NOT FOUND: autocomplete could not resolve exact part
2026-04-15 16:28:13,091 [INFO] [810/948] 23200163 | NOT FOUND (Not found in autocomplete)
2026-04-15 16:28:13,163 [INFO] Autocomplete for 23200162 returned 0 product candidates
2026-04-15 16:28:13,166 [INFO] Part 23200162 NOT FOUND: autocomplete could not resolve exact part
2026-04-15 16:28:13,166 [INFO] [809/948] 23200162 | NOT FOUND (Not found in autocomplete)
2026-04-15 16:28:13,441 [INFO] [822/948] PRJ16903772223 | Attempt 1 started
2026-04-15 16:28:13,442 [INFO] Starting scrape for part PRJ16903772223
2026-04-15 16:28:13,530 [INFO] [823/948] PRJ16903772224 | Attempt 1 started
2026-04-15 16:28:13,532 [INFO] Starting scrape for part PRJ16903772224
2026-04-15 16:28:13,785 [INFO] Autocomplete for 23200182 returned 0 product candidates
2026-04-15 16:28:13,789 [INFO] Part 23200182 NOT FOUND: autocomplete could not resolve exact part
2026-04-15 16:28:13,789 [INFO] [813/948] 23200182 | NOT FOUND (Not found in autocomplete)
2026-04-15 16:28:13,937 [INFO] Autocomplete for PRJ16903772223 returned 0 product candidates
2026-04-15 16:28:13,938 [INFO] Part PRJ16903772223 NOT FOUND: autocomplete could not resolve exact part
2026-04-15 16:28:13,938 [INFO] [822/948] PRJ16903772223 | NOT FOUND (Not found in autocomplete)
2026-04-15 16:28:14,040 [INFO] Autocomplete for PRJ16903772224 returned 0 product candidates
2026-04-15 16:28:14,042 [INFO] Part PRJ16903772224 NOT FOUND: autocomplete could not resolve exact part
2026-04-15 16:28:14,042 [INFO] [823/948] PRJ16903772224 | NOT FOUND (Not found in autocomplete)
2026-04-15 16:28:14,140 [INFO] [824/948] 14885335 | Attempt 1 started
2026-04-15 16:28:14,140 [INFO] Starting scrape for part 14885335
2026-04-15 16:28:14,289 [INFO] [825/948] 14885336 | Attempt 1 started
2026-04-15 16:28:14,289 [INFO] Starting scrape for part 14885336
2026-04-15 16:28:14,393 [INFO] [826/948] 119240671 | Attempt 1 started
2026-04-15 16:28:14,394 [INFO] Starting scrape for part 119240671
2026-04-15 16:28:14,566 [INFO] Autocomplete for 14885335 returned 0 product candidates
2026-04-15 16:28:14,568 [INFO] Part 14885335 NOT FOUND: autocomplete could not resolve exact part
2026-04-15 16:28:14,568 [INFO] [824/948] 14885335 | NOT FOUND (Not found in autocomplete)
2026-04-15 16:28:14,594 [INFO] Autocomplete for 23200183 returned 0 product candidates
2026-04-15 16:28:14,597 [INFO] Part 23200183 NOT FOUND: autocomplete could not resolve exact part
2026-04-15 16:28:14,597 [INFO] [814/948] 23200183 | NOT FOUND (Not found in autocomplete)
2026-04-15 16:28:14,764 [INFO] Autocomplete for 14885336 returned 0 product candidates
2026-04-15 16:28:14,768 [INFO] Part 14885336 NOT FOUND: autocomplete could not resolve exact part
2026-04-15 16:28:14,768 [INFO] [825/948] 14885336 | NOT FOUND (Not found in autocomplete)
2026-04-15 16:28:14,919 [INFO] [827/948] 119240674 | Attempt 1 started
2026-04-15 16:28:14,920 [INFO] Starting scrape for part 119240674
2026-04-15 16:28:14,947 [INFO] [828/948] 20985571 | Attempt 1 started
2026-04-15 16:28:14,948 [INFO] Starting scrape for part 20985571
2026-04-15 16:28:15,119 [INFO] [829/948] 20985574 | Attempt 1 started
2026-04-15 16:28:15,119 [INFO] Starting scrape for part 20985574
2026-04-15 16:28:15,212 [INFO] Autocomplete for PRJ16903772222 returned 0 product candidates
2026-04-15 16:28:15,221 [INFO] Part PRJ16903772222 NOT FOUND: autocomplete could not resolve exact part
2026-04-15 16:28:15,221 [INFO] [821/948] PRJ16903772222 | NOT FOUND (Not found in autocomplete)
2026-04-15 16:28:15,283 [INFO] Autocomplete for 23200201 returned 1 product candidates
2026-04-15 16:28:15,283 [INFO] Matched part 23200201 with Arrow fullPart=2320020-1 partSeo=2320020-1 mfrSeo=te-connectivity
2026-04-15 16:28:15,351 [INFO] Autocomplete for 23200202 returned 0 product candidates
2026-04-15 16:28:15,365 [INFO] Part 23200202 NOT FOUND: autocomplete could not resolve exact part
2026-04-15 16:28:15,365 [INFO] [817/948] 23200202 | NOT FOUND (Not found in autocomplete)
2026-04-15 16:28:15,571 [INFO] [830/948] 119240672 | Attempt 1 started
2026-04-15 16:28:15,572 [INFO] Starting scrape for part 119240672
2026-04-15 16:28:15,628 [INFO] Autocomplete for 23200203 returned 0 product candidates
2026-04-15 16:28:15,630 [INFO] Part 23200203 NOT FOUND: autocomplete could not resolve exact part
2026-04-15 16:28:15,630 [INFO] [818/948] 23200203 | NOT FOUND (Not found in autocomplete)
2026-04-15 16:28:15,716 [INFO] [831/948] 119240675 | Attempt 1 started
2026-04-15 16:28:15,716 [INFO] Starting scrape for part 119240675
2026-04-15 16:28:15,810 [INFO] Autocomplete for 23200204 returned 0 product candidates
2026-04-15 16:28:15,812 [INFO] Part 23200204 NOT FOUND: autocomplete could not resolve exact part
2026-04-15 16:28:15,812 [INFO] [819/948] 23200204 | NOT FOUND (Not found in autocomplete)
2026-04-15 16:28:15,981 [INFO] [832/948] 20985572 | Attempt 1 started
2026-04-15 16:28:15,982 [INFO] Starting scrape for part 20985572
2026-04-15 16:28:16,163 [INFO] [833/948] 20985575 | Attempt 1 started
2026-04-15 16:28:16,163 [INFO] Starting scrape for part 20985575
2026-04-15 16:28:16,236 [INFO] Autocomplete for 119240675 returned 1 product candidates
2026-04-15 16:28:16,236 [INFO] Matched part 119240675 with Arrow fullPart=1-1924067-5 partSeo=1-1924067-5_1 mfrSeo=te-connectivity
2026-04-15 16:28:16,330 [INFO] Autocomplete for PRJ16903772221 returned 0 product candidates
2026-04-15 16:28:16,331 [INFO] Part PRJ16903772221 NOT FOUND: autocomplete could not resolve exact part
2026-04-15 16:28:16,331 [INFO] [820/948] PRJ16903772221 | NOT FOUND (Not found in autocomplete)
2026-04-15 16:28:16,401 [INFO] Autocomplete for 20985572 returned 0 product candidates
2026-04-15 16:28:16,403 [INFO] Part 20985572 NOT FOUND: autocomplete could not resolve exact part
2026-04-15 16:28:16,403 [INFO] [832/948] 20985572 | NOT FOUND (Not found in autocomplete)
2026-04-15 16:28:16,683 [INFO] [834/948] 119240673 | Attempt 1 started
2026-04-15 16:28:16,683 [INFO] Starting scrape for part 119240673
2026-04-15 16:28:16,761 [INFO] [835/948] 119240676 | Attempt 1 started
2026-04-15 16:28:16,780 [INFO] Starting scrape for part 119240676
2026-04-15 16:28:17,140 [INFO] Autocomplete for 119240673 returned 1 product candidates
2026-04-15 16:28:17,140 [INFO] Matched part 119240673 with Arrow fullPart=1-1924067-3 partSeo=1-1924067-3_1 mfrSeo=te-connectivity
2026-04-15 16:28:17,231 [INFO] Autocomplete for 119240676 returned 1 product candidates
2026-04-15 16:28:17,231 [INFO] Matched part 119240676 with Arrow fullPart=1-1924067-6 partSeo=1-1924067-6_1 mfrSeo=te-connectivity
2026-04-15 16:28:17,355 [INFO] Autocomplete for 119240671 returned 1 product candidates
2026-04-15 16:28:17,355 [INFO] Matched part 119240671 with Arrow fullPart=1-1924067-1 partSeo=1-1924067-1_1 mfrSeo=te-connectivity
2026-04-15 16:28:17,783 [INFO] Autocomplete for 119240674 returned 1 product candidates
2026-04-15 16:28:17,783 [INFO] Matched part 119240674 with Arrow fullPart=1-1924067-4 partSeo=1-1924067-4_1 mfrSeo=te-connectivity
2026-04-15 16:28:17,817 [INFO] Autocomplete for 20985571 returned 2 product candidates
2026-04-15 16:28:17,818 [INFO] Matched part 20985571 with Arrow fullPart=2098557-1 partSeo=2098557-1_1_11 mfrSeo=te-connectivity
2026-04-15 16:28:18,130 [INFO] Autocomplete for 20985574 returned 1 product candidates
2026-04-15 16:28:18,130 [INFO] Matched part 20985574 with Arrow fullPart=2098557-4 partSeo=2098557-4_1 mfrSeo=te-connectivity
2026-04-15 16:28:18,532 [INFO] Autocomplete for 119240672 returned 1 product candidates
2026-04-15 16:28:18,533 [INFO] Matched part 119240672 with Arrow fullPart=1-1924067-2 partSeo=1-1924067-2_1 mfrSeo=te-connectivity
2026-04-15 16:28:18,594 [INFO] [816/948] 23200201 | FOUND
2026-04-15 16:28:18,660 [INFO] Autocomplete for 20985575 returned 0 product candidates
2026-04-15 16:28:18,662 [INFO] Part 20985575 NOT FOUND: autocomplete could not resolve exact part
2026-04-15 16:28:18,662 [INFO] [833/948] 20985575 | NOT FOUND (Not found in autocomplete)
2026-04-15 16:28:18,944 [INFO] [836/948] 20985573 | Attempt 1 started
2026-04-15 16:28:18,945 [INFO] Starting scrape for part 20985573
2026-04-15 16:28:19,024 [INFO] [837/948] 20985576 | Attempt 1 started
2026-04-15 16:28:19,024 [INFO] Starting scrape for part 20985576
2026-04-15 16:28:19,034 [INFO] [831/948] 119240675 | FOUND
2026-04-15 16:28:19,385 [INFO] [838/948] 1924067 | Attempt 1 started
2026-04-15 16:28:19,385 [INFO] Starting scrape for part 1924067
2026-04-15 16:28:19,427 [INFO] Autocomplete for 20985573 returned 0 product candidates
2026-04-15 16:28:19,429 [INFO] Part 20985573 NOT FOUND: autocomplete could not resolve exact part
2026-04-15 16:28:19,429 [INFO] [836/948] 20985573 | NOT FOUND (Not found in autocomplete)
2026-04-15 16:28:19,780 [INFO] [839/948] 2098557 | Attempt 1 started
2026-04-15 16:28:19,781 [INFO] Starting scrape for part 2098557
2026-04-15 16:28:19,875 [INFO] Autocomplete for 1924067 returned 5 product candidates
2026-04-15 16:28:19,875 [INFO] No matching fullPart found in autocomplete list for 1924067
2026-04-15 16:28:19,878 [INFO] Part 1924067 NOT FOUND: autocomplete could not resolve exact part
2026-04-15 16:28:19,878 [INFO] [838/948] 1924067 | NOT FOUND (Not found in autocomplete)
2026-04-15 16:28:20,229 [INFO] [840/948] 14889911 | Attempt 1 started
2026-04-15 16:28:20,229 [INFO] Starting scrape for part 14889911
2026-04-15 16:28:20,551 [INFO] Autocomplete for 2098557 returned 3 product candidates
2026-04-15 16:28:20,551 [INFO] No matching fullPart found in autocomplete list for 2098557
2026-04-15 16:28:20,553 [INFO] Part 2098557 NOT FOUND: autocomplete could not resolve exact part
2026-04-15 16:28:20,553 [INFO] [839/948] 2098557 | NOT FOUND (Not found in autocomplete)
2026-04-15 16:28:20,705 [INFO] [835/948] 119240676 | FOUND
2026-04-15 16:28:20,724 [INFO] [826/948] 119240671 | FOUND
2026-04-15 16:28:20,903 [INFO] [841/948] 14889915 | Attempt 1 started
2026-04-15 16:28:20,904 [INFO] Starting scrape for part 14889915
2026-04-15 16:28:20,975 [INFO] Autocomplete for 14889911 returned 2 product candidates
2026-04-15 16:28:20,975 [INFO] Matched part 14889911 with Arrow fullPart=1488991-1 partSeo=1488991-1_1_11 mfrSeo=te-connectivity
2026-04-15 16:28:20,995 [INFO] [827/948] 119240674 | FOUND
2026-04-15 16:28:21,012 [INFO] [834/948] 119240673 | FOUND
2026-04-15 16:28:21,045 [INFO] [828/948] 20985571 | FOUND
2026-04-15 16:28:21,056 [INFO] [842/948] 14889912 | Attempt 1 started
2026-04-15 16:28:21,056 [INFO] Starting scrape for part 14889912
2026-04-15 16:28:21,074 [INFO] [843/948] 14889916 | Attempt 1 started
2026-04-15 16:28:21,074 [INFO] Starting scrape for part 14889916
2026-04-15 16:28:21,174 [INFO] [829/948] 20985574 | FOUND
2026-04-15 16:28:21,346 [INFO] [844/948] 14889913 | Attempt 1 started
2026-04-15 16:28:21,346 [INFO] Starting scrape for part 14889913
2026-04-15 16:28:21,363 [INFO] [845/948] 14889917 | Attempt 1 started
2026-04-15 16:28:21,364 [INFO] Starting scrape for part 14889917
2026-04-15 16:28:21,396 [INFO] [846/948] 14889914 | Attempt 1 started
2026-04-15 16:28:21,396 [INFO] Starting scrape for part 14889914
2026-04-15 16:28:21,525 [INFO] [847/948] 14889918 | Attempt 1 started
2026-04-15 16:28:21,526 [INFO] Starting scrape for part 14889918
2026-04-15 16:28:21,574 [INFO] Autocomplete for 14889915 returned 1 product candidates
2026-04-15 16:28:21,574 [INFO] Matched part 14889915 with Arrow fullPart=1488991-5 partSeo=1488991-5_1 mfrSeo=te-connectivity
2026-04-15 16:28:21,598 [INFO] Autocomplete for 20985576 returned 0 product candidates
2026-04-15 16:28:21,617 [INFO] Part 20985576 NOT FOUND: autocomplete could not resolve exact part
2026-04-15 16:28:21,617 [INFO] [837/948] 20985576 | NOT FOUND (Not found in autocomplete)
2026-04-15 16:28:21,619 [INFO] Autocomplete for 14889916 returned 1 product candidates
2026-04-15 16:28:21,619 [INFO] Matched part 14889916 with Arrow fullPart=1488991-6 partSeo=1488991-6_1 mfrSeo=te-connectivity
2026-04-15 16:28:21,971 [INFO] [848/948] 1488991 | Attempt 1 started
2026-04-15 16:28:21,971 [INFO] Starting scrape for part 1488991
2026-04-15 16:28:22,087 [INFO] Autocomplete for 14889918 returned 1 product candidates
2026-04-15 16:28:22,087 [INFO] Matched part 14889918 with Arrow fullPart=1488991-8 partSeo=1488991-8 mfrSeo=te-connectivity
2026-04-15 16:28:22,088 [INFO] Autocomplete for 14889917 returned 0 product candidates
2026-04-15 16:28:22,090 [INFO] Part 14889917 NOT FOUND: autocomplete could not resolve exact part
2026-04-15 16:28:22,090 [INFO] [845/948] 14889917 | NOT FOUND (Not found in autocomplete)
2026-04-15 16:28:22,387 [INFO] [830/948] 119240672 | FOUND
2026-04-15 16:28:22,441 [INFO] [849/948] 114564261 | Attempt 1 started
2026-04-15 16:28:22,441 [INFO] Starting scrape for part 114564261
2026-04-15 16:28:22,737 [INFO] [850/948] 114564265 | Attempt 1 started
2026-04-15 16:28:22,738 [INFO] Starting scrape for part 114564265
2026-04-15 16:28:22,913 [INFO] Autocomplete for 114564261 returned 1 product candidates
2026-04-15 16:28:22,913 [INFO] Matched part 114564261 with Arrow fullPart=1-1456426-1 partSeo=1-1456426-1_1_11 mfrSeo=te-connectivity
2026-04-15 16:28:23,250 [INFO] Autocomplete for 114564265 returned 1 product candidates
2026-04-15 16:28:23,250 [INFO] Matched part 114564265 with Arrow fullPart=1-1456426-5 partSeo=1-1456426-5_1_11 mfrSeo=te-connectivity
2026-04-15 16:28:23,851 [INFO] [840/948] 14889911 | FOUND
2026-04-15 16:28:23,877 [INFO] Autocomplete for 14889912 returned 2 product candidates
2026-04-15 16:28:23,877 [INFO] Matched part 14889912 with Arrow fullPart=1488991-2 partSeo=1488991-2_1 mfrSeo=te-connectivity
2026-04-15 16:28:24,120 [INFO] Autocomplete for 14889913 returned 1 product candidates
2026-04-15 16:28:24,120 [INFO] Matched part 14889913 with Arrow fullPart=1488991-3 partSeo=1488991-3_1 mfrSeo=te-connectivity
2026-04-15 16:28:24,218 [INFO] [851/948] 114564262 | Attempt 1 started
2026-04-15 16:28:24,218 [INFO] Starting scrape for part 114564262
2026-04-15 16:28:24,429 [INFO] Autocomplete for 14889914 returned 1 product candidates
2026-04-15 16:28:24,429 [INFO] Matched part 14889914 with Arrow fullPart=1488991-4 partSeo=1488991-4_1 mfrSeo=te-connectivity
2026-04-15 16:28:24,780 [INFO] Autocomplete for 1488991 returned 5 product candidates
2026-04-15 16:28:24,780 [INFO] No matching fullPart found in autocomplete list for 1488991
2026-04-15 16:28:24,782 [INFO] Part 1488991 NOT FOUND: autocomplete could not resolve exact part
2026-04-15 16:28:24,782 [INFO] [848/948] 1488991 | NOT FOUND (Not found in autocomplete)
2026-04-15 16:28:24,794 [INFO] [841/948] 14889915 | FOUND
2026-04-15 16:28:25,133 [INFO] [852/948] 114564266 | Attempt 1 started
2026-04-15 16:28:25,133 [INFO] Starting scrape for part 114564266
2026-04-15 16:28:25,144 [INFO] [853/948] 114564263 | Attempt 1 started
2026-04-15 16:28:25,145 [INFO] Starting scrape for part 114564263
2026-04-15 16:28:25,304 [INFO] [843/948] 14889916 | FOUND
2026-04-15 16:28:25,392 [INFO] [847/948] 14889918 | FOUND
2026-04-15 16:28:25,610 [INFO] Autocomplete for 114564263 returned 0 product candidates
2026-04-15 16:28:25,612 [INFO] Part 114564263 NOT FOUND: autocomplete could not resolve exact part
2026-04-15 16:28:25,612 [INFO] [853/948] 114564263 | NOT FOUND (Not found in autocomplete)
2026-04-15 16:28:25,655 [INFO] [854/948] 114564267 | Attempt 1 started
2026-04-15 16:28:25,655 [INFO] Starting scrape for part 114564267
2026-04-15 16:28:25,743 [INFO] [855/948] 114564264 | Attempt 1 started
2026-04-15 16:28:25,744 [INFO] Starting scrape for part 114564264
2026-04-15 16:28:25,963 [INFO] [856/948] 114564268 | Attempt 1 started
2026-04-15 16:28:25,963 [INFO] Starting scrape for part 114564268
2026-04-15 16:28:26,234 [INFO] Autocomplete for 114564267 returned 0 product candidates
2026-04-15 16:28:26,236 [INFO] Autocomplete for 114564264 returned 0 product candidates
2026-04-15 16:28:26,237 [INFO] Part 114564267 NOT FOUND: autocomplete could not resolve exact part
2026-04-15 16:28:26,237 [INFO] [854/948] 114564267 | NOT FOUND (Not found in autocomplete)
2026-04-15 16:28:26,238 [INFO] Part 114564264 NOT FOUND: autocomplete could not resolve exact part
2026-04-15 16:28:26,239 [INFO] [855/948] 114564264 | NOT FOUND (Not found in autocomplete)
2026-04-15 16:28:26,369 [INFO] [849/948] 114564261 | FOUND
2026-04-15 16:28:26,589 [INFO] [857/948] 1456426 | Attempt 1 started
2026-04-15 16:28:26,589 [INFO] Starting scrape for part 1456426
2026-04-15 16:28:26,589 [INFO] [858/948] 22037751 | Attempt 1 started
2026-04-15 16:28:26,590 [INFO] Starting scrape for part 22037751
2026-04-15 16:28:26,720 [INFO] [859/948] 22037752 | Attempt 1 started
2026-04-15 16:28:26,720 [INFO] Starting scrape for part 22037752
2026-04-15 16:28:26,801 [INFO] Autocomplete for 114564262 returned 0 product candidates
2026-04-15 16:28:26,802 [INFO] Part 114564262 NOT FOUND: autocomplete could not resolve exact part
2026-04-15 16:28:26,802 [INFO] [851/948] 114564262 | NOT FOUND (Not found in autocomplete)
2026-04-15 16:28:27,131 [INFO] [850/948] 114564265 | FOUND
2026-04-15 16:28:27,134 [INFO] Autocomplete for 1456426 returned 4 product candidates
2026-04-15 16:28:27,134 [INFO] No matching fullPart found in autocomplete list for 1456426
2026-04-15 16:28:27,135 [INFO] Part 1456426 NOT FOUND: autocomplete could not resolve exact part
2026-04-15 16:28:27,135 [INFO] [857/948] 1456426 | NOT FOUND (Not found in autocomplete)
2026-04-15 16:28:27,153 [INFO] [860/948] 22037753 | Attempt 1 started
2026-04-15 16:28:27,153 [INFO] Starting scrape for part 22037753
2026-04-15 16:28:27,178 [INFO] [844/948] 14889913 | FOUND
2026-04-15 16:28:27,482 [INFO] [861/948] 19242921 | Attempt 1 started
2026-04-15 16:28:27,482 [INFO] Starting scrape for part 19242921
2026-04-15 16:28:27,486 [INFO] [862/948] 19242925 | Attempt 1 started
2026-04-15 16:28:27,486 [INFO] Starting scrape for part 19242925
2026-04-15 16:28:27,529 [INFO] [863/948] 20985591 | Attempt 1 started
2026-04-15 16:28:27,529 [INFO] Starting scrape for part 20985591
2026-04-15 16:28:27,666 [INFO] Autocomplete for 22037753 returned 0 product candidates
2026-04-15 16:28:27,669 [INFO] Part 22037753 NOT FOUND: autocomplete could not resolve exact part
2026-04-15 16:28:27,669 [INFO] [860/948] 22037753 | NOT FOUND (Not found in autocomplete)
2026-04-15 16:28:27,688 [INFO] Autocomplete for 114564266 returned 1 product candidates
2026-04-15 16:28:27,689 [INFO] Matched part 114564266 with Arrow fullPart=1-1456426-6 partSeo=1-1456426-6_1 mfrSeo=te-connectivity
2026-04-15 16:28:27,816 [INFO] [846/948] 14889914 | FOUND
2026-04-15 16:28:28,020 [INFO] [864/948] 20985595 | Attempt 1 started
2026-04-15 16:28:28,020 [INFO] Starting scrape for part 20985595
2026-04-15 16:28:28,037 [INFO] Autocomplete for 19242925 returned 1 product candidates
2026-04-15 16:28:28,038 [INFO] Matched part 19242925 with Arrow fullPart=1924292-5 partSeo=1924292-5_1 mfrSeo=te-connectivity
2026-04-15 16:28:28,172 [INFO] [865/948] 19242922 | Attempt 1 started
2026-04-15 16:28:28,172 [INFO] Starting scrape for part 19242922
2026-04-15 16:28:28,173 [INFO] [842/948] 14889912 | FOUND
2026-04-15 16:28:28,456 [INFO] Autocomplete for 114564268 returned 0 product candidates
2026-04-15 16:28:28,457 [INFO] Part 114564268 NOT FOUND: autocomplete could not resolve exact part
2026-04-15 16:28:28,457 [INFO] [856/948] 114564268 | NOT FOUND (Not found in autocomplete)
2026-04-15 16:28:28,524 [INFO] [866/948] 19242926 | Attempt 1 started
2026-04-15 16:28:28,524 [INFO] Starting scrape for part 19242926
2026-04-15 16:28:28,808 [INFO] [867/948] 20985592 | Attempt 1 started
2026-04-15 16:28:28,808 [INFO] Starting scrape for part 20985592
2026-04-15 16:28:29,077 [INFO] Autocomplete for 19242926 returned 1 product candidates
2026-04-15 16:28:29,077 [INFO] Matched part 19242926 with Arrow fullPart=1924292-6 partSeo=1924292-6_1 mfrSeo=te-connectivity
2026-04-15 16:28:29,177 [INFO] Autocomplete for 22037751 returned 0 product candidates
2026-04-15 16:28:29,179 [INFO] Autocomplete for 22037752 returned 0 product candidates
2026-04-15 16:28:29,180 [INFO] Part 22037751 NOT FOUND: autocomplete could not resolve exact part
2026-04-15 16:28:29,180 [INFO] [858/948] 22037751 | NOT FOUND (Not found in autocomplete)
2026-04-15 16:28:29,181 [INFO] Part 22037752 NOT FOUND: autocomplete could not resolve exact part
2026-04-15 16:28:29,181 [INFO] [859/948] 22037752 | NOT FOUND (Not found in autocomplete)
2026-04-15 16:28:29,258 [INFO] Autocomplete for 20985592 returned 0 product candidates
2026-04-15 16:28:29,259 [INFO] Part 20985592 NOT FOUND: autocomplete could not resolve exact part
2026-04-15 16:28:29,260 [INFO] [867/948] 20985592 | NOT FOUND (Not found in autocomplete)
2026-04-15 16:28:29,531 [INFO] [868/948] 20985596 | Attempt 1 started
2026-04-15 16:28:29,531 [INFO] Starting scrape for part 20985596
2026-04-15 16:28:29,532 [INFO] [869/948] 19242923 | Attempt 1 started
2026-04-15 16:28:29,532 [INFO] Starting scrape for part 19242923
2026-04-15 16:28:29,613 [INFO] [870/948] 19242927 | Attempt 1 started
2026-04-15 16:28:29,625 [INFO] Starting scrape for part 19242927
2026-04-15 16:28:30,053 [INFO] Autocomplete for 19242921 returned 1 product candidates
2026-04-15 16:28:30,053 [INFO] Matched part 19242921 with Arrow fullPart=1924292-1 partSeo=1924292-1 mfrSeo=te-connectivity
2026-04-15 16:28:30,091 [INFO] Autocomplete for 19242927 returned 1 product candidates
2026-04-15 16:28:30,091 [INFO] Matched part 19242927 with Arrow fullPart=1924292-7 partSeo=1924292-7_1 mfrSeo=te-connectivity
2026-04-15 16:28:30,111 [INFO] Autocomplete for 20985591 returned 0 product candidates
2026-04-15 16:28:30,112 [INFO] Part 20985591 NOT FOUND: autocomplete could not resolve exact part
2026-04-15 16:28:30,127 [INFO] [863/948] 20985591 | NOT FOUND (Not found in autocomplete)
2026-04-15 16:28:30,494 [INFO] [871/948] 20985593 | Attempt 1 started
2026-04-15 16:28:30,495 [INFO] Starting scrape for part 20985593
2026-04-15 16:28:30,646 [INFO] Autocomplete for 20985595 returned 0 product candidates
2026-04-15 16:28:30,650 [INFO] Part 20985595 NOT FOUND: autocomplete could not resolve exact part
2026-04-15 16:28:30,650 [INFO] [864/948] 20985595 | NOT FOUND (Not found in autocomplete)
2026-04-15 16:28:30,689 [INFO] Autocomplete for 19242922 returned 0 product candidates
2026-04-15 16:28:30,693 [INFO] Part 19242922 NOT FOUND: autocomplete could not resolve exact part
2026-04-15 16:28:30,693 [INFO] [865/948] 19242922 | NOT FOUND (Not found in autocomplete)
2026-04-15 16:28:31,000 [INFO] [872/948] 20985597 | Attempt 1 started
2026-04-15 16:28:31,000 [INFO] Starting scrape for part 20985597
2026-04-15 16:28:31,044 [INFO] [873/948] 1924292 | Attempt 1 started
2026-04-15 16:28:31,044 [INFO] Starting scrape for part 1924292
2026-04-15 16:28:31,102 [INFO] [852/948] 114564266 | FOUND
2026-04-15 16:28:31,453 [INFO] [874/948] 2098559 | Attempt 1 started
2026-04-15 16:28:31,453 [INFO] Starting scrape for part 2098559
2026-04-15 16:28:31,557 [INFO] Autocomplete for 1924292 returned 5 product candidates
2026-04-15 16:28:31,557 [INFO] No matching fullPart found in autocomplete list for 1924292
2026-04-15 16:28:31,558 [INFO] Part 1924292 NOT FOUND: autocomplete could not resolve exact part
2026-04-15 16:28:31,558 [INFO] [873/948] 1924292 | NOT FOUND (Not found in autocomplete)
2026-04-15 16:28:31,908 [INFO] [875/948] 23101371 | Attempt 1 started
2026-04-15 16:28:31,909 [INFO] Starting scrape for part 23101371
2026-04-15 16:28:31,912 [INFO] Autocomplete for 2098559 returned 0 product candidates
2026-04-15 16:28:31,912 [INFO] Part 2098559 NOT FOUND: autocomplete could not resolve exact part
2026-04-15 16:28:31,912 [INFO] [874/948] 2098559 | NOT FOUND (Not found in autocomplete)
2026-04-15 16:28:32,019 [INFO] Autocomplete for 20985596 returned 0 product candidates
2026-04-15 16:28:32,020 [INFO] Part 20985596 NOT FOUND: autocomplete could not resolve exact part
2026-04-15 16:28:32,020 [INFO] [868/948] 20985596 | NOT FOUND (Not found in autocomplete)
2026-04-15 16:28:32,167 [INFO] Autocomplete for 19242923 returned 0 product candidates
2026-04-15 16:28:32,169 [INFO] Part 19242923 NOT FOUND: autocomplete could not resolve exact part
2026-04-15 16:28:32,169 [INFO] [869/948] 19242923 | NOT FOUND (Not found in autocomplete)
2026-04-15 16:28:32,230 [INFO] [866/948] 19242926 | FOUND
2026-04-15 16:28:32,263 [INFO] [876/948] 23068681 | Attempt 1 started
2026-04-15 16:28:32,263 [INFO] Starting scrape for part 23068681
2026-04-15 16:28:32,341 [INFO] Autocomplete for 23101371 returned 1 product candidates
2026-04-15 16:28:32,341 [INFO] No matching fullPart found in autocomplete list for 23101371
2026-04-15 16:28:32,342 [INFO] Part 23101371 NOT FOUND: autocomplete could not resolve exact part
2026-04-15 16:28:32,342 [INFO] [875/948] 23101371 | NOT FOUND (Not found in autocomplete)
2026-04-15 16:28:32,379 [INFO] [877/948] 22987211 | Attempt 1 started
2026-04-15 16:28:32,379 [INFO] Starting scrape for part 22987211
2026-04-15 16:28:32,473 [INFO] [862/948] 19242925 | FOUND
2026-04-15 16:28:32,520 [INFO] [878/948] 23431371 | Attempt 1 started
2026-04-15 16:28:32,520 [INFO] Starting scrape for part 23431371
2026-04-15 16:28:32,581 [INFO] [879/948] 23576001 | Attempt 1 started
2026-04-15 16:28:32,581 [INFO] Starting scrape for part 23576001
2026-04-15 16:28:32,693 [INFO] [880/948] 23431391 | Attempt 1 started
2026-04-15 16:28:32,693 [INFO] Starting scrape for part 23431391
2026-04-15 16:28:32,794 [INFO] Autocomplete for 23068681 returned 1 product candidates
2026-04-15 16:28:32,795 [INFO] No matching fullPart found in autocomplete list for 23068681
2026-04-15 16:28:32,796 [INFO] Part 23068681 NOT FOUND: autocomplete could not resolve exact part
2026-04-15 16:28:32,796 [INFO] [876/948] 23068681 | NOT FOUND (Not found in autocomplete)
2026-04-15 16:28:32,806 [INFO] [861/948] 19242921 | FOUND
2026-04-15 16:28:32,824 [INFO] [881/948] 423101381 | Attempt 1 started
2026-04-15 16:28:32,824 [INFO] Starting scrape for part 423101381
2026-04-15 16:28:33,035 [INFO] Autocomplete for 23431371 returned 1 product candidates
2026-04-15 16:28:33,035 [INFO] No matching fullPart found in autocomplete list for 23431371
2026-04-15 16:28:33,037 [INFO] Part 23431371 NOT FOUND: autocomplete could not resolve exact part
2026-04-15 16:28:33,037 [INFO] [878/948] 23431371 | NOT FOUND (Not found in autocomplete)
2026-04-15 16:28:33,148 [INFO] [882/948] 423064981 | Attempt 1 started
2026-04-15 16:28:33,148 [INFO] Starting scrape for part 423064981
2026-04-15 16:28:33,155 [INFO] Autocomplete for 23431391 returned 1 product candidates
2026-04-15 16:28:33,156 [INFO] No matching fullPart found in autocomplete list for 23431391
2026-04-15 16:28:33,158 [INFO] Part 23431391 NOT FOUND: autocomplete could not resolve exact part
2026-04-15 16:28:33,158 [INFO] [883/948] 223628031 | Attempt 1 started
2026-04-15 16:28:33,159 [INFO] [880/948] 23431391 | NOT FOUND (Not found in autocomplete)
2026-04-15 16:28:33,159 [INFO] Starting scrape for part 223628031
2026-04-15 16:28:33,260 [INFO] [870/948] 19242927 | FOUND
2026-04-15 16:28:33,387 [INFO] [884/948] 23949251 | Attempt 1 started
2026-04-15 16:28:33,388 [INFO] Starting scrape for part 23949251
2026-04-15 16:28:33,469 [INFO] Autocomplete for 20985593 returned 0 product candidates
2026-04-15 16:28:33,471 [INFO] Part 20985593 NOT FOUND: autocomplete could not resolve exact part
2026-04-15 16:28:33,471 [INFO] [871/948] 20985593 | NOT FOUND (Not found in autocomplete)
2026-04-15 16:28:33,510 [INFO] [885/948] 23063681 | Attempt 1 started
2026-04-15 16:28:33,510 [INFO] Starting scrape for part 23063681
2026-04-15 16:28:33,607 [INFO] Autocomplete for 223628031 returned 1 product candidates
2026-04-15 16:28:33,607 [INFO] Matched part 223628031 with Arrow fullPart=2-2362803-1 partSeo=2-2362803-1 mfrSeo=te-connectivity
2026-04-15 16:28:33,611 [INFO] [886/948] 23041681 | Attempt 1 started
2026-04-15 16:28:33,611 [INFO] Starting scrape for part 23041681
2026-04-15 16:28:33,644 [INFO] Autocomplete for 423064981 returned 0 product candidates
2026-04-15 16:28:33,653 [INFO] Part 423064981 NOT FOUND: autocomplete could not resolve exact part
2026-04-15 16:28:33,653 [INFO] [882/948] 423064981 | NOT FOUND (Not found in autocomplete)
2026-04-15 16:28:33,821 [INFO] [887/948] 24048151 | Attempt 1 started
2026-04-15 16:28:33,822 [INFO] Starting scrape for part 24048151
2026-04-15 16:28:33,835 [INFO] Autocomplete for 23949251 returned 1 product candidates
2026-04-15 16:28:33,835 [INFO] Matched part 23949251 with Arrow fullPart=2394925-1 partSeo=2394925-1 mfrSeo=te-connectivity
2026-04-15 16:28:33,956 [INFO] Autocomplete for 20985597 returned 0 product candidates
2026-04-15 16:28:33,958 [INFO] Part 20985597 NOT FOUND: autocomplete could not resolve exact part
2026-04-15 16:28:33,958 [INFO] [872/948] 20985597 | NOT FOUND (Not found in autocomplete)
2026-04-15 16:28:34,004 [INFO] [888/948] 223101371 | Attempt 1 started
2026-04-15 16:28:34,004 [INFO] Starting scrape for part 223101371
2026-04-15 16:28:34,112 [INFO] Autocomplete for 23041681 returned 1 product candidates
2026-04-15 16:28:34,112 [INFO] Matched part 23041681 with Arrow fullPart=2304168-1 partSeo=2304168-1_1 mfrSeo=te-connectivity
2026-04-15 16:28:34,309 [INFO] [889/948] 223068681 | Attempt 1 started
2026-04-15 16:28:34,310 [INFO] Starting scrape for part 223068681
2026-04-15 16:28:34,357 [INFO] Autocomplete for 24048151 returned 1 product candidates
2026-04-15 16:28:34,357 [INFO] Matched part 24048151 with Arrow fullPart=2404815-1 partSeo=2404815-1 mfrSeo=te-connectivity
2026-04-15 16:28:35,062 [INFO] Autocomplete for 22987211 returned 2 product candidates
2026-04-15 16:28:35,062 [INFO] Matched part 22987211 with Arrow fullPart=2298721-1 partSeo=2298721-1_1 mfrSeo=te-connectivity
2026-04-15 16:28:35,260 [INFO] Autocomplete for 23576001 returned 0 product candidates
2026-04-15 16:28:35,262 [INFO] Part 23576001 NOT FOUND: autocomplete could not resolve exact part
2026-04-15 16:28:35,262 [INFO] [879/948] 23576001 | NOT FOUND (Not found in autocomplete)
2026-04-15 16:28:35,377 [INFO] Autocomplete for 423101381 returned 0 product candidates
2026-04-15 16:28:35,378 [INFO] Part 423101381 NOT FOUND: autocomplete could not resolve exact part
2026-04-15 16:28:35,378 [INFO] [881/948] 423101381 | NOT FOUND (Not found in autocomplete)
2026-04-15 16:28:35,612 [INFO] [890/948] 222987211 | Attempt 1 started
2026-04-15 16:28:35,613 [INFO] Starting scrape for part 222987211
2026-04-15 16:28:35,728 [INFO] [891/948] 223431371 | Attempt 1 started
2026-04-15 16:28:35,728 [INFO] Starting scrape for part 223431371
2026-04-15 16:28:36,037 [INFO] Autocomplete for 222987211 returned 1 product candidates
2026-04-15 16:28:36,037 [INFO] Matched part 222987211 with Arrow fullPart=2-2298721-1 partSeo=2-2298721-1 mfrSeo=te-connectivity
2026-04-15 16:28:36,077 [INFO] Autocomplete for 23063681 returned 1 product candidates
2026-04-15 16:28:36,077 [INFO] Matched part 23063681 with Arrow fullPart=2306368-1 partSeo=2306368-1 mfrSeo=te-connectivity
2026-04-15 16:28:36,222 [INFO] Autocomplete for 223431371 returned 1 product candidates
2026-04-15 16:28:36,222 [INFO] Matched part 223431371 with Arrow fullPart=2-2343137-1 partSeo=2-2343137-1 mfrSeo=te-connectivity
2026-04-15 16:28:36,468 [INFO] Autocomplete for 223101371 returned 1 product candidates
2026-04-15 16:28:36,468 [INFO] Matched part 223101371 with Arrow fullPart=2-2310137-1 partSeo=2-2310137-1 mfrSeo=te-connectivity
2026-04-15 16:28:36,661 [INFO] [883/948] 223628031 | FOUND
2026-04-15 16:28:36,837 [INFO] [884/948] 23949251 | FOUND
2026-04-15 16:28:37,012 [INFO] [892/948] 223576001 | Attempt 1 started
2026-04-15 16:28:37,012 [INFO] Starting scrape for part 223576001
2026-04-15 16:28:37,188 [INFO] [893/948] 223431391 | Attempt 1 started
2026-04-15 16:28:37,188 [INFO] Starting scrape for part 223431391
2026-04-15 16:28:37,196 [INFO] [886/948] 23041681 | FOUND
2026-04-15 16:28:37,371 [INFO] Autocomplete for 223068681 returned 1 product candidates
2026-04-15 16:28:37,371 [INFO] Matched part 223068681 with Arrow fullPart=2-2306868-1 partSeo=2-2306868-1 mfrSeo=te-connectivity
2026-04-15 16:28:37,430 [INFO] Autocomplete for 223576001 returned 0 product candidates
2026-04-15 16:28:37,431 [INFO] Part 223576001 NOT FOUND: autocomplete could not resolve exact part
2026-04-15 16:28:37,431 [INFO] [892/948] 223576001 | NOT FOUND (Not found in autocomplete)
2026-04-15 16:28:37,547 [INFO] [894/948] AMK17A102Z5A | Attempt 1 started
2026-04-15 16:28:37,547 [INFO] Starting scrape for part AMK17A102Z5A
2026-04-15 16:28:37,601 [INFO] Autocomplete for 223431391 returned 1 product candidates
2026-04-15 16:28:37,601 [INFO] Matched part 223431391 with Arrow fullPart=2-2343139-1 partSeo=2-2343139-1 mfrSeo=te-connectivity
2026-04-15 16:28:37,782 [INFO] [895/948] AMK17B102Z5A | Attempt 1 started
2026-04-15 16:28:37,782 [INFO] Starting scrape for part AMK17B102Z5A
2026-04-15 16:28:37,889 [INFO] [877/948] 22987211 | FOUND
2026-04-15 16:28:38,239 [INFO] [896/948] AMK17C102Z5A | Attempt 1 started
2026-04-15 16:28:38,240 [INFO] Starting scrape for part AMK17C102Z5A
2026-04-15 16:28:38,380 [INFO] [887/948] 24048151 | FOUND
2026-04-15 16:28:38,730 [INFO] [897/948] AMK11D102Z5A | Attempt 1 started
2026-04-15 16:28:38,730 [INFO] Starting scrape for part AMK11D102Z5A
2026-04-15 16:28:39,081 [INFO] [891/948] 223431371 | FOUND
2026-04-15 16:28:39,192 [INFO] Autocomplete for AMK11D102Z5A returned 0 product candidates
2026-04-15 16:28:39,193 [INFO] Part AMK11D102Z5A NOT FOUND: autocomplete could not resolve exact part
2026-04-15 16:28:39,193 [INFO] [897/948] AMK11D102Z5A | NOT FOUND (Not found in autocomplete)
2026-04-15 16:28:39,427 [INFO] [885/948] 23063681 | FOUND
2026-04-15 16:28:39,432 [INFO] [898/948] AMK23A102Z5A | Attempt 1 started
2026-04-15 16:28:39,432 [INFO] Starting scrape for part AMK23A102Z5A
2026-04-15 16:28:39,552 [INFO] [899/948] AMK14G102Z5A | Attempt 1 started
2026-04-15 16:28:39,552 [INFO] Starting scrape for part AMK14G102Z5A
2026-04-15 16:28:39,777 [INFO] [900/948] AMK14G1M4Z5A | Attempt 1 started
2026-04-15 16:28:39,777 [INFO] Starting scrape for part AMK14G1M4Z5A
2026-04-15 16:28:39,844 [INFO] [890/948] 222987211 | FOUND
2026-04-15 16:28:40,049 [INFO] Autocomplete for AMK17A102Z5A returned 0 product candidates
2026-04-15 16:28:40,051 [INFO] Part AMK17A102Z5A NOT FOUND: autocomplete could not resolve exact part
2026-04-15 16:28:40,051 [INFO] [894/948] AMK17A102Z5A | NOT FOUND (Not found in autocomplete)
2026-04-15 16:28:40,194 [INFO] [901/948] AMK14K102Z5A | Attempt 1 started
2026-04-15 16:28:40,195 [INFO] Starting scrape for part AMK14K102Z5A
2026-04-15 16:28:40,227 [INFO] [888/948] 223101371 | FOUND
2026-04-15 16:28:40,300 [INFO] Autocomplete for AMK17B102Z5A returned 0 product candidates
2026-04-15 16:28:40,301 [INFO] Part AMK17B102Z5A NOT FOUND: autocomplete could not resolve exact part
2026-04-15 16:28:40,301 [INFO] [895/948] AMK17B102Z5A | NOT FOUND (Not found in autocomplete)
2026-04-15 16:28:40,384 [INFO] [889/948] 223068681 | FOUND
2026-04-15 16:28:40,402 [INFO] [902/948] AMK14K1M4Z5A | Attempt 1 started
2026-04-15 16:28:40,402 [INFO] Starting scrape for part AMK14K1M4Z5A
2026-04-15 16:28:40,578 [INFO] [903/948] 7283901630 | Attempt 1 started
2026-04-15 16:28:40,578 [INFO] Starting scrape for part 7283901630
2026-04-15 16:28:40,651 [INFO] [904/948] 7283902830 | Attempt 1 started
2026-04-15 16:28:40,652 [INFO] Starting scrape for part 7283902830
2026-04-15 16:28:40,736 [INFO] [905/948] 7283902940 | Attempt 1 started
2026-04-15 16:28:40,736 [INFO] Starting scrape for part 7283902940
2026-04-15 16:28:40,761 [INFO] [893/948] 223431391 | FOUND
2026-04-15 16:28:41,112 [INFO] [906/948] 7283904030 | Attempt 1 started
2026-04-15 16:28:41,112 [INFO] Starting scrape for part 7283904030
2026-04-15 16:28:41,325 [INFO] Autocomplete for AMK17C102Z5A returned 0 product candidates
2026-04-15 16:28:41,327 [INFO] Part AMK17C102Z5A NOT FOUND: autocomplete could not resolve exact part
2026-04-15 16:28:41,328 [INFO] [896/948] AMK17C102Z5A | NOT FOUND (Not found in autocomplete)
2026-04-15 16:28:41,678 [INFO] [907/948] 7283904360 | Attempt 1 started
2026-04-15 16:28:41,679 [INFO] Starting scrape for part 7283904360
2026-04-15 16:28:41,816 [INFO] Autocomplete for 7283904030 returned 0 product candidates
2026-04-15 16:28:41,820 [INFO] Part 7283904030 NOT FOUND: autocomplete could not resolve exact part
2026-04-15 16:28:41,820 [INFO] [906/948] 7283904030 | NOT FOUND (Not found in autocomplete)
2026-04-15 16:28:42,171 [INFO] [908/948] 72839045 | Attempt 1 started
2026-04-15 16:28:42,172 [INFO] Starting scrape for part 72839045
2026-04-15 16:28:42,225 [INFO] Autocomplete for 7283904360 returned 0 product candidates
2026-04-15 16:28:42,228 [INFO] Part 7283904360 NOT FOUND: autocomplete could not resolve exact part
2026-04-15 16:28:42,228 [INFO] [907/948] 7283904360 | NOT FOUND (Not found in autocomplete)
2026-04-15 16:28:42,408 [INFO] Autocomplete for AMK14G1M4Z5A returned 0 product candidates
2026-04-15 16:28:42,411 [INFO] Part AMK14G1M4Z5A NOT FOUND: autocomplete could not resolve exact part
2026-04-15 16:28:42,411 [INFO] [900/948] AMK14G1M4Z5A | NOT FOUND (Not found in autocomplete)
2026-04-15 16:28:42,578 [INFO] [909/948] 7283905230 | Attempt 1 started
2026-04-15 16:28:42,579 [INFO] Starting scrape for part 7283905230
2026-04-15 16:28:42,667 [INFO] Autocomplete for 72839045 returned 0 product candidates
2026-04-15 16:28:42,669 [INFO] Part 72839045 NOT FOUND: autocomplete could not resolve exact part
2026-04-15 16:28:42,669 [INFO] [908/948] 72839045 | NOT FOUND (Not found in autocomplete)
2026-04-15 16:28:42,762 [INFO] [910/948] 7283911030 | Attempt 1 started
2026-04-15 16:28:42,762 [INFO] Starting scrape for part 7283911030
2026-04-15 16:28:43,020 [INFO] [911/948] 7283911140 | Attempt 1 started
2026-04-15 16:28:43,021 [INFO] Starting scrape for part 7283911140
2026-04-15 16:28:43,212 [INFO] Autocomplete for 7283911030 returned 0 product candidates
2026-04-15 16:28:43,213 [INFO] Part 7283911030 NOT FOUND: autocomplete could not resolve exact part
2026-04-15 16:28:43,213 [INFO] [910/948] 7283911030 | NOT FOUND (Not found in autocomplete)
2026-04-15 16:28:43,329 [INFO] Autocomplete for AMK23A102Z5A returned 0 product candidates
2026-04-15 16:28:43,330 [INFO] Part AMK23A102Z5A NOT FOUND: autocomplete could not resolve exact part
2026-04-15 16:28:43,330 [INFO] [898/948] AMK23A102Z5A | NOT FOUND (Not found in autocomplete)
2026-04-15 16:28:43,494 [INFO] Autocomplete for 7283911140 returned 0 product candidates
2026-04-15 16:28:43,495 [INFO] Part 7283911140 NOT FOUND: autocomplete could not resolve exact part
2026-04-15 16:28:43,495 [INFO] [911/948] 7283911140 | NOT FOUND (Not found in autocomplete)
2026-04-15 16:28:43,564 [INFO] [912/948] 7283911280 | Attempt 1 started
2026-04-15 16:28:43,564 [INFO] Starting scrape for part 7283911280
2026-04-15 16:28:43,685 [INFO] [913/948] X41387AH87 | Attempt 1 started
2026-04-15 16:28:43,685 [INFO] Starting scrape for part X41387AH87
2026-04-15 16:28:43,846 [INFO] [914/948] X41387AH88 | Attempt 1 started
2026-04-15 16:28:43,846 [INFO] Starting scrape for part X41387AH88
2026-04-15 16:28:44,168 [INFO] Autocomplete for X41387AH87 returned 0 product candidates
2026-04-15 16:28:44,169 [INFO] Part X41387AH87 NOT FOUND: autocomplete could not resolve exact part
2026-04-15 16:28:44,169 [INFO] [913/948] X41387AH87 | NOT FOUND (Not found in autocomplete)
2026-04-15 16:28:44,374 [INFO] Autocomplete for AMK14K102Z5A returned 0 product candidates
2026-04-15 16:28:44,375 [INFO] Part AMK14K102Z5A NOT FOUND: autocomplete could not resolve exact part
2026-04-15 16:28:44,376 [INFO] [901/948] AMK14K102Z5A | NOT FOUND (Not found in autocomplete)
2026-04-15 16:28:44,509 [INFO] Autocomplete for AMK14G102Z5A returned 0 product candidates
2026-04-15 16:28:44,510 [INFO] Part AMK14G102Z5A NOT FOUND: autocomplete could not resolve exact part
2026-04-15 16:28:44,510 [INFO] [899/948] AMK14G102Z5A | NOT FOUND (Not found in autocomplete)
2026-04-15 16:28:44,520 [INFO] [915/948] 7283596730 | Attempt 1 started
2026-04-15 16:28:44,520 [INFO] Starting scrape for part 7283596730
2026-04-15 16:28:44,726 [INFO] [916/948] 7283643030 | Attempt 1 started
2026-04-15 16:28:44,727 [INFO] Starting scrape for part 7283643030
2026-04-15 16:28:44,861 [INFO] [917/948] 7283664730 | Attempt 1 started
2026-04-15 16:28:44,861 [INFO] Starting scrape for part 7283664730
2026-04-15 16:28:44,909 [INFO] Autocomplete for AMK14K1M4Z5A returned 0 product candidates
2026-04-15 16:28:44,912 [INFO] Part AMK14K1M4Z5A NOT FOUND: autocomplete could not resolve exact part
2026-04-15 16:28:44,912 [INFO] [902/948] AMK14K1M4Z5A | NOT FOUND (Not found in autocomplete)
2026-04-15 16:28:45,029 [INFO] Autocomplete for 7283902830 returned 0 product candidates
2026-04-15 16:28:45,030 [INFO] Part 7283902830 NOT FOUND: autocomplete could not resolve exact part
2026-04-15 16:28:45,030 [INFO] [904/948] 7283902830 | NOT FOUND (Not found in autocomplete)
2026-04-15 16:28:45,194 [INFO] Autocomplete for 7283905230 returned 0 product candidates
2026-04-15 16:28:45,196 [INFO] Part 7283905230 NOT FOUND: autocomplete could not resolve exact part
2026-04-15 16:28:45,196 [INFO] [909/948] 7283905230 | NOT FOUND (Not found in autocomplete)
2026-04-15 16:28:45,263 [INFO] [918/948] 7283849230 | Attempt 1 started
2026-04-15 16:28:45,263 [INFO] Starting scrape for part 7283849230
2026-04-15 16:28:45,370 [INFO] Autocomplete for 7283664730 returned 0 product candidates
2026-04-15 16:28:45,370 [INFO] Part 7283664730 NOT FOUND: autocomplete could not resolve exact part
2026-04-15 16:28:45,370 [INFO] [917/948] 7283664730 | NOT FOUND (Not found in autocomplete)
2026-04-15 16:28:45,381 [INFO] [919/948] 7283840730 | Attempt 1 started
2026-04-15 16:28:45,381 [INFO] Starting scrape for part 7283840730
2026-04-15 16:28:45,547 [INFO] [920/948] 7283859630 | Attempt 1 started
2026-04-15 16:28:45,547 [INFO] Starting scrape for part 7283859630
2026-04-15 16:28:45,636 [INFO] Autocomplete for 7283902940 returned 0 product candidates
2026-04-15 16:28:45,650 [INFO] Part 7283902940 NOT FOUND: autocomplete could not resolve exact part
2026-04-15 16:28:45,651 [INFO] [905/948] 7283902940 | NOT FOUND (Not found in autocomplete)
2026-04-15 16:28:45,706 [INFO] Autocomplete for 7283901630 returned 0 product candidates
2026-04-15 16:28:45,709 [INFO] Part 7283901630 NOT FOUND: autocomplete could not resolve exact part
2026-04-15 16:28:45,709 [INFO] [903/948] 7283901630 | NOT FOUND (Not found in autocomplete)
2026-04-15 16:28:45,721 [INFO] [921/948] 7287837840 | Attempt 1 started
2026-04-15 16:28:45,721 [INFO] Starting scrape for part 7287837840
2026-04-15 16:28:46,004 [INFO] [922/948] 7287159530 | Attempt 1 started
2026-04-15 16:28:46,005 [INFO] Starting scrape for part 7287159530
2026-04-15 16:28:46,076 [INFO] [923/948] 7287159630 | Attempt 1 started
2026-04-15 16:28:46,089 [INFO] Starting scrape for part 7287159630
2026-04-15 16:28:46,213 [INFO] Autocomplete for 7283911280 returned 0 product candidates
2026-04-15 16:28:46,215 [INFO] Part 7283911280 NOT FOUND: autocomplete could not resolve exact part
2026-04-15 16:28:46,215 [INFO] [912/948] 7283911280 | NOT FOUND (Not found in autocomplete)
2026-04-15 16:28:46,316 [INFO] Autocomplete for X41387AH88 returned 0 product candidates
2026-04-15 16:28:46,319 [INFO] Part X41387AH88 NOT FOUND: autocomplete could not resolve exact part
2026-04-15 16:28:46,319 [INFO] [914/948] X41387AH88 | NOT FOUND (Not found in autocomplete)
2026-04-15 16:28:46,346 [INFO] Autocomplete for 7283859630 returned 0 product candidates
2026-04-15 16:28:46,348 [INFO] Part 7283859630 NOT FOUND: autocomplete could not resolve exact part
2026-04-15 16:28:46,348 [INFO] [920/948] 7283859630 | NOT FOUND (Not found in autocomplete)
2026-04-15 16:28:46,565 [INFO] [924/948] 7287159730 | Attempt 1 started
2026-04-15 16:28:46,566 [INFO] Starting scrape for part 7287159730
2026-04-15 16:28:46,579 [INFO] Autocomplete for 7287159630 returned 0 product candidates
2026-04-15 16:28:46,583 [INFO] Part 7287159630 NOT FOUND: autocomplete could not resolve exact part
2026-04-15 16:28:46,583 [INFO] [923/948] 7287159630 | NOT FOUND (Not found in autocomplete)
2026-04-15 16:28:46,670 [INFO] [925/948] 7287159830 | Attempt 1 started
2026-04-15 16:28:46,671 [INFO] Starting scrape for part 7287159830
2026-04-15 16:28:46,699 [INFO] [926/948] 7287596730 | Attempt 1 started
2026-04-15 16:28:46,699 [INFO] Starting scrape for part 7287596730
2026-04-15 16:28:46,933 [INFO] [927/948] 7283649830 | Attempt 1 started
2026-04-15 16:28:46,934 [INFO] Starting scrape for part 7283649830
2026-04-15 16:28:47,581 [INFO] Autocomplete for 7283649830 returned 0 product candidates
2026-04-15 16:28:47,585 [INFO] Part 7283649830 NOT FOUND: autocomplete could not resolve exact part
2026-04-15 16:28:47,585 [INFO] [927/948] 7283649830 | NOT FOUND (Not found in autocomplete)
2026-04-15 16:28:47,935 [INFO] [928/948] 7283646610 | Attempt 1 started
2026-04-15 16:28:47,936 [INFO] Starting scrape for part 7283646610
2026-04-15 16:28:48,006 [INFO] Autocomplete for 7283840730 returned 0 product candidates
2026-04-15 16:28:48,008 [INFO] Part 7283840730 NOT FOUND: autocomplete could not resolve exact part
2026-04-15 16:28:48,008 [INFO] [919/948] 7283840730 | NOT FOUND (Not found in autocomplete)
2026-04-15 16:28:48,359 [INFO] [929/948] 7283664510 | Attempt 1 started
2026-04-15 16:28:48,359 [INFO] Starting scrape for part 7283664510
2026-04-15 16:28:48,521 [INFO] Autocomplete for 7283646610 returned 0 product candidates
2026-04-15 16:28:48,523 [INFO] Part 7283646610 NOT FOUND: autocomplete could not resolve exact part
2026-04-15 16:28:48,523 [INFO] [928/948] 7283646610 | NOT FOUND (Not found in autocomplete)
2026-04-15 16:28:48,584 [INFO] Autocomplete for 7283643030 returned 0 product candidates
2026-04-15 16:28:48,586 [INFO] Part 7283643030 NOT FOUND: autocomplete could not resolve exact part
2026-04-15 16:28:48,586 [INFO] [916/948] 7283643030 | NOT FOUND (Not found in autocomplete)
2026-04-15 16:28:48,681 [INFO] Autocomplete for 7283596730 returned 0 product candidates
2026-04-15 16:28:48,683 [INFO] Part 7283596730 NOT FOUND: autocomplete could not resolve exact part
2026-04-15 16:28:48,684 [INFO] [915/948] 7283596730 | NOT FOUND (Not found in autocomplete)
2026-04-15 16:28:48,874 [INFO] [930/948] 7283644340 | Attempt 1 started
2026-04-15 16:28:48,874 [INFO] Starting scrape for part 7283644340
2026-04-15 16:28:48,943 [INFO] [931/948] 7283644350 | Attempt 1 started
2026-04-15 16:28:48,943 [INFO] Starting scrape for part 7283644350
2026-04-15 16:28:49,034 [INFO] [932/948] 7283344040 | Attempt 1 started
2026-04-15 16:28:49,034 [INFO] Starting scrape for part 7283344040
2026-04-15 16:28:49,113 [INFO] Autocomplete for 7287159830 returned 0 product candidates
2026-04-15 16:28:49,115 [INFO] Part 7287159830 NOT FOUND: autocomplete could not resolve exact part
2026-04-15 16:28:49,115 [INFO] [925/948] 7287159830 | NOT FOUND (Not found in autocomplete)
2026-04-15 16:28:49,350 [INFO] Autocomplete for 7283644340 returned 0 product candidates
2026-04-15 16:28:49,354 [INFO] Part 7283644340 NOT FOUND: autocomplete could not resolve exact part
2026-04-15 16:28:49,354 [INFO] [930/948] 7283644340 | NOT FOUND (Not found in autocomplete)
2026-04-15 16:28:49,466 [INFO] [933/948] 7283645440 | Attempt 1 started
2026-04-15 16:28:49,466 [INFO] Starting scrape for part 7283645440
2026-04-15 16:28:49,470 [INFO] Autocomplete for 7283849230 returned 0 product candidates
2026-04-15 16:28:49,472 [INFO] Part 7283849230 NOT FOUND: autocomplete could not resolve exact part
2026-04-15 16:28:49,473 [INFO] [918/948] 7283849230 | NOT FOUND (Not found in autocomplete)
2026-04-15 16:28:49,681 [INFO] Autocomplete for 7287837840 returned 0 product candidates
2026-04-15 16:28:49,686 [INFO] Part 7287837840 NOT FOUND: autocomplete could not resolve exact part
2026-04-15 16:28:49,686 [INFO] [921/948] 7287837840 | NOT FOUND (Not found in autocomplete)
2026-04-15 16:28:49,705 [INFO] [934/948] 7283645450 | Attempt 1 started
2026-04-15 16:28:49,705 [INFO] Starting scrape for part 7283645450
2026-04-15 16:28:49,823 [INFO] [935/948] 7283401660 | Attempt 1 started
2026-04-15 16:28:49,824 [INFO] Starting scrape for part 7283401660
2026-04-15 16:28:49,992 [INFO] Autocomplete for 7287159530 returned 0 product candidates
2026-04-15 16:28:49,994 [INFO] Part 7287159530 NOT FOUND: autocomplete could not resolve exact part
2026-04-15 16:28:49,994 [INFO] [922/948] 7287159530 | NOT FOUND (Not found in autocomplete)
2026-04-15 16:28:50,036 [INFO] [936/948] 7283074390 | Attempt 1 started
2026-04-15 16:28:50,037 [INFO] Starting scrape for part 7283074390
2026-04-15 16:28:50,304 [INFO] Autocomplete for 7283401660 returned 0 product candidates
2026-04-15 16:28:50,308 [INFO] Part 7283401660 NOT FOUND: autocomplete could not resolve exact part
2026-04-15 16:28:50,308 [INFO] [935/948] 7283401660 | NOT FOUND (Not found in autocomplete)
2026-04-15 16:28:50,345 [INFO] [937/948] 7283074480 | Attempt 1 started
2026-04-15 16:28:50,346 [INFO] Starting scrape for part 7283074480
2026-04-15 16:28:50,659 [INFO] [938/948] 7283344140 | Attempt 1 started
2026-04-15 16:28:50,659 [INFO] Starting scrape for part 7283344140
2026-04-15 16:28:50,678 [INFO] Autocomplete for 7287159730 returned 0 product candidates
2026-04-15 16:28:50,681 [INFO] Part 7287159730 NOT FOUND: autocomplete could not resolve exact part
2026-04-15 16:28:50,682 [INFO] [924/948] 7287159730 | NOT FOUND (Not found in autocomplete)
2026-04-15 16:28:50,827 [INFO] Autocomplete for 7283664510 returned 0 product candidates
2026-04-15 16:28:50,830 [INFO] Part 7283664510 NOT FOUND: autocomplete could not resolve exact part
2026-04-15 16:28:50,830 [INFO] [929/948] 7283664510 | NOT FOUND (Not found in autocomplete)
2026-04-15 16:28:50,880 [INFO] Autocomplete for 7287596730 returned 0 product candidates
2026-04-15 16:28:50,883 [INFO] Part 7287596730 NOT FOUND: autocomplete could not resolve exact part
2026-04-15 16:28:50,883 [INFO] [926/948] 7287596730 | NOT FOUND (Not found in autocomplete)
2026-04-15 16:28:51,032 [INFO] [939/948] 7283344130 | Attempt 1 started
2026-04-15 16:28:51,033 [INFO] Starting scrape for part 7283344130
2026-04-15 16:28:51,135 [INFO] Autocomplete for 7283344140 returned 0 product candidates
2026-04-15 16:28:51,137 [INFO] Part 7283344140 NOT FOUND: autocomplete could not resolve exact part
2026-04-15 16:28:51,137 [INFO] [938/948] 7283344140 | NOT FOUND (Not found in autocomplete)
2026-04-15 16:28:51,181 [INFO] [940/948] 7283645540 | Attempt 1 started
2026-04-15 16:28:51,182 [INFO] Starting scrape for part 7283645540
2026-04-15 16:28:51,246 [INFO] [941/948] 7283645570 | Attempt 1 started
2026-04-15 16:28:51,265 [INFO] Starting scrape for part 7283645570
2026-04-15 16:28:51,488 [INFO] [942/948] 7283580760 | Attempt 1 started
2026-04-15 16:28:51,489 [INFO] Starting scrape for part 7283580760
2026-04-15 16:28:51,538 [INFO] Autocomplete for 7283344130 returned 0 product candidates
2026-04-15 16:28:51,540 [INFO] Part 7283344130 NOT FOUND: autocomplete could not resolve exact part
2026-04-15 16:28:51,540 [INFO] [939/948] 7283344130 | NOT FOUND (Not found in autocomplete)
2026-04-15 16:28:51,803 [INFO] Autocomplete for 7283645570 returned 0 product candidates
2026-04-15 16:28:51,807 [INFO] Part 7283645570 NOT FOUND: autocomplete could not resolve exact part
2026-04-15 16:28:51,808 [INFO] [941/948] 7283645570 | NOT FOUND (Not found in autocomplete)
2026-04-15 16:28:51,891 [INFO] [943/948] 7283344240 | Attempt 1 started
2026-04-15 16:28:51,891 [INFO] Starting scrape for part 7283344240
2026-04-15 16:28:51,953 [INFO] Autocomplete for 7283580760 returned 0 product candidates
2026-04-15 16:28:51,955 [INFO] Part 7283580760 NOT FOUND: autocomplete could not resolve exact part
2026-04-15 16:28:51,955 [INFO] [942/948] 7283580760 | NOT FOUND (Not found in autocomplete)
2026-04-15 16:28:52,029 [INFO] Autocomplete for 7283645440 returned 0 product candidates
2026-04-15 16:28:52,030 [INFO] Autocomplete for 7283644350 returned 0 product candidates
2026-04-15 16:28:52,031 [INFO] Part 7283645440 NOT FOUND: autocomplete could not resolve exact part
2026-04-15 16:28:52,031 [INFO] [933/948] 7283645440 | NOT FOUND (Not found in autocomplete)
2026-04-15 16:28:52,032 [INFO] Part 7283644350 NOT FOUND: autocomplete could not resolve exact part
2026-04-15 16:28:52,032 [INFO] [931/948] 7283644350 | NOT FOUND (Not found in autocomplete)
2026-04-15 16:28:52,135 [INFO] Autocomplete for 7283645450 returned 0 product candidates
2026-04-15 16:28:52,137 [INFO] Part 7283645450 NOT FOUND: autocomplete could not resolve exact part
2026-04-15 16:28:52,138 [INFO] [934/948] 7283645450 | NOT FOUND (Not found in autocomplete)
2026-04-15 16:28:52,158 [INFO] [944/948] 7283344260 | Attempt 1 started
2026-04-15 16:28:52,158 [INFO] Starting scrape for part 7283344260
2026-04-15 16:28:52,306 [INFO] [945/948] 7283344270 | Attempt 1 started
2026-04-15 16:28:52,306 [INFO] Starting scrape for part 7283344270
2026-04-15 16:28:52,386 [INFO] [946/948] 7283645360 | Attempt 1 started
2026-04-15 16:28:52,386 [INFO] [947/948] 7283645690 | Attempt 1 started
2026-04-15 16:28:52,386 [INFO] Starting scrape for part 7283645360
2026-04-15 16:28:52,387 [INFO] Starting scrape for part 7283645690
2026-04-15 16:28:52,387 [INFO] Autocomplete for 7283344040 returned 0 product candidates
2026-04-15 16:28:52,391 [INFO] Part 7283344040 NOT FOUND: autocomplete could not resolve exact part
2026-04-15 16:28:52,391 [INFO] [932/948] 7283344040 | NOT FOUND (Not found in autocomplete)
2026-04-15 16:28:52,396 [INFO] Autocomplete for 7283344240 returned 0 product candidates
2026-04-15 16:28:52,397 [INFO] Part 7283344240 NOT FOUND: autocomplete could not resolve exact part
2026-04-15 16:28:52,398 [INFO] [943/948] 7283344240 | NOT FOUND (Not found in autocomplete)
2026-04-15 16:28:52,496 [INFO] [948/948] 7283645680 | Attempt 1 started
2026-04-15 16:28:52,496 [INFO] Starting scrape for part 7283645680
2026-04-15 16:28:52,551 [INFO] Autocomplete for 7283074390 returned 0 product candidates
2026-04-15 16:28:52,557 [INFO] Part 7283074390 NOT FOUND: autocomplete could not resolve exact part
2026-04-15 16:28:52,557 [INFO] [936/948] 7283074390 | NOT FOUND (Not found in autocomplete)
2026-04-15 16:28:52,880 [INFO] Autocomplete for 7283074480 returned 0 product candidates
2026-04-15 16:28:52,882 [INFO] Part 7283074480 NOT FOUND: autocomplete could not resolve exact part
2026-04-15 16:28:52,883 [INFO] [937/948] 7283074480 | NOT FOUND (Not found in autocomplete)
2026-04-15 16:28:52,910 [INFO] Autocomplete for 7283645690 returned 0 product candidates
2026-04-15 16:28:52,913 [INFO] Autocomplete for 7283645360 returned 0 product candidates
2026-04-15 16:28:52,914 [INFO] Part 7283645690 NOT FOUND: autocomplete could not resolve exact part
2026-04-15 16:28:52,915 [INFO] Part 7283645360 NOT FOUND: autocomplete could not resolve exact part
2026-04-15 16:28:52,916 [INFO] [947/948] 7283645690 | NOT FOUND (Not found in autocomplete)
2026-04-15 16:28:52,916 [INFO] [946/948] 7283645360 | NOT FOUND (Not found in autocomplete)
2026-04-15 16:28:53,715 [INFO] Autocomplete for 7283645540 returned 0 product candidates
2026-04-15 16:28:53,716 [INFO] Part 7283645540 NOT FOUND: autocomplete could not resolve exact part
2026-04-15 16:28:53,716 [INFO] [940/948] 7283645540 | NOT FOUND (Not found in autocomplete)
2026-04-15 16:28:54,815 [INFO] Autocomplete for 7283344260 returned 0 product candidates
2026-04-15 16:28:54,817 [INFO] Part 7283344260 NOT FOUND: autocomplete could not resolve exact part
2026-04-15 16:28:54,818 [INFO] [944/948] 7283344260 | NOT FOUND (Not found in autocomplete)
2026-04-15 16:28:54,927 [INFO] Autocomplete for 7283344270 returned 0 product candidates
2026-04-15 16:28:54,929 [INFO] Part 7283344270 NOT FOUND: autocomplete could not resolve exact part
2026-04-15 16:28:54,929 [INFO] [945/948] 7283344270 | NOT FOUND (Not found in autocomplete)
2026-04-15 16:28:55,052 [INFO] Autocomplete for 7283645680 returned 0 product candidates
2026-04-15 16:28:55,054 [INFO] Part 7283645680 NOT FOUND: autocomplete could not resolve exact part
2026-04-15 16:28:55,054 [INFO] [948/948] 7283645680 | NOT FOUND (Not found in autocomplete)
2026-04-15 16:28:55,470 [INFO] Run complete. Found=221 NotFoundOrErrors=727
2026-04-15 16:28:55,470 [INFO] Found CSV: C:\Users\Dell\OneDrive\Desktop\Crawl\arrow\arrow_found.csv
2026-04-15 16:28:55,470 [INFO] Not Found CSV: C:\Users\Dell\OneDrive\Desktop\Crawl\arrow\arrow_not_found.csv
2026-04-15 16:28:55,470 [INFO] Log file: C:\Users\Dell\OneDrive\Desktop\Crawl\arrow\arrow_scraper.log
