url,Community Name,Latitude,Longitude,Street Address,City,State,Zip Code,County,School District,"Status (Active, Upcoming, Sold Out)",Builder,Product Type,Avg Lot Size,# of Garages,Adult Community (Y/N),Incentive %,Incentive $,Current Incentive Type,Model hours,Phone number,Website,Overall Description of the Community,Foundation Type,Model Name,Plan Description,# BR,# BA,# 1/2 BA,# of Floors,Minimum SQFT,Minimum Base Price (Current),Previous Price,Last Updated,Maximum Price,Maximum SQFT,Plan Features,Interior Specifications Descriptions,First Floor Master (Y/N),Amenities Available,Attributes/Features,Exterior Specifications Available,Interior Specifications Available,QMI Incentive %,QMI Incentive $,QMI Current Incentive Type,QMI Model Name,QMI # of Garages,QMI # of BR,QMI # of BA,QMI # of 1/2 BA,QMI Model SQFT,QMI Model # of Floor,QMI Model Price,QMI Availability Date,QMI Lot SQFT,QMI Interior/Exterior Attributes,HOA Fee,HOA Services,Other Fees (i.e. CDD),Community - Open Date,Community - Closed Date,Total Lots,# of Sales per month,Total Lots Sold,Total Lots - Total Sold
https://www.nealcommunities.com/new-homes/grand-palm/captiva/12630-harney-street-captiva-600/,Grand Palm,27.071750,-82.333806,12630 Harney Street,Venice,FL,34293,,,Upcoming,Neal Communities,SFD,,3,,,,,,,https://www.nealcommunities.com,"Grand Palm is truly a one-of-a-kind community! This beautiful, amenity rich, nature-focused community in Venice, Florida is exactly what resort living should be like. Residents enjoy easy access to downtown Venice and beaches (20 minutes away) and a multitude of activities right in their own backyard with an on-site activities coordinator, state-of-the-art fitness facility, and large, resort-style pool with water slide. This Neal community also offers easy access to the Wellen Park area, providing homeowners with no shortage of dining and entertainment venues to explore daily.",,Captiva,"UNDER CONSTRUCTION - Captiva with Pool, Spa & Outdoor Kitchen - Homesite #600
The Captiva by Neal Communities is built for effortless entertaining, with an open great room, dining area, and kitchen centered around a large island and walk-in pantry.
Enjoy outdoor living on the extended covered lanai, complete with a custom kitchen, pool, and spa by Waterscapes.
Inside, a club room and multiple flexible spaces add room to relax and have fun. The private guest suite and additional bedrooms offer comfort for visitors, while the spacious primary suite features dual walk-in closets and a luxurious bath.
A perfect blend of comfort, function, and entertainment.
Call today to learn more about the Captiva at Grand Palm
**DISCLAIMER: Photos are of the Captiva model home and are for illustrative purposes only.",3,3,,1,2698,984990,,2026-03-24T16:04:43+00:00,,,"Living Room, Dining Room, Guest Room, Office, 90 degree Corner Sliding Glass Doors, Extended and Covered Lanai, Impact Resistant Glass Windows, Custom Outdoor Kitchen",,,Y,"Living Room, Dining Room, Guest Room, Office, 90 degree Corner Sliding Glass Doors, Extended and Covered Lanai, Impact Resistant Glass Windows, Custom Outdoor Kitchen",,,,,,Captiva,3,3,3,,2698,1,984990,,,,,,,,,,,,
https://www.nealcommunities.com/new-homes/grand-palm/captiva/21297-holmes-circle-venice-fl-34293-homesite-680/,Grand Palm,27.071750,-82.333806,21297 Holmes Circle,Venice,FL,34293,,,Active,Neal Communities,SFD,,3,,,,,,,https://www.nealcommunities.com,"Grand Palm is truly a one-of-a-kind community! This beautiful, amenity rich, nature-focused community in Venice, Florida is exactly what resort living should be like. Residents enjoy easy access to downtown Venice and beaches (20 minutes away) and a multitude of activities right in their own backyard with an on-site activities coordinator, state-of-the-art fitness facility, and large, resort-style pool with water slide. This Neal community also offers easy access to the Wellen Park area, providing homeowners with no shortage of dining and entertainment venues to explore daily.",,Captiva,"MOVE IN READY - Captiva at Grand Palm on Homesite #680
Captiva in Grand Palm is designed for entertaining, whether its family or friends. A spacious great room is open to the dining area and kitchen, where snacks and appetizers can be laid out on the island. The kitchen also holds a walk-in pantry to keep staples handy. Nice day or evening outside? Hang out on the covered lanai, which offers the options of adding a covered extension and an outdoor kitchen wall. When it’s time for fun and games, head to the club room to play foosball, pool or video games. When you have a stay-over guest, the guest suite with private bath will be appreciated. The other secondary bedroom is also convenient to a bath. At the end of the day, retreat to the spacious master suite, which includes a bedroom with optional coffered ceilings, two walk-in closets and master bath with two sink vanities, garden tub, shower and water closet. The home also features a den. A second and third bedroom round out the home, with the third bedroom featuring en suite accommodations. A den, club room and outdoor lanai provide entertainment areas as well as space for daily relaxation.
Call today to setup your appointment to see this new home!",3,3,,1,2698,860990,,2026-04-14T18:50:45+00:00,,,"Living Room, Dining Room, Office, Media Room, Impact Resistant Glass Windows",,,Y,"Living Room, Dining Room, Office, Media Room, Impact Resistant Glass Windows",,,,,,Captiva,3,3,3,,2698,1,860990,,,,,,,,,,,,
https://www.nealcommunities.com/new-homes/grand-palm/kiawah-2-4/21265-holmes-circle-kiawah2-688/,Grand Palm,27.071750,-82.333806,21265 Holmes Circle,Venice,FL,34293,,,Upcoming,Neal Communities,SFD,,3,,,,,,,https://www.nealcommunities.com,"Grand Palm is truly a one-of-a-kind community! This beautiful, amenity rich, nature-focused community in Venice, Florida is exactly what resort living should be like. Residents enjoy easy access to downtown Venice and beaches (20 minutes away) and a multitude of activities right in their own backyard with an on-site activities coordinator, state-of-the-art fitness facility, and large, resort-style pool with water slide. This Neal community also offers easy access to the Wellen Park area, providing homeowners with no shortage of dining and entertainment venues to explore daily.",,Kiawah 2,"UNDER CONSTRUCTION - Kiawah 2 at Grand Palm with Pool, Spa & Outdoor Kitchen - Homesite #688
From the lovely front porch to the covered lanai in back, the Neal Communities-designed Kiawah 2 home plan feels expansive and inviting with 4 bedrooms, 3 bathrooms and a den. The spacious master suite includes a bedroom with room for a sitting area, an over-sized walk-in closet and a luxurious bath with dual sink vanities, a walk-in shower, oval freestanding tub, recessed ceiling, and private water closet. Two of the additional bedrooms share a Jack and Jill dual sink full bath while the fourth bedroom sits near a pool bath just off the lanai. All bedrooms have walk-in closets. The large great room opens to the island kitchen, which features a walk-in pantry, and dining room area. A beautiful lanai with outdoor kitchen, pool and spa by Waterscapes complete this home.
Call to learn more about this Neal community in Venice and schedule an appointment, then come by to tour the model homes.
**DISCLAIMER: Photos are of the Kiawah model home and are for illustrative purposes only",4,3,,1,2908,1059990,,2026-03-18T20:10:13+00:00,,,"Living Room, Dining Room, Guest Room, Office, Impact Resistant Glass, Custom outdoor kitchen, Pool and Spa by Waterscapes",,,Y,"Living Room, Dining Room, Guest Room, Office, Impact Resistant Glass, Custom outdoor kitchen, Pool and Spa by Waterscapes",,,,,,Kiawah 2,3,4,3,,2908,1,1059990,,,,,,,,,,,,
https://www.nealcommunities.com/new-homes/grand-palm/sandcastle-2-4/12705-palatka-drive-sandcastle-2-1631/,Grand Palm,27.071750,-82.333806,12705 Palatka Drive,Venice,FL,34293,,,Active,Neal Communities,SFA,,2,,,,,,,https://www.nealcommunities.com,"Grand Palm is truly a one-of-a-kind community! This beautiful, amenity rich, nature-focused community in Venice, Florida is exactly what resort living should be like. Residents enjoy easy access to downtown Venice and beaches (20 minutes away) and a multitude of activities right in their own backyard with an on-site activities coordinator, state-of-the-art fitness facility, and large, resort-style pool with water slide. This Neal community also offers easy access to the Wellen Park area, providing homeowners with no shortage of dining and entertainment venues to explore daily.",,Sandcastle 2,"MOVE IN READY - Sandcastle 2 Villa at Grand Palm - Homesite #1631
Encapsulating 1,848 sq. ft. of living space the Sandcastle is Neal Communities’ largest villa home design with 3 bedrooms, 2 baths, and a 2-car garage. A large island and plenty of counter space can be found in the well-appointed kitchen, overlooking the spacious great room and dining area. A separate den is tucked away between the second and third bedrooms, ideal for enjoying drinks with friends and family during the evening. Any time of the day, you can retreat to the master bedroom featuring an oversized walk-in closet, dual sinks and separate water closet. A scenic outdoor lanai completes this floor plan.
Find out more about Grand Palm in Venice and the Sandcastle floor plan. Call to schedule an appointment today.
**DISCLAIMER: Photos are of the Sandcastle model home and are for illustrative purposes only.",3,2,,1,1848,492990,,2026-02-03T15:28:57+00:00,,,"Living Room, Dining Room, Guest Room, Office, Extended Lanai, Pocket Sliding Door, Impact Resistant Glass Windows",,,Y,"Living Room, Dining Room, Guest Room, Office, Extended Lanai, Pocket Sliding Door, Impact Resistant Glass Windows",,,,,,Sandcastle 2,2,3,2,,1848,1,492990,,,,,,,,,,,,
https://www.nealcommunities.com/new-homes/grand-palm/savannah-2-3/21217-holmes-circle-savannah2-700/,Grand Palm,27.071750,-82.333806,21217 Holmes Circle,Venice,FL,34293,,,Upcoming,Neal Communities,SFD,,3,,,,,,,https://www.nealcommunities.com,"Grand Palm is truly a one-of-a-kind community! This beautiful, amenity rich, nature-focused community in Venice, Florida is exactly what resort living should be like. Residents enjoy easy access to downtown Venice and beaches (20 minutes away) and a multitude of activities right in their own backyard with an on-site activities coordinator, state-of-the-art fitness facility, and large, resort-style pool with water slide. This Neal community also offers easy access to the Wellen Park area, providing homeowners with no shortage of dining and entertainment venues to explore daily.",,Savannah 2,"UNDER CONSTRUCTION- Savannah 2 with Pool & Spa at Grand Palm - Homesite #700
Welcome Home to the Savannah 2, an exciting 3 bedroom, 3 bath, 3-car garage single-family home by Neal Communities at Grand Palm. This new home includes open space living across 2,868 sq.ft. with a Great Room, dining area, gourmet kitchen, formal den and club room. The master bedroom includes recessed ceiling, 2 walk-in closets, a luxurious soaking tub, corner shower, and 2 vanity sinks. A Guest Room with en-suite accommodations and walk-in closet is the second bedroom, and a Tech Space has been included for additional electronics or flexible space needs. This home also includes two secondary bedrooms for those looking to host family and friends. This home has a club room in lieu of one bedroom, creating the perfect environment for a game night with the entire family. This home includes a custom designed outdoor kitchen along with a pool and spa professionally designed by Waterscapes.
A covered lanai and 3-car garage complete this spacious home.
DISCLAIMER: Photos are of the Savannah II model home and are for illustrative purposes only.",3,3,,1,2868,999990,,2026-05-05T18:06:06+00:00,,,"Living Room, Dining Room, Guest Room, Office, Bonus Room, Impact Resistant Glass, Custom outdoor kitchen, Pool and Spa by Waterscapes, Club Room",,,Y,"Living Room, Dining Room, Guest Room, Office, Bonus Room, Impact Resistant Glass, Custom outdoor kitchen, Pool and Spa by Waterscapes, Club Room",,,,,,Savannah 2,3,3,3,,2868,1,999990,,,,,,,,,,,,
https://www.nealcommunities.com/new-homes/grand-palm/savannah-2-3/21261-holmes-circle-savannah2-689/,Grand Palm,27.071750,-82.333806,21261 Holmes Circle,Venice,FL,34293,,,Upcoming,Neal Communities,SFD,,3,,,,,,,https://www.nealcommunities.com,"Grand Palm is truly a one-of-a-kind community! This beautiful, amenity rich, nature-focused community in Venice, Florida is exactly what resort living should be like. Residents enjoy easy access to downtown Venice and beaches (20 minutes away) and a multitude of activities right in their own backyard with an on-site activities coordinator, state-of-the-art fitness facility, and large, resort-style pool with water slide. This Neal community also offers easy access to the Wellen Park area, providing homeowners with no shortage of dining and entertainment venues to explore daily.",,Savannah 2,"UNDER CONSTRUCTION- Savannah 2 with Pool & Spa at Grand Palm - Homesite #689
Welcome home to the Savannah 2, a beautifully designed 3-bedroom, 3-bath home with a 3-car garage by Neal Communities at Grand Palm. Offering 2,868 sq. ft. of open living space, this floorplan features a spacious great room, dining area, gourmet kitchen, formal den, and a versatile club room—perfect for entertaining or family game nights.
The master suite includes a recessed ceiling, two walk-in closets, and a luxurious bath with soaking tub, corner shower, and dual vanities. A private guest suite with its own bath and walk-in closet ensures comfort for visitors.
Enjoy Florida living at its best with a covered lanai, custom outdoor kitchen, and a professionally designed pool and spa by Waterscapes.
DISCLAIMER: Photos are of the Savannah II model home and are for illustrative purposes only.",3,3,,1,2868,1038990,,2026-03-24T16:13:46+00:00,,,"Living Room, Dining Room, Guest Room, Office, Bonus Room, Impact Resistant Glass, Custom outdoor kitchen, Pool and Spa by Waterscapes, Club Room",,,Y,"Living Room, Dining Room, Guest Room, Office, Bonus Room, Impact Resistant Glass, Custom outdoor kitchen, Pool and Spa by Waterscapes, Club Room",,,,,,Savannah 2,3,3,3,,2868,1,1038990,,,,,,,,,,,,
https://www.nealcommunities.com/new-homes/grand-palm/tidewinds-2-4/12578-palatka-drive-tidewinds2-1674/,Grand Palm,27.071750,-82.333806,12578 Palatka Drive,Venice,FL,34293,,,Upcoming,Neal Communities,SFA,,2,,,,,,,https://www.nealcommunities.com,"Grand Palm is truly a one-of-a-kind community! This beautiful, amenity rich, nature-focused community in Venice, Florida is exactly what resort living should be like. Residents enjoy easy access to downtown Venice and beaches (20 minutes away) and a multitude of activities right in their own backyard with an on-site activities coordinator, state-of-the-art fitness facility, and large, resort-style pool with water slide. This Neal community also offers easy access to the Wellen Park area, providing homeowners with no shortage of dining and entertainment venues to explore daily.",,Tidewinds 2,"UNDER CONSTRUCTION - Tidewinds 2 at Grand Palm - Homesite #1674
The Tidewinds 2, a twin villa-style home design by Neal Communities, offers 1,638 sq. ft. of comfortable living space. The beautifully-equipped kitchen featuring an island and walk-in pantry, is open to the dining area where you can enjoy your daily meals. For an added touch of elegance, the relaxing great room offers a recessed ceiling. A sliding glass door in the great room leads to the covered and extended lanai, perfect for lounging. The home also features a den, ideal for a home office or personal library. The roomy master suite features two closets including a walk-in, and a dual-sink master bath with walk-in shower and private water closet. The second bedroom is situated at the front of the home next to a full bath.
Find out more about Tidewinds 2 at Grand Palm in Venice and explore your options. Call to schedule an appointment today.
**DISCLAIMER: Photos are of a Tidewinds model home and are for illustrative purposes only.",2,2,,1,1638,482990,,2026-03-24T16:32:11+00:00,,,"Living Room, Dining Room, Office, Guest Room, Extended Lanai, Impact Glass Windows, Pocket Sliding Door",,,Y,"Living Room, Dining Room, Office, Guest Room, Extended Lanai, Impact Glass Windows, Pocket Sliding Door",,,,,,Tidewinds 2,2,2,2,,1638,1,482990,,,,,,,,,,,,
https://www.nealcommunities.com/new-homes/grand-palm/tidewinds-2-4/12701-palatka-drive-tidewinds2-1630/,Grand Palm,27.071750,-82.333806,12701 Palatka Drive,Venice,FL,34293,,,Active,Neal Communities,SFA,,2,,,,,,,https://www.nealcommunities.com,"Grand Palm is truly a one-of-a-kind community! This beautiful, amenity rich, nature-focused community in Venice, Florida is exactly what resort living should be like. Residents enjoy easy access to downtown Venice and beaches (20 minutes away) and a multitude of activities right in their own backyard with an on-site activities coordinator, state-of-the-art fitness facility, and large, resort-style pool with water slide. This Neal community also offers easy access to the Wellen Park area, providing homeowners with no shortage of dining and entertainment venues to explore daily.",,Tidewinds 2,"MOVE IN READY - Tidewinds 2 at Grand Palm - Homesite #1630
The Tidewinds 2, a twin villa-style home design by Neal Communities, offers 1,638 sq. ft. of comfortable living space. The beautifully-equipped kitchen featuring an island and walk-in pantry, is open to the dining area where you can enjoy your daily meals. For an added touch of elegance, the relaxing great room offers a recessed ceiling. A sliding glass door in the great room leads to the covered and extended lanai, perfect for lounging. The home also features a den, ideal for a home office or personal library. The roomy master suite features two closets including a walk-in, and a dual-sink master bath with walk-in shower and private water closet. The second bedroom is situated at the front of the home next to a full bath.
Find out more about Tidewinds 2 at Grand Palm in Venice and explore your options. Call to schedule an appointment today.
**DISCLAIMER: Photos are of a Tidewinds model home and are for illustrative purposes only.",2,2,,1,1638,425990,,2026-05-05T18:07:00+00:00,,,"Living Room, Dining Room, Office, Guest Room, Extended Lanai, Impact Glass Windows, Pocket Sliding Door",,,Y,"Living Room, Dining Room, Office, Guest Room, Extended Lanai, Impact Glass Windows, Pocket Sliding Door",,,,,,Tidewinds 2,2,2,2,,1638,1,425990,,,,,,,,,,,,
https://www.nealcommunities.com/new-homes/canoe-creek/dream-2-3/14560-skipping-stone-loop-dream-2-408/,Canoe Creek,27.556589,-82.401791,14560 Skipping Stone Loop,Parrish,FL,34219,,,Active,Neal Communities,SFD,,2,,,,,,,https://www.nealcommunities.com,"All-New Homes and Amenities! Canoe Creek is an exciting home community with spacious homes and many amenities for fitness, fun and community connections. Presented by award-winning new home builder Neal Communities through an inviting, all-American, urban farmhouse feel, the community strives to be as welcoming as it is comfortable. Located in Parrish, Canoe Creek provides easy access to the Ellenton Outlets, Fort Hamer Park and the Manatee River. As part of the Manatee County school district, students attend Annie Lucy Williams Elementary, Buffalo Creek Middle or the newly opened Parrish Community High School.",,Dream 2,"MOVE IN READY - Dream 2 at Canoe Creek on Homesite #408
A luxurious home embodying the carefree, relaxed Florida lifestyle happens with the Dream, a 3 bedroom, 2 bath single family home with a 2-car garage. The floor plan includes a beautiful open kitchen with corner pantry, center island with plenty of counterspace for culinary creativity and a dining area. The great room has pocket sliding doors that lead out onto the lanai, perfect for taking a break outside. The master bedroom includes 2 closets, dual vanity sinks and a walk-in shower. A separate den, utility room and 2 additional bedrooms and second bath complete the home.
Call us today to learn more about this Dream 2 home at Canoe Creek!",3,2,,1,1860,445990,,2026-03-06T14:05:39+00:00,,,"Living Room, Office, Guest Room, Impact Resistant Glass Windows",,,Y,"Living Room, Office, Guest Room, Impact Resistant Glass Windows",,,,,,Dream 2,2,3,2,,1860,1,445990,,,,,,,,,,,,
https://www.nealcommunities.com/new-homes/canoe-creek/endless-summer-4/14466-skipping-stone-loop-endless-summer4-426/,Canoe Creek,27.556589,-82.401791,14466 Skipping Stone Loop,Parrish,FL,34219,,,Active,Neal Communities,SFD,,2,,,,,,,https://www.nealcommunities.com,"All-New Homes and Amenities! Canoe Creek is an exciting home community with spacious homes and many amenities for fitness, fun and community connections. Presented by award-winning new home builder Neal Communities through an inviting, all-American, urban farmhouse feel, the community strives to be as welcoming as it is comfortable. Located in Parrish, Canoe Creek provides easy access to the Ellenton Outlets, Fort Hamer Park and the Manatee River. As part of the Manatee County school district, students attend Annie Lucy Williams Elementary, Buffalo Creek Middle or the newly opened Parrish Community High School.",,Endless Summer 4,"MOVE IN READY - Endless Summer 4 w/ pool at Canoe Creek - Homesite 426
Open and airy, the Endless Summer 4 by Neal Communities features at its heart a open and welcoming common living area encompassing the kitchen, breakfast nook, great room and formal dining room. Cooking up a meal in the beautifully equipped kitchen with island and walk-in pantry is a pleasure. If you want to dine al fresco, enjoy an outdoor cooking wall on the large lanai with pool and spa professionally designed by Waterscapes, entered through sliders in the great room.
The intimate breakfast area is great for beginning your day or catching up with friends over your favorite refreshments. The opulent master suite includes a recessed ceiling in the bedroom and features two walk-in closets and master bath with a French door entry, dual sinks, walk-in shower, and a private water closet.",3,2,,1,2207,707990,,2026-04-16T19:17:22+00:00,,,"Living Room, Dining Room, Guest Room, Office, Recessed Ceilings, Pool Bath, Impact Resistant Glass, Pool & Spa professionally designed by Waterscapes",,,Y,"Living Room, Dining Room, Guest Room, Office, Recessed Ceilings, Pool Bath, Impact Resistant Glass, Pool & Spa professionally designed by Waterscapes",,,,,,Endless Summer 4,2,3,2,,2207,1,707990,,,,,,,,,,,,
https://www.nealcommunities.com/new-homes/canoe-creek/eventide-4-2/14312-skipping-stone-loop-parrish-fl-34219-homesite-490/,Canoe Creek,27.556589,-82.401791,14312 Skipping Stone Loop,Parrish,FL,34219,,,Active,Neal Communities,SFD,,2,,,,,,,https://www.nealcommunities.com,"All-New Homes and Amenities! Canoe Creek is an exciting home community with spacious homes and many amenities for fitness, fun and community connections. Presented by award-winning new home builder Neal Communities through an inviting, all-American, urban farmhouse feel, the community strives to be as welcoming as it is comfortable. Located in Parrish, Canoe Creek provides easy access to the Ellenton Outlets, Fort Hamer Park and the Manatee River. As part of the Manatee County school district, students attend Annie Lucy Williams Elementary, Buffalo Creek Middle or the newly opened Parrish Community High School.",,Eventide 4,"Move In Ready - Eventide 4 at Canoe Creek - Homesite 42
WAS $594,990, IS NOW: $554,990
Sophisticated and fun, the spacious Eventide 4 plan at Canoe Creek offers a comfortable layout designed for relaxation or entertaining. The foyer opens to a beautiful dining area, providing ambience to every meal. An expansive great room is the perfect spot to unwind and opens to the beautifully-equipped kitchen with island and breakfast nook, ideal for creating new dishes and enjoying conversation with refreshments.
A large master suite includes 2 walk-in closets and a master bath with walk-in shower and water closet. The guest bedroom is located convenient to the second bath. The home also features a den with elegant French doors, making for a sophisticated private study or library. Recessed ceilings in the great room and master bedroom and an outdoor kitchen wall for the lanai.",2,2,,1,1904,527990,,2026-03-06T14:07:13+00:00,,,"Living Room, Dining Room, Guest Room, Office, Impact Resistant Glass, Recessed Ceiling, Pocket Sliding Glass Door",,,Y,"Living Room, Dining Room, Guest Room, Office, Impact Resistant Glass, Recessed Ceiling, Pocket Sliding Glass Door",,,,,,Eventide 4,2,2,2,,1904,1,527990,,,,,,,,,,,,
https://www.nealcommunities.com/new-homes/canoe-creek/harvest-3/14406-skipping-stone-loop-harvest3-434/,Canoe Creek,27.556589,-82.401791,14406 Skipping Stone Loop,Parrish,FL,34219,,,Upcoming,Neal Communities,SFD,,3,,,,,,,https://www.nealcommunities.com,"All-New Homes and Amenities! Canoe Creek is an exciting home community with spacious homes and many amenities for fitness, fun and community connections. Presented by award-winning new home builder Neal Communities through an inviting, all-American, urban farmhouse feel, the community strives to be as welcoming as it is comfortable. Located in Parrish, Canoe Creek provides easy access to the Ellenton Outlets, Fort Hamer Park and the Manatee River. As part of the Manatee County school district, students attend Annie Lucy Williams Elementary, Buffalo Creek Middle or the newly opened Parrish Community High School.",,Harvest 3,"UNDER CONSTRUCTION - Harvest 3 at Canoe Creek - Homesite #434
Welcome home to Harvest 3, a 2,456 sq. ft. floor plan made for cultivating new memories and quality time with your family. The foyer and stylish gallery open to the kitchen featuring walk-in pantry and large island, perfect for entertaining as you cook. Whether you cook, enjoy meals or lounge in the dining or great room areas, you will be greeted with a gorgeous lanai view!
The generously designed master suite features a recessed ceiling and an over-sized walk-in closet on one end. Nestled between the bedroom and closet is the master bath, featuring double sink vanity and private water closet.
**DISCLAIMER: Photos are of the Harvest 3 model home and are for illustrative purposes only.",3,3,,1,2456,646990,,2026-03-05T13:48:42+00:00,,,"Living Room, Dining Room, Guest Room, Office, Impact Resistant Glass, Recessed Ceilings, Water View",,,Y,"Living Room, Dining Room, Guest Room, Office, Impact Resistant Glass, Recessed Ceilings, Water View",,,,,,Harvest 3,3,3,3,,2456,1,646990,,,,,,,,,,,,
https://www.nealcommunities.com/new-homes/canoe-creek/heritage-2/4411-spoon-blade-drive-heritage-676/,Canoe Creek,27.556589,-82.401791,4411 Spoon Blade Drive,Parrish,FL,34219,,,Active,Neal Communities,SFD,,2,,,,,,,https://www.nealcommunities.com,"All-New Homes and Amenities! Canoe Creek is an exciting home community with spacious homes and many amenities for fitness, fun and community connections. Presented by award-winning new home builder Neal Communities through an inviting, all-American, urban farmhouse feel, the community strives to be as welcoming as it is comfortable. Located in Parrish, Canoe Creek provides easy access to the Ellenton Outlets, Fort Hamer Park and the Manatee River. As part of the Manatee County school district, students attend Annie Lucy Williams Elementary, Buffalo Creek Middle or the newly opened Parrish Community High School.",,Heritage 2,"MOVE IN READY - Heritage at Canoe Creek - Homesite #676
The Heritage is a 2-story, 4 bedroom, 2.5 bath single-family home featuring 2,428 sq.ft. of living space. The first floor holds a beautifully-equipped kitchen and over-sized walk-in pantry, offering plenty of space for culinary creativity. The oversized island and café area are the perfect setting to enjoy your meals or catch up with friends over coffee. The great room features sliding doors, where you can enjoy the view of your lanai in or outdoors. The master bedroom is located on the first floor, with dual sink vanities, a walk-in closet and corner shower.
Upstairs, there is a second bath, located between the second and third bedroom. Two of the bedrooms have walk-in closets, and all are anchored by a spacious loft that you can transform into an area reflecting your personal tastes. A 2-car garage and beautiful foyer complete the home.
**DISCLAIMER: Photos are of the Heritage model home and are for illustrative purposes only.",4,2,1,2,2428,490990,,2026-04-20T20:07:44+00:00,,,"Living Room, Dining Room, Guest Room, Bonus Room, Impact Resistant Glass on 2nd Story, Extended Lanai, Coffered Ceilings",,,Y,"Living Room, Dining Room, Guest Room, Bonus Room, Impact Resistant Glass on 2nd Story, Extended Lanai, Coffered Ceilings",,,,,,Heritage 2,2,4,2,1,2428,2,490990,,,,,,,,,,,,
https://www.nealcommunities.com/new-homes/canoe-creek/kiawah-2-3/13507-wildwater-court-kiawah2-773/,Canoe Creek,27.556589,-82.401791,13507 Wildwater Court,Parrish,FL,34219,,,Upcoming,Neal Communities,SFD,,3,,,,,,,https://www.nealcommunities.com,"All-New Homes and Amenities! Canoe Creek is an exciting home community with spacious homes and many amenities for fitness, fun and community connections. Presented by award-winning new home builder Neal Communities through an inviting, all-American, urban farmhouse feel, the community strives to be as welcoming as it is comfortable. Located in Parrish, Canoe Creek provides easy access to the Ellenton Outlets, Fort Hamer Park and the Manatee River. As part of the Manatee County school district, students attend Annie Lucy Williams Elementary, Buffalo Creek Middle or the newly opened Parrish Community High School.",,Kiawah 2,"UNDER CONSTRUCTION - Kiawah 2 with pool & spa - Homesite #773
From the lovely front porch to the covered lanai in back, the Neal Communities-designed Kiawah 2 home plan feels expansive and inviting. The four-bedroom plus den home offers a spacious master suite. A bedroom with room for a sitting area, an over-sized walk-in closet and a luxurious bath with dual sink vanities, a walk-in shower, oval freestanding tub, recessed ceiling, and private water closet. Two of the additional bedrooms share a Jack and Jill dual sink full bath while the fourth bedroom sits near a pool bath just off the lanai. All bedrooms have walk-in closets. The large great room opens to the island kitchen, which features a walk-in pantry, and dining room area.
DISCLAIMER: Photos are of the Kiawah model home and for illustrative purposes only.",4,3,,1,2908,898990,,2026-04-01T20:25:01+00:00,,,"Living Room, Dining Room, Guest Room, Office, Bonus Room, Pool & Spa by Waterscapes, Pocket Sliding Glass Door, Tankless Water Heater",,,Y,"Living Room, Dining Room, Guest Room, Office, Bonus Room, Pool & Spa by Waterscapes, Pocket Sliding Glass Door, Tankless Water Heater",,,,,,Kiawah 2,3,4,3,,2908,1,898990,,,,,,,,,,,,
https://www.nealcommunities.com/new-homes/canoe-creek/sanibel-2-2/13508-wildwater-court-sanibel2-lot-763/,Canoe Creek,27.556589,-82.401791,13508 Wildwater Court,Parrish,FL,34219,,,Upcoming,Neal Communities,SFD,,3,,,,,,,https://www.nealcommunities.com,"All-New Homes and Amenities! Canoe Creek is an exciting home community with spacious homes and many amenities for fitness, fun and community connections. Presented by award-winning new home builder Neal Communities through an inviting, all-American, urban farmhouse feel, the community strives to be as welcoming as it is comfortable. Located in Parrish, Canoe Creek provides easy access to the Ellenton Outlets, Fort Hamer Park and the Manatee River. As part of the Manatee County school district, students attend Annie Lucy Williams Elementary, Buffalo Creek Middle or the newly opened Parrish Community High School.",,Sanibel 2,"UNDER CONSTRUCTION - Sanibel 2 w/ pool at Canoe Creek - Homesite 763
The Sanibel 2 features a generously-sized open living area at its heart, with an island kitchen with walk-in pantry, breakfast nook, and family room, which has views into the separate dining room. The master suite spans one side of the home and includes a large master bedroom with recessed ceiling and an optional door directly to the lanai with a professionaly designed pool by Waterscapes, two walk-in closets and spacious master bath with two sink vanities, oval freestanding tub, walk-in shower, and private water closet. The Sanibel also includes two additional bedrooms and a den. For those looking to entertain, there is a club room in lieu of the den, offering the perfect area for celebrating family events or hosting a game night with friends.
**DISCLAIMER: Photos are of the Sanibel model home and are for illustrative purposes only.",3,3,,1,2559,853988,,2026-03-05T13:48:15+00:00,,,"Living Room, Dining Room, Guest Room, Office, Pool Professionally designed by Waterscapes, Impact Resistant Glass, Corner Lot",,,Y,"Living Room, Dining Room, Guest Room, Office, Pool Professionally designed by Waterscapes, Impact Resistant Glass, Corner Lot",,,,,,Sanibel 2,3,3,3,,2559,1,853988,,,,,,,,,,,,
https://www.nealcommunities.com/new-homes/boca-royale-golf-country-club/sanibel-2-3/11152-hogan-circle-sanibel2-711/,Boca Royale Golf & Country Club,26.993411657927737,-82.36687143648173,11152 Hogan Circle,Englewood,FL,34223,,,Upcoming,Neal Communities,SFD,,3,,,,,,,https://www.nealcommunities.com,"Semi-private and rich in recreation and social opportunities, Boca Royale Golf & Country Club in south Sarasota County offers a rare lifestyle that feels more like vacation than the everyday. Residents of the gated 1,000-acre community enjoy a full line of fun and fitness amenities, including an 18-hole golf course. A beautiful amenity center and clubhouse round out the community.",,Sanibel 2,"UNDER CONSTRUCTION - Sanibel with Pool at Boca Royale - Homesite #711
Sanibel 2 in Boca Royale features a generously-sized open living area at its heart, with an island kitchen with walk-in pantry, breakfast nook, and family room, which has views into the separate dining room. The master suite spans one side of the home and includes a large master bedroom with coffered ceiling, two walk-in closets and spacious master bath with two sink vanities, oval freestanding tub, walk-in shower, and private water closet. The Sanibel 2 also includes two additional bedrooms and a den, plus the club room.
Private pool and spa is custom designed by Waterscapes.
DISCLAIMER: Photos are of the Sanibel model and are for illustrative purposes only.",3,3,,1,2654,1029990,,2026-04-24T20:29:40+00:00,,,"Living Room, Dining Room, Office, Private Pool, Impact Resistant Glass Windows, Garage Extension, Club Room with extended lanai",,,Y,"Living Room, Dining Room, Office, Private Pool, Impact Resistant Glass Windows, Garage Extension, Club Room with extended lanai",,,,,,Sanibel 2,3,3,3,,2654,1,1029990,,,,,,,,,,,,
https://www.nealcommunities.com/new-homes/boca-royale-golf-country-club/sanibel-2-3/26024-norman-drive-sanibel2-662/,Boca Royale Golf & Country Club,26.993411657927737,-82.36687143648173,26024 Norman Drive,Englewood,FL,34223,,,Upcoming,Neal Communities,SFD,,3,,,,,,,https://www.nealcommunities.com,"Semi-private and rich in recreation and social opportunities, Boca Royale Golf & Country Club in south Sarasota County offers a rare lifestyle that feels more like vacation than the everyday. Residents of the gated 1,000-acre community enjoy a full line of fun and fitness amenities, including an 18-hole golf course. A beautiful amenity center and clubhouse round out the community.",,Sanibel 2,"UNDER CONSTRUCTION - Sanibel with Pool & Spa at Boca Royale - Homesite #662
Sanibel 2 in Boca Royale features a generously-sized open living area at its heart, with an island kitchen with walk-in pantry, breakfast nook, and family room, which has views into the separate dining room. The master suite spans one side of the home and includes a large master bedroom with coffered ceiling, two walk-in closets and spacious master bath with two sink vanities, oval freestanding tub, walk-in shower, and private water closet. The Sanibel 2 also includes two additional bedrooms and a den, plus the club room.
Private pool and spa is custom designed by Waterscapes.
**DISCLAIMER: Photos are of the Sanibel model and are for illustrative purposes only.",3,3,,1,2654,995990,,2026-05-01T18:35:44+00:00,,,"Living Room, Dining Room, Office, Pool & Spa by Waterscapes, Impact Resistant Glass Windows, Club Room",,,Y,"Living Room, Dining Room, Office, Pool & Spa by Waterscapes, Impact Resistant Glass Windows, Club Room",,,,,,Sanibel 2,3,3,3,,2654,1,995990,,,,,,,,,,,,
https://www.nealcommunities.com/new-homes/boca-royale-golf-country-club/savannah-2-2/11156-hogan-circle-savannah2-712/,Boca Royale Golf & Country Club,26.993411657927737,-82.36687143648173,11156 Hogan Circle,Englewood,FL,34223,,,Upcoming,Neal Communities,SFD,,3,,,,,,,https://www.nealcommunities.com,"Semi-private and rich in recreation and social opportunities, Boca Royale Golf & Country Club in south Sarasota County offers a rare lifestyle that feels more like vacation than the everyday. Residents of the gated 1,000-acre community enjoy a full line of fun and fitness amenities, including an 18-hole golf course. A beautiful amenity center and clubhouse round out the community.",,Savannah 2,"UNDER CONSTRUCTION - Savannah II with Pool & Spa at Boca Royale - Homesite #712
Welcome Home to the Savannah 2, an exciting 3 bedroom, 3 bath, 3-car garage single-family home by Neal Communities at Boca Royale Golf & Country Club. This new home includes open space living across 2,868 sq.ft. with a Great Room, dining area, gourmet kitchen and formal den. The master bedroom includes recessed ceiling, 2 walk-in closets, a luxurious soaking tub, corner shower, and 2 vanity sinks. This home includes a guest room with walk-in closet and en-suite accommodations plus a third bedroom for those looking to host family and friends. This home features the club room option, in lieu of a fourth bedroom.
A covered lanai with private pool & spa and 3-car garage complete this spacious home.
**DISCLAIMER: Photos are of the Savannah II model home and are for illustrative purposes only.",3,3,,1,2868,1032990,,2026-05-01T18:37:33+00:00,,,"Living Room, Dining Room, Office, Media Room, Club Room, Impact Resistant Glass Windows, Private Pool & Spa",,,Y,"Living Room, Dining Room, Office, Media Room, Club Room, Impact Resistant Glass Windows, Private Pool & Spa",,,,,,Savannah 2,3,3,3,,2868,1,1032990,,,,,,,,,,,,
https://www.nealcommunities.com/new-homes/boca-royale-golf-country-club/savannah-2-2/26016-norman-drive-savannah2-660/,Boca Royale Golf & Country Club,26.993411657927737,-82.36687143648173,26016 Norman Drive,Englewood,FL,34223,,,Upcoming,Neal Communities,SFD,,3,,,,,,,https://www.nealcommunities.com,"Semi-private and rich in recreation and social opportunities, Boca Royale Golf & Country Club in south Sarasota County offers a rare lifestyle that feels more like vacation than the everyday. Residents of the gated 1,000-acre community enjoy a full line of fun and fitness amenities, including an 18-hole golf course. A beautiful amenity center and clubhouse round out the community.",,Savannah 2,"UNDER CONSTRUCTION - Savannah II with pool at Boca Royale - Homesite #660
Welcome Home to the Savannah 2, an exciting 3 bedroom, 3 bath, 3-car garage single-family home by Neal Communities at Boca Royale Golf & Country Club. This new home includes open space living across 2,868 sq.ft. with a Great Room, dining area, gourmet kitchen and formal den. The master bedroom includes recessed ceiling, 2 walk-in closets, a luxurious soaking tub, corner shower, and 2 vanity sinks. A Guest Room with en-suite accommodations and walk-in closet is the second bedroom, and a Tech Space has been included for additional electronics or flexible space needs. This home also includes third bedroom for those looking to host family and friends. This home features the club room option, in lieu of a fourth bedroom.
A covered lanai with private pool & spa and 3-car garage complete this spacious home.
**DISCLAIMER: Photos are of a Savannah II model and are for illustrative purposes only.",3,3,,1,2868,1051990,,2026-05-01T18:38:04+00:00,,,"Living Room, Dining Room, Office, Media Room, Club Room, Impact Resistant Glass Windows, Private Pool & Spa",,,Y,"Living Room, Dining Room, Office, Media Room, Club Room, Impact Resistant Glass Windows, Private Pool & Spa",,,,,,Savannah 2,3,3,3,,2868,1,1051990,,,,,,,,,,,,
https://www.nealcommunities.com/new-homes/boca-royale-golf-country-club/tidewinds-2/26903-pavin-drive-tidewinds-465/,Boca Royale Golf & Country Club,26.993411657927737,-82.36687143648173,26903 Pavin Drive,Englewood,FL,34223,,,Active,Neal Communities,SFA,,2,,,,,,,https://www.nealcommunities.com,"Semi-private and rich in recreation and social opportunities, Boca Royale Golf & Country Club in south Sarasota County offers a rare lifestyle that feels more like vacation than the everyday. Residents of the gated 1,000-acre community enjoy a full line of fun and fitness amenities, including an 18-hole golf course. A beautiful amenity center and clubhouse round out the community.",,Tidewinds,"Move in Ready - Tidewinds Villa home at Boca Royale - Homesite #465
The Tidewinds, a twin villa-style home design by Neal Communities, offers 1,632 sq. ft. of comfortable living space. The well-appointed kitchen featuring an island and walk-in pantry, is open to the dining area where you can enjoy your daily meals. For an added touch of elegance, a coffered ceiling has been added to the relaxing great room. A pocket sliding glass door in the great room leads to the covered lanai, perfect for lounging. The home also features a den, ideal for a home office or personal library. The roomy master suite features two closets including a walk-in, and a dual-sink master bath with walk-in shower and private water closet. The second bedroom is situated at the front of the home next to a full bath.
Call us today to learn more about the Tidewinds Villa home!",2,2,,1,1632,494990,,2026-05-01T18:34:45+00:00,,,"Living Room, Dining Room, Office, Guest Room, Extended Lanai",,,Y,"Living Room, Dining Room, Office, Guest Room, Extended Lanai",,,,,,Tidewinds,2,2,2,,1632,1,494990,,,,,,,,,,,,
https://www.nealcommunities.com/new-homes/boca-royale-golf-country-club/tidewinds-2/27492-janzen-court-tidewinds-539/,Boca Royale Golf & Country Club,26.993411657927737,-82.36687143648173,27492 Janzen Court,Englewood,FL,34223,,,Active,Neal Communities,SFA,,2,,,,,,,https://www.nealcommunities.com,"Semi-private and rich in recreation and social opportunities, Boca Royale Golf & Country Club in south Sarasota County offers a rare lifestyle that feels more like vacation than the everyday. Residents of the gated 1,000-acre community enjoy a full line of fun and fitness amenities, including an 18-hole golf course. A beautiful amenity center and clubhouse round out the community.",,Tidewinds,"MOVE IN READY - Tidewinds Villa - Homesite #539
The Tidewinds 2, a twin villa-style home design by Neal Communities, offers 1,638 sq. ft. of comfortable living space. The beautifully-equipped kitchen featuring an island and walk-in pantry, is open to the dining area where you can enjoy your daily meals. For an added touch of elegance, the relaxing great room offers a recessed ceiling. A sliding glass door in the great room leads to the covered lanai, perfect for lounging. The home also features a den, ideal for a home office or personal library. The roomy master suite features two closets including a walk-in, and a dual-sink master bath with walk-in shower and private water closet. The second bedroom is situated at the front of the home next to a full bath.
Find out more about Tidewinds 2 at Boca Royale in Sarasota and explore your options. Come by or call to schedule an appointment today.",2,2,,1,1632,449990,,2026-05-01T18:34:18+00:00,,,"Living Room, Dining Room, Office, Impact Resistant Glass Windows, Extended Lanai, Pocket Sliding Door",,,Y,"Living Room, Dining Room, Office, Impact Resistant Glass Windows, Extended Lanai, Pocket Sliding Door",,,,,,Tidewinds,2,2,2,,1632,1,449990,,,,,,,,,,,,
https://www.nealcommunities.com/new-homes/boca-royale-golf-country-club-at-wellen-park/bright-meadow-2-6/27250-royale-dornoch-avenue-bright-meadow2-390/,Boca Royale Golf & Country Club at Wellen Park,26.993411657927737,-82.36687143648173,27250 Royale Dornoch Avenue,Englewood,FL,34223,,,Upcoming,Neal Communities,SFD,,3,,,,,,,https://www.nealcommunities.com,Escape the everyday and find your endless vacation at Boca Royale Golf & Country Club at Wellen Park. This isn’t just a community; it’s a vibrant lifestyle rich in recreation and social opportunities.,,Bright Meadow 2,"UNDER CONSTRUCTION - Bright Meadow 2 with private pool at Boca Royale - Homesite #390
The Bright Meadow 2 plan by Neal Communities is designed with those features most desired by homeowners. The foyer entry leads to a spacious and open family room with recessed ceiling. An open kitchen is situated off this area, complete with large walk-in pantry, gracefully curved island and breakfast nook. French doors from the great room open to the den. Glass sliding doors in the great room provide access to the roomy covered lanai and beautiful pool. Besides the master bedroom with recessed ceiling the suite holds two walk-in closets and master bath with dual sinks, walk-in shower and water closet. Two secondary bedrooms each include a walk-in closet, and one of the bedrooms has been crafted as a guest suite with private bath.
Find out more about this Neal Communities home design in Sarasota County. Call to learn more and come by to tour the model homes.
DISCLAIMER: Photos are of the Bright model home and are for illustrative purposes only.",3,2,1,1,2309,794990,,2026-05-01T18:28:01+00:00,,,"Living Room, Dining Room, Office, Guest Room, Impact Resistant Glass Windows, Pool & Spa by Waterscapes, Pocket Sliding Door in Great Room",,,Y,"Living Room, Dining Room, Office, Guest Room, Impact Resistant Glass Windows, Pool & Spa by Waterscapes, Pocket Sliding Door in Great Room",,,,,,Bright Meadow 2,3,3,2,1,2309,1,794990,,,,,,,,,,,,
https://www.nealcommunities.com/new-homes/boca-royale-golf-country-club-at-wellen-park/imagination-2-7/27634-royale-dornoch-avenue-imagination2-53/,Boca Royale Golf & Country Club at Wellen Park,26.993411657927737,-82.36687143648173,27634 Royale Dornoch Avenue,Englewood,FL,34223,,,Active,Neal Communities,SFD,,2,,,,,,,https://www.nealcommunities.com,Escape the everyday and find your endless vacation at Boca Royale Golf & Country Club at Wellen Park. This isn’t just a community; it’s a vibrant lifestyle rich in recreation and social opportunities.,,Imagination 2,"UNDER CONSTRUCTION - Imagination 2 at Boca Royale at Wellen Park - Homesite #53
The Imagination 2 is a wonderful home design encompassing 3 bedrooms, 2 baths and a 2-car garage across 1,778 sq. ft. of living space. Walk through the foyer where you’ll be greeted by the sight of the luxurious great room area. The hub of the home, a beautiful open concept kitchen, features a spacious island and breakfast area for culinary enjoyment. The kitchen includes glass sliding doors leading to the lanai, perfect for when you want to enjoy an outdoor meal. The master bedroom includes a walk-in closet, corner shower and private water closet. The remaining 2 bedrooms are located by a secondary bath. Rounding out this charming home is a den, a perfect space for a private office.
***Photos are of an Imagination model*** NOT ACTUAL PHOTOS OF HOME",3,2,,1,1778,472990,,2026-05-01T18:33:00+00:00,,,"Living Room, Office, Dining Room, Impact Resistant Glass Windows, Extended Lanai, Garage Extension",,,Y,"Living Room, Office, Dining Room, Impact Resistant Glass Windows, Extended Lanai, Garage Extension",,,,,,Imagination 2,2,3,2,,1778,1,472990,,,,,,,,,,,,
https://www.nealcommunities.com/new-homes/boca-royale-golf-country-club-at-wellen-park/sea-star-7/11420-spring-hill-terrace-seastar-364/,Boca Royale Golf & Country Club at Wellen Park,26.993411657927737,-82.36687143648173,11420 Spring Hill Terrace,Englewood,FL,34223,,,Upcoming,Neal Communities,SFD,,3,,,,,,,https://www.nealcommunities.com,Escape the everyday and find your endless vacation at Boca Royale Golf & Country Club at Wellen Park. This isn’t just a community; it’s a vibrant lifestyle rich in recreation and social opportunities.,,Sea Star,"UNDER CONSTRUCTION - Sea Star with pool & spa - Homesite #364
The Sea Star features an open-concept layout with spacious, comfortable living areas. A welcoming foyer and gallery lead past the den and formal dining room, into the great room, which flows seamlessly into the chef’s kitchen with a large island, ample cabinetry, and a breakfast nook.
Enjoy exceptional outdoor living with a covered lanai, complete with an outdoor café, pool bath, and a pool and spa by Waterscapes.
The master suite offers two walk-in closets and a luxurious bath with dual sinks, a large walk-in shower, and a private water closet. Two secondary bedrooms are conveniently located near a full bath.
Come by and visit Boca Royale in Venice and learn more about the Sea Star and other plans. Call today to schedule a private tour.
**DISCLAIMER: Photos are of the Sea Star model and are for illustrative purposes only.",3,2,1,1,2379,802990,,2026-05-01T18:28:55+00:00,,,"Living Room, Dining Room, Office, Pool & Spa by Waterscapes, Pool Bath, Impact Resistant Glass Windows, 8ft Interior Doors",,,Y,"Living Room, Dining Room, Office, Pool & Spa by Waterscapes, Pool Bath, Impact Resistant Glass Windows, 8ft Interior Doors",,,,,,Sea Star,3,3,2,1,2379,1,802990,,,,,,,,,,,,
https://www.nealcommunities.com/new-homes/boca-royale-golf-country-club-at-wellen-park/starlight-2-5/11405-spring-hill-terrace-starlight2-358/,Boca Royale Golf & Country Club at Wellen Park,26.993411657927737,-82.36687143648173,11405 Spring Hill Terrace,Englewood,FL,34223,,,Upcoming,Neal Communities,SFD,,2,,,,,,,https://www.nealcommunities.com,Escape the everyday and find your endless vacation at Boca Royale Golf & Country Club at Wellen Park. This isn’t just a community; it’s a vibrant lifestyle rich in recreation and social opportunities.,,Starlight 2,"UNDER CONSTRUCTION - Starlight 2 with Pool & Spa - Homesite #358
Expansive and accommodating, the Starlight 2 plan in Boca Royale exemplifies the Southwest Florida lifestyle. A gallery opens to the beautiful great room with coffered ceiling and a view of the charming, covered lanai and pool. The well-appointed kitchen features an island and a large walk-in pantry and dining nook, making the area perfect for whipping up snacks or creating special meals.
The inviting master suite provides a great start or end to your day. The suite features two walk-in closets and a master bath with large walk-in shower, water closet and dual sinks. The den is perfect for a private library or office.
Call today to learn more!
**DISCLAIMER: Photos are of the Starlight model and are for illustrative purposes only.",3,2,1,1,2235,719990,,2026-05-01T18:31:48+00:00,,,"Living Room, Dining Room, Office, Guest Room, Pools & Spa by Waterscapes, Impact Resistant Glass Windows, 8ft Interior Doors",,,Y,"Living Room, Dining Room, Office, Guest Room, Pools & Spa by Waterscapes, Impact Resistant Glass Windows, 8ft Interior Doors",,,,,,Starlight 2,2,3,2,1,2235,1,719990,,,,,,,,,,,,
https://www.nealcommunities.com/new-homes/boca-royale-golf-country-club-at-wellen-park/white-star-2/11417-spring-hill-terrace-white-star-355/,Boca Royale Golf & Country Club at Wellen Park,26.993411657927737,-82.36687143648173,11417 Spring Hill Terrace,Englewood,FL,34223,,,Active,Neal Communities,SFD,,2,,,,,,,https://www.nealcommunities.com,Escape the everyday and find your endless vacation at Boca Royale Golf & Country Club at Wellen Park. This isn’t just a community; it’s a vibrant lifestyle rich in recreation and social opportunities.,,White Star,"UNDER CONSTRUCTION- White Star at Boca Royale - Homesite 355
With 3 bedrooms, 2.5 baths, and 2,064 sq. ft. of open living space, the White Star is a home built for entertaining guests or daily relaxation. The inviting great room is open to the island kitchen and charming café area, perfect for unwinding over refreshments while enjoying the sight of the outdoor lanai.
The master suite features the spacious master bedroom leads to a spa-style master bath with corner shower, vanity sink and private water closet. You can also enjoy a large walk-in closet, where you can pick your next outfit after freshening up. A den and powder bathroom complete this home.
**Photos are of plan model*** NOT ACTUAL PHOTOS OF HOME",3,2,1,1,2064,543990,,2026-05-01T18:30:41+00:00,,,"Living Room, Dining Room, Guest Room, Office, Impact Resistant Glass Windows, Butler's Pantry, Den instead of Dining Room",,,Y,"Living Room, Dining Room, Guest Room, Office, Impact Resistant Glass Windows, Butler's Pantry, Den instead of Dining Room",,,,,,White Star,2,3,2,1,2064,1,543990,,,,,,,,,,,,
https://www.nealcommunities.com/new-homes/wysteria/dream-2-5/18230-vizcaya-ct-dream2-14/,Wysteria,27.0234596,-82.3319769,18230 VIZCAYA COURT,Venice,FL,34293,,,Active,Neal Communities,SFD,,2,,,,,,,https://www.nealcommunities.com,By appointment only! Now in closeout! Limited Availability!,,Dream 2,"Move In Ready - Dream 2 at Wysteria - Homesite #14
A luxurious home embodying the carefree, relaxed Florida lifestyle happens with the Dream 2, a 3 bedroom, 2 bath single family home with a 2-car garage. The floor plan includes a beautiful open kitchen with corner pantry, center island with plenty of counterspace for culinary creativity and a dining area. The great room has glass sliders that lead out onto the lanai, perfect for taking a break outside. The master bedroom includes 2 closets, dual vanity sinks and a walk-in shower. A separate den, utility room and 2 additional bedrooms and second bath complete the home.",3,2,,1,1860,499990,,2026-04-22T19:56:00+00:00,,,"Living Room, Dining Room, Guest Room, Office, Impact Resistant Glass, Pocket Sliding Glass Door in Great Room",,,Y,"Living Room, Dining Room, Guest Room, Office, Impact Resistant Glass, Pocket Sliding Glass Door in Great Room",,,,,,Dream 2,2,3,2,,1860,1,499990,,,,,,,,,,,,
https://www.nealcommunities.com/new-homes/wysteria/tidewater-2-5/18137-franklin-park-court-tidewater2-110/,Wysteria,27.0234596,-82.3319769,18137 Franklin Park Ct,Venice,FL,34293,,,Active,Neal Communities,SFA,,2,,,,,,,https://www.nealcommunities.com,By appointment only! Now in closeout! Limited Availability!,,Tidewater 2,"MOVE IN READY - Tidewater 2 at Wysteria - Homesite #110
The Tidewater 2, a two-bedroom, two-bath twin villa home designed by Neal Communities features a spacious layout with an open living area. The home includes an open great room, dining area and beautifully-equipped kitchen with island for enjoying five-star meals. A den offers the perfect space for a home office, while a covered lanai at the back of the home provides a lovely environment for enjoying the outdoors. The master suite bedroom includes door to the lanai. The suite also features two closets and a bath with dual sink vanities, walk-in shower and private water closet. A walk-in closet and proximity to a full bath makes the second bedroom a great guest room.",2,2,,1,1530,399990,,2026-03-05T21:44:02+00:00,,,"Living Room, Dining Room, Office, Guest Room, Impact Resistant Glass Windows, Extended Lanai",,,Y,"Living Room, Dining Room, Office, Guest Room, Impact Resistant Glass Windows, Extended Lanai",,,,,,Tidewater 2,2,2,2,,1530,1,399990,,,,,,,,,,,,
https://www.nealcommunities.com/new-homes/wysteria/tidewater-2b-4/18131-franklin-park-court-venice-fl-34293-homesite-111/,Wysteria,27.0234596,-82.3319769,18131 Franklin Park Court,Venice,FL,34293,,,Active,Neal Communities,SFA,,2,,,,,,,https://www.nealcommunities.com,By appointment only! Now in closeout! Limited Availability!,,Tidewater 2B,"Move In Ready - Tidewinds 2B at Wysteria - Homesite 111
The Tidewater 2, a two-bedroom, two-bath twin villa home designed by Neal Communities features a spacious layout with an open living area. The home includes an open great room, dining area and beautifully-equipped kitchen with island for enjoying five-star meals. A den offers the perfect space for a home office, while a covered lanai at the back of the home provides a lovely environment for enjoying the outdoors. The master suite bedroom includes door to the lanai. The suite also features two closets and a bath with dual sink vanities, walk-in shower and private water closet. A walk-in closet and proximity to a full bath makes the second bedroom a great guest room.",2,2,,1,1530,399990,,2026-03-05T21:44:22+00:00,,,"Living Room, Dining Room, Office, Guest Room, Impact Resistant Glass",,,Y,"Living Room, Dining Room, Office, Guest Room, Impact Resistant Glass",,,,,,Tidewater 2B,2,2,2,,1530,1,399990,,,,,,,,,,,,
https://www.nealcommunities.com/new-homes/kings-gate/augusta/1622-royal-court-port-charlotte-fl-33980-augusta-model/,Kings Gate,27.00820334028199,-82.04717530244554,1622 Royal Court,Port Charlotte,FL,33980,,,Active,Neal Communities,SFA,,2,,,,,,,https://www.nealcommunities.com,"Neal Communities is pleased to offer our award-winning homes at Kings Gate, located in the popular Port Charlotte/Punta Gorda area of Florida. Renowned for its central proximity in Charlotte county, Kings Gate offers easy access to beaches, marinas, wildlife sanctuaries, airports and more, many within a 15 minute drive or less. A friendly, gated neighborhood community for residents age 55 and up, Kings Gate homeowners enjoy access to a recreation center, Olympic-sized swimming pool and spa, tennis courts, on-site activities director and a variety of resident clubs and social events. Membership to the 18-hole golf course and facilities are additionally available.",,Augusta,"This model home and comes furnished. The full price of this home is $339,679. The furniture cost of $18,868 is included in the price and must be paid in cash at closing.
Welcome home to the Augusta in the 55+ Restricted Community of Kings Gate. The Augusta is a 2 bedroom, 2 bath, and 2-car garage home across 1,443 sq. ft. of living space. This twin-villa home features a welcoming foyer that leads past a versatile den/leisure room—perfect for a home office or quiet retreat—into the heart of the home.
The layout flows seamlessly into the great room, dining space, and well-appointed kitchen. For effortless indoor-outdoor living, sliding doors lead from the great room out to the covered lanai.
The master bedroom includes 2 closets, dual vanity sinks, walk-in shower and private water closet. A separate utility room and 2-car garage complete this home.
Neal Communities is pleased to present our award-winning construction and home designs at Kings Gate. Visit us today to learn more about this wonderful home in Port Charlotte, Florida.
*Prices are subject to change without notice.
**Furniture must be sold with the home.",2,2,,1,1443,339679,,2026-04-23T15:42:26+00:00,,,"Living Room, Guest Room",,,Y,"Living Room, Guest Room",,,,,,Augusta,2,2,2,,1443,1,339679,,,,,,,,,,,,
https://www.nealcommunities.com/new-homes/tide-marsh/heritage-6/17803-saddlebunch-key-fort-myers/,Tide Marsh,26.4814289,-81.9018281,17803 Saddlebunch Key,Fort Myers,FL,33908,,,Active,Neal Communities,SFD,,2,,,,,,,https://www.nealcommunities.com,"Neal Communities invites you to Tide Marsh, a tranquil community redefining the Gulf Coast lifestyle. While this new Neal neighborhood offers privacy and peace, it is also in close proximity to the exciting hustle and bustle of Fort Myers. This community is a short drive from the renowned Fort Myers beach as well as a host of exciting venues and restaurants, providing opportunities to enjoy activities at your own leisure.",,Heritage,"New HERITAGE FURNISHED MODEL by Neal Communities in TIDE MARSH. This BRAND NEW Construction POOL home is a 4 bedroom 2.5 bath, LOFT, 2 car garage home and is ready now! UPGRADES THROUGHOUT! Gourmet kitchen package, Dapple Grey quartz counters, upgraded 42"" cabinets, stainless steel appliances, Upgraded 6x36 wood look tile floors throughout, 8-ft doors, and IMPACT WINDOWS/DOORS. Make your appointment to come see it today! Many benefits to living in this wonderful community is enjoying NATURAL GAS, LOW HOA FEES AND NO CDD! This home is built on homesite 3. (List price is $767,420 and furniture is $27,927 - The furniture must be sold with the home, no exceptions. )",4,2,1,2,2428,795347,,2026-02-13T20:54:41+00:00,,,"Pool, Impact Windows/Doors, 8 Foot Doors, Upgraded Cabinets, Quartz Counters, Upgraded Flooring, Loft",,,Y,"Pool, Impact Windows/Doors, 8 Foot Doors, Upgraded Cabinets, Quartz Counters, Upgraded Flooring, Loft",,,,,,Heritage,2,4,2,1,2428,2,795347,,,,,,,,,,,,
https://www.nealcommunities.com/new-homes/tide-marsh/meadow-brook-10/17807-saddlebunch-key-meadow-brook-2/,Tide Marsh,26.4814289,-81.9018281,17807 Saddlebunch Key,Fort Myers,FL,33908,,,Active,Neal Communities,SFD,,3,,,,,,,https://www.nealcommunities.com,"Neal Communities invites you to Tide Marsh, a tranquil community redefining the Gulf Coast lifestyle. While this new Neal neighborhood offers privacy and peace, it is also in close proximity to the exciting hustle and bustle of Fort Myers. This community is a short drive from the renowned Fort Myers beach as well as a host of exciting venues and restaurants, providing opportunities to enjoy activities at your own leisure.",,Meadow Brook,"Meadow Brook on Homesite 2
Introducing the Meadow Brook Floor Plan with Island Elevation — Now Available at Tide Marsh by Neal Communities
Discover the perfect blend of style, comfort, and function with the all-new Meadow Brook floor plan, thoughtfully designed and beautifully crafted in the sought-after Tide Marsh community. This spacious home features 3 bedrooms, a den, 2 full bathrooms, and a 3-car garage, offering plenty of room for family and guests. Built with impact-resistant windows and doors, this home combines safety and sophistication. Inside, you'll be welcomed by a range of premium upgrades, including a recessed ceiling package in the great room and primary bedroom, smart home technology package for added convenience, 8-foot doors throughout for a grand, open feel, upgraded tile and carpet flooring, stainless steel appliances and sleek quartz countertops, Designer cabinetry with dovetail construction, soft-close drawers and doors, 42” upper cabinets, roll-out shelves, and pot & pan drawers, stylish tile backsplash and center island for the ultimate kitchen experience. Enjoy the outdoors year-round with a screened-in lanai, perfect for relaxing or entertaining. And as a bonus, Tide Marsh is a natural gas community, offering energy-efficient features and utility savings. This is a model home and comes furnished. The full price of this home is $635,690. The furniture cost of $21,630 is included in the price and must be paid in cash at closing.",3,2,,1,2014,635690,,2025-09-04T17:08:16+00:00,,,"Living Room, Dining Room, Office, Model Home, Upgrades Throughout, Furnished",,,Y,"Living Room, Dining Room, Office, Model Home, Upgrades Throughout, Furnished",,,,,,Meadow Brook,3,3,2,,2014,1,635690,,,,,,,,,,,,
https://www.nealcommunities.com/new-homes/grand-park/avery/6056-dry-tortugas-drive-avery-14721/,Grand Park,27.238235,-82.436679,6056 Dry Tortugas Drive,Sarasota,FL,34241,,,Upcoming,Neal Communities,SFA,,1,,,,,,,https://www.nealcommunities.com,"Another Great Day awaits you at Grand Park – a stunning new neighborhood in beautiful Sarasota, Florida from Neal Communities. With an emphasis on natural beauty, lush, mature landscaping and inviting outdoor spaces – including an abundance of resort-style amenities – Grand Park has everything you’re looking for in a new community and more. This vibrant community will soon be conveniently located next to the brand-new Skye Ranch School, offering families an enriching and accessible educational environment.",,Avery,"Under Construction - Avery at Grand Park Homesite #14721 - End Unit
Come home to the Avery, a new townhome design by award-winning Neal Communities.
This 2-story home includes 3 bedrooms, 2.5 baths and an attached garage. As soon as you enter the front door, you are greeted by the large living room with a well-appointed kitchen and dining space leading out to the covered lanai. A powder room, storage closet on the lanai, and access to the garage are also on the first floor.
***Photos are of plan model*** NOT ACTUAL PHOTOS OF HOME",3,2,1,2,1780,399990,,2026-04-09T12:00:57+00:00,,,"Living Room, Dining Room, Guest Room, Loft, End Unit",,,Y,"Living Room, Dining Room, Guest Room, Loft, End Unit",,,,,,Avery,1,3,2,1,1780,2,399990,,,,,,,,,,,,
https://www.nealcommunities.com/new-homes/grand-park/avery/6072-dry-tortugas-drive-interior-unit-13717/,Grand Park,27.238235,-82.436679,6072 Dry Tortugas,Sarasota,FL,34241,,,Active,Neal Communities,SFA,,1,,,,,,,https://www.nealcommunities.com,"Another Great Day awaits you at Grand Park – a stunning new neighborhood in beautiful Sarasota, Florida from Neal Communities. With an emphasis on natural beauty, lush, mature landscaping and inviting outdoor spaces – including an abundance of resort-style amenities – Grand Park has everything you’re looking for in a new community and more. This vibrant community will soon be conveniently located next to the brand-new Skye Ranch School, offering families an enriching and accessible educational environment.",,Avery,"HOME IN PROGRESS - Avery at Grand Park Homesite #13717 - Interior Unit
Come home to the Avery, a new townhome design by award-winning Neal Communities.
This 2-story home includes 3 bedrooms, 2.5 baths and an attached garage. As soon as you enter the front door, you are greeted by the large living room with a well-appointed kitchen and dining space leading out to the covered lanai. A powder room, storage closet on the lanai, and access to the garage are also on the first floor.
***Photos are of plan model*** NOT ACTUAL PHOTOS OF HOME",3,2,1,2,1790,349990,,2026-02-02T16:45:04+00:00,,,"Living Room, Dining Room, Guest Room, Loft, Interior Unit",,,Y,"Living Room, Dining Room, Guest Room, Loft, Interior Unit",,,,,,Avery,1,3,2,1,1790,2,349990,,,,,,,,,,,,
https://www.nealcommunities.com/new-homes/grand-park/avery/6171-dry-tortugas-drive-avery-4660/,Grand Park,27.238235,-82.436679,6171 Dry Tortugas Drive,Sarasota,FL,34241,,,Active,Neal Communities,SFA,,1,,,,,,,https://www.nealcommunities.com,"Another Great Day awaits you at Grand Park – a stunning new neighborhood in beautiful Sarasota, Florida from Neal Communities. With an emphasis on natural beauty, lush, mature landscaping and inviting outdoor spaces – including an abundance of resort-style amenities – Grand Park has everything you’re looking for in a new community and more. This vibrant community will soon be conveniently located next to the brand-new Skye Ranch School, offering families an enriching and accessible educational environment.",,Avery,"Move In Ready - Avery at Grand Park Homesite #4660 - Interior Unit
Come home to the Avery, a new townhome design by award-winning Neal Communities.
This 2-story home includes 3 bedrooms, 2.5 baths and an attached garage. As soon as you enter the front door, you are greeted by the large living room with a well-appointed kitchen and dining space leading out to the covered lanai. A powder room, storage closet on the lanai, and access to the garage are also on the first floor.
***Photos are of plan model*** NOT ACTUAL PHOTOS OF HOME",3,2,1,2,1790,369990,,2026-04-09T11:59:54+00:00,,,"Living Room, Dining Room, Guest Room, Loft, Interior Unit",,,Y,"Living Room, Dining Room, Guest Room, Loft, Interior Unit",,,,,,Avery,1,3,2,1,1790,2,369990,,,,,,,,,,,,
https://www.nealcommunities.com/new-homes/grand-park/avery/6196-dry-tortugas-drive-avery-8686/,Grand Park,27.238235,-82.436679,6196 Dry Tortugas Drive,Sarasota,FL,34241,,,Active,Neal Communities,SFA,,1,,,,,,,https://www.nealcommunities.com,"Another Great Day awaits you at Grand Park – a stunning new neighborhood in beautiful Sarasota, Florida from Neal Communities. With an emphasis on natural beauty, lush, mature landscaping and inviting outdoor spaces – including an abundance of resort-style amenities – Grand Park has everything you’re looking for in a new community and more. This vibrant community will soon be conveniently located next to the brand-new Skye Ranch School, offering families an enriching and accessible educational environment.",,Avery,"READY SOON - Avery Townhome at Grand Park - Homesite #8686
Come home to the Avery, a new townhome design by award-winning Neal Communities.
This 2-story home includes 3 bedrooms, 2.5 baths and an attached garage. As soon as you enter the front door, you are greeted by the large living room with a well-appointed kitchen and dining space leading out to the covered lanai. A powder room, storage closet on the lanai, and access to the garage are also on the first floor.
**DISCLAIMER: Photos are of the furnished Avery model and are for illustrative purposes only.",3,2,1,2,1790,365990,,2026-04-10T14:39:04+00:00,,,"Living Room, Dining Room, Guest Room, Office, Loft",,,Y,"Living Room, Dining Room, Guest Room, Office, Loft",,,,,,Avery,1,3,2,1,1790,2,365990,,,,,,,,,,,,
https://www.nealcommunities.com/new-homes/grand-park/avery/6204-dry-tortugas-drive-avery-7684/,Grand Park,27.238235,-82.436679,6204 Dry Tortugas Drive,Sarasota,FL,34241,,,Active,Neal Communities,SFA,,1,,,,,,,https://www.nealcommunities.com,"Another Great Day awaits you at Grand Park – a stunning new neighborhood in beautiful Sarasota, Florida from Neal Communities. With an emphasis on natural beauty, lush, mature landscaping and inviting outdoor spaces – including an abundance of resort-style amenities – Grand Park has everything you’re looking for in a new community and more. This vibrant community will soon be conveniently located next to the brand-new Skye Ranch School, offering families an enriching and accessible educational environment.",,Avery,"Move In Ready - Avery at Grand Park Homesite #7684 - End Unit
Come home to the Avery, a new townhome design by award-winning Neal Communities.
This 2-story home includes 3 bedrooms, 2.5 baths and an attached garage. As soon as you enter the front door, you are greeted by the large living room with a well-appointed kitchen and dining space leading out to the covered lanai. A powder room, storage closet on the lanai, and access to the garage are also on the first floor.
***Photos are of plan model*** NOT ACTUAL PHOTOS OF HOME",3,2,1,2,1790,397990,,2026-04-09T12:00:18+00:00,,,"Living Room, Dining Room, Guest Room, Loft, End Unit",,,Y,"Living Room, Dining Room, Guest Room, Loft, End Unit",,,,,,Avery,1,3,2,1,1790,2,397990,,,,,,,,,,,,
https://www.nealcommunities.com/new-homes/grand-park/azure/6321-lake-woodruff-court-azure-371/,Grand Park,27.238235,-82.436679,6321 Lake Woodruff Court,Sarasota,FL,34241,,,Upcoming,Neal Communities,,,3,,,,,,,https://www.nealcommunities.com,"Another Great Day awaits you at Grand Park – a stunning new neighborhood in beautiful Sarasota, Florida from Neal Communities. With an emphasis on natural beauty, lush, mature landscaping and inviting outdoor spaces – including an abundance of resort-style amenities – Grand Park has everything you’re looking for in a new community and more. This vibrant community will soon be conveniently located next to the brand-new Skye Ranch School, offering families an enriching and accessible educational environment.",,Azure,"UNDER CONSTRUCTION - Azure with Pool at Grand Park - Homesite #371
Experience the epitome of refined living in the Azure, a stunning two-story residence boasting 4,443 square feet of thoughtfully designed space. This impressive home features 5 bedrooms, 4 bathrooms, a 3-car garage, and an array of luxurious amenities that will elevate your everyday life.
The main level welcomes you with an expansive great room, perfect for entertaining guests or simply relaxing with family. Adjacent to the great room, you’ll find a formal dining area ideal for hosting memorable gatherings. A well-appointed kitchen, complete with a spacious island and a walk-in pantry, is a chef’s dream.
For added versatility, the Azure includes a dedicated den, providing a quiet retreat for work or study. A convenient mudroom helps keep your home organized, while a spacious club room offers a flexible space for recreation or leisure.
Ascending to the second floor, you’ll be greeted by an elegant overlook of the foyer, adding a touch of grandeur. The upper level features generously sized bedrooms, each designed for comfort and privacy. A dedicated bonus room provides endless possibilities, whether you envision a home theater, a playroom, or a home office.
Step outside to the inviting lanai, an ideal space for enjoying the outdoors complete with a pool designed by Waterscapes. Relax under the Florida sun, host barbecues, or simply unwind in this tranquil retreat.",5,4,,2,4443,1339990,,2026-03-18T11:51:36+00:00,,,"Living Room, Dining Room, Guest Room, Office, Pool Professionally designed by Waterscapes, Impact Resistant Glass",,,Y,"Living Room, Dining Room, Guest Room, Office, Pool Professionally designed by Waterscapes, Impact Resistant Glass",,,,,,Azure,3,5,4,,4443,2,1339990,,,,,,,,,,,,
https://www.nealcommunities.com/new-homes/grand-park/bright-meadow-2-2/10134-crystal-isles-circle-bright-meadow-2-305/,Grand Park,27.238235,-82.436679,10134 Crystal Isles Circle,Sarasota,FL,34241,,,Active,Neal Communities,SFD,,3,,,,,,,https://www.nealcommunities.com,"Another Great Day awaits you at Grand Park – a stunning new neighborhood in beautiful Sarasota, Florida from Neal Communities. With an emphasis on natural beauty, lush, mature landscaping and inviting outdoor spaces – including an abundance of resort-style amenities – Grand Park has everything you’re looking for in a new community and more. This vibrant community will soon be conveniently located next to the brand-new Skye Ranch School, offering families an enriching and accessible educational environment.",,Bright Meadow 2,"Move In Ready - Bright Meadow 2 at Grand Park - Homesite #305
The Bright Meadow 2 plan by Neal Communities is designed with those features most desired by homeowners. The foyer entry leads to a spacious and open family room with recessed ceiling. An open kitchen is situated off this area, complete with large walk-in pantry, gracefully curved island and breakfast nook. French doors from the great room open to the den. Glass sliding doors in the great room provide access to the roomy covered lanai. Besides the master bedroom with recessed ceiling the suite holds two walk-in closets and master bath with dual sinks, walk-in shower and water closet. Both secondary bedrooms include a walk-in closet and have easy access to the secondary bathroom.
**DISCLAIMER: Photos are of the furnished Bright Meadow 2 model home and are for illustrative purposes only.",3,3,,1,2309,762990,,2026-04-28T11:55:52+00:00,,,"Living Room, Dining Room, Guest Room, Office, Impact Resistant Glass, Pocket Sliding Glass Door, Butler's Pantry",,,Y,"Living Room, Dining Room, Guest Room, Office, Impact Resistant Glass, Pocket Sliding Glass Door, Butler's Pantry",,,,,,Bright Meadow 2,3,3,3,,2309,1,762990,,,,,,,,,,,,
https://www.nealcommunities.com/new-homes/grand-park/dream-2-2/9871-crystal-isles-circle-dream-2-623/,Grand Park,27.238235,-82.436679,9871 Crystal Isles Circle,Sarasota,FL,34241,,,Upcoming,Neal Communities,SFD,,2,,,,,,,https://www.nealcommunities.com,"Another Great Day awaits you at Grand Park – a stunning new neighborhood in beautiful Sarasota, Florida from Neal Communities. With an emphasis on natural beauty, lush, mature landscaping and inviting outdoor spaces – including an abundance of resort-style amenities – Grand Park has everything you’re looking for in a new community and more. This vibrant community will soon be conveniently located next to the brand-new Skye Ranch School, offering families an enriching and accessible educational environment.",,Dream 2,"UNDER CONSTRUCTION - Dream 2 at Grand Park - Homesite #623
A luxurious home embodying the carefree, relaxed Florida lifestyle happens with the Dream 2, a 3 bedroom, 2 bath single family home with a 2-car garage. The floor plan includes a beautiful open kitchen with corner pantry, center island with plenty of counterspace for culinary creativity and a dining area. The great room has glass sliders that lead out onto the lanai, perfect for taking a break outside. The master bedroom includes 2 closets, dual vanity sinks and a walk-in shower. A separate den, utility room and 2 additional bedrooms and second bath complete the home.
**DISCLAIMER: Photos are of the furnished Dream 2 model home and are for illustrative purposes only.",3,2,,1,1860,602990,,2026-04-24T11:48:22+00:00,,,"Living Room, Dining Room, Guest Room, Office, Impact Resistant Glass, Pocket Sliding Glass Doors",,,Y,"Living Room, Dining Room, Guest Room, Office, Impact Resistant Glass, Pocket Sliding Glass Doors",,,,,,Dream 2,2,3,2,,1860,1,602990,,,,,,,,,,,,
https://www.nealcommunities.com/new-homes/grand-park/harvest-3-2/10130-crystal-isles-circle-harvest-3-306/,Grand Park,27.238235,-82.436679,10130 Crystal Isles Circle,Sarasota,FL,34241,,,Upcoming,Neal Communities,SFD,,2,,,,,,,https://www.nealcommunities.com,"Another Great Day awaits you at Grand Park – a stunning new neighborhood in beautiful Sarasota, Florida from Neal Communities. With an emphasis on natural beauty, lush, mature landscaping and inviting outdoor spaces – including an abundance of resort-style amenities – Grand Park has everything you’re looking for in a new community and more. This vibrant community will soon be conveniently located next to the brand-new Skye Ranch School, offering families an enriching and accessible educational environment.",,Harvest 3,"UNDER CONSTRUCTION - Harvest 3 w/ Pool at Grand Park - Homesite #306
Welcome home to Harvest 3, a 2,456 sq. ft. floor plan made for cultivating new memories and quality time with your family. The foyer and stylish gallery open to the kitchen featuring walk-in pantry and large island, perfect for entertaining as you cook. Whether you cook, enjoy meals or lounge in the dining or great room areas, you will be greeted with a gorgeous lanai and private pool!
The generously designed master suite features a recessed ceiling and an over-sized walk-in closet on one end. Nestled between the bedroom and closet is the master bath, featuring double sink vanity and private water closet.
***Photos are of a Harvest 3 model*** NOT ACTUAL PHOTOS OF HOME",4,3,1,2,2456,883990,,2026-04-27T11:45:57+00:00,,,"Living Room, Dining Room, Guest Room, Office, Impact Resistant Glass, Professionally designed Pool by Waterscapes, Pool Bath",,,Y,"Living Room, Dining Room, Guest Room, Office, Impact Resistant Glass, Professionally designed Pool by Waterscapes, Pool Bath",,,,,,Harvest 3,2,4,3,1,2456,2,883990,,,,,,,,,,,,
https://www.nealcommunities.com/new-homes/grand-park/honor-4/9878-crystal-isles-circle-honor-632/,Grand Park,27.238235,-82.436679,9878 Crystal Isles Circle,Sarasota,FL,34241,,,Active,Neal Communities,SFD,,2,,,,,,,https://www.nealcommunities.com,"Another Great Day awaits you at Grand Park – a stunning new neighborhood in beautiful Sarasota, Florida from Neal Communities. With an emphasis on natural beauty, lush, mature landscaping and inviting outdoor spaces – including an abundance of resort-style amenities – Grand Park has everything you’re looking for in a new community and more. This vibrant community will soon be conveniently located next to the brand-new Skye Ranch School, offering families an enriching and accessible educational environment.",,Honor,"MOVE IN READY - Honor at Grand Park - Homesite #632
The Honor floor plan by Neal Communities is a handsome 2-story home with 3 bedrooms, 2.5 baths and a 2-car garage with a tandem space. The main floor includes a spacious great room with dining area and separate den with French doors. The well-appointed kitchen includes a large island and plenty of counterspace.
Upstairs, you’ll find 3 bedrooms, a loft space and 2 full baths. The master bedroom includes dual vanity sinks, a walk-in closet, large shower and private water closet. The second full bath has a tub and shower. A Den, ideal for a private office, in lieu of the leisure space.
***Photos shown are of the floorplan model home and are for illustrative purposes only. Photos are not of the home being offered for sale.",3,2,1,2,2143,595990,,2026-04-02T20:29:59+00:00,,,"Living Room, Dining Room, Guest Room, Loft, Bonus Room, Impact Resistant Glass, 3 Pocket Sliding Glass Door, Tandem Garage, Den",,,Y,"Living Room, Dining Room, Guest Room, Loft, Bonus Room, Impact Resistant Glass, 3 Pocket Sliding Glass Door, Tandem Garage, Den",,,,,,Honor,2,3,2,1,2143,2,595990,,,,,,,,,,,,
https://www.nealcommunities.com/new-homes/grand-park/morgan-2/6068-dry-tortugas-drive-interior-unit-13718/,Grand Park,27.238235,-82.436679,6068 Dry Tortugas Drive,Sarasota,FL,34241,,,Active,Neal Communities,SFA,,1,,,,,,,https://www.nealcommunities.com,"Another Great Day awaits you at Grand Park – a stunning new neighborhood in beautiful Sarasota, Florida from Neal Communities. With an emphasis on natural beauty, lush, mature landscaping and inviting outdoor spaces – including an abundance of resort-style amenities – Grand Park has everything you’re looking for in a new community and more. This vibrant community will soon be conveniently located next to the brand-new Skye Ranch School, offering families an enriching and accessible educational environment.",,Morgan,"HOME IN PROGRESS - Morgan Townhome - Interior Unit #13718
Come home to the Morgan, a new townhome design by award-winning Neal Communities.
This 2-story home includes 3 bedrooms, 2.5 baths and an attached 1-car garage. As soon as you enter the front door, you are greeted by the large living room with a well-appointed kitchen and dining space leading out to the covered lanai. A powder room, storage closet on the lanai, and access to the garage are also on the first floor.
***Photos are of plan model*** NOT ACTUAL PHOTOS OF HOME",3,2,1,2,1790,352990,,2026-02-02T17:00:27+00:00,,,"Living Room, Dining Room, Office, Loft, Interior Unit",,,Y,"Living Room, Dining Room, Office, Loft, Interior Unit",,,,,,Morgan,1,3,2,1,1790,2,352990,,,,,,,,,,,,
https://www.nealcommunities.com/new-homes/grand-park/ocean-front/9989-crystal-isles-circle-oceanfront-507/,Grand Park,27.238235,-82.436679,9989 Crystal Isles Circle,Sarasota,FL,34241,,,Upcoming,Neal Communities,SFD,,3,,,,,,,https://www.nealcommunities.com,"Another Great Day awaits you at Grand Park – a stunning new neighborhood in beautiful Sarasota, Florida from Neal Communities. With an emphasis on natural beauty, lush, mature landscaping and inviting outdoor spaces – including an abundance of resort-style amenities – Grand Park has everything you’re looking for in a new community and more. This vibrant community will soon be conveniently located next to the brand-new Skye Ranch School, offering families an enriching and accessible educational environment.",,Ocean Front,"UNDER CONSTRUCTION - Ocean Front w/ Pool at Grand Park - Homesite #507
The main living area of the Ocean Front plan is spacious and open with a great room, dining room and island kitchen, with a powder bath off the kitchen. In the master suite, two walk-in closets sit just off the bedroom, which includes a coffered ceiling and two walk-in closets. The suite’s master bath features dual sinks, a large walk-in shower and water closet. Another full bath is conveniently situated between the second and third bedroom. Additional plan features include a den or office, large laundry room and a spacious covered lanai with a professionally designed pool and spa by Waterscapes. The Ocean Front also has a second level with a loft and second master suite.
Call today for more information!
**DISLAIMER: Photos are of an Ocean Front model and are for illustrative purposes only.",4,3,1,2,3156,984990,,2026-04-28T11:56:10+00:00,,,"Living Room, Dining Room, Loft, Office, Guest Room, Two Master Bedrooms, Impact Resistant Glass Windows, Private Pool & Spa, Chefs Kithcen",,,Y,"Living Room, Dining Room, Loft, Office, Guest Room, Two Master Bedrooms, Impact Resistant Glass Windows, Private Pool & Spa, Chefs Kithcen",,,,,,Ocean Front,3,4,3,1,3156,2,984990,,,,,,,,,,,,
https://www.nealcommunities.com/new-homes/grand-park/santa-catalina-4/6333-lake-woodruff-court-santacatalina-374/,Grand Park,27.238235,-82.436679,6333 Lake Woodruff Court,Sarasota,FL,34241,,,Upcoming,Neal Communities,,,3,,,,,,,https://www.nealcommunities.com,"Another Great Day awaits you at Grand Park – a stunning new neighborhood in beautiful Sarasota, Florida from Neal Communities. With an emphasis on natural beauty, lush, mature landscaping and inviting outdoor spaces – including an abundance of resort-style amenities – Grand Park has everything you’re looking for in a new community and more. This vibrant community will soon be conveniently located next to the brand-new Skye Ranch School, offering families an enriching and accessible educational environment.",,Santa Catalina,"UNDER CONSTRUCTION - Santa Catalina with Pool & Spa - Grand Park Homesite #374
Prepare to be captivated by the Santa Catalina floorplan! This remarkable new design from Neal Communities unveils an impressive layout featuring 5 bedrooms, 4 beautifully appointed bathrooms, and the undeniable convenience of a 3-car garage – a true testament to spacious living. While drawing inspiration from the welcoming and expansive spirit of beloved previous models, the Santa Catalina elevates the experience, offering an even greater sense of roominess and flexibility to accommodate all of life’s moments. Imagine the possibilities within these walls! We invite you to connect with us and discover firsthand the exceptional lifestyle that awaits in this stunning home. Don’t miss the opportunity to schedule your personal tour and immerse yourself in the allure of the Santa Catalina.
*DISCLAIMER: Photos are of a model home and are for illustrative purposes only.",5,4,,2,3677,1281990,,2026-04-17T18:47:38+00:00,,,"Living Room, Dining Room, Bonus Room, Office, Guest Room, Private Pool & Spa, Impact Resistant Glass, Tankless Water Heater",,,Y,"Living Room, Dining Room, Bonus Room, Office, Guest Room, Private Pool & Spa, Impact Resistant Glass, Tankless Water Heater",,,,,,Santa Catalina,3,5,4,,3677,2,1281990,,,,,,,,,,,,
https://www.nealcommunities.com/new-homes/grand-park/savannah-2-5/6336-lake-woodruff-court-savannahii-356/,Grand Park,27.238235,-82.436679,6336 Lake Woodruff Court,Sarasota,FL,34241,,,Active,Neal Communities,SFD,,3,,,,,,,https://www.nealcommunities.com,"Another Great Day awaits you at Grand Park – a stunning new neighborhood in beautiful Sarasota, Florida from Neal Communities. With an emphasis on natural beauty, lush, mature landscaping and inviting outdoor spaces – including an abundance of resort-style amenities – Grand Park has everything you’re looking for in a new community and more. This vibrant community will soon be conveniently located next to the brand-new Skye Ranch School, offering families an enriching and accessible educational environment.",,Savannah 2,"UNDER CONSTRUCTION - Savannah 2 with pool & spa at Grand Park - Homesite #356
Welcome Home to the Savannah 2, an exciting 3 bedroom, 3 bath, 3-car garage single-family home by Neal Communities at Grand Park. This new home includes open space living across 2,868 sq.ft. with a Great Room, dining area, gourmet kitchen, club room and formal den. The master bedroom includes recessed ceiling, 2 walk-in closets, a luxurious soaking tub, corner shower, and 2 vanity sinks. A Guest Room with en-suite accommodations and walk-in closet is the second bedroom. This home also includes two secondary bedrooms for those looking to host family and friends. You also have a club room, creating the perfect environment for a game night with the entire family.
A covered lanai with a pool and spa is professionally designed by Waterscapes and 3-car garage complete this spacious home.
**DISCLAIMER: Photos are of the furnished Savannah II model home and are for illustrative purposes only.",3,3,,1,2868,1140990,,2026-02-02T17:07:39+00:00,,,"Club Room, Impact Resistant Windows, Pool & Spa by Waterscapes, Mud Room",,,Y,"Club Room, Impact Resistant Windows, Pool & Spa by Waterscapes, Mud Room",,,,,,Savannah 2,3,3,3,,2868,1,1140990,,,,,,,,,,,,
https://www.nealcommunities.com/new-homes/grand-park/sea-mist-5/10078-crystal-isles-circle-sea-mist-319/,Grand Park,27.238235,-82.436679,10078 Crystal Isles Circle,Sarasota,FL,34241,,,Upcoming,Neal Communities,SFD,,3,,,,,,,https://www.nealcommunities.com,"Another Great Day awaits you at Grand Park – a stunning new neighborhood in beautiful Sarasota, Florida from Neal Communities. With an emphasis on natural beauty, lush, mature landscaping and inviting outdoor spaces – including an abundance of resort-style amenities – Grand Park has everything you’re looking for in a new community and more. This vibrant community will soon be conveniently located next to the brand-new Skye Ranch School, offering families an enriching and accessible educational environment.",,Sea Mist,"UNDER CONSTRUCTION - Sea Mist w/ Pool at Grand Park - Homesite #319
The main living area of the Sea Mist plan is spacious and open with a great room, dining room and island kitchen. In the master suite, two walk-in closets sit just off the bedroom, which includes a coffered ceiling. The suite’s master bath features dual sinks, a large walk-in shower and water closet. Another full bath, situated between the two remaining bedrooms, has a Jack and Jill entry. Additional plan features include a den, large laundry room and a spacious covered lanai with private pool.",3,2,1,1,2427,864990,,2026-04-24T11:48:06+00:00,,,"Living Room, Dining Room, Guest Room, Office, Impact Resistant Glass, Recessed Ceilings, Jack and Jill Bath, Professionally Designed Pool by Waterscapes",,,Y,"Living Room, Dining Room, Guest Room, Office, Impact Resistant Glass, Recessed Ceilings, Jack and Jill Bath, Professionally Designed Pool by Waterscapes",,,,,,Sea Mist,3,3,2,1,2427,1,864990,,,,,,,,,,,,
https://www.nealcommunities.com/new-homes/grand-park/triumph/6547-big-bayou-drive-triumph-464/,Grand Park,27.238235,-82.436679,6547 Big Bayou Drive,Sarasota,FL,34241,,,Upcoming,Neal Communities,SFD,,2,,,,,,,https://www.nealcommunities.com,"Another Great Day awaits you at Grand Park – a stunning new neighborhood in beautiful Sarasota, Florida from Neal Communities. With an emphasis on natural beauty, lush, mature landscaping and inviting outdoor spaces – including an abundance of resort-style amenities – Grand Park has everything you’re looking for in a new community and more. This vibrant community will soon be conveniently located next to the brand-new Skye Ranch School, offering families an enriching and accessible educational environment.",,Triumph,"UNDER CONSTRUCTION - Triumph at Grand Park - Homesite #464
A foyer and gallery entry gives Triumph a sophisticated feel from the moment you enter. The beautifully-designed kitchen features an island and a walk-in pantry for bringing five-star cuisine to life. Just off the charming great room, which includes an octagonal recessed ceiling, sliding glass doors take you to the covered lanai for outdoor relaxation.
The master suite is a rejuvenating spot for every homeowner, featuring two walk-in closets and a dual-sink bath with walk-in shower and private water closet. A media room in lieu of one of the two secondary bedrooms. Another bedroom is a guest suite with ensuite bath.
**DISCLAIMER: Photos are of the furnished Triumph model home and are for illustrative purposes only.",4,3,1,1,2332,688990,,2026-04-24T11:48:51+00:00,,,"Living Room, Dining Room, Media Room, Guest Room, Impact Resistant Glass, Recessed Ceilings, Media Room w/ Powder Bath",,,Y,"Living Room, Dining Room, Media Room, Guest Room, Impact Resistant Glass, Recessed Ceilings, Media Room w/ Powder Bath",,,,,,Triumph,2,4,3,1,2332,1,688990,,,,,,,,,,,,
https://www.nealcommunities.com/new-homes/grand-park/vision-2/9882-crystal-isles-circle-vision-631/,Grand Park,27.238235,-82.436679,9882 Crystal Isles Circle,Sarasota,FL,34241,,,Upcoming,Neal Communities,,,2,,,,,,,https://www.nealcommunities.com,"Another Great Day awaits you at Grand Park – a stunning new neighborhood in beautiful Sarasota, Florida from Neal Communities. With an emphasis on natural beauty, lush, mature landscaping and inviting outdoor spaces – including an abundance of resort-style amenities – Grand Park has everything you’re looking for in a new community and more. This vibrant community will soon be conveniently located next to the brand-new Skye Ranch School, offering families an enriching and accessible educational environment.",,Vision 2,"UNDER CONSTRUCTION - Vision at Grand Park - Homesite #631
Experience the perfect blend of luxury and comfort in the Vision plan by Neal Communities. This stunning 2-story home boasts 2,956 square feet of thoughtfully designed living space, featuring 4 bedrooms and 4 bathrooms and a spacious 2-car garage. The open layout includes a welcoming great room and dining area, ideal for entertaining. A versatile loft adds extra space for relaxation or play. Enjoy the ease of new home construction with modern finishes and energy-efficient features, all while embracing the vibrant Florida lifestyle. Discover your dream home today with Neal Communities, where new home builders create lasting memories.",4,4,,2,2956,676990,,2026-03-18T20:15:06+00:00,,,"Dining Room, Office, Bonus Room, Garage Extension, Impact Resistant Glass Windows",,,Y,"Dining Room, Office, Bonus Room, Garage Extension, Impact Resistant Glass Windows",,,,,,Vision 2,2,4,4,,2956,2,676990,,,,,,,,,,,,
https://www.nealcommunities.com/new-homes/grand-park/white-star-9/6563-big-bayou-drive-white-star-468/,Grand Park,27.238235,-82.436679,6563 Big Bayou Drive,Sarasota,FL,34241,,,Active,Neal Communities,SFD,,2,,,,,,,https://www.nealcommunities.com,"Another Great Day awaits you at Grand Park – a stunning new neighborhood in beautiful Sarasota, Florida from Neal Communities. With an emphasis on natural beauty, lush, mature landscaping and inviting outdoor spaces – including an abundance of resort-style amenities – Grand Park has everything you’re looking for in a new community and more. This vibrant community will soon be conveniently located next to the brand-new Skye Ranch School, offering families an enriching and accessible educational environment.",,White Star,"UNDER CONSTRUCTION- White Star at Grand Park - Homesite #468
With 3 bedrooms, 2 baths, and 2,064 sq. ft. of open living space, the White Star is a home built for entertaining guests or daily relaxation. At the front of the home is a den, which can be used as an office. The inviting great room is open to the island kitchen and charming café area, perfect for unwinding over refreshments while enjoying the sight of the outdoor lanai.
The master suite is the perfect retreat for owners. This space features the spacious master bedroom leads to a spa-style master bath with corner shower, vanity sink and private water closet. You can also enjoy a large walk-in closet, where you can pick your next outfit after freshening up.
***DISCLAIMER: Photos of are of the furnished White Star model home and are for illustrative purposes only. The home at 6563 Big Bayou Drive does not include a pool.",3,2,1,1,2064,629990,,2026-02-02T17:02:24+00:00,,,"Living Room, Dining Room, Guest Room, Office, Impact Resistant Glass Windows, Butlers Pantry, Two Foot Garage Extension",,,Y,"Living Room, Dining Room, Guest Room, Office, Impact Resistant Glass Windows, Butlers Pantry, Two Foot Garage Extension",,,,,,White Star,2,3,2,1,2064,1,629990,,,,,,,,,,,,
https://www.nealcommunities.com/new-homes/grand-park/white-star-9/6568-big-bayou-drive-white-star-559/,Grand Park,27.238235,-82.436679,6568 Big Bayou Drive,Sarasota,FL,34241,,,Active,Neal Communities,SFD,,2,,,,,,,https://www.nealcommunities.com,"Another Great Day awaits you at Grand Park – a stunning new neighborhood in beautiful Sarasota, Florida from Neal Communities. With an emphasis on natural beauty, lush, mature landscaping and inviting outdoor spaces – including an abundance of resort-style amenities – Grand Park has everything you’re looking for in a new community and more. This vibrant community will soon be conveniently located next to the brand-new Skye Ranch School, offering families an enriching and accessible educational environment.",,White Star,"HOME IN PROGRESS - White Star at Grand Park - Homesite #559
With 3 bedrooms, 2.5 baths, and 2,064 sq. ft. of open living space, the White Star is a home built for entertaining guests or daily relaxation. At the front of the home is a den, which can be used as an office. The inviting great room is open to the island kitchen and charming café area, perfect for unwinding over refreshments while enjoying the sight of the outdoor lanai.
The master suite is the perfect retreat for owners. This space features the spacious master bedroom leads to a spa-style master bath with corner shower, vanity sink and private water closet. You can also enjoy a large walk-in closet, where you can pick your next outfit after freshening up.
***Photos are of plan model*** NOT ACTUAL PHOTOS OF HOME",3,2,1,1,2064,607990,,2026-04-27T11:45:30+00:00,,,"Living Room, Dining Room, Guest Room, Office, Impact Resistant Glass Windows, Den instead of Dining Room",,,Y,"Living Room, Dining Room, Guest Room, Office, Impact Resistant Glass Windows, Den instead of Dining Room",,,,,,White Star,2,3,2,1,2064,1,607990,,,,,,,,,,,,
https://www.nealcommunities.com/new-homes/skysail/artistry-3/4243-pegasus-way-homesite-276/,SkySail,26.2953616,-81.525972,4243 Pegasus Way,Naples,FL,34120,,,Upcoming,Neal Communities,SFD,,2,,,,,,,https://www.nealcommunities.com,"Set sail for the exciting adventures awaiting you and your family in one of Collier County’s newest communities. Neal Communities is pleased to announce SkySail, a serene home neighborhood located among 246 acres of sparkling lakes. This beautiful lakeside community offers a variety of beautiful amenities perfect for connecting with neighbors through outdoor relaxation or exciting activities.",,Artistry,"Artistry on Homesite 276 - This home covers 3486 square feet, is a 2 story, 4 bedroom 3 bath design which adds innovative features enhancing the comforts of a modern home. The first floor offers a spacious kitchen and dining room area featuring a large walk in pantry, perfect for creating and enjoying memories with friends and family. The great room offers a beautiful lanai view and the first floor offers a bedroom. The second floor features the master bedroom with two walk in closets and master bath with walk in shower, double sink vanity and private lab. There are two secondary bedrooms with walk-in closets and another bath. The bonus room offers flexibility for creating for creating an entertaining custom space.
Images are not an exact representation of this feature home.
This home is being built on Homesite 276.",4,3,,2,3486,772797,,2026-04-16T11:44:28+00:00,,,"Living Room, Bonus Room, 2-Story, Impact Resistant WIndows, Screened Lanai",,,Y,"Living Room, Bonus Room, 2-Story, Impact Resistant WIndows, Screened Lanai",,,,,,Artistry,2,4,3,,3486,2,772797,,,,,,,,,,,,
https://www.nealcommunities.com/new-homes/skysail/avery-3/5141-draco-circle-avery-homesite-0102/,SkySail,26.2953616,-81.525972,5141 Draco Circle,Naples,FL,34120,,,Active,Neal Communities,SFA,,1,,,,,,,https://www.nealcommunities.com,"Set sail for the exciting adventures awaiting you and your family in one of Collier County’s newest communities. Neal Communities is pleased to announce SkySail, a serene home neighborhood located among 246 acres of sparkling lakes. This beautiful lakeside community offers a variety of beautiful amenities perfect for connecting with neighbors through outdoor relaxation or exciting activities.",,Avery,"In Progress - SkySail - Avery - Homesite 0102
Come home to the Avery - a beautiful townhome design by award winning Neal Communities.
This 2 story townhome includes 3 bedrooms, 2.1 baths and an attached 1 car garage. Upon entering you will be greeted by the spacious living room with a well appointed kitchen and dining space all leading out to your lanai. A powder room and access to the garage are also on the first floor. The bedrooms are on the upper level with two full baths.
The images shown are not an exact representation of this feature home.",3,2,1,2,1790,346780,,2026-01-27T13:51:39+00:00,,,GE Stainless Appliances,,,Y,GE Stainless Appliances,,,,,,Avery,1,3,2,1,1790,2,346780,,,,,,,,,,,,
https://www.nealcommunities.com/new-homes/skysail/bright-meadow-2-4/4691-skysail-drive-bright-meadow-2-388/,SkySail,26.2953616,-81.525972,4691 SkySail Drive,Naples,FL,34120,,,Upcoming,Neal Communities,SFD,,3,,,,,,,https://www.nealcommunities.com,"Set sail for the exciting adventures awaiting you and your family in one of Collier County’s newest communities. Neal Communities is pleased to announce SkySail, a serene home neighborhood located among 246 acres of sparkling lakes. This beautiful lakeside community offers a variety of beautiful amenities perfect for connecting with neighbors through outdoor relaxation or exciting activities.",,Bright Meadow 2,"New Home by Neal Communities, in SkySail. This beautiful BRIGHT MEADOW floor plan has 2309 SF, 3 bedrooms, den, 2.1 baths, a 3- car garage, gourmet kitchen w/ a spacious island, tile floors, upgraded cabinetry and quartz countertops. Impact resistant glass, 8-ft doors, & pocket sliders.
SkySail is beautiful community offering a clubhouse, tennis and pickleball courts, walking stations and work out stations, 2 pools, a fitness room, outdoor gaming area, fishing pier and fire pit. There are two dog parks. Skysail is a natural gas community.
**DISCLAIMER: Photos shown are of a model home and are for illustrative purposes only. They may include features, upgrades, furnishings and design elements that are not included in the actual home being offered for sale. This home does not include a pool. This home is being built on Homesite 388.",3,2,1,1,2309,857185,,2026-04-24T19:18:43+00:00,,,"Living Room, Dining Room, Office, Impact Resistant Glass, Pocket Slider Doors to Lanai, 8' Interior Doors, GE Stainless Kitchen Appliances, Upgraded Cabinets & Quartz Counters",,,Y,"Living Room, Dining Room, Office, Impact Resistant Glass, Pocket Slider Doors to Lanai, 8' Interior Doors, GE Stainless Kitchen Appliances, Upgraded Cabinets & Quartz Counters",,,,,,Bright Meadow 2,3,3,2,1,2309,1,857185,,,,,,,,,,,,
https://www.nealcommunities.com/new-homes/skysail/brilliance-3/4247-pegasus-way-brilliance-275/,SkySail,26.2953616,-81.525972,4247 Pegasus Way,Naples,FL,34120,,,Upcoming,Neal Communities,SFD,,3,,,,,,,https://www.nealcommunities.com,"Set sail for the exciting adventures awaiting you and your family in one of Collier County’s newest communities. Neal Communities is pleased to announce SkySail, a serene home neighborhood located among 246 acres of sparkling lakes. This beautiful lakeside community offers a variety of beautiful amenities perfect for connecting with neighbors through outdoor relaxation or exciting activities.",,Brilliance,"Brilliance at SkySail on Homesite 275!
The Brilliance is a wonderful floor plan, radiating a joyful atmosphere from the moment you step inside. With 3 bedrooms, 2.1 baths, a well-appointed kitchen, formal dining room and spacious great room, the Brilliance is a home built for entertaining guests or daily relaxation.
The primary bedroom includes a large, walk-in closet, corner shower, vanity sink and private water closet. The kitchen includes a large, center island, plenty of counter and cabinet space, designer selected backsplash, dovetail drawers, soft closing cabinets and doors, Quartz countertops, undermount lighting and a cafe dining area. This home also offers 8' interior doors as well as impact resistant glass and a 3 car garage.
The images are not an exact representation of this feature home and the feature home will not be sold furnished. This home is being built on Homesite 275.",3,2,1,1,2079,671021,,2026-04-24T20:23:03+00:00,,,"Living Room, Dining Room, Office, Impact Resistant Glass, 3 Car Garage",,,Y,"Living Room, Dining Room, Office, Impact Resistant Glass, 3 Car Garage",,,,,,Brilliance,3,3,2,1,2079,1,671021,,,,,,,,,,,,
https://www.nealcommunities.com/new-homes/skysail/dream-2-4/4532-centaurus-circle-dream-2-homesite-407/,SkySail,26.2953616,-81.525972,4532 Centaurus Circle,Naples,FL,34120,,,Upcoming,Neal Communities,SFD,,2,,,,,,,https://www.nealcommunities.com,"Set sail for the exciting adventures awaiting you and your family in one of Collier County’s newest communities. Neal Communities is pleased to announce SkySail, a serene home neighborhood located among 246 acres of sparkling lakes. This beautiful lakeside community offers a variety of beautiful amenities perfect for connecting with neighbors through outdoor relaxation or exciting activities.",,Dream 2,"Dream 2 on Homesite 407
A luxurious home embodying the carefree, relaxed Florida lifestyle happens with the Dream 2, a 3 bedroom, 2 bath single family home with a 2-car garage and impact resistant glass. The floor plan includes a beautiful open kitchen with corner pantry, center island with plenty of counterspace for culinary creativity, GE stainless appliances, soft close cabinetry and a dining area. The great room has pocket sliding doors that lead out onto the lanai, perfect for taking a break outside. The master bedroom includes 2 closets, dual vanity sinks and a walk-in shower. A separate den, utility room, 2 additional bedrooms and second bath complete the home.
Images are not an exact representation of this feature home and the feature home will not be sold furnished. This home is being built on Homesite 407.",3,2,,1,1860,506023,,2026-04-24T19:30:50+00:00,,,"Living Room, Dining Room, Office, GE Stainless Appliances, Pocket Sliders, Impact Resistant Glass",,,Y,"Living Room, Dining Room, Office, GE Stainless Appliances, Pocket Sliders, Impact Resistant Glass",,,,,,Dream 2,2,3,2,,1860,1,506023,,,,,,,,,,,,
https://www.nealcommunities.com/new-homes/skysail/eventide-4-5/4276-pegasus-way-sky-sail-293/,SkySail,26.2953616,-81.525972,4276 Pegasus Way,Naples,FL,34120,,,Active,Neal Communities,SFD,,2,,,,,,,https://www.nealcommunities.com,"Set sail for the exciting adventures awaiting you and your family in one of Collier County’s newest communities. Neal Communities is pleased to announce SkySail, a serene home neighborhood located among 246 acres of sparkling lakes. This beautiful lakeside community offers a variety of beautiful amenities perfect for connecting with neighbors through outdoor relaxation or exciting activities.",,Eventide 4,"Ready Now! Eventide 4 at SkySail on Homesite 293!
Sophisticated and fun, the spacious Eventide 4 plan offers a comfortable layout designed for relaxation and entertaining. This home offers 3 bedrooms, 2 baths and a 2 car garage. The kitchen provides numerous upgrades including Quartz countertops, dovetail draws, soft close draws and doors, 42"" upper cabinets, a center island and GE stainless appliances. Pocket sliding doors lead from the kitchen out ot the screened lanai.
A large primary suite includes 2 walk-in closets, a recessed ceiling and a primary bath with walk-in shower and water closet. The guest bedrooms are located convenient to the second bath.
Learn more about the Eventide 4 by Neal Communities. Come by or call to schedule an appointment.
Images are not an exact representation of this feature home and the feature home will not be sold furnished. This home is being built on homesite 293.",2,2,,1,1904,684737,,2026-04-16T11:50:17+00:00,,,"Living Room, Dining Room, Impact Resistant Windows, Screened Lanai, Quartz Countertops",,,Y,"Living Room, Dining Room, Impact Resistant Windows, Screened Lanai, Quartz Countertops",,,,,,Eventide 4,2,2,2,,1904,1,684737,,,,,,,,,,,,
https://www.nealcommunities.com/new-homes/skysail/eventide-4-5/4671-skysail-drive-homesite-223/,SkySail,26.2953616,-81.525972,4671 SkySail Drive,Naples,FL,34120,,,Upcoming,Neal Communities,SFD,,2,,,,,,,https://www.nealcommunities.com,"Set sail for the exciting adventures awaiting you and your family in one of Collier County’s newest communities. Neal Communities is pleased to announce SkySail, a serene home neighborhood located among 246 acres of sparkling lakes. This beautiful lakeside community offers a variety of beautiful amenities perfect for connecting with neighbors through outdoor relaxation or exciting activities.",,Eventide 4,"Eventide 4 at SkySail - Homesite 383
Sophisticated yet inviting, the spacious Eventide 4 floor plan at SkySail is designed for both effortless entertaining and everyday relaxation. The welcoming foyer flows into an elegant dining area, leading to an expansive great room that serves as the heart of the home. This open living space connects seamlessly to a beautifully appointed kitchen featuring a center island, breakfast nook, quartz countertops, designer-selected backsplash, upgraded cabinetry with dovetail construction and soft-close drawers, GE stainless steel appliances, and under-cabinet lighting.
Enjoy indoor-outdoor living on the screened lanai, perfect for relaxing year-round. Additional highlights include impact-resistant windows, recessed ceilings in both the great room and primary bedroom, and a two-car garage with a 2-foot extension for added storage or workspace.
The luxurious primary suite offers two walk-in closets and a spa-inspired bath with a walk-in shower and private water closet. Completing the home is an additional bedroom and a versatile den, ideal for a home office or flex space.
**DISCLAIMER: Photos shown are of a model home and are for illustrative purposes only. They may include features, upgrades, furnishings and design elements that are not included in the actual home being offered for sale. This home does not include a pool. This home is being built on Homesite 383",2,2,,1,1904,596802,,2026-04-16T11:45:06+00:00,,,"Living Room, Dining Room, Office, Impact Resistant Glass, Screened in Lanai, Garage Extension, Pocket Slider Doors",,,Y,"Living Room, Dining Room, Office, Impact Resistant Glass, Screened in Lanai, Garage Extension, Pocket Slider Doors",,,,,,Eventide 4,2,2,2,,1904,1,596802,,,,,,,,,,,,
https://www.nealcommunities.com/new-homes/skysail/fresh-spring-10/4087-pegasus-way-homesite-107/,SkySail,26.2953616,-81.525972,4087 Pegasus Way,Naples,FL,34120,,,Active,Neal Communities,SFD,,2,,,,,,,https://www.nealcommunities.com,"Set sail for the exciting adventures awaiting you and your family in one of Collier County’s newest communities. Neal Communities is pleased to announce SkySail, a serene home neighborhood located among 246 acres of sparkling lakes. This beautiful lakeside community offers a variety of beautiful amenities perfect for connecting with neighbors through outdoor relaxation or exciting activities.",,Fresh Spring,"Fresh Spring at SkySail - Homesite 107
New Fresh Spring Single Family Home by Neal Communities in SkySail. This single family home is a 3 bedroom, den, 2 bath, 2 car garage home and is in progress! Ugrades throughout! Kitchen offers quartz counters, upgraded cabinets, stainless steel appliances and center island. Upgraded tile floors, impact resistant windows, , 8-ft interior doors and a beautiful lanai. Make your appointment to come see it today! Many benefits to living in this wonderful community is enjoying natural gas, low HOA fees and full of amenities!
Images are not an exact representation of this feature home.
This home is being built on Homesite 107.",3,2,,1,1812,516097,,2026-04-16T11:42:50+00:00,,,"Living Room, Dining Room, Impact Resistant Glass, Upgraded Cabinetry, Upgraded Tile Flooring",,,Y,"Living Room, Dining Room, Impact Resistant Glass, Upgraded Cabinetry, Upgraded Tile Flooring",,,,,,Fresh Spring,2,3,2,,1812,1,516097,,,,,,,,,,,,
https://www.nealcommunities.com/new-homes/skysail/harvest-3-4/4679-skysail-drive-harvest-3-385/,SkySail,26.2953616,-81.525972,4679 SkySail Drive,Naples,FL,33120,,,Upcoming,Neal Communities,SFD,,3,,,,,,,https://www.nealcommunities.com,"Set sail for the exciting adventures awaiting you and your family in one of Collier County’s newest communities. Neal Communities is pleased to announce SkySail, a serene home neighborhood located among 246 acres of sparkling lakes. This beautiful lakeside community offers a variety of beautiful amenities perfect for connecting with neighbors through outdoor relaxation or exciting activities.",,Harvest 3,"Harvest 3 on Homesite 385
Offering the brand-new Harvest 3 style floor plan by Neal Communities, now in SKYSAIL. This stunning home offers impact resistant windows and doors, 3 bedrooms plus a den, 3 full bathrooms, and a tandem 3-car garage. Inside, you'll find a range of premium features, including GE stainless steel appliances, a screened in lanai, double pocket doors and dovetail draws with soft close draws and doors. The impact-resistant windows and doors adds both beauty and safety. SkySail is beautiful community offering a clubhouse, tennis and pickle ball courts, walking stations and work out stations, 2 pools, a fitness room, outdoor gaming area, fishing pier and fire pit. There are two dog parks. Skysail is a natural gas community.
**DISCLAIMER: Photos shown are of a model home and are for illustrative purposes only. They may include features, upgrades, furnishings and design elements that are not included in the actual home being offered for sale. This home does not include a pool. This home is being built on Homesite 385.",3,3,,1,2456,748396,,2026-04-24T20:30:49+00:00,,,"Living Room, Dining Room, Office, Screened in Lanai, Stainless GE Appliances, Impact Resistant Glass, 3 Car Tandem Garage",,,Y,"Living Room, Dining Room, Office, Screened in Lanai, Stainless GE Appliances, Impact Resistant Glass, 3 Car Tandem Garage",,,,,,Harvest 3,3,3,3,,2456,1,748396,,,,,,,,,,,,
https://www.nealcommunities.com/new-homes/skysail/imagination-2-5/4536-centaurus-circle-skysail-408/,SkySail,26.2953616,-81.525972,4536 Centaurus Circle,Naples,FL,34120,,,Upcoming,Neal Communities,SFD,,2,,,,,,,https://www.nealcommunities.com,"Set sail for the exciting adventures awaiting you and your family in one of Collier County’s newest communities. Neal Communities is pleased to announce SkySail, a serene home neighborhood located among 246 acres of sparkling lakes. This beautiful lakeside community offers a variety of beautiful amenities perfect for connecting with neighbors through outdoor relaxation or exciting activities.",,Imagination 2,"Imagination 2 on Homesite 408
Introducing the brand-new Imagination 2 style floor plan by Neal Communities, now in SKYSAIL. This stunning home features impact resistant windows and doors, 3 bedrooms plus a den, 2 full bathrooms, and a 2-car garage. Inside, you'll find a range of premium features, including, 8-foot doors, upgraded tile flooring, stainless steel appliances, sleek quartz countertops, dovetail draws and soft close cabinetry. The Coastal elevation with impact-resistant windows and doors adds both beauty and safety. SkySail is beautiful community offering a clubhouse, tennis and pickleball courts, walking stations and work out stations, 2 pools, a fitness room, outdoor gaming area, fishing pier and fire pit. There are two dog parks. Skysail is a natural gas community.
**DISCLAIMER: Photos shown are of a model home and are for illustrative purposes only. They may include features, upgrades, furnishings and design elements that are not included in the actual home being offered for sale. This home does not include a pool. This home is being built on Homesite 408.",3,2,,1,1778,477253,,2026-04-24T20:33:34+00:00,,,"Living Room, Dining Room, Office, Upgraded Kitchen, Impact Resistant Glass, 8' Interior Doors",,,Y,"Living Room, Dining Room, Office, Upgraded Kitchen, Impact Resistant Glass, 8' Interior Doors",,,,,,Imagination 2,2,3,2,,1778,1,477253,,,,,,,,,,,,
https://www.nealcommunities.com/new-homes/skysail/lighthouse-3/4235-pegasus-way-homesite-278/,SkySail,26.2953616,-81.525972,4235 Pegasus Way,Naples,FL,34120,,,Upcoming,Neal Communities,SFD,,3,,,,,,,https://www.nealcommunities.com,"Set sail for the exciting adventures awaiting you and your family in one of Collier County’s newest communities. Neal Communities is pleased to announce SkySail, a serene home neighborhood located among 246 acres of sparkling lakes. This beautiful lakeside community offers a variety of beautiful amenities perfect for connecting with neighbors through outdoor relaxation or exciting activities.",,Lighthouse,"Lighthouse on Homesite 278 - The Lighthouse home design by Neal Communities offers an open layout for the common living areas. The main level offers a foyer, a beautifully equipped kitchen with an island, corner walk-in pantry and cafe area, an office and two other bedrooms. A spacious great room opens to the lanai. The primary suite is on the first floor. The second level offers an additional bedroom and loft area.
**DISCLAIMER: Photos shown are of a model home and are for illustrative purposes only. They may include features, upgrades, furnishings and design elements that are not included in the actual home being offered for sale. This home does not include a pool. This home is being built on Homesite 278.",4,3,,2,2601,739349,,2026-04-16T11:43:49+00:00,,,"2 Story, Impact Resistant Windows, 3 Car Garage, Covered Patio, Mud Room, Walk In Closets, Loft",,,Y,"2 Story, Impact Resistant Windows, 3 Car Garage, Covered Patio, Mud Room, Walk In Closets, Loft",,,,,,Lighthouse,3,4,3,,2601,2,739349,,,,,,,,,,,,
https://www.nealcommunities.com/new-homes/skysail/morgan/5046-draco-circle-morgan-unit-3001/,SkySail,26.2953616,-81.525972,5046 Draco Circle,Naples,FL,34120,,,Upcoming,Neal Communities,SFA,,1,,,,,,,https://www.nealcommunities.com,"Set sail for the exciting adventures awaiting you and your family in one of Collier County’s newest communities. Neal Communities is pleased to announce SkySail, a serene home neighborhood located among 246 acres of sparkling lakes. This beautiful lakeside community offers a variety of beautiful amenities perfect for connecting with neighbors through outdoor relaxation or exciting activities.",,Morgan,"In Progress - Morgan at SkySail Homesite 3001
Come home to the Morgan - a new townhome design by award winning Neal Communities.
This 2 story townhome includes 3 bedrooms, 2.1 baths and an attached 1 car garage and is an end unit! As you enter the front door you are greeted by the large living room with a well appointed kitchen and dining space leading out to the covered lanai. A powder room and access to the garage are also on the first floor. The bedrooms are on the upper level with two full baths. This unit offers a water view.
Images are not an exact representation of this feature home and the feature home will not be sold furnished.",3,2,1,2,1790,369970,,2026-02-02T19:46:16+00:00,,,"Living Room, Family Room, Stainless Appliances, End Unit, Water Views",,,Y,"Living Room, Family Room, Stainless Appliances, End Unit, Water Views",,,,,,Morgan,1,3,2,1,1790,2,369970,,,,,,,,,,,,
https://www.nealcommunities.com/new-homes/skysail/morgan/5054-draco-circle-morgan-unit-3003/,SkySail,26.2953616,-81.525972,5054 Draco Circle,Naples,FL,34120,,,Upcoming,Neal Communities,SFA,,1,,,,,,,https://www.nealcommunities.com,"Set sail for the exciting adventures awaiting you and your family in one of Collier County’s newest communities. Neal Communities is pleased to announce SkySail, a serene home neighborhood located among 246 acres of sparkling lakes. This beautiful lakeside community offers a variety of beautiful amenities perfect for connecting with neighbors through outdoor relaxation or exciting activities.",,Morgan,"In Progress - Morgan at SkySail Homesite 3003
Come home to the Morgan - a new townhome design by award winning Neal Communities.
This 2 story townhome includes 3 bedrooms, 2.1 baths and an attached 1 car garage. As you enter the front door you are greeted by the large living room with a well appointed kitchen and dining space leading out to the covered lanai. A powder room and access to the garage are also on the first floor. The bedrooms are on the upper level with two full baths. This unit offers a water view.
Images are not an exact representation of this feature home and the feature home will not be sold furnished.",3,2,1,2,1790,357202,,2026-02-02T19:49:44+00:00,,,"Living Room, Family Room, Stainless Appliances, Water Views",,,Y,"Living Room, Family Room, Stainless Appliances, Water Views",,,,,,Morgan,1,3,2,1,1790,2,357202,,,,,,,,,,,,
https://www.nealcommunities.com/new-homes/skysail/sawyer/5022-draco-circle-skysail-sawyer-unit-2901/,SkySail,26.2953616,-81.525972,5022 Draco Circle,Naples,FL,34120,,,Upcoming,Neal Communities,SFA,,1,,,,,,,https://www.nealcommunities.com,"Set sail for the exciting adventures awaiting you and your family in one of Collier County’s newest communities. Neal Communities is pleased to announce SkySail, a serene home neighborhood located among 246 acres of sparkling lakes. This beautiful lakeside community offers a variety of beautiful amenities perfect for connecting with neighbors through outdoor relaxation or exciting activities.",,Sawyer,"Pre-Construction - Sawyer at SkySail Homesite 2901
Come home to the Sawyer - a new townhome design by award winning Neal Communities.
This 2 story townhome includes 3 bedrooms, 2.1 baths and an attached 1 car garage. As you enter the front door you are greeted by the large living room with a well appointed kitchen and dining space leading out to the covered lanai. A powder room and access to the garage are also on the first floor. The bedrooms are on the upper level with two full baths.",3,2,1,2,1507,355057,,2026-02-05T22:13:37+00:00,,,"Dining Room, Living Room, End Unit, GE Stainless Appliances",,,Y,"Dining Room, Living Room, End Unit, GE Stainless Appliances",,,,,,Sawyer,1,3,2,1,1507,2,355057,,,,,,,,,,,,
https://www.nealcommunities.com/new-homes/skysail/sea-mist-6/4627-skysail-drive-sea-mist-366/,SkySail,26.2953616,-81.525972,4627 SkySail Drive,Naples,FL,34120,,,Upcoming,Neal Communities,SFD,,3,,,,,,,https://www.nealcommunities.com,"Set sail for the exciting adventures awaiting you and your family in one of Collier County’s newest communities. Neal Communities is pleased to announce SkySail, a serene home neighborhood located among 246 acres of sparkling lakes. This beautiful lakeside community offers a variety of beautiful amenities perfect for connecting with neighbors through outdoor relaxation or exciting activities.",,Sea Mist,"Sea Mist at SkySail on Homesite 2366
The main living area of the Sea Mist plan is spacious and open with a great room, dining room and island kitchen. In the primary suite, two walk-in closets sit just off the bedroom, which includes a coffered ceiling. The suite’s primary bath features dual sinks, a large walk-in shower and water closet. Additional plan features include an office, a large laundry room, a spacious covered lanai, a 3 car garage and a second bath situated between the two remaining bedrooms. The kitchen offers various upgrades including Quartz countertops, dovetail draws, soft close drawers and doors, GE appliances, under cabinetry lighting, designer selected backsplash and 42"" upper cabinets.
Visit SkySail in Naples and learn more about the Sea Mist and other plans. Call today to learn more.
The images are not an exact representation of this feature home and the feature home will not be sold furnished. A pool is not included with this home. This home is being built on Homesite 366.",3,2,1,1,2427,958732,,2026-04-24T20:33:57+00:00,,,"Living Room, Dining Room, Office, Impact Resistant Glass, Pocket Sliding Doors & Recessed Ceilings",,,Y,"Living Room, Dining Room, Office, Impact Resistant Glass, Pocket Sliding Doors & Recessed Ceilings",,,,,,Sea Mist,3,3,2,1,2427,1,958732,,,,,,,,,,,,
https://www.nealcommunities.com/new-homes/skysail/winslow/5034-draco-circle-skysail-winslow-unit-2904/,SkySail,26.2953616,-81.525972,5034 Draco Circle,Naples,FL,34120,,,Upcoming,Neal Communities,SFA,,1,,,,,,,https://www.nealcommunities.com,"Set sail for the exciting adventures awaiting you and your family in one of Collier County’s newest communities. Neal Communities is pleased to announce SkySail, a serene home neighborhood located among 246 acres of sparkling lakes. This beautiful lakeside community offers a variety of beautiful amenities perfect for connecting with neighbors through outdoor relaxation or exciting activities.",,Winslow,"Pre-Construction - WInslow at SkySail - Homesite 2904
Come home to the Winslow- a new townhome design by award winning Neal Communities.
This 2 story townhome includes 3 bedrooms, 2.1 baths and an attached 1 car garage. As you enter the front door you are greeted by the large living room with a well appointed kitchen and dining space leading out to the covered lanai. A powder room and access to the garage are also on the first floor. The bedrooms are on the upper level with two full baths.
Images are not an exact representation of this feature home.",3,2,1,2,1555,345525,,2026-02-19T22:01:51+00:00,,,"Dining Room, Living Room, GE Stainless Appliances, 3 Bedrooms",,,Y,"Dining Room, Living Room, GE Stainless Appliances, 3 Bedrooms",,,,,,Winslow,1,3,2,1,1555,2,345525,,,,,,,,,,,,
https://www.nealcommunities.com/new-homes/skysail/white-star-5/4248-pegasus-way-whitestar-286/,SkySail,26.2953616,-81.525972,4248 Pegasus Way,Naples,FL,33120,,,Upcoming,Neal Communities,SFD,,1,,,,,,,https://www.nealcommunities.com,"Set sail for the exciting adventures awaiting you and your family in one of Collier County’s newest communities. Neal Communities is pleased to announce SkySail, a serene home neighborhood located among 246 acres of sparkling lakes. This beautiful lakeside community offers a variety of beautiful amenities perfect for connecting with neighbors through outdoor relaxation or exciting activities.",,White Star,"White Star at SkySail on Homesite 286
With 3 bedrooms, 2.1 baths, and 2,064 sq. ft. of open living space, the White Star is a home built for entertaining guests or daily relaxation. At the front of the home is a den, which can be used as an office. The inviting great room is open to the island kitchen and charming café area, perfect for unwinding over refreshments while enjoying the sight of the outdoor lanai. The kitchen includes Quartz countertops, a center island, designer selected backsplash, GE stainless appliances, dovetail draws and soft closing doors and draws.
The primary suite is the perfect retreat for owners and leads to a spa-style bath with corner shower, vanity sink and private water closet. You can also enjoy a large walk-in closet, where you can pick your next outfit after freshening up.
Images are not an exact representation of this feature home and the feature home will not be sold furnished. A pool is not included with this home. Being built on Homesite 286.",2,2,1,1,2064,580279,,2026-04-24T20:34:31+00:00,,,"Living Room, Dining Room, Office, Impact Resistant Glass, GE Stainess Appliances",,,Y,"Living Room, Dining Room, Office, Impact Resistant Glass, GE Stainess Appliances",,,,,,White Star,1,2,2,1,2064,1,580279,,,,,,,,,,,,
https://www.nealcommunities.com/new-homes/palm-grove/applause/2242-lady-palm-loop-applause-130/,Palm Grove,27.47801,-82.35952,2242 Lady Palm Loop,Lakewood Ranch,FL,34212,,,Active,Neal Communities,SFD,,2,,,,,,,https://www.nealcommunities.com,"Discover Palm Grove, a vibrant, amenity-rich new community in Lakewood Ranch, Florida, by Neal Communities, Southwest Florida’s most trusted new home builders.",,Applause,"READY SOON - Applause at Palm Grove - Homesite #130
The Applause at Palm Grove is an endearing coastal-inspired design, offering an elegant yet comfortable place to call home. The open main living area includes a kitchen and dining room area, allowing meals to be seamlessly brought from pan to table. The kitchen features an island and walk-in pantry, an ideal stage for the family chef. Pocket sliding glass doors in the great room with recessed ceiling open to the covered lanai, where you can relax and enjoy the water or preserve view.
The luxurious master bedroom includes a sitting area and, for an additional touch of elegance, optional recessed ceiling. The master suite also holds two walk-in closets and a bathroom with walk-in shower, optional double sinks, and private water closet. The additional bedrooms include one designed as a guest suite with private bath. The home also includes a leisure room.
**DISCLAIMER: Photos are of the Applause model and are for illustrative purposes only.",3,3,,1,2110,609990,,2026-04-02T16:36:41+00:00,,,"Living Room, Office, Dining Room, Guest Room, Impact Resistant Glass Windows, Pocket Sliding Doors",,,Y,"Living Room, Office, Dining Room, Guest Room, Impact Resistant Glass Windows, Pocket Sliding Doors",,,,,,Applause,2,3,3,,2110,1,609990,,,,,,,,,,,,
https://www.nealcommunities.com/new-homes/palm-grove/avery-2/2357-washington-palm-court-avery-13102/,Palm Grove,27.47801,-82.35952,2357 Washington Palm Court,Bradenton,FL,34212,,,Active,Neal Communities,SFA,,1,,,,,,,https://www.nealcommunities.com,"Discover Palm Grove, a vibrant, amenity-rich new community in Lakewood Ranch, Florida, by Neal Communities, Southwest Florida’s most trusted new home builders.",,Avery,"MOVE IN READY - Avery Interior Unit - Homesite #13102
The Avery townhome is a 2-story home which includes 3 bedrooms, 2.5 baths and an attached garage. As soon as you enter the front door, you are greeted by the large living room with a well-appointed kitchen and dining space leading out to the covered lanai. A powder room, storage closet on the lanai, and access to the garage are also on the first floor.
Call today to learn more about the Avery townhome!
***Photos are of Avery furnished model*** NOT ACTUAL PHOTOS OF HOME",3,2,1,2,1790,329990,,2026-05-03T12:08:17+00:00,,,,,,Y,,,,,,,Avery,1,3,2,1,1790,2,329990,,,,,,,,,,,,
https://www.nealcommunities.com/new-homes/palm-grove/avery-2/2360-washington-palm-court-bradenton-fl-34212-homesite-01104/,Palm Grove,27.47801,-82.35952,2360 Washington Palm Court,Lakewood Ranch,FL,34212,,,Active,Neal Communities,SFA,,1,,,,,,,https://www.nealcommunities.com,"Discover Palm Grove, a vibrant, amenity-rich new community in Lakewood Ranch, Florida, by Neal Communities, Southwest Florida’s most trusted new home builders.",,Avery,"MOVE IN READY - Avery at Palm Grove - Homesite #01104
Come home to the Avery, a new townhome design by award-winning Neal Communities.
This 2-story home includes 3 bedrooms, 2.5 baths and an attached garage. As soon as you enter the front door, you are greeted by the large living room with a well-appointed kitchen and dining space leading out to the covered lanai. A powder room, storage closet on the lanai, and access to the garage are also on the first floor.",3,2,1,2,1790,322990,,2026-05-03T12:07:52+00:00,,,"Living Room, Dining Room, Guest Room, Loft",,,Y,"Living Room, Dining Room, Guest Room, Loft",,,,,,Avery,1,3,2,1,1790,2,322990,,,,,,,,,,,,
https://www.nealcommunities.com/new-homes/palm-grove/avery-2/2365-washington-palm-court-avery-interior-13104/,Palm Grove,27.47801,-82.35952,2365 Washington Palm Court,Lakewood Ranch,FL,34212,,,Active,Neal Communities,SFA,,1,,,,,,,https://www.nealcommunities.com,"Discover Palm Grove, a vibrant, amenity-rich new community in Lakewood Ranch, Florida, by Neal Communities, Southwest Florida’s most trusted new home builders.",,Avery,"MOVE IN READY - Avery at Palm Grove - Homesite # 13104
Come home to the Avery, a new townhome design by award-winning Neal Communities.
This 2-story home includes 3 bedrooms, 2.5 baths and an attached garage. As soon as you enter the front door, you are greeted by the large living room with a well-appointed kitchen and dining space leading out to the covered lanai. A powder room, storage closet on the lanai, and access to the garage are also on the first floor.
***Photos are of Avery furnished model*** NOT ACTUAL PHOTOS OF HOME",3,2,1,2,1790,299990,,2026-05-03T12:08:39+00:00,,,"Living Room, Dining Room, Guest Room, Loft, Interior",,,Y,"Living Room, Dining Room, Guest Room, Loft, Interior",,,,,,Avery,1,3,2,1,1790,2,299990,,,,,,,,,,,,
https://www.nealcommunities.com/new-homes/palm-grove/bright-meadow-2-9/17626-meandering-palms-crossing-bright-meadow-2-77/,Palm Grove,27.47801,-82.35952,17626 Meandering Palms Crossing,Lakewood Ranch,FL,34212,,,Upcoming,Neal Communities,SFD,,3,,,,,,,https://www.nealcommunities.com,"Discover Palm Grove, a vibrant, amenity-rich new community in Lakewood Ranch, Florida, by Neal Communities, Southwest Florida’s most trusted new home builders.",,Bright Meadow 2,"UNDER CONSTRUCTION - Bright Meadow 2 with pool at Palm Grove - Homesite 77
The Bright Meadow 2 plan by Neal Communities is designed with those features most desired by homeowners. The foyer entry leads to a spacious and open family room with recessed ceiling. An open kitchen is situated off this area, complete with large walk-in pantry, gracefully curved island and breakfast nook. French doors from the great room open to the den. Glass sliding doors in the great room provide access to the roomy covered lanai with a private pool and spa professionally designed by Waterscapes with a pool bath. Besides the master bedroom with recessed ceiling the suite holds two walk-in closets and master bath with dual sinks, walk-in shower and water closet. Both secondary bedrooms include a walk-in closet and have easy access to the secondary bathroom.
**DISCLAIMER: Photos are of the Bright Meadow 2 model home and are for illustrative purposes only.",3,2,1,1,2309,749990,,2026-05-03T12:09:30+00:00,,,"Living Room, Dining Room, Office, Guest Room, Impact Resistant Windows, Pool and Spa Professionally designed by Waterscapes, Pool Bath, Butler's Pantry",,,Y,"Living Room, Dining Room, Office, Guest Room, Impact Resistant Windows, Pool and Spa Professionally designed by Waterscapes, Pool Bath, Butler's Pantry",,,,,,Bright Meadow 2,3,3,2,1,2309,1,749990,,,,,,,,,,,,
https://www.nealcommunities.com/new-homes/palm-grove/bright-star/2247-lady-palm-loop-bright-star-145/,Palm Grove,27.47801,-82.35952,2247 Lady Palm Loop,Lakewood Ranch,FL,34212,,,Upcoming,Neal Communities,SFD,,2,,,,,,,https://www.nealcommunities.com,"Discover Palm Grove, a vibrant, amenity-rich new community in Lakewood Ranch, Florida, by Neal Communities, Southwest Florida’s most trusted new home builders.",,Bright Star,"UNDER CONSTRUCTION -Bright Star w/ Pool at Palm Grove - Homesite #145
The Bright Star, a two-story home spanning 3,233 square feet, offers comfortable living with a focus on both functionality and leisure. This four-bedroom, three-bathroom residence boasts a well-designed layout that includes a living room, dining room, bonus room, and loft, providing ample space for gatherings and relaxation. Convenient features such as a mud room and walk-in closets enhance daily living, while the covered lanai with professionally designed pool by Waterscapes extends the living space outdoors. The Bright Star is an ideal home for those seeking a balance of practicality and comfortable living.
**DISCLAIMER: Photos are of the Bright Star model and are for illustrative purposes only.",4,3,,2,3233,863990,,2026-04-23T12:20:36+00:00,,,"Living Room, Dining Room, Guest Room, Office, Impact Resistant Glass, Proffesionaly designed Pool and Spa by Waterscapes",,,Y,"Living Room, Dining Room, Guest Room, Office, Impact Resistant Glass, Proffesionaly designed Pool and Spa by Waterscapes",,,,,,Bright Star,2,4,3,,3233,2,863990,,,,,,,,,,,,
https://www.nealcommunities.com/new-homes/palm-grove/dream-2-9/2162-bamboo-palm-cove-dream2-223/,Palm Grove,27.47801,-82.35952,2162 Bamboo Palm Cove,Lakewood Ranch,FL,34212,,,Active,Neal Communities,SFD,,2,,,,,,,https://www.nealcommunities.com,"Discover Palm Grove, a vibrant, amenity-rich new community in Lakewood Ranch, Florida, by Neal Communities, Southwest Florida’s most trusted new home builders.",,Dream 2,"MOVE IN READY - Dream 2 at Palm Grove - Homesite #223
A luxurious home embodying the carefree, relaxed Florida lifestyle happens with the Dream 2, a 3 bedroom, 2 bath single family home with a 2-car garage. The floor plan includes a beautiful open kitchen with corner pantry, center island with plenty of counterspace for culinary creativity and a dining area. The great room has glass sliders that lead out onto the lanai, perfect for taking a break outside. The master bedroom includes 2 closets, dual vanity sinks and a walk-in shower. A separate den, utility room and 2 additional bedrooms and second bath complete the home.
***DISCLAIMER: Photos shown are of a Dream model home and are for illustrative purposes only. Photos may include features, upgrades, furnishings, and design elements that are not included in the actual home being offered for sale.",3,2,,1,1860,559990,,2026-05-04T15:21:28+00:00,,,"Living Room, Dining Room, Guest Room, Office, Pocket Sliding Glass Doors, Impact Resistant Glass, 8ft Interior Doors",,,Y,"Living Room, Dining Room, Guest Room, Office, Pocket Sliding Glass Doors, Impact Resistant Glass, 8ft Interior Doors",,,,,,Dream 2,2,3,2,,1860,1,559990,,,,,,,,,,,,
https://www.nealcommunities.com/new-homes/palm-grove/heritage-8/2153-bamboo-palm-cove-heritage2-243/,Palm Grove,27.47801,-82.35952,2153 Bamboo Palm Cove,Lakewood Ranch,FL,34212,,,Upcoming,Neal Communities,SFD,,2,,,,,,,https://www.nealcommunities.com,"Discover Palm Grove, a vibrant, amenity-rich new community in Lakewood Ranch, Florida, by Neal Communities, Southwest Florida’s most trusted new home builders.",,Heritage 2,"UNDER CONSTRUCTION - Heritage 2 at Palm Grove - Homesite #243
The Heritage is a 2-story, 4 bedroom, 2.5 bath single-family home featuring 2,428 sq.ft. of living space. The first floor holds a beautifully-equipped kitchen and over-sized walk-in pantry, offering plenty of space for culinary creativity. The oversized island and café area are the perfect setting to enjoy your meals or catch up with friends over coffee. The great room features sliding doors, where you can enjoy the view of your extended and covered lanai in or outdoors. The master bedroom is located on the first floor, with dual sink vanities, a walk-in closet and corner shower.
Upstairs, there is a second bath, located between the second and third bedroom. Two of the bedrooms have walk-in closets, and all are anchored by a spacious loft that you can transform into an area reflecting your personal tastes. A 2-car garage and beautiful foyer complete the home.
DISCLAIMER: Photos are of the Heritage model and are for illustrative purposes only.",4,2,1,2,2427,641990,,2026-05-03T12:06:40+00:00,,,"Living Room, Dining Room, Office, Guest Room, Extended and Covered Lanai, 8ft Interior Doors, Pocket Sliding Door",,,Y,"Living Room, Dining Room, Office, Guest Room, Extended and Covered Lanai, 8ft Interior Doors, Pocket Sliding Door",,,,,,Heritage 2,2,4,2,1,2427,2,641990,,,,,,,,,,,,
https://www.nealcommunities.com/new-homes/palm-grove/lighthouse/1916-palm-grove-glen-lighthouse-094/,Palm Grove,27.47801,-82.35952,1916 Palm Grove Glen,Lakewood Ranch,FL,34212,,,Upcoming,Neal Communities,SFD,,3,,,,,,,https://www.nealcommunities.com,"Discover Palm Grove, a vibrant, amenity-rich new community in Lakewood Ranch, Florida, by Neal Communities, Southwest Florida’s most trusted new home builders.",,Lighthouse,"UNDER CONSTRUCTION - Lighthouse at Palm Grove - Homesite #094
The Lighthouse home design by Neal Communities offers an open layout for the common living areas. The beautifully-equipped kitchen comes with an island, corner walk-in pantry and cafe area. A spacious great room has the option of a recessed ceiling for an extra touch of elegance. In the master suite, a door from the bedroom to the bathroom can be added. The suite also includes dual walk-in closets and master bath with walk-in shower and private water closet.
The 2nd story features a loft and bonus bedroom with Jack & Jill bath to maximize space and functionality of the home.
**DISCLAIMER: Photos are of the Lighthouse model and are for illustrative purposes only.",4,3,,2,2601,713990,,2026-04-01T20:46:44+00:00,,,"Living Room, Office, Loft, Impact Resistant Glass Windows, Den in lieu of dining room",,,Y,"Living Room, Office, Loft, Impact Resistant Glass Windows, Den in lieu of dining room",,,,,,Lighthouse,3,4,3,,2601,2,713990,,,,,,,,,,,,
https://www.nealcommunities.com/new-homes/palm-grove/morgan-3/2356-washington-palm-court-morgan-interior-1105/,Palm Grove,27.47801,-82.35952,2356 Washington Palm Court,Lakewood Ranch,FL,34212,,,Active,Neal Communities,SFA,,1,,,,,,,https://www.nealcommunities.com,"Discover Palm Grove, a vibrant, amenity-rich new community in Lakewood Ranch, Florida, by Neal Communities, Southwest Florida’s most trusted new home builders.",,Morgan,"MOVE IN READY - Interior Morgan Townhome at Palm Grove - Homesite #01105
Come home to the Morgan, a new townhome design by award-winning Neal Communities.
This 2-story home includes 3 bedrooms, 2.5 baths and an attached garage. As soon as you enter the front door, you are greeted by the large living room with a well-appointed kitchen and dining space leading out to the covered lanai. A powder room, storage closet on the lanai, and access to the garage are also on the first floor.",3,2,1,2,1790,322990,,2026-05-03T12:07:14+00:00,,,"Living Room, Dining Room, Guest Room, Loft",,,Y,"Living Room, Dining Room, Guest Room, Loft",,,,,,Morgan,1,3,2,1,1790,2,322990,,,,,,,,,,,,
https://www.nealcommunities.com/new-homes/palm-grove/ocean-front-2/17637-meandering-palms-crossing-ocean-front-87/,Palm Grove,27.47801,-82.35952,17637 Meandering Palms Crossing,Lakewood Ranch,FL,34212,,,Upcoming,Neal Communities,SFD,,3,,,,,,,https://www.nealcommunities.com,"Discover Palm Grove, a vibrant, amenity-rich new community in Lakewood Ranch, Florida, by Neal Communities, Southwest Florida’s most trusted new home builders.",,Ocean Front,"UNDER CONSTRUCTION - Ocean Front w/ Pool at Palm Grove - Homesite #87
The main living area of the Ocean Front plan is spacious and open with a great room, dining room and island kitchen. In the master suite, two walk-in closets sit just off the bedroom, which includes a coffered ceiling. The suite’s master bath features dual sinks, a large walk-in shower and water closet. Another full bath, situated between the two remaining bedrooms, is a Jack and Jill entry. Additional plan features include a den or office, large laundry room and a spacious covered lanai with a professionally designed pool and spa by Waterscapes, which comes with a pool bath. The Ocean Front also has a second level with a loft and second master suite.",4,3,1,2,3156,962990,,2026-05-03T12:10:43+00:00,,,"Living Room, Dining Room, Bonus Room, Office, Guest Room, Jack and Jill Bath, Impact Resistant Glass, Pool and Spa Professionally designed by Waterscapes",,,Y,"Living Room, Dining Room, Bonus Room, Office, Guest Room, Jack and Jill Bath, Impact Resistant Glass, Pool and Spa Professionally designed by Waterscapes",,,,,,Ocean Front,3,4,3,1,3156,2,962990,,,,,,,,,,,,
https://www.nealcommunities.com/new-homes/palm-grove/sandcastle-2-7/2118-sylvester-palm-lane-sandcastle-2-27/,Palm Grove,27.47801,-82.35952,2118 Sylvester Palm Lane,Lakewood Ranch,FL,34212,,,Active,Neal Communities,SFA,,2,,,,,,,https://www.nealcommunities.com,"Discover Palm Grove, a vibrant, amenity-rich new community in Lakewood Ranch, Florida, by Neal Communities, Southwest Florida’s most trusted new home builders.",,Sandcastle 2,"Move In Ready - Sandcastle 2 at Palm Grove - Homesite 27
Encapsulating 1,848 sq. ft. of living space the Sandcastle 2 is Neal Communities largest villa home design with 3 bedrooms, 2 baths, and a 2-car garage. A large island and plenty of counter space can be found in the well-appointed kitchen, overlooking the spacious great room and dining area. A separate den is tucked away between the second and third bedrooms, ideal for enjoying drinks with friends and family during the evening. Any time of the day, you can retreat to the master bedroom featuring an oversized walk-in closet, dual sinks and separate water closet. A scenic outdoor extended and screened in lanai completes this floor plan.
**DISCLAIMER: Photos are of the Sandcastle 2 model home and are for illustrative purposes only.",3,2,,1,1848,532990,,2026-02-03T15:18:13+00:00,,,"Living Room, Dining Room, Guest Room, Office, Extended and Screened In Lanai, Impact Resistant Glass, Lake View",,,Y,"Living Room, Dining Room, Guest Room, Office, Extended and Screened In Lanai, Impact Resistant Glass, Lake View",,,,,,Sandcastle 2,2,3,2,,1848,1,532990,,,,,,,,,,,,
https://www.nealcommunities.com/new-homes/palm-grove/sea-mist-8/18019-meandering-palms-crossing-sea-mist-200/,Palm Grove,27.47801,-82.35952,18019 Meandering Palms Crossing,Lakewood Ranch,FL,34212,,,Upcoming,Neal Communities,SFD,,3,,,,,,,https://www.nealcommunities.com,"Discover Palm Grove, a vibrant, amenity-rich new community in Lakewood Ranch, Florida, by Neal Communities, Southwest Florida’s most trusted new home builders.",,Sea Mist,"UNDER CONSTRUCTION - Sea Mist w/ Pool - Homesite #200
The main living area of the Sea Mist plan is spacious and open with a great room, dining room and island kitchen. In the master suite, two walk-in closets sit just off the bedroom, which includes a coffered ceiling. The suite’s master bath features dual sinks, a large walk-in shower and water closet. Another full bath, situated between the two remaining bedrooms, has a Jack and Jill entry. Additional plan features include a den or office, large laundry room and a spacious covered lanai with professionally designed pool by Waterscapes, which comes with an outdoor kitchen wall and a pool bath.
***Photos are of Sea Mist model*** NOT ACTUAL PHOTOS OF HOME",3,2,1,1,2427,851990,,2026-05-03T12:09:59+00:00,,,"Living Room, Dining Room, Guest Room, Office, Impact Resistant Glass, Jack and Jill Bath, Pool Professionally designed by Waterscapes",,,Y,"Living Room, Dining Room, Guest Room, Office, Impact Resistant Glass, Jack and Jill Bath, Pool Professionally designed by Waterscapes",,,,,,Sea Mist,3,3,2,1,2427,1,851990,,,,,,,,,,,,
https://www.nealcommunities.com/new-homes/palm-grove/tidewinds-2-7/2115-sylvester-palm-lane-tidewinds2-034/,Palm Grove,27.47801,-82.35952,2115 Sylvester Palm Lane,Lakewood Ranch,FL,34212,,,Active,Neal Communities,SFA,,2,,,,,,,https://www.nealcommunities.com,"Discover Palm Grove, a vibrant, amenity-rich new community in Lakewood Ranch, Florida, by Neal Communities, Southwest Florida’s most trusted new home builders.",,Tidewinds 2,"Move In Ready - Tidewinds 2 at Palm Grove - Homesite 34
The Tidewinds 2, a twin villa-style home design by Neal Communities, offers 1,638 sq. ft. of comfortable living space. The beautifully-equipped kitchen featuring an island and walk-in pantry, is open to the dining area where you can enjoy your daily meals. For an added touch of elegance, the relaxing great room offers a recessed ceiling. A sliding glass door in the great room leads to the extended and covered lanai, perfect for lounging. The home also features a den, ideal for a home office or personal library. The roomy master suite features two closets including a walk-in, and a dual-sink master bath with walk-in shower and private water closet. The second bedroom is situated at the front of the home next to a full bath.
**DISCLAIMER: Photos are of the Tidewinds 2 model home and are for illustrative purposes only.",2,2,,1,1638,449990,,2026-03-28T18:56:35+00:00,,,"Living Room, Dining Room, Guest Room, Office, Recessed Ceilings, Extended and Screened In Lanai, Impact Resistant Glass",,,Y,"Living Room, Dining Room, Guest Room, Office, Recessed Ceilings, Extended and Screened In Lanai, Impact Resistant Glass",,,,,,Tidewinds 2,2,2,2,,1638,1,449990,,,,,,,,,,,,
https://www.nealcommunities.com/new-homes/palm-grove/vision-7/2212-bamboo-palm-cove-vision-228/,Palm Grove,27.47801,-82.35952,2212 Bamboo Palm Cove,Lakewood Ranch,FL,34219,,,Upcoming,Neal Communities,,,2,,,,,,,https://www.nealcommunities.com,"Discover Palm Grove, a vibrant, amenity-rich new community in Lakewood Ranch, Florida, by Neal Communities, Southwest Florida’s most trusted new home builders.",,Vision 2,"UNDER CONSTRUCTION - Vision at Palm Grove- Homesite #228
Experience the perfect blend of luxury and comfort in the Vision plan by Neal Communities. This stunning 2-story home boasts 2,956 square feet of thoughtfully designed living space, featuring 4 bedrooms and 3.5 bathrooms and a spacious 2-car garage. The open layout includes a welcoming great room and dining area, ideal for entertaining. A versatile loft adds extra space for relaxation or play. Enjoy the ease of new home construction with modern finishes and energy-efficient features, all while embracing the vibrant Florida lifestyle. Discover your dream home today with Neal Communities, where new home builders create lasting memories.
**DISCLAIMER: Photos are of the Vision model and are for illustrative purposes only.",4,3,1,2,2956,663990,,2026-05-03T12:12:14+00:00,,,"Living Room, Dining Room, Guest Room, Bonus Room, Impact Resistant Windows, Recessed Ceilings, Pocket Sliding Glass Doors",,,Y,"Living Room, Dining Room, Guest Room, Bonus Room, Impact Resistant Windows, Recessed Ceilings, Pocket Sliding Glass Doors",,,,,,Vision 2,2,4,3,1,2956,2,663990,,,,,,,,,,,,
https://www.nealcommunities.com/new-homes/palm-grove/white-star-3/2234-lady-palm-loop-bradenton-fl-34212-homesite-128/,Palm Grove,27.47801,-82.35952,2234 Lady Palm Loop,Lakewood Ranch,FL,34212,,,Active,Neal Communities,SFD,,2,,,,,,,https://www.nealcommunities.com,"Discover Palm Grove, a vibrant, amenity-rich new community in Lakewood Ranch, Florida, by Neal Communities, Southwest Florida’s most trusted new home builders.",,White Star,"MOVE IN READY - White Star at Palm Grove - Homesite #128
With 3 bedrooms, 2 baths, and 2,064 sq. ft. of open living space, the White Star is a home built for entertaining guests or daily relaxation. At the front of the home is a formal dining room connecting to the kitchen area, allowing dishes to have a beautiful display as they are brought to the table. The inviting great room is open to the island kitchen and charming café area, perfect for unwinding over refreshments while enjoying the sight of the outdoor lanai.
The master suite is the perfect retreat for owners. This space features the spacious master bedroom leads to a spa-style master bath with corner shower, vanity sink and private water closet. You can also enjoy a large walk-in closet, where you can pick your next outfit after freshening up.",3,2,1,1,2064,519990,,2026-05-03T12:09:01+00:00,,,"Living Room, Dining Room, Guest Room, Impact Resistant Glass",,,Y,"Living Room, Dining Room, Guest Room, Impact Resistant Glass",,,,,,White Star,2,3,2,1,2064,1,519990,,,,,,,,,,,,
https://www.nealcommunities.com/new-homes/vicenza/liberty-4/341-potenza-loop-liberty4-390/,Vicenza,27.123873,-82.372406,341 Potenza Loop,North Venice,FL,34275,,,Active,Neal Communities,SFD,,2,,,,,,,https://www.nealcommunities.com,"Vicenza is a community of stylish new homes in North Venice. Featuring a Northern Italian design theme, the neighborhood is well-suited for an active lifestyle, offering residents access to a Clubhouse and recreation center. Outdoor enthusiasts will enjoy the large, resort-style swimming pool, pickleball courts, bocce ball courts and dog park.",,Liberty 4,"UNDER CONSTRUCTION - Liberty 4 at Vicenza Homesite #390
The Liberty 4 home design by Neal Communities features a welcoming front porch. Inside, you step into the open great room and onto the well-appointed kitchen, which has plenty of counterspace and a breakfast area, a perfect spot to start your morning. An covered lanai sits beyond.
The spacious master suite also features two walk-in closets, large shower and private water closet. A formal dining room at the front of the home completes this home.
This could be the home you’ve been looking for! Call today to find out more and to schedule an appointment.
**DISCLAIMER: Photos are of the Liberty 2 model and are for illustrative purposes only.",3,2,,1,1533,428990,,2026-02-03T15:02:17+00:00,,,"Living Room, Dining Room, Guest Room, Office, Two Foot Garage Extension, Impact Resistant Glass Whole House, Covered Lanai",,,Y,"Living Room, Dining Room, Guest Room, Office, Two Foot Garage Extension, Impact Resistant Glass Whole House, Covered Lanai",,,,,,Liberty 4,2,3,2,,1533,1,428990,,,,,,,,,,,,
https://www.nealcommunities.com/new-homes/vicenza/patriot-3/277-potenza-loop-north-venice-fl-34275-homesite-406/,Vicenza,27.123873,-82.372406,277 Potenza Loop,North Venice,FL,34275,,,Active,Neal Communities,SFD,,2,,,,,,,https://www.nealcommunities.com,"Vicenza is a community of stylish new homes in North Venice. Featuring a Northern Italian design theme, the neighborhood is well-suited for an active lifestyle, offering residents access to a Clubhouse and recreation center. Outdoor enthusiasts will enjoy the large, resort-style swimming pool, pickleball courts, bocce ball courts and dog park.",,Patriot,"MOVE IN READY - Patriot at Vicenza - Homesite #406
The open living area gives the Patriot a light and airy feel, with an expansive great room with recessed ceiling, dining area and roomy kitchen with an island. Sliding glass doors open to the extended and covered lanai with outdoor kitchen wall. In the master suite the large bedroom offers a window out to the lanai and features a walk-in closet and bath with walk-in shower, private water closet and two sinks rather than one. A second bath is located between the two remaining bedrooms.",3,2,,1,1682,499990,,2026-02-03T15:05:35+00:00,,,"Living Room, Dining Room, Guest Room, Office, Impact Resistant Glass, Extended and Covered Lanai",,,Y,"Living Room, Dining Room, Guest Room, Office, Impact Resistant Glass, Extended and Covered Lanai",,,,,,Patriot,2,3,2,,1682,1,499990,,,,,,,,,,,,
https://www.nealcommunities.com/new-homes/vicenza/tidewater-2-3/264-altamura-circle-tidewater-b2-523/,Vicenza,27.123873,-82.372406,264 Altamura Circle,North Venice,FL,34275,,,Active,Neal Communities,SFA,,2,,,,,,,https://www.nealcommunities.com,"Vicenza is a community of stylish new homes in North Venice. Featuring a Northern Italian design theme, the neighborhood is well-suited for an active lifestyle, offering residents access to a Clubhouse and recreation center. Outdoor enthusiasts will enjoy the large, resort-style swimming pool, pickleball courts, bocce ball courts and dog park.",,Tidewater 2,"UNDER CONSTRUCTION - Tidewater 2 at Vicenza - Homesite #523
The Tidewater 2 two-bedroom, two-bath twin villa home designed by Neal Communities features a spacious layout with an open living area. The home includes an open great room, dining area and beautifully-equipped kitchen with island for enjoying five-star meals. A den offers the perfect space for a home office, while a covered and extended lanai at the back of the home provides a lovely environment for enjoying the outdoors. The master suite bedroom features two closets and a bath with dual sink vanities, walk-in shower and private water closet. A walk-in closet and proximity to a full bath makes the second bedroom a great guest room.
**DISLCAIMER: Photos are of the Tidewater 2 model home and are for illustrative purposes only.",2,2,,1,1530,416990,,2026-02-03T15:01:56+00:00,,,"Living Room, Dining Room, Guest Room, Guest Room, Impact Resistant Glass, Extended and Screened In Lanai",,,Y,"Living Room, Dining Room, Guest Room, Guest Room, Impact Resistant Glass, Extended and Screened In Lanai",,,,,,Tidewater 2,2,2,2,,1530,1,416990,,,,,,,,,,,,
https://www.nealcommunities.com/new-homes/vicenza/tidewater-2b-2/260-altamura-circle-tidewaterb2-524/,Vicenza,27.123873,-82.372406,260 Altamura Circle,North Venice,FL,34275,,,Upcoming,Neal Communities,SFA,,2,,,,,,,https://www.nealcommunities.com,"Vicenza is a community of stylish new homes in North Venice. Featuring a Northern Italian design theme, the neighborhood is well-suited for an active lifestyle, offering residents access to a Clubhouse and recreation center. Outdoor enthusiasts will enjoy the large, resort-style swimming pool, pickleball courts, bocce ball courts and dog park.",,Tidewater 2B,"UNDER CONSTRUCTION - Tidewater 2B Villa at Vicenza - Homesite #524
The Tidewater 2B, a beautiful twin villa-style home designed by Neal Communities, features inviting open living spaces. The plan includes an open great room with coffered ceiling, dining area and beautifully-equipped island kitchen. Enjoy outdoor living on the extended covered lanai, reached through pocket sliding glass doors in the great room. The master suite bedroom includes two closets and a bath with dual sink vanities, walk-in shower and private water closet. Use the second bedroom with walk-in closet your guest room, located close to a full bath. Set up a home office in the den, which features French doors. This home in Vicenza is an excellent choice for a young family, individuals or as a secondary of vacation home.
Call today to schedule your appointment!
*DISCLAIMER: Photos are of the Tidewater Villa model home and are for illustrative purposes only.",2,2,,1,1530,431990,,2026-02-03T15:04:01+00:00,,,"Dining Room, Office, Guest Room, Living Room, Extended Lanai, Impact Resistant Glass Windows, Pocket Sliding Door",,,Y,"Dining Room, Office, Guest Room, Living Room, Extended Lanai, Impact Resistant Glass Windows, Pocket Sliding Door",,,,,,Tidewater 2B,2,2,2,,1530,1,431990,,,,,,,,,,,,
https://www.nealcommunities.com/new-homes/vicenza/victory-4/321-potenza-loop-victory-395/,Vicenza,27.123873,-82.372406,321 Potenza Loop,North Venice,FL,34275,,,Active,Neal Communities,SFD,,2,,,,,,,https://www.nealcommunities.com,"Vicenza is a community of stylish new homes in North Venice. Featuring a Northern Italian design theme, the neighborhood is well-suited for an active lifestyle, offering residents access to a Clubhouse and recreation center. Outdoor enthusiasts will enjoy the large, resort-style swimming pool, pickleball courts, bocce ball courts and dog park.",,Victory,"UNDER CONSTRUCTION - Victory at Vicenza - Homesite #395
The Victory home design by Neal Communities offers well-laid out and accommodating living spaces. The open great room, which offers a coffered ceiling, looks out to the dining area and kitchen on one side and a covered lanai on the other. The beautifully-equipped kitchen includes a walk-in pantry and center island with breakfast bar. The master suite features a walk-in closet, long shower, water closet and a double sink vanity. Secondary bedrooms both have walk-in closets. The home also includes a den with French doors, a laundry room tub.
Come see Vicenza and all it offers today! Call to find out more and to schedule an appointment.
**DISLCAIMER: Photos are of the Victory model home and are for illustrative purposes only.",3,2,,1,1764,453990,,2026-03-02T20:21:07+00:00,,,"Living Room, Dining Room, Guest Room, Office, Impact Resistant Glass, Extended Lanai, Garage Extension",,,Y,"Living Room, Dining Room, Guest Room, Office, Impact Resistant Glass, Extended Lanai, Garage Extension",,,,,,Victory,2,3,2,,1764,1,453990,,,,,,,,,,,,
https://www.nealcommunities.com/new-homes/vicenza/tidewater-2b-2/268-altamura-circle-tidewater-b2-522/,Vicenza,27.123873,-82.372406,268 Altamura Circle,North Venice,FL,34275,,,Active,Neal Communities,SFA,,2,,,,,,,https://www.nealcommunities.com,"Vicenza is a community of stylish new homes in North Venice. Featuring a Northern Italian design theme, the neighborhood is well-suited for an active lifestyle, offering residents access to a Clubhouse and recreation center. Outdoor enthusiasts will enjoy the large, resort-style swimming pool, pickleball courts, bocce ball courts and dog park.",,Tidewater 2B,"UNDER CONSTRUCTION - Tidewater 2B at Vicenza - Homesite #522
The Tidewater 2B two-bedroom, two-bath twin villa home designed by Neal Communities features a spacious layout with an open living area. The home includes an open great room, dining area and beautifully-equipped kitchen with island for enjoying five-star meals. A den offers the perfect space for a home office, while an extended and covered lanai at the back of the home provides a lovely environment for enjoying the outdoors. The master suite features two closets and a bath with dual sink vanities, walk-in shower and private water closet. A walk-in closet and proximity to a full bath makes the second bedroom a great guest room.
**DISLCAIMER: Photos are of the Tidewater 2B model home and are for illustrative purposes only.",2,2,,1,1529,415990,,2026-02-03T15:01:35+00:00,,,"Living Room, Dining Room, Guest Room, Office, Impact Resistant Glass, Extended and Screened in Lanai",,,Y,"Living Room, Dining Room, Guest Room, Office, Impact Resistant Glass, Extended and Screened in Lanai",,,,,,Tidewater 2B,2,2,2,,1529,1,415990,,,,,,,,,,,,
https://www.nealcommunities.com/new-homes/vicenza/victory-4/329-potenza-loop-victory-393/,Vicenza,27.123873,-82.372406,329 Potenza Loop,North Venice,FL,34275,,,Active,Neal Communities,SFD,,2,,,,,,,https://www.nealcommunities.com,"Vicenza is a community of stylish new homes in North Venice. Featuring a Northern Italian design theme, the neighborhood is well-suited for an active lifestyle, offering residents access to a Clubhouse and recreation center. Outdoor enthusiasts will enjoy the large, resort-style swimming pool, pickleball courts, bocce ball courts and dog park.",,Victory,"UNDER CONSTRUCTION - Victory at Vicenza - Homesite #393
The Victory home design by Neal Communities offers well-laid out and accommodating living spaces. The open great room, which offers a coffered ceiling, looks out to the dining area and kitchen on one side and a covered lanai on the other. The beautifully-equipped kitchen includes a walk-in pantry and center island with breakfast bar. The master suite features a walk-in closet, long shower, water closet and a double sink vanity. Secondary bedrooms both have walk-in closets. The home also includes a den with French doors, a laundry room tub.
Come see Vicenza and all it offers today! Call to find out more and to schedule an appointment.
**DISLCAIMER: Photos are of the Victory model home and are for illustrative purposes only.",3,2,,1,1764,463990,,2026-02-03T15:04:48+00:00,,,"Living Room, Dining Room, Guest Room, Office, Impact Resistant Glass, Extended Lanai, Garage Extension",,,Y,"Living Room, Dining Room, Guest Room, Office, Impact Resistant Glass, Extended Lanai, Garage Extension",,,,,,Victory,2,3,2,,1764,1,463990,,,,,,,,,,,,
https://www.nealcommunities.com/new-homes/windward/applause-9/8059-anthirium-loop-applause-715/,Windward,27.344651,-82.385962,8059 Anthirium Loop,Lakewood Ranch,FL,34240,,,Upcoming,Neal Communities,SFD,,2,,,,,,,https://www.nealcommunities.com,"What moves you? If swaying palm trees, barefoot elegance and a carefree active lifestyle sounds appealing, then it’s time to see life in Windward at Lakewood Ranch. Conveniently located near I-75 at Fruitville and Lorraine Roads in Sarasota County, Windward is a gated community with easy access to downtown Sarasota, Lakewood Ranch and the area’s best beaches.",,Applause,"UNDER CONSTRUCTION - Applause at Windward - Homesite #715
This Neal Communities home has an elegant and comfortable design. The open main living area includes a great room, kitchen and dining room area. In the kitchen you’ll find an island and walk-in pantry. Sliding glass doors in the great room, which features a recessed ceiling, open to the covered lanai, where you can relax and enjoy views of your backyard. The luxurious master bedroom includes a sitting area and coffered ceiling. The master suite also holds two walk-in closets and a bathroom with walk-in shower, double sinks and private water closet. One of the two secondary bedrooms include one designed as a guest suite with private bath. The home also includes a den with French doors.
DISCLAIMER: Photos are of the Applause model home and are for illustrative purposes only.",3,3,,1,2110,677990,,2026-05-05T12:11:57+00:00,,,"Living Room, Guest Room, Dining Room, Office, Impact Resistant Windows, Recessed Ceilings",,,Y,"Living Room, Guest Room, Dining Room, Office, Impact Resistant Windows, Recessed Ceilings",,,,,,Applause,2,3,3,,2110,1,677990,,,,,,,,,,,,
https://www.nealcommunities.com/new-homes/windward/bright-star-2/8023-anthirium-loop-bright-star-724/,Windward,27.344651,-82.385962,8023 Anthirium Loop,Lakewood Ranch,FL,34240,,,Active,Neal Communities,SFD,,2,,,,,,,https://www.nealcommunities.com,"What moves you? If swaying palm trees, barefoot elegance and a carefree active lifestyle sounds appealing, then it’s time to see life in Windward at Lakewood Ranch. Conveniently located near I-75 at Fruitville and Lorraine Roads in Sarasota County, Windward is a gated community with easy access to downtown Sarasota, Lakewood Ranch and the area’s best beaches.",,Bright Star,"Move In Ready - Bright Star at Windward - Homesite #724
The Bright Star, a two-story home spanning 3,233 square feet, offers comfortable living with a focus on both functionality and leisure. This four-bedroom, three-bathroom residence boasts a well-designed layout that includes a living room, dining room, bonus room, and loft, providing ample space for gatherings and relaxation. Convenient features such as a mud room and walk-in closets enhance daily living, while the covered lanai extends the living space outdoors. The Bright Star is an ideal home for those seeking a balance of practicality and comfortable living.",4,3,,2,3233,748990,,2026-05-05T12:13:05+00:00,,,"Living Room, Guest Room, Bonus Room, Loft, Impact Resistant Windows, Pocket Sliding Glass Doors, Pool Bath w/ Den",,,Y,"Living Room, Guest Room, Bonus Room, Loft, Impact Resistant Windows, Pocket Sliding Glass Doors, Pool Bath w/ Den",,,,,,Bright Star,2,4,3,,3233,2,748990,,,,,,,,,,,,
https://www.nealcommunities.com/new-homes/windward/bright-star-2/8027-anthirium-loop-bright-star-723/,Windward,27.344651,-82.385962,8027 Anthirium Loop,Lakewood Ranch,FL,34240,,,Active,Neal Communities,SFD,,2,,,,,,,https://www.nealcommunities.com,"What moves you? If swaying palm trees, barefoot elegance and a carefree active lifestyle sounds appealing, then it’s time to see life in Windward at Lakewood Ranch. Conveniently located near I-75 at Fruitville and Lorraine Roads in Sarasota County, Windward is a gated community with easy access to downtown Sarasota, Lakewood Ranch and the area’s best beaches.",,Bright Star,"MOVE IN READY - Bright Star with Pool at Windward - Homesite 723
The Bright Star, a two-story home spanning 3,233 square feet, offers comfortable living with a focus on both functionality and leisure. This four-bedroom, three and half-bathroom residence boasts a well-designed layout that includes a living room, dining room, den, and loft, providing ample space for gatherings and relaxation. Convenient features such as a mud room and walk-in closets enhance daily living, while the covered lanai with professionally designed pool by Waterscapes extends the living space outdoors. The Bright Star is an ideal home for those seeking a balance of practicality and comfortable living.",4,3,1,2,3233,845990,,2026-05-04T14:46:11+00:00,,,"Living Room, Dining Room, Guest Room, Office, Loft, Pool Bath w/ Den, Impact Resistant Glass, Private Pool Professionally designed by Waterscapes",,,Y,"Living Room, Dining Room, Guest Room, Office, Loft, Pool Bath w/ Den, Impact Resistant Glass, Private Pool Professionally designed by Waterscapes",,,,,,Bright Star,2,4,3,1,3233,2,845990,,,,,,,,,,,,
https://www.nealcommunities.com/new-homes/windward/captiva-7/8044-scarletbush-drive-captiva-778/,Windward,27.344651,-82.385962,8044 Scarletbush Drive,Lakewood Ranch,FL,34240,,,Upcoming,Neal Communities,SFD,,3,,,,,,,https://www.nealcommunities.com,"What moves you? If swaying palm trees, barefoot elegance and a carefree active lifestyle sounds appealing, then it’s time to see life in Windward at Lakewood Ranch. Conveniently located near I-75 at Fruitville and Lorraine Roads in Sarasota County, Windward is a gated community with easy access to downtown Sarasota, Lakewood Ranch and the area’s best beaches.",,Captiva,"UNDER CONSTRUCTION - Captiva with Pool & Spa - Homesite #778
Captiva by Neal Communities is designed for entertaining, whether its family or friends. A spacious great room is open to the dining area and kitchen, where snacks and appetizers can be laid out on the island. The kitchen also holds a walk-in pantry to keep staples handy. Nice day or evening outside? Hang out on the extended covered lanai and take a dip in the pool! When it’s time for fun and games, head to the club room to play foosball, pool or video games. When you have a stay-over guest, the guest suite with private bath will be appreciated. The other secondary bedroom is also convenient to a bath. At the end of the day, retreat to the spacious master suite, which includes a bedroom with coffered ceilings, two walk-in closets and master bath with two sink vanities, oval freestanding tub, shower and water closet. The home also features a den.
DISCLAIMER: Photos are of the Captiva model home and are for illustrative purposes only.",3,3,,1,2698,1367990,,2026-05-04T19:15:15+00:00,,,"Living Room, Dining Room, Office, Media Room, Impact Resistant Glass Windows, Private Pool & Spa, 90 Degree Sliding Glass Door, Tankless Water Heater",,,Y,"Living Room, Dining Room, Office, Media Room, Impact Resistant Glass Windows, Private Pool & Spa, 90 Degree Sliding Glass Door, Tankless Water Heater",,,,,,Captiva,3,3,3,,2698,1,1367990,,,,,,,,,,,,
https://www.nealcommunities.com/new-homes/windward/crystal-sand-2-4/2345-blue-mahoe-lane-crystalsand2-658/,Windward,27.344651,-82.385962,2345 Blue Mahoe Lane,Sarasota,FL,34240,,,Upcoming,Neal Communities,SFA,,2,,,,,,,https://www.nealcommunities.com,"What moves you? If swaying palm trees, barefoot elegance and a carefree active lifestyle sounds appealing, then it’s time to see life in Windward at Lakewood Ranch. Conveniently located near I-75 at Fruitville and Lorraine Roads in Sarasota County, Windward is a gated community with easy access to downtown Sarasota, Lakewood Ranch and the area’s best beaches.",,Crystal Sand 2,"UNDER CONSTRUCTION - Crystal Sand 2 at Windward - Homesite #658
Airy and open, the Crystal Sand 2 paired villa home is comfortable and elegant, offering the feel of a private beach when you step inside. An open great room and kitchen area lead to a lanai, accessed through a pocket sliding glass door. The master suite includes two closets, one a walk-in. You can pamper yourself in a master bath featuring a walk-in shower, two sink vanities and a private water closet. The home makes a perfect retreat for a small family or as a second home.
DISCLAIMER: Photos are of the Crystal Sand 2 model home and are for illustrative purposes only.",2,2,,1,1433,496990,,2026-05-05T21:17:05+00:00,,,"Living Room, Dining Room, Guest Room, Office, Impact Resistant Glass Windward, Extended and Covered Lanai, 8ft Interior Doors, Pocket Sliding Door",,,Y,"Living Room, Dining Room, Guest Room, Office, Impact Resistant Glass Windward, Extended and Covered Lanai, 8ft Interior Doors, Pocket Sliding Door",,,,,,Crystal Sand 2,2,2,2,,1433,1,496990,,,,,,,,,,,,
https://www.nealcommunities.com/new-homes/windward/dream-2-7/8505-anthirium-loop-dream2-480/,Windward,27.344651,-82.385962,8505 Anthirium Loop,Sarasota,FL,34240,,,Upcoming,Neal Communities,SFD,,2,,,,,,,https://www.nealcommunities.com,"What moves you? If swaying palm trees, barefoot elegance and a carefree active lifestyle sounds appealing, then it’s time to see life in Windward at Lakewood Ranch. Conveniently located near I-75 at Fruitville and Lorraine Roads in Sarasota County, Windward is a gated community with easy access to downtown Sarasota, Lakewood Ranch and the area’s best beaches.",,Dream 2,"UNDER CONSTRUCTION - Dream 2 at Windward - Homesite #480
A luxurious home embodying the carefree, relaxed Florida lifestyle happens with the Dream 2, a 3 bedroom, 2 bath single family home with a 2-car garage. The floor plan includes a beautiful open kitchen with corner pantry, center island with plenty of counterspace for culinary creativity and a dining area. The great room has glass sliders that lead out onto the lanai, perfect for taking a break outside. The master bedroom includes 2 closets, dual vanity sinks and a walk-in shower. A separate den, utility room and 2 additional bedrooms and second bath complete the home.
DISCLAIMER: Photos are of the Dream model and are for illustrative purposes only.",3,2,,1,1860,605990,,2026-05-01T18:54:19+00:00,,,"Living Room, Dining Room, Guest Room, Office, Impact Resistant Windows, Pocket Sliding Door, Tankless Water Heater, Pocket Sliding Door",,,Y,"Living Room, Dining Room, Guest Room, Office, Impact Resistant Windows, Pocket Sliding Door, Tankless Water Heater, Pocket Sliding Door",,,,,,Dream 2,2,3,2,,1860,1,605990,,,,,,,,,,,,
https://www.nealcommunities.com/new-homes/windward/lighthouse-4/8137-scarletbush-drive-lighthouse-746/,Windward,27.344651,-82.385962,8137 Scarletbush Drive,Lakewood Ranch,FL,34240,,,Active,Neal Communities,SFD,,3,,,,,,,https://www.nealcommunities.com,"What moves you? If swaying palm trees, barefoot elegance and a carefree active lifestyle sounds appealing, then it’s time to see life in Windward at Lakewood Ranch. Conveniently located near I-75 at Fruitville and Lorraine Roads in Sarasota County, Windward is a gated community with easy access to downtown Sarasota, Lakewood Ranch and the area’s best beaches.",,Lighthouse,"UNDER CONSTRUCTION - Lighthouse at Windward - Homesite 746
The Lighthouse home design by Neal Communities offers an open layout for the common living areas. The beautifully-equipped kitchen comes with an island, corner walk-in pantry and cafe area. A spacious great room has a recessed ceiling for an extra touch of elegance. In the master suite, a door from the bedroom to the bathroom. The suite also includes dual walk-in closets and master bath with walk-in shower and private water closet. The 2nd story features a loft and bonus bedroom with Jack & Jill bath to maximize space and functionality of the home.
Call us today to learn more the Lighthouse floor plan!
***Photos shown are of the floorplan model home and are for illustrative purposes only. Photos are not of the home being offered for sale.",4,3,,2,2601,726990,,2026-05-05T19:39:15+00:00,,,"Living Room, Dining Room, Guest Room, Office, Loft, Impact Resistant Glass, Recessed Ceilings",,,Y,"Living Room, Dining Room, Guest Room, Office, Loft, Impact Resistant Glass, Recessed Ceilings",,,,,,Lighthouse,3,4,3,,2601,2,726990,,,,,,,,,,,,
https://www.nealcommunities.com/new-homes/windward/meadow-brook/2460-star-apple-way-meadowbrook-563/,Windward,27.344651,-82.385962,2460 Star Apple Way,Lakewood Ranch,FL,34240,,,Upcoming,Neal Communities,SFD,,3,,,,,,,https://www.nealcommunities.com,"What moves you? If swaying palm trees, barefoot elegance and a carefree active lifestyle sounds appealing, then it’s time to see life in Windward at Lakewood Ranch. Conveniently located near I-75 at Fruitville and Lorraine Roads in Sarasota County, Windward is a gated community with easy access to downtown Sarasota, Lakewood Ranch and the area’s best beaches.",,Meadow Brook,"HOME IN PROGRESS - Meadow Brook at Windward - Homesite #563
Discover the perfect blend of style, comfort, and function with the Meadow Brook home, thoughtfully designed and beautifully crafted in the sought-after Windward community. This spacious home features 3 bedrooms, a den instead of a dining room, 2 full bathrooms, a powder bathroom and a 3-car garage, offering plenty of room for family and guests. Built with impact-resistant windows and doors, this home combines safety and sophistication.
The beautifully-equipped kitchen comes with an island, corner walk-in pantry and cafe area. A spacious great room and master suite have a recessed ceiling for an extra touch of elegance. In the master suite you'll find dual walk-in closets and master bath with large walk-in shower and private water closet.
DISCLAIMER: Photos are of the Meadow Brook model home and are for illustrative purposes only.",3,2,1,1,2014,667990,,2026-05-05T19:44:18+00:00,,,"Living Room, Dining Room, Guest Room, Impact Resistant Glass Windows, Den in lieu of dining room, Powder Bath, 8ft Interior Doors",,,Y,"Living Room, Dining Room, Guest Room, Impact Resistant Glass Windows, Den in lieu of dining room, Powder Bath, 8ft Interior Doors",,,,,,Meadow Brook,3,3,2,1,2014,1,667990,,,,,,,,,,,,
https://www.nealcommunities.com/new-homes/windward/summit-3/8071-anthirium-loop-summit-712/,Windward,27.344651,-82.385962,8071 Anthirium Loop,Lakewood Ranch,FL,34240,,,Upcoming,Neal Communities,SFD,,2,,,,,,,https://www.nealcommunities.com,"What moves you? If swaying palm trees, barefoot elegance and a carefree active lifestyle sounds appealing, then it’s time to see life in Windward at Lakewood Ranch. Conveniently located near I-75 at Fruitville and Lorraine Roads in Sarasota County, Windward is a gated community with easy access to downtown Sarasota, Lakewood Ranch and the area’s best beaches.",,Summit,"UNDER CONSTRUCTION - Summit at Windward - Homesite #712
A Sophisticated Sanctuary the Summit is a stunning two-story home that seamlessly blends elegance with functionality. With 3,019 square feet of living space, this plan offers ample room for comfortable living and entertaining.
As you enter through the front door, you’ll be greeted by a grand foyer and gallery entry that sets the tone for the rest of the home. The open-concept great room and dining room provide the perfect space for gathering with loved ones. The well-appointed kitchen, featuring an island and walk-in pantry, is a chef’s dream.
The Summit offers a versatile layout with five bedrooms and four and a half bathrooms. The luxurious master suite is a private retreat, complete with two walk-in closets and a spa-like bathroom. A convenient guest suite with an ensuite bath is ideal for visiting friends and family. Additionally, a media room and powder bath for ultimate relaxation.
Step outside onto the covered lanai and enjoy the fresh air and beautiful views. The Summit is a home that truly has it all, offering a sophisticated and comfortable lifestyle.
***Photos are of Summit model*** NOT ACTUAL PHOTOS OF HOME",5,4,1,2,3019,806990,,2026-05-05T12:12:25+00:00,,,"Living Room, Dining Room, Guest Room, Media Room, Media Room w/ Powder Bath, Impact Resistant Windows",,,Y,"Living Room, Dining Room, Guest Room, Media Room, Media Room w/ Powder Bath, Impact Resistant Windows",,,,,,Summit,2,5,4,1,3019,2,806990,,,,,,,,,,,,
https://www.nealcommunities.com/new-homes/windward/tidewater-2-4/8085-scarletbush-drive-tidewater-2-687/,Windward,27.344651,-82.385962,8085 Scarletbush Drive,Lakewood Ranch,FL,34240,,,Active,Neal Communities,SFA,,2,,,,,,,https://www.nealcommunities.com,"What moves you? If swaying palm trees, barefoot elegance and a carefree active lifestyle sounds appealing, then it’s time to see life in Windward at Lakewood Ranch. Conveniently located near I-75 at Fruitville and Lorraine Roads in Sarasota County, Windward is a gated community with easy access to downtown Sarasota, Lakewood Ranch and the area’s best beaches.",,Tidewater 2,"MOVE IN READY - Tidewater 2 at Windward - Homesite 687
The Tidewater 2 two-bedroom, two-bath twin villa home designed by Neal Communities features a spacious layout with an open living area. The home includes an open great room, dining area and beautifully-equipped kitchen with island for enjoying five-star meals. A den offers the perfect space for a home office, while a covered lanai at the back of the home provides a lovely environment for enjoying the outdoors. The master suite bedroom features two closets and a bath with dual sink vanities, walk-in shower and private water closet. A walk-in closet and proximity to a full bath makes the second bedroom a great guest room.
***Photos are of Tidewater 2 model*** NOT ACTUAL PHOTOS OF HOME",2,2,,1,1530,497990,,2026-05-04T14:04:39+00:00,,,"Living Room, Dining Room, Guest Room, Office, Extended and Screened in Lanai, Impact Resistant Glass",,,Y,"Living Room, Dining Room, Guest Room, Office, Extended and Screened in Lanai, Impact Resistant Glass",,,,,,Tidewater 2,2,2,2,,1530,1,497990,,,,,,,,,,,,
https://www.nealcommunities.com/new-homes/windward/tidewater-2b-3/2316-blue-mahoe-lane-tidewater-b2-671/,Windward,27.344651,-82.385962,2316 Blue Mahoe Lane,Lakewood Ranch,FL,34240,,,Active,Neal Communities,SFA,,2,,,,,,,https://www.nealcommunities.com,"What moves you? If swaying palm trees, barefoot elegance and a carefree active lifestyle sounds appealing, then it’s time to see life in Windward at Lakewood Ranch. Conveniently located near I-75 at Fruitville and Lorraine Roads in Sarasota County, Windward is a gated community with easy access to downtown Sarasota, Lakewood Ranch and the area’s best beaches.",,Tidewater 2B,"UNDER CONSTRUCTION - Tidewater 2B at Windward - Homesite 671
The Tidewater 2B two-bedroom, two-bath twin villa home designed by Neal Communities features a spacious layout with an open living area. The home includes an open great room, dining area and beautifully-equipped kitchen with island for enjoying five-star meals. A den offers the perfect space for a home office, while a covered lanai at the back of the home provides a lovely environment for enjoying the outdoors. The master suite features two closets and a bath with dual sink vanities, walk-in shower and private water closet. A walk-in closet and proximity to a full bath makes the second bedroom a great guest room.
***Photos are of Tidewater 2B model*** NOT ACTUAL PHOTOS OF HOME",2,2,,1,1530,488990,,2026-04-20T17:10:26+00:00,,,"Living Room, Dining Room, Guest Room, Office, Impact Resistant Glass",,,Y,"Living Room, Dining Room, Guest Room, Office, Impact Resistant Glass",,,,,,Tidewater 2B,2,2,2,,1530,1,488990,,,,,,,,,,,,
https://www.nealcommunities.com/new-homes/windward/tidewater-2b-3/2369-blue-mahoe-lane-tidewater-b2-664/,Windward,27.344651,-82.385962,2369 Blue Mahoe Lane,Lakewood Ranch,FL,34240,,,Active,Neal Communities,SFA,,2,,,,,,,https://www.nealcommunities.com,"What moves you? If swaying palm trees, barefoot elegance and a carefree active lifestyle sounds appealing, then it’s time to see life in Windward at Lakewood Ranch. Conveniently located near I-75 at Fruitville and Lorraine Roads in Sarasota County, Windward is a gated community with easy access to downtown Sarasota, Lakewood Ranch and the area’s best beaches.",,Tidewater 2B,"UNDER CONSTRUCTION - Tidewater 2B at Windward - Homesite #664
The Tidewater 2B two-bedroom, two-bath twin villa home designed by Neal Communities features a spacious layout with an open living area. The home includes an open great room, dining area and beautifully-equipped kitchen with island for enjoying five-star meals. A den offers the perfect space for a home office, while a covered lanai at the back of the home provides a lovely environment for enjoying the outdoors. The master suite features two closets and a bath with dual sink vanities, walk-in shower and private water closet. A walk-in closet and proximity to a full bath makes the second bedroom a great guest room.
***Photos are of Tidewater 2B model*** NOT ACTUAL PHOTOS OF HOME",2,2,,1,1530,498990,,2026-02-03T15:01:02+00:00,,,"Living Room, Dining Room, Guest Room, Office, Impact Resistant Glass, Extended and Covered Lanai",,,Y,"Living Room, Dining Room, Guest Room, Office, Impact Resistant Glass, Extended and Covered Lanai",,,,,,Tidewater 2B,2,2,2,,1530,1,498990,,,,,,,,,,,,
https://www.nealcommunities.com/new-homes/windward/triumph-7/8079-anthirium-loop-triumph-710/,Windward,27.344651,-82.385962,8079 Anthirium Loop,Lakewood Ranch,FL,34240,,,Upcoming,Neal Communities,SFD,,2,,,,,,,https://www.nealcommunities.com,"What moves you? If swaying palm trees, barefoot elegance and a carefree active lifestyle sounds appealing, then it’s time to see life in Windward at Lakewood Ranch. Conveniently located near I-75 at Fruitville and Lorraine Roads in Sarasota County, Windward is a gated community with easy access to downtown Sarasota, Lakewood Ranch and the area’s best beaches.",,Triumph,"UNDER CONSTRUCTION - Triumph at Windward - Homesite #710
A foyer and gallery entry gives Triumph a sophisticated feel from the moment you enter. The beautifully-designed kitchen features an island and a walk-in pantry for bringing five-star cuisine to life. Just off the charming great room, which includes an octagonal recessed ceiling, pocket sliding glass doors take you to the covered lanai for outdoor relaxation.
The master suite is a rejuvenating spot for every homeowner, featuring two walk-in closets and a dual-sink bath with walk-in shower and private water closet. A media room in lieu of one of the two secondary bedrooms. Another bedroom is a guest suite with ensuite bath.",3,3,1,1,2332,704990,,2026-03-18T11:51:02+00:00,,,"Living Room, Dining Room, Guest Room, Family Room, Impact Resistant Glass, Recessed Ceilings, Media Room w/ Powder Bath",,,Y,"Living Room, Dining Room, Guest Room, Family Room, Impact Resistant Glass, Recessed Ceilings, Media Room w/ Powder Bath",,,,,,Triumph,2,3,3,1,2332,1,704990,,,,,,,,,,,,
https://www.nealcommunities.com/new-homes/windward/vision-3/8513-anthirium-loop-vision2-478/,Windward,27.344651,-82.385962,8513 Anthirium Loop,Lakewood Ranch,FL,34240,,,Upcoming,Neal Communities,,,2,,,,,,,https://www.nealcommunities.com,"What moves you? If swaying palm trees, barefoot elegance and a carefree active lifestyle sounds appealing, then it’s time to see life in Windward at Lakewood Ranch. Conveniently located near I-75 at Fruitville and Lorraine Roads in Sarasota County, Windward is a gated community with easy access to downtown Sarasota, Lakewood Ranch and the area’s best beaches.",,Vision 2,"UNDER CONSTRUCTION - Vision 2 at Windward - Homesite #478
Experience the perfect blend of luxury and comfort in the Vision plan by Neal Communities. This stunning 2-story home boasts 2,962 square feet of thoughtfully designed living space, featuring 5 bedrooms and 4 full bathrooms, powder bathroom and a spacious upstairs loft. The open layout includes a welcoming great room and dining area, ideal for entertaining. The first floor includes a guest suite with attached bathroom, plus a powder bath off the great room. The second floor includes the master suite and three additional bedrooms and two additional bathrooms. Enjoy the ease of new home construction with modern finishes and energy-efficient features, all while embracing the vibrant Florida lifestyle. Discover your dream home today with Neal Communities, where new home builders create lasting memories
Call today to learn more about the Vision 2 at Windward in Lakewood Ranch!",5,4,1,2,2962,727990,,2026-05-03T12:05:46+00:00,,,"Living Room, Dining Room, Guest Room, Loft, Two Foot Garage Extension, Impact Resistant Glass, Gas Tankless Water Heater",,,Y,"Living Room, Dining Room, Guest Room, Loft, Two Foot Garage Extension, Impact Resistant Glass, Gas Tankless Water Heater",,,,,,Vision 2,2,5,4,1,2962,2,727990,,,,,,,,,,,,
https://www.nealcommunities.com/new-homes/windward/white-star-8/8075-anthirium-loop-white-star-711/,Windward,27.344651,-82.385962,8075 Anthirium Loop,Lakewood Ranch,FL,34240,,,Active,Neal Communities,SFD,,2,,,,,,,https://www.nealcommunities.com,"What moves you? If swaying palm trees, barefoot elegance and a carefree active lifestyle sounds appealing, then it’s time to see life in Windward at Lakewood Ranch. Conveniently located near I-75 at Fruitville and Lorraine Roads in Sarasota County, Windward is a gated community with easy access to downtown Sarasota, Lakewood Ranch and the area’s best beaches.",,White Star,"MOVE IN READY - White Star w/ pool at Windward - Homesite 711
With 3 bedrooms, 2.5 baths, and 2,064 sq. ft. of open living space, the White Star is a home built for entertaining guests or daily relaxation. At the front of the home is a formal dining room connecting to the kitchen area, allowing dishes to have a beautiful display as they are brought to the table. This space is den or comfortable leisure room if preferred. The inviting great room is open to the island kitchen and charming café area, perfect for unwinding over refreshments while enjoying the sight of the outdoor lanai with a pool professionally designed by Waterscapes.
The master suite is the perfect retreat for owners. This space features the spacious master bedroom leads to a spa-style master bath with corner shower, vanity sink and private water closet. You can also enjoy a large walk-in closet, where you can pick your next outfit after freshening up.
***Photos shown are of the floorplan model home and are for illustrative purposes only. Photos are not of the home being offered for sale.",3,2,1,1,2064,755990,,2026-05-06T12:04:30+00:00,,,"Living Room, Dining Room, Guest Room, Family Room, Pool Professionally designed by Waterscapes, Recessed Ceilings, Impact Resistant Glass",,,Y,"Living Room, Dining Room, Guest Room, Family Room, Pool Professionally designed by Waterscapes, Recessed Ceilings, Impact Resistant Glass",,,,,,White Star,2,3,2,1,2064,1,755990,,,,,,,,,,,,
https://www.nealcommunities.com/new-homes/vistera-of-venice/bright-meadow-2-5/208-teracorsa-drive-bright-meadow2-306/,Vistera of Venice,27.13039,-82.39251,208 Teracorsa Drive,North Venice,FL,34275,,,Upcoming,Neal Communities,SFD,,3,,,,,,,https://www.nealcommunities.com,"Discover the coastal charm and timeless beauty awaiting you in Southwest Florida. Neal Communities is pleased to announce Vistera, a new master-planned community in Venice that combines natural splendor with luxurious resort-style amenities.",,Bright Meadow 2,"MOVE IN READY - Bright Meadow 2 at Vistera of Venice - Homesite 306
The Bright Meadow 2 plan by Neal Communities is designed with those features most desired by homeowners. The foyer entry leads to a spacious and open family room with recessed ceiling. An open kitchen is situated off this area, complete with large walk-in pantry, gracefully curved island and breakfast nook. French doors from the great room open to the den. Glass sliding doors in the great room provide access to the roomy covered lanai. Besides the master bedroom with recessed ceiling the suite holds two walk-in closets and master bath with dual sinks, walk-in shower and water closet. Two secondary bedrooms each include a walk-in closet, and have easy access to the secondary bathroom.
DISCLAIMER: Photos are of the Bright Meadow model and for illustrative purposes only.",3,2,,1,2309,633990,,2026-04-06T16:56:49+00:00,,,"Living Room, Office, Guest Room, Impact Resistant Glass Windows, Butler's Pantry, 8ft Interior Doors, Gas Tankless Water Heater",,,Y,"Living Room, Office, Guest Room, Impact Resistant Glass Windows, Butler's Pantry, 8ft Interior Doors, Gas Tankless Water Heater",,,,,,Bright Meadow 2,3,3,2,,2309,1,633990,,,,,,,,,,,,
https://www.nealcommunities.com/new-homes/vistera-of-venice/eventide-4-3/204-teracorsa-drive-eventide4-305/,Vistera of Venice,27.13039,-82.39251,204 Teracorsa Drive,Venice,FL,34275,,,Upcoming,Neal Communities,SFD,,2,,,,,,,https://www.nealcommunities.com,"Discover the coastal charm and timeless beauty awaiting you in Southwest Florida. Neal Communities is pleased to announce Vistera, a new master-planned community in Venice that combines natural splendor with luxurious resort-style amenities.",,Eventide 4,"UNDER CONSTRUCTION - Eventide 4 at Vistera of Venice - Homesite #305
Sophisticated and fun, the spacious Eventide 4 plan at Vistera of Venice offers a comfortable layout designed for relaxation or entertaining. The foyer opens to a beautiful dining area. An expansive great room is the perfect spot to unwind and opens to the beautifully-equipped kitchen with island and breakfast nook.
A large master suite includes 2 walk-in closets and a master bath with walk-in shower and water closet. The guest bedroom is located convenient to the second bath. This home features a third bedroom in lieu of the den.
Call us today to learn more about this Eventide 4!",3,2,,1,1904,540990,,2026-03-30T21:26:11+00:00,,,"Living Room, Guest Room, Impact Resistant Glass Windows, Gas Tankless Water Heater, Pocket Sliding Door",,,Y,"Living Room, Guest Room, Impact Resistant Glass Windows, Gas Tankless Water Heater, Pocket Sliding Door",,,,,,Eventide 4,2,3,2,,1904,1,540990,,,,,,,,,,,,
https://www.nealcommunities.com/new-homes/vistera-of-venice/harvest-3-3/125-vistera-boulevard-harvest3-321/,Vistera of Venice,27.13039,-82.39251,125 Vistera Boulevard,North Venice,FL,34275,,,Upcoming,Neal Communities,SFD,,3,,,,,,,https://www.nealcommunities.com,"Discover the coastal charm and timeless beauty awaiting you in Southwest Florida. Neal Communities is pleased to announce Vistera, a new master-planned community in Venice that combines natural splendor with luxurious resort-style amenities.",,Harvest 3,"UNDER CONSTRUCTION - Harvest 3 at Vistera of Venice - Homesite #321
Welcome home to the Harvest 3, a 2,456 sq. ft. floor plan made for cultivating new memories and quality time with your family. The Harvest 3 features 4 bedrooms, one of which is a guest suite, and 3 bathrooms. The foyer opens to the kitchen featuring walk-in pantry, chef's kitchen with wall oven and a large kitchen island, perfect for entertaining as you cook. Whether you cook, enjoy meals or lounge in the dining or great room areas, you will be greeted with a gorgeous lanai view through the sliding glass doors.
The generously designed master suite features a recessed ceiling and two over-sized walk-in closets on one end. Nestled between the bedroom and closets is the master bath, featuring double sink vanity and private water closet.
*DISCLAIMER: Photos are of the Harvest 3 model and are for illustrative purposes only.",4,3,,1,2456,660990,,2026-03-30T21:22:13+00:00,,,"Living Room, Dining Room, Guest Room, 8ft Interior Doors, Impact Resistant Glass Windows, Gas Tankless Water Heater",,,Y,"Living Room, Dining Room, Guest Room, 8ft Interior Doors, Impact Resistant Glass Windows, Gas Tankless Water Heater",,,,,,Harvest 3,3,4,3,,2456,1,660990,,,,,,,,,,,,
https://www.nealcommunities.com/new-homes/vistera-of-venice/sandcastle-2-5/706-allora-avenue-sandcastle2-113/,Vistera of Venice,27.13039,-82.39251,706 Allora Avenue,North Venice,FL,34275,,,Upcoming,Neal Communities,SFA,,2,,,,,,,https://www.nealcommunities.com,"Discover the coastal charm and timeless beauty awaiting you in Southwest Florida. Neal Communities is pleased to announce Vistera, a new master-planned community in Venice that combines natural splendor with luxurious resort-style amenities.",,Sandcastle 2,"READY SOON - Sandcastle 2 at Vistera of Venice - Homesite #113
Encapsulating 1,848 sq. ft. of living space the Sandcastle 2 is Neal Communities’ largest villa home design with 3 bedrooms, 2 baths, and a 2-car garage. A large island and plenty of counter space can be found in the well-appointed kitchen, overlooking the spacious great room and dining area. A separate den is tucked away between the second and third bedrooms, ideal for enjoying drinks with friends and family during the evening. Any time of the day, you can retreat to the master bedroom featuring an oversized walk-in closet, dual sinks and separate water closet. An outdoor lanai completes this floor plan.
Call us today to learn more about this new home and community!
**DISCLAIMER: Photos are of the Sandcastle 2 villa and are for illustrative purposes only.",3,2,,1,1848,470990,,2026-04-29T16:24:18+00:00,,,"Living Room, Office, Guest Room, Extended Lanai, Impact Resistant Glass Windows",,,Y,"Living Room, Office, Guest Room, Extended Lanai, Impact Resistant Glass Windows",,,,,,Sandcastle 2,2,3,2,,1848,1,470990,,,,,,,,,,,,
https://www.nealcommunities.com/new-homes/vistera-of-venice/tidewinds-2-5/140-corserra-drive-tidewinds2-032/,Vistera of Venice,27.13039,-82.39251,140 Corserra Drive,North Venice,FL,34275,,,Active,Neal Communities,SFA,,2,,,,,,,https://www.nealcommunities.com,"Discover the coastal charm and timeless beauty awaiting you in Southwest Florida. Neal Communities is pleased to announce Vistera, a new master-planned community in Venice that combines natural splendor with luxurious resort-style amenities.",,Tidewinds 2,"MOVE IN READY - Tidewinds 2 at Vistera of Venice - Homesite #32
The Tidewinds 2, a twin villa-style home design by Neal Communities, offers 1,638 sq. ft. of comfortable living space. The beautifully-equipped kitchen featuring an island and walk-in pantry, is open to the dining area where you can enjoy your daily meals. For an added touch of elegance, the great room offers a recessed ceiling. A sliding glass door in the great room leads to the covered lanai. The home also features a den, ideal for a home office or personal library. The roomy master suite features two closets including a walk-in, and a dual-sink master bath with walk-in shower and private water closet. The second bedroom is situated at the front of the home next to a full bath.
**DISCLAIMER: Photos are of the Tidewinds 2 model and for illustrative purposes only.",2,2,,1,1638,397990,,2026-03-30T21:16:41+00:00,,,"Living Room, Office, Guest Room, Extended Screened Lanai, Impact Resistant Glass Windows, Preserve Backyard View",,,Y,"Living Room, Office, Guest Room, Extended Screened Lanai, Impact Resistant Glass Windows, Preserve Backyard View",,,,,,Tidewinds 2,2,2,2,,1638,1,397990,,,,,,,,,,,,
https://www.nealcommunities.com/new-homes/palmera/dream-2-11/17682-sylvester-drive-dream2-117/,Palmera,27.017199265127598,-82.34109078650818,17682 Sylvester Drive,Venice,FL,34293,,,Upcoming,Neal Communities,SFD,,2,,,,,,,https://www.nealcommunities.com,"Experience Palmera: Your Dream Home Awaits Discover Palmera at Wellen Park, a vibrant, amenity-rich neighborhood crafted for an exceptional resort-style living experience. This stunning Wellen Park community centers around a coastal-inspired clubhouse, offering a wealth of amenities designed for connection and enjoyment. Palmera is more than just a place to live; it’s where you can truly live, play, and connect, embracing a lifestyle brimming with convenience, recreation, and genuine community spirit.",,Dream 2,"UNDER CONSTRUCTION - Dream 2 at Palmera - Homesite #117
A luxurious home embodying the carefree, relaxed Florida lifestyle happens with the Dream 2, a 3 bedroom, 2 bath single family home with a 2-car garage. The floor plan includes a beautiful open kitchen with corner pantry, center island with plenty of counterspace for culinary creativity and a dining area. The great room has glass sliders that lead out onto the lanai, perfect for taking a break outside. The master bedroom includes 2 closets, dual vanity sinks and a walk-in shower. A separate den, utility room and 2 additional bedrooms and second bath complete the home.
***Photos are of Dream 2 model*** NOT ACTUAL PHOTOS OF HOME",3,2,,1,1860,568990,,2026-04-07T17:55:29+00:00,,,"Living Room, Dining Room, Guest Room, Office, Pocket Sliding Glass Door, Impact Resistant Glass, Garage Extension",,,Y,"Living Room, Dining Room, Guest Room, Office, Pocket Sliding Glass Door, Impact Resistant Glass, Garage Extension",,,,,,Dream 2,2,3,2,,1860,1,568990,,,,,,,,,,,,
https://www.nealcommunities.com/new-homes/palmera/dream-2-11/17738-sylvester-drive-dream2-110/,Palmera,27.017199265127598,-82.34109078650818,17738 Sylvester Drive,Venice,FL,34293,,,Upcoming,Neal Communities,SFD,,2,,,,,,,https://www.nealcommunities.com,"Experience Palmera: Your Dream Home Awaits Discover Palmera at Wellen Park, a vibrant, amenity-rich neighborhood crafted for an exceptional resort-style living experience. This stunning Wellen Park community centers around a coastal-inspired clubhouse, offering a wealth of amenities designed for connection and enjoyment. Palmera is more than just a place to live; it’s where you can truly live, play, and connect, embracing a lifestyle brimming with convenience, recreation, and genuine community spirit.",,Dream 2,"UNDER CONSTRUCTION - Dream 2 at Palmera - Homesite #110
A luxurious home embodying the carefree, relaxed Florida lifestyle happens with the Dream 2, a 3 bedroom, 2 bath single family home with a 2-car garage. The floor plan includes a beautiful open kitchen with corner pantry, center island with plenty of counterspace for culinary creativity and a dining area. The great room has glass sliders that lead out onto the lanai, perfect for taking a break outside. The master bedroom includes 2 closets, dual vanity sinks and a walk-in shower. A separate den, utility room and 2 additional bedrooms and second bath complete the home.
***Photos are of Dream 2 model*** NOT ACTUAL PHOTOS OF HOME",3,2,,1,1860,577990,,2026-04-07T17:56:07+00:00,,,"Living Room, Dining Room, Guest Room, Office, Pocket Sliding Glass Door, Impact Resistant Glass, Garage Extension",,,Y,"Living Room, Dining Room, Guest Room, Office, Pocket Sliding Glass Door, Impact Resistant Glass, Garage Extension",,,,,,Dream 2,2,3,2,,1860,1,577990,,,,,,,,,,,,
https://www.nealcommunities.com/new-homes/palmera/heritage-9/17698-sylvester-drive-heritage2-115/,Palmera,27.017199265127598,-82.34109078650818,17698 Sylvester Drive,Venice,FL,34293,,,Upcoming,Neal Communities,SFD,,2,,,,,,,https://www.nealcommunities.com,"Experience Palmera: Your Dream Home Awaits Discover Palmera at Wellen Park, a vibrant, amenity-rich neighborhood crafted for an exceptional resort-style living experience. This stunning Wellen Park community centers around a coastal-inspired clubhouse, offering a wealth of amenities designed for connection and enjoyment. Palmera is more than just a place to live; it’s where you can truly live, play, and connect, embracing a lifestyle brimming with convenience, recreation, and genuine community spirit.",,Heritage 2,"UNDER CONSTRUCTION - Heritage 2 at Palmera - Homesite #115
The Heritage 2 is a 2-story, 4 bedroom, 2.5 bath single-family home featuring 2,428 sq.ft. of living space. The first floor holds a beautifully-equipped kitchen and over-sized walk-in pantry, offering plenty of space for culinary creativity. The oversized island and café area are the perfect setting to enjoy your meals or catch up with friends over coffee. The great room features sliding doors, where you can enjoy the view of your lanai in or outdoors. The master bedroom is located on the first floor, with dual sink vanities, a walk-in closet and corner shower.
Upstairs, there is a second bath, located between the second and third bedroom. Two of the bedrooms have walk-in closets, and all are anchored by a spacious loft that you can transform into an area reflecting your personal tastes. A 2-car garage and beautiful foyer complete the home.
***Photos are of plan model*** NOT ACTUAL PHOTOS OF HOME",4,2,1,2,2429,627990,,2026-05-03T12:13:00+00:00,,,"Living Room, Dining Room, Loft, Impact Resistant Glass Windows, Two Foot Garage Extension, Extended Lanai",,,Y,"Living Room, Dining Room, Loft, Impact Resistant Glass Windows, Two Foot Garage Extension, Extended Lanai",,,,,,Heritage 2,2,4,2,1,2429,2,627990,,,,,,,,,,,,
https://www.nealcommunities.com/new-homes/palmera/heritage-9/17835-triangle-court-heritage2-017/,Palmera,27.017199265127598,-82.34109078650818,17835 Triangle Court,Venice,FL,34293,,,Upcoming,Neal Communities,SFD,,2,,,,,,,https://www.nealcommunities.com,"Experience Palmera: Your Dream Home Awaits Discover Palmera at Wellen Park, a vibrant, amenity-rich neighborhood crafted for an exceptional resort-style living experience. This stunning Wellen Park community centers around a coastal-inspired clubhouse, offering a wealth of amenities designed for connection and enjoyment. Palmera is more than just a place to live; it’s where you can truly live, play, and connect, embracing a lifestyle brimming with convenience, recreation, and genuine community spirit.",,Heritage 2,"UNDER CONSTRUCTION - Heritage 2 at Palmera - Homesite #017
The Heritage 2 is a 2-story, 4 bedroom, 2.5 bath single-family home featuring 2,428 sq.ft. of living space. The first floor holds a beautifully-equipped kitchen and over-sized walk-in pantry, offering plenty of space for culinary creativity. The oversized island and café area are the perfect setting to enjoy your meals or catch up with friends over coffee. The great room features sliding doors, where you can enjoy the view of your lanai in or outdoors. The master bedroom is located on the first floor, with dual sink vanities, a walk-in closet and corner shower.
Upstairs, there is a second bath, located between the second and third bedroom. Two of the bedrooms have walk-in closets, and all are anchored by a spacious loft that you can transform into an area reflecting your personal tastes. A 2-car garage and beautiful foyer complete the home.
***Photos are of plan model*** NOT ACTUAL PHOTOS OF HOME",4,2,1,2,2429,612990,,2026-05-03T12:12:37+00:00,,,"Living Room, Dining Room, Loft, Impact Resistant Glass Windows, Two Foot Garage Extension, Extended Lanai",,,Y,"Living Room, Dining Room, Loft, Impact Resistant Glass Windows, Two Foot Garage Extension, Extended Lanai",,,,,,Heritage 2,2,4,2,1,2429,2,612990,,,,,,,,,,,,
https://www.nealcommunities.com/new-homes/palmera/patriot-5/17771-sylvester-drive-patriot-13/,Palmera,27.017199265127598,-82.34109078650818,17771 Sylvester Drive,Venice,FL,34293,,,Active,Neal Communities,SFD,,2,,,,,,,https://www.nealcommunities.com,"Experience Palmera: Your Dream Home Awaits Discover Palmera at Wellen Park, a vibrant, amenity-rich neighborhood crafted for an exceptional resort-style living experience. This stunning Wellen Park community centers around a coastal-inspired clubhouse, offering a wealth of amenities designed for connection and enjoyment. Palmera is more than just a place to live; it’s where you can truly live, play, and connect, embracing a lifestyle brimming with convenience, recreation, and genuine community spirit.",,Patriot,"UNDER CONSTRUCTION - Patriot at Palmera at Wellen Park - Homesite #13
The open living area gives the Patriot a light and airy feel, with an expansive great room with recessed ceiling, dining area and roomy kitchen with an island. Sliding glass doors open to the covered lanai with optional outdoor kitchen wall. In the master suite the large bedroom offers a window out to the lanai and features a walk-in closet and bath with walk-in shower, private water closet and the option of two sinks rather than one. A second bath is located between the two remaining bedrooms.
***Photos are of plan model*** NOT ACTUAL PHOTOS OF HOME",3,2,,1,1682,546990,,2026-02-02T17:08:21+00:00,,,"Living Room, Office, Guest Room, Impact Resistant Glass Windows, Two Foot Garage Extension",,,Y,"Living Room, Office, Guest Room, Impact Resistant Glass Windows, Two Foot Garage Extension",,,,,,Patriot,2,3,2,,1682,1,546990,,,,,,,,,,,,
https://www.nealcommunities.com/new-homes/palmera/vision-5/17690-sylvester-drive-116/,Palmera,27.017199265127598,-82.34109078650818,17690 Sylvester Drive,Venice,FL,34293,,,Upcoming,Neal Communities,,,2,,,,,,,https://www.nealcommunities.com,"Experience Palmera: Your Dream Home Awaits Discover Palmera at Wellen Park, a vibrant, amenity-rich neighborhood crafted for an exceptional resort-style living experience. This stunning Wellen Park community centers around a coastal-inspired clubhouse, offering a wealth of amenities designed for connection and enjoyment. Palmera is more than just a place to live; it’s where you can truly live, play, and connect, embracing a lifestyle brimming with convenience, recreation, and genuine community spirit.",,Vision 2,"UNDER CONSTRUCTION - Vision 2 at Palmera at Wellen Park - Homesite #116
Experience the perfect blend of luxury and comfort in the Vision plan by Neal Communities. This stunning 2-story home boasts 2,956 square feet of thoughtfully designed living space, featuring 4 bedrooms, 3.5 bathrooms loft, den and a spacious 2-car garage. The open layout includes a welcoming great room and dining area, ideal for entertaining. A versatile loft adds extra space for relaxation or play. Enjoy the ease of new home construction with modern finishes and energy-efficient features, all while embracing the vibrant Florida lifestyle. Discover your dream home today with Neal Communities, where new home builders create lasting memories.
Call today to learn more about the Vision home at Palmera!",4,3,1,2,2962,674990,,2026-05-03T12:13:44+00:00,,,"Living Room, Dining Room, Loft, Guest Room, Impact Resistant Glass Windows, Garage Extension, Den",,,Y,"Living Room, Dining Room, Loft, Guest Room, Impact Resistant Glass Windows, Garage Extension, Den",,,,,,Vision 2,2,4,3,1,2962,2,674990,,,,,,,,,,,,
https://www.nealcommunities.com/new-homes/palmera/vision-5/17847-triangle-court-vision-018/,Palmera,27.017199265127598,-82.34109078650818,17847 Triangle Court,Venice,FL,34293,,,Upcoming,Neal Communities,,,2,,,,,,,https://www.nealcommunities.com,"Experience Palmera: Your Dream Home Awaits Discover Palmera at Wellen Park, a vibrant, amenity-rich neighborhood crafted for an exceptional resort-style living experience. This stunning Wellen Park community centers around a coastal-inspired clubhouse, offering a wealth of amenities designed for connection and enjoyment. Palmera is more than just a place to live; it’s where you can truly live, play, and connect, embracing a lifestyle brimming with convenience, recreation, and genuine community spirit.",,Vision 2,"UNDER CONSTRUCTION - Vision 2 at Palmera at Wellen Park - Homesite #018
Experience the perfect blend of luxury and comfort in the Vision plan by Neal Communities. This stunning 2-story home boasts 2,956 square feet of thoughtfully designed living space, featuring 4 bedrooms, 3.5 bathrooms loft, den and a spacious 2-car garage. The open layout includes a welcoming great room and dining area, ideal for entertaining. A versatile loft adds extra space for relaxation or play. Enjoy the ease of new home construction with modern finishes and energy-efficient features, all while embracing the vibrant Florida lifestyle. Discover your dream home today with Neal Communities, where new home builders create lasting memories.
Call today to learn more about the Vision 2 home at Palmera!",4,3,1,2,2962,667990,,2026-05-03T12:13:23+00:00,,,"Living Room, Dining Room, Loft, Guest Room, Impact Resistant Glass Windows, Garage Extension, Den",,,Y,"Living Room, Dining Room, Loft, Guest Room, Impact Resistant Glass Windows, Garage Extension, Den",,,,,,Vision 2,2,4,3,1,2962,2,667990,,,,,,,,,,,,
https://www.nealcommunities.com/new-homes/wildleaf-at-north-river-ranch/applause-11/10005-powell-avenue-applause-0901/,Wildleaf,27.607419,-82.438444,10005 Powell Avenue,Parrish,FL,34219,,,Upcoming,Neal Communities,SFD,,2,,,,,,,https://www.nealcommunities.com,"Enjoy life at Wildleaf, a new home neighborhood in North River Ranch located within Manatee County. This community provides residents with an assortment of amenities, creating an environment meant for both relaxation and adventure. Conveniently located near I-75, residents have easy access to all the exciting venues and restaurants close to Parrish.",,Applause,"READY SOON - Applause at Wildleaf - Homesite #0901
This charming home design by Neal Communities offers an elegant yet comfortable place to call home. The open main living area includes a great room, kitchen and dining room area. The kitchen features an island and walk-in pantry. Pocket sliding glass doors in the great room with a coffered ceiling open to the covered lanai, where you can relax and enjoy the water or preserve view. The luxurious master bedroom includes a sitting area and, for an additional touch of style, a recessed ceiling. The master suite also holds two walk-in closets and a bathroom with walk-in shower, with double sinks, and private water closet. The additional bedrooms include one designed as a guest suite with private bath. The home also includes a leisure room that with French doors.
DISCLAIMER: Photos are of the Applause model home and are for illustrative purposes only! This home is not sold furnished and does not have a private pool.",3,3,,1,2108,537990,,2026-04-27T19:39:29+00:00,,,"Living Room, Dining Room, Guest Room, Office, Recessed Ceiling in Great Room, Pocket Sliding Glass Door, 8ft Interior Doors",,,Y,"Living Room, Dining Room, Guest Room, Office, Recessed Ceiling in Great Room, Pocket Sliding Glass Door, 8ft Interior Doors",,,,,,Applause,2,3,3,,2108,1,537990,,,,,,,,,,,,
https://www.nealcommunities.com/new-homes/wildleaf-at-north-river-ranch/bright-meadow-10/10103-hammock-brook-drive-bright-meadow2-0208/,Wildleaf,27.607419,-82.438444,10103 Hammock Brook Drive,Parrish,FL,34219,,,Active,Neal Communities,SFD,,3,,,,,,,https://www.nealcommunities.com,"Enjoy life at Wildleaf, a new home neighborhood in North River Ranch located within Manatee County. This community provides residents with an assortment of amenities, creating an environment meant for both relaxation and adventure. Conveniently located near I-75, residents have easy access to all the exciting venues and restaurants close to Parrish.",,Bright Meadow 2,"Move In Ready - Bright Meadow 2 at Wildleaf - Homesite #0208
This Neal Communities home design, the Bright Meadow 2, comes with an open family room, kitchen with walk-in pantry and dining nook area. The master suite holds a bedroom with coffered ceiling, two walk-in closets and a master bath with dual sinks, walk-in shower and private water closet. The second and third bedrooms each include a walk-in closet.
Visit the Wildleaf community’s model homes today. Give us a call for more information and schedule your personal tour.",3,2,1,1,2308,682990,,2026-05-05T12:14:26+00:00,,,"Living Room, Dining Room, Office, Guest Room, Impact Resistant Glass Windows, Powder Bath, Pocket Sliding Door",,,Y,"Living Room, Dining Room, Office, Guest Room, Impact Resistant Glass Windows, Powder Bath, Pocket Sliding Door",,,,,,Bright Meadow 2,3,3,2,1,2308,1,682990,,,,,,,,,,,,
https://www.nealcommunities.com/new-homes/wildleaf-at-north-river-ranch/crystal-sand-11/11533-great-brook-lane-crystal-sand2-0441/,Wildleaf,27.607419,-82.438444,11533 Great Brook Lane,Parrish,FL,34219,,,Active,Neal Communities,SFA,,2,,,,,,,https://www.nealcommunities.com,"Enjoy life at Wildleaf, a new home neighborhood in North River Ranch located within Manatee County. This community provides residents with an assortment of amenities, creating an environment meant for both relaxation and adventure. Conveniently located near I-75, residents have easy access to all the exciting venues and restaurants close to Parrish.",,Crystal Sand 2,"MOVE IN READY - Crystal Sand 2 at Wildleaf - Block #4, Lot #41
Airy and open, this Crystal Sand 2 paired villa home offers 1,433 square feet of living space with two bedrooms, two bathrooms a den and 2 car garage! An open great room and kitchen area lead back to the screened lanai, accessed through the pocket sliding glass doors. A formal dining room. The master suite with window to the lanai in the bedroom includes two closets, one a walk-in. The master bath includes a walk-in shower, two sink vanities and a private water closet. The home makes a perfect retreat for a small family or as a second home.
Call us today to tour this Crystal Sand 2 home!",2,2,,1,1433,375990,,2026-02-17T14:03:07+00:00,,,"Living Room, Dining Room, Guest Room, Impact Resistant Glass, Den in lieu of dining room, Screened Lanai",,,Y,"Living Room, Dining Room, Guest Room, Impact Resistant Glass, Den in lieu of dining room, Screened Lanai",,,,,,Crystal Sand 2,2,2,2,,1433,1,375990,,,,,,,,,,,,
https://www.nealcommunities.com/new-homes/wildleaf-at-north-river-ranch/dream-2-6/10026-cross-river-trail-dream2-728/,Wildleaf,27.607419,-82.438444,10026 Cross River Trail,Parrish,FL,34219,,,Active,Neal Communities,SFD,,2,,,,,,,https://www.nealcommunities.com,"Enjoy life at Wildleaf, a new home neighborhood in North River Ranch located within Manatee County. This community provides residents with an assortment of amenities, creating an environment meant for both relaxation and adventure. Conveniently located near I-75, residents have easy access to all the exciting venues and restaurants close to Parrish.",,Dream 2,"MOVE IN READY - Dream 2 at Wildleaf - Block 7, Homesite #28
The luxury of an all-new home with the carefree, relaxed Florida lifestyle happens with the Dream 2, a 3 bedroom, 2 bath single family home with a 2 car garage. The floor plan includes an open kitchen with corner pantry, center island with plenty of counterspace and dining area. The great room has pocket glass sliders that lead out onto the lanai. The master bedroom includes 2 closets, dual vanity sinks and a walk-in shower. A separate den, utility room and 2 additional bedrooms and second bath complete the home.
***DISCLAIMER: Photos shown are of a Dream model home and are for illustrative purposes only. Photos may include features, upgrades, furnishings, and design elements that are not included in the actual home being offered for sale.",3,2,,1,1860,469990,,2026-05-04T15:25:18+00:00,,,"Living Room, Dining Room, Guest Room, Office, Pocket Sliding Doors, Impact Resistant Glass Windows",,,Y,"Living Room, Dining Room, Guest Room, Office, Pocket Sliding Doors, Impact Resistant Glass Windows",,,,,,Dream 2,2,3,2,,1860,1,469990,,,,,,,,,,,,
https://www.nealcommunities.com/new-homes/wildleaf-at-north-river-ranch/dream-2-6/10042-cross-river-trail-dream2-0724/,Wildleaf,27.607419,-82.438444,10042 Cross River Trail,Parrish,FL,34219,,,Active,Neal Communities,SFD,,2,,,,,,,https://www.nealcommunities.com,"Enjoy life at Wildleaf, a new home neighborhood in North River Ranch located within Manatee County. This community provides residents with an assortment of amenities, creating an environment meant for both relaxation and adventure. Conveniently located near I-75, residents have easy access to all the exciting venues and restaurants close to Parrish.",,Dream 2,"MOVE IN READY - Dream 2 at Wildleaf - Block 7, Homesite #24
The luxury of an all-new home with the carefree, relaxed Florida lifestyle happens with the Dream 2, a 3 bedroom, 2 bath single family home with a 2 car garage. The floor plan includes an open kitchen with corner pantry, center island with plenty of counterspace and dining area. The great room has pocket glass sliders that lead out onto the lanai. The master bedroom includes 2 closets, dual vanity sinks and a walk-in shower. A separate den, utility room and 2 additional bedrooms and second bath complete the home.
***DISCLAIMER: Photos shown are of a Dream model home and are for illustrative purposes only. Photos may include features, upgrades, furnishings, and design elements that are not included in the actual home being offered for sale.",3,2,,1,1860,446990,,2026-05-04T15:05:30+00:00,,,"Living Room, Dining Room, Guest Room, Office, Pocket Sliding Doors",,,Y,"Living Room, Dining Room, Guest Room, Office, Pocket Sliding Doors",,,,,,Dream 2,2,3,2,,1860,1,446990,,,,,,,,,,,,
https://www.nealcommunities.com/new-homes/wildleaf-at-north-river-ranch/liberty-3/10054-cross-river-trail-liberty4-0721/,Wildleaf,27.607419,-82.438444,10054 Cross River Trail,Parrish,FL,34219,,,Active,Neal Communities,SFD,,2,,,,,,,https://www.nealcommunities.com,"Enjoy life at Wildleaf, a new home neighborhood in North River Ranch located within Manatee County. This community provides residents with an assortment of amenities, creating an environment meant for both relaxation and adventure. Conveniently located near I-75, residents have easy access to all the exciting venues and restaurants close to Parrish.",,Liberty 4,"Move In Ready - Liberty 4 at Wildleaf - Homesite #721
The Liberty 4 home design features an inviting front porch. Inside, you step into the open great room and onto the well-appointed kitchen, which has a handsome peninsula with breakfast bar. A covered lanai sits beyond, a beautiful sight to behold when enjoying your meals.
The spacious master suite includes two walk-in closets, large shower and private water closet. A dining room allows you to greet guests and family with the view of a gorgeous spread.
This could be the home you’ve been looking for! Call today to find out more and to schedule an appointment.",3,2,,1,1533,399990,,2026-03-05T21:44:48+00:00,,,"Living Room, Dining Room, Guest Room, Impact Resistant Glass Windows",,,Y,"Living Room, Dining Room, Guest Room, Impact Resistant Glass Windows",,,,,,Liberty 4,2,3,2,,1533,1,399990,,,,,,,,,,,,
https://www.nealcommunities.com/new-homes/wildleaf-at-north-river-ranch/meadow-brook-12/10023-laurel-fork-way-meadowbrook-1013/,Wildleaf,27.607419,-82.438444,10023 Laurel Fork Way,Parrish,FL,34219,,,Active,Neal Communities,SFD,,3,,,,,,,https://www.nealcommunities.com,"Enjoy life at Wildleaf, a new home neighborhood in North River Ranch located within Manatee County. This community provides residents with an assortment of amenities, creating an environment meant for both relaxation and adventure. Conveniently located near I-75, residents have easy access to all the exciting venues and restaurants close to Parrish.",,Meadow Brook,"MOVE IN READY - Meadowbrook at Wildleaf - Block 10 Homesite 13
The Meadow Brook home design by Neal Communities offers an open layout for the common living areas, three bedrooms, two bathrooms, a powder half bathroom, den and a three car garage.
The beautifully-equipped kitchen comes with an island, corner walk-in pantry and cafe area. A spacious great room has a recessed ceiling for an extra touch of elegance and views of the lanai and backyard. The master suite includes dual walk-in closets and master bath with large walk-in shower and private water closet.
Call us today to learn more the Meadow Brook home at Wildleaf!
**DISCLAIMER: Photos are of the Meadow Brook model and are for illustrative purposes only.",3,2,1,1,2014,575990,,2026-05-05T12:14:00+00:00,,,"Living Room, Dining Room, Office, Guest Room, Impact Resistant Glass Windows, Powder Bathroom, Den in Lieu of Leisure Room, 8ft Interior Doors, Lake View",,,Y,"Living Room, Dining Room, Office, Guest Room, Impact Resistant Glass Windows, Powder Bathroom, Den in Lieu of Leisure Room, 8ft Interior Doors, Lake View",,,,,,Meadow Brook,3,3,2,1,2014,1,575990,,,,,,,,,,,,
https://www.nealcommunities.com/new-homes/wildleaf-at-north-river-ranch/ocean-front-4/10135-hammock-brook-dr-ocean-front-201/,Wildleaf,27.607419,-82.438444,10135 Hammock Brook Drive,Parrish,FL,34219,,,Active,Neal Communities,SFD,,3,,,,,,,https://www.nealcommunities.com,"Enjoy life at Wildleaf, a new home neighborhood in North River Ranch located within Manatee County. This community provides residents with an assortment of amenities, creating an environment meant for both relaxation and adventure. Conveniently located near I-75, residents have easy access to all the exciting venues and restaurants close to Parrish.",,Ocean Front,"MOVE IN READY - Ocean Front at Wildleaf - Homesite #0201
The main living area of the Ocean Front plan is spacious and open with a great room, dining room and island kitchen. In the master suite, two walk-in closets sit just off the bedroom and the suite’s master bath features dual sinks, a large walk-in shower and water closet. Another full bath, situated between the two remaining bedrooms, has a Jack and Jill entry. Additional plan features include a den or office, large laundry room and a spacious covered lanai. The second level of this home includes a second master bedroom with bathroom and loft space.",4,3,1,2,3154,756990,,2026-04-05T16:35:14+00:00,,,"Living Room, Office, Guest Room, Jack & Jill Bathroom, Loft",,,Y,"Living Room, Office, Guest Room, Jack & Jill Bathroom, Loft",,,,,,Ocean Front,3,4,3,1,3154,2,756990,,,,,,,,,,,,
https://www.nealcommunities.com/new-homes/wildleaf-at-north-river-ranch/tidewater-11/11608-great-brook-lane-tidewater2-0339/,Wildleaf,27.607419,-82.438444,11608 Great Brook Lane,Parrish,FL,34219,,,Active,Neal Communities,SFA,,2,,,,,,,https://www.nealcommunities.com,"Enjoy life at Wildleaf, a new home neighborhood in North River Ranch located within Manatee County. This community provides residents with an assortment of amenities, creating an environment meant for both relaxation and adventure. Conveniently located near I-75, residents have easy access to all the exciting venues and restaurants close to Parrish.",,Tidewater 2,"MOVE IN READY - Tidewater 2 at Wildleaf - Homesite 0339
The Tidewater 2, a two-bedroom, two-bath twin villa home designed by Neal Communities features a spacious layout from an open living area. The home includes an open great room, dining area and beautifully-equipped kitchen with island for enjoying five-star meals. A den offers the perfect space for a home office, while an extended covered lanai at the back of the home provides a lovely environment for enjoying the peaceful outdoors. The master suite bedroom includes a window to the lanai. The suite also features two closets and a bath with dual sink vanities, walk-in shower and private water closet. A walk-in closet and proximity to a full bath makes the second bedroom a great guest room.",2,2,,1,1530,446990,,2026-01-15T19:04:59+00:00,,,"Living Room, Guest Room, Dining Room, Office, Impact Resistant Glass, Extended Lanai, Pocket Sliding Door",,,Y,"Living Room, Guest Room, Dining Room, Office, Impact Resistant Glass, Extended Lanai, Pocket Sliding Door",,,,,,Tidewater 2,2,2,2,,1530,1,446990,,,,,,,,,,,,
https://www.nealcommunities.com/new-homes/wildleaf-at-north-river-ranch/tidewater-11/11669-great-brook-lane-tidewater2-0426/,Wildleaf,27.607419,-82.438444,11669 Great Brook Lane,Parrish,FL,34219,,,Active,Neal Communities,SFA,,2,,,,,,,https://www.nealcommunities.com,"Enjoy life at Wildleaf, a new home neighborhood in North River Ranch located within Manatee County. This community provides residents with an assortment of amenities, creating an environment meant for both relaxation and adventure. Conveniently located near I-75, residents have easy access to all the exciting venues and restaurants close to Parrish.",,Tidewater 2,"MOVE IN READY - Tidewater 2 at Wildleaf - Homesite 0426
The Tidewater 2, a two-bedroom, two-bath twin villa home designed by Neal Communities features a spacious layout from an open living area. The home includes an open great room, dining area and beautifully-equipped kitchen with island for enjoying five-star meals. A den offers the perfect space for a home office, while a covered lanai at the back of the home provides a lovely environment for enjoying the peaceful outdoors. The master suite bedroom includes a window to the lanai. The suite also features two closets and a bath with dual sink vanities, walk-in shower and private water closet. A walk-in closet and proximity to a full bath makes the second bedroom a great guest room.
*DISCLAIMER: Photos are of the Tidewater model home and are for illustrative purposes only.",2,2,,1,1530,399990,,2026-03-06T16:52:09+00:00,,,"Living Room, Guest Room, Dining Room, Office, Impact Resistant Glass, Covered Lanai, Pocket Sliding Door",,,Y,"Living Room, Guest Room, Dining Room, Office, Impact Resistant Glass, Covered Lanai, Pocket Sliding Door",,,,,,Tidewater 2,2,2,2,,1530,1,399990,,,,,,,,,,,,
https://www.nealcommunities.com/new-homes/avelina/bay-breeze/12573-meribel-street-baybreeze-04/,Avelina,27.03071,-82.32900,12573 Meribel Street,Venice,FL,34293,,,Upcoming,Neal Communities,SFD,,3,,,,,,,https://www.nealcommunities.com,Now in closeout! Limited Availability!,,Bay Breeze,"UNDER CONSTRUCTION - Bay Breeze with Pool at Avelina - Homesite #04
The Bay Breeze home design provides a welcoming feeling for you and your company. The foyer invites you into the heart of the home – the kitchen and dining room areas. The kitchen allows you to dream up any dish thanks to a large island, walk-in pantry and wall oven. In the great room, you can enjoy some quiet time or easily venture out to the outdoor lanai with a beautiful pool by Waterscapes Pools & Spas. You can also offer guests privacy with a guest suite complete with an en-suite bath and walk-in closet. The den is perfect for a home office when business calls.
The master bedroom offers the perfect respite from a busy day, featuring an oversized walk-in closet. The master bathroom features a double sink-vanity, private water closet and large walk-in shower. The den and other bedroom connect to a second bathroom.
Let this floor plan whisk you away to the Avelina community. Call today to learn more.",3,3,,1,2520,929990,,2026-04-02T18:43:13+00:00,,,"Living Room, Dining Room, Office, Guest Room, Impact Resistant Glass Windows, Pool by Waterscapes, Pocket Sliding Door, Garage Extension",,,Y,"Living Room, Dining Room, Office, Guest Room, Impact Resistant Glass Windows, Pool by Waterscapes, Pocket Sliding Door, Garage Extension",,,,,,Bay Breeze,3,3,3,,2520,1,929990,,,,,,,,,,,,
https://www.nealcommunities.com/new-homes/avelina/bay-breeze/18807-toulon-court-bay-breeze-089/,Avelina,27.03071,-82.32900,18807 Toulon Court,Venice,FL,34293,,,Upcoming,Neal Communities,SFD,,3,,,,,,,https://www.nealcommunities.com,Now in closeout! Limited Availability!,,Bay Breeze,"UNDER CONSTRUCTION - Bay Breeze with Pool & Spa - Homesite #89
The Bay Breeze home design provides a welcoming feeling for you and your company. The foyer invites you into the heart of the home – the kitchen and dining room areas. The kitchen allows you to dream up any dish thanks to a large island, walk-in pantry and wall oven. In the great room, you can enjoy some quiet time or easily venture out to the outdoor lanai with a beautiful pool by Waterscapes Pools & Spas. You can also offer guests privacy with a guest suite complete with an en-suite bath and walk-in closet. The den is perfect for a home office when business calls.
The master bedroom offers the perfect respite from a busy day, featuring an oversized walk-in closet. The master bathroom features a double sink-vanity, private water closet and large walk-in shower. The den and other bedroom connect to a second bathroom.
Let this floor plan whisk you away to the Avelina community. Call today to learn more.",3,3,,1,2520,864990,,2026-04-02T18:58:39+00:00,,,"Living Room, Dining Room, Office, Guest Room, Impact Resistant Glass Windows, Pool & Spa by Waterscapes, Pocket Sliding Door, Garage Extension, 8ft Interior Doors",,,Y,"Living Room, Dining Room, Office, Guest Room, Impact Resistant Glass Windows, Pool & Spa by Waterscapes, Pocket Sliding Door, Garage Extension, 8ft Interior Doors",,,,,,Bay Breeze,3,3,3,,2520,1,864990,,,,,,,,,,,,
https://www.nealcommunities.com/new-homes/avelina/sea-isle/18819-toulon-court-seaisle-88/,Avelina,27.03071,-82.32900,18819 Toulon Court,Venice,FL,34293,,,Upcoming,Neal Communities,SFD,,3,,,,,,,https://www.nealcommunities.com,Now in closeout! Limited Availability!,,Sea Isle,"UNDER CONSTRUCTION - Sea Isle with pool & spa - Homesite #88
From the front porch to the sunny covered lanai, the Sea Isle home gives homeowners the feeling of living on their very own private island. This luxurious home is perfect for families and their guests, featuring 3 bedrooms, 2 baths and a spacious 3-car garage. Take in the sights of a gorgeous lanai and private pool from anywhere in the main living area – while you lounge in the great room, cook in a gourmet kitchen or enjoy meals with family and friends in the dining room. The den can be an office or the perfect escape to unwind and watch your favorite programs, play a game or drink a cup of coffee.
Enter the master suite from a hallway offering 2 large walk-in closets. Prepare for the day in the master bathroom featuring a large walk-in shower, double sink vanity and private water closet. The two bedrooms are found near a second bath.
Call today to learn more about Avelina.",3,2,,1,2327,831990,,2026-04-02T18:22:04+00:00,,,"Living Room, Dining Room, Office, Guest Room, Impact Resistant Glass, Pool by Waterscapes, Garage Extension, Pocket Sliding Door, Den in lieu of dining room",,,Y,"Living Room, Dining Room, Office, Guest Room, Impact Resistant Glass, Pool by Waterscapes, Garage Extension, Pocket Sliding Door, Den in lieu of dining room",,,,,,Sea Isle,3,3,2,,2327,1,831990,,,,,,,,,,,,
https://www.nealcommunities.com/new-homes/avelina/sea-spray-2/12597-meribel-street-seaspray2-01/,Avelina,27.03071,-82.32900,12597 Meribel Street,Venice,FL,34293,,,Upcoming,Neal Communities,SFD,,3,,,,,,,https://www.nealcommunities.com,Now in closeout! Limited Availability!,,Sea Spray 2,"HOME IN PROGRESS - Sea Spray 2 with Pool & Spa - Homesite #01
Encompassing 2,688 sq. ft. of open living space, the inviting Sea Spray 2 offers an open floor plan with a gourmet kitchen featuring a large island, walk-in pantry and a dedicated dining area. Both the kitchen and great room areas bring in natural light from glass sliders leading to a large outdoor lanai with an outdoor kitchen. Your guests can also have a space to relax in the guest suite complete with en-suite bath and walk-in shower.
The spacious master bedroom features two walk-in closets, a private water closet, walk-in shower and double sink vanity. There are two additional bedrooms with a den in lieu of a fourth bedroom.
Let the Sea Spray help you create your ideal home in Avelina. Call today to learn more.",3,3,1,1,2688,946990,,2026-04-05T16:34:11+00:00,,,"Living Room, Dining Room, Guest Room, Office, Pool Bath, Impact Resistant Glass, 8ft Interior Doors, Private & Spa Pool, Garage Extension",,,Y,"Living Room, Dining Room, Guest Room, Office, Pool Bath, Impact Resistant Glass, 8ft Interior Doors, Private & Spa Pool, Garage Extension",,,,,,Sea Spray 2,3,3,3,1,2688,1,946990,,,,,,,,,,,,
https://www.nealcommunities.com/new-homes/avelina/silver-sky-2-2/18736-toulon-court-silversky2-78/,Avelina,27.03071,-82.32900,18736 Toulon Court,Venice,FL,34293,,,Active,Neal Communities,SFD,,3,,,,,,,https://www.nealcommunities.com,Now in closeout! Limited Availability!,,Silver Sky 2,"MOVE IN READY - Silver Sky 2 at Avelina - Homesite #78
This spacious new home design in Avelina is perfect for family as well as guests. The Silver Sky 2 home includes a guest room with en suite bath and walk-in closet, a luxurious master suite and two secondary bedrooms. An open leisure room can instead be a den with French doors. The foyer and gallery entry makes an elegant impression and leads to an open great room, kitchen and dining nook area. The great room with recessed ceiling offers views out to the sunny covered lanai with a pool bath.
A large island and walk-in pantry make the gourmet kitchen especially accommodating. In the comfortable master suite you’ll find a bedroom with two walk-in closets, and bath with dual sink vanities, shower, and private water closet.
Visit the beautiful Avelina community and imagine your future here. Call to learn more about our homes.",4,3,1,1,2762,724990,,2026-04-28T11:56:28+00:00,,,"Living Room, Dining Room, Guest Room, Bonus Room, Pool Bath, Impact Resistant Glass",,,Y,"Living Room, Dining Room, Guest Room, Bonus Room, Pool Bath, Impact Resistant Glass",,,,,,Silver Sky 2,3,4,3,1,2762,1,724990,,,,,,,,,,,,
https://www.nealcommunities.com/new-homes/verandah/bright-meadow-2-3/11544-verandah-palm-court-fort-myers-fl-bright-meadow-2-homesite-8008/,Verandah,26.697524,-81.767058,11544 Verandah Palm Court,Fort Myers,FL,33905,,,Active,Neal Communities,SFD,,3,,,,,,,https://www.nealcommunities.com,"Welcome to Verandah, a beautiful, private, guard-gated golf course community in Fort Myers. Enjoy life among mature oak trees, meandering bike paths and walking trails, and breathtaking views of the Orange River. Verandah offers a resort-style community, complete with full-service dining options, social events and activities, fitness and recreation options, and 2 spectacular 18-hole championship golf courses: Old Orange, designed by Bob Cupp and Whispering Oak, designed by Jack Nicklaus.",,Bright Meadow 2,"New Home by Neal Communities, in Verandah. This beautiful BRIGHT MEADOW floor plan has 2309 SF, 3 bedrooms, den, 2.5 baths, 3- car garage, HUGE ISLAND, Wall oven, Tile Floors, 42” cabinets with Quartz counters. IMPACT WINDOWS/DOORS, 8-ft doors, pocket sliders, coffer ceilings. THIS HOME ALSO INCLUDES A 10 YEAR STRUCTURAL WARRANTY. Make your showing appointment today! This private golf course community only 15 minutes from downtown Fort Myers offers 36 holes of championship golf, (optional membership) 9 miles of trails and board walks, kayaking along the Orange River, dog park with covered areas, playground, fitness center with dedicated spin room, 24/7 manned gated entrance, nearby shopping with grocery, restaurants & bank. Lawn maintenance, Basic Cable and Internet are also included!
**DISCLAIMER: Photos shown are of a model home and are for illustrative purposes only. They may include features, upgrades, furnishings and design elements that are not included in the actual home being offered for sale. This home does not include a pool. This home is being built on Homesite 8008.",3,2,1,1,2309,700891,,2026-04-30T20:39:26+00:00,,,"Living Room, Dining Room, Office, Impact Resistant Glass, Pocket Slider Doors to Lanai, Recessed Ceiling Package, GE Stainless Kitchen Appliances, Upgraded Cabinets & Quartz Counters, 8' Interior Doors",,,Y,"Living Room, Dining Room, Office, Impact Resistant Glass, Pocket Slider Doors to Lanai, Recessed Ceiling Package, GE Stainless Kitchen Appliances, Upgraded Cabinets & Quartz Counters, 8' Interior Doors",,,,,,Bright Meadow 2,3,3,2,1,2309,1,700891,,,,,,,,,,,,
https://www.nealcommunities.com/new-homes/verandah/dream-2-8/2949-heritage-pines-drive-v2/,Verandah,26.697524,-81.767058,2949 Heritage Pines Drive,Fort Myers,FL,33905,,,Active,Neal Communities,SFD,,2,,,,,,,https://www.nealcommunities.com,"Welcome to Verandah, a beautiful, private, guard-gated golf course community in Fort Myers. Enjoy life among mature oak trees, meandering bike paths and walking trails, and breathtaking views of the Orange River. Verandah offers a resort-style community, complete with full-service dining options, social events and activities, fitness and recreation options, and 2 spectacular 18-hole championship golf courses: Old Orange, designed by Bob Cupp and Whispering Oak, designed by Jack Nicklaus.",,Dream 2,"Dream - Verandah - Homesite 191
A luxurious home embodying the carefree, relaxed Florida lifestyle happens with the Dream 2, a 3 bedroom, 2 bath single family home with a 2-car garage. The floor plan includes a beautiful open kitchen with corner pantry, center island with plenty of counterspace for culinary creativity and a dining area. The great room has glass sliders that lead out onto the lanai, perfect for taking a break outside. The master bedroom includes 2 closets, dual vanity sinks and a walk-in shower. A separate den, utility room and 2 additional bedrooms and second bath complete the home. This home being built on Homesite 191.",3,2,,1,1860,444064,,2025-12-31T17:10:18+00:00,,,"Impact Windows/Doors, 2-Ft Garage Ext, Upgraded Cabinets, Quartz Counters, Upgraded Tile Floors, Stainless Appliances",,,Y,"Impact Windows/Doors, 2-Ft Garage Ext, Upgraded Cabinets, Quartz Counters, Upgraded Tile Floors, Stainless Appliances",,,,,,Dream 2,2,3,2,,1860,1,444064,,,,,,,,,,,,
https://www.nealcommunities.com/new-homes/verandah/imagination-2-6/2937-heritage-pines-drive-imagination-2-189/,Verandah,26.697524,-81.767058,2937 Heritage Pines Drive,Fort Myers,FL,33905,,,Active,Neal Communities,SFD,,2,,,,,,,https://www.nealcommunities.com,"Welcome to Verandah, a beautiful, private, guard-gated golf course community in Fort Myers. Enjoy life among mature oak trees, meandering bike paths and walking trails, and breathtaking views of the Orange River. Verandah offers a resort-style community, complete with full-service dining options, social events and activities, fitness and recreation options, and 2 spectacular 18-hole championship golf courses: Old Orange, designed by Bob Cupp and Whispering Oak, designed by Jack Nicklaus.",,Imagination 2,"MOVE IN READY - Imagination 2 on Homesite #189
The Imagination 2 is a wonderful home design encompassing 3 bedrooms, 2 baths and a 2-car garage across 1,778 sq. ft. of living space. Walk through the foyer where you’ll be greeted by the sight of the luxurious great room area. The hub of the home, a beautiful open concept kitchen, features a spacious island and breakfast area for culinary enjoyment. The kitchen includes glass sliding doors leading to the lanai, perfect for when you want to enjoy an outdoor meal. The master bedroom includes a walk-in closet, corner shower and private water closet. The remaining 2 bedrooms are located by a secondary bath. Rounding out this charming home is a den, a perfect space for a private office. Includes an oversized 2-car garage. This home is being built on Homesite 189.
Call now to learn more about the Imagination 2!",3,2,,1,1778,436251,,2025-12-31T17:08:48+00:00,,,"Living Room, Dining Room, Office, Impact Resistant Glass Windows, Garage Extension",,,Y,"Living Room, Dining Room, Office, Impact Resistant Glass Windows, Garage Extension",,,,,,Imagination 2,2,3,2,,1778,1,436251,,,,,,,,,,,,
https://www.nealcommunities.com/new-homes/verandah/sea-mist-4/11540-verandah-palm-court-fort-myers-fl-sea-mist-homesite-8009/,Verandah,26.697524,-81.767058,11540 Verandah Palm Court,Fort Myers,FL,33905,,,Active,Neal Communities,SFD,,3,,,,,,,https://www.nealcommunities.com,"Welcome to Verandah, a beautiful, private, guard-gated golf course community in Fort Myers. Enjoy life among mature oak trees, meandering bike paths and walking trails, and breathtaking views of the Orange River. Verandah offers a resort-style community, complete with full-service dining options, social events and activities, fitness and recreation options, and 2 spectacular 18-hole championship golf courses: Old Orange, designed by Bob Cupp and Whispering Oak, designed by Jack Nicklaus.",,Sea Mist,"New Home by Neal Communities, in Verandah. This beautiful Sea Mist floor plan has 2427 SF, 3 bedrooms, den, 2.1 baths and a 3- car garage. Tiled Floors, 42” cabinets with Quartz counters. IMPACT WINDOWS/DOORS, 8-ft doors, pocket sliders, coffer ceilings. THIS HOME ALSO INCLUDES A 10 YEAR STRUCTURAL WARRANTY. Make your showing appointment today! This private golf course community only 15 minutes from downtown Fort Myers offers 36 holes of championship golf, (optional membership) 9 miles of trails and board walks, kayaking along the Orange River, dog park with covered areas, playground, fitness center with dedicated spin room, 24/7 manned gated entrance, nearby shopping with grocery, restaurants & bank. Lawn maintenance, Basic Cable and Internet are also included!
**DISCLAIMER: Photos shown are of a model home and are for illustrative purposes only. They may include features, upgrades, furnishings and design elements that are not included in the actual home being offered for sale. This home does not include a pool. This home is being built on Homesite 8009.",3,2,1,1,2427,718698,,2025-11-28T21:33:09+00:00,,,"Living Room, Dining Room, Office, Impact Resistant Glass, Pocket Sliders to Lanai, 8' Interior Doors",,,Y,"Living Room, Dining Room, Office, Impact Resistant Glass, Pocket Sliders to Lanai, 8' Interior Doors",,,,,,Sea Mist,3,3,2,1,2427,1,718698,,,,,,,,,,,,
https://www.nealcommunities.com/new-homes/verandah/triumph-6/13516-hideaway-preserve-court-verandah-triumph-on-homesite-245/,Verandah,26.697524,-81.767058,13516 Hideaway Preserve Court,Fort Myers,FL,33905,,,Active,Neal Communities,SFD,,2,,,,,,,https://www.nealcommunities.com,"Welcome to Verandah, a beautiful, private, guard-gated golf course community in Fort Myers. Enjoy life among mature oak trees, meandering bike paths and walking trails, and breathtaking views of the Orange River. Verandah offers a resort-style community, complete with full-service dining options, social events and activities, fitness and recreation options, and 2 spectacular 18-hole championship golf courses: Old Orange, designed by Bob Cupp and Whispering Oak, designed by Jack Nicklaus.",,Triumph,"Triumph at Verandah - Homesite #245
Welcome home to the Triumph at Verandah! A foyer and gallery entry gives Triumph a sophisticated feel from the moment you enter. The beautifully-designed kitchen features an island and a walk-in pantry for bringing five-star cuisine to life. Just off the charming great room sliding glass doors take you to the covered lanai for outdoor relaxation.
The master suite is a rejuvenating spot for every homeowner, featuring two walk-in closets and a dual-sink bath with walk-in shower and private water closet. Two other bedrooms and a bonus room completes the Triumph home. Photos shown are of a model home and are for illustrative purposes only. They may include features, upgrades, furnishings and design elements that are not included in the actual home being offered for sale. This home does not include a pool. This home is being built on Homesite 245.",3,3,1,1,2331,575487,,2026-04-30T18:45:50+00:00,,,"Living Room, Dining Room, Office, Impact Resistant Windows, Lanai, GE Stainless Appliances",,,Y,"Living Room, Dining Room, Office, Impact Resistant Windows, Lanai, GE Stainless Appliances",,,,,,Triumph,2,3,3,1,2331,1,575487,,,,,,,,,,,,
https://www.nealcommunities.com/new-homes/verandah/triumph-6/3062-heritage-pines-drive-victory-230/,Verandah,26.697524,-81.767058,3062 Heritage Pines Drive,Fort Myers,FL,33905,,,Active,Neal Communities,SFD,,2,,,,,,,https://www.nealcommunities.com,"Welcome to Verandah, a beautiful, private, guard-gated golf course community in Fort Myers. Enjoy life among mature oak trees, meandering bike paths and walking trails, and breathtaking views of the Orange River. Verandah offers a resort-style community, complete with full-service dining options, social events and activities, fitness and recreation options, and 2 spectacular 18-hole championship golf courses: Old Orange, designed by Bob Cupp and Whispering Oak, designed by Jack Nicklaus.",,Triumph,"Triumph at Verandah - Homesite #230
Welcome home to the Triumph at Verandah! A foyer and gallery entry gives Triumph a sophisticated feel from the moment you enter. The beautifully-designed kitchen features an island, quartz counter tops, under cabinetry lighting, designer backsplash, dovetail draws and soft close draws and doors and a walk-in pantry for bringing five-star cuisine to life. Just off the great room with recessed ceiling the pocket sliding glass doors take you to the covered lanai for outdoor relaxation.
The master suite is a rejuvenating spot for every homeowner, featuring two walk-in closets and a dual-sink bath with walk-in shower and private water closet. Another bedroom is a guest suite with ensuite bath and a bonus room completes the Triumph home. The 2 car garage offers an extension.
**DISCLAIMER: Photos shown are of a model home and are for illustrative purposes only. They may include features, upgrades, furnishings and design elements that are not included in the actual home being offered for sale. This home does not include a pool. This home is being built on Homesite 230.",3,3,1,1,2332,552728,,2026-04-30T13:47:31+00:00,,,"Living Room, Dining Room, Office, Impact Resistant Windows, Lanai, GE Stainless Appliances",,,Y,"Living Room, Dining Room, Office, Impact Resistant Windows, Lanai, GE Stainless Appliances",,,,,,Triumph,2,3,3,1,2332,1,552728,,,,,,,,,,,,
https://www.nealcommunities.com/new-homes/verandah/white-star-6/13411-heritage-preserve-dr-white-star-173/,Verandah,26.697524,-81.767058,13411 Heritage Preserve Drive,Fort Myers,FL,33905,,,Active,Neal Communities,SFD,,2,,,,,,,https://www.nealcommunities.com,"Welcome to Verandah, a beautiful, private, guard-gated golf course community in Fort Myers. Enjoy life among mature oak trees, meandering bike paths and walking trails, and breathtaking views of the Orange River. Verandah offers a resort-style community, complete with full-service dining options, social events and activities, fitness and recreation options, and 2 spectacular 18-hole championship golf courses: Old Orange, designed by Bob Cupp and Whispering Oak, designed by Jack Nicklaus.",,White Star,"White Star on Homesite 173 at Verandah!
New Home by Neal Communities in the subdivision, Heritage Preserve in Verandah. This beautiful WHITE STAR floor plan has 2,064sq/ft with 3 bedrooms, Den, 2.1 bath, IMPACT WINDOWS/DOORS, 8-ft doors, coffer ceiling, butlers pantry with a beautiful Lanai. This private golf course community is only 15 minutes from downtown Fort Myers offers 36 holes of championship golf, (optional membership) 9 miles of trails and boardwalks, kayaking along the Orange River, dog park with covered area, playground, fitness center with dedicated spin room, 24/7 man-gated entrance, on-site shopping with grocery, restaurants, and bank. Lawn/landscape maintenance, high-speed internet, and basic cable are also included.
This home is being built on Homesite 173.",3,2,1,1,2064,537861,,2026-02-02T02:53:46+00:00,,,"Living Room, Dining Room, Office, Impact Resistant WIndows, Screened Lanai",,,Y,"Living Room, Dining Room, Office, Impact Resistant WIndows, Screened Lanai",,,,,,White Star,2,3,2,1,2064,1,537861,,,,,,,,,,,,
