url,Community Name,Latitude,Longitude,Street Address,City,State,Zip Code,County,School District,Status,Builder,Product Type,Avg Lot Size,# of Garages,Adult Community (Y/N),Incentive %,Incentive $,Current Incentive Type,Model hours,Phone number,Website,Overall Description of the Community,Foundation Type,Model Name,Plan Description,# BR,# BA,# 1/2 BA,# of Floors,Minimum SQFT,Minimum Base Price (Current),Previous Price,Last Updated,Maximum Price,Maximum SQFT,Plan Features,Interior Specifications Descriptions,First Floor Master (Y/N),Amenities Available,Attributes/Features,Exterior Specifications Available,Interior Specifications Available,QMI Incentive %,QMI Incentive $,QMI Current Incentive Type,QMI Model Name,QMI # of Garages,QMI # of BR,QMI # of BA,QMI # of 1/2 BA,QMI Model SQFT,QMI Model # of Floor,QMI Model Price,QMI Availability Date,QMI Lot SQFT,QMI Interior/Exterior Attributes,HOA Fee,HOA Services,Other Fees (i.e. CDD),Community - Open Date,Community - Closed Date,Total Lots,# of Sales per month,Total Lots Sold,Total Lots - Total Sold,images
https://www.cheshomes.com/new-homes/sc/little-river/the-paired-villas-at-bridgewater/16111/1004-menorca-ct-10/1705340/,The Paired Villas at Bridgewater,33.8757,-78.6644,1004 Menorca Ct. #10,Little River,SC,,,,Move-In Ready,Chesapeake Homes,,,1,,,,,,,https://www.cheshomes.com,"Welcome to The Paired Villas at Bridgewater!

Experience modern living at its finest with 10 exclusive paired villas in our highly sought after master-planned community, Bridgewater. This vibrant community offers a resort-style pool, a state-of-the-art fitness center, dog parks, and much more, ensuring a lifestyle of comfort and convenience. These highly anticipated homes won’t last long, so schedule your tour today. We can’t wait to welcome you to your new home at Bridgewater!

With only 4

opportunities

remaining to own, these are bound to go quick. Schedule your tour

here

!",,,"As you enter through the foyer, convenient garage access is located just to your left, making everyday arrivals and unloading simple and efficient. Continue into the heart of the home, where a spacious kitchen with a beautiful island creates the perfect setting for both daily living and special gatherings. With ample counter space and a natural gas stove, this kitchen is designed for preparing meals with ease while staying connected to family and guests.Just off the kitchen, a hallway leads to a secondary bedroom tucked privately at the end, complete with a walk-in closet for added storage. Nearby, a full bathroom with modern finishes provides comfort and convenience for guests or household members. The great room opens beyond the kitchen, offering a welcoming space to relax, unwind, or enjoy your favorite shows in comfort. At the rear of the home, the private Owner’s Suite serves as a peaceful retreat designed with relaxation in mind. This spacious suite features an attached bathroom, a generous walk-in closet, and an enclosed toilet area that adds an extra layer of privacy. Thoughtfully designed throughout, this home blends functional spaces with comfortable living to support both everyday routines and memorable moments.Welcome to your new life in The Bayside!",2,2,,1,1324,329900,,,,,,,,,,,,,,,,1,2,2,,1324,1,329900,,,,,,,,,,,,,"https://media.cheshomes.com/241/2026/2/27/DSC02139.jpg?width=1920&height=1280&fit=bounds&ois=ebcf646,https://media.cheshomes.com/241/2026/2/27/DSC02148.jpg?width=1920&height=1280&fit=bounds&ois=33226eb,https://media.cheshomes.com/241/2026/2/27/DSC02170.jpg?width=1920&height=1280&fit=bounds&ois=a691378,https://media.cheshomes.com/241/2026/2/27/DSC02169.jpg?width=1920&height=1280&fit=bounds&ois=54110e5,https://media.cheshomes.com/241/2026/2/27/DSC02175.jpg?width=1920&height=1280&fit=bounds&ois=ad11256,https://media.cheshomes.com/241/2026/2/27/DSC02163.jpg?width=1920&height=1280&fit=bounds&ois=ad02d1c,https://media.cheshomes.com/241/2026/2/27/DSC02166.jpg?width=1920&height=1280&fit=bounds&ois=961bdb9,https://media.cheshomes.com/241/2026/2/27/DSC02145.jpg?width=1920&height=1280&fit=bounds&ois=af99a87,https://media.cheshomes.com/241/2026/2/27/DSC02154.jpg?width=1920&height=1280&fit=bounds&ois=aafa92a,https://media.cheshomes.com/241/2026/2/27/DSC02151.jpg?width=1920&height=1280&fit=bounds&ois=315360a,https://media.cheshomes.com/241/2026/2/27/DSC02157.jpg?width=1920&height=1280&fit=bounds&ois=e65d4a4,https://media.cheshomes.com/241/2026/2/27/DSC02136.jpg?width=1920&height=1280&fit=bounds&ois=b887eb0,https://media.cheshomes.com/241/2026/2/27/1.jpg?width=1920&height=1125&fit=bounds&ois=2323af9"
https://www.cheshomes.com/new-homes/sc/little-river/the-paired-villas-at-bridgewater/16111/1008-menorca-ct-9/1705338/,The Paired Villas at Bridgewater,33.8764,-78.6644,1008 Menorca Ct. #9,Little River,SC,,,,Move-In Ready,Chesapeake Homes,,,1,,,,,,,https://www.cheshomes.com,"Welcome to The Paired Villas at Bridgewater!

Experience modern living at its finest with 10 exclusive paired villas in our highly sought after master-planned community, Bridgewater. This vibrant community offers a resort-style pool, a state-of-the-art fitness center, dog parks, and much more, ensuring a lifestyle of comfort and convenience. These highly anticipated homes won’t last long, so schedule your tour today. We can’t wait to welcome you to your new home at Bridgewater!

With only 4

opportunities

remaining to own, these are bound to go quick. Schedule your tour

here

!",,,"As you enter through the foyer, a hallway to your right leads to a comfortable secondary bedroom featuring a spacious walk-in closet, ideal for guests, family, or a home office. Across the hall, you’ll find a full bathroom complete with a convenient linen closet for added storage.Continuing through the home, you’ll discover a spacious kitchen with a stunning island that serves as the heart of the home, perfect for everyday living and entertaining. With generous counter space and a natural gas stove, this kitchen is designed to make both daily meals and special gatherings feel effortless.The layout flows into the inviting great room, creating a warm space to relax and spend time together. Tucked at the rear of the home, the private Owner’s Suite offers a peaceful retreat with a walk-in closet, double bowl vanity, and a separate enclosed toilet area for added comfort.Welcome to life in The Gulfview!",2,2,,1,1299,334900,,,,,,,,,,,,,,,,1,2,2,,1299,1,334900,,,,,,,,,,,,,"https://media.cheshomes.com/241/2025/12/19/A7300283.jpg?width=1920&height=958&fit=bounds&ois=f38e2e1,https://media.cheshomes.com/241/2025/12/8/A7300306.jpg?width=1920&height=1280&fit=bounds&ois=54c262e,https://media.cheshomes.com/241/2025/12/8/A7300309.jpg?width=1920&height=1280&fit=bounds&ois=ce69f94,https://media.cheshomes.com/241/2026/1/6/A7300313.jpg?width=1920&height=1280&fit=bounds&ois=66bef19,https://media.cheshomes.com/241/2025/12/8/A7300318.jpg?width=1920&height=1280&fit=bounds&ois=30de344,https://media.cheshomes.com/241/2025/12/8/A7300327.jpg?width=1920&height=1280&fit=bounds&ois=599c438,https://media.cheshomes.com/241/2025/12/8/A7300322.jpg?width=1920&height=1280&fit=bounds&ois=481ed90,https://media.cheshomes.com/241/2025/12/8/A7300321.jpg?width=1920&height=1280&fit=bounds&ois=4c73fd1,https://media.cheshomes.com/241/2025/12/8/A7300330.jpg?width=1920&height=1280&fit=bounds&ois=415883b,https://media.cheshomes.com/241/2025/12/8/A7300331.jpg?width=1920&height=1280&fit=bounds&ois=62cb473,https://media.cheshomes.com/241/2025/12/8/A7300300.jpg?width=1920&height=1280&fit=bounds&ois=b9ea837,https://media.cheshomes.com/241/2025/12/8/A7300303.jpg?width=1920&height=1280&fit=bounds&ois=9da9a03,https://media.cheshomes.com/241/2025/12/8/A7300294.jpg?width=1920&height=1280&fit=bounds&ois=8b12a6b,https://media.cheshomes.com/241/2025/12/8/A7300297.jpg?width=1920&height=1280&fit=bounds&ois=29d5e01,https://media.cheshomes.com/241/2025/12/8/A7300310.jpg?width=1920&height=1280&fit=bounds&ois=2e8ec7d,https://media.cheshomes.com/241/2025/12/8/A7300291.jpg?width=1920&height=1280&fit=bounds&ois=60e70ec,https://media.cheshomes.com/241/2025/12/8/A7300286.jpg?width=1920&height=1096&fit=bounds&ois=6046e72,https://media.cheshomes.com/241/2025/12/8/A7300334.jpg?width=1920&height=1153&fit=bounds&ois=f6559dc,https://media.cheshomes.com/241/2025/12/8/A7300283.jpg?width=1920&height=958&fit=bounds&ois=ac5dd5d"
https://www.cheshomes.com/new-homes/sc/little-river/the-paired-villas-at-bridgewater/16111/1013-menorca-ct-5/1705331/,The Paired Villas at Bridgewater,33.8796,-78.6681,1013 Menorca Ct. #5,Little River,SC,,,,Move-In Ready,Chesapeake Homes,,,1,,,,,,,https://www.cheshomes.com,"Welcome to The Paired Villas at Bridgewater!

Experience modern living at its finest with 10 exclusive paired villas in our highly sought after master-planned community, Bridgewater. This vibrant community offers a resort-style pool, a state-of-the-art fitness center, dog parks, and much more, ensuring a lifestyle of comfort and convenience. These highly anticipated homes won’t last long, so schedule your tour today. We can’t wait to welcome you to your new home at Bridgewater!

With only 4

opportunities

remaining to own, these are bound to go quick. Schedule your tour

here

!",,,"As you enter through the foyer, a hallway to your right leads to a comfortable secondary bedroom featuring a spacious walk-in closet, ideal for guests, family, or a home office. Across the hall, you’ll find a full bathroom complete with a convenient linen closet for added storage. Continuing through the home, you’ll discover a spacious kitchen with a stunning island that serves as the heart of the home, perfect for everyday living and entertaining. With generous counter space and a natural gas stove, this kitchen is designed to make both daily meals and special gatherings feel effortless. The layout flows into the inviting great room, creating a warm space to relax and spend time together. Tucked at the rear of the home, the private Owner’s Suite offers a peaceful retreat with a walk-in closet, double bowl vanity, and a separate enclosed toilet area for added comfort. Welcome to life in The Gulfview!",2,2,,1,1299,331900,,,,,,,,,,,,,,,,1,2,2,,1299,1,331900,,,,,,,,,,,,,"https://media.cheshomes.com/241/2025/12/19/A7300118_1.jpg?width=1920&height=1077&fit=bounds&ois=9b1e9d0,https://media.cheshomes.com/241/2025/12/8/A7300153.jpg?width=1920&height=1280&fit=bounds&ois=d734c55,https://media.cheshomes.com/241/2025/12/8/A7300156.jpg?width=1920&height=1280&fit=bounds&ois=7845b1b,https://media.cheshomes.com/241/2026/1/6/A7300165.jpg?width=1920&height=1280&fit=bounds&ois=428bb30,https://media.cheshomes.com/241/2025/12/8/A7300159.jpg?width=1920&height=1280&fit=bounds&ois=a899868,https://media.cheshomes.com/241/2025/12/8/A7300168.jpg?width=1920&height=1280&fit=bounds&ois=8144356,https://media.cheshomes.com/241/2025/12/8/A7300174.jpg?width=1920&height=1280&fit=bounds&ois=ec680b8,https://media.cheshomes.com/241/2025/12/8/A7300171.jpg?width=1920&height=1280&fit=bounds&ois=0472d89,https://media.cheshomes.com/241/2025/12/8/A7300177.jpg?width=1920&height=1280&fit=bounds&ois=e617b92,https://media.cheshomes.com/241/2025/12/8/A7300180.jpg?width=1920&height=1280&fit=bounds&ois=67c9932,https://media.cheshomes.com/241/2025/12/8/A7300183.jpg?width=1920&height=1280&fit=bounds&ois=b83420c,https://media.cheshomes.com/241/2025/12/8/A7300144.JPG?width=1920&height=1280&fit=bounds&ois=cc372b5,https://media.cheshomes.com/241/2025/12/8/A7300141.jpg?width=1920&height=1280&fit=bounds&ois=ec29d6a,https://media.cheshomes.com/241/2025/12/8/A7300150.jpg?width=1920&height=1280&fit=bounds&ois=ffb392e,https://media.cheshomes.com/241/2025/12/8/A7300162.jpg?width=1920&height=1280&fit=bounds&ois=ffd6c20,https://media.cheshomes.com/241/2025/12/8/A7300138.jpg?width=1920&height=1280&fit=bounds&ois=57f858f,https://media.cheshomes.com/241/2025/12/8/A7300130.jpg?width=1920&height=984&fit=bounds&ois=7712ccf,https://media.cheshomes.com/241/2025/12/8/A7300121.jpg?width=1920&height=1103&fit=bounds&ois=2e280a9,https://media.cheshomes.com/241/2025/12/8/A7300124.jpg?width=1920&height=987&fit=bounds&ois=29d91ba"
https://www.cheshomes.com/new-homes/sc/little-river/the-paired-villas-at-bridgewater/16111/1017-menorca-ct-6/1705333/,The Paired Villas at Bridgewater,33.8805,-78.668,1017 Menorca Ct. #6,Little River,SC,,,,Move-In Ready,Chesapeake Homes,,,1,,,,,,,https://www.cheshomes.com,"Welcome to The Paired Villas at Bridgewater!

Experience modern living at its finest with 10 exclusive paired villas in our highly sought after master-planned community, Bridgewater. This vibrant community offers a resort-style pool, a state-of-the-art fitness center, dog parks, and much more, ensuring a lifestyle of comfort and convenience. These highly anticipated homes won’t last long, so schedule your tour today. We can’t wait to welcome you to your new home at Bridgewater!

With only 4

opportunities

remaining to own, these are bound to go quick. Schedule your tour

here

!",,,"As you enter through the foyer, convenient garage access is located just to your left, making everyday arrivals and unloading simple and efficient. Continue into the heart of the home, where a spacious kitchen with a beautiful island creates the perfect setting for both daily living and special gatherings. With ample counter space and a natural gas stove, this kitchen is designed for preparing meals with ease while staying connected to family and guests. Just off the kitchen, a hallway leads to a secondary bedroom tucked privately at the end, complete with a walk-in closet for added storage. Nearby, a full bathroom with modern finishes provides comfort and convenience for guests or household members. The great room opens beyond the kitchen, offering a welcoming space to relax, unwind, or enjoy your favorite shows in comfort. At the rear of the home, the private Owner’s Suite serves as a peaceful retreat designed with relaxation in mind. This spacious suite features an attached bathroom, a generous walk-in closet, and an enclosed toilet area that adds an extra layer of privacy. Thoughtfully designed throughout, this home blends functional spaces with comfortable living to support both everyday routines and memorable moments. Welcome to your new life in The Bayside!",2,2,,1,1324,324900,,,,,,,,,,,,,,,,1,2,2,,1324,1,324900,,,,,,,,,,,,,"https://media.cheshomes.com/241/2025/12/8/A7300118_cITiGnD.jpg?width=1920&height=1077&fit=bounds&ois=fa5424c,https://media.cheshomes.com/241/2025/12/8/A7300165_11DnFRh.jpg?width=1920&height=1280&fit=bounds&ois=763ec1d,https://media.cheshomes.com/241/2025/12/8/A7300192.jpg?width=1920&height=1280&fit=bounds&ois=44b0265,https://media.cheshomes.com/241/2025/12/8/A7300201.jpg?width=1920&height=1280&fit=bounds&ois=d753c7a,https://media.cheshomes.com/241/2025/12/8/A7300207.jpg?width=1920&height=1280&fit=bounds&ois=da3f3ec,https://media.cheshomes.com/241/2025/12/8/A7300210.jpg?width=1920&height=1280&fit=bounds&ois=5f4279d,https://media.cheshomes.com/241/2025/12/8/A7300204.jpg?width=1920&height=1280&fit=bounds&ois=a20b089,https://media.cheshomes.com/241/2026/2/4/A7300387.jpg?width=1920&height=1280&fit=bounds&ois=3e403a0,https://media.cheshomes.com/241/2026/2/4/A7300384.jpg?width=1920&height=1280&fit=bounds&ois=2c1769b,https://media.cheshomes.com/241/2025/12/8/A7300189.jpg?width=1920&height=1280&fit=bounds&ois=e399421,https://media.cheshomes.com/241/2025/12/8/A7300195.jpg?width=1920&height=1280&fit=bounds&ois=7222203,https://media.cheshomes.com/241/2025/12/8/A7300144_ho3FyAU.JPG?width=1920&height=1280&fit=bounds&ois=6af83cb,https://media.cheshomes.com/241/2026/2/4/A7300360.jpg?width=1920&height=1280&fit=bounds&ois=439faee,https://media.cheshomes.com/241/2025/12/8/A7300133_2v9sgxu.jpg?width=1920&height=1078&fit=bounds&ois=dc08d99,https://media.cheshomes.com/241/2025/12/8/A7300124_0jryy8b.jpg?width=1920&height=987&fit=bounds&ois=2fd0cd9,https://media.cheshomes.com/241/2025/12/8/A7300130_i8V992f.jpg?width=1920&height=984&fit=bounds&ois=48681de"
https://www.cheshomes.com/new-homes/sc/myrtle-beach/waterbridge/7454/1008-gold-dew-way/1713044/,Waterbridge,33.76429999999999,-78.88508927116395,1008 Gold Dew Way,Myrtle Beach,SC,,,Horry County Schools,Move-In Ready,Chesapeake Homes,,,2,,,,,,,https://www.cheshomes.com,"Welcome to

the last of

Waterbridge

A beautiful

gated

community in the popular

Carolina Forest area of Myrtle Beach

! If you're searching for a stunning place to build your new home, filled with fun

amenities

for you and your family, look no further. Living in Waterbridge means living close to nature. With lots of trees and views of the water, you're sure to find the ideal spot to build your dream home. The coastal cottage-style houses and preserved land make this community a charming place that everyone loves.

The key attraction of Waterbridge is its award-winning

resort-style

features

. Grab a friend and

play tennis, pickleball, or basketbal

l. Take a boat out on Palmetto Lake and enjoy a day out on the water. The community also boasts a beautifully crafted clubhouse with a refreshment center and big kitchen, perfect for parties. Get fit at the 24-hour

fitness center

, full of cardio and weight training equipment. Waterbridge also has the

biggest

residential

swimming

pool

in South Carolina, including Olympic-size lanes, a beautifully designed island, a jetted spa, and a

swim-up

bar

! So, pack up because you'll want to spend the whole day here!",,,"Welcome to The Beech, with over 2,000 square feet of living! Enter through the front door from your covered porch to find a foyer with two first-floor bedrooms and a bathroom tucked away. You will find a drop zone to the left, perfect for entering through your garage and tossing your belongings after a long day. The laundry room is perfectly hidden in your drop zone area. Venture through to find a wide-open floor plan in the main living area. The kitchen is complete with a separate island as well as a huge walk-in pantry for all of your storage needs, while the dining and living room creates the perfect space for entertaining, with its prime location near the kitchen. The first-floor Owner's Suite makes this home ideal for main-level living. With included tray ceilings to add a touch of class, this space consists of two closets AND a linen closet to ensure space for all of your items. The Owner's Bath has a beautiful shower with a seat and double bowl vanities to make your time spent in there feel like a day at the spa. When you want to get closer to Mother Nature, look no further than the spacious rear covered porch off of your main living area. Grab a book or a cup of coffee and head out to feel the breeze through your hair! Find out how to make The Beech your new home today!",3,2,,2,2470,579900,,,,,,,,,,,,,,,,2,3,2,,2470,2,579900,,,,,,,,,,,,,"https://media.cheshomes.com/241/2026/4/28/DSC06192.jpg?width=1920&height=1280&fit=bounds&ois=376e262,https://media.cheshomes.com/241/2026/4/28/DSC06185.jpg?width=1920&height=1280&fit=bounds&ois=78cfaf5,https://media.cheshomes.com/241/2026/4/28/DSC06186.jpg?width=1920&height=1280&fit=bounds&ois=4e973b4,https://media.cheshomes.com/241/2026/4/28/DSC06198.jpg?width=1920&height=1280&fit=bounds&ois=58530b9,https://media.cheshomes.com/241/2026/4/28/DSC06204.jpg?width=1920&height=1280&fit=bounds&ois=9ddd961,https://media.cheshomes.com/241/2026/4/28/DSC06201.jpg?width=1920&height=1280&fit=bounds&ois=59b69ea,https://media.cheshomes.com/241/2026/4/28/DSC06207.jpg?width=1920&height=1280&fit=bounds&ois=fafe929,https://media.cheshomes.com/241/2026/4/28/DSC06210.jpg?width=1920&height=1280&fit=bounds&ois=76514dd,https://media.cheshomes.com/241/2026/4/28/DSC06189.jpg?width=1920&height=1280&fit=bounds&ois=c317972,https://media.cheshomes.com/241/2026/4/28/DSC06195.jpg?width=1920&height=1280&fit=bounds&ois=e5dfccc,https://media.cheshomes.com/241/2026/4/28/DSC06162.jpg?width=1920&height=1236&fit=bounds&ois=98f9add,https://media.cheshomes.com/241/2026/4/28/DSC06175.jpg?width=1920&height=1280&fit=bounds&ois=5a1a0d7,https://media.cheshomes.com/241/2026/4/28/DSC06174.jpg?width=1920&height=1280&fit=bounds&ois=15f8de9,https://media.cheshomes.com/241/2026/4/28/DSC06183.jpg?width=1920&height=1280&fit=bounds&ois=3d74abc,https://media.cheshomes.com/241/2026/4/28/DSC06180.jpg?width=1920&height=1280&fit=bounds&ois=4b3c2ce,https://media.cheshomes.com/241/2026/4/28/DSC06219.jpg?width=1920&height=1248&fit=bounds&ois=4f6bf70,https://media.cheshomes.com/241/2026/4/28/DSC06225.jpg?width=1920&height=1280&fit=bounds&ois=ff9ae81,https://media.cheshomes.com/241/2026/4/28/DSC06222.jpg?width=1920&height=1280&fit=bounds&ois=ab845e9,https://media.cheshomes.com/241/2026/4/28/DSC06171.jpg?width=1920&height=1280&fit=bounds&ois=b5663b4,https://media.cheshomes.com/241/2026/4/28/DSC06165.jpg?width=1920&height=1280&fit=bounds&ois=efcd6ed,https://media.cheshomes.com/241/2026/4/28/DSC06216.jpg?width=1920&height=1301&fit=bounds&ois=cc48e78,https://media.cheshomes.com/241/2026/4/28/DSC06153.jpg?width=1920&height=1223&fit=bounds&ois=99f7103"
https://www.cheshomes.com/new-homes/sc/myrtle-beach/traditions-at-carolina-forest/8444/1015-hanwell-drive/1727976/,Traditions at Carolina Forest,33.7468755,-78.8827700,1015 Hanwell Drive,Myrtle Beach,SC,,,Horry County,Quick Move-In,Chesapeake Homes,,,2,,,,,,,https://www.cheshomes.com,"Welcome to Traditions at Carolina Forest

Traditions at Carolina Forest is a single-family home community located in the heart of Myrtle Beach, SC, within the highly sought-after Carolina Forest area. Designed for comfort, connection, and everyday convenience, this community offers a welcoming place to call home—no matter where you are in your homebuying journey.

Blending modern living with classic Southern charm, Traditions provides easy access to everything that makes coastal life so appealing. Residents are just minutes from Myrtle Beach’s beautiful beaches, championship golf courses, popular shopping destinations, local restaurants, and weekend festivals and entertainment. With excellent schools and top-rated medical centers nearby, Traditions at Carolina Forest is ideal for living, working, and enjoying life at every stage.

Community Amenities Designed for Every Lifestyle

Traditions at Carolina Forest offers a mix of amenities that support both active living and laid-back relaxation. Whether you're ready to settle in now or planning for the future, the community provides space to connect, recharge, and enjoy life.

Residents can gather at the beautifully designed clubhouse, featuring stylish indoor spaces perfect for social events, celebrations, or casual get-togethers. The attached fitness center includes modern cardio and strength-training equipment, making it easy to stay active without leaving the neighborhood.

On warm Carolina days, the sparkling community pool offers a refreshing escape with comfortable loungers and shaded areas for relaxing poolside. Families will appreciate the community playground, a safe and engaging space where children can play, explore, and make new friends close to home.

Pet owners will love the dedicated dog park, complete with open space and separate areas for small and large dogs, creating a welcoming environment for both pets and their people. Pickleball courts add another layer of fun and connection, offering opportunities for friendly competition, fitness, and social interaction for all skill levels.

A Connected Community in Carolina Forest

With its central location, everyday amenities, and flexible home options, Traditions at Carolina Forest offers a community designed to fit every stage of life. Whether you’re building, buying, or simply exploring what’s next, Traditions provides the space, comfort, and lifestyle you’ve been looking for.",,,"Introducing the Shorebreak -the ultimate coastal-inspired retreat that combines outdoor living with a beautiful interior. Kick off your shoes, unwind, and get ready for some serious relaxation! With its spacious layout, this shorebreak offers up 3 bedrooms, two bathrooms, and a two-car garage. Enjoy entertaining with ease with your open kitchen, dining, and great room all seamlessly connected. You can even bring the party outside to enjoy your 179 Square Foot rear covered porch!*PHOTOS OF SIMILAR HOME*",3,2,,1,1938,489900,,,,,,,,,,,,,,,,2,3,2,,1938,1,489900,,,,,,,,,,,,,"https://media.cheshomes.com/241/2024/10/22/027_mk7bzR3.jpg?width=1920&height=1279&fit=bounds&ois=de1705c,https://media.cheshomes.com/241/2024/10/22/029_ED3261k.jpg?width=959&height=1440&fit=bounds&ois=ef7816d,https://media.cheshomes.com/241/2024/10/22/023_agM0JpM.jpg?width=1920&height=1279&fit=bounds&ois=b8cb05f,https://media.cheshomes.com/241/2024/10/22/024_aX2pxEe.jpg?width=1920&height=1279&fit=bounds&ois=6b7e986,https://media.cheshomes.com/241/2024/10/22/031.jpg?width=1920&height=1279&fit=bounds&ois=0681da7,https://media.cheshomes.com/241/2024/10/22/032.jpg?width=1920&height=1279&fit=bounds&ois=ae2904a,https://media.cheshomes.com/241/2024/10/22/033_iF9Y16S.jpg?width=1920&height=1279&fit=bounds&ois=021ddcb,https://media.cheshomes.com/241/2024/10/22/034.jpg?width=1920&height=1279&fit=bounds&ois=b15cf28,https://media.cheshomes.com/241/2024/10/22/035_GBB6bN1.jpg?width=1920&height=1279&fit=bounds&ois=5e3e4e2,https://media.cheshomes.com/241/2024/10/22/036_3KjaabX.jpg?width=1920&height=1279&fit=bounds&ois=c4a5a75,https://media.cheshomes.com/241/2024/10/22/037_AIO03t0.jpg?width=1920&height=1279&fit=bounds&ois=7e6ae00,https://media.cheshomes.com/241/2024/10/22/040_l8Cp6tY.jpg?width=1920&height=1279&fit=bounds&ois=d035d94,https://media.cheshomes.com/241/2024/10/22/041_QwFEdOB.jpg?width=1920&height=1279&fit=bounds&ois=ed975bd,https://media.cheshomes.com/241/2024/10/22/042_YTc59Rv.jpg?width=1920&height=1279&fit=bounds&ois=5c316d8,https://media.cheshomes.com/241/2024/10/22/043_MaipniT.jpg?width=1920&height=1279&fit=bounds&ois=294cb5d,https://media.cheshomes.com/241/2024/10/22/044.jpg?width=1920&height=1279&fit=bounds&ois=2f58279,https://media.cheshomes.com/241/2024/10/22/045.jpg?width=1920&height=1279&fit=bounds&ois=28ff529,https://media.cheshomes.com/241/2024/10/22/047_DXnIRSl.jpg?width=1920&height=1279&fit=bounds&ois=1ebccbe,https://media.cheshomes.com/241/2024/10/22/008_sFpCWTT.jpg?width=1920&height=1279&fit=bounds&ois=57ad68b,https://media.cheshomes.com/241/2024/10/23/022-R2.jpg?width=1920&height=1279&fit=bounds&ois=8395369,https://media.cheshomes.com/241/2024/10/22/009_aP6cr2X.jpg?width=1920&height=1279&fit=bounds&ois=4cf4485,https://media.cheshomes.com/241/2024/10/22/010_T4QLK2E.jpg?width=1920&height=1279&fit=bounds&ois=9f4764e,https://media.cheshomes.com/241/2024/10/22/011_Ie0WGTn.jpg?width=1920&height=1279&fit=bounds&ois=dd28478,https://media.cheshomes.com/241/2024/10/22/013.jpg?width=1920&height=1279&fit=bounds&ois=bb55321,https://media.cheshomes.com/241/2024/10/22/015_11DXCFW.jpg?width=1920&height=1279&fit=bounds&ois=c905a54,https://media.cheshomes.com/241/2024/10/22/019.jpg?width=1920&height=1279&fit=bounds&ois=a02abe1,https://media.cheshomes.com/241/2024/10/22/020.jpg?width=1920&height=1279&fit=bounds&ois=f3a0b7e,https://media.cheshomes.com/241/2024/10/22/021.jpg?width=1920&height=1279&fit=bounds&ois=7d58322"
https://www.cheshomes.com/new-homes/sc/little-river/bridgewater-waterside-village/14119/104-avocet-court/164058/,Bridgewater - Waterside Village,33.8767527,-78.6580777,104 Avocet Court,Little River,SC,,,Horry County Schools,Move-In Ready,Chesapeake Homes,,,2,,,,,,,https://www.cheshomes.com,"Welcome to the Final Opportunities in Waterside Village

Outdoor Living and Natural

Beauty Spread out across 530 acres of beautifully crafted landscapes with room to explore and relax

Over 100 acres of scenic lakes with peaceful views

Private kayak launch for calm mornings

Paved walking trails woven through the neighborhood

Community and Lifestyle

A 5,000 sq. ft. clubhouse serving as the hub for gatherings, events, and connection

Onsite Lifestyle Coordinator and a resident-led social committee

Community garden offering a shared space to plant and connect

Outdoor fire pits for cozy evenings

Active Living and Recreation

Fully equipped fitness center just steps from home Resort-style pool with plenty of lounge space to relax

Pickleball and Bocce courts for friendly competition

For Your Four-Legged Friends

Dog parks with separate areas for small and large breeds.

At Shorehaven Village, you'll find a lifestyle designed to fit every stage of life.",,,"Walk into the Goldenrod with over 2,100 square feet of first-floor coastal-inspired features. Upon entering from a large covered front porch, discover a foyer with a tray ceiling leading to a spacious wide-open living area. Two bedrooms with large closets and a full bath are located on the left with an open dining area just ahead. An intricate coffer ceiling gives great detail to the dining area. A large, gourmet island in the kitchen offers additional seating and a surplus of counter space for large dinner parties or cooking large meals. Enjoy smaller meals with an extended breakfast area looking out onto the beautiful view of your backyard. From the great room, breeze through sliding glass doors onto a large covered porch. The Goldenrod’s owner's suite offers an enormous walk-in closet accompanied by a beautiful owner's bath with a deluxe seated shower. This home offers a second floor with a spacious loft area. Make the Goldenrod the model you call “home” today!",3,2,,1,2189,619900,,,,,,,,,,,,,,,,2,3,2,,2189,1,619900,,,,,,,,,,,,,"https://media.cheshomes.com/241/2026/4/2/DSC04601.jpg?width=1920&height=1279&fit=bounds&ois=bae51d7,https://media.cheshomes.com/241/2026/4/2/DSC04596.jpg?width=1920&height=1280&fit=bounds&ois=7fc8e8d,https://media.cheshomes.com/241/2026/4/2/DSC04590.jpg?width=1920&height=1280&fit=bounds&ois=6e9267f,https://media.cheshomes.com/241/2026/4/2/DSC04613.jpg?width=1920&height=1280&fit=bounds&ois=2a0fadb,https://media.cheshomes.com/241/2026/4/2/DSC04614.jpg?width=1920&height=1280&fit=bounds&ois=7bef0b8,https://media.cheshomes.com/241/2026/4/2/DSC04619.jpg?width=1920&height=1280&fit=bounds&ois=1850212,https://media.cheshomes.com/241/2026/4/2/DSC04620.jpg?width=1920&height=1280&fit=bounds&ois=a7790b1,https://media.cheshomes.com/241/2026/4/2/DSC04623.jpg?width=1920&height=1280&fit=bounds&ois=16d7b86,https://media.cheshomes.com/241/2026/4/2/DSC04583.jpg?width=1920&height=1280&fit=bounds&ois=c793af7,https://media.cheshomes.com/241/2026/4/2/DSC04575.jpg?width=1920&height=1280&fit=bounds&ois=145a180,https://media.cheshomes.com/241/2026/4/2/DSC04580.jpg?width=1920&height=1280&fit=bounds&ois=178fdc7,https://media.cheshomes.com/241/2026/4/2/DSC04595.jpg?width=1920&height=1279&fit=bounds&ois=8bd0a39,https://media.cheshomes.com/241/2026/4/2/DSC04608.jpg?width=1920&height=1280&fit=bounds&ois=daf8fdc,https://media.cheshomes.com/241/2026/4/2/DSC04605.jpg?width=1920&height=1280&fit=bounds&ois=2641f47,https://media.cheshomes.com/241/2026/4/2/DSC04589.jpg?width=1920&height=1279&fit=bounds&ois=2a1ac69,https://media.cheshomes.com/241/2026/4/2/DSC04586.jpg?width=1920&height=1280&fit=bounds&ois=ec5ebed,https://media.cheshomes.com/241/2026/4/2/DSC04556.jpg?width=1920&height=1280&fit=bounds&ois=e6cd90f,https://media.cheshomes.com/241/2026/4/2/DSC04559.jpg?width=1920&height=1280&fit=bounds&ois=51aa41c,https://media.cheshomes.com/241/2026/4/2/DSC04550.jpg?width=1920&height=1280&fit=bounds&ois=e2fdf0a,https://media.cheshomes.com/241/2026/4/2/DSC04553.jpg?width=1920&height=1280&fit=bounds&ois=14d9078,https://media.cheshomes.com/241/2026/4/2/DSC04571.jpg?width=1920&height=1279&fit=bounds&ois=10265f5,https://media.cheshomes.com/241/2026/4/2/DSC04574.jpg?width=1920&height=1280&fit=bounds&ois=a6b17e7,https://media.cheshomes.com/241/2026/4/2/DSC04568.jpg?width=1920&height=1280&fit=bounds&ois=86a24bd,https://media.cheshomes.com/241/2026/4/2/DSC04562.jpg?width=1920&height=1279&fit=bounds&ois=e2040f8,https://media.cheshomes.com/241/2026/4/2/DSC04565.jpg?width=1920&height=1279&fit=bounds&ois=8317f1b,https://media.cheshomes.com/241/2026/4/2/DSC04624b.jpg?width=1920&height=1279&fit=bounds&ois=ffd188d,https://media.cheshomes.com/241/2026/4/2/DSC04548.jpg?width=1920&height=1162&fit=bounds&ois=19b88f2,https://media.cheshomes.com/241/2026/4/2/DSC04625_3b.jpg?width=1920&height=1138&fit=bounds&ois=f561f72"
https://www.cheshomes.com/new-homes/nc/angier/neills-pointe/11915/116-brooklynn-trail-court/1716648/,Neill's Pointe,35.5085174671732,-78.75939807605744,116 Brooklynn Trail Court,Angier,NC,,,,,Chesapeake Homes,,,2,,,,,,,https://www.cheshomes.com,"Discover a different pace of living at

Neill's Pointe

, a community of

new single-family homes in Angier, NC

, where comfort, space, and natural beauty come together. Crafted by Chesapeake Homes, each home is designed with

modern features

and

intentional layouts

that complement the surrounding landscape while supporting the way you live every day. With eight available floor plans starting from

1,900+ square feet

, Neill's Pointe offers the flexibility to find a home that fits your lifestyle. Enjoy the ease of

small-town living

with the

convenience

of homes near Raleigh, NC, just 23 miles from

Downtown Raleigh

.

Surrounded by

local charm

, life in Angier, NC, invites you to get out and explore. Pick fresh berries at

Dr. Young's Pond Berry Farm

, unwind with a tasting at

Gregory Vineyard

, or enjoy the outdoors at Jack Markley Park. Seasonal events like the Crepe Myrtle Festival bring

energy to the area

, while Downtown Angier offers a welcoming atmosphere filled with local character and Southern hospitality.

Find your place at Neill's Pointe, where new homes in Angier, NC, offer the perfect balance of

comfort, convenience, and connection to nature

. Explore available homesites, choose your floorplan, and start your next chapter just minutes from Raleigh.",,,"These 2,667 square feet of space are for any family on the go during the week and for those who love to lounge on the weekends. The Concerto plan offers a spacious lifestyle with the option of four bedrooms, one being on the first floor. The open-concept kitchen and great room create an extensive floor plan broken up with a kitchen island and breakfast nook. Plus, with patio access connected, who says you can’t enjoy your morning coffee outside? Once you head upstairs, you will find a vast loft area. It’s the perfect spot for that media room, playroom, or workout spot you have been looking for. You even have the option to turn the loft into a fifth bedroom. After a long day, you will feel like you are living a life of luxury once you step into the Owner’s Suite. With an upscale L-shaped walk-in closet and a double sink vanity, your daily routines will no longer become a hassle. On top of all of that, two generously sized bedrooms and a full bath are located on this floor. The Concerto is for anyone who wants to live in a home that makes you say “Ahhhhhhhh” on a Friday night in.",4,3,,2,2667,399900,,,,,,,,,,,,,,,,2,4,3,,2667,2,399900,,,,,,,,,,,,,"https://media.cheshomes.com/241/2026/2/3/206_exterior_KeRO4CB.jpg?width=1761&height=1057&fit=bounds&b=f23f067&ois=1d04eb2,https://media.cheshomes.com/241/2026/2/3/4-web-or-mls-DJI_20260128132810_0743_D.jpg?width=1920&height=1080&fit=bounds&ois=2c82849,https://media.cheshomes.com/241/2026/2/3/5-web-or-mls-DJI_20260128132827_0745_D.jpg?width=1920&height=1080&fit=bounds&ois=f55cd27,https://media.cheshomes.com/241/2026/2/3/24-web-or-mls-VB4A6126.jpg?width=1920&height=1279&fit=bounds&ois=4f9a088,https://media.cheshomes.com/241/2026/2/3/22-web-or-mls-VB4A6120.jpg?width=1920&height=1279&fit=bounds&ois=344b72f,https://media.cheshomes.com/241/2026/2/3/25-web-or-mls-VB4A6129.jpg?width=1920&height=1279&fit=bounds&ois=18b90aa,https://media.cheshomes.com/241/2026/2/3/26-web-or-mls-VB4A6132_VLOnpWY.jpg?width=1920&height=1279&fit=bounds&ois=f04493a,https://media.cheshomes.com/241/2026/2/3/23-web-or-mls-VB4A6123.jpg?width=1920&height=1279&fit=bounds&ois=8e466a0,https://media.cheshomes.com/241/2026/2/3/29-web-or-mls-VB4A6147_waViwj2.jpg?width=1920&height=1279&fit=bounds&ois=6bdc82f,https://media.cheshomes.com/241/2026/2/3/28-web-or-mls-VB4A6141.jpg?width=1920&height=1279&fit=bounds&ois=88f2aae,https://media.cheshomes.com/241/2026/2/3/30-web-or-mls-VB4A6153.jpg?width=1920&height=1279&fit=bounds&ois=0990371,https://media.cheshomes.com/241/2026/2/3/37-web-or-mls-VB4A6183.jpg?width=1920&height=1279&fit=bounds&ois=8f4adbb,https://media.cheshomes.com/241/2026/2/3/38-web-or-mls-VB4A6186.jpg?width=1920&height=1279&fit=bounds&ois=eb77b8d,https://media.cheshomes.com/241/2026/2/3/39-web-or-mls-VB4A6189.jpg?width=1920&height=1279&fit=bounds&ois=023f966,https://media.cheshomes.com/241/2026/2/3/40-web-or-mls-VB4A6192_8QAHaYs.jpg?width=1920&height=1279&fit=bounds&ois=d6772fa,https://media.cheshomes.com/241/2026/2/3/41-web-or-mls-VB4A6195.jpg?width=1920&height=1279&fit=bounds&ois=98ada26,https://media.cheshomes.com/241/2026/2/3/42-web-or-mls-VB4A6198.jpg?width=1920&height=1279&fit=bounds&ois=c80ce12,https://media.cheshomes.com/241/2026/2/3/43-web-or-mls-VB4A6201.jpg?width=1920&height=1279&fit=bounds&ois=dc1f76e,https://media.cheshomes.com/241/2026/2/3/20-web-or-mls-VB4A6108.jpg?width=1920&height=1279&fit=bounds&ois=74c848e,https://media.cheshomes.com/241/2026/2/3/19-web-or-mls-VB4A6102.jpg?width=1920&height=1279&fit=bounds&ois=b16ae8f,https://media.cheshomes.com/241/2026/2/3/21-web-or-mls-VB4A6114.jpg?width=1920&height=1279&fit=bounds&ois=2a897c1,https://media.cheshomes.com/241/2026/2/3/32-web-or-mls-VB4A6162.jpg?width=1920&height=1279&fit=bounds&ois=1c3f8f6,https://media.cheshomes.com/241/2026/2/3/33-web-or-mls-VB4A6165.jpg?width=1920&height=1279&fit=bounds&ois=8d1422c,https://media.cheshomes.com/241/2026/2/3/31-web-or-mls-VB4A6159.jpg?width=1920&height=1279&fit=bounds&ois=b162eea,https://media.cheshomes.com/241/2026/2/3/34-web-or-mls-VB4A6168.jpg?width=1920&height=1279&fit=bounds&ois=dacd486,https://media.cheshomes.com/241/2026/2/3/35-web-or-mls-VB4A6174.jpg?width=1920&height=1279&fit=bounds&ois=7bb199a,https://media.cheshomes.com/241/2026/2/3/44-web-or-mls-VB4A6204.jpg?width=1920&height=1279&fit=bounds&ois=3b80cf9,https://media.cheshomes.com/241/2026/2/3/45-web-or-mls-VB4A6210.jpg?width=1920&height=1279&fit=bounds&ois=59fafbd,https://media.cheshomes.com/241/2026/2/3/46-web-or-mls-VB4A6219.jpg?width=1920&height=1279&fit=bounds&ois=efd696d,https://media.cheshomes.com/241/2026/2/3/47-web-or-mls-VB4A6222.jpg?width=1920&height=1279&fit=bounds&ois=4039ad9,https://media.cheshomes.com/241/2026/2/3/48-web-or-mls-VB4A6225.jpg?width=1920&height=1279&fit=bounds&ois=b01d538,https://media.cheshomes.com/241/2026/2/3/36-web-or-mls-VB4A6177.jpg?width=1920&height=1279&fit=bounds&ois=a5d90fd,https://media.cheshomes.com/241/2026/2/3/16-web-or-mls-DJI_20260128133331_0762_D.jpg?width=1920&height=1080&fit=bounds&ois=96133a7,https://media.cheshomes.com/241/2026/2/3/17-web-or-mls-DJI_20260128133357_0764_D.jpg?width=1920&height=1080&fit=bounds&ois=7751c15,https://media.cheshomes.com/241/2026/2/3/13-web-or-mls-DJI_20260128133220_0759_D.jpg?width=1920&height=1080&fit=bounds&ois=49bf21f,https://media.cheshomes.com/241/2026/2/3/9-web-or-mls-DJI_20260128133045_0755_D.jpg?width=1920&height=1080&fit=bounds&ois=39f1457,https://media.cheshomes.com/241/2026/2/3/7-web-or-mls-DJI_20260128133004_0751_D.jpg?width=1920&height=1080&fit=bounds&ois=24987b7,https://media.cheshomes.com/241/2026/2/3/2-web-or-mls-DJI_20260128132725_0741_D.jpg?width=1920&height=1080&fit=bounds&ois=a9bad29"
https://www.cheshomes.com/new-homes/nc/calabash/coastal-club-of-the-carolinas/14279/1184-halter-place/1669446/,Coastal Club of the Carolinas,33.91879507071243,-78.60728170928272,1184 Halter Place,Calabash,NC,,,,,Chesapeake Homes,,,2,,,,,,,https://www.cheshomes.com,"Welcome to

Coastal Club of the Carolinas

Where laid-back living meets everyday adventure at

Coastal Club of the Carolinas in Calabash, NC

. Just minutes from the soft sands of

Cherry Grove Beach

and

Sunset Beach

, this vibrant coastal community was designed for those who want more out of life — more sunshine, more connection, more fun. Enjoy the

resort-style pool

, playing a friendly match of

pickleball

, or gathering with neighbors around the

firepits

, you’ll feel right at home. Kids and pups can run free at the

playgrounds

dog park

, while

green spaces,

a

community garden

, and a

central park area

set the scene for picnics, evening strolls, or even outdoor concerts under the stars.

Beyond your doorstep, you’ll find endless options for shopping, dining, and entertainment — all just a quick drive away. And with Chesapeake Homes offering a variety of stylish, functional floorplans built to fit your lifestyle, it’s easy to settle into a home that feels just right.

At Coastal Club, it’s not just a place to live —

it’s a coastal lifestyle you’ll love.",,,*PHOTOS OF SIMILAR HOME*,2,2,,,1672,398900,,,,,,,,,,,,,,,,2,2,2,,1672,,398900,,,,,,,,,,,,,https://media.cheshomes.com/241/2024/12/20/exterior_image_12.jpg?width=1800&height=1200&fit=bounds&ois=352ee95
https://www.cheshomes.com/new-homes/nc/calabash/coastal-club-of-the-carolinas/14279/1188-halter-place/1669447/,Coastal Club of the Carolinas,33.92031977187664,-78.6072486717241,1188 Halter Place,Calabash,NC,,,,Move-In Ready,Chesapeake Homes,,,2,,,,,,,https://www.cheshomes.com,"Welcome to

Coastal Club of the Carolinas

Where laid-back living meets everyday adventure at

Coastal Club of the Carolinas in Calabash, NC

. Just minutes from the soft sands of

Cherry Grove Beach

and

Sunset Beach

, this vibrant coastal community was designed for those who want more out of life — more sunshine, more connection, more fun. Enjoy the

resort-style pool

, playing a friendly match of

pickleball

, or gathering with neighbors around the

firepits

, you’ll feel right at home. Kids and pups can run free at the

playgrounds

dog park

, while

green spaces,

a

community garden

, and a

central park area

set the scene for picnics, evening strolls, or even outdoor concerts under the stars.

Beyond your doorstep, you’ll find endless options for shopping, dining, and entertainment — all just a quick drive away. And with Chesapeake Homes offering a variety of stylish, functional floorplans built to fit your lifestyle, it’s easy to settle into a home that feels just right.

At Coastal Club, it’s not just a place to live —

it’s a coastal lifestyle you’ll love.",,,"Open-concept living isn’t just a concept with The Shorebreak! Every foot of the 1,940 square feet is used to enhance your lifestyle, while also giving you the joy of the great outdoors. A beautiful island separates the kitchen from the open casual dining room and great room.The roomy Owner’s Suite is already fitted with tray ceilings, a double sink vanity in the bathroom, and a long walk-in closet with a deluxe bathroom that includes having both a tub and a standing shower. If you are not sold on the Shorebreak yet, we can’t let you go before you hear about the vast covered back porch connected to a patio.Perfect for sitting back and enjoying an evening sunset or hosting a party with your new neighbors.This versatile plan is a great option for any family who loves the time they spend inside as much as they do outside.",3,2,,1,1938,424900,,,,,,,,,,,,,,,,2,3,2,,1938,1,424900,,,,,,,,,,,,,"https://media.cheshomes.com/241/2026/2/18/A7300051.jpg?width=1920&height=1280&fit=bounds&ois=933f938,https://media.cheshomes.com/241/2026/2/18/A7300057.jpg?width=1920&height=1280&fit=bounds&ois=bdf7a1c,https://media.cheshomes.com/241/2026/2/18/A7300045.jpg?width=1920&height=1280&fit=bounds&ois=c980399,https://media.cheshomes.com/241/2026/2/18/A7300042.jpg?width=1920&height=1280&fit=bounds&ois=4f29737,https://media.cheshomes.com/241/2026/2/18/A7300063.jpg?width=1920&height=1280&fit=bounds&ois=6beca7f,https://media.cheshomes.com/241/2026/2/18/A7300066.jpg?width=1920&height=1280&fit=bounds&ois=0f30c93,https://media.cheshomes.com/241/2026/2/18/A7300069.jpg?width=1920&height=1280&fit=bounds&ois=abd1c41,https://media.cheshomes.com/241/2026/2/18/A7300072.jpg?width=1920&height=1280&fit=bounds&ois=97764db,https://media.cheshomes.com/241/2026/2/18/A7300036.jpg?width=1920&height=1280&fit=bounds&ois=b87bcfb,https://media.cheshomes.com/241/2026/2/18/A7300015.jpg?width=1920&height=1280&fit=bounds&ois=78bc239,https://media.cheshomes.com/241/2026/2/18/A7300027.jpg?width=1920&height=1280&fit=bounds&ois=a19b8b6,https://media.cheshomes.com/241/2026/2/18/A7300033.jpg?width=1920&height=1280&fit=bounds&ois=fd0260f,https://media.cheshomes.com/241/2026/2/18/A7300024.jpg?width=1920&height=1280&fit=bounds&ois=ec58b92,https://media.cheshomes.com/241/2026/2/18/A7300012.jpg?width=1920&height=1280&fit=bounds&ois=1803ef6,https://media.cheshomes.com/241/2026/2/18/A7300021.jpg?width=1920&height=1280&fit=bounds&ois=5e77994,https://media.cheshomes.com/241/2026/2/18/A7300018.jpg?width=1920&height=1280&fit=bounds&ois=6cd910b,https://media.cheshomes.com/241/2026/2/18/A7300030.jpg?width=1920&height=1280&fit=bounds&ois=01c4196,https://media.cheshomes.com/241/2026/2/18/A7300048.jpg?width=1920&height=1099&fit=bounds&ois=71f4811"
https://www.cheshomes.com/new-homes/nc/calabash/coastal-club-of-the-carolinas/14279/1196-halter-place/1669829/,Coastal Club of the Carolinas,33.91995424563385,-78.60773366150173,1196 Halter Place,Calabash,NC,,,,Move-In Ready,Chesapeake Homes,,,2,,,,,,,https://www.cheshomes.com,"Welcome to

Coastal Club of the Carolinas

Where laid-back living meets everyday adventure at

Coastal Club of the Carolinas in Calabash, NC

. Just minutes from the soft sands of

Cherry Grove Beach

and

Sunset Beach

, this vibrant coastal community was designed for those who want more out of life — more sunshine, more connection, more fun. Enjoy the

resort-style pool

, playing a friendly match of

pickleball

, or gathering with neighbors around the

firepits

, you’ll feel right at home. Kids and pups can run free at the

playgrounds

dog park

, while

green spaces,

a

community garden

, and a

central park area

set the scene for picnics, evening strolls, or even outdoor concerts under the stars.

Beyond your doorstep, you’ll find endless options for shopping, dining, and entertainment — all just a quick drive away. And with Chesapeake Homes offering a variety of stylish, functional floorplans built to fit your lifestyle, it’s easy to settle into a home that feels just right.

At Coastal Club, it’s not just a place to live —

it’s a coastal lifestyle you’ll love.",,,"Stroll into the Boardwalk with nearly 2,100 square feet of first-floor coastal-inspired features. Upon entering from a large covered front porch, discover a foyer with a tray ceiling leading to a spacious drop zone area. Two bedrooms with large closets and a full bath are located on the left with an open dining area just ahead. Host guests in the dining room with an intricate coffered ceiling.A large, gourmet island in the kitchen offers additional seating and a surplus of counter space for large dinner parties or cooking large meals. Enjoy smaller meals with a breakfast area looking out onto the beautiful view of your backyard. From the great room, breeze through sliding glass doors onto a large covered porch to enjoy those coastal evenings. The Boardwalk’s master suite offers an enormous walk-in closet accompanied by a beautiful master bath with a deluxe seated shower.Make this home yours, today!",3,2,,1,2189,459900,,,,,,,,,,,,,,,,2,3,2,,2189,1,459900,,,,,,,,,,,,,"https://media.cheshomes.com/241/2026/2/19/A7300123.jpg?width=1920&height=1280&fit=bounds&ois=6a915f0,https://media.cheshomes.com/241/2026/2/19/A7300120.jpg?width=1920&height=1280&fit=bounds&ois=4b04d72,https://media.cheshomes.com/241/2026/4/22/A7300117_1.jpg?width=1920&height=1280&fit=bounds&ois=3f78d60,https://media.cheshomes.com/241/2026/4/22/A7300126.jpg?width=1920&height=1280&fit=bounds&ois=3c26d57,https://media.cheshomes.com/241/2026/2/19/A7300111.jpg?width=1920&height=1280&fit=bounds&ois=9218df5,https://media.cheshomes.com/241/2026/4/22/A7300114_2.jpg?width=1920&height=1280&fit=bounds&ois=2ade50a,https://media.cheshomes.com/241/2026/2/19/A7300129.jpg?width=1920&height=1280&fit=bounds&ois=d6bb755,https://media.cheshomes.com/241/2026/2/19/A7300132.jpg?width=1920&height=1280&fit=bounds&ois=f50e2f0,https://media.cheshomes.com/241/2026/2/19/A7300138.jpg?width=1920&height=1280&fit=bounds&ois=d48e7bb,https://media.cheshomes.com/241/2026/2/19/A7300135.jpg?width=1920&height=1280&fit=bounds&ois=3a0ada5,https://media.cheshomes.com/241/2026/2/19/A7300108.jpg?width=1920&height=1280&fit=bounds&ois=ae69124,https://media.cheshomes.com/241/2026/2/19/A7300105.jpg?width=1920&height=1280&fit=bounds&ois=7c8e2f0,https://media.cheshomes.com/241/2026/2/19/A7300099.jpg?width=1920&height=1280&fit=bounds&ois=65ca5df,https://media.cheshomes.com/241/2026/2/19/A7300102.jpg?width=1920&height=1280&fit=bounds&ois=f9b8db0,https://media.cheshomes.com/241/2026/2/19/A7300096.jpg?width=1920&height=1280&fit=bounds&ois=0e2f1d7,https://media.cheshomes.com/241/2026/2/19/A7300093.jpg?width=1920&height=1280&fit=bounds&ois=6f1efa4,https://media.cheshomes.com/241/2026/2/19/A7300087.jpg?width=1920&height=1280&fit=bounds&ois=0296b2b,https://media.cheshomes.com/241/2026/2/19/A7300090.jpg?width=1920&height=1280&fit=bounds&ois=401e359,https://media.cheshomes.com/241/2026/2/19/A7300081.jpg?width=1920&height=1287&fit=bounds&ois=d71d3b6,https://media.cheshomes.com/241/2026/2/19/A7300078.jpg?width=1920&height=1205&fit=bounds&ois=d9ada94,https://media.cheshomes.com/241/2026/2/19/A7300141.jpg?width=1920&height=1165&fit=bounds&ois=de6e240"
https://www.cheshomes.com/new-homes/sc/myrtle-beach/traditions-at-carolina-forest/8444/1211-saxon-court/1713960/,Traditions at Carolina Forest,33.7450890,-78.8795970,1211 Saxon Court,Myrtle Beach,SC,,,Horry County,,Chesapeake Homes,,,2,,,,,,,https://www.cheshomes.com,"Welcome to Traditions at Carolina Forest

Traditions at Carolina Forest is a single-family home community located in the heart of Myrtle Beach, SC, within the highly sought-after Carolina Forest area. Designed for comfort, connection, and everyday convenience, this community offers a welcoming place to call home—no matter where you are in your homebuying journey.

Blending modern living with classic Southern charm, Traditions provides easy access to everything that makes coastal life so appealing. Residents are just minutes from Myrtle Beach’s beautiful beaches, championship golf courses, popular shopping destinations, local restaurants, and weekend festivals and entertainment. With excellent schools and top-rated medical centers nearby, Traditions at Carolina Forest is ideal for living, working, and enjoying life at every stage.

Community Amenities Designed for Every Lifestyle

Traditions at Carolina Forest offers a mix of amenities that support both active living and laid-back relaxation. Whether you're ready to settle in now or planning for the future, the community provides space to connect, recharge, and enjoy life.

Residents can gather at the beautifully designed clubhouse, featuring stylish indoor spaces perfect for social events, celebrations, or casual get-togethers. The attached fitness center includes modern cardio and strength-training equipment, making it easy to stay active without leaving the neighborhood.

On warm Carolina days, the sparkling community pool offers a refreshing escape with comfortable loungers and shaded areas for relaxing poolside. Families will appreciate the community playground, a safe and engaging space where children can play, explore, and make new friends close to home.

Pet owners will love the dedicated dog park, complete with open space and separate areas for small and large dogs, creating a welcoming environment for both pets and their people. Pickleball courts add another layer of fun and connection, offering opportunities for friendly competition, fitness, and social interaction for all skill levels.

A Connected Community in Carolina Forest

With its central location, everyday amenities, and flexible home options, Traditions at Carolina Forest offers a community designed to fit every stage of life. Whether you’re building, buying, or simply exploring what’s next, Traditions provides the space, comfort, and lifestyle you’ve been looking for.",,,"With 1,932 square feet of living space, the Hibiscus is one of the largest of the Villas and offers several options that hold beauty and utility in high regard. Upon entering the home, you’ll be greeted by the double-height foyer which leads you to the wide-open downstairs living space. The open concept layout and large, 7’ kitchen island lends itself to always being the home’s gathering place. When you’re ready to get outside, enjoy the ocean air while relaxing on your patio or rear-covered porch. On one of those rare chilly evenings, you have the optional gas fireplace that can only enhance the great room’s coziness. Upstairs, you will find two bedrooms, a full bathroom, and an open loft. The Hibiscus is perfect for your family or a revolving door of visitors who can’t wait to enjoy coastal living with you.*PHOTOS OF SIMILAR HOME*",3,2,1,2,1932,,,,,,,,,,,,,,,,,2,3,2,1,1932,2,,,,,,,,,,,,,,"https://media.cheshomes.com/241/2025/12/18/DSC06276.jpg?width=1920&height=1280&fit=bounds&ois=693bcf1,https://media.cheshomes.com/241/2025/9/4/DSC06276.jpg?width=1920&height=1280&fit=bounds&ois=11ed251,https://media.cheshomes.com/241/2025/9/4/DSC06256.jpg?width=1920&height=1280&fit=bounds&ois=909b12b,https://media.cheshomes.com/241/2025/9/4/DSC06291.jpg?width=1920&height=1280&fit=bounds&ois=31df77d,https://media.cheshomes.com/241/2025/9/4/DSC06264.jpg?width=1920&height=1280&fit=bounds&ois=3ce21de,https://media.cheshomes.com/241/2025/9/4/DSC06351.jpg?width=1920&height=1280&fit=bounds&ois=e8e00da,https://media.cheshomes.com/241/2025/9/4/DSC06269.jpg?width=1920&height=1280&fit=bounds&ois=f3b8629,https://media.cheshomes.com/241/2025/9/4/DSC06391.jpg?width=1920&height=1280&fit=bounds&ois=4d9d965,https://media.cheshomes.com/241/2025/9/4/DSC06371.jpg?width=1920&height=1345&fit=bounds&ois=e910fcd,https://media.cheshomes.com/241/2025/9/4/DSC06301.jpg?width=1920&height=1280&fit=bounds&ois=3256b2f,https://media.cheshomes.com/241/2025/9/4/DSC06376.jpg?width=1920&height=1345&fit=bounds&ois=415e9ea,https://media.cheshomes.com/241/2025/9/4/DSC06346.jpg?width=1920&height=1280&fit=bounds&ois=8bf295f,https://media.cheshomes.com/241/2025/9/4/DSC06336.jpg?width=1920&height=1280&fit=bounds&ois=2b597ed,https://media.cheshomes.com/241/2025/9/4/DSC06249.jpg?width=1920&height=1280&fit=bounds&ois=546fb3e,https://media.cheshomes.com/241/2025/9/4/dsc06505_1.jpg?width=1920&height=1440&fit=bounds&ois=a39b7bf,https://media.cheshomes.com/241/2025/9/4/dsc06505_2.jpg?width=1920&height=1440&fit=bounds&ois=0a9db54,https://media.cheshomes.com/241/2025/9/4/exterior_image_4.jpg?width=1800&height=1200&fit=bounds&ois=af6aa63"
https://www.cheshomes.com/new-homes/nc/calabash/coastal-club-of-the-carolinas/14279/1216-halter-place/1669432/,Coastal Club of the Carolinas,33.919681643036924,-78.60660292919526,1216 Halter Place,Calabash,NC,,,,,Chesapeake Homes,,,2,,,,,,,https://www.cheshomes.com,"Welcome to

Coastal Club of the Carolinas

Where laid-back living meets everyday adventure at

Coastal Club of the Carolinas in Calabash, NC

. Just minutes from the soft sands of

Cherry Grove Beach

and

Sunset Beach

, this vibrant coastal community was designed for those who want more out of life — more sunshine, more connection, more fun. Enjoy the

resort-style pool

, playing a friendly match of

pickleball

, or gathering with neighbors around the

firepits

, you’ll feel right at home. Kids and pups can run free at the

playgrounds

dog park

, while

green spaces,

a

community garden

, and a

central park area

set the scene for picnics, evening strolls, or even outdoor concerts under the stars.

Beyond your doorstep, you’ll find endless options for shopping, dining, and entertainment — all just a quick drive away. And with Chesapeake Homes offering a variety of stylish, functional floorplans built to fit your lifestyle, it’s easy to settle into a home that feels just right.

At Coastal Club, it’s not just a place to live —

it’s a coastal lifestyle you’ll love.",,,*PHOTOS OF SIMILAR HOME*,3,2,,1,2189,514900,,,,,,,,,,,,,,,,2,3,2,,2189,1,514900,,,,,,,,,,,,,https://media.cheshomes.com/241/2024/12/20/exterior_image_7.jpg?width=900&height=600&fit=bounds&ois=15b565c
https://www.cheshomes.com/new-homes/nc/calabash/coastal-club-of-the-carolinas/14279/1238-halter-place/1720945/,Coastal Club of the Carolinas,,,1238 Halter Place,Calabash,NC,,,,Move-In Ready,Chesapeake Homes,,,2,,,,,,,https://www.cheshomes.com,"Welcome to

Coastal Club of the Carolinas

Where laid-back living meets everyday adventure at

Coastal Club of the Carolinas in Calabash, NC

. Just minutes from the soft sands of

Cherry Grove Beach

and

Sunset Beach

, this vibrant coastal community was designed for those who want more out of life — more sunshine, more connection, more fun. Enjoy the

resort-style pool

, playing a friendly match of

pickleball

, or gathering with neighbors around the

firepits

, you’ll feel right at home. Kids and pups can run free at the

playgrounds

dog park

, while

green spaces,

a

community garden

, and a

central park area

set the scene for picnics, evening strolls, or even outdoor concerts under the stars.

Beyond your doorstep, you’ll find endless options for shopping, dining, and entertainment — all just a quick drive away. And with Chesapeake Homes offering a variety of stylish, functional floorplans built to fit your lifestyle, it’s easy to settle into a home that feels just right.

At Coastal Club, it’s not just a place to live —

it’s a coastal lifestyle you’ll love.",,,"Stroll into the Seashore with 2,336 square feet of first-floor coastal-inspired features.Upon entering from a large covered front porch, discover a foyer leading to a spacious drop zone area. Two bedrooms with large closets and a full bath are located on the left with an open dining area just ahead. A large, gourmet island in the kitchen offers additional seating and a surplus of counter space for large dinner parties or cooking large meals. The Seashore owner's suite offers an enormous walk-in closet accompanied by a beautiful owner's bath with a deluxe seated shower.Make this home yours, today!",3,2,,1,2336,514900,,,,,,,,,,,,,,,,2,3,2,,2336,1,514900,,,,,,,,,,,,,"https://media.cheshomes.com/241/2026/2/9/A7300352.jpg?width=1920&height=1280&fit=bounds&ois=11377ca,https://media.cheshomes.com/241/2026/2/9/A7300357.jpg?width=1920&height=1280&fit=bounds&ois=32f960b,https://media.cheshomes.com/241/2026/2/9/A7300345.jpg?width=1920&height=1280&fit=bounds&ois=9efedde,https://media.cheshomes.com/241/2026/2/9/A7300360.jpg?width=1920&height=1280&fit=bounds&ois=c6a0741,https://media.cheshomes.com/241/2026/2/9/A7300351.jpg?width=1920&height=1280&fit=bounds&ois=dbb5c66,https://media.cheshomes.com/241/2026/2/9/A7300348.jpg?width=1920&height=1280&fit=bounds&ois=42fb081,https://media.cheshomes.com/241/2026/2/9/A7300366.jpg?width=1920&height=1280&fit=bounds&ois=f58486b,https://media.cheshomes.com/241/2026/2/9/A7300369.jpg?width=1920&height=1280&fit=bounds&ois=9c8a9e4,https://media.cheshomes.com/241/2026/2/9/A7300375.jpg?width=1920&height=1280&fit=bounds&ois=e58976b,https://media.cheshomes.com/241/2026/2/9/A7300372.jpg?width=1920&height=1280&fit=bounds&ois=d498eef,https://media.cheshomes.com/241/2026/2/9/A7300342.jpg?width=1920&height=1280&fit=bounds&ois=dda1938,https://media.cheshomes.com/241/2026/2/9/A7300339.jpg?width=1920&height=1280&fit=bounds&ois=ac202e9,https://media.cheshomes.com/241/2026/2/9/A7300336.jpg?width=1920&height=1280&fit=bounds&ois=0dae892,https://media.cheshomes.com/241/2026/2/9/A7300333.jpg?width=1920&height=1280&fit=bounds&ois=388e595,https://media.cheshomes.com/241/2026/2/9/A7300325.jpg?width=1920&height=1280&fit=bounds&ois=26322c2,https://media.cheshomes.com/241/2026/2/9/A7300324.jpg?width=1920&height=1280&fit=bounds&ois=9a70cbb,https://media.cheshomes.com/241/2026/2/9/Tiny_Bathroom.jpg?width=1920&height=887&fit=bounds&ois=a9473ee,https://media.cheshomes.com/241/2026/2/9/A7300318.jpg?width=1920&height=1280&fit=bounds&ois=6799aa6,https://media.cheshomes.com/241/2026/2/9/A7300321.jpg?width=1920&height=1280&fit=bounds&ois=7bbc667,https://media.cheshomes.com/241/2026/2/9/A7300330.jpg?width=1920&height=1280&fit=bounds&ois=e174f98,https://media.cheshomes.com/241/2026/2/9/A7300315.jpg?width=1920&height=1275&fit=bounds&ois=4e9930a,https://media.cheshomes.com/241/2026/2/9/A7300309.jpg?width=1920&height=1208&fit=bounds&ois=d41f498,https://media.cheshomes.com/241/2026/2/9/A7300312.jpg?width=1920&height=1306&fit=bounds&ois=708609d,https://media.cheshomes.com/241/2026/2/9/A7300306.jpg?width=1920&height=1081&fit=bounds&ois=fda2dc6,https://media.cheshomes.com/241/2026/2/9/A7300363.jpg?width=1920&height=1280&fit=bounds&ois=a1f204d,https://media.cheshomes.com/241/2026/2/9/DJI_0887.jpg?width=1920&height=1440&fit=bounds&ois=b325fc2,https://media.cheshomes.com/241/2026/2/9/A7300306.jpg?width=1920&height=1081&fit=bounds&ois=fda2dc6"
https://www.cheshomes.com/new-homes/sc/myrtle-beach/traditions-at-carolina-forest/8444/1240-saxon-court/1703776/,Traditions at Carolina Forest,33.7447322,-78.8801687,1240 Saxon Court,Myrtle Beach,SC,,,Horry County,Move-In Ready,Chesapeake Homes,,,2,,,,,,,https://www.cheshomes.com,"Welcome to Traditions at Carolina Forest

Traditions at Carolina Forest is a single-family home community located in the heart of Myrtle Beach, SC, within the highly sought-after Carolina Forest area. Designed for comfort, connection, and everyday convenience, this community offers a welcoming place to call home—no matter where you are in your homebuying journey.

Blending modern living with classic Southern charm, Traditions provides easy access to everything that makes coastal life so appealing. Residents are just minutes from Myrtle Beach’s beautiful beaches, championship golf courses, popular shopping destinations, local restaurants, and weekend festivals and entertainment. With excellent schools and top-rated medical centers nearby, Traditions at Carolina Forest is ideal for living, working, and enjoying life at every stage.

Community Amenities Designed for Every Lifestyle

Traditions at Carolina Forest offers a mix of amenities that support both active living and laid-back relaxation. Whether you're ready to settle in now or planning for the future, the community provides space to connect, recharge, and enjoy life.

Residents can gather at the beautifully designed clubhouse, featuring stylish indoor spaces perfect for social events, celebrations, or casual get-togethers. The attached fitness center includes modern cardio and strength-training equipment, making it easy to stay active without leaving the neighborhood.

On warm Carolina days, the sparkling community pool offers a refreshing escape with comfortable loungers and shaded areas for relaxing poolside. Families will appreciate the community playground, a safe and engaging space where children can play, explore, and make new friends close to home.

Pet owners will love the dedicated dog park, complete with open space and separate areas for small and large dogs, creating a welcoming environment for both pets and their people. Pickleball courts add another layer of fun and connection, offering opportunities for friendly competition, fitness, and social interaction for all skill levels.

A Connected Community in Carolina Forest

With its central location, everyday amenities, and flexible home options, Traditions at Carolina Forest offers a community designed to fit every stage of life. Whether you’re building, buying, or simply exploring what’s next, Traditions provides the space, comfort, and lifestyle you’ve been looking for.",,,"The Jasmine is thoughtfully scaled and avoids the bigger is a better approach. With 1,607 square feet of living space, you and your guests can enjoy luxury in an efficient space. With architectural details like tray ceilings in both the great room and owner’s suite, along with plenty of windows to keep your space light and airy, you’ll delight in choosing the finishing details in the home. The Jasmine offers ample storage space and closets throughout the home, along with a bench and pegs in the drop zone, keeping your living spaces free from clutter. Check out the Jasmine today!",2,2,,1,1607,389900,,,,,,,,,,,,,,,,2,2,2,,1607,1,389900,,,,,,,,,,,,,"https://media.cheshomes.com/241/2026/1/5/A7300180.jpg?width=1920&height=1280&fit=bounds&ois=3db8770,https://media.cheshomes.com/241/2026/1/5/A7300204.jpg?width=1920&height=1280&fit=bounds&ois=65d3b13,https://media.cheshomes.com/241/2026/1/5/A7300201.jpg?width=1920&height=1280&fit=bounds&ois=9357896,https://media.cheshomes.com/241/2026/1/5/A7300210.jpg?width=1920&height=1280&fit=bounds&ois=1b40775,https://media.cheshomes.com/241/2026/1/5/A7300207.jpg?width=1920&height=1280&fit=bounds&ois=bcb3f17,https://media.cheshomes.com/241/2026/1/5/A7300213.jpg?width=1920&height=1280&fit=bounds&ois=8df22ec,https://media.cheshomes.com/241/2026/1/5/A7300216.jpg?width=1920&height=1280&fit=bounds&ois=1b56d18,https://media.cheshomes.com/241/2026/1/5/A7300198.jpg?width=1920&height=1280&fit=bounds&ois=536749f,https://media.cheshomes.com/241/2026/1/5/A7300192.jpg?width=1920&height=1280&fit=bounds&ois=1148f62,https://media.cheshomes.com/241/2026/1/5/A7300186.jpg?width=1920&height=1280&fit=bounds&ois=d17d926,https://media.cheshomes.com/241/2026/1/5/A7300195.jpg?width=1920&height=1280&fit=bounds&ois=79c9a8c,https://media.cheshomes.com/241/2026/1/5/A7300189.jpg?width=1920&height=1280&fit=bounds&ois=533a4a0,https://media.cheshomes.com/241/2026/1/5/A7300174.jpg?width=1920&height=1280&fit=bounds&ois=843e1cb,https://media.cheshomes.com/241/2026/1/5/A7300171.jpg?width=1920&height=1280&fit=bounds&ois=0c7b8cc,https://media.cheshomes.com/241/2026/1/5/A7300166.jpg?width=1920&height=1212&fit=bounds&ois=1916fda,https://media.cheshomes.com/241/2026/1/5/A7300217.jpg?width=1920&height=1024&fit=bounds&ois=beb24dd,https://media.cheshomes.com/241/2026/1/5/A7300160.jpg?width=1920&height=1253&fit=bounds&b=44c94f9&ois=6a85325,https://media.cheshomes.com/241/2026/1/5/DJI_0356.jpg?width=1798&height=1440&fit=bounds&ois=ae84988"
https://www.cheshomes.com/new-homes/nc/clayton/highgate/5972/120-railcar-way/1743436/,Highgate,35.6764,-78.4719,120 Railcar Way,Clayton,NC,,,,,Chesapeake Homes,,,2,,,,,,,https://www.cheshomes.com,"Your Search is Over! Located within 2 miles of vibrant

Downtown Clayton

, find a wide variety of high-quality new homes, built with care, in the

Final Phase at Highgate

. This picturesque Chesapeake Homes Community offers homeowners the best of both small-town charm and big-town convenience. Situated only minutes to the

Waterfront District, White Oak, and Downtown Raleigh

, this thriving Clayton epicenter provides a plethora of nearby shopping, dining, and entertainment options to appeal to all.

For families, Cooper Academy, Riverwood Middle School, and Clayton High School are all less than a 5-mile drive away. After school, embark on an adventure launching kayaks just around the corner, challenge sibling rivals at the local arcade, or cool off at the newly renovated Municipal Park Splashpad! Staying home? Enjoy the

exclusive Amenity Center

featuring an

outdoor pool, fitness equipment, and a Clubhouse

. Plus, all of this is surrounded by the invigorating

Greenway Trails

. There is fun for everyone! So, kick back, relax, and Welcome Home!",,,"These 2,667 square feet of space are for any family on the go during the week and for those who love to lounge on the weekends. The Concerto plan offers a spacious lifestyle with four bedrooms. The open-concept kitchen and great room create an extensive floorplan broken up with a kitchen island and breakfast nook. Plus, with a covered rear porch, who says you can’t enjoy your morning coffee outside?Once you head upstairs, you will find a vast loft area. It’s the perfect spot for that media room, playroom, or workout spot you have been looking for. After a long day, you will feel like you are living a life of luxury once you step into the Owner’s Suite. With an upscaled L-shaped walk-in closet and a double sink vanity, your daily routines will no longer become a hassle. The Concerto is for anyone who wants to live in a home that makes you say “Ahhhhhhhh” on a Friday night in.*Photos of Similar Home Shown",4,3,,2,2667,474900,,,,,,,,,,,,,,,,2,4,3,,2667,2,474900,,,,,,,,,,,,,"https://media.cheshomes.com/241/2026/2/13/086.jpg?width=1280&height=853&fit=bounds&ois=4b569a4,https://media.cheshomes.com/241/2026/2/13/091.jpg?width=1280&height=853&fit=bounds&ois=3116f3c,https://media.cheshomes.com/241/2026/2/13/092.jpg?width=1280&height=859&fit=bounds&ois=b53925b,https://media.cheshomes.com/241/2026/2/13/097.jpg?width=1280&height=853&fit=bounds&ois=e295bc7,https://media.cheshomes.com/241/2026/2/13/087.jpg?width=1280&height=853&fit=bounds&ois=4126109,https://media.cheshomes.com/241/2026/2/13/095_TLX11uJ.jpg?width=1280&height=853&fit=bounds&ois=fe6da94,https://media.cheshomes.com/241/2026/2/13/094.jpg?width=1280&height=853&fit=bounds&ois=5c6f606,https://media.cheshomes.com/241/2026/2/13/138.jpg?width=1280&height=853&fit=bounds&ois=50876f7,https://media.cheshomes.com/241/2026/2/13/117.jpg?width=1280&height=853&fit=bounds&ois=de58d9c,https://media.cheshomes.com/241/2026/2/13/118.jpg?width=1280&height=853&fit=bounds&ois=b1ccb05,https://media.cheshomes.com/241/2026/2/13/119.jpg?width=1280&height=853&fit=bounds&ois=99df94f,https://media.cheshomes.com/241/2026/2/13/120.jpg?width=1280&height=853&fit=bounds&ois=c516bca,https://media.cheshomes.com/241/2026/2/13/121.jpg?width=1280&height=853&fit=bounds&ois=60840cb,https://media.cheshomes.com/241/2026/2/13/122.jpg?width=1280&height=853&fit=bounds&ois=85995b1,https://media.cheshomes.com/241/2026/2/13/123.jpg?width=1280&height=853&fit=bounds&ois=65bd715,https://media.cheshomes.com/241/2026/2/13/078.jpg?width=1280&height=853&fit=bounds&ois=f6ae172,https://media.cheshomes.com/241/2026/2/13/079.jpg?width=1280&height=853&fit=bounds&ois=487ef1e,https://media.cheshomes.com/241/2026/2/13/080.jpg?width=1280&height=853&fit=bounds&ois=677e02c,https://media.cheshomes.com/241/2026/2/13/081.jpg?width=1280&height=853&fit=bounds&ois=795135b,https://media.cheshomes.com/241/2026/2/13/083.jpg?width=1280&height=853&fit=bounds&ois=b2c43f4,https://media.cheshomes.com/241/2026/2/13/089.jpg?width=1280&height=853&fit=bounds&ois=1abdde6,https://media.cheshomes.com/241/2026/2/13/090.jpg?width=1280&height=853&fit=bounds&ois=225472f,https://media.cheshomes.com/241/2026/2/13/101.jpg?width=1280&height=853&fit=bounds&ois=0463862,https://media.cheshomes.com/241/2026/2/13/099.jpg?width=1280&height=853&fit=bounds&ois=b09ccc7,https://media.cheshomes.com/241/2026/2/13/104.jpg?width=1280&height=853&fit=bounds&ois=e0597df,https://media.cheshomes.com/241/2026/2/13/108.jpg?width=1280&height=853&fit=bounds&ois=b7de309,https://media.cheshomes.com/241/2026/2/13/109.jpg?width=1280&height=853&fit=bounds&ois=bd102cd,https://media.cheshomes.com/241/2026/2/13/125.jpg?width=1280&height=853&fit=bounds&ois=af758fd,https://media.cheshomes.com/241/2026/2/13/126.jpg?width=1280&height=853&fit=bounds&ois=974eae4,https://media.cheshomes.com/241/2026/2/13/128.jpg?width=1280&height=853&fit=bounds&ois=8faa85f,https://media.cheshomes.com/241/2026/2/13/129.jpg?width=1280&height=853&fit=bounds&ois=0ff432f,https://media.cheshomes.com/241/2026/2/13/130.jpg?width=1280&height=853&fit=bounds&ois=c38196c,https://media.cheshomes.com/241/2026/2/13/131.jpg?width=1280&height=853&fit=bounds&ois=0ab45b0,https://media.cheshomes.com/241/2026/2/13/105.jpg?width=1280&height=853&fit=bounds&ois=fc53bac,https://media.cheshomes.com/241/2025/11/24/IMG_1161.jpg?width=1920&height=1280&fit=bounds&ois=c365648,https://media.cheshomes.com/241/2025/11/24/IMG_1153.jpg?width=1920&height=1280&fit=bounds&ois=23a2f55"
https://www.cheshomes.com/new-homes/nc/calabash/coastal-club-of-the-carolinas/14279/1242-halter-place/1669438/,Coastal Club of the Carolinas,33.9246008502404,-78.61417385311559,1242 Halter Place,Calabash,NC,,,,Move-In Ready,Chesapeake Homes,,,2,,,,,,,https://www.cheshomes.com,"Welcome to

Coastal Club of the Carolinas

Where laid-back living meets everyday adventure at

Coastal Club of the Carolinas in Calabash, NC

. Just minutes from the soft sands of

Cherry Grove Beach

and

Sunset Beach

, this vibrant coastal community was designed for those who want more out of life — more sunshine, more connection, more fun. Enjoy the

resort-style pool

, playing a friendly match of

pickleball

, or gathering with neighbors around the

firepits

, you’ll feel right at home. Kids and pups can run free at the

playgrounds

dog park

, while

green spaces,

a

community garden

, and a

central park area

set the scene for picnics, evening strolls, or even outdoor concerts under the stars.

Beyond your doorstep, you’ll find endless options for shopping, dining, and entertainment — all just a quick drive away. And with Chesapeake Homes offering a variety of stylish, functional floorplans built to fit your lifestyle, it’s easy to settle into a home that feels just right.

At Coastal Club, it’s not just a place to live —

it’s a coastal lifestyle you’ll love.",,,"The Driftwood offers three bedrooms and three baths across nearly 2,700 square feet. This two-story home features a first-floor master suite, spacious kitchen, open living areas, and generous storage.Enjoy seamless flow between the great room, dining area, and kitchen with a large island and views of the covered porch. The formal dining room with French doors and a nearby guest suite make hosting easy.The master suite includes a luxurious bath, oversized walk-in closet, and access to a sunroom and covered porch. Upstairs, a large loft, bedroom, full bath, and storage create the perfect private retreat.Designed for comfort and coastal living, the Driftwood has space for everyone.",3,3,,2,2704,514900,,,,,,,,,,,,,,,,2,3,3,,2704,2,514900,,,,,,,,,,,,,"https://media.cheshomes.com/241/2025/11/3/1.jpg?width=1920&height=1280&fit=bounds&ois=48893cb,https://media.cheshomes.com/241/2025/11/3/3.jpg?width=1920&height=1280&fit=bounds&ois=2480c97,https://media.cheshomes.com/241/2025/11/3/4.jpg?width=1920&height=1280&fit=bounds&ois=f2a56b2,https://media.cheshomes.com/241/2025/11/3/5.jpg?width=1920&height=1280&fit=bounds&ois=2e0ef4e,https://media.cheshomes.com/241/2025/11/3/11.jpg?width=1920&height=1280&fit=bounds&ois=3049295,https://media.cheshomes.com/241/2025/11/3/8.jpg?width=1920&height=1280&fit=bounds&ois=9402c46,https://media.cheshomes.com/241/2025/11/3/10.jpg?width=1920&height=1280&fit=bounds&ois=91d7039,https://media.cheshomes.com/241/2025/11/3/6.jpg?width=1920&height=1280&fit=bounds&ois=23b9d37,https://media.cheshomes.com/241/2025/11/3/13.jpg?width=1920&height=1280&fit=bounds&ois=e9f0d88,https://media.cheshomes.com/241/2025/11/3/14.jpg?width=1920&height=1280&fit=bounds&ois=fb32e95,https://media.cheshomes.com/241/2025/11/3/15.jpg?width=1920&height=1280&fit=bounds&ois=a8ba675,https://media.cheshomes.com/241/2025/11/3/20.jpg?width=1920&height=1280&fit=bounds&ois=5f11c18,https://media.cheshomes.com/241/2025/11/3/18.jpg?width=1920&height=1280&fit=bounds&ois=7733661,https://media.cheshomes.com/241/2025/11/3/21.jpg?width=1920&height=1280&fit=bounds&ois=fb5640d,https://media.cheshomes.com/241/2025/11/3/19.jpg?width=1920&height=1280&fit=bounds&ois=2887755,https://media.cheshomes.com/241/2025/11/3/16.jpg?width=1920&height=1280&fit=bounds&ois=6122de2,https://media.cheshomes.com/241/2025/11/3/17.jpg?width=1920&height=1280&fit=bounds&ois=4e5780c,https://media.cheshomes.com/241/2025/11/3/12.jpg?width=1920&height=1280&fit=bounds&ois=c5d56f7,https://media.cheshomes.com/241/2025/11/3/7.jpg?width=1920&height=1280&fit=bounds&ois=bad205f,https://media.cheshomes.com/241/2025/11/3/22.jpg?width=1920&height=1280&fit=bounds&ois=712f154,https://media.cheshomes.com/241/2025/11/3/24.jpg?width=1920&height=1280&fit=bounds&ois=61b24a0,https://media.cheshomes.com/241/2025/11/3/25.jpg?width=1920&height=1440&fit=bounds&ois=4bf2186,https://media.cheshomes.com/241/2025/11/3/23.jpg?width=1920&height=1267&fit=bounds&ois=4c089fe,https://media.cheshomes.com/241/2025/11/3/A7300069.jpg?width=1920&height=1215&fit=bounds&ois=f30d22c"
https://www.cheshomes.com/new-homes/nc/calabash/coastal-club-of-the-carolinas/14279/1246-halter-place/1669443/,Coastal Club of the Carolinas,33.92471097679712,-78.6136895066193,1246 Halter Place,Calabash,NC,,,,,Chesapeake Homes,,,3,,,,,,,https://www.cheshomes.com,"Welcome to

Coastal Club of the Carolinas

Where laid-back living meets everyday adventure at

Coastal Club of the Carolinas in Calabash, NC

. Just minutes from the soft sands of

Cherry Grove Beach

and

Sunset Beach

, this vibrant coastal community was designed for those who want more out of life — more sunshine, more connection, more fun. Enjoy the

resort-style pool

, playing a friendly match of

pickleball

, or gathering with neighbors around the

firepits

, you’ll feel right at home. Kids and pups can run free at the

playgrounds

dog park

, while

green spaces,

a

community garden

, and a

central park area

set the scene for picnics, evening strolls, or even outdoor concerts under the stars.

Beyond your doorstep, you’ll find endless options for shopping, dining, and entertainment — all just a quick drive away. And with Chesapeake Homes offering a variety of stylish, functional floorplans built to fit your lifestyle, it’s easy to settle into a home that feels just right.

At Coastal Club, it’s not just a place to live —

it’s a coastal lifestyle you’ll love.",,,"The Surfrider plan offers the comforts of your home in a cozy package, complete with all the thoughtful details you would expect in a home from Chesapeake Homes. This home offers 2,326 square feet of living space. Living is easy in The Surfrider’s open-concept single-floor living space. The rear-covered porch can become an extension of your great room, with sliding glass doors that will lead you outside to enjoy the seasonal weather year-round. The great room, open kitchen, and dining area flow seamlessly from one room to the next. With the option to upgrade your kitchen space with optional double wall ovens and a large center island, your gourmet kitchen will truly enhance the heart of the home. And finally, delight in the architectural details that will set your home apart with beautifully proportioned windows and trim work that quietly impress. The Surfrider could be exactly what you are looking for in your next home. Schedule your appointment today!",3,3,,1,2326,,,,,,,,,,,,,,,,,3,3,3,,2326,1,,,,,,,,,,,,,,https://media.cheshomes.com/241/2024/12/20/lot_123.jpg?width=1800&height=1200&fit=bounds&ois=6fbec53
https://www.cheshomes.com/new-homes/nc/calabash/coastal-club-of-the-carolinas/14279/1247-halter-place/1728981/,Coastal Club of the Carolinas,,,1247 Halter Place,Calabash,NC,,,,Move-In Ready,Chesapeake Homes,,,2,,,,,,,https://www.cheshomes.com,"Welcome to

Coastal Club of the Carolinas

Where laid-back living meets everyday adventure at

Coastal Club of the Carolinas in Calabash, NC

. Just minutes from the soft sands of

Cherry Grove Beach

and

Sunset Beach

, this vibrant coastal community was designed for those who want more out of life — more sunshine, more connection, more fun. Enjoy the

resort-style pool

, playing a friendly match of

pickleball

, or gathering with neighbors around the

firepits

, you’ll feel right at home. Kids and pups can run free at the

playgrounds

dog park

, while

green spaces,

a

community garden

, and a

central park area

set the scene for picnics, evening strolls, or even outdoor concerts under the stars.

Beyond your doorstep, you’ll find endless options for shopping, dining, and entertainment — all just a quick drive away. And with Chesapeake Homes offering a variety of stylish, functional floorplans built to fit your lifestyle, it’s easy to settle into a home that feels just right.

At Coastal Club, it’s not just a place to live —

it’s a coastal lifestyle you’ll love.",,,"Inspired by the natural beauty of the surrounding area, the Driftwood offers three bedrooms and three baths with over 2,700 square feet. This two-story model includes a first-floor master suite, an enormous kitchen, outdoor living areas, a loft, and ample storage space. Wide, open space connects the great room, casual dining, and extensive kitchen. Prepare meals on a large kitchen island with a view of your covered porch outside. A formal dining room offers an optional set of French doors perfect for intimate dinners or holiday gatherings. Beyond the dining room, accompanied by a full bath, find a quiet study or guest bedroom with a walk-in closet ideal for visiting relatives or an in-law suite. Fully enjoy the beauty of the coastal region with a 300-square-foot covered porch just off the master suite. The master bedroom features an enormous walk-in closet accompanied by an indulgent master bath with a deluxe seated shower. Find a personal sanctuary with plenty of natural light and open space. The second floor provides a large flex space with 23’ wide loft. Easily imagine a media room or recreational room in this space with the option to add a second-story porch, as well. An additional bedroom, full bath, and storage room accompany the loft allowing for a secluded bedroom away from the hustle and bustle of the downstairs area. The Driftwood offers room for the entire household with an array of comforts added throughout!",3,3,,2,2704,509900,,,,,,,,,,,,,,,,2,3,3,,2704,2,509900,,,,,,,,,,,,,"https://media.cheshomes.com/241/2026/2/10/A7300111.jpg?width=1920&height=1280&fit=bounds&ois=84576a9,https://media.cheshomes.com/241/2026/2/10/A7300108.jpg?width=1920&height=1280&fit=bounds&ois=e80d5ae,https://media.cheshomes.com/241/2026/2/10/A7300087.jpg?width=1920&height=1279&fit=bounds&ois=691afe5,https://media.cheshomes.com/241/2026/2/10/A7300123.jpg?width=1920&height=1280&fit=bounds&ois=91cf02f,https://media.cheshomes.com/241/2026/2/10/A7300126.jpg?width=1920&height=1280&fit=bounds&ois=8d00f2c,https://media.cheshomes.com/241/2026/2/10/A7300129.jpg?width=1920&height=1280&fit=bounds&ois=ce4782a,https://media.cheshomes.com/241/2026/2/10/A7300102.jpg?width=1920&height=1280&fit=bounds&ois=45fb0e4,https://media.cheshomes.com/241/2026/2/10/A7300099.jpg?width=1920&height=1280&fit=bounds&ois=bdb3b43,https://media.cheshomes.com/241/2026/2/10/A7300078.jpg?width=1920&height=1280&fit=bounds&ois=21eda99,https://media.cheshomes.com/241/2026/2/10/A7300093.jpg?width=1920&height=1280&fit=bounds&ois=9e99ac3,https://media.cheshomes.com/241/2026/2/10/A7300096.jpg?width=1920&height=1280&fit=bounds&ois=a3d9e20,https://media.cheshomes.com/241/2026/2/10/A7300084.jpg?width=1920&height=1280&fit=bounds&ois=3184d53,https://media.cheshomes.com/241/2026/2/10/A7300081.jpg?width=1920&height=1280&fit=bounds&ois=be36046,https://media.cheshomes.com/241/2026/2/10/A7300144.jpg?width=1920&height=1280&fit=bounds&ois=8ede41b,https://media.cheshomes.com/241/2026/2/10/A7300138.jpg?width=1920&height=1280&fit=bounds&ois=cccf865,https://media.cheshomes.com/241/2026/2/10/A7300141.jpg?width=1920&height=1280&fit=bounds&ois=ca60c85,https://media.cheshomes.com/241/2026/2/10/A7300090.jpg?width=1920&height=1280&fit=bounds&ois=de3443c,https://media.cheshomes.com/241/2026/2/10/A7300132.jpg?width=1920&height=1280&fit=bounds&ois=7e223a2,https://media.cheshomes.com/241/2026/2/10/A7300135.jpg?width=1920&height=1280&fit=bounds&ois=50697b1,https://media.cheshomes.com/241/2026/2/10/A7300120.jpg?width=1920&height=1063&fit=bounds&ois=556f9cd,https://media.cheshomes.com/241/2026/2/10/A7300069.jpg?width=1599&height=1236&fit=bounds&ois=92e1878,https://media.cheshomes.com/241/2026/2/10/A7300075.jpg?width=1910&height=1297&fit=bounds&ois=adbc65e"
https://www.cheshomes.com/new-homes/nc/clayton/highgate/5972/124-railcar-way/1743429/,Highgate,35.6761,-78.4724,124 Railcar Way,Clayton,NC,,,,,Chesapeake Homes,,,2,,,,,,,https://www.cheshomes.com,"Your Search is Over! Located within 2 miles of vibrant

Downtown Clayton

, find a wide variety of high-quality new homes, built with care, in the

Final Phase at Highgate

. This picturesque Chesapeake Homes Community offers homeowners the best of both small-town charm and big-town convenience. Situated only minutes to the

Waterfront District, White Oak, and Downtown Raleigh

, this thriving Clayton epicenter provides a plethora of nearby shopping, dining, and entertainment options to appeal to all.

For families, Cooper Academy, Riverwood Middle School, and Clayton High School are all less than a 5-mile drive away. After school, embark on an adventure launching kayaks just around the corner, challenge sibling rivals at the local arcade, or cool off at the newly renovated Municipal Park Splashpad! Staying home? Enjoy the

exclusive Amenity Center

featuring an

outdoor pool, fitness equipment, and a Clubhouse

. Plus, all of this is surrounded by the invigorating

Greenway Trails

. There is fun for everyone! So, kick back, relax, and Welcome Home!",,,"From the moment you walk into the Holly floorplan, you’ll see why Chesapeake Homes has a reputation of creating livable, functional spaces that you and your family will enjoy for years to come.Featuring 2,343 square feet of living space and four bedrooms and three bathrooms, the Holly showcases how form and function works together effortlessly. The open concept layout and large, 9’ kitchen island lends itself to always being the home’s gathering place. When you’re ready to get outside, enjoy the Carolina blue skies while relaxing on your rear covered porch.Storage space abounds in the walk-in closets that each bedroom has, so everyone is a winner with ample space. With a full bathroom on the first floor, you can accommodate your guests with privacy and elegance.*Photos of Similar Home Shown",4,3,,2,2343,449900,,,,,,,,,,,,,,,,2,4,3,,2343,2,449900,,,,,,,,,,,,,"https://media.cheshomes.com/241/2026/4/21/exterior_image_1.jpg?width=1800&height=1200&fit=bounds&ois=a71b976,https://media.cheshomes.com/241/2020/7/31/Highgate-Clayton-Holly-Foyer.jpg?width=900&height=600&fit=bounds&ois=2799861,https://media.cheshomes.com/241/2020/7/31/Highgate-Clayton-Holly-Dining_2.jpg?width=900&height=600&fit=bounds&ois=6171c7d,https://media.cheshomes.com/241/2020/7/31/Highgate-Clayton-Holly-Dining_3.jpg?width=900&height=600&fit=bounds&ois=787f850,https://media.cheshomes.com/241/2020/7/31/Highgate-Clayton-Holly-Dining_4.jpg?width=900&height=600&fit=bounds&ois=407ff0a,https://media.cheshomes.com/241/2020/7/31/Highgate-Clayton-Holly-Dining_Kitchen.jpg?width=900&height=600&fit=bounds&ois=b9af408,https://media.cheshomes.com/241/2020/7/31/Highgate-Clayton-Holly-Dining.jpg?width=900&height=600&fit=bounds&ois=daa3cfc,https://media.cheshomes.com/241/2020/7/31/Highgate-Clayton-Holly-Great_Room_2.jpg?width=900&height=600&fit=bounds&ois=5133252,https://media.cheshomes.com/241/2020/7/31/Highgate-Clayton-Holly-Great_Room.jpg?width=900&height=600&fit=bounds&ois=fd44718,https://media.cheshomes.com/241/2020/7/31/Highgate-Clayton-Holly-Great_Room_3.jpg?width=900&height=600&fit=bounds&ois=1205edf,https://media.cheshomes.com/241/2020/7/31/Highgate-Clayton-Holly-Great_Room_5.jpg?width=900&height=600&fit=bounds&ois=9c0cffd,https://media.cheshomes.com/241/2020/7/31/Highgate-Clayton-Holly-Great_Room_4.jpg?width=900&height=600&fit=bounds&ois=1d1eb9a,https://media.cheshomes.com/241/2020/7/31/Highgate-Clayton-Holly-Kitchen_9.jpg?width=900&height=600&fit=bounds&ois=20c8a58,https://media.cheshomes.com/241/2020/7/31/Highgate-Clayton-Holly-Kitchen_8.jpg?width=900&height=600&fit=bounds&ois=d3593a9,https://media.cheshomes.com/241/2020/7/31/Highgate-Clayton-Holly-Kitchen_7.jpg?width=900&height=600&fit=bounds&ois=17ffed3,https://media.cheshomes.com/241/2020/7/31/Highgate-Clayton-Holly-Kitchen_2.jpg?width=900&height=600&fit=bounds&ois=538b249,https://media.cheshomes.com/241/2020/7/31/Highgate-Clayton-Holly-Kitchen_5.jpg?width=900&height=600&fit=bounds&ois=b5e41a3,https://media.cheshomes.com/241/2020/7/31/Highgate-Clayton-Holly-Kitchen.jpg?width=900&height=600&fit=bounds&ois=4238bca,https://media.cheshomes.com/241/2020/7/31/Highgate-Clayton-Holly-Kitchen_3.jpg?width=900&height=600&fit=bounds&ois=ac144ab,https://media.cheshomes.com/241/2020/7/31/Highgate-Clayton-Holly-Kitchen_6.jpg?width=900&height=600&fit=bounds&ois=82b8ba6,https://media.cheshomes.com/241/2020/7/31/Highgate-Clayton-Holly-Kitchen_4.jpg?width=900&height=600&fit=bounds&ois=0bf48a4,https://media.cheshomes.com/241/2020/7/31/Clayton-Highgate-Holly-Bedroom_4-2.jpg?width=900&height=600&fit=bounds&ois=a9ca697,https://media.cheshomes.com/241/2020/7/31/Clayton-Highgate-Holly-Bedroom_4.jpg?width=900&height=600&fit=bounds&ois=232d1d5,https://media.cheshomes.com/241/2020/7/31/Highgate-Clayton-Holly-Hall_Bath.jpg?width=900&height=600&fit=bounds&ois=8228bce,https://media.cheshomes.com/241/2020/7/31/Highgate-Clayton-Holly-Full_Bath_Down.jpg?width=900&height=600&fit=bounds&ois=5d803a5,https://media.cheshomes.com/241/2020/7/31/Clayton-Highgate-Holly-Uphall.jpg?width=900&height=600&fit=bounds&ois=c61346c,https://media.cheshomes.com/241/2020/7/31/Clayton-Highgate-Holly-Owners_Suite_3.jpg?width=900&height=600&fit=bounds&ois=237a04e,https://media.cheshomes.com/241/2020/7/31/Clayton-Highgate-Holly-Owners_Suite_4.jpg?width=900&height=600&fit=bounds&ois=069b962,https://media.cheshomes.com/241/2020/7/31/Clayton-Highgate-Holly-Owners_Bath_2.jpg?width=900&height=600&fit=bounds&ois=81dd189,https://media.cheshomes.com/241/2020/7/31/Clayton-Highgate-Holly-Owners_Bath.jpg?width=900&height=600&fit=bounds&ois=cdb4987,https://media.cheshomes.com/241/2020/7/31/Clayton-Highgate-Holly-Owners_Bath_3.jpg?width=900&height=600&fit=bounds&ois=62e66eb,https://media.cheshomes.com/241/2020/7/31/Clayton-Highgate-Holly-Owners_Bath_4.jpg?width=900&height=600&fit=bounds&ois=7c56633,https://media.cheshomes.com/241/2020/7/31/Clayton-Highgate-Holly-Owners_Closet.jpg?width=900&height=600&fit=bounds&ois=c699f5a,https://media.cheshomes.com/241/2020/7/31/Clayton-Highgate-Holly-Bedroom_3.jpg?width=900&height=600&fit=bounds&ois=f21b7ad,https://media.cheshomes.com/241/2020/7/31/Clayton-Highgate-Holly-Upstairs_Hall_Bath.jpg?width=900&height=600&fit=bounds&ois=43eacf1,https://media.cheshomes.com/241/2020/7/31/Highgate-Clayton-Holly-Bedroom_2.jpg?width=900&height=600&fit=bounds&ois=0a37981,https://media.cheshomes.com/241/2020/7/31/Highgate-Clayton-Holly-Bedroom_2-2.jpg?width=900&height=600&fit=bounds&ois=11f1c7f,https://media.cheshomes.com/241/2020/7/31/Clayton-Highgate-Holly-Laundry_Room.jpg?width=900&height=600&fit=bounds&ois=7969620,https://media.cheshomes.com/241/2026/2/19/42-web-or-mls-VB4A7091.jpg?width=1920&height=1279&fit=bounds&ois=e44b43f,https://media.cheshomes.com/241/2026/2/19/43-web-or-mls-VB4A7094.jpg?width=1920&height=1279&fit=bounds&ois=b181046,https://media.cheshomes.com/241/2026/2/19/44-web-or-mls-VB4A7103.jpg?width=1920&height=1279&fit=bounds&ois=6639b16,https://media.cheshomes.com/241/2026/2/19/45-web-or-mls-VB4A7109.jpg?width=1920&height=1279&fit=bounds&ois=338f4c6,https://media.cheshomes.com/241/2026/2/19/46-web-or-mls-VB4A7130_864n9EM.jpg?width=1920&height=1279&fit=bounds&ois=a1b5e6a,https://media.cheshomes.com/241/2026/2/19/41-web-or-mls-VB4A7085.jpg?width=1920&height=1279&fit=bounds&ois=e449672,https://media.cheshomes.com/241/2026/2/19/17-web-or-mls-VB4A6899.jpg?width=1920&height=1279&fit=bounds&ois=b224fc6,https://media.cheshomes.com/241/2026/2/19/32-web-or-mls-VB4A7043.jpg?width=1920&height=1279&fit=bounds&ois=038c9c0,https://media.cheshomes.com/241/2026/2/19/33-web-or-mls-VB4A7046.jpg?width=1920&height=1279&fit=bounds&ois=01952f1,https://media.cheshomes.com/241/2026/2/19/31-web-or-mls-VB4A7040.jpg?width=1920&height=1279&fit=bounds&ois=6b49a86,https://media.cheshomes.com/241/2026/2/19/34-web-or-mls-VB4A7049.jpg?width=1920&height=1279&fit=bounds&ois=3bc9826,https://media.cheshomes.com/241/2026/2/19/35-web-or-mls-VB4A7055.jpg?width=1920&height=1279&fit=bounds&ois=5c6d521,https://media.cheshomes.com/241/2026/2/19/36-web-or-mls-VB4A7058.jpg?width=1920&height=1279&fit=bounds&ois=215c34b,https://media.cheshomes.com/241/2026/2/19/39-web-or-mls-VB4A7073.jpg?width=1920&height=1279&fit=bounds&ois=494fa53,https://media.cheshomes.com/241/2026/2/19/38-web-or-mls-VB4A7070.jpg?width=1920&height=1279&fit=bounds&ois=71a954e,https://media.cheshomes.com/241/2026/2/19/37-web-or-mls-VB4A7067.jpg?width=1920&height=1279&fit=bounds&ois=27980aa"
https://www.cheshomes.com/new-homes/sc/myrtle-beach/traditions-at-carolina-forest/8444/1314-wykham-park-drive/1713959/,Traditions at Carolina Forest,33.7448582,-78.8791465,1314 Wykham Park Drive,Myrtle Beach,SC,,,Horry County,,Chesapeake Homes,,,2,,,,,,,https://www.cheshomes.com,"Welcome to Traditions at Carolina Forest

Traditions at Carolina Forest is a single-family home community located in the heart of Myrtle Beach, SC, within the highly sought-after Carolina Forest area. Designed for comfort, connection, and everyday convenience, this community offers a welcoming place to call home—no matter where you are in your homebuying journey.

Blending modern living with classic Southern charm, Traditions provides easy access to everything that makes coastal life so appealing. Residents are just minutes from Myrtle Beach’s beautiful beaches, championship golf courses, popular shopping destinations, local restaurants, and weekend festivals and entertainment. With excellent schools and top-rated medical centers nearby, Traditions at Carolina Forest is ideal for living, working, and enjoying life at every stage.

Community Amenities Designed for Every Lifestyle

Traditions at Carolina Forest offers a mix of amenities that support both active living and laid-back relaxation. Whether you're ready to settle in now or planning for the future, the community provides space to connect, recharge, and enjoy life.

Residents can gather at the beautifully designed clubhouse, featuring stylish indoor spaces perfect for social events, celebrations, or casual get-togethers. The attached fitness center includes modern cardio and strength-training equipment, making it easy to stay active without leaving the neighborhood.

On warm Carolina days, the sparkling community pool offers a refreshing escape with comfortable loungers and shaded areas for relaxing poolside. Families will appreciate the community playground, a safe and engaging space where children can play, explore, and make new friends close to home.

Pet owners will love the dedicated dog park, complete with open space and separate areas for small and large dogs, creating a welcoming environment for both pets and their people. Pickleball courts add another layer of fun and connection, offering opportunities for friendly competition, fitness, and social interaction for all skill levels.

A Connected Community in Carolina Forest

With its central location, everyday amenities, and flexible home options, Traditions at Carolina Forest offers a community designed to fit every stage of life. Whether you’re building, buying, or simply exploring what’s next, Traditions provides the space, comfort, and lifestyle you’ve been looking for.",,,"With 1,944 square feet of living space, the Hibiscus is one of the largest of the Villas and offers several options that hold beauty and utility in high regard. Upon entering the home, you’ll be greeted by the double-height foyer which leads you to the wide-open downstairs living space. The open concept layout and large, 7’ kitchen island lends itself to always being the home’s gathering place. When you’re ready to get outside, enjoy the ocean air while relaxing on your patio or rear-covered porch. On one of those rare chilly evenings, you have the optional gas fireplace that can only enhance the great room’s coziness. Upstairs, you will find two bedrooms, a full bathroom, and an open loft. The Hibiscus is perfect for your family or a revolving door of visitors who can’t wait to enjoy coastal living with you. *PHOTOS OF SIMILAR HOME*",3,2,1,2,1932,,,,,,,,,,,,,,,,,2,3,2,1,1932,2,,,,,,,,,,,,,,"https://media.cheshomes.com/241/2025/12/18/DSC06291_1.jpg?width=1920&height=1280&fit=bounds&ois=cd8bf30,https://media.cheshomes.com/241/2025/9/4/DSC06291.jpg?width=1920&height=1280&fit=bounds&ois=31df77d,https://media.cheshomes.com/241/2025/9/4/DSC06256.jpg?width=1920&height=1280&fit=bounds&ois=909b12b,https://media.cheshomes.com/241/2025/9/4/DSC06276.jpg?width=1920&height=1280&fit=bounds&ois=11ed251,https://media.cheshomes.com/241/2025/9/4/DSC06264.jpg?width=1920&height=1280&fit=bounds&ois=3ce21de,https://media.cheshomes.com/241/2025/9/4/DSC06284.jpg?width=1920&height=1280&fit=bounds&ois=be15b55,https://media.cheshomes.com/241/2025/9/4/DSC06269.jpg?width=1920&height=1280&fit=bounds&ois=f3b8629,https://media.cheshomes.com/241/2025/9/4/DSC06371.jpg?width=1920&height=1345&fit=bounds&ois=e910fcd,https://media.cheshomes.com/241/2025/9/4/DSC06504.jpg?width=1920&height=1280&fit=bounds&ois=07adb64,https://media.cheshomes.com/241/2025/9/4/DSC06301.jpg?width=1920&height=1280&fit=bounds&ois=3256b2f,https://media.cheshomes.com/241/2025/9/4/DSC06304.jpg?width=1920&height=1280&fit=bounds&ois=9fd23fc,https://media.cheshomes.com/241/2025/9/4/DSC06376.jpg?width=1920&height=1345&fit=bounds&ois=415e9ea,https://media.cheshomes.com/241/2025/9/4/DSC06346.jpg?width=1920&height=1280&fit=bounds&ois=8bf295f,https://media.cheshomes.com/241/2025/9/4/DSC06384.jpg?width=1920&height=1345&fit=bounds&ois=fdfdae3,https://media.cheshomes.com/241/2025/9/4/DSC06441.jpg?width=1920&height=1280&fit=bounds&ois=6934ee9,https://media.cheshomes.com/241/2025/9/4/dsc06505_1.jpg?width=1920&height=1440&fit=bounds&ois=a39b7bf,https://media.cheshomes.com/241/2025/9/4/DSC06336.jpg?width=1920&height=1280&fit=bounds&ois=2b597ed,https://media.cheshomes.com/241/2025/9/4/DSC06294.jpg?width=1920&height=1280&fit=bounds&ois=2082dbc,https://media.cheshomes.com/241/2025/9/4/DSC06249.jpg?width=1920&height=1280&fit=bounds&ois=546fb3e,https://media.cheshomes.com/241/2025/9/4/Night_6.jpg?width=1920&height=1280&fit=bounds&ois=126685f,https://media.cheshomes.com/241/2025/9/4/dsc06505_2.jpg?width=1920&height=1440&fit=bounds&ois=0a9db54,https://media.cheshomes.com/241/2025/9/4/exterior_image_2.jpg?width=1800&height=1200&fit=bounds&ois=f3bcab4"
https://www.cheshomes.com/new-homes/nc/lillington/the-farm-at-neills-creek/11916/121-barn-door-drive/1627535/,The Farm at Neill's Creek,35.404855144689286,-78.82092530555725,121 Barn Door Drive,Lillington,NC,,,,Move-In Ready,Chesapeake Homes,,,2,,,,,,,https://www.cheshomes.com,"Discover the perfect blend of small-town charm and big-time convenience at

The Farm at Neill's Creek

, a community of n

ew single-family homes

in Lillington, NC. A variety of floor plans ranging from

1,900 to 3,000 square feet

with features like a gourmet kitchen island perfect for entertaining and rear covered porches ideal for quiet summer evenings. The Farm at Neill's Creek will have everything you're looking for.

Located in

Harnett County

, Lillington offers peaceful surroundings with easy access to the surrounding Triangle area and

Downtown Raleigh

. Enjoy l

ocally owned shops

and restaurants in Downtown Lillington, explore the scenic

Cape Fear River

, or take advantage of nearby

parks and recreation

.

Find your home at The Farm at Neill's Creek, where thoughtfully designed new homes in

Lillington, NC

, combine comfort, style, and convenience.",,,"This nearly 2,500-square-foot home is the perfect choice for any family in search of a new place to call theirs. The Poppy is a spacious open-concept home with a total of five bedrooms. When you step off the covered front porch, you will step into a long foyer leading to the vast great room, dining room, and kitchen. While one bedroom and full bath are downstairs, up the stairs we find three more bedrooms with another full bath that is equipped with a double vanity. Continuing on the second floor is the vast owner's suite. With tray ceilings, sinks on two separate vanities, and a long walk-in closet, this just may turn into your favorite spot in the house. Right outside this suite is the laundry room. This gives the owner's suite easy access to this space. Perfect for all families, The Poppy allows activities to be streamlined within the home and provides peaceful rest for the days when you need it.",5,3,,2,2427,369900,,,,,,,,,,,,,,,,2,5,3,,2427,2,369900,,,,,,,,,,,,,"https://media.cheshomes.com/241/2026/3/20/131_Exterior_edit_sSqStdt.jpg?width=1920&height=1080&fit=bounds&ois=827c285,https://media.cheshomes.com/241/2026/3/20/7-web-or-mls-DJI_20260319110832_0127_D.jpg?width=1920&height=1080&fit=bounds&ois=3a5c5d5,https://media.cheshomes.com/241/2026/3/20/30-web-or-mls-VB4A4472.jpg?width=1920&height=1279&fit=bounds&ois=3228be0,https://media.cheshomes.com/241/2026/3/20/32-web-or-mls-VB4A4490.jpg?width=1920&height=1279&fit=bounds&ois=645442c,https://media.cheshomes.com/241/2026/3/20/33-web-or-mls-VB4A4493.jpg?width=1920&height=1279&fit=bounds&ois=6de4d5a,https://media.cheshomes.com/241/2026/3/20/31-web-or-mls-VB4A4484.jpg?width=1920&height=1279&fit=bounds&ois=be4b7ad,https://media.cheshomes.com/241/2026/3/20/29-web-or-mls-VB4A4466.jpg?width=1920&height=1279&fit=bounds&ois=ebe4d29,https://media.cheshomes.com/241/2026/3/20/28-web-or-mls-VB4A4463-3.jpg?width=1920&height=1279&fit=bounds&ois=1d12468,https://media.cheshomes.com/241/2026/3/20/27-web-or-mls-VB4A4454.jpg?width=1920&height=1279&fit=bounds&ois=430d65c,https://media.cheshomes.com/241/2026/3/20/25-web-or-mls-VB4A4448.jpg?width=1920&height=1279&fit=bounds&ois=62e1888,https://media.cheshomes.com/241/2026/3/20/26-web-or-mls-VB4A4451.jpg?width=1920&height=1279&fit=bounds&ois=ea448eb,https://media.cheshomes.com/241/2026/3/20/36-web-or-mls-VB4A4502.jpg?width=1920&height=1279&fit=bounds&ois=c906c50,https://media.cheshomes.com/241/2026/3/20/37-web-or-mls-VB4A4505.jpg?width=1920&height=1279&fit=bounds&ois=b098072,https://media.cheshomes.com/241/2026/3/20/38-web-or-mls-VB4A4508.jpg?width=1920&height=1279&fit=bounds&ois=a000e15,https://media.cheshomes.com/241/2026/3/20/39-web-or-mls-VB4A4511.jpg?width=1920&height=1279&fit=bounds&ois=12ddb58,https://media.cheshomes.com/241/2026/3/20/40-web-or-mls-VB4A4514.jpg?width=1920&height=1279&fit=bounds&ois=11fc87f,https://media.cheshomes.com/241/2026/3/20/21-web-or-mls-VB4A4436.jpg?width=1920&height=1279&fit=bounds&ois=878dbab,https://media.cheshomes.com/241/2026/3/20/22-web-or-mls-VB4A4439.jpg?width=1920&height=1279&fit=bounds&ois=a008cc5,https://media.cheshomes.com/241/2026/3/20/23-web-or-mls-VB4A4442.jpg?width=1920&height=1279&fit=bounds&ois=37102db,https://media.cheshomes.com/241/2026/3/20/24-web-or-mls-VB4A4445.jpg?width=1920&height=1279&fit=bounds&ois=e63f2cb,https://media.cheshomes.com/241/2026/3/20/20-web-or-mls-VB4A4433.jpg?width=1920&height=1279&fit=bounds&ois=1901080,https://media.cheshomes.com/241/2026/3/20/35-web-or-mls-VB4A4499.jpg?width=1920&height=1279&fit=bounds&ois=4d010a8,https://media.cheshomes.com/241/2026/3/20/34-web-or-mls-VB4A4496.jpg?width=1920&height=1279&fit=bounds&ois=6a96829,https://media.cheshomes.com/241/2026/3/20/43-web-or-mls-VB4A4538.jpg?width=1920&height=1279&fit=bounds&ois=b24b481,https://media.cheshomes.com/241/2026/3/20/44-web-or-mls-VB4A4541.jpg?width=1920&height=1279&fit=bounds&ois=490c69c,https://media.cheshomes.com/241/2026/3/20/45-web-or-mls-VB4A4544.jpg?width=1920&height=1279&fit=bounds&ois=2ac21a0,https://media.cheshomes.com/241/2026/3/20/46-web-or-mls-VB4A4553.jpg?width=1920&height=1279&fit=bounds&ois=cb009c0,https://media.cheshomes.com/241/2026/3/20/47-web-or-mls-VB4A4556.jpg?width=1920&height=1279&fit=bounds&ois=6c75346,https://media.cheshomes.com/241/2026/3/20/48-web-or-mls-VB4A4559.jpg?width=1920&height=1279&fit=bounds&ois=6d802d6,https://media.cheshomes.com/241/2026/3/20/49-web-or-mls-VB4A4562.jpg?width=1920&height=1279&fit=bounds&ois=28acf2d,https://media.cheshomes.com/241/2026/3/20/42-web-or-mls-VB4A4535.jpg?width=1920&height=1279&fit=bounds&ois=8a403de,https://media.cheshomes.com/241/2026/3/20/17-web-or-mls-DJI_20260319111202_0137_D.jpg?width=1920&height=1080&fit=bounds&ois=d370c7c,https://media.cheshomes.com/241/2026/3/20/14-web-or-mls-DJI_20260319111110_0134_D.jpg?width=1920&height=1080&fit=bounds&ois=937a07f,https://media.cheshomes.com/241/2026/3/20/16-web-or-mls-DJI_20260319111142_0136_D.jpg?width=1920&height=1080&fit=bounds&ois=4caa4c6,https://media.cheshomes.com/241/2026/3/20/12-web-or-mls-DJI_20260319111034_0132_D.jpg?width=1920&height=1080&fit=bounds&ois=cab1c4e,https://media.cheshomes.com/241/2026/3/20/9-web-or-mls-DJI_20260319110932_0129_D.jpg?width=1920&height=1080&fit=bounds&ois=f401a30,https://media.cheshomes.com/241/2026/3/20/6-print-DJI_20260319110723_0125_D.jpg?width=1920&height=1080&fit=bounds&ois=1ff5707,https://media.cheshomes.com/241/2026/3/20/131_Side_Exterior_edit_Hiu2McI.jpg?width=1920&height=1080&fit=bounds&ois=1f629b2"
https://www.cheshomes.com/new-homes/sc/myrtle-beach/traditions-at-carolina-forest/8444/1324-wykham-park-drive/1713958/,Traditions at Carolina Forest,33.7446274,-78.8791400,1324 Wykham Park Drive,Myrtle Beach,SC,,,Horry County,,Chesapeake Homes,,,2,,,,,,,https://www.cheshomes.com,"Welcome to Traditions at Carolina Forest

Traditions at Carolina Forest is a single-family home community located in the heart of Myrtle Beach, SC, within the highly sought-after Carolina Forest area. Designed for comfort, connection, and everyday convenience, this community offers a welcoming place to call home—no matter where you are in your homebuying journey.

Blending modern living with classic Southern charm, Traditions provides easy access to everything that makes coastal life so appealing. Residents are just minutes from Myrtle Beach’s beautiful beaches, championship golf courses, popular shopping destinations, local restaurants, and weekend festivals and entertainment. With excellent schools and top-rated medical centers nearby, Traditions at Carolina Forest is ideal for living, working, and enjoying life at every stage.

Community Amenities Designed for Every Lifestyle

Traditions at Carolina Forest offers a mix of amenities that support both active living and laid-back relaxation. Whether you're ready to settle in now or planning for the future, the community provides space to connect, recharge, and enjoy life.

Residents can gather at the beautifully designed clubhouse, featuring stylish indoor spaces perfect for social events, celebrations, or casual get-togethers. The attached fitness center includes modern cardio and strength-training equipment, making it easy to stay active without leaving the neighborhood.

On warm Carolina days, the sparkling community pool offers a refreshing escape with comfortable loungers and shaded areas for relaxing poolside. Families will appreciate the community playground, a safe and engaging space where children can play, explore, and make new friends close to home.

Pet owners will love the dedicated dog park, complete with open space and separate areas for small and large dogs, creating a welcoming environment for both pets and their people. Pickleball courts add another layer of fun and connection, offering opportunities for friendly competition, fitness, and social interaction for all skill levels.

A Connected Community in Carolina Forest

With its central location, everyday amenities, and flexible home options, Traditions at Carolina Forest offers a community designed to fit every stage of life. Whether you’re building, buying, or simply exploring what’s next, Traditions provides the space, comfort, and lifestyle you’ve been looking for.",,,"The Sunflower model is a bright and cheery home with over 1,500 square feet. This cozy floorplan combines comfort and efficiency seamlessly. Step into the great room with an open kitchen and family room from the covered porch. A spacious pantry behind the kitchen leads to a hallway with a convenient laundry room and access to the two-car garage. Two bedrooms and a full bathroom offer privacy away from the Owner's Suite. Enjoy beautiful sunsets from the rear covered porch off the family room. The Owner's Suite is a private oasis with a generous bath and large walk-in closet.There are endless opportunities for upgrades in the Sunflower to make it everything you want and need! Make The Sunflower your ideal home.*PHOTOS OF SIMILAR HOME*",3,2,,1,1510,,,,,,,,,,,,,,,,,2,3,2,,1510,1,,,,,,,,,,,,,,"https://media.cheshomes.com/241/2025/12/18/148_ZCUHNF1.jpg?width=1920&height=1279&fit=bounds&ois=2d1bd4a,https://media.cheshomes.com/241/2024/10/22/148_ZCUHNF1.jpg?width=1920&height=1279&fit=bounds&ois=5a844f3,https://media.cheshomes.com/241/2024/10/22/149_JiV6Ocp.jpg?width=1920&height=1279&fit=bounds&ois=893f7de,https://media.cheshomes.com/241/2024/10/22/144_c5Mmuuh.jpg?width=1920&height=1279&fit=bounds&ois=58703cd,https://media.cheshomes.com/241/2024/10/22/145_jJhSNp7.jpg?width=1920&height=1279&fit=bounds&ois=98920a8,https://media.cheshomes.com/241/2024/10/22/150_3JV63Cg.jpg?width=1920&height=1279&fit=bounds&ois=2cfed0f,https://media.cheshomes.com/241/2024/10/22/156_jWijX7I.jpg?width=1920&height=1279&fit=bounds&ois=12240e7,https://media.cheshomes.com/241/2024/10/22/151_X0ukrmN.jpg?width=1920&height=1279&fit=bounds&ois=8015019,https://media.cheshomes.com/241/2024/10/22/152_M0yheDp.jpg?width=1920&height=1279&fit=bounds&ois=f6ebd3b,https://media.cheshomes.com/241/2024/10/22/153_HmuDns5.jpg?width=1920&height=1279&fit=bounds&ois=4514a82,https://media.cheshomes.com/241/2024/10/22/157_0Z7yEdK.jpg?width=1920&height=1279&fit=bounds&ois=7bcbc2d,https://media.cheshomes.com/241/2024/10/22/158_iqPrWFh.jpg?width=959&height=1440&fit=bounds&ois=be69f66,https://media.cheshomes.com/241/2024/10/22/159_PHM648q.jpg?width=1920&height=1279&fit=bounds&ois=b66b891,https://media.cheshomes.com/241/2024/10/22/160_M4ubp9T.jpg?width=1920&height=1279&fit=bounds&ois=324c3a5,https://media.cheshomes.com/241/2024/10/22/161_Q6RqB03.jpg?width=1920&height=1279&fit=bounds&ois=996de5d,https://media.cheshomes.com/241/2024/10/22/162_QV8vF0z.jpg?width=1920&height=1279&fit=bounds&ois=0bf734b,https://media.cheshomes.com/241/2024/10/22/163_UEvhxlM.jpg?width=1920&height=1279&fit=bounds&ois=bb47a01,https://media.cheshomes.com/241/2024/10/22/164_RVnFkW5.jpg?width=1920&height=1279&fit=bounds&ois=1343db3,https://media.cheshomes.com/241/2024/10/22/165_JSOQgGU.jpg?width=1920&height=1279&fit=bounds&ois=e7b0409,https://media.cheshomes.com/241/2024/10/22/166_SxEs066.jpg?width=1920&height=1279&fit=bounds&ois=ad163a8,https://media.cheshomes.com/241/2024/10/22/167_9J7Mtxn.jpg?width=1920&height=1279&fit=bounds&ois=36f8807,https://media.cheshomes.com/241/2024/10/22/169_vyyUX07.jpg?width=1920&height=1279&fit=bounds&ois=c3167ff,https://media.cheshomes.com/241/2024/10/22/170_3UgzKrb.jpg?width=1920&height=1279&fit=bounds&ois=0d7a56d,https://media.cheshomes.com/241/2024/10/22/171_DRcYCms.jpg?width=959&height=1440&fit=bounds&ois=5009710,https://media.cheshomes.com/241/2024/10/22/172_1qJDW1S.jpg?width=959&height=1440&fit=bounds&ois=e463790,https://media.cheshomes.com/241/2024/10/22/173_yCm3dIR.jpg?width=1920&height=1279&fit=bounds&ois=047bed1,https://media.cheshomes.com/241/2024/10/22/175_J262uIR.jpg?width=1920&height=1279&fit=bounds&ois=8434750,https://media.cheshomes.com/241/2024/10/22/176_YafBSlf.jpg?width=1920&height=1279&fit=bounds&ois=b9bac63,https://media.cheshomes.com/241/2024/10/22/177_oIbgovG.jpg?width=1920&height=1279&fit=bounds&ois=7152865,https://media.cheshomes.com/241/2024/10/22/178_fq2Md8K.jpg?width=1920&height=1279&fit=bounds&ois=3ec503c,https://media.cheshomes.com/241/2024/10/22/179_fObQOlO.jpg?width=1920&height=1279&fit=bounds&ois=1e1bf6c,https://media.cheshomes.com/241/2024/10/22/180_K07FdJa.jpg?width=1920&height=1279&fit=bounds&ois=b0ffc94,https://media.cheshomes.com/241/2024/10/22/174_Te425mw.jpg?width=1920&height=1279&fit=bounds&ois=a843b82,https://media.cheshomes.com/241/2024/10/22/181_CxHoJyZ.jpg?width=1920&height=1279&fit=bounds&ois=c168b7e,https://media.cheshomes.com/241/2024/10/22/184_JilAuCW.jpg?width=1920&height=1279&fit=bounds&ois=8f568db"
https://www.cheshomes.com/new-homes/sc/myrtle-beach/traditions-at-carolina-forest/8444/1328-wykham-park-dr/1722229/,Traditions at Carolina Forest,33.7444785,-78.8791554,1328 Wykham Park Dr.,Myrtle Beach,SC,,,Horry County,Quick Move-In,Chesapeake Homes,,,2,,,,,,,https://www.cheshomes.com,"Welcome to Traditions at Carolina Forest

Traditions at Carolina Forest is a single-family home community located in the heart of Myrtle Beach, SC, within the highly sought-after Carolina Forest area. Designed for comfort, connection, and everyday convenience, this community offers a welcoming place to call home—no matter where you are in your homebuying journey.

Blending modern living with classic Southern charm, Traditions provides easy access to everything that makes coastal life so appealing. Residents are just minutes from Myrtle Beach’s beautiful beaches, championship golf courses, popular shopping destinations, local restaurants, and weekend festivals and entertainment. With excellent schools and top-rated medical centers nearby, Traditions at Carolina Forest is ideal for living, working, and enjoying life at every stage.

Community Amenities Designed for Every Lifestyle

Traditions at Carolina Forest offers a mix of amenities that support both active living and laid-back relaxation. Whether you're ready to settle in now or planning for the future, the community provides space to connect, recharge, and enjoy life.

Residents can gather at the beautifully designed clubhouse, featuring stylish indoor spaces perfect for social events, celebrations, or casual get-togethers. The attached fitness center includes modern cardio and strength-training equipment, making it easy to stay active without leaving the neighborhood.

On warm Carolina days, the sparkling community pool offers a refreshing escape with comfortable loungers and shaded areas for relaxing poolside. Families will appreciate the community playground, a safe and engaging space where children can play, explore, and make new friends close to home.

Pet owners will love the dedicated dog park, complete with open space and separate areas for small and large dogs, creating a welcoming environment for both pets and their people. Pickleball courts add another layer of fun and connection, offering opportunities for friendly competition, fitness, and social interaction for all skill levels.

A Connected Community in Carolina Forest

With its central location, everyday amenities, and flexible home options, Traditions at Carolina Forest offers a community designed to fit every stage of life. Whether you’re building, buying, or simply exploring what’s next, Traditions provides the space, comfort, and lifestyle you’ve been looking for.",,,"Introducing the Sycamore plan – luxury living at its finest with efficient use of space!This stunning home offers 1,795 square feet of pure elegance, featuring three bedrooms and two and a half bathrooms. Prepare to be amazed as you step into the open-concept downstairs living space. The great room, open kitchen, and dining area seamlessly blend together, creating an atmosphere that's perfect for both relaxation and entertaining. No matter how you choose to make this place your own, the Sycamore is more than just a house; it's a place you'll be proud to call home. Get ready to experience true comfort and make your dream home a reality with the Sycamore. *PHOTOS OF SIMILAR HOME*",3,2,1,2,1795,369900,,,,,,,,,,,,,,,,2,3,2,1,1795,2,369900,,,,,,,,,,,,,"https://media.cheshomes.com/241/2025/10/27/24-web-or-mls-VB4A2013.jpg?width=1920&height=1279&fit=bounds&ois=9e1091b,https://media.cheshomes.com/241/2025/10/27/26-web-or-mls-VB4A2019.jpg?width=1920&height=1279&fit=bounds&ois=29c0024,https://media.cheshomes.com/241/2025/10/27/27-web-or-mls-VB4A2022.jpg?width=1920&height=1279&fit=bounds&ois=995cf0e,https://media.cheshomes.com/241/2025/10/27/28-web-or-mls-VB4A2028.jpg?width=1920&height=1279&fit=bounds&ois=03c2b8e,https://media.cheshomes.com/241/2025/10/27/25-web-or-mls-VB4A2016.jpg?width=1920&height=1279&fit=bounds&ois=ed8dc26,https://media.cheshomes.com/241/2025/10/27/23-web-or-mls-VB4A2006.jpg?width=1920&height=1279&fit=bounds&ois=996b3c4,https://media.cheshomes.com/241/2025/10/27/21-web-or-mls-VB4A1995.jpg?width=1920&height=1279&fit=bounds&ois=b1e1f78,https://media.cheshomes.com/241/2025/10/27/22-web-or-mls-VB4A2004.jpg?width=1920&height=1279&fit=bounds&ois=40ba502,https://media.cheshomes.com/241/2025/10/27/29-web-or-mls-VB4A2031.jpg?width=1920&height=1279&fit=bounds&ois=01fff24,https://media.cheshomes.com/241/2025/10/27/33-web-or-mls-VB4A2052.jpg?width=1920&height=1279&fit=bounds&ois=9fe1af2,https://media.cheshomes.com/241/2025/10/27/35-web-or-mls-VB4A2061.jpg?width=1920&height=1279&fit=bounds&ois=a657e52,https://media.cheshomes.com/241/2025/10/27/32-web-or-mls-VB4A2049.jpg?width=1920&height=1279&fit=bounds&ois=afce153,https://media.cheshomes.com/241/2025/10/27/34-web-or-mls-VB4A2054.jpg?width=1920&height=1279&fit=bounds&ois=33b08f4,https://media.cheshomes.com/241/2025/10/27/36-web-or-mls-VB4A2070.jpg?width=1920&height=1279&fit=bounds&ois=43a95d4,https://media.cheshomes.com/241/2025/10/27/37-web-or-mls-VB4A2073.jpg?width=1920&height=1279&fit=bounds&ois=e1d8fe0,https://media.cheshomes.com/241/2025/10/27/38-web-or-mls-VB4A2078.jpg?width=1920&height=1279&fit=bounds&ois=e746342,https://media.cheshomes.com/241/2025/10/27/31-web-or-mls-VB4A2046.jpg?width=1920&height=1279&fit=bounds&ois=bd3ebac,https://media.cheshomes.com/241/2025/10/27/30-web-or-mls-VB4A2040.jpg?width=1920&height=1279&fit=bounds&ois=ca211b8,https://media.cheshomes.com/241/2025/10/27/41-web-or-mls-VB4A2093.jpg?width=1920&height=1279&fit=bounds&ois=7c79c94,https://media.cheshomes.com/241/2025/10/27/18-web-or-mls-VB4A1986.jpg?width=1920&height=1279&fit=bounds&ois=23afb6c,https://media.cheshomes.com/241/2025/10/27/39-web-or-mls-VB4A2085.jpg?width=1920&height=1279&fit=bounds&ois=1b35471,https://media.cheshomes.com/241/2025/10/27/40-web-or-mls-VB4A2088.jpg?width=1920&height=1279&fit=bounds&ois=7e0c094,https://media.cheshomes.com/241/2025/10/27/42-web-or-mls-VB4A2100.jpg?width=1920&height=1279&fit=bounds&ois=39ac223,https://media.cheshomes.com/241/2025/10/27/43-web-or-mls-VB4A2103.jpg?width=1920&height=1279&fit=bounds&ois=6bd47c4,https://media.cheshomes.com/241/2025/10/27/44-web-or-mls-VB4A2106.jpg?width=1920&height=1279&fit=bounds&ois=17f9334,https://media.cheshomes.com/241/2025/10/27/20-web-or-mls-VB4A1991.jpg?width=1920&height=1279&fit=bounds&ois=b1523a2,https://media.cheshomes.com/241/2025/10/27/45-web-or-mls-VB4A2109.jpg?width=1920&height=1279&fit=bounds&ois=8a3c5b3,https://media.cheshomes.com/241/2025/10/27/46-web-or-mls-VB4A2112.jpg?width=1920&height=1279&fit=bounds&ois=3cb7724,https://media.cheshomes.com/241/2025/10/27/10-web-or-mls-DJI_20241204103432_0689_D.JPG?width=1920&height=1080&fit=bounds&ois=c6ba112,https://media.cheshomes.com/241/2025/10/27/15-web-or-mls-DJI_20241204103827_0697_D.JPG?width=1920&height=1080&fit=bounds&ois=190a371,https://media.cheshomes.com/241/2025/10/27/2-web-or-mls-DJI_20241204103804_0696_D.JPG?width=1920&height=1080&fit=bounds&ois=56de4d6"
https://www.cheshomes.com/new-homes/nc/clayton/highgate/5972/135-railcar-way/1725634/,Highgate,35.6749,-78.4737,135 Railcar Way,Clayton,NC,,,,,Chesapeake Homes,,,2,,,,,,,https://www.cheshomes.com,"Your Search is Over! Located within 2 miles of vibrant

Downtown Clayton

, find a wide variety of high-quality new homes, built with care, in the

Final Phase at Highgate

. This picturesque Chesapeake Homes Community offers homeowners the best of both small-town charm and big-town convenience. Situated only minutes to the

Waterfront District, White Oak, and Downtown Raleigh

, this thriving Clayton epicenter provides a plethora of nearby shopping, dining, and entertainment options to appeal to all.

For families, Cooper Academy, Riverwood Middle School, and Clayton High School are all less than a 5-mile drive away. After school, embark on an adventure launching kayaks just around the corner, challenge sibling rivals at the local arcade, or cool off at the newly renovated Municipal Park Splashpad! Staying home? Enjoy the

exclusive Amenity Center

featuring an

outdoor pool, fitness equipment, and a Clubhouse

. Plus, all of this is surrounded by the invigorating

Greenway Trails

. There is fun for everyone! So, kick back, relax, and Welcome Home!",,,"The Maple beautifully ties indoor and outdoor living together. From the moment you walk up to the sweeping front porch, you can envision sitting on the porch enjoying the summer breeze and waving at your neighbors as they stroll by. Once you’re inside, you’ll experience the open flow of the great room, kitchen and dining room, providing ample views of your backyard and keeping the open space light and bright. With the Maple’s rear covered porch, enjoy amazing indoor-outdoor living.The upstairs of the Maple can elevate your standard of living. A large laundry room is conveniently located in the hallway. The loft, which can serve your family as a playroom or media room. For the Owner’s Suite, you’ll have fine details like a tray ceiling, walk-in closet, and a spa-inspired owner's bathroom.Come see us and discover if the Maple can be your family’s perfect home! *Photos of Similar Home Shown",3,2,1,2,2160,406900,,,,,,,,,,,,,,,,2,3,2,1,2160,2,406900,,,,,,,,,,,,,"https://media.cheshomes.com/241/2026/3/5/HF_27_Ext_mdctF6k.jpg?width=1920&height=1440&fit=bounds&ois=20b9510,https://media.cheshomes.com/241/2025/12/4/exterior_image_10.jpg?width=900&height=600&fit=bounds&ois=05bea77,https://media.cheshomes.com/241/2025/1/8/1-web-or-mls-DJI_20241204111946_0701_D.jpg?width=1920&height=1080&fit=bounds&ois=576cf12,https://media.cheshomes.com/241/2025/1/8/4-web-or-mls-DJI_20241204112029_0704_D.jpg?width=1920&height=1080&fit=bounds&ois=4b3a1a6,https://media.cheshomes.com/241/2025/1/8/25-web-or-mls-VB4A2147.jpg?width=1920&height=1279&fit=bounds&ois=8a04dcd,https://media.cheshomes.com/241/2025/1/8/26-web-or-mls-VB4A2150.jpg?width=1920&height=1279&fit=bounds&ois=08dfc40,https://media.cheshomes.com/241/2025/1/8/27-web-or-mls-VB4A2160.jpg?width=1920&height=1279&fit=bounds&ois=784351a,https://media.cheshomes.com/241/2025/1/8/28-web-or-mls-VB4A2166.jpg?width=1920&height=1279&fit=bounds&ois=4e16a67,https://media.cheshomes.com/241/2025/1/8/29-web-or-mls-VB4A2169.jpg?width=1920&height=1279&fit=bounds&ois=472fbbb,https://media.cheshomes.com/241/2025/1/8/30-web-or-mls-VB4A2172.jpg?width=1920&height=1279&fit=bounds&ois=1574495,https://media.cheshomes.com/241/2025/1/8/23-web-or-mls-VB4A2139.jpg?width=1920&height=1279&fit=bounds&ois=0ca09b6,https://media.cheshomes.com/241/2025/1/8/22-web-or-mls-VB4A2133.jpg?width=1920&height=1279&fit=bounds&ois=66061e3,https://media.cheshomes.com/241/2025/1/8/24-web-or-mls-VB4A2142.jpg?width=1920&height=1279&fit=bounds&ois=0433a01,https://media.cheshomes.com/241/2025/1/8/19-web-or-mls-VB4A2121.jpg?width=1920&height=1279&fit=bounds&ois=74a4fb3,https://media.cheshomes.com/241/2025/1/8/20-web-or-mls-VB4A2127.jpg?width=1920&height=1279&fit=bounds&ois=35653f0,https://media.cheshomes.com/241/2025/1/8/21-web-or-mls-VB4A2130.jpg?width=1920&height=1279&fit=bounds&ois=f73041e,https://media.cheshomes.com/241/2025/1/8/34-web-or-mls-VB4A2184.jpg?width=1920&height=1279&fit=bounds&ois=1970e59,https://media.cheshomes.com/241/2025/1/8/35-web-or-mls-VB4A2187.jpg?width=1920&height=1279&fit=bounds&ois=ce9a135,https://media.cheshomes.com/241/2025/1/8/36-web-or-mls-VB4A2190.jpg?width=1920&height=1279&fit=bounds&ois=43e1fe5,https://media.cheshomes.com/241/2025/1/8/37-web-or-mls-VB4A2193.jpg?width=1920&height=1279&fit=bounds&ois=5705097,https://media.cheshomes.com/241/2025/1/8/38-web-or-mls-VB4A2196.jpg?width=1920&height=1279&fit=bounds&ois=59d93ce,https://media.cheshomes.com/241/2025/1/8/17-web-or-mls-VB4A2115.jpg?width=1920&height=1279&fit=bounds&ois=e5902cf,https://media.cheshomes.com/241/2025/1/8/18-web-or-mls-VB4A2118.jpg?width=1920&height=1279&fit=bounds&ois=33ab20d,https://media.cheshomes.com/241/2025/1/8/32-web-or-mls-VB4A2178.jpg?width=1920&height=1279&fit=bounds&ois=0e023b7,https://media.cheshomes.com/241/2025/1/8/33-web-or-mls-VB4A2180.jpg?width=1920&height=1279&fit=bounds&ois=dcf5be8,https://media.cheshomes.com/241/2025/1/8/41-web-or-mls-VB4A2205.jpg?width=1920&height=1279&fit=bounds&ois=a52666b,https://media.cheshomes.com/241/2025/1/8/40-web-or-mls-VB4A2202.jpg?width=1920&height=1279&fit=bounds&ois=2f679c1,https://media.cheshomes.com/241/2025/1/8/44-web-or-mls-VB4A2214.jpg?width=1920&height=1279&fit=bounds&ois=e2a9dd9,https://media.cheshomes.com/241/2025/1/8/42-web-or-mls-VB4A2208.jpg?width=1920&height=1279&fit=bounds&ois=26d9d5b,https://media.cheshomes.com/241/2025/1/8/43-web-or-mls-VB4A2211.jpg?width=1920&height=1279&fit=bounds&ois=2acd76b,https://media.cheshomes.com/241/2025/1/8/39-web-or-mls-VB4A2199.jpg?width=1920&height=1279&fit=bounds&ois=ff04607,https://media.cheshomes.com/241/2025/1/8/31-web-or-mls-VB4A2175.jpg?width=1920&height=1279&fit=bounds&ois=c8b84f8,https://media.cheshomes.com/241/2025/1/8/15-web-or-mls-DJI_20241204112620_0719_D.jpg?width=1920&height=1080&fit=bounds&ois=2a6b3cd,https://media.cheshomes.com/241/2025/12/4/exterior_image_10.jpg?width=900&height=600&fit=bounds&ois=05bea77"
https://www.cheshomes.com/new-homes/nc/clayton/highgate/5972/141-railcar-way/1725633/,Highgate,35.6747,-78.4743,141 Railcar Way,Clayton,NC,,,,,Chesapeake Homes,,,2,,,,,,,https://www.cheshomes.com,"Your Search is Over! Located within 2 miles of vibrant

Downtown Clayton

, find a wide variety of high-quality new homes, built with care, in the

Final Phase at Highgate

. This picturesque Chesapeake Homes Community offers homeowners the best of both small-town charm and big-town convenience. Situated only minutes to the

Waterfront District, White Oak, and Downtown Raleigh

, this thriving Clayton epicenter provides a plethora of nearby shopping, dining, and entertainment options to appeal to all.

For families, Cooper Academy, Riverwood Middle School, and Clayton High School are all less than a 5-mile drive away. After school, embark on an adventure launching kayaks just around the corner, challenge sibling rivals at the local arcade, or cool off at the newly renovated Municipal Park Splashpad! Staying home? Enjoy the

exclusive Amenity Center

featuring an

outdoor pool, fitness equipment, and a Clubhouse

. Plus, all of this is surrounded by the invigorating

Greenway Trails

. There is fun for everyone! So, kick back, relax, and Welcome Home!",,,"The Sycamore plan was created to provide luxury living in an efficient use of space! This home boasts 1,795 square feet of living space with three bedrooms and two and a half bathrooms. You have several opportunities to make the Sycamore even more personal to create your dream home: converting the open loft to a fourth bedroom, adding a rear covered porch, as well as a gas fireplace in your great room.Living is easy in the open concept downstairs living space. The great room, open kitchen, and dining area flow seamlessly from one room to the next. And with the option to upgrade your kitchen space with optional double wall ovens and a large center island, your gourmet kitchen will truly enhance the heart of the home. No matter how you choose to create your space, your Sycamore is a house you can be proud to call home. *Photos of Similar Home Shown",3,2,1,2,1795,389900,,,,,,,,,,,,,,,,2,3,2,1,1795,2,389900,,,,,,,,,,,,,"https://media.cheshomes.com/241/2026/3/5/HF_26_Ext.jpg?width=1920&height=1440&fit=bounds&ois=be7813f,https://media.cheshomes.com/241/2025/12/4/exterior_image_9.jpg?width=1800&height=1200&fit=bounds&ois=7d71ca9,https://media.cheshomes.com/241/2020/7/31/Sycamore-Clayton-New_Home-Exterior_2.jpg?width=1920&height=1280&fit=bounds&ois=05159a9,https://media.cheshomes.com/241/2020/7/31/Sycamore-Clayton-New_Home-Exterior.jpg?width=900&height=600&fit=bounds&ois=a0d0e44,https://media.cheshomes.com/241/2020/7/31/Sycamore-Clayton-New_Home-Kitchen_2.jpg?width=900&height=600&fit=bounds&ois=7e82fc0,https://media.cheshomes.com/241/2020/7/31/Sycamore-Clayton-New_Home-Kitchen_4.jpg?width=900&height=600&fit=bounds&ois=2189a46,https://media.cheshomes.com/241/2020/7/31/Sycamore-Clayton-New_Home-Kitchen_3.jpg?width=900&height=600&fit=bounds&ois=11d1e84,https://media.cheshomes.com/241/2020/7/31/Sycamore-Clayton-New_Home-Kitchen_0OwIWtJ.jpg?width=900&height=600&fit=bounds&ois=4ba08b7,https://media.cheshomes.com/241/2020/7/31/Sycamore-Clayton-New_Home-Kitchen_5.jpg?width=900&height=600&fit=bounds&ois=f4215fc,https://media.cheshomes.com/241/2020/7/31/Sycamore-Clayton-New_Home-Dining.jpg?width=900&height=600&fit=bounds&ois=7713f2c,https://media.cheshomes.com/241/2020/7/31/Sycamore-Clayton-New_Home-Dining_2.jpg?width=900&height=600&fit=bounds&ois=2071b22,https://media.cheshomes.com/241/2020/7/31/Sycamore-Clayton-New_Home-Kitchen_Dining.jpg?width=900&height=600&fit=bounds&ois=fb932f3,https://media.cheshomes.com/241/2020/7/31/Sycamore-Clayton-New_Home-Great_Room_9prHEqX.jpg?width=900&height=600&fit=bounds&ois=472ff1b,https://media.cheshomes.com/241/2020/7/31/Sycamore-Clayton-New_Home-Great_Room.jpg?width=900&height=600&fit=bounds&ois=2ef5ffb,https://media.cheshomes.com/241/2020/7/31/Sycamore-Clayton-New_Home-Great_Room_2.jpg?width=900&height=600&fit=bounds&ois=546fcdf,https://media.cheshomes.com/241/2020/7/31/Sycamore-Clayton-New_Home-Great_Room_3.jpg?width=900&height=600&fit=bounds&ois=61258fc,https://media.cheshomes.com/241/2020/7/31/Sycamore-Clayton-New_Home-Kitchen.jpg?width=900&height=600&fit=bounds&ois=dcb8fb5,https://media.cheshomes.com/241/2020/7/31/Sycamore-Clayton-New_Home-Owners_Suite_2.jpg?width=900&height=600&fit=bounds&ois=7490c22,https://media.cheshomes.com/241/2020/7/31/Sycamore-Clayton-New_Home-Owners_Suite.jpg?width=900&height=600&fit=bounds&ois=ac346e2,https://media.cheshomes.com/241/2020/7/31/Sycamore-Clayton-New_Home-Owners_Bath_2.jpg?width=900&height=600&fit=bounds&ois=94a2aaa,https://media.cheshomes.com/241/2020/7/31/Sycamore-Clayton-New_Home-Owners_Bath.jpg?width=900&height=600&fit=bounds&ois=aa78bcd,https://media.cheshomes.com/241/2020/7/31/Sycamore-Clayton-New_Home-Owners_Bath_3.jpg?width=900&height=600&fit=bounds&ois=6517f89,https://media.cheshomes.com/241/2020/7/31/Sycamore-Clayton-New_Home-Owners_Closet.jpg?width=900&height=600&fit=bounds&ois=8a8fcb6,https://media.cheshomes.com/241/2020/7/31/Sycamore-Clayton-New_Home-Foyer.jpg?width=900&height=600&fit=bounds&ois=276df48,https://media.cheshomes.com/241/2020/7/31/Sycamore-Clayton-New_Home-Bedroom_2.jpg?width=900&height=600&fit=bounds&ois=69d571e,https://media.cheshomes.com/241/2020/7/31/Sycamore-Clayton-New_Home-Bedroom_3.jpg?width=900&height=600&fit=bounds&ois=9edc9d0,https://media.cheshomes.com/241/2020/7/31/Sycamore-Clayton-New_Home-Bedroom_3-2.jpg?width=900&height=600&fit=bounds&ois=1b7fe3a,https://media.cheshomes.com/241/2020/7/31/Sycamore-Clayton-New_Home-Hall_Bath.jpg?width=900&height=600&fit=bounds&ois=c603c86,https://media.cheshomes.com/241/2020/7/31/Sycamore-Clayton-New_Home-Bedroom_3-3.jpg?width=900&height=600&fit=bounds&ois=6f71e63,https://media.cheshomes.com/241/2020/7/31/Sycamore-Clayton-New_Home-Bedroom_4.jpg?width=900&height=600&fit=bounds&ois=4d1af03,https://media.cheshomes.com/241/2020/7/31/Sycamore-Clayton-New_Home-Bedroom_4-2.jpg?width=900&height=600&fit=bounds&ois=0896c50,https://media.cheshomes.com/241/2020/7/31/Sycamore-Clayton-New_Home-Laundry_Room.jpg?width=900&height=600&fit=bounds&ois=96cc9c9,https://media.cheshomes.com/241/2020/7/31/Sycamore-Clayton-New_Home-Exterior_Rear.jpg?width=900&height=600&fit=bounds&ois=5d13249,https://media.cheshomes.com/241/2020/7/31/Sycamore-Clayton-New_Home-Exterior_Patio.jpg?width=900&height=600&fit=bounds&ois=aeccd9c"
https://www.cheshomes.com/new-homes/sc/loris/the-willows/11599/131-little-cedar-drive/1691753/,The Willows,33.9828130,-78.7576766,131 Little Cedar Drive,Loris,SC,,,,Quick Move-In,Chesapeake Homes,,,2,,,,,,,https://www.cheshomes.com,"Welcome to the Willows!

Get ready to fall head over heels in love with

The Willows

, our breathtaking single-family home community in charming

Loris, SC

! Bask in the tranquility of dreamy country living on

up to 1/4 acre homesites

while still being just a beat away from the awe-inspiring South Carolina coast.

Larger homesites

are the perfect setting for options like our

three-car garages

, perfect for that extra storage space or workshop.

This community is your ultimate

sanctuary

- a haven to unwind, but located just within a few miles of all the thrilling adventures that

Myrtle Beach

has to offer! Be a stone's throw from countless dining options, entertainment, and sports venues, so you'll never get to experience a dull moment!

Golf Courses in the Area

And hey, golf lovers, brace yourselves for some exhilarating news! Right outside your doorstep lies

Crown Park Golf Club

, great for amateur golfers! If you want to explore additional courses,

Little River

, a paradise for golf enthusiasts, is only minutes away, boasting some of the most competitive courses around. In fact, there are 51 golf courses within 20 miles of Loris, offering endless opportunities to tee off in style. You will not run out of amazing opportunities to show off your swing!

Planned Community Amenities

Dreaming of an all-year-round vacation? Your hunt ends here at

! Feel the relaxation with our planned top-notch amenities, crafted to support the wholesome, active, and fun-filled lifestyle you crave. Picture yourself at our

clubhouse, fitness center, pool, pickleball courts, and bocce ball courts

at the Willows!

Cast away your worries and fill your life with exhilarating excitement at our tucked away gem,

!",,,"Life is simply divine in the Longboard model at The Willows. Featuring 2,459 square feet of comfortable living space, this beautiful one-story home offers three bedrooms, two bathrooms, and a wide-open floor plan. From either the covered front porch, covered rear porch, or two-car garage, you’ll enter into an airy layout that connects the kitchen, dining, and great room—perfect for gathering with family and friends.Just beyond the great room, you’ll find two large bedrooms with walk-in closets, a full bathroom, and a spacious laundry room. The stunning owner’s suite includes an extra-large bedroom, two walk-in closets, and a deluxe bathroom designed for both style and comfort. The Longboard blends open, welcoming spaces with thoughtfully designed private retreats—making it the ideal place to call home.*PHOTOS OF SIMILAR HOME*",3,2,,1,1945,418900,,,,,,,,,,,,,,,,2,3,2,,1945,1,418900,,,,,,,,,,,,,"https://media.cheshomes.com/241/2026/1/15/A92A1794.jpg?width=1920&height=1152&fit=bounds&ois=6291e83,https://media.cheshomes.com/241/2026/1/15/A92A1743.jpg?width=1920&height=1152&fit=bounds&ois=ff8a029,https://media.cheshomes.com/241/2026/1/15/A92A1809.jpg?width=1920&height=1152&fit=bounds&ois=07a66cc,https://media.cheshomes.com/241/2026/1/15/A92A1749.jpg?width=1920&height=1152&fit=bounds&ois=e1ec626,https://media.cheshomes.com/241/2026/1/15/A92A1819.jpg?width=1920&height=1152&fit=bounds&ois=a7197ce,https://media.cheshomes.com/241/2026/1/15/A92A1738.jpg?width=1920&height=1152&fit=bounds&ois=20c0760,https://media.cheshomes.com/241/2026/1/15/A92A1774.jpg?width=1920&height=1152&fit=bounds&ois=7b9bcac,https://media.cheshomes.com/241/2026/1/15/A92A1830.jpg?width=1920&height=1152&fit=bounds&ois=ef9fc84,https://media.cheshomes.com/241/2026/1/15/A92A1769.jpg?width=1920&height=1152&fit=bounds&ois=85ebd39,https://media.cheshomes.com/241/2026/1/15/A92A1834.jpg?width=1920&height=1152&fit=bounds&ois=420c8ad,https://media.cheshomes.com/241/2026/1/15/A92A1844.jpg?width=1920&height=1152&fit=bounds&ois=5c4f630,https://media.cheshomes.com/241/2026/1/15/A92A1859.jpg?width=1920&height=1152&fit=bounds&ois=ecbb448,https://media.cheshomes.com/241/2026/1/15/A92A1864.jpg?width=1920&height=1152&fit=bounds&ois=f32e7bd,https://media.cheshomes.com/241/2026/1/15/A92A1874.jpg?width=1920&height=1152&fit=bounds&ois=bbe2665,https://media.cheshomes.com/241/2026/1/15/A92A1884.jpg?width=1920&height=1152&fit=bounds&ois=8160d10,https://media.cheshomes.com/241/2026/1/15/A92A1880.jpg?width=1920&height=1152&fit=bounds&ois=7b5816e,https://media.cheshomes.com/241/2026/1/15/A92A1899.jpg?width=1920&height=1152&fit=bounds&ois=60003f4,https://media.cheshomes.com/241/2026/1/15/A92A1894.jpg?width=1920&height=1280&fit=bounds&ois=692a8e3,https://media.cheshomes.com/241/2026/1/15/A92A1678.jpg?width=1920&height=1152&fit=bounds&ois=93ca1e3,https://media.cheshomes.com/241/2026/1/15/A92A1724.jpg?width=1920&height=1152&fit=bounds&ois=167b496,https://media.cheshomes.com/241/2026/1/15/A92A1729.jpg?width=1920&height=1152&fit=bounds&ois=084dd2b,https://media.cheshomes.com/241/2026/1/15/A92A1698.jpg?width=1920&height=1152&fit=bounds&ois=ac5bf15,https://media.cheshomes.com/241/2026/1/15/A92A1713.jpg?width=1920&height=1152&fit=bounds&ois=f49cc27,https://media.cheshomes.com/241/2026/1/15/A92A1733.jpg?width=1920&height=1152&fit=bounds&ois=a67639f,https://media.cheshomes.com/241/2026/1/15/A92A1704.jpg?width=1920&height=1152&fit=bounds&ois=3f04b61,https://media.cheshomes.com/241/2026/1/15/A92A1708.jpg?width=1920&height=1152&fit=bounds&ois=b409d2e,https://media.cheshomes.com/241/2026/1/15/A92A1955.jpg?width=1920&height=1152&fit=bounds&ois=95f272b,https://media.cheshomes.com/241/2026/1/15/A92A1961.jpg?width=1920&height=1152&fit=bounds&ois=fb37ae2"
https://www.cheshomes.com/new-homes/nc/hertford/belmont-at-albemarle/11508/142-quarter-horse-loop/1025332/,Belmont at Albemarle,36.0966,-76.3927,142 Quarter Horse Loop,Hertford,NC,,,,Move-In Ready,Chesapeake Homes,,,2,,,,,,,https://www.cheshomes.com,"Welcome to Belmont at Albemarle, our single family master planned community in

Hertford, NC

! We are bringing our tried and true floor plans to this established community that is chock-full of things to do! Experience an adventure-packed day with a breathtaking start each morning at Belmont! Located on

North Carolina's Inner Banks

, the area offers so many activities in its peaceful scenery. Relax and unwind while

kayaking or sailing

out on tranquil waters, then have some fun playing

pickleball and bocce

before exploring charming

small towns nearby

. Take advantage of easy

access to Virginia’s Tidewater region,

only about an hour away. At this idyllic spot tucked away along NC's coast, your adventures will be endless!

Enjoy a

luxurious and worry-free lifestyle

at the stunning Belmont at Albemarle! Here, life is like being on vacation every day. Gather with family & friends to hang out by

Marina Park’s waterfront

, hop in your boat for an adventure to nearby historic towns, or head over to Norfolk's trendy shops & restaurants - there are endless activities that will keep you entertained year-round. Plus,

join the Yacht Club

, volunteer programs, and art classes as part of this community experience! That's just a part of what makes living here so amazing (hint: it doesn't hurt that

Dockside Café

has awesome brick oven pizzas)! Reach out today to schedule your tour of this beautiful community!",,,"Stroll into the Boardwalk with nearly 2,200 square feet of first-floor coastal-inspired features. Upon entering from a large covered front porch, discover a prominent foyer leading to a spacious main living area. Two bedrooms with large closets and a full bath are located on the left, with an open dining area just ahead. A large island in the kitchen offers additional seating and a surplus of counter space for large dinner parties or cooking large meals. Enjoy smaller meals with a breakfast area looking out onto the beautiful view of your backyard. From the great room, breeze through the back door onto a large, covered porch. The Boardwalk’s owner's suite offers an enormous walk-in closet accompanied by a beautiful owner's bath with a deluxe seated shower.Life in this community comes with more than just a beautiful home. It brings a new lifestyle. Spend your days unwinding by the resort-style pool overlooking the water, staying active in the fitness center, or enjoying a friendly game out on the tennis or bocce ball courts. The community center is perfect for gathering with neighbors or hosting your next celebration, and even your four-legged friends can join in on the fun at the dog park. Take advantage of the kayak launch for a peaceful paddle, or, if you’re looking for even more recreation, join the marina or golf club. The Clubhouse and Dockside Restaurant are right in the neighborhood when you don't feel like cooking. Amenities that blend everyday convenience with resort-style comfort make it easy to see why this community will feel like home instantly. Make the Boardwalk in Belmont at Albemarle the model you call “home” today!",3,2,,1,2189,414900,,,,,,,,,,,,,,,,2,3,2,,2189,1,414900,,,,,,,,,,,,,"https://media.cheshomes.com/241/2026/3/5/AP_142_58_of_71_hRGrGW1.jpg?width=1920&height=1216&fit=bounds&ois=4142adf,https://media.cheshomes.com/241/2026/3/5/AP_142_6_of_71.jpg?width=1920&height=1280&fit=bounds&ois=b4b95b4,https://media.cheshomes.com/241/2025/11/19/26-web-or-mls-BLS_0048.jpg?width=1920&height=1279&fit=bounds&ois=b12462b,https://media.cheshomes.com/241/2025/11/19/28-web-or-mls-BLS_0054.jpg?width=1920&height=1279&fit=bounds&ois=2a0dddd,https://media.cheshomes.com/241/2025/11/19/25-web-or-mls-BLS_0045.jpg?width=1920&height=1279&fit=bounds&ois=25588f5,https://media.cheshomes.com/241/2025/11/19/24-web-or-mls-BLS_0042.jpg?width=1920&height=1279&fit=bounds&ois=cc206e4,https://media.cheshomes.com/241/2025/11/19/33-web-or-mls-BLS_0069.jpg?width=1920&height=1279&fit=bounds&ois=1116cc6,https://media.cheshomes.com/241/2025/11/19/31-web-or-mls-BLS_0063.jpg?width=1920&height=1279&fit=bounds&ois=6043f73,https://media.cheshomes.com/241/2025/11/19/27-web-or-mls-BLS_0051.jpg?width=1920&height=1279&fit=bounds&ois=0527b06,https://media.cheshomes.com/241/2025/11/19/32-web-or-mls-BLS_0066.jpg?width=1920&height=1279&fit=bounds&ois=46d2900,https://media.cheshomes.com/241/2025/11/19/29-web-or-mls-BLS_0057_dYiipka.jpg?width=1920&height=1279&fit=bounds&ois=e5aae43,https://media.cheshomes.com/241/2025/11/19/30-web-or-mls-BLS_0060.jpg?width=1920&height=1279&fit=bounds&ois=9df8f07,https://media.cheshomes.com/241/2025/11/19/34-web-or-mls-BLS_0072.jpg?width=1920&height=1279&fit=bounds&ois=4cce937,https://media.cheshomes.com/241/2025/11/19/35-web-or-mls-BLS_0075.jpg?width=1920&height=1279&fit=bounds&ois=a2070bc,https://media.cheshomes.com/241/2025/11/19/36-web-or-mls-BLS_0078.jpg?width=1920&height=1279&fit=bounds&ois=4bd0915,https://media.cheshomes.com/241/2025/11/19/37-web-or-mls-BLS_0081.jpg?width=1920&height=1279&fit=bounds&ois=3e3d448,https://media.cheshomes.com/241/2025/11/19/41-web-or-mls-BLS_0093.jpg?width=1920&height=1279&fit=bounds&ois=b82bc54,https://media.cheshomes.com/241/2025/11/19/40-web-or-mls-BLS_0090.jpg?width=1920&height=1279&fit=bounds&ois=9a8b39a,https://media.cheshomes.com/241/2025/11/19/5-web-or-mls-BLS_0003_1.jpg?width=1920&height=1279&fit=bounds&ois=7907b8b,https://media.cheshomes.com/241/2025/11/19/9-web-or-mls-BLS_0006_1.jpg?width=1920&height=1279&fit=bounds&ois=2f20aa1,https://media.cheshomes.com/241/2025/11/19/21-web-or-mls-BLS_0033.jpg?width=1920&height=1279&fit=bounds&ois=f2f2e8b,https://media.cheshomes.com/241/2025/11/19/22-web-or-mls-BLS_0036.jpg?width=1920&height=1279&fit=bounds&ois=ef923e1,https://media.cheshomes.com/241/2025/11/19/20-web-or-mls-BLS_0030.jpg?width=1920&height=1279&fit=bounds&ois=22807a3,https://media.cheshomes.com/241/2025/11/19/13-web-or-mls-BLS_0009_1.jpg?width=1920&height=1279&fit=bounds&ois=32e7e4b,https://media.cheshomes.com/241/2025/11/19/15-web-or-mls-BLS_0012.jpg?width=1920&height=1279&fit=bounds&ois=dedefa1,https://media.cheshomes.com/241/2025/11/19/18-web-or-mls-BLS_0021.jpg?width=1920&height=1279&fit=bounds&ois=8dbbf61,https://media.cheshomes.com/241/2025/11/19/16-web-or-mls-BLS_0015.jpg?width=1920&height=1279&fit=bounds&ois=6029362,https://media.cheshomes.com/241/2025/11/19/17-web-or-mls-BLS_0018.jpg?width=1920&height=1279&fit=bounds&ois=22b46c2,https://media.cheshomes.com/241/2025/11/19/23-web-or-mls-BLS_0039.jpg?width=1920&height=1279&fit=bounds&ois=0705f61,https://media.cheshomes.com/241/2026/3/5/AP_142_7_of_71.jpg?width=1920&height=1280&fit=bounds&ois=7b2630c,https://media.cheshomes.com/241/2026/3/5/AP_142_5_of_71.jpg?width=1920&height=1280&fit=bounds&ois=2a4248c,https://media.cheshomes.com/241/2026/3/5/AP_142_4_of_71.jpg?width=1920&height=1280&fit=bounds&ois=dfd33d4,https://media.cheshomes.com/241/2026/3/5/AP_142_2_of_71.jpg?width=1920&height=1280&fit=bounds&ois=dbdf1fb,https://media.cheshomes.com/241/2025/11/19/45-web-or-mls-DJI_20251118130213_0066_D.jpg?width=1920&height=1440&fit=bounds&ois=d67b0a7,https://media.cheshomes.com/241/2025/11/19/46-web-or-mls-DJI_20251118130226_0067_D.jpg?width=1920&height=1440&fit=bounds&ois=b0c4333,https://media.cheshomes.com/241/2025/11/19/47-web-or-mls-DJI_20251118130241_0068_D.jpg?width=1920&height=1440&fit=bounds&ois=d0ee804,https://media.cheshomes.com/241/2025/11/19/49-web-or-mls-DJI_20251118130313_0070_D.jpg?width=1920&height=1440&fit=bounds&ois=87dc65b,https://media.cheshomes.com/241/2025/11/19/50-web-or-mls-DJI_20251118130332_0071_D.jpg?width=1920&height=1440&fit=bounds&ois=23e4359,https://media.cheshomes.com/241/2025/10/9/Albemarle_Community_v98Aj8n.jpg?width=1920&height=1280&fit=bounds&ois=4749ad8,https://media.cheshomes.com/241/2025/10/9/AP_Dining_lD9MD7t.jpeg?width=1796&height=1440&fit=bounds&ois=ae13e3b,https://media.cheshomes.com/241/2025/10/9/Albemarle_Tennis_mpYloPl.jpg?width=1920&height=1357&fit=bounds&ois=2d59166,https://media.cheshomes.com/241/2025/10/9/Albemarle_Dog_Park_jIhXCT5.jpg?width=1920&height=1280&fit=bounds&ois=3690add,https://media.cheshomes.com/241/2025/10/9/AP_BOcce_TvrJmQ9.jpeg?width=1920&height=1280&fit=bounds&ois=b9c3f66,https://media.cheshomes.com/241/2025/10/9/AP_people_TbXzlfW.jpeg?width=1920&height=1358&fit=bounds&ois=214ebf5,https://media.cheshomes.com/241/2025/10/9/Albemarle_Kayak_YDuw6xz.jpg?width=1920&height=1280&fit=bounds&ois=be70703,https://media.cheshomes.com/241/2025/10/9/Albemarle_6-2022_TeeOff_CoveredBridge-2_dqqvfsm.jpg?width=1920&height=1359&fit=bounds&ois=bd98d04,https://media.cheshomes.com/241/2025/10/9/Albemarle_Pool_1_6bdRHRn.jpg?width=1920&height=1280&fit=bounds&ois=202f445,https://media.cheshomes.com/241/2025/10/9/Albemarle_6-2022_HomesScenics1106_gLDflKd.jpg?width=1920&height=1256&fit=bounds&ois=112258e"
https://www.cheshomes.com/new-homes/va/hampton/townes-at-coliseum-central/13981/144-freeman-drive/1722548/,Townes at Coliseum Central,37.036,-76.3363,144 Freeman Drive,Hampton,VA,,,Hampton City Public Schools,Move-In Ready,Chesapeake Homes,,,2,,,,,,,https://www.cheshomes.com,"Get ready to call Hampton, Virginia home with these beautiful

luxury three-story townhomes

at the

Townes at Coliseum Central.

The perfect location for anyone who wants to have their own oasis away from the hustle and bustle of everyday life, but also be close enough to all the fun, food, and festivals that Hampton offers. In the summer spend the day at

Buckroe Beach

or take a walk at

Grandview Nature Preserve

. You can also take a stroll along

Hampton's Water Walk trail

any time of year. In December, the trail is a holiday explosion of lights, decorations and picturesque fun for the whole family.

If the outdoors is not your thing, don't worry, lots of food and shopping are also nearby.

Cuisine

from across the globe is represented in the area, including

coastal flavors, soul food, Middle Eastern, Mexican,

and of course

tasty craft beverages.

Plus, with the

Hampton Coliseum

so close, a night out at a show or concert is a breeze.

History

is a big part of the city, so there is always something new to learn about Hampton. You can also check out

various tours

,

museums

, and

forts

close by. Thankfully you will never get bored here, because beyond your cozy new townhome at The Townes at Coliseum Central, you will also be a close drive to many areas such as Norfolk, Virginia Beach, and Chesapeake.

The Townes at Coliseum Central is the perfect spacious townhome for all lifestyles.",,,"Welcome home to the Gala, a three-story townhome that combines function and style into your everyday life. This floor plan features 4 bedrooms and 3.5 bathrooms in over 2,000 square feet of luxury living. The first floor holds a bedroom, bathroom, the foyer, and access to your two-car garage. On the second floor, you will find a spacious living room, powder room, and dining room that is connected to your kitchen, separated by a large island. On the third floor, you will find two bedrooms, your owner suite with ensuite bathroom, as well as another full bath and laundry room. The Gala is the perfect option for anyone looking for spacious townhome living in a location second to none.",4,3,1,3,2078,414900,,,,,,,,,,,,,,,,2,4,3,1,2078,3,414900,,,,,,,,,,,,,"https://media.cheshomes.com/241/2026/2/23/31_exteiror_no_blur.jpg?width=1920&height=1374&fit=bounds&ois=85575b5,https://media.cheshomes.com/241/2026/2/23/21-web-or-mls-144Exterior-4.jpg?width=1920&height=1279&fit=bounds&ois=49c0833,https://media.cheshomes.com/241/2026/2/23/37-web-or-mls-144HDR-33.jpg?width=1920&height=1279&fit=bounds&ois=3ea1e90,https://media.cheshomes.com/241/2026/2/23/35-web-or-mls-144HDR-27_n5A0hoJ.jpg?width=1920&height=1279&fit=bounds&ois=aeaad57,https://media.cheshomes.com/241/2026/2/23/36-web-or-mls-144HDR-30.jpg?width=1920&height=1279&fit=bounds&ois=c52cdc8,https://media.cheshomes.com/241/2026/2/23/33-web-or-mls-144HDR-21.jpg?width=1920&height=1279&fit=bounds&ois=61c624d,https://media.cheshomes.com/241/2026/2/23/43-web-or-mls-144HDR-54.jpg?width=1920&height=1279&fit=bounds&ois=489d394,https://media.cheshomes.com/241/2026/2/23/39-web-or-mls-144HDR-39.jpg?width=1920&height=1279&fit=bounds&ois=ebc2106,https://media.cheshomes.com/241/2026/2/23/40-web-or-mls-144HDR-42.jpg?width=1920&height=1279&fit=bounds&ois=aa21fd2,https://media.cheshomes.com/241/2026/2/23/41-web-or-mls-144HDR-45.jpg?width=1920&height=1279&fit=bounds&ois=6cdc3e1,https://media.cheshomes.com/241/2026/2/23/50-web-or-mls-144HDR-75.jpg?width=1920&height=1279&fit=bounds&ois=6efeb3f,https://media.cheshomes.com/241/2026/2/23/51-web-or-mls-144HDR-78.jpg?width=1920&height=1279&fit=bounds&ois=5748161,https://media.cheshomes.com/241/2026/2/23/53-web-or-mls-144HDR-84.jpg?width=1920&height=1279&fit=bounds&ois=94c53ce,https://media.cheshomes.com/241/2026/2/23/54-web-or-mls-144HDR-87_qa1NoF6.jpg?width=1920&height=1279&fit=bounds&ois=a411d57,https://media.cheshomes.com/241/2026/2/23/52-web-or-mls-144HDR-81.jpg?width=1920&height=1279&fit=bounds&ois=acf7ada,https://media.cheshomes.com/241/2026/2/23/27-web-or-mls-144HDR-3.jpg?width=1920&height=1279&fit=bounds&ois=a65d6ba,https://media.cheshomes.com/241/2026/2/23/28-web-or-mls-144HDR-6.jpg?width=1920&height=1279&fit=bounds&ois=5276b2e,https://media.cheshomes.com/241/2026/2/23/29-web-or-mls-144HDR-9.jpg?width=1920&height=1279&fit=bounds&ois=f5a3be0,https://media.cheshomes.com/241/2026/2/23/30-web-or-mls-144HDR-12.jpg?width=1920&height=1279&fit=bounds&ois=5b5b5b5,https://media.cheshomes.com/241/2026/2/23/31-web-or-mls-144HDR-15.jpg?width=1920&height=1279&fit=bounds&ois=f31ce75,https://media.cheshomes.com/241/2026/2/23/42-web-or-mls-144HDR-51.jpg?width=1920&height=1279&fit=bounds&ois=d110d02,https://media.cheshomes.com/241/2026/2/23/38-web-or-mls-144HDR-36.jpg?width=1920&height=1279&fit=bounds&ois=46b2176,https://media.cheshomes.com/241/2026/2/23/44-web-or-mls-144HDR-57.jpg?width=1920&height=1279&fit=bounds&ois=6edceee,https://media.cheshomes.com/241/2026/2/23/45-web-or-mls-144HDR-60.jpg?width=1920&height=1279&fit=bounds&ois=3db8b26,https://media.cheshomes.com/241/2026/2/23/48-web-or-mls-144HDR-69.jpg?width=1920&height=1279&fit=bounds&ois=bf280bf,https://media.cheshomes.com/241/2026/2/23/46-web-or-mls-144HDR-63.jpg?width=1920&height=1279&fit=bounds&ois=24f715a,https://media.cheshomes.com/241/2026/2/23/47-web-or-mls-144HDR-66.jpg?width=1920&height=1279&fit=bounds&ois=16c042c,https://media.cheshomes.com/241/2026/2/23/49-web-or-mls-144HDR-72.jpg?width=1920&height=1279&fit=bounds&ois=6f5bf8c,https://media.cheshomes.com/241/2026/2/23/26-web-or-mls-144HDR2-3.jpg?width=1920&height=1279&fit=bounds&ois=cc14d89,https://media.cheshomes.com/241/2026/2/23/18-web-or-mls-144Exterior2.jpg?width=1920&height=1279&fit=bounds&ois=d96bfec,https://media.cheshomes.com/241/2026/2/23/25-web-or-mls-144Exterior.jpg?width=1920&height=1279&fit=bounds&ois=32683bc,https://media.cheshomes.com/241/2026/2/23/8-web-or-mls-144ex2-4.jpg?width=1920&height=1440&fit=bounds&ois=480a7f1"
https://www.cheshomes.com/new-homes/va/hampton/townes-at-coliseum-central/13981/152-freeman-drive/1732108/,Townes at Coliseum Central,37.0361,-76.3383,152 Freeman Drive,Hampton,VA,,,Hampton City Public Schools,,Chesapeake Homes,,,2,,,,,,,https://www.cheshomes.com,"Get ready to call Hampton, Virginia home with these beautiful

luxury three-story townhomes

at the

Townes at Coliseum Central.

The perfect location for anyone who wants to have their own oasis away from the hustle and bustle of everyday life, but also be close enough to all the fun, food, and festivals that Hampton offers. In the summer spend the day at

Buckroe Beach

or take a walk at

Grandview Nature Preserve

. You can also take a stroll along

Hampton's Water Walk trail

any time of year. In December, the trail is a holiday explosion of lights, decorations and picturesque fun for the whole family.

If the outdoors is not your thing, don't worry, lots of food and shopping are also nearby.

Cuisine

from across the globe is represented in the area, including

coastal flavors, soul food, Middle Eastern, Mexican,

and of course

tasty craft beverages.

Plus, with the

Hampton Coliseum

so close, a night out at a show or concert is a breeze.

History

is a big part of the city, so there is always something new to learn about Hampton. You can also check out

various tours

,

museums

, and

forts

close by. Thankfully you will never get bored here, because beyond your cozy new townhome at The Townes at Coliseum Central, you will also be a close drive to many areas such as Norfolk, Virginia Beach, and Chesapeake.

The Townes at Coliseum Central is the perfect spacious townhome for all lifestyles.",,,"Welcome home to the Gala, a three-story townhome that combines function and style into your everyday life. This floor plan features 4 bedrooms and 3.5 bathrooms in over 2,000 square feet of luxury living. The first floor holds a bedroom, bathroom, the foyer, and access to your two-car garage. On the second floor, you will find a spacious living room, powder room, and dining room that is connected to your kitchen, separated by a large island. On the third floor, you will find two bedrooms, your owner suite with ensuite bathroom, as well as another full bath and laundry room. The Gala is the perfect option for anyone looking for spacious townhome living in a location second to none. *Photos of Similar Home Shown",4,3,1,3,2078,416900,,,,,,,,,,,,,,,,2,4,3,1,2078,3,416900,,,,,,,,,,,,,"https://media.cheshomes.com/241/2026/2/9/931B_blur.png?width=1814&height=1188&fit=bounds&ois=51ce507,https://media.cheshomes.com/241/2025/8/28/2-web-or-mls-_Y9A6869.jpg?width=1920&height=1279&fit=bounds&ois=ce53268,https://media.cheshomes.com/241/2025/8/28/20-web-or-mls-_Y9A6848.jpg?width=1920&height=1279&fit=bounds&ois=6b63396,https://media.cheshomes.com/241/2025/8/28/47-web-or-mls-_Y9A6775.jpg?width=1920&height=1279&fit=bounds&ois=11e24a9,https://media.cheshomes.com/241/2025/8/28/46-web-or-mls-_Y9A6769.jpg?width=1920&height=1279&fit=bounds&ois=9b2685c,https://media.cheshomes.com/241/2025/8/28/48-web-or-mls-_Y9A6784.jpg?width=1920&height=1279&fit=bounds&ois=80863f9,https://media.cheshomes.com/241/2025/8/28/42-web-or-mls-_Y9A6736.jpg?width=1920&height=1279&fit=bounds&ois=f118189,https://media.cheshomes.com/241/2025/8/28/39-web-or-mls-_Y9A6709.jpg?width=1920&height=1279&fit=bounds&ois=af4dc25,https://media.cheshomes.com/241/2025/8/28/40-web-or-mls-_Y9A6721.jpg?width=1920&height=1279&fit=bounds&ois=c89b0db,https://media.cheshomes.com/241/2025/8/28/41-web-or-mls-_Y9A6730.jpg?width=1920&height=1279&fit=bounds&ois=7abeb6b,https://media.cheshomes.com/241/2025/8/28/38-web-or-mls-_Y9A6703_-_Copy.jpg?width=1920&height=1279&fit=bounds&ois=5882b10,https://media.cheshomes.com/241/2025/8/28/33-web-or-mls-_Y9A6655.jpg?width=1920&height=1279&fit=bounds&ois=409443f,https://media.cheshomes.com/241/2025/8/28/34-web-or-mls-_Y9A6661.jpg?width=1920&height=1279&fit=bounds&ois=6f4cf94,https://media.cheshomes.com/241/2025/8/28/36-web-or-mls-_Y9A6682.jpg?width=1920&height=1279&fit=bounds&ois=d27c98b,https://media.cheshomes.com/241/2025/8/28/37-web-or-mls-_Y9A6691.jpg?width=1920&height=1279&fit=bounds&ois=64c7eef,https://media.cheshomes.com/241/2025/8/28/35-web-or-mls-_Y9A6676.jpg?width=1920&height=1279&fit=bounds&ois=b9edc0b,https://media.cheshomes.com/241/2025/8/28/21-web-or-mls-_Y9A6547.jpg?width=1920&height=1279&fit=bounds&ois=acbc149,https://media.cheshomes.com/241/2025/8/28/24-web-or-mls-_Y9A6583.jpg?width=1920&height=1279&fit=bounds&ois=8f4f3fa,https://media.cheshomes.com/241/2025/8/28/25-web-or-mls-_Y9A6589.jpg?width=1920&height=1279&fit=bounds&ois=edbae8f,https://media.cheshomes.com/241/2025/8/28/23-web-or-mls-_Y9A6574.jpg?width=1920&height=1279&fit=bounds&ois=0bfd45e,https://media.cheshomes.com/241/2025/8/28/26-web-or-mls-_Y9A6598.jpg?width=1920&height=1279&fit=bounds&ois=dacb4ab,https://media.cheshomes.com/241/2025/8/28/44-web-or-mls-_Y9A6751.jpg?width=1920&height=1279&fit=bounds&ois=ece68f8,https://media.cheshomes.com/241/2025/8/28/45-web-or-mls-_Y9A6757.jpg?width=1920&height=1279&fit=bounds&ois=b2266d3,https://media.cheshomes.com/241/2025/8/28/43-web-or-mls-_Y9A6745.jpg?width=1920&height=1279&fit=bounds&ois=e30b816,https://media.cheshomes.com/241/2025/8/28/27-web-or-mls-_Y9A6604.jpg?width=1920&height=1279&fit=bounds&ois=8731a18,https://media.cheshomes.com/241/2025/8/28/28-web-or-mls-_Y9A6610.jpg?width=1920&height=1279&fit=bounds&ois=db2ef03,https://media.cheshomes.com/241/2025/8/28/32-web-or-mls-_Y9A6643.jpg?width=1920&height=1279&fit=bounds&ois=9470971,https://media.cheshomes.com/241/2025/8/28/19-web-or-mls-_Y9A6840.jpg?width=1920&height=1279&fit=bounds&ois=d45f284,https://media.cheshomes.com/241/2025/8/28/18-web-or-mls-_Y9A6834.jpg?width=1920&height=1279&fit=bounds&ois=915e8aa,https://media.cheshomes.com/241/2025/8/28/51-web-or-mls-_Y9A6927.jpg?width=1920&height=1279&fit=bounds&ois=1212ccd,https://media.cheshomes.com/241/2025/8/28/9-web-or-mls-DJI_0773.jpg?width=1920&height=1079&fit=bounds&ois=9e81d25,https://media.cheshomes.com/241/2025/8/28/14-web-or-mls-DJI_0788.jpg?width=1920&height=1079&fit=bounds&ois=e283cae,https://media.cheshomes.com/241/2025/8/28/16-web-or-mls-DJI_0797.jpg?width=1920&height=1079&fit=bounds&ois=446ed3a"
https://www.cheshomes.com/new-homes/va/hampton/townes-at-coliseum-central/13981/158-freeman-drive/1732099/,Townes at Coliseum Central,37.0361,-76.3395,158 Freeman Drive,Hampton,VA,,,Hampton City Public Schools,,Chesapeake Homes,,,1,,,,,,,https://www.cheshomes.com,"Get ready to call Hampton, Virginia home with these beautiful

luxury three-story townhomes

at the

Townes at Coliseum Central.

The perfect location for anyone who wants to have their own oasis away from the hustle and bustle of everyday life, but also be close enough to all the fun, food, and festivals that Hampton offers. In the summer spend the day at

Buckroe Beach

or take a walk at

Grandview Nature Preserve

. You can also take a stroll along

Hampton's Water Walk trail

any time of year. In December, the trail is a holiday explosion of lights, decorations and picturesque fun for the whole family.

If the outdoors is not your thing, don't worry, lots of food and shopping are also nearby.

Cuisine

from across the globe is represented in the area, including

coastal flavors, soul food, Middle Eastern, Mexican,

and of course

tasty craft beverages.

Plus, with the

Hampton Coliseum

so close, a night out at a show or concert is a breeze.

History

is a big part of the city, so there is always something new to learn about Hampton. You can also check out

various tours

,

museums

, and

forts

close by. Thankfully you will never get bored here, because beyond your cozy new townhome at The Townes at Coliseum Central, you will also be a close drive to many areas such as Norfolk, Virginia Beach, and Chesapeake.

The Townes at Coliseum Central is the perfect spacious townhome for all lifestyles.",,,"The Braeburn uses all 1,821 square feet to its advantage. On the first floor, you will find a bedroom located directly off the foyer, as well as a full bathroom and access to your one-car garage, which features a storage area. Up the stairs to the second floor, you will find a large open living area attached to a kitchen with a corner pantry and an island. Past the island, you will find a breakfast nook/dining area, as well as a powder room. Lastly, on the third floor, prepare to enter your beautiful owner's suite, featuring tray ceilings, an attached bathroom, and a walk-in closet. Additionally, on this level is a full bath, laundry area, and two additional bedrooms.*Photos of Similar Home Shown",4,3,1,3,1822,387900,,,,,,,,,,,,,,,,1,4,3,1,1822,3,387900,,,,,,,,,,,,,"https://media.cheshomes.com/241/2026/2/9/930A_no_blur.png?width=1920&height=1079&fit=bounds&ois=e912b82,https://media.cheshomes.com/241/2025/9/9/13-web-or-mls-_Y9A8632.jpg?width=1920&height=1279&fit=bounds&ois=ceb6893,https://media.cheshomes.com/241/2025/9/9/12-web-or-mls-_Y9A8626.jpg?width=1920&height=1279&fit=bounds&ois=e40a25c,https://media.cheshomes.com/241/2025/9/9/39-web-or-mls-_Y9A9739.jpg?width=1920&height=1279&fit=bounds&ois=db91b8a,https://media.cheshomes.com/241/2025/9/9/43-web-or-mls-_Y9A9796.jpg?width=1920&height=1279&fit=bounds&ois=753ff5b,https://media.cheshomes.com/241/2025/9/9/39-web-or-mls-_Y9A9739_1wxRGCM.jpg?width=1920&height=1279&fit=bounds&ois=62026ea,https://media.cheshomes.com/241/2025/9/9/41-web-or-mls-_Y9A9763.jpg?width=1920&height=1279&fit=bounds&ois=b4e4cf4,https://media.cheshomes.com/241/2025/9/10/VS_Townes_43_5_MBoOP4i.jpg?width=1920&height=1280&fit=bounds&ois=5dae55b,https://media.cheshomes.com/241/2025/9/10/VS_Townes_43_6_SqZ7q3j.jpg?width=1920&height=1280&fit=bounds&ois=8d1009d,https://media.cheshomes.com/241/2025/9/10/VS_Townes_43_2_lndgTCQ.jpg?width=1920&height=1280&fit=bounds&ois=5b1f090,https://media.cheshomes.com/241/2025/9/10/VS_Townes_43_4_fkB0tAj.jpg?width=1920&height=1280&fit=bounds&ois=ff5003d,https://media.cheshomes.com/241/2025/9/10/VS_Townes_43_3_XOZlJtE.jpg?width=1920&height=1280&fit=bounds&ois=8782a99,https://media.cheshomes.com/241/2025/9/10/VS_Townes_43_1_I6arPh9.jpg?width=1920&height=1280&fit=bounds&ois=47f06d2,https://media.cheshomes.com/241/2025/9/10/VS_Townes_43_8_UZwIHgc.jpg?width=1920&height=1280&fit=bounds&ois=e8824f8,https://media.cheshomes.com/241/2025/9/10/VS_Townes_43_7_c6slOym.jpg?width=1920&height=1280&fit=bounds&ois=0067e00,https://media.cheshomes.com/241/2025/9/10/VS_Townes_43_9_GAcRDeX.jpg?width=1920&height=1280&fit=bounds&ois=8d441b8,https://media.cheshomes.com/241/2025/9/9/30-web-or-mls-_Y9A9661.jpg?width=1920&height=1279&fit=bounds&ois=2c71b5c,https://media.cheshomes.com/241/2025/9/9/31-web-or-mls-_Y9A9667.jpg?width=1920&height=1279&fit=bounds&ois=26dfbc3,https://media.cheshomes.com/241/2025/9/9/26-web-or-mls-_Y9A9631.jpg?width=1920&height=1279&fit=bounds&ois=67e9195,https://media.cheshomes.com/241/2025/9/9/14-web-or-mls-_Y9A9538.jpg?width=1920&height=1279&fit=bounds&ois=4ec57b8,https://media.cheshomes.com/241/2025/9/10/VS_Townes_43_10_erCF67n.jpg?width=1920&height=1280&fit=bounds&ois=bebb173,https://media.cheshomes.com/241/2025/9/10/VS_Townes_43_11_KjhU8NH.jpg?width=1920&height=1280&fit=bounds&ois=2988f04,https://media.cheshomes.com/241/2025/9/9/15-web-or-mls-_Y9A9544.jpg?width=1920&height=1279&fit=bounds&ois=26674ce,https://media.cheshomes.com/241/2025/9/9/16-web-or-mls-_Y9A9556.jpg?width=1920&height=1279&fit=bounds&ois=06042c7,https://media.cheshomes.com/241/2025/9/9/17-web-or-mls-_Y9A9562.jpg?width=1920&height=1279&fit=bounds&ois=6003fb7,https://media.cheshomes.com/241/2025/9/9/18-web-or-mls-_Y9A9571.jpg?width=1920&height=1279&fit=bounds&ois=14f5668,https://media.cheshomes.com/241/2025/9/9/20-web-or-mls-_Y9A9589.jpg?width=1920&height=1279&fit=bounds&ois=4aec612,https://media.cheshomes.com/241/2025/9/9/21-web-or-mls-_Y9A9598.jpg?width=1920&height=1279&fit=bounds&ois=7a3e165,https://media.cheshomes.com/241/2025/9/9/22-web-or-mls-_Y9A9607.jpg?width=1920&height=1279&fit=bounds&ois=fc846dd,https://media.cheshomes.com/241/2025/9/9/23-web-or-mls-_Y9A9613.jpg?width=1920&height=1279&fit=bounds&ois=e2bcb00,https://media.cheshomes.com/241/2025/9/9/24-web-or-mls-_Y9A9619.jpg?width=1920&height=1279&fit=bounds&ois=ee6b43f,https://media.cheshomes.com/241/2025/9/9/32-web-or-mls-_Y9A9679.jpg?width=1920&height=1279&fit=bounds&ois=b497e25,https://media.cheshomes.com/241/2025/9/9/25-web-or-mls-_Y9A9625.jpg?width=1920&height=1279&fit=bounds&ois=070c015,https://media.cheshomes.com/241/2025/9/9/4-web-or-mls-_Y9A9807.jpg?width=1920&height=1279&fit=bounds&ois=bfd578b,https://media.cheshomes.com/241/2025/9/9/5-web-or-mls-_Y9A9816.jpg?width=1920&height=1279&fit=bounds&ois=ee61dad,https://media.cheshomes.com/241/2025/9/9/11-web-or-mls-_Y9A8910.jpg?width=1920&height=1279&fit=bounds&ois=f324544,https://media.cheshomes.com/241/2025/9/9/7-web-or-mls-DJI_0109.jpg?width=1920&height=1079&fit=bounds&ois=2824f15,https://media.cheshomes.com/241/2025/9/9/9-web-or-mls-DJI_0101.jpg?width=1920&height=1079&fit=bounds&ois=8067346,https://media.cheshomes.com/241/2025/9/9/6-web-or-mls-DJI_0044.jpg?width=1920&height=1079&fit=bounds&ois=8f3677e,https://media.cheshomes.com/241/2025/9/9/7-web-or-mls-DJI_0066.jpg?width=1920&height=1079&fit=bounds&ois=04b2d63,https://media.cheshomes.com/241/2025/9/9/1-web-or-mls-DJI_0020_edit.jpg?width=1920&height=1079&fit=bounds&ois=2a3f62d"
https://www.cheshomes.com/new-homes/sc/little-river/bridgewater-shorehaven-village/11972/1535-breakwater-dr/1700488/,Bridgewater - Shorehaven Village,33.88050202193886,-78.66137854232788,1535 Breakwater Dr.,Little River,SC,,,Horry County Schools,Move-In Ready,Chesapeake Homes,,,2,,,,,,,https://www.cheshomes.com,"Welcome to Shorehaven Village at Bridgewater!

This village boasts

single-family

homes

from our beloved Cottage Collection. Located

off Hwy. 9 in Little River

and just minutes from the coveted Myrtle Beach area, this community creates the perfect location for a combination of relaxation and excitement. Bridgewater offers

amenities

unlike any other! Dive into the

resort-style

pool

on hot summer days. Exercise among miles of fitness trails or in the

state-of-the-art

community

fitness

center

. Enjoy plenty of activities at the bocce courts, kayak launch, or yoga lawn. Take the evening to relax with an expansive clubhouse and multiple fire pits. Bridgewater is an

active-oriented community

and a peaceful, waterside destination rolled into one beautiful place to call home.

Chesapeake Homes brings its

superb

builder

quality

to the area of Little River where you can expect

spacious

, open floor plans with prominent architectural features highlighting both the home and the area surrounding. At Bridgewater, it’s time to crossover to the good life!",,,"Inspired by the natural beauty of the surrounding area, the Driftwood offers three bedrooms and three baths within nearly 2,700 square feet. This two-story model includes a first-floor master suite, an enormous kitchen, outdoor living areas, a loft, and ample storage space. Wide, open space connects the great room, casual dining, and extensive kitchen. Prepare meals on the upgraded gourmet kitchen island with a view of your covered porch outside. Beyond the open concept we also find a full bath, a study with upgraded French doors, and the laundry room. Fully enjoy the beauty of the coastal region with a 300 square foot covered porch and a second-story balcony. The master bedroom features an enormous walk-in closet accompanied by an indulgent master bath with deluxe upgrades. The second floor provides a large flex space with a wide loft. Easily imagine a media room or recreational room in this space. An additional bedroom, full bath, and storage room accompany the loft, allowing for a secluded bedroom away from the hustle and bustle of the downstairs area. The Driftwood offers room for the entire household with an array of comforts added throughout!",3,3,,2,2704,634900,,,,,,,,,,,,,,,,2,3,3,,2704,2,634900,,,,,,,,,,,,,"https://media.cheshomes.com/241/2026/3/23/DSC04085.jpg?width=1920&height=1280&fit=bounds&ois=6bea08e,https://media.cheshomes.com/241/2026/3/23/DSC04088.jpg?width=1920&height=1280&fit=bounds&ois=eb4253b,https://media.cheshomes.com/241/2026/3/23/DSC04091.jpg?width=1920&height=1280&fit=bounds&ois=a7f1ce0,https://media.cheshomes.com/241/2026/3/23/DSC04094.jpg?width=1920&height=1280&fit=bounds&ois=c937ce8,https://media.cheshomes.com/241/2026/3/23/DSC04097.jpg?width=1920&height=1280&fit=bounds&ois=befcc85,https://media.cheshomes.com/241/2026/3/23/DSC04082.jpg?width=1920&height=1280&fit=bounds&ois=ddac1c2,https://media.cheshomes.com/241/2026/3/23/DSC04076.jpg?width=1920&height=1280&fit=bounds&ois=43e34cb,https://media.cheshomes.com/241/2026/3/23/DSC04073.jpg?width=1920&height=1280&fit=bounds&ois=3bff70c,https://media.cheshomes.com/241/2026/3/23/DSC04070.jpg?width=1920&height=1280&fit=bounds&ois=6a9e476,https://media.cheshomes.com/241/2026/3/23/DSC04067.jpg?width=1920&height=1280&fit=bounds&ois=c1a6ca2,https://media.cheshomes.com/241/2026/3/23/DSC04064.jpg?width=1920&height=1280&fit=bounds&ois=bed10c2,https://media.cheshomes.com/241/2026/3/23/DSC04058.jpg?width=1920&height=1280&fit=bounds&ois=399a7fc,https://media.cheshomes.com/241/2026/3/23/DSC04061.jpg?width=1920&height=1280&fit=bounds&ois=19b89b3,https://media.cheshomes.com/241/2026/3/23/DSC04055.jpg?width=1920&height=1280&fit=bounds&ois=1fdabe2,https://media.cheshomes.com/241/2026/3/23/DSC04106.jpg?width=1920&height=1280&fit=bounds&ois=5a6b8d9,https://media.cheshomes.com/241/2026/3/23/DSC04109.jpg?width=1920&height=1280&fit=bounds&ois=491a2f2,https://media.cheshomes.com/241/2026/3/23/DSC04112.jpg?width=1920&height=1280&fit=bounds&ois=54d49bc,https://media.cheshomes.com/241/2026/3/23/DSC04124.jpg?width=1920&height=1280&fit=bounds&ois=19a4bf9,https://media.cheshomes.com/241/2026/3/23/DSC04115.jpg?width=1920&height=1280&fit=bounds&ois=a52200f,https://media.cheshomes.com/241/2026/3/23/DSC04118.jpg?width=1920&height=1280&fit=bounds&ois=2f1dbc0,https://media.cheshomes.com/241/2026/3/23/DSC04121.jpg?width=1920&height=1280&fit=bounds&ois=3b02be3,https://media.cheshomes.com/241/2026/3/23/DSC04103.jpg?width=1920&height=1280&fit=bounds&ois=6cc1909,https://media.cheshomes.com/241/2026/3/23/DSC04100.jpg?width=1920&height=1059&fit=bounds&ois=58c9df1,https://media.cheshomes.com/241/2026/3/23/DSC04052.jpg?width=1920&height=1254&fit=bounds&ois=1759b5b,https://media.cheshomes.com/241/2026/3/23/DSC04046.jpg?width=1920&height=1254&fit=bounds&ois=d86f83a"
https://www.cheshomes.com/new-homes/sc/little-river/bridgewater-shorehaven-village/11972/1547-breakwater-dr/1700498/,Bridgewater - Shorehaven Village,33.8802,-78.6623,1547 Breakwater Dr.,Little River,SC,,,Horry County Schools,Move-In Ready,Chesapeake Homes,,,2,,,,,,,https://www.cheshomes.com,"Welcome to Shorehaven Village at Bridgewater!

This village boasts

single-family

homes

from our beloved Cottage Collection. Located

off Hwy. 9 in Little River

and just minutes from the coveted Myrtle Beach area, this community creates the perfect location for a combination of relaxation and excitement. Bridgewater offers

amenities

unlike any other! Dive into the

resort-style

pool

on hot summer days. Exercise among miles of fitness trails or in the

state-of-the-art

community

fitness

center

. Enjoy plenty of activities at the bocce courts, kayak launch, or yoga lawn. Take the evening to relax with an expansive clubhouse and multiple fire pits. Bridgewater is an

active-oriented community

and a peaceful, waterside destination rolled into one beautiful place to call home.

Chesapeake Homes brings its

superb

builder

quality

to the area of Little River where you can expect

spacious

, open floor plans with prominent architectural features highlighting both the home and the area surrounding. At Bridgewater, it’s time to crossover to the good life!",,,"Stroll into the Sunset Cove with over 2600 square feet of coastal-inspired features. Upon entering from a large covered front porch, discover a foyer with an upgraded tray ceiling leading to the spacious great room. Generous flex space can be used for an office or additional bedroom, with a secondary bedroom just down the hall featuring a full bathroom in between. A large island in the kitchen offers additional seating and a surplus of counter space for large dinner parties or cooking large meals within your upgraded gourmet kitchen. The Sunset Cove’s owner’s suite offers an enormous walk-in closet accompanied by a beautiful owner’s bath that has been upgraded with deluxe features. A second floor has been added to this floor plan and allows the home to hold an additional bedroom, full bath, generous walk-in closet, and linen closet alongside a spacious loft area. Use this space as a large guest suite, media room, storage, or recreational room. Make the Sunset Cove the model you call “home” today!",4,3,,2,2615,529900,,,,,,,,,,,,,,,,2,4,3,,2615,2,529900,,,,,,,,,,,,,"https://media.cheshomes.com/241/2026/3/16/115_-_kitchen_-_hom.jpg?width=1264&height=843&fit=bounds&ois=4b77e62,https://media.cheshomes.com/241/2025/12/31/A7300105.jpg?width=1920&height=1280&fit=bounds&ois=3b4af1c,https://media.cheshomes.com/241/2025/12/31/A7300102.jpg?width=1920&height=1280&fit=bounds&ois=d065e80,https://media.cheshomes.com/241/2025/12/31/A7300096.jpg?width=1920&height=1280&fit=bounds&ois=2543207,https://media.cheshomes.com/241/2025/12/31/A7300090.jpg?width=1920&height=1280&fit=bounds&ois=eb72a08,https://media.cheshomes.com/241/2025/12/31/A7300087.jpg?width=1920&height=1280&fit=bounds&ois=e0a97e2,https://media.cheshomes.com/241/2025/12/31/A7300093.jpg?width=1920&height=1280&fit=bounds&ois=8b562a2,https://media.cheshomes.com/241/2025/12/31/A7300117.jpg?width=1920&height=1280&fit=bounds&ois=99df094,https://media.cheshomes.com/241/2025/12/31/A7300114.jpg?width=1920&height=1280&fit=bounds&ois=55c2e2e,https://media.cheshomes.com/241/2025/12/31/A7300123.jpg?width=1920&height=1280&fit=bounds&ois=51d3fb8,https://media.cheshomes.com/241/2025/12/31/A7300120.jpg?width=1920&height=1280&fit=bounds&ois=c918f32,https://media.cheshomes.com/241/2025/12/31/A7300126.jpg?width=1920&height=1280&fit=bounds&ois=088fb08,https://media.cheshomes.com/241/2025/12/31/A7300129.jpg?width=1920&height=1280&fit=bounds&ois=934ab6a,https://media.cheshomes.com/241/2025/12/31/A7300141.jpg?width=1920&height=1280&fit=bounds&ois=25c8890,https://media.cheshomes.com/241/2025/12/31/A7300156.jpg?width=1920&height=1280&fit=bounds&ois=46cf62a,https://media.cheshomes.com/241/2025/12/31/A7300153.jpg?width=1920&height=1280&fit=bounds&ois=fdb611a,https://media.cheshomes.com/241/2025/12/31/A7300150.jpg?width=1920&height=1280&fit=bounds&ois=dc6099d,https://media.cheshomes.com/241/2025/12/31/A7300147.jpg?width=1920&height=1280&fit=bounds&ois=c75bb53,https://media.cheshomes.com/241/2025/12/31/A7300144.jpg?width=1920&height=1280&fit=bounds&ois=5da4b28,https://media.cheshomes.com/241/2025/12/31/A7300138.jpg?width=1920&height=1280&fit=bounds&ois=73b8a58,https://media.cheshomes.com/241/2025/12/31/A7300135.jpg?width=1920&height=1280&fit=bounds&ois=2f96b35,https://media.cheshomes.com/241/2025/12/31/A7300132.jpg?width=1920&height=1280&fit=bounds&ois=7fb6bcd,https://media.cheshomes.com/241/2025/12/31/A7300111.jpg?width=1920&height=1280&fit=bounds&ois=c00a1b9,https://media.cheshomes.com/241/2025/12/31/A7300081.jpg?width=1920&height=1150&fit=bounds&ois=6ff8156,https://media.cheshomes.com/241/2025/12/31/DJI_0317.jpg?width=1920&height=1280&fit=bounds&ois=98f9533,https://media.cheshomes.com/241/2025/12/31/A7300108.jpg?width=1920&height=1192&fit=bounds&ois=c68328c,https://media.cheshomes.com/241/2025/12/31/A7300084.jpg?width=1920&height=1198&fit=bounds&ois=951784b,https://media.cheshomes.com/241/2025/12/31/DJI_0315.jpg?width=1920&height=1280&fit=bounds&ois=f902e61"
https://www.cheshomes.com/new-homes/sc/little-river/bridgewater-shorehaven-village/11972/1551-breakwater-dr/1700500/,Bridgewater - Shorehaven Village,33.8801,-78.6627,1551 Breakwater Dr.,Little River,SC,,,Horry County Schools,Move-In Ready,Chesapeake Homes,,,2,,,,,,,https://www.cheshomes.com,"Welcome to Shorehaven Village at Bridgewater!

This village boasts

single-family

homes

from our beloved Cottage Collection. Located

off Hwy. 9 in Little River

and just minutes from the coveted Myrtle Beach area, this community creates the perfect location for a combination of relaxation and excitement. Bridgewater offers

amenities

unlike any other! Dive into the

resort-style

pool

on hot summer days. Exercise among miles of fitness trails or in the

state-of-the-art

community

fitness

center

. Enjoy plenty of activities at the bocce courts, kayak launch, or yoga lawn. Take the evening to relax with an expansive clubhouse and multiple fire pits. Bridgewater is an

active-oriented community

and a peaceful, waterside destination rolled into one beautiful place to call home.

Chesapeake Homes brings its

superb

builder

quality

to the area of Little River where you can expect

spacious

, open floor plans with prominent architectural features highlighting both the home and the area surrounding. At Bridgewater, it’s time to crossover to the good life!",,,"Life is simply divine in the Longboard model at Bridgewater. Featuring 2,030 square feet of comfortable living space, this beautiful one-story model offers three bedrooms, two bathrooms, and an abundance of luxurious options. From either the covered front porch, covered rear porch, or two-car garage, enter The Longboard to find a gorgeous and wide-open floor plan. Effortlessly flow through this model’s airy and connected kitchen, dining, and great room area. Here, enjoy entertaining family and friends around a gourmet kitchen island and a spacious great room.Just beyond the great room, discover 2 large bedrooms with walk-in closets, a full bathroom, spacious laundry room, and a stunning owner’s suite. Adding a sense of serenity to your daily routine, this owner’s suite features an extra large bedroom, walk-in closet, and a deluxe owner’s bathroom with a seated shower. The Longboard is calling you home!",3,2,,1,2030,514900,,,,,,,,,,,,,,,,2,3,2,,2030,1,514900,,,,,,,,,,,,,"https://media.cheshomes.com/241/2025/2/3/20-web-or-mls-BTS00458_HcHiKTH.jpg?width=1920&height=1279&fit=bounds&ois=e9be56f,https://media.cheshomes.com/241/2025/2/3/15-web-or-mls-BTS00443_CMbIwAQ.jpg?width=1920&height=1279&fit=bounds&ois=efe6d8c,https://media.cheshomes.com/241/2025/2/3/18-web-or-mls-BTS00452_2R8sAbX.jpg?width=1920&height=1279&fit=bounds&ois=c9f4eb4,https://media.cheshomes.com/241/2025/2/3/14-web-or-mls-BTS00440_xkCVR7j.jpg?width=1920&height=1279&fit=bounds&ois=12d8563,https://media.cheshomes.com/241/2025/2/3/22-web-or-mls-BTS00464_eriNJZn.jpg?width=1920&height=1279&fit=bounds&ois=f08a6d5,https://media.cheshomes.com/241/2025/2/3/23-web-or-mls-BTS00467_b9CIQo2.jpg?width=1920&height=1279&fit=bounds&ois=37ff451,https://media.cheshomes.com/241/2025/2/3/24-web-or-mls-BTS00470_pBy2jUn.jpg?width=1920&height=1279&fit=bounds&ois=216bd01,https://media.cheshomes.com/241/2025/2/3/25-web-or-mls-BTS00473_N6eNg96.jpg?width=1920&height=1279&fit=bounds&ois=b170808,https://media.cheshomes.com/241/2025/2/3/26-web-or-mls-BTS00476_0h33OvM.jpg?width=1920&height=1279&fit=bounds&ois=d0669d8,https://media.cheshomes.com/241/2025/2/3/27-web-or-mls-BTS00479_393mH2O.jpg?width=1920&height=1279&fit=bounds&ois=b3b7b51,https://media.cheshomes.com/241/2025/2/3/29-web-or-mls-BTS00485_fKiZqAz.jpg?width=1920&height=1279&fit=bounds&ois=909350d,https://media.cheshomes.com/241/2025/2/3/28-web-or-mls-BTS00482_1hkdVEa.jpg?width=1920&height=1279&fit=bounds&ois=76bc88e,https://media.cheshomes.com/241/2025/2/3/31-web-or-mls-BTS00491_it6mWJd.jpg?width=1920&height=1279&fit=bounds&ois=20787b6,https://media.cheshomes.com/241/2025/2/3/30-web-or-mls-BTS00488_TwloCUr.jpg?width=1920&height=1279&fit=bounds&ois=47883ab,https://media.cheshomes.com/241/2025/2/3/12-web-or-mls-BTS00434_yRnq7xa.jpg?width=1920&height=1279&fit=bounds&ois=07b9a65,https://media.cheshomes.com/241/2025/2/3/11-web-or-mls-BTS00431_jBpKlMp.jpg?width=1920&height=1279&fit=bounds&ois=53d0e74,https://media.cheshomes.com/241/2025/2/3/10-web-or-mls-BTS00428_k9SQfC4.jpg?width=1920&height=1279&fit=bounds&ois=eb541eb,https://media.cheshomes.com/241/2025/2/3/6-web-or-mls-BTS00416_CF0Zr8z.jpg?width=1920&height=1279&fit=bounds&ois=0a8d906,https://media.cheshomes.com/241/2025/2/3/8-web-or-mls-BTS00422_Hvczkgv.jpg?width=1920&height=1279&fit=bounds&ois=1c35acc,https://media.cheshomes.com/241/2025/12/31/DJI_0316.jpg?width=1920&height=1280&fit=bounds&ois=71c77c8,https://media.cheshomes.com/241/2025/12/31/A7300177.jpg?width=1920&height=1153&fit=bounds&ois=3b05dcc,https://media.cheshomes.com/241/2025/12/31/A7300159.jpg?width=1920&height=1081&fit=bounds&ois=7eac5b9,https://media.cheshomes.com/241/2025/12/31/A7300165.jpg?width=1920&height=1144&fit=bounds&ois=40fddc8,https://media.cheshomes.com/241/2025/12/31/A7300162.jpg?width=1920&height=1248&fit=bounds&ois=d2962d4,https://media.cheshomes.com/241/2025/12/31/A7300159.jpg?width=1920&height=1081&fit=bounds&ois=7eac5b9"
https://www.cheshomes.com/new-homes/sc/little-river/bridgewater-shorehaven-village/11972/1558-breakwater-dr/1700501/,Bridgewater - Shorehaven Village,33.8803626,-78.6634691,1558 Breakwater Dr.,Little River,SC,,,Horry County Schools,Move-In Ready,Chesapeake Homes,,,2,,,,,,,https://www.cheshomes.com,"Welcome to Shorehaven Village at Bridgewater!

This village boasts

single-family

homes

from our beloved Cottage Collection. Located

off Hwy. 9 in Little River

and just minutes from the coveted Myrtle Beach area, this community creates the perfect location for a combination of relaxation and excitement. Bridgewater offers

amenities

unlike any other! Dive into the

resort-style

pool

on hot summer days. Exercise among miles of fitness trails or in the

state-of-the-art

community

fitness

center

. Enjoy plenty of activities at the bocce courts, kayak launch, or yoga lawn. Take the evening to relax with an expansive clubhouse and multiple fire pits. Bridgewater is an

active-oriented community

and a peaceful, waterside destination rolled into one beautiful place to call home.

Chesapeake Homes brings its

superb

builder

quality

to the area of Little River where you can expect

spacious

, open floor plans with prominent architectural features highlighting both the home and the area surrounding. At Bridgewater, it’s time to crossover to the good life!",,,"With nearly 1,817 square feet of thoughtfully designed first-floor living, this home blends open-concept flow with private retreats, creating the perfect balance of connection and calm.Step inside from the expansive covered front porch into a light-filled foyer that guides you straight into the heart of the home — a spacious great room and chef-inspired kitchen designed for everyday living and memorable gatherings. Whether you’re hosting friends, enjoying a quiet morning coffee, or winding down after a long day, this open layout adapts beautifully to your lifestyle.A versatile flex space offers endless possibilities — create a home office, hobby room, or guest bedroom, while a secondary bedroom and full bath just down the hall provide comfort and privacy for visitors or family members.From the dining area, sliding glass doors lead to a generous covered rear porch, extending your living space outdoors and inviting in coastal breezes. It's the perfect setting for evening cocktails, weekend brunches, or peaceful sunset views.The owner’s suite is your personal sanctuary, featuring a spacious walk-in closet and a spa-like owner’s bath complete with a deep soaking tub designed for total relaxation. Every inch of the Sunset Cove is crafted to elevate everyday living while capturing the laid-back luxury of coastal life. Make the Sunset Cove your home today — and step into a space that feels like a retreat, every single day.",3,2,,1,1817,519900,,,,,,,,,,,,,,,,2,3,2,,1817,1,519900,,,,,,,,,,,,,"https://media.cheshomes.com/241/2026/3/24/DSC04226.jpg?width=1920&height=1280&fit=bounds&ois=569bcf0,https://media.cheshomes.com/241/2026/3/24/DSC04250.jpg?width=1920&height=1280&fit=bounds&ois=4cb07f0,https://media.cheshomes.com/241/2026/3/24/DSC04247.jpg?width=1920&height=1280&fit=bounds&ois=21c219b,https://media.cheshomes.com/241/2026/3/24/DSC04249_2.jpg?width=1920&height=1280&fit=bounds&ois=d938f3f,https://media.cheshomes.com/241/2026/3/24/DSC04249_1.jpg?width=1920&height=1280&fit=bounds&ois=a5631f9,https://media.cheshomes.com/241/2026/3/24/DSC04220.jpg?width=1920&height=1280&fit=bounds&ois=9bd8711,https://media.cheshomes.com/241/2026/3/24/DSC04232.jpg?width=1920&height=1280&fit=bounds&ois=acf6146,https://media.cheshomes.com/241/2026/3/24/DSC04265.jpg?width=1920&height=1280&fit=bounds&ois=8949419,https://media.cheshomes.com/241/2026/3/24/DSC04262.jpg?width=1920&height=1280&fit=bounds&ois=eaca29d,https://media.cheshomes.com/241/2026/3/24/DSC04259.jpg?width=1920&height=1280&fit=bounds&ois=33c5036,https://media.cheshomes.com/241/2026/3/24/DSC04256.jpg?width=1920&height=1280&fit=bounds&ois=7d84fd6,https://media.cheshomes.com/241/2026/3/24/DSC04253.jpg?width=1920&height=1280&fit=bounds&ois=19f45ed,https://media.cheshomes.com/241/2026/3/24/DSC04242.jpg?width=1920&height=1280&fit=bounds&ois=bfe3f06,https://media.cheshomes.com/241/2026/3/24/DSC04217.jpg?width=1920&height=1280&fit=bounds&ois=2afdf70,https://media.cheshomes.com/241/2026/3/24/DSC04238.jpg?width=1920&height=1280&fit=bounds&ois=e7ac912,https://media.cheshomes.com/241/2026/3/24/DSC04241.jpg?width=1920&height=1280&fit=bounds&ois=56a5a59,https://media.cheshomes.com/241/2026/3/24/DSC04214.jpg?width=1920&height=1301&fit=bounds&ois=ac50584,https://media.cheshomes.com/241/2026/3/24/DSC04211.jpg?width=1920&height=1214&fit=bounds&ois=ed55197"
https://www.cheshomes.com/new-homes/sc/little-river/bridgewater-shorehaven-village/11972/1578-breakwater-dr/1728404/,Bridgewater - Shorehaven Village,33.8803059,-78.6650417,1578 Breakwater Dr,Little River,SC,,,Horry County Schools,Quick Move-In,Chesapeake Homes,,,2,,,,,,,https://www.cheshomes.com,"Welcome to Shorehaven Village at Bridgewater!

This village boasts

single-family

homes

from our beloved Cottage Collection. Located

off Hwy. 9 in Little River

and just minutes from the coveted Myrtle Beach area, this community creates the perfect location for a combination of relaxation and excitement. Bridgewater offers

amenities

unlike any other! Dive into the

resort-style

pool

on hot summer days. Exercise among miles of fitness trails or in the

state-of-the-art

community

fitness

center

. Enjoy plenty of activities at the bocce courts, kayak launch, or yoga lawn. Take the evening to relax with an expansive clubhouse and multiple fire pits. Bridgewater is an

active-oriented community

and a peaceful, waterside destination rolled into one beautiful place to call home.

Chesapeake Homes brings its

superb

builder

quality

to the area of Little River where you can expect

spacious

, open floor plans with prominent architectural features highlighting both the home and the area surrounding. At Bridgewater, it’s time to crossover to the good life!",,,"The Shorebreak is the perfect balance between outdoor living space and a coastal-inspired interior, encouraging you to slip off your sandals and relax. Starting at 1,936 square feet, this model offers ample space, with three bedrooms, 2 full bathrooms, and a two car garage. As you step inside from the covered front porch, you'll immediately find yourself in an open and inviting kitchen, dining, and great room area. The sliding glass doors seamlessly connect the interior with a generous 179 square foot covered porch, providing an ideal setting for warm summer evenings or gatherings with friends and family. Continuing through the foyer, you'll discover a spacious drop zone and laundry area, equipped with convenient features like a soaking sink, extra shelving, and a bench for comfortable seating while unloading beach gear or sandy clothes. Across from the drop zone, you have the flexibility to add barn doors for a study or transform the space into a third bedroom. Beyond the open living space, the Shorebreak presents a stunning Owner's Suite that exudes luxury and comfort. It boasts a tray ceiling, a generously sized walk-in closet, a double vanity, allowing you to create your own personal oasis. With the Shorebreak, you can truly kick back, relax, and enjoy the everyday comforts and spaciousness that this coastal-inspired home offers. It provides an exceptional living experience that combines functionality, style, and the serenity of coastal living. *PHOTOS OF SIMILAR HOME*",4,3,,2,2590,,,,,,,,,,,,,,,,,2,4,3,,2590,2,,,,,,,,,,,,,,"https://media.cheshomes.com/241/2020/2/13/The_shorebreak-25.jpg?width=1920&height=1080&fit=bounds&ois=5bcf186,https://media.cheshomes.com/241/2020/2/13/The_shorebreak-23.jpg?width=1920&height=1080&fit=bounds&ois=c4f2610,https://media.cheshomes.com/241/2020/2/13/The_shorebreak-24.jpg?width=1920&height=1080&fit=bounds&ois=1383da7,https://media.cheshomes.com/241/2020/2/13/The_shorebreak-27.jpg?width=1920&height=1080&fit=bounds&ois=95ae808,https://media.cheshomes.com/241/2020/2/13/The_shorebreak-22.jpg?width=1920&height=1080&fit=bounds&ois=63a937e,https://media.cheshomes.com/241/2020/2/13/The_shorebreak-18.jpg?width=1920&height=1080&fit=bounds&ois=231c372,https://media.cheshomes.com/241/2020/2/13/The_shorebreak-17.jpg?width=1920&height=1080&fit=bounds&ois=f6136ed,https://media.cheshomes.com/241/2020/2/13/The_shorebreak-15.jpg?width=1920&height=1080&fit=bounds&ois=91e70b0,https://media.cheshomes.com/241/2020/2/13/The_shorebreak-16.jpg?width=1920&height=1080&fit=bounds&ois=a1be36b,https://media.cheshomes.com/241/2020/2/13/The_shorebreak-35.jpg?width=1920&height=1080&fit=bounds&ois=458e9b2,https://media.cheshomes.com/241/2020/2/13/The_shorebreak-33.jpg?width=1920&height=1080&fit=bounds&ois=dc4f1f2,https://media.cheshomes.com/241/2020/2/13/The_shorebreak-36.jpg?width=1920&height=1080&fit=bounds&ois=3f9cb94,https://media.cheshomes.com/241/2020/2/13/The_shorebreak-34.jpg?width=1920&height=1080&fit=bounds&ois=329ec47,https://media.cheshomes.com/241/2020/2/13/The_shorebreak-37.jpg?width=1920&height=1080&fit=bounds&ois=3faf040,https://media.cheshomes.com/241/2020/2/13/The_shorebreak-38.jpg?width=1920&height=1080&fit=bounds&ois=3aea0f7,https://media.cheshomes.com/241/2020/2/13/The_shorebreak-13.jpg?width=1920&height=1080&fit=bounds&ois=ed9e6ac,https://media.cheshomes.com/241/2020/2/13/The_shorebreak-30.jpg?width=1920&height=1080&fit=bounds&ois=81963a4,https://media.cheshomes.com/241/2020/2/13/The_shorebreak-32.jpg?width=1920&height=1080&fit=bounds&ois=4c4685e,https://media.cheshomes.com/241/2020/2/13/The_shorebreak-42.jpg?width=1920&height=1080&fit=bounds&ois=50abbdd,https://media.cheshomes.com/241/2020/2/13/The_shorebreak-39.jpg?width=1920&height=1080&fit=bounds&ois=7491271,https://media.cheshomes.com/241/2020/2/13/The_shorebreak-41.jpg?width=1920&height=1080&fit=bounds&ois=5b37fda,https://media.cheshomes.com/241/2020/2/13/The_shorebreak-40.jpg?width=1920&height=1080&fit=bounds&ois=840b115,https://media.cheshomes.com/241/2020/2/13/The_shorebreak-31.jpg?width=1920&height=1080&fit=bounds&ois=f47b5e9,https://media.cheshomes.com/241/2020/2/13/The_shorebreak-28.jpg?width=1920&height=1080&fit=bounds&ois=1b84350,https://media.cheshomes.com/241/2020/2/13/The_shorebreak-29.jpg?width=1920&height=1080&fit=bounds&ois=4941900,https://media.cheshomes.com/241/2020/2/13/The_shorebreak-43.jpg?width=1920&height=1080&fit=bounds&ois=4aac441,https://media.cheshomes.com/241/2020/2/13/The_shorebreak-11.jpg?width=1920&height=1080&fit=bounds&ois=f8515bf,https://media.cheshomes.com/241/2020/2/13/The_shorebreak-44.jpg?width=1920&height=1080&fit=bounds&ois=839283f,https://media.cheshomes.com/241/2020/2/13/The_shorebreak-12.jpg?width=1920&height=1080&fit=bounds&ois=6aaf970"
https://www.cheshomes.com/new-homes/va/hampton/townes-at-coliseum-central/13981/160-freeman-drive/1732098/,Townes at Coliseum Central,37.0361,-76.3399,160 Freeman Drive,Hampton,VA,,,Hampton City Public Schools,,Chesapeake Homes,,,2,,,,,,,https://www.cheshomes.com,"Get ready to call Hampton, Virginia home with these beautiful

luxury three-story townhomes

at the

Townes at Coliseum Central.

The perfect location for anyone who wants to have their own oasis away from the hustle and bustle of everyday life, but also be close enough to all the fun, food, and festivals that Hampton offers. In the summer spend the day at

Buckroe Beach

or take a walk at

Grandview Nature Preserve

. You can also take a stroll along

Hampton's Water Walk trail

any time of year. In December, the trail is a holiday explosion of lights, decorations and picturesque fun for the whole family.

If the outdoors is not your thing, don't worry, lots of food and shopping are also nearby.

Cuisine

from across the globe is represented in the area, including

coastal flavors, soul food, Middle Eastern, Mexican,

and of course

tasty craft beverages.

Plus, with the

Hampton Coliseum

so close, a night out at a show or concert is a breeze.

History

is a big part of the city, so there is always something new to learn about Hampton. You can also check out

various tours

,

museums

, and

forts

close by. Thankfully you will never get bored here, because beyond your cozy new townhome at The Townes at Coliseum Central, you will also be a close drive to many areas such as Norfolk, Virginia Beach, and Chesapeake.

The Townes at Coliseum Central is the perfect spacious townhome for all lifestyles.",,,"The Ambrosia is a concise floor plan that combines daily functionality and open, relaxed living. On the first floor, you will enter your foyer to find a large bedroom with an ensuite bathroom. On the second floor, you will find a wide open area comprising your great room, kitchen, and dining area. At its center is a large kitchen island perfect for entertaining. Lastly, on the third floor, you will find your laundry room, two additional bedrooms, and your owner's suite. All 2,155 square feet are used to advance your daily life with options for upgrades that will make your life even easier after a long day. *Photos of Similar Home Shown",4,3,1,3,2155,433900,,,,,,,,,,,,,,,,2,4,3,1,2155,3,433900,,,,,,,,,,,,,"https://media.cheshomes.com/241/2026/2/9/932C_no_blur.png?width=1920&height=1079&fit=bounds&ois=9eaf312,https://media.cheshomes.com/241/2025/4/17/40-web-or-mls-_Y9A5354_mdlrJv3.jpg?width=1920&height=1279&fit=bounds&ois=19a5ef7,https://media.cheshomes.com/241/2025/4/17/13-web-or-mls-_Y9A3924_ECSysvJ.jpg?width=1920&height=1279&fit=bounds&ois=b1a211e,https://media.cheshomes.com/241/2025/4/17/15-web-or-mls-_Y9A3945_QjyQ2Tp.jpg?width=1920&height=1279&fit=bounds&ois=7f1be2d,https://media.cheshomes.com/241/2025/4/17/16-web-or-mls-_Y9A3972_mNNC9cx.jpg?width=1920&height=1279&fit=bounds&ois=1b68e51,https://media.cheshomes.com/241/2025/4/17/18-web-or-mls-_Y9A3996_AcYBcDl.jpg?width=1920&height=1279&fit=bounds&ois=18dc44c,https://media.cheshomes.com/241/2025/4/17/17-web-or-mls-_Y9A3987_vZKPBSz.jpg?width=1920&height=1279&fit=bounds&ois=f49fc1f,https://media.cheshomes.com/241/2025/4/17/22-web-or-mls-_Y9A4078_iNOmAyO.jpg?width=1920&height=1279&fit=bounds&ois=a4c0a4a,https://media.cheshomes.com/241/2025/4/17/20-web-or-mls-_Y9A4017_peAlSW5.jpg?width=1920&height=1279&fit=bounds&ois=a142410,https://media.cheshomes.com/241/2025/4/17/21-web-or-mls-_Y9A4048_Or0hNlc.jpg?width=1920&height=1279&fit=bounds&ois=a3dfe91,https://media.cheshomes.com/241/2025/4/17/37-web-or-mls-_Y9A4335_1xsnVHV.jpg?width=1920&height=1279&fit=bounds&ois=6a59941,https://media.cheshomes.com/241/2025/4/17/38-web-or-mls-_Y9A4344_9rECd5s.jpg?width=1920&height=1279&fit=bounds&ois=0817bb5,https://media.cheshomes.com/241/2025/4/17/39-web-or-mls-_Y9A4356_gc5FFDi.jpg?width=1920&height=1279&fit=bounds&ois=d362d39,https://media.cheshomes.com/241/2025/4/17/35-web-or-mls-_Y9A4296_Up4eT5w.jpg?width=1920&height=1279&fit=bounds&ois=747781a,https://media.cheshomes.com/241/2025/4/17/36-web-or-mls-_Y9A4320_nvTiYqX.jpg?width=1920&height=1279&fit=bounds&ois=7fef4c2,https://media.cheshomes.com/241/2025/4/17/34-web-or-mls-_Y9A4278_CAXFOWq.jpg?width=1920&height=1279&fit=bounds&ois=ed89ed2,https://media.cheshomes.com/241/2025/4/17/6-web-or-mls-_Y9A3831_tse1aB3.jpg?width=1920&height=1279&fit=bounds&ois=f57661f,https://media.cheshomes.com/241/2025/4/17/7-web-or-mls-_Y9A3849_PEGOtWD.jpg?width=1920&height=1279&fit=bounds&ois=742db1a,https://media.cheshomes.com/241/2025/4/17/12-web-or-mls-_Y9A3915_a5I8CL1.jpg?width=1920&height=1279&fit=bounds&ois=de35dfd,https://media.cheshomes.com/241/2025/4/17/11-web-or-mls-_Y9A3903_8vmRGGY.jpg?width=1920&height=1279&fit=bounds&ois=c7bf484,https://media.cheshomes.com/241/2025/4/17/9-web-or-mls-_Y9A3873_8iutRAr.jpg?width=1920&height=1279&fit=bounds&ois=168e993,https://media.cheshomes.com/241/2025/4/17/8-web-or-mls-_Y9A3864_e9lHK6k.jpg?width=1920&height=1279&fit=bounds&ois=412e7e1,https://media.cheshomes.com/241/2025/4/17/33-web-or-mls-_Y9A4266_VRHUftO.jpg?width=1920&height=1279&fit=bounds&ois=ff29e24,https://media.cheshomes.com/241/2025/4/17/32-web-or-mls-_Y9A4257_ixFMjtZ.jpg?width=1920&height=1279&fit=bounds&ois=07b530f,https://media.cheshomes.com/241/2025/4/17/29-web-or-mls-_Y9A4224_5xIaTt4.jpg?width=1920&height=1279&fit=bounds&ois=5639b75,https://media.cheshomes.com/241/2025/4/17/30-web-or-mls-_Y9A4236_h9992YQ.jpg?width=1920&height=1279&fit=bounds&ois=3632963,https://media.cheshomes.com/241/2025/4/17/28-web-or-mls-_Y9A4206_fDdGDPQ.jpg?width=1920&height=1279&fit=bounds&ois=2a570f0,https://media.cheshomes.com/241/2025/4/17/25-web-or-mls-_Y9A4168_THJPiBL.jpg?width=1920&height=1279&fit=bounds&ois=c8ea607,https://media.cheshomes.com/241/2025/4/17/26-web-or-mls-_Y9A4181_yK2phyV.jpg?width=1920&height=1279&fit=bounds&ois=338c541,https://media.cheshomes.com/241/2025/4/17/48-web-or-mls-DJI_0789_WCkmxzQ.jpg?width=1920&height=1078&fit=bounds&ois=61616ad,https://media.cheshomes.com/241/2025/4/17/3-web-or-mls-DJI_0740_Vv4MsLc.jpg?width=1920&height=1078&fit=bounds&ois=365beb7,https://media.cheshomes.com/241/2025/4/17/45-web-or-mls-DJI_0664_TdPbEiA.jpg?width=1920&height=1078&fit=bounds&ois=6717778,https://media.cheshomes.com/241/2025/4/17/46-web-or-mls-DJI_0671_VXb26tK.jpg?width=1920&height=1078&fit=bounds&ois=2a5c0c5"
https://www.cheshomes.com/new-homes/sc/little-river/bridgewater-shorehaven-village/11972/1619-breakwater-drive/1738255/,Bridgewater - Shorehaven Village,33.8806,-78.6681,1619 Breakwater Drive,Little River,SC,,,Horry County Schools,,Chesapeake Homes,,,2,,,,,,,https://www.cheshomes.com,"Welcome to Shorehaven Village at Bridgewater!

This village boasts

single-family

homes

from our beloved Cottage Collection. Located

off Hwy. 9 in Little River

and just minutes from the coveted Myrtle Beach area, this community creates the perfect location for a combination of relaxation and excitement. Bridgewater offers

amenities

unlike any other! Dive into the

resort-style

pool

on hot summer days. Exercise among miles of fitness trails or in the

state-of-the-art

community

fitness

center

. Enjoy plenty of activities at the bocce courts, kayak launch, or yoga lawn. Take the evening to relax with an expansive clubhouse and multiple fire pits. Bridgewater is an

active-oriented community

and a peaceful, waterside destination rolled into one beautiful place to call home.

Chesapeake Homes brings its

superb

builder

quality

to the area of Little River where you can expect

spacious

, open floor plans with prominent architectural features highlighting both the home and the area surrounding. At Bridgewater, it’s time to crossover to the good life!",,,"The Seashore is a 3 bed, 2 bath home with 2,335 square feet of first-floor living. Enter from the covered front porch into a foyer that leads to a spacious drop zone. Two bedrooms with large closets and a full bath are located to the left, with an open dining area ahead.The main living area features an open layout with a great room, dining space, and kitchen. The kitchen includes a large island with ample seating and counter space, making it ideal for everyday living and entertaining.The owner’s suite offers a private retreat with a large walk-in closet and a spacious bath. This home features a functional, open design with comfortable living spaces throughout.*PHOTOS OF SIMILAR HOME*",3,2,,1,2336,,,,,,,,,,,,,,,,,2,3,2,,2336,1,,,,,,,,,,,,,,"https://media.cheshomes.com/241/2020/3/20/DSC03154_FpS01Uy.jpg?width=1920&height=1083&fit=bounds&ois=27f6717,https://media.cheshomes.com/241/2020/3/20/DSC03140_G3wehbn.jpg?width=1920&height=1082&fit=bounds&ois=52e09c3,https://media.cheshomes.com/241/2020/3/20/DSC03148_0LqLNK5.jpg?width=1920&height=1081&fit=bounds&ois=0b5e096,https://media.cheshomes.com/241/2020/3/20/DSC03176_aaHDmGb.jpg?width=1920&height=1079&fit=bounds&ois=72e55d0,https://media.cheshomes.com/241/2020/3/20/DSC03170_PmN4Vqb.jpg?width=1920&height=1083&fit=bounds&ois=1cc533e,https://media.cheshomes.com/241/2020/3/20/DSC03185_tqpcWJs.jpg?width=1920&height=1080&fit=bounds&ois=a947dac,https://media.cheshomes.com/241/2020/3/20/DSC03182_WDHWnPd.jpg?width=1920&height=1080&fit=bounds&ois=eb903ff,https://media.cheshomes.com/241/2020/3/20/DSC03191_wvX4wi5.jpg?width=1920&height=1082&fit=bounds&ois=6533b36,https://media.cheshomes.com/241/2020/3/20/DSC03155_nWCvxRO.jpg?width=1920&height=1081&fit=bounds&ois=50bae5e,https://media.cheshomes.com/241/2020/3/20/DSC03136_SPXBHkw.jpg?width=1920&height=1086&fit=bounds&ois=1db63ef,https://media.cheshomes.com/241/2020/3/20/DSC03073_N6vw0l5.jpg?width=1920&height=1082&fit=bounds&ois=3e429b7,https://media.cheshomes.com/241/2020/3/20/DSC03118_gKRf7hY.jpg?width=1920&height=1080&fit=bounds&ois=0a0cb4f,https://media.cheshomes.com/241/2020/3/20/DSC03121_hBv6bZt.jpg?width=1920&height=1083&fit=bounds&ois=dd1c82d,https://media.cheshomes.com/241/2020/3/20/DSC03201_TOZLu5F.jpg?width=1920&height=1084&fit=bounds&ois=5f25965,https://media.cheshomes.com/241/2020/3/20/DSC03207_oeaBXWM.jpg?width=1920&height=1080&fit=bounds&ois=1189646,https://media.cheshomes.com/241/2020/3/20/DSC03210_YK7RRlh.jpg?width=1920&height=1080&fit=bounds&ois=9bc6b21,https://media.cheshomes.com/241/2020/3/20/DSC03213_FC3PAPr.jpg?width=1920&height=1080&fit=bounds&ois=d34cc56,https://media.cheshomes.com/241/2020/3/20/DSC03218_Dap8RyE.jpg?width=1920&height=1081&fit=bounds&ois=53cd5bf,https://media.cheshomes.com/241/2020/3/20/DSC03225_ebQQFP0.jpg?width=1920&height=1081&fit=bounds&ois=f644e85,https://media.cheshomes.com/241/2020/3/20/DSC03228_3raYmWO.jpg?width=1920&height=1080&fit=bounds&ois=e32f75c,https://media.cheshomes.com/241/2020/3/20/aDSC03233b_uW7iXLJ.jpg?width=1920&height=1080&fit=bounds&ois=faec988,https://media.cheshomes.com/241/2020/3/20/aDSC03240_koTVu9z.jpg?width=1920&height=1080&fit=bounds&ois=99dd23e,https://media.cheshomes.com/241/2020/3/20/aDSC03234_p2ifLZV.jpg?width=1920&height=1081&fit=bounds&ois=3e36889"
https://www.cheshomes.com/new-homes/sc/little-river/bridgewater-shorehaven-village/11972/1623-breakwater-drive/1738235/,Bridgewater - Shorehaven Village,33.8807031,-78.6683495,1623 Breakwater Drive,Little River,SC,,,Horry County Schools,,Chesapeake Homes,,,3,,,,,,,https://www.cheshomes.com,"Welcome to Shorehaven Village at Bridgewater!

This village boasts

single-family

homes

from our beloved Cottage Collection. Located

off Hwy. 9 in Little River

and just minutes from the coveted Myrtle Beach area, this community creates the perfect location for a combination of relaxation and excitement. Bridgewater offers

amenities

unlike any other! Dive into the

resort-style

pool

on hot summer days. Exercise among miles of fitness trails or in the

state-of-the-art

community

fitness

center

. Enjoy plenty of activities at the bocce courts, kayak launch, or yoga lawn. Take the evening to relax with an expansive clubhouse and multiple fire pits. Bridgewater is an

active-oriented community

and a peaceful, waterside destination rolled into one beautiful place to call home.

Chesapeake Homes brings its

superb

builder

quality

to the area of Little River where you can expect

spacious

, open floor plans with prominent architectural features highlighting both the home and the area surrounding. At Bridgewater, it’s time to crossover to the good life!",,,"The Wave Crest is a 3 bed, 2 bath home designed for spacious, open living. Enter through the covered front porch into a welcoming foyer with a study just off to the side.The main living area features an open layout with a large kitchen, dining area, and great room, creating an ideal space for everyday living and entertaining. The kitchen includes ample counter space, storage, and a walk-in pantry, with a breakfast nook just beyond.Two bedrooms with walk-in closets and a full bath are located at the front of the home, along with a convenient laundry room and drop zone. The owner’s suite offers a private retreat with a large walk-in closet and a spacious bath with dual vanities. A covered rear porch extends the living space outdoors, perfect for relaxing or hosting.*PHOTOS OF SIMILAR HOME*",3,2,,1,2046,,,,,,,,,,,,,,,,,3,3,2,,2046,1,,,,,,,,,,,,,,"https://media.cheshomes.com/241/2024/5/15/DSC03214.jpg?width=1920&height=1280&fit=bounds&ois=5a98fe3,https://media.cheshomes.com/241/2024/5/15/DSC03229.jpg?width=1920&height=1281&fit=bounds&ois=6cc52ee,https://media.cheshomes.com/241/2024/5/15/DSC03264.jpg?width=1920&height=1281&fit=bounds&ois=2b06fe7,https://media.cheshomes.com/241/2024/5/15/DSC03234.jpg?width=1920&height=1281&fit=bounds&ois=b1a6f9e,https://media.cheshomes.com/241/2024/5/15/DSC03239.jpg?width=1920&height=1281&fit=bounds&ois=c58151f,https://media.cheshomes.com/241/2024/5/15/DSC03244.jpg?width=1920&height=1281&fit=bounds&ois=94bd8b8,https://media.cheshomes.com/241/2024/5/15/DSC03254.jpg?width=1920&height=1281&fit=bounds&ois=091c7d7,https://media.cheshomes.com/241/2024/5/15/DSC03249.jpg?width=1920&height=1281&fit=bounds&ois=6e351a9,https://media.cheshomes.com/241/2024/5/15/DSC03259.jpg?width=1920&height=1281&fit=bounds&ois=b7a76e5,https://media.cheshomes.com/241/2024/5/15/DSC03224.jpg?width=1920&height=1280&fit=bounds&ois=7291725,https://media.cheshomes.com/241/2024/5/15/DSC03219.jpg?width=1920&height=1280&fit=bounds&ois=ca18042,https://media.cheshomes.com/241/2024/5/15/DSC03184.jpg?width=1920&height=1281&fit=bounds&ois=82cbaca,https://media.cheshomes.com/241/2024/5/15/DSC03209.jpg?width=1920&height=1280&fit=bounds&ois=98a49e3,https://media.cheshomes.com/241/2024/5/15/DSC03284.jpg?width=1920&height=1281&fit=bounds&ois=2068d38,https://media.cheshomes.com/241/2024/5/15/DSC03279.jpg?width=1920&height=1281&fit=bounds&ois=8d554f9,https://media.cheshomes.com/241/2024/5/15/DSC03154.jpg?width=1920&height=1280&fit=bounds&ois=b5a7483,https://media.cheshomes.com/241/2024/5/15/DSC03149.jpg?width=1920&height=1280&fit=bounds&ois=5c16ba2,https://media.cheshomes.com/241/2024/5/15/DSC03159.jpg?width=1920&height=1281&fit=bounds&ois=9ecf9e9,https://media.cheshomes.com/241/2024/5/15/DSC03164.jpg?width=1920&height=1281&fit=bounds&ois=f42f74c,https://media.cheshomes.com/241/2024/5/15/DSC03289.jpg?width=1920&height=1281&fit=bounds&ois=f80ab4b,https://media.cheshomes.com/241/2024/5/15/DSC03174.jpg?width=1920&height=1281&fit=bounds&ois=7038455,https://media.cheshomes.com/241/2024/5/15/DSC03179.jpg?width=1920&height=1281&fit=bounds&ois=ea364a2,https://media.cheshomes.com/241/2024/5/15/DSC03169.jpg?width=1920&height=1281&fit=bounds&ois=016b962,https://media.cheshomes.com/241/2024/5/15/DSC03269.jpg?width=1920&height=1280&fit=bounds&ois=cb94939"
https://www.cheshomes.com/new-homes/va/hampton/townes-at-coliseum-central/13981/170-freeman-drive/1751611/,Townes at Coliseum Central,37.0361,-76.3407,170 Freeman Drive,Hampton,VA,,,Hampton City Public Schools,,Chesapeake Homes,,,2,,,,,,,https://www.cheshomes.com,"Get ready to call Hampton, Virginia home with these beautiful

luxury three-story townhomes

at the

Townes at Coliseum Central.

The perfect location for anyone who wants to have their own oasis away from the hustle and bustle of everyday life, but also be close enough to all the fun, food, and festivals that Hampton offers. In the summer spend the day at

Buckroe Beach

or take a walk at

Grandview Nature Preserve

. You can also take a stroll along

Hampton's Water Walk trail

any time of year. In December, the trail is a holiday explosion of lights, decorations and picturesque fun for the whole family.

If the outdoors is not your thing, don't worry, lots of food and shopping are also nearby.

Cuisine

from across the globe is represented in the area, including

coastal flavors, soul food, Middle Eastern, Mexican,

and of course

tasty craft beverages.

Plus, with the

Hampton Coliseum

so close, a night out at a show or concert is a breeze.

History

is a big part of the city, so there is always something new to learn about Hampton. You can also check out

various tours

,

museums

, and

forts

close by. Thankfully you will never get bored here, because beyond your cozy new townhome at The Townes at Coliseum Central, you will also be a close drive to many areas such as Norfolk, Virginia Beach, and Chesapeake.

The Townes at Coliseum Central is the perfect spacious townhome for all lifestyles.",,,"The Ambrosia is a concise floor plan that combines daily functionality and open, relaxed living. On the first floor, you will enter your foyer to find a large bedroom with an ensuite bathroom. On the second floor, you will find a wide open area comprising your great room, kitchen, and dining area. At its center is a large kitchen island perfect for entertaining. Lastly, on the third floor, you will find your laundry room, two additional bedrooms, and your owner's suite. All 2,155 square feet are used to advance your daily life with options for upgrades that will make your life even easier after a long day. *Photos of Similar Home Shown",4,3,1,3,2155,434900,,,,,,,,,,,,,,,,2,4,3,1,2155,3,434900,,,,,,,,,,,,,"https://media.cheshomes.com/241/2026/5/4/932B_no_blur_3FoNc6g.png?width=1920&height=1079&fit=bounds&ois=ed729a2,https://media.cheshomes.com/241/2025/4/17/40-web-or-mls-_Y9A5354_mdlrJv3.jpg?width=1920&height=1279&fit=bounds&ois=19a5ef7,https://media.cheshomes.com/241/2025/4/17/6-web-or-mls-_Y9A3831_tse1aB3.jpg?width=1920&height=1279&fit=bounds&ois=f57661f,https://media.cheshomes.com/241/2025/4/17/13-web-or-mls-_Y9A3924_ECSysvJ.jpg?width=1920&height=1279&fit=bounds&ois=b1a211e,https://media.cheshomes.com/241/2025/4/17/15-web-or-mls-_Y9A3945_QjyQ2Tp.jpg?width=1920&height=1279&fit=bounds&ois=7f1be2d,https://media.cheshomes.com/241/2025/4/17/16-web-or-mls-_Y9A3972_mNNC9cx.jpg?width=1920&height=1279&fit=bounds&ois=1b68e51,https://media.cheshomes.com/241/2025/4/17/18-web-or-mls-_Y9A3996_AcYBcDl.jpg?width=1920&height=1279&fit=bounds&ois=18dc44c,https://media.cheshomes.com/241/2025/4/17/17-web-or-mls-_Y9A3987_vZKPBSz.jpg?width=1920&height=1279&fit=bounds&ois=f49fc1f,https://media.cheshomes.com/241/2025/4/17/22-web-or-mls-_Y9A4078_iNOmAyO.jpg?width=1920&height=1279&fit=bounds&ois=a4c0a4a,https://media.cheshomes.com/241/2025/4/17/20-web-or-mls-_Y9A4017_peAlSW5.jpg?width=1920&height=1279&fit=bounds&ois=a142410,https://media.cheshomes.com/241/2025/4/17/21-web-or-mls-_Y9A4048_Or0hNlc.jpg?width=1920&height=1279&fit=bounds&ois=a3dfe91,https://media.cheshomes.com/241/2025/4/17/12-web-or-mls-_Y9A3915_a5I8CL1.jpg?width=1920&height=1279&fit=bounds&ois=de35dfd,https://media.cheshomes.com/241/2025/4/17/11-web-or-mls-_Y9A3903_8vmRGGY.jpg?width=1920&height=1279&fit=bounds&ois=c7bf484,https://media.cheshomes.com/241/2025/4/17/9-web-or-mls-_Y9A3873_8iutRAr.jpg?width=1920&height=1279&fit=bounds&ois=168e993,https://media.cheshomes.com/241/2025/4/17/8-web-or-mls-_Y9A3864_e9lHK6k.jpg?width=1920&height=1279&fit=bounds&ois=412e7e1,https://media.cheshomes.com/241/2025/4/17/37-web-or-mls-_Y9A4335_1xsnVHV.jpg?width=1920&height=1279&fit=bounds&ois=6a59941,https://media.cheshomes.com/241/2025/4/17/38-web-or-mls-_Y9A4344_9rECd5s.jpg?width=1920&height=1279&fit=bounds&ois=0817bb5,https://media.cheshomes.com/241/2025/4/17/39-web-or-mls-_Y9A4356_gc5FFDi.jpg?width=1920&height=1279&fit=bounds&ois=d362d39,https://media.cheshomes.com/241/2025/4/17/35-web-or-mls-_Y9A4296_Up4eT5w.jpg?width=1920&height=1279&fit=bounds&ois=747781a,https://media.cheshomes.com/241/2025/4/17/36-web-or-mls-_Y9A4320_nvTiYqX.jpg?width=1920&height=1279&fit=bounds&ois=7fef4c2,https://media.cheshomes.com/241/2025/4/17/34-web-or-mls-_Y9A4278_CAXFOWq.jpg?width=1920&height=1279&fit=bounds&ois=ed89ed2,https://media.cheshomes.com/241/2025/4/17/33-web-or-mls-_Y9A4266_VRHUftO.jpg?width=1920&height=1279&fit=bounds&ois=ff29e24,https://media.cheshomes.com/241/2025/4/17/32-web-or-mls-_Y9A4257_ixFMjtZ.jpg?width=1920&height=1279&fit=bounds&ois=07b530f,https://media.cheshomes.com/241/2025/4/17/29-web-or-mls-_Y9A4224_5xIaTt4.jpg?width=1920&height=1279&fit=bounds&ois=5639b75,https://media.cheshomes.com/241/2025/4/17/30-web-or-mls-_Y9A4236_h9992YQ.jpg?width=1920&height=1279&fit=bounds&ois=3632963,https://media.cheshomes.com/241/2025/4/17/28-web-or-mls-_Y9A4206_fDdGDPQ.jpg?width=1920&height=1279&fit=bounds&ois=2a570f0,https://media.cheshomes.com/241/2025/4/17/25-web-or-mls-_Y9A4168_THJPiBL.jpg?width=1920&height=1279&fit=bounds&ois=c8ea607,https://media.cheshomes.com/241/2025/4/17/26-web-or-mls-_Y9A4181_yK2phyV.jpg?width=1920&height=1279&fit=bounds&ois=338c541,https://media.cheshomes.com/241/2025/4/17/48-web-or-mls-DJI_0789_WCkmxzQ.jpg?width=1920&height=1078&fit=bounds&ois=61616ad,https://media.cheshomes.com/241/2025/4/17/41-web-or-mls-_Y9A5966_2D2UzPh.jpg?width=1920&height=1279&fit=bounds&ois=6f4cb4b,https://media.cheshomes.com/241/2025/4/17/3-web-or-mls-DJI_0740_Vv4MsLc.jpg?width=1920&height=1078&fit=bounds&ois=365beb7,https://media.cheshomes.com/241/2025/4/17/46-web-or-mls-DJI_0671_VXb26tK.jpg?width=1920&height=1078&fit=bounds&ois=2a5c0c5"
https://www.cheshomes.com/new-homes/va/hampton/townes-at-coliseum-central/13981/172-freeman-drive/1751610/,Townes at Coliseum Central,37.036,-76.3411,172 Freeman Drive,Hampton,VA,,,Hampton City Public Schools,,Chesapeake Homes,,,2,,,,,,,https://www.cheshomes.com,"Get ready to call Hampton, Virginia home with these beautiful

luxury three-story townhomes

at the

Townes at Coliseum Central.

The perfect location for anyone who wants to have their own oasis away from the hustle and bustle of everyday life, but also be close enough to all the fun, food, and festivals that Hampton offers. In the summer spend the day at

Buckroe Beach

or take a walk at

Grandview Nature Preserve

. You can also take a stroll along

Hampton's Water Walk trail

any time of year. In December, the trail is a holiday explosion of lights, decorations and picturesque fun for the whole family.

If the outdoors is not your thing, don't worry, lots of food and shopping are also nearby.

Cuisine

from across the globe is represented in the area, including

coastal flavors, soul food, Middle Eastern, Mexican,

and of course

tasty craft beverages.

Plus, with the

Hampton Coliseum

so close, a night out at a show or concert is a breeze.

History

is a big part of the city, so there is always something new to learn about Hampton. You can also check out

various tours

,

museums

, and

forts

close by. Thankfully you will never get bored here, because beyond your cozy new townhome at The Townes at Coliseum Central, you will also be a close drive to many areas such as Norfolk, Virginia Beach, and Chesapeake.

The Townes at Coliseum Central is the perfect spacious townhome for all lifestyles.",,,"Welcome home to the Gala, a three-story townhome that combines function and style into your everyday life. This floor plan features 4 bedrooms and 3.5 bathrooms in over 2,000 square feet of luxury living. The first floor holds a bedroom, bathroom, the foyer, and access to your two-car garage. On the second floor, you will find a spacious living room, powder room, and dining room that is connected to your kitchen, separated by a large island. On the third floor, you will find two bedrooms, your owner suite with ensuite bathroom, as well as another full bath and laundry room. The Gala is the perfect option for anyone looking for spacious townhome living in a location second to none. *Photos of Similar Home Shown",4,3,1,3,2078,416900,,,,,,,,,,,,,,,,2,4,3,1,2078,3,416900,,,,,,,,,,,,,"https://media.cheshomes.com/241/2026/5/4/39-web-or-mls-_Y9A6709.jpg?width=1920&height=1279&fit=bounds&ois=520cb59,https://media.cheshomes.com/241/2026/5/4/931B_blur_HwGKI4m.png?width=1814&height=1188&fit=bounds&ois=95bdab7,https://media.cheshomes.com/241/2025/8/28/2-web-or-mls-_Y9A6869.jpg?width=1920&height=1279&fit=bounds&ois=ce53268,https://media.cheshomes.com/241/2025/8/28/20-web-or-mls-_Y9A6848.jpg?width=1920&height=1279&fit=bounds&ois=6b63396,https://media.cheshomes.com/241/2025/8/28/21-web-or-mls-_Y9A6547.jpg?width=1920&height=1279&fit=bounds&ois=acbc149,https://media.cheshomes.com/241/2025/8/28/47-web-or-mls-_Y9A6775.jpg?width=1920&height=1279&fit=bounds&ois=11e24a9,https://media.cheshomes.com/241/2025/8/28/46-web-or-mls-_Y9A6769.jpg?width=1920&height=1279&fit=bounds&ois=9b2685c,https://media.cheshomes.com/241/2025/8/28/48-web-or-mls-_Y9A6784.jpg?width=1920&height=1279&fit=bounds&ois=80863f9,https://media.cheshomes.com/241/2025/8/28/45-web-or-mls-_Y9A6757.jpg?width=1920&height=1279&fit=bounds&ois=b2266d3,https://media.cheshomes.com/241/2025/8/28/44-web-or-mls-_Y9A6751.jpg?width=1920&height=1279&fit=bounds&ois=ece68f8,https://media.cheshomes.com/241/2025/8/28/39-web-or-mls-_Y9A6709.jpg?width=1920&height=1279&fit=bounds&ois=af4dc25,https://media.cheshomes.com/241/2025/8/28/40-web-or-mls-_Y9A6721.jpg?width=1920&height=1279&fit=bounds&ois=c89b0db,https://media.cheshomes.com/241/2025/8/28/41-web-or-mls-_Y9A6730.jpg?width=1920&height=1279&fit=bounds&ois=7abeb6b,https://media.cheshomes.com/241/2025/8/28/38-web-or-mls-_Y9A6703_-_Copy.jpg?width=1920&height=1279&fit=bounds&ois=5882b10,https://media.cheshomes.com/241/2025/8/28/33-web-or-mls-_Y9A6655.jpg?width=1920&height=1279&fit=bounds&ois=409443f,https://media.cheshomes.com/241/2025/8/28/34-web-or-mls-_Y9A6661.jpg?width=1920&height=1279&fit=bounds&ois=6f4cf94,https://media.cheshomes.com/241/2025/8/28/36-web-or-mls-_Y9A6682.jpg?width=1920&height=1279&fit=bounds&ois=d27c98b,https://media.cheshomes.com/241/2025/8/28/37-web-or-mls-_Y9A6691.jpg?width=1920&height=1279&fit=bounds&ois=64c7eef,https://media.cheshomes.com/241/2025/8/28/35-web-or-mls-_Y9A6676.jpg?width=1920&height=1279&fit=bounds&ois=b9edc0b,https://media.cheshomes.com/241/2025/8/28/24-web-or-mls-_Y9A6583.jpg?width=1920&height=1279&fit=bounds&ois=8f4f3fa,https://media.cheshomes.com/241/2025/8/28/25-web-or-mls-_Y9A6589.jpg?width=1920&height=1279&fit=bounds&ois=edbae8f,https://media.cheshomes.com/241/2025/8/28/23-web-or-mls-_Y9A6574.jpg?width=1920&height=1279&fit=bounds&ois=0bfd45e,https://media.cheshomes.com/241/2025/8/28/26-web-or-mls-_Y9A6598.jpg?width=1920&height=1279&fit=bounds&ois=dacb4ab,https://media.cheshomes.com/241/2025/8/28/43-web-or-mls-_Y9A6745.jpg?width=1920&height=1279&fit=bounds&ois=e30b816,https://media.cheshomes.com/241/2025/8/28/27-web-or-mls-_Y9A6604.jpg?width=1920&height=1279&fit=bounds&ois=8731a18,https://media.cheshomes.com/241/2025/8/28/28-web-or-mls-_Y9A6610.jpg?width=1920&height=1279&fit=bounds&ois=db2ef03,https://media.cheshomes.com/241/2025/8/28/32-web-or-mls-_Y9A6643.jpg?width=1920&height=1279&fit=bounds&ois=9470971,https://media.cheshomes.com/241/2025/8/28/19-web-or-mls-_Y9A6840.jpg?width=1920&height=1279&fit=bounds&ois=d45f284,https://media.cheshomes.com/241/2025/8/28/18-web-or-mls-_Y9A6834.jpg?width=1920&height=1279&fit=bounds&ois=915e8aa,https://media.cheshomes.com/241/2025/8/28/51-web-or-mls-_Y9A6927.jpg?width=1920&height=1279&fit=bounds&ois=1212ccd,https://media.cheshomes.com/241/2025/8/28/9-web-or-mls-DJI_0773.jpg?width=1920&height=1079&fit=bounds&ois=9e81d25,https://media.cheshomes.com/241/2025/8/28/16-web-or-mls-DJI_0797.jpg?width=1920&height=1079&fit=bounds&ois=446ed3a"
https://www.cheshomes.com/new-homes/va/hampton/townes-at-coliseum-central/13981/174-freeman-drive/1751609/,Townes at Coliseum Central,37.036,-76.3415,174 Freeman Drive,Hampton,VA,,,Hampton City Public Schools,,Chesapeake Homes,,,1,,,,,,,https://www.cheshomes.com,"Get ready to call Hampton, Virginia home with these beautiful

luxury three-story townhomes

at the

Townes at Coliseum Central.

The perfect location for anyone who wants to have their own oasis away from the hustle and bustle of everyday life, but also be close enough to all the fun, food, and festivals that Hampton offers. In the summer spend the day at

Buckroe Beach

or take a walk at

Grandview Nature Preserve

. You can also take a stroll along

Hampton's Water Walk trail

any time of year. In December, the trail is a holiday explosion of lights, decorations and picturesque fun for the whole family.

If the outdoors is not your thing, don't worry, lots of food and shopping are also nearby.

Cuisine

from across the globe is represented in the area, including

coastal flavors, soul food, Middle Eastern, Mexican,

and of course

tasty craft beverages.

Plus, with the

Hampton Coliseum

so close, a night out at a show or concert is a breeze.

History

is a big part of the city, so there is always something new to learn about Hampton. You can also check out

various tours

,

museums

, and

forts

close by. Thankfully you will never get bored here, because beyond your cozy new townhome at The Townes at Coliseum Central, you will also be a close drive to many areas such as Norfolk, Virginia Beach, and Chesapeake.

The Townes at Coliseum Central is the perfect spacious townhome for all lifestyles.",,,"The Braeburn uses all 1,821 square feet to its advantage. On the first floor, you will find a bedroom located directly off the foyer, as well as a full bathroom and access to your one-car garage, which features a storage area. Up the stairs to the second floor, you will find a large open living area attached to a kitchen with a corner pantry and an island. Past the island, you will find a breakfast nook/dining area, as well as a powder room. Lastly, on the third floor, prepare to enter your beautiful owner's suite, featuring tray ceilings, an attached bathroom, and a walk-in closet. Additionally, on this level is a full bath, laundry area, and two additional bedrooms.*Photos of Similar Home Shown",4,3,1,3,1822,388900,,,,,,,,,,,,,,,,1,4,3,1,1822,3,388900,,,,,,,,,,,,,"https://media.cheshomes.com/241/2026/5/4/VS_Townes_43_8_UZwIHgc_1.jpg?width=1920&height=1280&fit=bounds&ois=9dc7407,https://media.cheshomes.com/241/2026/5/4/930A_no_blur.png?width=1920&height=1079&fit=bounds&ois=8ae7275,https://media.cheshomes.com/241/2025/9/9/13-web-or-mls-_Y9A8632.jpg?width=1920&height=1279&fit=bounds&ois=ceb6893,https://media.cheshomes.com/241/2025/9/9/12-web-or-mls-_Y9A8626.jpg?width=1920&height=1279&fit=bounds&ois=e40a25c,https://media.cheshomes.com/241/2025/9/9/14-web-or-mls-_Y9A9538.jpg?width=1920&height=1279&fit=bounds&ois=4ec57b8,https://media.cheshomes.com/241/2025/9/9/39-web-or-mls-_Y9A9739.jpg?width=1920&height=1279&fit=bounds&ois=db91b8a,https://media.cheshomes.com/241/2025/9/9/43-web-or-mls-_Y9A9796.jpg?width=1920&height=1279&fit=bounds&ois=753ff5b,https://media.cheshomes.com/241/2025/9/9/41-web-or-mls-_Y9A9763.jpg?width=1920&height=1279&fit=bounds&ois=b4e4cf4,https://media.cheshomes.com/241/2025/9/10/VS_Townes_43_5_MBoOP4i.jpg?width=1920&height=1280&fit=bounds&ois=5dae55b,https://media.cheshomes.com/241/2025/9/10/VS_Townes_43_6_SqZ7q3j.jpg?width=1920&height=1280&fit=bounds&ois=8d1009d,https://media.cheshomes.com/241/2025/9/10/VS_Townes_43_10_erCF67n.jpg?width=1920&height=1280&fit=bounds&ois=bebb173,https://media.cheshomes.com/241/2025/9/10/VS_Townes_43_11_KjhU8NH.jpg?width=1920&height=1280&fit=bounds&ois=2988f04,https://media.cheshomes.com/241/2025/9/10/VS_Townes_43_2_lndgTCQ.jpg?width=1920&height=1280&fit=bounds&ois=5b1f090,https://media.cheshomes.com/241/2025/9/10/VS_Townes_43_4_fkB0tAj.jpg?width=1920&height=1280&fit=bounds&ois=ff5003d,https://media.cheshomes.com/241/2025/9/10/VS_Townes_43_3_XOZlJtE.jpg?width=1920&height=1280&fit=bounds&ois=8782a99,https://media.cheshomes.com/241/2025/9/10/VS_Townes_43_1_I6arPh9.jpg?width=1920&height=1280&fit=bounds&ois=47f06d2,https://media.cheshomes.com/241/2025/9/10/VS_Townes_43_8_UZwIHgc.jpg?width=1920&height=1280&fit=bounds&ois=e8824f8,https://media.cheshomes.com/241/2025/9/10/VS_Townes_43_7_c6slOym.jpg?width=1920&height=1280&fit=bounds&ois=0067e00,https://media.cheshomes.com/241/2025/9/10/VS_Townes_43_9_GAcRDeX.jpg?width=1920&height=1280&fit=bounds&ois=8d441b8,https://media.cheshomes.com/241/2025/9/9/30-web-or-mls-_Y9A9661.jpg?width=1920&height=1279&fit=bounds&ois=2c71b5c,https://media.cheshomes.com/241/2025/9/9/31-web-or-mls-_Y9A9667.jpg?width=1920&height=1279&fit=bounds&ois=26dfbc3,https://media.cheshomes.com/241/2025/9/9/26-web-or-mls-_Y9A9631.jpg?width=1920&height=1279&fit=bounds&ois=67e9195,https://media.cheshomes.com/241/2025/9/9/15-web-or-mls-_Y9A9544.jpg?width=1920&height=1279&fit=bounds&ois=26674ce,https://media.cheshomes.com/241/2025/9/9/16-web-or-mls-_Y9A9556.jpg?width=1920&height=1279&fit=bounds&ois=06042c7,https://media.cheshomes.com/241/2025/9/9/17-web-or-mls-_Y9A9562.jpg?width=1920&height=1279&fit=bounds&ois=6003fb7,https://media.cheshomes.com/241/2025/9/9/18-web-or-mls-_Y9A9571.jpg?width=1920&height=1279&fit=bounds&ois=14f5668,https://media.cheshomes.com/241/2025/9/9/20-web-or-mls-_Y9A9589.jpg?width=1920&height=1279&fit=bounds&ois=4aec612,https://media.cheshomes.com/241/2025/9/9/21-web-or-mls-_Y9A9598.jpg?width=1920&height=1279&fit=bounds&ois=7a3e165,https://media.cheshomes.com/241/2025/9/9/22-web-or-mls-_Y9A9607.jpg?width=1920&height=1279&fit=bounds&ois=fc846dd,https://media.cheshomes.com/241/2025/9/9/23-web-or-mls-_Y9A9613.jpg?width=1920&height=1279&fit=bounds&ois=e2bcb00,https://media.cheshomes.com/241/2025/9/9/24-web-or-mls-_Y9A9619.jpg?width=1920&height=1279&fit=bounds&ois=ee6b43f,https://media.cheshomes.com/241/2025/9/9/32-web-or-mls-_Y9A9679.jpg?width=1920&height=1279&fit=bounds&ois=b497e25,https://media.cheshomes.com/241/2025/9/9/25-web-or-mls-_Y9A9625.jpg?width=1920&height=1279&fit=bounds&ois=070c015,https://media.cheshomes.com/241/2025/9/9/4-web-or-mls-_Y9A9807.jpg?width=1920&height=1279&fit=bounds&ois=bfd578b,https://media.cheshomes.com/241/2025/9/9/5-web-or-mls-_Y9A9816.jpg?width=1920&height=1279&fit=bounds&ois=ee61dad,https://media.cheshomes.com/241/2025/9/9/11-web-or-mls-_Y9A8910.jpg?width=1920&height=1279&fit=bounds&ois=f324544,https://media.cheshomes.com/241/2025/9/9/19-web-or-mls-_Y9A9583.jpg?width=1920&height=1279&fit=bounds&ois=7672fd1,https://media.cheshomes.com/241/2025/9/9/9-web-or-mls-DJI_0101.jpg?width=1920&height=1079&fit=bounds&ois=8067346,https://media.cheshomes.com/241/2025/9/9/7-web-or-mls-DJI_0066.jpg?width=1920&height=1079&fit=bounds&ois=04b2d63,https://media.cheshomes.com/241/2025/9/9/1-web-or-mls-DJI_0020_edit.jpg?width=1920&height=1079&fit=bounds&ois=2a3f62d"
https://www.cheshomes.com/new-homes/sc/myrtle-beach/traditions-at-carolina-forest/8444/175-broughton-drive/1737230/,Traditions at Carolina Forest,33.7471189,-78.8786611,175 Broughton Drive,Myrtle Beach,SC,,,Horry County,,Chesapeake Homes,,,2,,,,,,,https://www.cheshomes.com,"Welcome to Traditions at Carolina Forest

Traditions at Carolina Forest is a single-family home community located in the heart of Myrtle Beach, SC, within the highly sought-after Carolina Forest area. Designed for comfort, connection, and everyday convenience, this community offers a welcoming place to call home—no matter where you are in your homebuying journey.

Blending modern living with classic Southern charm, Traditions provides easy access to everything that makes coastal life so appealing. Residents are just minutes from Myrtle Beach’s beautiful beaches, championship golf courses, popular shopping destinations, local restaurants, and weekend festivals and entertainment. With excellent schools and top-rated medical centers nearby, Traditions at Carolina Forest is ideal for living, working, and enjoying life at every stage.

Community Amenities Designed for Every Lifestyle

Traditions at Carolina Forest offers a mix of amenities that support both active living and laid-back relaxation. Whether you're ready to settle in now or planning for the future, the community provides space to connect, recharge, and enjoy life.

Residents can gather at the beautifully designed clubhouse, featuring stylish indoor spaces perfect for social events, celebrations, or casual get-togethers. The attached fitness center includes modern cardio and strength-training equipment, making it easy to stay active without leaving the neighborhood.

On warm Carolina days, the sparkling community pool offers a refreshing escape with comfortable loungers and shaded areas for relaxing poolside. Families will appreciate the community playground, a safe and engaging space where children can play, explore, and make new friends close to home.

Pet owners will love the dedicated dog park, complete with open space and separate areas for small and large dogs, creating a welcoming environment for both pets and their people. Pickleball courts add another layer of fun and connection, offering opportunities for friendly competition, fitness, and social interaction for all skill levels.

A Connected Community in Carolina Forest

With its central location, everyday amenities, and flexible home options, Traditions at Carolina Forest offers a community designed to fit every stage of life. Whether you’re building, buying, or simply exploring what’s next, Traditions provides the space, comfort, and lifestyle you’ve been looking for.",,,"Welcome to the Waverunner plan, offering 2,666 square feet of versatile living space for busy families and weekend loungers alike. This home features four bedrooms and a spacious open-concept kitchen and great room, complete with a kitchen island and breakfast nook. Step outside onto padio to savor your morning coffee in style.Upstairs, discover a vast loft area perfect for a media room, playroom, or workout space. The luxurious Owner's Suite boasts tray ceilings, an L-shaped walk-in closet, and a double sink vanity for added convenience. Living in the Waverunner means coming home to pure relaxation every night.*PHOTOS OF SIMILAR HOME*",4,2,1,2,2666,465190,,,,,,,,,,,,,,,,2,4,2,1,2666,2,465190,,,,,,,,,,,,,"https://media.cheshomes.com/241/2025/9/18/A92A1053.jpg?width=1920&height=1109&fit=bounds&ois=8cb56fe,https://media.cheshomes.com/241/2025/9/18/A92A1038.jpg?width=1920&height=1109&fit=bounds&ois=39a88c6,https://media.cheshomes.com/241/2025/9/18/A92A1032.jpg?width=1920&height=1109&fit=bounds&ois=bb8d7e2,https://media.cheshomes.com/241/2025/9/18/A92A1189.jpg?width=1920&height=1109&fit=bounds&ois=1fe1cb1,https://media.cheshomes.com/241/2025/9/18/A92A1174.jpg?width=1920&height=1109&fit=bounds&ois=b8cb33e,https://media.cheshomes.com/241/2025/9/18/A92A1179.jpg?width=1920&height=1109&fit=bounds&ois=f15346c,https://media.cheshomes.com/241/2025/9/18/A92A1068.jpg?width=1920&height=1109&fit=bounds&ois=10f05d7,https://media.cheshomes.com/241/2025/9/18/A92A1007.jpg?width=1920&height=1109&fit=bounds&ois=78ae4d9,https://media.cheshomes.com/241/2025/9/18/A92A1018.jpg?width=1920&height=1109&fit=bounds&ois=291c6fd,https://media.cheshomes.com/241/2025/9/18/A92A1002.jpg?width=1920&height=1109&fit=bounds&ois=056af2e,https://media.cheshomes.com/241/2025/9/18/A92A0990.jpg?width=1920&height=1109&fit=bounds&ois=4ddd013,https://media.cheshomes.com/241/2025/9/18/A92A1048.jpg?width=1920&height=1109&fit=bounds&ois=b078fd8,https://media.cheshomes.com/241/2025/9/18/A92A1139.jpg?width=1920&height=1109&fit=bounds&ois=5125fd8,https://media.cheshomes.com/241/2025/9/18/A92A1144.jpg?width=1920&height=1109&fit=bounds&ois=fd92482,https://media.cheshomes.com/241/2025/9/18/A92A1149.jpg?width=1920&height=1109&fit=bounds&ois=1731ac7,https://media.cheshomes.com/241/2025/9/18/A92A1160.jpg?width=1920&height=1109&fit=bounds&ois=5d401ce,https://media.cheshomes.com/241/2025/9/18/A92A1232.jpg?width=1920&height=1109&fit=bounds&ois=99f4539,https://media.cheshomes.com/241/2025/9/18/A92A1237.jpg?width=1920&height=1109&fit=bounds&ois=f0c6d6e,https://media.cheshomes.com/241/2025/9/18/A92A1247.jpg?width=1920&height=1109&fit=bounds&ois=0b7835f,https://media.cheshomes.com/241/2025/9/18/A92A1257.jpg?width=1920&height=1109&fit=bounds&ois=cfb1e84"
https://www.cheshomes.com/new-homes/va/hampton/townes-at-coliseum-central/13981/176-freeman-drive/1751608/,Townes at Coliseum Central,37.036,-76.3419,176 Freeman Drive,Hampton,VA,,,Hampton City Public Schools,,Chesapeake Homes,,,2,,,,,,,https://www.cheshomes.com,"Get ready to call Hampton, Virginia home with these beautiful

luxury three-story townhomes

at the

Townes at Coliseum Central.

The perfect location for anyone who wants to have their own oasis away from the hustle and bustle of everyday life, but also be close enough to all the fun, food, and festivals that Hampton offers. In the summer spend the day at

Buckroe Beach

or take a walk at

Grandview Nature Preserve

. You can also take a stroll along

Hampton's Water Walk trail

any time of year. In December, the trail is a holiday explosion of lights, decorations and picturesque fun for the whole family.

If the outdoors is not your thing, don't worry, lots of food and shopping are also nearby.

Cuisine

from across the globe is represented in the area, including

coastal flavors, soul food, Middle Eastern, Mexican,

and of course

tasty craft beverages.

Plus, with the

Hampton Coliseum

so close, a night out at a show or concert is a breeze.

History

is a big part of the city, so there is always something new to learn about Hampton. You can also check out

various tours

,

museums

, and

forts

close by. Thankfully you will never get bored here, because beyond your cozy new townhome at The Townes at Coliseum Central, you will also be a close drive to many areas such as Norfolk, Virginia Beach, and Chesapeake.

The Townes at Coliseum Central is the perfect spacious townhome for all lifestyles.",,,"Welcome home to the Gala, a three-story townhome that combines function and style into your everyday life. This floor plan features 4 bedrooms and 3.5 bathrooms in over 2,000 square feet of luxury living. The first floor holds a bedroom, bathroom, the foyer, and access to your two-car garage. On the second floor, you will find a spacious living room, powder room, and dining room that is connected to your kitchen, separated by a large island. On the third floor, you will find two bedrooms, your owner suite with ensuite bathroom, as well as another full bath and laundry room. The Gala is the perfect option for anyone looking for spacious townhome living in a location second to none. *Photos of Similar Home Shown",4,3,1,3,2078,413900,,,,,,,,,,,,,,,,2,4,3,1,2078,3,413900,,,,,,,,,,,,,"https://media.cheshomes.com/241/2026/5/4/931C_no_blur.png?width=1920&height=1079&fit=bounds&ois=1ec8ff0,https://media.cheshomes.com/241/2025/8/28/2-web-or-mls-_Y9A6869.jpg?width=1920&height=1279&fit=bounds&ois=ce53268,https://media.cheshomes.com/241/2025/8/28/20-web-or-mls-_Y9A6848.jpg?width=1920&height=1279&fit=bounds&ois=6b63396,https://media.cheshomes.com/241/2025/8/28/21-web-or-mls-_Y9A6547.jpg?width=1920&height=1279&fit=bounds&ois=acbc149,https://media.cheshomes.com/241/2025/8/28/47-web-or-mls-_Y9A6775.jpg?width=1920&height=1279&fit=bounds&ois=11e24a9,https://media.cheshomes.com/241/2025/8/28/46-web-or-mls-_Y9A6769.jpg?width=1920&height=1279&fit=bounds&ois=9b2685c,https://media.cheshomes.com/241/2025/8/28/48-web-or-mls-_Y9A6784.jpg?width=1920&height=1279&fit=bounds&ois=80863f9,https://media.cheshomes.com/241/2025/8/28/45-web-or-mls-_Y9A6757.jpg?width=1920&height=1279&fit=bounds&ois=b2266d3,https://media.cheshomes.com/241/2025/8/28/44-web-or-mls-_Y9A6751.jpg?width=1920&height=1279&fit=bounds&ois=ece68f8,https://media.cheshomes.com/241/2025/8/28/42-web-or-mls-_Y9A6736.jpg?width=1920&height=1279&fit=bounds&ois=f118189,https://media.cheshomes.com/241/2025/8/28/39-web-or-mls-_Y9A6709.jpg?width=1920&height=1279&fit=bounds&ois=af4dc25,https://media.cheshomes.com/241/2025/8/28/40-web-or-mls-_Y9A6721.jpg?width=1920&height=1279&fit=bounds&ois=c89b0db,https://media.cheshomes.com/241/2025/8/28/41-web-or-mls-_Y9A6730.jpg?width=1920&height=1279&fit=bounds&ois=7abeb6b,https://media.cheshomes.com/241/2025/8/28/38-web-or-mls-_Y9A6703_-_Copy.jpg?width=1920&height=1279&fit=bounds&ois=5882b10,https://media.cheshomes.com/241/2025/8/28/33-web-or-mls-_Y9A6655.jpg?width=1920&height=1279&fit=bounds&ois=409443f,https://media.cheshomes.com/241/2025/8/28/34-web-or-mls-_Y9A6661.jpg?width=1920&height=1279&fit=bounds&ois=6f4cf94,https://media.cheshomes.com/241/2025/8/28/36-web-or-mls-_Y9A6682.jpg?width=1920&height=1279&fit=bounds&ois=d27c98b,https://media.cheshomes.com/241/2025/8/28/37-web-or-mls-_Y9A6691.jpg?width=1920&height=1279&fit=bounds&ois=64c7eef,https://media.cheshomes.com/241/2025/8/28/35-web-or-mls-_Y9A6676.jpg?width=1920&height=1279&fit=bounds&ois=b9edc0b,https://media.cheshomes.com/241/2025/8/28/24-web-or-mls-_Y9A6583.jpg?width=1920&height=1279&fit=bounds&ois=8f4f3fa,https://media.cheshomes.com/241/2025/8/28/25-web-or-mls-_Y9A6589.jpg?width=1920&height=1279&fit=bounds&ois=edbae8f,https://media.cheshomes.com/241/2025/8/28/23-web-or-mls-_Y9A6574.jpg?width=1920&height=1279&fit=bounds&ois=0bfd45e,https://media.cheshomes.com/241/2025/8/28/26-web-or-mls-_Y9A6598.jpg?width=1920&height=1279&fit=bounds&ois=dacb4ab,https://media.cheshomes.com/241/2025/8/28/43-web-or-mls-_Y9A6745.jpg?width=1920&height=1279&fit=bounds&ois=e30b816,https://media.cheshomes.com/241/2025/8/28/27-web-or-mls-_Y9A6604.jpg?width=1920&height=1279&fit=bounds&ois=8731a18,https://media.cheshomes.com/241/2025/8/28/28-web-or-mls-_Y9A6610.jpg?width=1920&height=1279&fit=bounds&ois=db2ef03,https://media.cheshomes.com/241/2025/8/28/32-web-or-mls-_Y9A6643.jpg?width=1920&height=1279&fit=bounds&ois=9470971,https://media.cheshomes.com/241/2025/8/28/19-web-or-mls-_Y9A6840.jpg?width=1920&height=1279&fit=bounds&ois=d45f284,https://media.cheshomes.com/241/2025/8/28/18-web-or-mls-_Y9A6834.jpg?width=1920&height=1279&fit=bounds&ois=915e8aa,https://media.cheshomes.com/241/2025/8/28/51-web-or-mls-_Y9A6927.jpg?width=1920&height=1279&fit=bounds&ois=1212ccd,https://media.cheshomes.com/241/2025/8/28/9-web-or-mls-DJI_0773.jpg?width=1920&height=1079&fit=bounds&ois=9e81d25,https://media.cheshomes.com/241/2025/8/28/14-web-or-mls-DJI_0788.jpg?width=1920&height=1079&fit=bounds&ois=e283cae,https://media.cheshomes.com/241/2025/8/28/16-web-or-mls-DJI_0797.jpg?width=1920&height=1079&fit=bounds&ois=446ed3a"
https://www.cheshomes.com/new-homes/va/suffolk/river-club/7441/160-long-cove-drive/1726569/,River Club,36.845,-76.4771,160 Long Cove Drive,Suffolk,VA,,,,,Chesapeake Homes,,,2,,,,,,,https://www.cheshomes.com,"Welcome to the heart of

Suffolk

, where you can call the community

River Club

home. While located close to various city centers, the community itself offers lots of entertainment. Future plans for the community propose a stunning Amenity Center with a

large pool

and a

playground

. Plus, just a short distance away is

Bennett’s Creek Park and Boat Launch

. More of an ocean person than a lake person? No problem, Suffolk is just a quick drive to Virginia Beach and Norfolk’s coast. Conveniently located near

Highway 664

makes travel easy and is perfectly located near

Harbour View’s

delicious dining locations, making dinner your favorite meal of the day. While you are surrounded by the

stunning natural outdoors

, shopping nearby makes it a breeze to grab day-to-day essentials. Chesapeake Homes always chooses the best places for our communities. For example, in Suffolk, you will never be bored with the

continuous festivals, markets, historical attractions

, and more to discover in your new home. Check out our exceptional floor plans and begin to create the perfect retreat for you and your family at River Club.",,,"Welcome to The Azalea model! This open-concept plan allows for natural lighting to fill the 3,016 square feet of space it offers. The spacious living room flows right into the kitchen separated only by a large island and breakfast nook. Upgraded with direct access to the dining room. It’s the perfect place to entertain family and friends. It gets even more welcoming with the rear covered porch and great Room fireplace. The first-floor layout continues to expand past the living room into a guest suite with an attached full bathroom and walk-in closet. Now head to the second floor up the stairs and open the double doors to your Owner’s Suite. This personal sanctuary has plenty of space with two walk-in closets, a sitting area, and an extensive attached owner’s bathroom. No worries about a crowded morning bathroom routine here, with a double sink vanity, linen closet, and separate toilet area. Three additional bedrooms and two full bathrooms, one upgraded with a double bowl vanity, can also be found on the second floor. Right acorss the hall from the natural light loft is a second-floor laundry room for your daily convenience.This home is a perfect home for a growing family with more than enough space for everyone to have their personalized space.*Photos of Similar Home Shown",5,4,1,2,3081,687900,,,,,,,,,,,,,,,,2,5,4,1,3081,2,687900,,,,,,,,,,,,,"https://media.cheshomes.com/241/2025/12/16/exterior_image_12.jpg?width=1800&height=1200&fit=bounds&ois=b189213,https://media.cheshomes.com/241/2025/12/16/2-web-or-mls-207_Noble_Court_Suffolk_VA_04162025_Exterior001.jpg?width=1920&height=1440&fit=bounds&ois=72127fe,https://media.cheshomes.com/241/2025/12/16/14-web-or-mls-207_Noble_Court_Suffolk_VA_04162025_Exterior014.jpg?width=1920&height=1279&fit=bounds&ois=b4a3a2e,https://media.cheshomes.com/241/2025/12/16/25-web-or-mls-207_Noble_Court_Suffolk_VA_04162025_Interior045.jpg?width=1920&height=1279&fit=bounds&ois=4854984,https://media.cheshomes.com/241/2025/12/16/24-web-or-mls-207_Noble_Court_Suffolk_VA_04162025_Interior042.jpg?width=1920&height=1279&fit=bounds&ois=d917a4f,https://media.cheshomes.com/241/2025/12/16/23-web-or-mls-207_Noble_Court_Suffolk_VA_04162025_Interior039.jpg?width=1920&height=1279&fit=bounds&ois=f90c680,https://media.cheshomes.com/241/2025/12/16/29-web-or-mls-207_Noble_Court_Suffolk_VA_04162025_Interior057.jpg?width=1920&height=1279&fit=bounds&ois=e4d0865,https://media.cheshomes.com/241/2025/12/16/28-web-or-mls-207_Noble_Court_Suffolk_VA_04162025_Interior054.jpg?width=1920&height=1279&fit=bounds&ois=45b8d79,https://media.cheshomes.com/241/2025/12/16/27-web-or-mls-207_Noble_Court_Suffolk_VA_04162025_Interior051.jpg?width=1920&height=1279&fit=bounds&ois=a22dafd,https://media.cheshomes.com/241/2025/12/16/37-web-or-mls-207_Noble_Court_Suffolk_VA_04162025_Interior081.jpg?width=1920&height=1279&fit=bounds&ois=56c3491,https://media.cheshomes.com/241/2025/12/16/39-web-or-mls-207_Noble_Court_Suffolk_VA_04162025_Interior087.jpg?width=1920&height=1279&fit=bounds&ois=20707b1,https://media.cheshomes.com/241/2025/12/16/40-web-or-mls-207_Noble_Court_Suffolk_VA_04162025_Interior090.jpg?width=1920&height=1279&fit=bounds&ois=264fb27,https://media.cheshomes.com/241/2025/12/16/41-web-or-mls-207_Noble_Court_Suffolk_VA_04162025_Interior093.jpg?width=1920&height=1279&fit=bounds&ois=2f7bcd3,https://media.cheshomes.com/241/2025/12/16/42-web-or-mls-207_Noble_Court_Suffolk_VA_04162025_Interior096.jpg?width=1920&height=1279&fit=bounds&ois=c176111,https://media.cheshomes.com/241/2025/12/16/38-web-or-mls-207_Noble_Court_Suffolk_VA_04162025_Interior084.jpg?width=1920&height=1279&fit=bounds&ois=cb7007f,https://media.cheshomes.com/241/2025/12/16/18-web-or-mls-207_Noble_Court_Suffolk_VA_04162025_Interior024.jpg?width=1920&height=1279&fit=bounds&ois=dafdaa4,https://media.cheshomes.com/241/2025/12/16/26-web-or-mls-207_Noble_Court_Suffolk_VA_04162025_Interior048.jpg?width=1920&height=1279&fit=bounds&ois=132325d,https://media.cheshomes.com/241/2025/12/16/20-web-or-mls-207_Noble_Court_Suffolk_VA_04162025_Interior030.jpg?width=1920&height=1279&fit=bounds&ois=b367751,https://media.cheshomes.com/241/2025/12/16/21-web-or-mls-207_Noble_Court_Suffolk_VA_04162025_Interior033.jpg?width=1920&height=1279&fit=bounds&ois=b9df3d9,https://media.cheshomes.com/241/2025/12/16/30-web-or-mls-207_Noble_Court_Suffolk_VA_04162025_Interior060.jpg?width=1920&height=1279&fit=bounds&ois=888ecf9,https://media.cheshomes.com/241/2025/12/16/22-web-or-mls-207_Noble_Court_Suffolk_VA_04162025_Interior036.jpg?width=1920&height=1279&fit=bounds&ois=e7d1bfa,https://media.cheshomes.com/241/2025/12/16/31-web-or-mls-207_Noble_Court_Suffolk_VA_04162025_Interior063.jpg?width=1920&height=1279&fit=bounds&ois=6d6524b,https://media.cheshomes.com/241/2025/12/16/35-web-or-mls-207_Noble_Court_Suffolk_VA_04162025_Interior075.jpg?width=1920&height=1279&fit=bounds&ois=8cee229,https://media.cheshomes.com/241/2025/12/16/33-web-or-mls-207_Noble_Court_Suffolk_VA_04162025_Interior069.jpg?width=1920&height=1279&fit=bounds&ois=b121041,https://media.cheshomes.com/241/2025/12/16/36-web-or-mls-207_Noble_Court_Suffolk_VA_04162025_Interior078.jpg?width=1920&height=1279&fit=bounds&ois=c40321b,https://media.cheshomes.com/241/2025/12/16/45-web-or-mls-207_Noble_Court_Suffolk_VA_04162025_Interior105.jpg?width=1920&height=1279&fit=bounds&ois=5ce4bf9,https://media.cheshomes.com/241/2025/12/16/46-web-or-mls-207_Noble_Court_Suffolk_VA_04162025_Interior108.jpg?width=1920&height=1279&fit=bounds&ois=c109de4,https://media.cheshomes.com/241/2025/12/16/47-web-or-mls-207_Noble_Court_Suffolk_VA_04162025_Interior111.jpg?width=1920&height=1279&fit=bounds&ois=7922a91,https://media.cheshomes.com/241/2025/12/16/48-web-or-mls-207_Noble_Court_Suffolk_VA_04162025_Interior114.jpg?width=1920&height=1279&fit=bounds&ois=4f75f82,https://media.cheshomes.com/241/2025/12/16/34-web-or-mls-207_Noble_Court_Suffolk_VA_04162025_Interior072.jpg?width=1920&height=1279&fit=bounds&ois=1dddbe8,https://media.cheshomes.com/241/2025/12/16/49-web-or-mls-207_Noble_Court_Suffolk_VA_04162025_Interior117.jpg?width=1920&height=1279&fit=bounds&ois=77bfebc,https://media.cheshomes.com/241/2025/12/16/50-web-or-mls-207_Noble_Court_Suffolk_VA_04162025_Interior120.jpg?width=1920&height=1279&fit=bounds&ois=6c957ba,https://media.cheshomes.com/241/2025/12/16/17-web-or-mls-207_Noble_Court_Suffolk_VA_04162025_Interior021.jpg?width=1920&height=1279&fit=bounds&ois=c2e289e,https://media.cheshomes.com/241/2025/12/16/44-web-or-mls-207_Noble_Court_Suffolk_VA_04162025_Interior102.jpg?width=1920&height=1279&fit=bounds&ois=c5bcffa,https://media.cheshomes.com/241/2025/12/16/7-web-or-mls-207_Noble_Court_Suffolk_VA_04162025_Exterior007.jpg?width=1920&height=1279&fit=bounds&ois=3efe86e,https://media.cheshomes.com/241/2025/12/16/10-web-or-mls-207_Noble_Court_Suffolk_VA_04162025_Exterior010.jpg?width=1920&height=1279&fit=bounds&ois=b8349da,https://media.cheshomes.com/241/2025/12/16/5-web-or-mls-207_Noble_Court_Suffolk_VA_04162025_Exterior005.jpg?width=1920&height=1440&fit=bounds&ois=4c90b75,https://media.cheshomes.com/241/2025/12/16/9-web-or-mls-207_Noble_Court_Suffolk_VA_04162025_Exterior009.jpg?width=1920&height=1279&fit=bounds&ois=bc10f9a,https://media.cheshomes.com/241/2025/12/16/exterior_image_12.jpg?width=1800&height=1200&fit=bounds&ois=b189213"
https://www.cheshomes.com/new-homes/va/suffolk/river-club/7441/162-long-cove-drive/1726627/,River Club,36.845,-76.4775,162 Long Cove Drive,Suffolk,VA,,,,,Chesapeake Homes,,,2,,,,,,,https://www.cheshomes.com,"Welcome to the heart of

Suffolk

, where you can call the community

River Club

home. While located close to various city centers, the community itself offers lots of entertainment. Future plans for the community propose a stunning Amenity Center with a

large pool

and a

playground

. Plus, just a short distance away is

Bennett’s Creek Park and Boat Launch

. More of an ocean person than a lake person? No problem, Suffolk is just a quick drive to Virginia Beach and Norfolk’s coast. Conveniently located near

Highway 664

makes travel easy and is perfectly located near

Harbour View’s

delicious dining locations, making dinner your favorite meal of the day. While you are surrounded by the

stunning natural outdoors

, shopping nearby makes it a breeze to grab day-to-day essentials. Chesapeake Homes always chooses the best places for our communities. For example, in Suffolk, you will never be bored with the

continuous festivals, markets, historical attractions

, and more to discover in your new home. Check out our exceptional floor plans and begin to create the perfect retreat for you and your family at River Club.",,,"The Everest floor plan lives up to its name, allowing every member of the family to experience spacious living. This prominent 3,351 square-foot home features an open-concept living area. It includes a great room connected to the kitchen, which includes a large island and a roomy pantry to the side. Just past the pantry is a separate dining room that can be used and personalized to your lifestyle. A guest suite and full bathroom are found on the first floor right past the Drop Zone located at the garage door. Upstairs you can find the additional 4 bedrooms, which include the Owner’s Suite, styled with grand tray ceilings. This substantial owner’s suite features two prominent walk-in closets, an attached upgraded deluxe bathroom with a double sink vanity, and a shower and bathtub setup (perfect for a quick morning shower or a relaxing bubble bath at night). For your convenience, the laundry room is located right outside the Owner’s Suite. The second floor also houses a large full bathroom and a multi-purpose loft. This vast loft can be used as a playroom, office, media room, or an additional bedroom! The Everest allows for personalized living in a place where everyone can have their own place.*Photos of Similar Home Shown",5,3,,2,3351,703900,,,,,,,,,,,,,,,,2,5,3,,3351,2,703900,,,,,,,,,,,,,"https://media.cheshomes.com/241/2025/12/16/exterior_image_13.jpg?width=1800&height=1200&fit=bounds&ois=13356cc,https://media.cheshomes.com/241/2026/2/5/The_Everest_ESouFWT.jpg?width=1920&height=1440&fit=bounds&ois=7b9f206,https://media.cheshomes.com/241/2026/1/22/12-web-or-mls-2204_Patrick_Dr_Suffolk_VA__12172025_Exterior_012.jpg?width=1920&height=1279&fit=bounds&ois=774f47b,https://media.cheshomes.com/241/2026/1/22/13-web-or-mls-2204_Patrick_Dr_Suffolk_VA__12172025_Exterior_013.jpg?width=1920&height=1279&fit=bounds&ois=50296ff,https://media.cheshomes.com/241/2026/2/5/12-web-or-mls-2204_Patrick_Dr_Suffolk_VA__12172025_Exterior_012.jpg?width=1920&height=1279&fit=bounds&ois=c1eacf9,https://media.cheshomes.com/241/2026/1/22/23-web-or-mls-2204_Patrick_Dr_Suffolk_VA__12172025_HDR_031.jpg?width=1920&height=1279&fit=bounds&ois=7b931dc,https://media.cheshomes.com/241/2026/1/22/24-web-or-mls-2204_Patrick_Dr_Suffolk_VA__12172025_HDR_034.jpg?width=1920&height=1279&fit=bounds&ois=40a0a39,https://media.cheshomes.com/241/2026/2/5/23-web-or-mls-2204_Patrick_Dr_Suffolk_VA__12172025_HDR_031.jpg?width=1920&height=1279&fit=bounds&ois=31e316c,https://media.cheshomes.com/241/2026/1/22/22-web-or-mls-2204_Patrick_Dr_Suffolk_VA__12172025_HDR_028_Ri2Q7Z1.jpg?width=1920&height=1279&fit=bounds&ois=25b5d25,https://media.cheshomes.com/241/2026/1/22/25-web-or-mls-2204_Patrick_Dr_Suffolk_VA__12172025_HDR_037.jpg?width=1920&height=1279&fit=bounds&ois=cb8338f,https://media.cheshomes.com/241/2026/2/5/25-web-or-mls-2204_Patrick_Dr_Suffolk_VA__12172025_HDR_037.jpg?width=1920&height=1279&fit=bounds&ois=2448319,https://media.cheshomes.com/241/2026/1/22/26-web-or-mls-2204_Patrick_Dr_Suffolk_VA__12172025_HDR_040_1dX2zI0.jpg?width=1920&height=1279&fit=bounds&ois=9e26bb7,https://media.cheshomes.com/241/2026/1/22/42-web-or-mls-2204_Patrick_Dr_Suffolk_VA__12172025_HDR_089.jpg?width=1920&height=1279&fit=bounds&ois=f40fa8b,https://media.cheshomes.com/241/2026/1/22/44-web-or-mls-2204_Patrick_Dr_Suffolk_VA__12172025_HDR_095.jpg?width=1920&height=1279&fit=bounds&ois=cd6ac12,https://media.cheshomes.com/241/2026/1/22/45-web-or-mls-2204_Patrick_Dr_Suffolk_VA__12172025_HDR_098.jpg?width=1920&height=1279&fit=bounds&ois=b5960cc,https://media.cheshomes.com/241/2026/1/22/46-web-or-mls-2204_Patrick_Dr_Suffolk_VA__12172025_HDR_101_VnrRczT.jpg?width=1920&height=1279&fit=bounds&ois=e4da99a,https://media.cheshomes.com/241/2026/1/22/47-web-or-mls-2204_Patrick_Dr_Suffolk_VA__12172025_HDR_104.jpg?width=1920&height=1279&fit=bounds&ois=2abc3d5,https://media.cheshomes.com/241/2026/1/22/48-web-or-mls-2204_Patrick_Dr_Suffolk_VA__12172025_HDR_107.jpg?width=1920&height=1279&fit=bounds&ois=a27251a,https://media.cheshomes.com/241/2026/1/22/41-web-or-mls-2204_Patrick_Dr_Suffolk_VA__12172025_HDR_086.jpg?width=1920&height=1279&fit=bounds&ois=714d84d,https://media.cheshomes.com/241/2026/1/22/20-web-or-mls-2204_Patrick_Dr_Suffolk_VA__12172025_HDR_022.jpg?width=1920&height=1279&fit=bounds&ois=a085b28,https://media.cheshomes.com/241/2026/1/22/21-web-or-mls-2204_Patrick_Dr_Suffolk_VA__12172025_HDR_025.jpg?width=1920&height=1279&fit=bounds&ois=e63132c,https://media.cheshomes.com/241/2026/1/22/27-web-or-mls-2204_Patrick_Dr_Suffolk_VA__12172025_HDR_043.jpg?width=1920&height=1279&fit=bounds&ois=8d2cb36,https://media.cheshomes.com/241/2026/1/22/29-web-or-mls-2204_Patrick_Dr_Suffolk_VA__12172025_HDR_049.jpg?width=1920&height=1279&fit=bounds&ois=bd20279,https://media.cheshomes.com/241/2026/1/22/30-web-or-mls-2204_Patrick_Dr_Suffolk_VA__12172025_HDR_052.jpg?width=1920&height=1279&fit=bounds&ois=85c40cf,https://media.cheshomes.com/241/2026/1/22/28-web-or-mls-2204_Patrick_Dr_Suffolk_VA__12172025_HDR_045.jpg?width=1920&height=1279&fit=bounds&ois=c5c7f1e,https://media.cheshomes.com/241/2026/1/22/35-web-or-mls-2204_Patrick_Dr_Suffolk_VA__12172025_HDR_068.jpg?width=1920&height=1279&fit=bounds&ois=010d824,https://media.cheshomes.com/241/2026/1/22/33-web-or-mls-2204_Patrick_Dr_Suffolk_VA__12172025_HDR_062.jpg?width=1920&height=1279&fit=bounds&ois=69e9b44,https://media.cheshomes.com/241/2026/1/22/34-web-or-mls-2204_Patrick_Dr_Suffolk_VA__12172025_HDR_065.jpg?width=1920&height=1279&fit=bounds&ois=3308b4b,https://media.cheshomes.com/241/2026/1/22/38-web-or-mls-2204_Patrick_Dr_Suffolk_VA__12172025_HDR_077.jpg?width=1920&height=1279&fit=bounds&ois=937561c,https://media.cheshomes.com/241/2026/1/22/36-web-or-mls-2204_Patrick_Dr_Suffolk_VA__12172025_HDR_071.jpg?width=1920&height=1279&fit=bounds&ois=3e9ba65,https://media.cheshomes.com/241/2026/1/22/37-web-or-mls-2204_Patrick_Dr_Suffolk_VA__12172025_HDR_074.jpg?width=1920&height=1279&fit=bounds&ois=cf9bec0,https://media.cheshomes.com/241/2026/1/22/39-web-or-mls-2204_Patrick_Dr_Suffolk_VA__12172025_HDR_080.jpg?width=1920&height=1279&fit=bounds&ois=00cb9dc,https://media.cheshomes.com/241/2026/1/22/32-web-or-mls-2204_Patrick_Dr_Suffolk_VA__12172025_HDR_058.jpg?width=1920&height=1279&fit=bounds&ois=52c82ac,https://media.cheshomes.com/241/2026/1/22/Creekside_Model_withgrass_4_of_17.jpg?width=800&height=533&fit=bounds&ois=9df574c,https://media.cheshomes.com/241/2026/1/22/Creekside_Model_withgrass_11_of_17.jpg?width=1920&height=1440&fit=bounds&ois=5a78990"
https://www.cheshomes.com/new-homes/va/hampton/townes-at-coliseum-central/13981/178-freeman-drive/1751605/,Townes at Coliseum Central,37.036,-76.3423,178 Freeman Drive,Hampton,VA,,,Hampton City Public Schools,,Chesapeake Homes,,,1,,,,,,,https://www.cheshomes.com,"Get ready to call Hampton, Virginia home with these beautiful

luxury three-story townhomes

at the

Townes at Coliseum Central.

The perfect location for anyone who wants to have their own oasis away from the hustle and bustle of everyday life, but also be close enough to all the fun, food, and festivals that Hampton offers. In the summer spend the day at

Buckroe Beach

or take a walk at

Grandview Nature Preserve

. You can also take a stroll along

Hampton's Water Walk trail

any time of year. In December, the trail is a holiday explosion of lights, decorations and picturesque fun for the whole family.

If the outdoors is not your thing, don't worry, lots of food and shopping are also nearby.

Cuisine

from across the globe is represented in the area, including

coastal flavors, soul food, Middle Eastern, Mexican,

and of course

tasty craft beverages.

Plus, with the

Hampton Coliseum

so close, a night out at a show or concert is a breeze.

History

is a big part of the city, so there is always something new to learn about Hampton. You can also check out

various tours

,

museums

, and

forts

close by. Thankfully you will never get bored here, because beyond your cozy new townhome at The Townes at Coliseum Central, you will also be a close drive to many areas such as Norfolk, Virginia Beach, and Chesapeake.

The Townes at Coliseum Central is the perfect spacious townhome for all lifestyles.",,,"The Braeburn uses all 1,821 square feet to its advantage. On the first floor, you will find a bedroom located directly off the foyer, as well as a full bathroom and access to your one-car garage, which features a storage area. Up the stairs to the second floor, you will find a large open living area attached to a kitchen with a corner pantry and an island. Past the island, you will find a breakfast nook/dining area, as well as a powder room. Lastly, on the third floor, prepare to enter your beautiful owner's suite, featuring tray ceilings, an attached bathroom, and a walk-in closet. Additionally, on this level is a full bath, laundry area, and two additional bedrooms.*Photos Of Similar Home Shown",4,3,1,3,1822,388900,,,,,,,,,,,,,,,,1,4,3,1,1822,3,388900,,,,,,,,,,,,,"https://media.cheshomes.com/241/2026/5/4/930A_no_blur.png?width=1920&height=1079&fit=bounds&ois=8ae7275,https://media.cheshomes.com/241/2025/9/9/13-web-or-mls-_Y9A8632.jpg?width=1920&height=1279&fit=bounds&ois=ceb6893,https://media.cheshomes.com/241/2025/9/9/12-web-or-mls-_Y9A8626.jpg?width=1920&height=1279&fit=bounds&ois=e40a25c,https://media.cheshomes.com/241/2025/9/9/14-web-or-mls-_Y9A9538.jpg?width=1920&height=1279&fit=bounds&ois=4ec57b8,https://media.cheshomes.com/241/2025/9/9/39-web-or-mls-_Y9A9739.jpg?width=1920&height=1279&fit=bounds&ois=db91b8a,https://media.cheshomes.com/241/2025/9/9/43-web-or-mls-_Y9A9796.jpg?width=1920&height=1279&fit=bounds&ois=753ff5b,https://media.cheshomes.com/241/2025/9/9/41-web-or-mls-_Y9A9763.jpg?width=1920&height=1279&fit=bounds&ois=b4e4cf4,https://media.cheshomes.com/241/2025/9/10/VS_Townes_43_5_MBoOP4i.jpg?width=1920&height=1280&fit=bounds&ois=5dae55b,https://media.cheshomes.com/241/2025/9/10/VS_Townes_43_6_SqZ7q3j.jpg?width=1920&height=1280&fit=bounds&ois=8d1009d,https://media.cheshomes.com/241/2025/9/10/VS_Townes_43_10_erCF67n.jpg?width=1920&height=1280&fit=bounds&ois=bebb173,https://media.cheshomes.com/241/2025/9/10/VS_Townes_43_11_KjhU8NH.jpg?width=1920&height=1280&fit=bounds&ois=2988f04,https://media.cheshomes.com/241/2025/9/10/VS_Townes_43_2_lndgTCQ.jpg?width=1920&height=1280&fit=bounds&ois=5b1f090,https://media.cheshomes.com/241/2025/9/10/VS_Townes_43_4_fkB0tAj.jpg?width=1920&height=1280&fit=bounds&ois=ff5003d,https://media.cheshomes.com/241/2025/9/10/VS_Townes_43_3_XOZlJtE.jpg?width=1920&height=1280&fit=bounds&ois=8782a99,https://media.cheshomes.com/241/2025/9/10/VS_Townes_43_1_I6arPh9.jpg?width=1920&height=1280&fit=bounds&ois=47f06d2,https://media.cheshomes.com/241/2025/9/10/VS_Townes_43_8_UZwIHgc.jpg?width=1920&height=1280&fit=bounds&ois=e8824f8,https://media.cheshomes.com/241/2025/9/10/VS_Townes_43_7_c6slOym.jpg?width=1920&height=1280&fit=bounds&ois=0067e00,https://media.cheshomes.com/241/2025/9/10/VS_Townes_43_9_GAcRDeX.jpg?width=1920&height=1280&fit=bounds&ois=8d441b8,https://media.cheshomes.com/241/2025/9/9/30-web-or-mls-_Y9A9661.jpg?width=1920&height=1279&fit=bounds&ois=2c71b5c,https://media.cheshomes.com/241/2025/9/9/31-web-or-mls-_Y9A9667.jpg?width=1920&height=1279&fit=bounds&ois=26dfbc3,https://media.cheshomes.com/241/2025/9/9/26-web-or-mls-_Y9A9631.jpg?width=1920&height=1279&fit=bounds&ois=67e9195,https://media.cheshomes.com/241/2025/9/9/15-web-or-mls-_Y9A9544.jpg?width=1920&height=1279&fit=bounds&ois=26674ce,https://media.cheshomes.com/241/2025/9/9/16-web-or-mls-_Y9A9556.jpg?width=1920&height=1279&fit=bounds&ois=06042c7,https://media.cheshomes.com/241/2025/9/9/17-web-or-mls-_Y9A9562.jpg?width=1920&height=1279&fit=bounds&ois=6003fb7,https://media.cheshomes.com/241/2025/9/9/18-web-or-mls-_Y9A9571.jpg?width=1920&height=1279&fit=bounds&ois=14f5668,https://media.cheshomes.com/241/2025/9/9/20-web-or-mls-_Y9A9589.jpg?width=1920&height=1279&fit=bounds&ois=4aec612,https://media.cheshomes.com/241/2025/9/9/21-web-or-mls-_Y9A9598.jpg?width=1920&height=1279&fit=bounds&ois=7a3e165,https://media.cheshomes.com/241/2025/9/9/22-web-or-mls-_Y9A9607.jpg?width=1920&height=1279&fit=bounds&ois=fc846dd,https://media.cheshomes.com/241/2025/9/9/23-web-or-mls-_Y9A9613.jpg?width=1920&height=1279&fit=bounds&ois=e2bcb00,https://media.cheshomes.com/241/2025/9/9/24-web-or-mls-_Y9A9619.jpg?width=1920&height=1279&fit=bounds&ois=ee6b43f,https://media.cheshomes.com/241/2025/9/9/32-web-or-mls-_Y9A9679.jpg?width=1920&height=1279&fit=bounds&ois=b497e25,https://media.cheshomes.com/241/2025/9/9/25-web-or-mls-_Y9A9625.jpg?width=1920&height=1279&fit=bounds&ois=070c015,https://media.cheshomes.com/241/2025/9/9/4-web-or-mls-_Y9A9807.jpg?width=1920&height=1279&fit=bounds&ois=bfd578b,https://media.cheshomes.com/241/2025/9/9/5-web-or-mls-_Y9A9816.jpg?width=1920&height=1279&fit=bounds&ois=ee61dad,https://media.cheshomes.com/241/2025/9/9/11-web-or-mls-_Y9A8910.jpg?width=1920&height=1279&fit=bounds&ois=f324544,https://media.cheshomes.com/241/2025/9/9/19-web-or-mls-_Y9A9583.jpg?width=1920&height=1279&fit=bounds&ois=7672fd1,https://media.cheshomes.com/241/2025/9/9/9-web-or-mls-DJI_0101.jpg?width=1920&height=1079&fit=bounds&ois=8067346,https://media.cheshomes.com/241/2025/9/9/7-web-or-mls-DJI_0066.jpg?width=1920&height=1079&fit=bounds&ois=04b2d63,https://media.cheshomes.com/241/2025/9/9/1-web-or-mls-DJI_0020_edit.jpg?width=1920&height=1079&fit=bounds&ois=2a3f62d"
https://www.cheshomes.com/new-homes/sc/myrtle-beach/traditions-at-carolina-forest/8444/179-broughton-drive/1737218/,Traditions at Carolina Forest,33.74706654623283,-78.87853026256562,179 Broughton Drive,Myrtle Beach,SC,,,Horry County,,Chesapeake Homes,,,2,,,,,,,https://www.cheshomes.com,"Welcome to Traditions at Carolina Forest

Traditions at Carolina Forest is a single-family home community located in the heart of Myrtle Beach, SC, within the highly sought-after Carolina Forest area. Designed for comfort, connection, and everyday convenience, this community offers a welcoming place to call home—no matter where you are in your homebuying journey.

Blending modern living with classic Southern charm, Traditions provides easy access to everything that makes coastal life so appealing. Residents are just minutes from Myrtle Beach’s beautiful beaches, championship golf courses, popular shopping destinations, local restaurants, and weekend festivals and entertainment. With excellent schools and top-rated medical centers nearby, Traditions at Carolina Forest is ideal for living, working, and enjoying life at every stage.

Community Amenities Designed for Every Lifestyle

Traditions at Carolina Forest offers a mix of amenities that support both active living and laid-back relaxation. Whether you're ready to settle in now or planning for the future, the community provides space to connect, recharge, and enjoy life.

Residents can gather at the beautifully designed clubhouse, featuring stylish indoor spaces perfect for social events, celebrations, or casual get-togethers. The attached fitness center includes modern cardio and strength-training equipment, making it easy to stay active without leaving the neighborhood.

On warm Carolina days, the sparkling community pool offers a refreshing escape with comfortable loungers and shaded areas for relaxing poolside. Families will appreciate the community playground, a safe and engaging space where children can play, explore, and make new friends close to home.

Pet owners will love the dedicated dog park, complete with open space and separate areas for small and large dogs, creating a welcoming environment for both pets and their people. Pickleball courts add another layer of fun and connection, offering opportunities for friendly competition, fitness, and social interaction for all skill levels.

A Connected Community in Carolina Forest

With its central location, everyday amenities, and flexible home options, Traditions at Carolina Forest offers a community designed to fit every stage of life. Whether you’re building, buying, or simply exploring what’s next, Traditions provides the space, comfort, and lifestyle you’ve been looking for.",,,"Discover the luxurious living experience of The Mangrove model! With a generous 3,349 square feet, five bedrooms, and two bathrooms, this home offers ample space for every member of your family. Upstairs, enjoy an Owner's Suite with dual closets and a spa-like bath for your peaceful retreat. Explore the interactive floor plan to personalize your dream home today!*PHOTOS OF SIMILAR HOME*",5,2,1,2,3349,536400,,,,,,,,,,,,,,,,2,5,2,1,3349,2,536400,,,,,,,,,,,,,"https://media.cheshomes.com/241/2026/2/19/25-web-or-mls-2204_Patrick_Dr_Suffolk_VA__12172025_HDR_037.jpg?width=1920&height=1152&fit=bounds&ois=6d490df,https://media.cheshomes.com/241/2026/2/19/24-web-or-mls-2204_Patrick_Dr_Suffolk_VA__12172025_HDR_034.jpg?width=1920&height=1152&fit=bounds&ois=b582c72,https://media.cheshomes.com/241/2026/2/19/42-web-or-mls-2204_Patrick_Dr_Suffolk_VA__12172025_HDR_089.jpg?width=1920&height=1152&fit=bounds&ois=24ad680,https://media.cheshomes.com/241/2026/2/19/43-web-or-mls-2204_Patrick_Dr_Suffolk_VA__12172025_HDR_092.jpg?width=1920&height=1152&fit=bounds&ois=c92265f,https://media.cheshomes.com/241/2026/2/19/44-web-or-mls-2204_Patrick_Dr_Suffolk_VA__12172025_HDR_095.jpg?width=1920&height=1152&fit=bounds&ois=cd73484,https://media.cheshomes.com/241/2026/2/19/45-web-or-mls-2204_Patrick_Dr_Suffolk_VA__12172025_HDR_098.jpg?width=1920&height=1152&fit=bounds&ois=fa4dc86,https://media.cheshomes.com/241/2026/2/19/47-web-or-mls-2204_Patrick_Dr_Suffolk_VA__12172025_HDR_104.jpg?width=1920&height=1152&fit=bounds&ois=b8a6dd0,https://media.cheshomes.com/241/2026/2/19/46-web-or-mls-2204_Patrick_Dr_Suffolk_VA__12172025_HDR_101.jpg?width=1920&height=1152&fit=bounds&ois=8be2d19,https://media.cheshomes.com/241/2026/2/19/48-web-or-mls-2204_Patrick_Dr_Suffolk_VA__12172025_HDR_107.jpg?width=1920&height=1152&fit=bounds&ois=2109f6d,https://media.cheshomes.com/241/2026/2/19/41-web-or-mls-2204_Patrick_Dr_Suffolk_VA__12172025_HDR_086.jpg?width=1920&height=1152&fit=bounds&ois=61b7938,https://media.cheshomes.com/241/2026/2/19/26-web-or-mls-2204_Patrick_Dr_Suffolk_VA__12172025_HDR_040.jpg?width=1920&height=1152&fit=bounds&ois=8ce1742,https://media.cheshomes.com/241/2026/2/19/27-web-or-mls-2204_Patrick_Dr_Suffolk_VA__12172025_HDR_043.jpg?width=1920&height=1152&fit=bounds&ois=ead3b39,https://media.cheshomes.com/241/2026/2/19/30-web-or-mls-2204_Patrick_Dr_Suffolk_VA__12172025_HDR_052.jpg?width=1920&height=1152&fit=bounds&ois=ba3527c,https://media.cheshomes.com/241/2026/2/19/33-web-or-mls-2204_Patrick_Dr_Suffolk_VA__12172025_HDR_062.jpg?width=1920&height=1152&fit=bounds&ois=7fd4e16,https://media.cheshomes.com/241/2026/2/19/37-web-or-mls-2204_Patrick_Dr_Suffolk_VA__12172025_HDR_074.jpg?width=1920&height=1152&fit=bounds&ois=7b95c6a,https://media.cheshomes.com/241/2026/2/19/36-web-or-mls-2204_Patrick_Dr_Suffolk_VA__12172025_HDR_071.jpg?width=1920&height=1152&fit=bounds&ois=0b84137,https://media.cheshomes.com/241/2026/2/19/39-web-or-mls-2204_Patrick_Dr_Suffolk_VA__12172025_HDR_080.jpg?width=1920&height=1152&fit=bounds&ois=2a526fc,https://media.cheshomes.com/241/2026/2/19/21-web-or-mls-2204_Patrick_Dr_Suffolk_VA__12172025_HDR_025.jpg?width=1920&height=1279&fit=bounds&ois=b1201bb,https://media.cheshomes.com/241/2026/2/19/40-web-or-mls-2204_Patrick_Dr_Suffolk_VA__12172025_HDR_083.jpg?width=1920&height=1152&fit=bounds&ois=a9c1f20,https://media.cheshomes.com/241/2026/2/19/28-web-or-mls-2204_Patrick_Dr_Suffolk_VA__12172025_HDR_045.jpg?width=1920&height=1152&fit=bounds&ois=dc3198b,https://media.cheshomes.com/241/2026/2/19/49-web-or-mls-2204_Patrick_Dr_Suffolk_VA__12172025_HDR_110.jpg?width=1920&height=1152&fit=bounds&ois=faa8f93,https://media.cheshomes.com/241/2026/2/19/35-web-or-mls-2204_Patrick_Dr_Suffolk_VA__12172025_HDR_068.jpg?width=1920&height=1152&fit=bounds&ois=b8e9c8b,https://media.cheshomes.com/241/2026/2/19/34-web-or-mls-2204_Patrick_Dr_Suffolk_VA__12172025_HDR_065.jpg?width=1920&height=1152&fit=bounds&ois=c8e27c7,https://media.cheshomes.com/241/2026/2/19/38-web-or-mls-2204_Patrick_Dr_Suffolk_VA__12172025_HDR_077.jpg?width=1920&height=1152&fit=bounds&ois=25c5c4c,https://media.cheshomes.com/241/2026/2/19/32-web-or-mls-2204_Patrick_Dr_Suffolk_VA__12172025_HDR_058.jpg?width=1920&height=1152&fit=bounds&ois=d5c0c81,https://media.cheshomes.com/241/2026/2/19/16-web-or-mls-2204_Patrick_Dr_Suffolk_VA__12172025_Exterior_016.jpg?width=1920&height=1152&fit=bounds&ois=6e4b7f0,https://media.cheshomes.com/241/2026/2/19/17-web-or-mls-2204_Patrick_Dr_Suffolk_VA__12172025_Exterior_017.jpg?width=1920&height=1152&fit=bounds&ois=233e891"
https://www.cheshomes.com/new-homes/va/hampton/townes-at-coliseum-central/13981/180-freeman-drive/1751798/,Townes at Coliseum Central,37.036,-76.3427,180 Freeman Drive,Hampton,VA,,,Hampton City Public Schools,,Chesapeake Homes,,,2,,,,,,,https://www.cheshomes.com,"Get ready to call Hampton, Virginia home with these beautiful

luxury three-story townhomes

at the

Townes at Coliseum Central.

The perfect location for anyone who wants to have their own oasis away from the hustle and bustle of everyday life, but also be close enough to all the fun, food, and festivals that Hampton offers. In the summer spend the day at

Buckroe Beach

or take a walk at

Grandview Nature Preserve

. You can also take a stroll along

Hampton's Water Walk trail

any time of year. In December, the trail is a holiday explosion of lights, decorations and picturesque fun for the whole family.

If the outdoors is not your thing, don't worry, lots of food and shopping are also nearby.

Cuisine

from across the globe is represented in the area, including

coastal flavors, soul food, Middle Eastern, Mexican,

and of course

tasty craft beverages.

Plus, with the

Hampton Coliseum

so close, a night out at a show or concert is a breeze.

History

is a big part of the city, so there is always something new to learn about Hampton. You can also check out

various tours

,

museums

, and

forts

close by. Thankfully you will never get bored here, because beyond your cozy new townhome at The Townes at Coliseum Central, you will also be a close drive to many areas such as Norfolk, Virginia Beach, and Chesapeake.

The Townes at Coliseum Central is the perfect spacious townhome for all lifestyles.",,,"The Ambrosia is a concise floor plan that combines daily functionality and open, relaxed living. On the first floor, you will enter your foyer to find a large bedroom with an ensuite bathroom. On the second floor, you will find a wide open area comprising your great room, kitchen, and dining area. At its center is a large kitchen island perfect for entertaining. Lastly, on the third floor, you will find your laundry room, two additional bedrooms, and your owner's suite. All 2,155 square feet are used to advance your daily life with options for upgrades that will make your life even easier after a long day. *Photos of Similar Home Shown",4,3,1,3,2155,437900,,,,,,,,,,,,,,,,2,4,3,1,2155,3,437900,,,,,,,,,,,,,"https://media.cheshomes.com/241/2026/5/5/932C_no_blur.png?width=1920&height=1079&fit=bounds&ois=76b43e2,https://media.cheshomes.com/241/2025/4/17/40-web-or-mls-_Y9A5354_mdlrJv3.jpg?width=1920&height=1279&fit=bounds&ois=19a5ef7,https://media.cheshomes.com/241/2025/4/17/6-web-or-mls-_Y9A3831_tse1aB3.jpg?width=1920&height=1279&fit=bounds&ois=f57661f,https://media.cheshomes.com/241/2025/4/17/13-web-or-mls-_Y9A3924_ECSysvJ.jpg?width=1920&height=1279&fit=bounds&ois=b1a211e,https://media.cheshomes.com/241/2025/4/17/15-web-or-mls-_Y9A3945_QjyQ2Tp.jpg?width=1920&height=1279&fit=bounds&ois=7f1be2d,https://media.cheshomes.com/241/2025/4/17/16-web-or-mls-_Y9A3972_mNNC9cx.jpg?width=1920&height=1279&fit=bounds&ois=1b68e51,https://media.cheshomes.com/241/2025/4/17/18-web-or-mls-_Y9A3996_AcYBcDl.jpg?width=1920&height=1279&fit=bounds&ois=18dc44c,https://media.cheshomes.com/241/2025/4/17/17-web-or-mls-_Y9A3987_vZKPBSz.jpg?width=1920&height=1279&fit=bounds&ois=f49fc1f,https://media.cheshomes.com/241/2025/4/17/22-web-or-mls-_Y9A4078_iNOmAyO.jpg?width=1920&height=1279&fit=bounds&ois=a4c0a4a,https://media.cheshomes.com/241/2025/4/17/20-web-or-mls-_Y9A4017_peAlSW5.jpg?width=1920&height=1279&fit=bounds&ois=a142410,https://media.cheshomes.com/241/2025/4/17/21-web-or-mls-_Y9A4048_Or0hNlc.jpg?width=1920&height=1279&fit=bounds&ois=a3dfe91,https://media.cheshomes.com/241/2025/4/17/12-web-or-mls-_Y9A3915_a5I8CL1.jpg?width=1920&height=1279&fit=bounds&ois=de35dfd,https://media.cheshomes.com/241/2025/4/17/11-web-or-mls-_Y9A3903_8vmRGGY.jpg?width=1920&height=1279&fit=bounds&ois=c7bf484,https://media.cheshomes.com/241/2025/4/17/9-web-or-mls-_Y9A3873_8iutRAr.jpg?width=1920&height=1279&fit=bounds&ois=168e993,https://media.cheshomes.com/241/2025/4/17/8-web-or-mls-_Y9A3864_e9lHK6k.jpg?width=1920&height=1279&fit=bounds&ois=412e7e1,https://media.cheshomes.com/241/2025/4/17/37-web-or-mls-_Y9A4335_1xsnVHV.jpg?width=1920&height=1279&fit=bounds&ois=6a59941,https://media.cheshomes.com/241/2025/4/17/38-web-or-mls-_Y9A4344_9rECd5s.jpg?width=1920&height=1279&fit=bounds&ois=0817bb5,https://media.cheshomes.com/241/2025/4/17/39-web-or-mls-_Y9A4356_gc5FFDi.jpg?width=1920&height=1279&fit=bounds&ois=d362d39,https://media.cheshomes.com/241/2025/4/17/35-web-or-mls-_Y9A4296_Up4eT5w.jpg?width=1920&height=1279&fit=bounds&ois=747781a,https://media.cheshomes.com/241/2025/4/17/36-web-or-mls-_Y9A4320_nvTiYqX.jpg?width=1920&height=1279&fit=bounds&ois=7fef4c2,https://media.cheshomes.com/241/2025/4/17/34-web-or-mls-_Y9A4278_CAXFOWq.jpg?width=1920&height=1279&fit=bounds&ois=ed89ed2,https://media.cheshomes.com/241/2025/4/17/33-web-or-mls-_Y9A4266_VRHUftO.jpg?width=1920&height=1279&fit=bounds&ois=ff29e24,https://media.cheshomes.com/241/2025/4/17/32-web-or-mls-_Y9A4257_ixFMjtZ.jpg?width=1920&height=1279&fit=bounds&ois=07b530f,https://media.cheshomes.com/241/2025/4/17/29-web-or-mls-_Y9A4224_5xIaTt4.jpg?width=1920&height=1279&fit=bounds&ois=5639b75,https://media.cheshomes.com/241/2025/4/17/30-web-or-mls-_Y9A4236_h9992YQ.jpg?width=1920&height=1279&fit=bounds&ois=3632963,https://media.cheshomes.com/241/2025/4/17/28-web-or-mls-_Y9A4206_fDdGDPQ.jpg?width=1920&height=1279&fit=bounds&ois=2a570f0,https://media.cheshomes.com/241/2025/4/17/25-web-or-mls-_Y9A4168_THJPiBL.jpg?width=1920&height=1279&fit=bounds&ois=c8ea607,https://media.cheshomes.com/241/2025/4/17/26-web-or-mls-_Y9A4181_yK2phyV.jpg?width=1920&height=1279&fit=bounds&ois=338c541,https://media.cheshomes.com/241/2025/4/17/48-web-or-mls-DJI_0789_WCkmxzQ.jpg?width=1920&height=1078&fit=bounds&ois=61616ad,https://media.cheshomes.com/241/2025/4/17/3-web-or-mls-DJI_0740_Vv4MsLc.jpg?width=1920&height=1078&fit=bounds&ois=365beb7,https://media.cheshomes.com/241/2025/4/17/45-web-or-mls-DJI_0664_TdPbEiA.jpg?width=1920&height=1078&fit=bounds&ois=6717778"
https://www.cheshomes.com/new-homes/sc/myrtle-beach/traditions-at-carolina-forest/8444/199-broughton-drive/1736973/,Traditions at Carolina Forest,33.7462705,-78.8781839,199 Broughton Drive,Myrtle Beach,SC,,,Horry County,Quick Move-In,Chesapeake Homes,,,2,,,,,,,https://www.cheshomes.com,"Welcome to Traditions at Carolina Forest

Traditions at Carolina Forest is a single-family home community located in the heart of Myrtle Beach, SC, within the highly sought-after Carolina Forest area. Designed for comfort, connection, and everyday convenience, this community offers a welcoming place to call home—no matter where you are in your homebuying journey.

Blending modern living with classic Southern charm, Traditions provides easy access to everything that makes coastal life so appealing. Residents are just minutes from Myrtle Beach’s beautiful beaches, championship golf courses, popular shopping destinations, local restaurants, and weekend festivals and entertainment. With excellent schools and top-rated medical centers nearby, Traditions at Carolina Forest is ideal for living, working, and enjoying life at every stage.

Community Amenities Designed for Every Lifestyle

Traditions at Carolina Forest offers a mix of amenities that support both active living and laid-back relaxation. Whether you're ready to settle in now or planning for the future, the community provides space to connect, recharge, and enjoy life.

Residents can gather at the beautifully designed clubhouse, featuring stylish indoor spaces perfect for social events, celebrations, or casual get-togethers. The attached fitness center includes modern cardio and strength-training equipment, making it easy to stay active without leaving the neighborhood.

On warm Carolina days, the sparkling community pool offers a refreshing escape with comfortable loungers and shaded areas for relaxing poolside. Families will appreciate the community playground, a safe and engaging space where children can play, explore, and make new friends close to home.

Pet owners will love the dedicated dog park, complete with open space and separate areas for small and large dogs, creating a welcoming environment for both pets and their people. Pickleball courts add another layer of fun and connection, offering opportunities for friendly competition, fitness, and social interaction for all skill levels.

A Connected Community in Carolina Forest

With its central location, everyday amenities, and flexible home options, Traditions at Carolina Forest offers a community designed to fit every stage of life. Whether you’re building, buying, or simply exploring what’s next, Traditions provides the space, comfort, and lifestyle you’ve been looking for.",,,"Introducing the Driftwood, a beautifully designed new construction home featuring 3 bedrooms, 3 bathrooms, and 2,704 square feet of thoughtfully planned living space across two stories. This home combines modern comfort with relaxed coastal living.The open-concept main floor connects the spacious great room, casual dining area, and large kitchen with a central island—perfect for entertaining or everyday living. A separate dining room provides space for gatherings, while a private study with a nearby full bath can also serve as a guest bedroom.The first-floor Owner’s Suite offers a peaceful retreat with a large walk-in closet and a well-appointed bath. Upstairs, a generous loft creates additional living space alongside an additional bedroom, full bath, and storage.Enjoy outdoor living on the covered porch, ideal for relaxing and entertaining. The Driftwood offers spacious design, modern features, and comfortable living throughout.*PHOTOS OF SIMILAR HOME*",3,3,,2,2704,575900,,,,,,,,,,,,,,,,2,3,3,,2704,2,575900,,,,,,,,,,,,,"https://media.cheshomes.com/241/2026/2/13/A92A2384.jpg?width=1920&height=1152&fit=bounds&ois=850fab5,https://media.cheshomes.com/241/2026/2/13/A92A2390.jpg?width=1920&height=1152&fit=bounds&ois=b2a61e2,https://media.cheshomes.com/241/2026/2/13/A92A2404.jpg?width=1920&height=1152&fit=bounds&ois=2db5944,https://media.cheshomes.com/241/2026/2/13/A92A2424.jpg?width=1920&height=1152&fit=bounds&ois=1ed4ff1,https://media.cheshomes.com/241/2026/2/13/A92A2380.jpg?width=1920&height=1152&fit=bounds&ois=1354bf1,https://media.cheshomes.com/241/2026/2/13/A92A2415.jpg?width=1920&height=1280&fit=bounds&ois=c5a3f24,https://media.cheshomes.com/241/2026/2/13/A92A2410.jpg?width=1920&height=1152&fit=bounds&ois=77cdbc5,https://media.cheshomes.com/241/2026/2/13/A92A2461.jpg?width=1920&height=1152&fit=bounds&ois=2f9442e,https://media.cheshomes.com/241/2026/2/13/A92A2466.jpg?width=1920&height=1152&fit=bounds&ois=37f7be5,https://media.cheshomes.com/241/2026/2/13/A92A2475.jpg?width=1920&height=1152&fit=bounds&ois=3ea6ba1,https://media.cheshomes.com/241/2026/2/13/A92A2471.jpg?width=1920&height=1152&fit=bounds&ois=8065123,https://media.cheshomes.com/241/2026/2/13/A92A2480.jpg?width=1920&height=1152&fit=bounds&ois=1aa14d6,https://media.cheshomes.com/241/2026/2/13/A92A2486.jpg?width=1920&height=1152&fit=bounds&ois=007951f,https://media.cheshomes.com/241/2026/2/13/A92A2491.jpg?width=1920&height=1152&fit=bounds&ois=6cf11ab,https://media.cheshomes.com/241/2026/2/13/A92A2496.jpg?width=1920&height=1152&fit=bounds&ois=4b5f4d6,https://media.cheshomes.com/241/2026/2/13/A92A2500.jpg?width=1920&height=1152&fit=bounds&ois=66ab77a,https://media.cheshomes.com/241/2026/2/13/A92A2440.jpg?width=1920&height=1152&fit=bounds&ois=924fb43,https://media.cheshomes.com/241/2026/2/13/A92A2445.jpg?width=1920&height=1152&fit=bounds&ois=206b5a8,https://media.cheshomes.com/241/2026/2/13/A92A2435.jpg?width=1920&height=1152&fit=bounds&ois=3f4c899,https://media.cheshomes.com/241/2026/2/13/A92A2456.jpg?width=1920&height=1152&fit=bounds&ois=7037a30,https://media.cheshomes.com/241/2026/2/13/A92A2452.jpg?width=1920&height=1152&fit=bounds&ois=1b9f79e,https://media.cheshomes.com/241/2026/2/13/A92A2363.jpg?width=1920&height=1152&fit=bounds&ois=afc8128,https://media.cheshomes.com/241/2026/2/13/A92A2369.jpg?width=1920&height=1152&fit=bounds&ois=f01d377,https://media.cheshomes.com/241/2026/2/13/A92A2374.jpg?width=1920&height=1152&fit=bounds&ois=30a1be6,https://media.cheshomes.com/241/2026/2/13/A92A2511.jpg?width=1920&height=1152&fit=bounds&ois=5ed3cc8,https://media.cheshomes.com/241/2026/2/13/A92A2354.jpg?width=1920&height=1152&fit=bounds&ois=ba8c88b,https://media.cheshomes.com/241/2026/2/13/A92A2344.jpg?width=1920&height=1152&fit=bounds&ois=bc76ae6,https://media.cheshomes.com/241/2026/2/13/A92A2348.jpg?width=1920&height=1152&fit=bounds&ois=6da61c2,https://media.cheshomes.com/241/2026/2/13/A92A2313.jpg?width=1920&height=1152&fit=bounds&ois=73ef3a7,https://media.cheshomes.com/241/2026/2/13/A92A2319.jpg?width=1920&height=1152&fit=bounds&ois=5d40bc4,https://media.cheshomes.com/241/2026/2/13/A92A2358.jpg?width=1920&height=1152&fit=bounds&ois=8205348,https://media.cheshomes.com/241/2026/2/13/A92A2324.jpg?width=1920&height=1152&fit=bounds&ois=6edd38c,https://media.cheshomes.com/241/2026/2/13/A92A2334.jpg?width=1920&height=1152&fit=bounds&ois=1acf9c6,https://media.cheshomes.com/241/2026/2/13/A92A2338.jpg?width=1920&height=1152&fit=bounds&ois=97bdd4e,https://media.cheshomes.com/241/2026/2/13/A92A2531.jpg?width=1920&height=1280&fit=bounds&ois=e7a55f1,https://media.cheshomes.com/241/2026/2/13/A92A2520.jpg?width=1920&height=1152&fit=bounds&ois=d7c96eb,https://media.cheshomes.com/241/2026/2/13/A92A2526.jpg?width=1920&height=1152&fit=bounds&ois=e2e282f,https://media.cheshomes.com/241/2026/2/13/A92A2516.jpg?width=1920&height=1152&fit=bounds&ois=97f7b8f,https://media.cheshomes.com/241/2026/2/13/A92A2546.jpg?width=1920&height=1152&fit=bounds&ois=89ebc53,https://media.cheshomes.com/241/2026/2/13/A92A2537.jpg?width=1920&height=1152&fit=bounds&ois=8933ded,https://media.cheshomes.com/241/2026/2/13/A92A2557.jpg?width=1920&height=1152&fit=bounds&ois=fc18ed2,https://media.cheshomes.com/241/2026/2/13/A92A2562.jpg?width=1920&height=1152&fit=bounds&ois=5b3ff9a,https://media.cheshomes.com/241/2026/2/13/A92A2551.jpg?width=1920&height=1152&fit=bounds&ois=2eb9799,https://media.cheshomes.com/241/2026/2/13/A92A2576.jpg?width=1920&height=1152&fit=bounds&ois=599bef4,https://media.cheshomes.com/241/2026/2/13/A92A2582.jpg?width=1920&height=1152&fit=bounds&ois=8f7ac3b,https://media.cheshomes.com/241/2026/2/13/A92A1985.jpg?width=1920&height=1152&fit=bounds&ois=22620d4,https://media.cheshomes.com/241/2026/2/13/A92A2566.jpg?width=1920&height=1152&fit=bounds&ois=a3079b1,https://media.cheshomes.com/241/2026/2/13/A92A1614.jpg?width=1920&height=1152&fit=bounds&ois=41cead2"
https://www.cheshomes.com/new-homes/sc/little-river/bridgewater-shorehaven-village/11972/2023-woodrush-loop/1738673/,Bridgewater - Shorehaven Village,33.8757989,-78.6649428,2023 Woodrush Loop,Little River,SC,,,Horry County Schools,,Chesapeake Homes,,,2,,,,,,,https://www.cheshomes.com,"Welcome to Shorehaven Village at Bridgewater!

This village boasts

single-family

homes

from our beloved Cottage Collection. Located

off Hwy. 9 in Little River

and just minutes from the coveted Myrtle Beach area, this community creates the perfect location for a combination of relaxation and excitement. Bridgewater offers

amenities

unlike any other! Dive into the

resort-style

pool

on hot summer days. Exercise among miles of fitness trails or in the

state-of-the-art

community

fitness

center

. Enjoy plenty of activities at the bocce courts, kayak launch, or yoga lawn. Take the evening to relax with an expansive clubhouse and multiple fire pits. Bridgewater is an

active-oriented community

and a peaceful, waterside destination rolled into one beautiful place to call home.

Chesapeake Homes brings its

superb

builder

quality

to the area of Little River where you can expect

spacious

, open floor plans with prominent architectural features highlighting both the home and the area surrounding. At Bridgewater, it’s time to crossover to the good life!",,,"The Longboard is a 3 bed, 2 bath home with 2,030 square feet of open-concept, single-level living. Enter from the covered front porch, rear porch, or two-car garage into a spacious layout that seamlessly connects the kitchen, dining, and great room.The main living area is bright and open, offering a natural flow for everyday living and entertaining. The kitchen provides ample counter space and storage, with easy access to both the dining area and great room.Two secondary bedrooms with walk-in closets and a full bath are located just beyond the main living space, along with a convenient laundry room. The owner’s suite features a large bedroom, walk-in closet, and private bath. Covered front and rear porches extend the living space outdoors, creating comfortable areas to relax and enjoy.*PHOTOS OF SIMILAR HOME*",3,2,,1,2030,,,,,,,,,,,,,,,,,2,3,2,,2030,1,,,,,,,,,,,,,,"https://media.cheshomes.com/241/2026/2/20/A92A1749.jpg?width=1920&height=1152&fit=bounds&ois=17e389f,https://media.cheshomes.com/241/2026/2/20/A92A1759.jpg?width=1920&height=1152&fit=bounds&ois=b288937,https://media.cheshomes.com/241/2026/2/20/A92A1794.jpg?width=1920&height=1152&fit=bounds&ois=d2d4aea,https://media.cheshomes.com/241/2026/2/20/A92A1804.jpg?width=1920&height=1152&fit=bounds&ois=c12d791,https://media.cheshomes.com/241/2026/2/20/A92A1798.jpg?width=1920&height=1152&fit=bounds&ois=c76fe77,https://media.cheshomes.com/241/2026/2/20/A92A1738.jpg?width=1920&height=1152&fit=bounds&ois=a38c70f,https://media.cheshomes.com/241/2026/2/20/A92A1809.jpg?width=1920&height=1152&fit=bounds&ois=95718ab,https://media.cheshomes.com/241/2026/2/20/A92A1814.jpg?width=1920&height=1152&fit=bounds&ois=c822494,https://media.cheshomes.com/241/2026/2/20/A92A1869.jpg?width=1920&height=1152&fit=bounds&ois=9ab77e9,https://media.cheshomes.com/241/2026/2/20/A92A1844.jpg?width=1920&height=1152&fit=bounds&ois=2d5d4a0,https://media.cheshomes.com/241/2026/2/20/A92A1859.jpg?width=1920&height=1152&fit=bounds&ois=f701ace,https://media.cheshomes.com/241/2026/2/20/A92A1864.jpg?width=1920&height=1152&fit=bounds&ois=3204781,https://media.cheshomes.com/241/2026/2/20/A92A1880.jpg?width=1920&height=1152&fit=bounds&ois=8e6ad25,https://media.cheshomes.com/241/2026/2/20/A92A1899.jpg?width=1920&height=1152&fit=bounds&ois=6d80c34,https://media.cheshomes.com/241/2026/2/20/A92A1874.jpg?width=1920&height=1152&fit=bounds&ois=b2e9816,https://media.cheshomes.com/241/2026/2/20/A92A1884.jpg?width=1920&height=1152&fit=bounds&ois=7985ca4,https://media.cheshomes.com/241/2026/2/20/A92A1889.jpg?width=1920&height=1152&fit=bounds&ois=4cbc305,https://media.cheshomes.com/241/2026/2/20/A92A1894.jpg?width=1920&height=1152&fit=bounds&ois=8b67c1d,https://media.cheshomes.com/241/2026/2/20/A92A1819.jpg?width=1920&height=1152&fit=bounds&ois=a329b6c,https://media.cheshomes.com/241/2026/2/20/A92A1824.jpg?width=1920&height=1152&fit=bounds&ois=59c2f8a,https://media.cheshomes.com/241/2026/2/20/A92A1839.jpg?width=1920&height=1152&fit=bounds&ois=6453330,https://media.cheshomes.com/241/2026/2/20/A92A1779.jpg?width=1920&height=1152&fit=bounds&ois=4ea6aeb,https://media.cheshomes.com/241/2026/2/20/A92A1769.jpg?width=1920&height=1152&fit=bounds&ois=f37c072,https://media.cheshomes.com/241/2026/2/20/A92A1764.jpg?width=1920&height=1152&fit=bounds&ois=913b3f2,https://media.cheshomes.com/241/2026/2/20/A92A1774.jpg?width=1920&height=1152&fit=bounds&ois=1b7f948,https://media.cheshomes.com/241/2026/2/20/A92A1830.jpg?width=1920&height=1152&fit=bounds&ois=97b9321,https://media.cheshomes.com/241/2026/2/20/A92A1789.jpg?width=1920&height=1152&fit=bounds&ois=6af296f,https://media.cheshomes.com/241/2026/2/20/A92A1834.jpg?width=1920&height=1152&fit=bounds&ois=4b39add,https://media.cheshomes.com/241/2026/2/20/A92A1698.jpg?width=1920&height=1152&fit=bounds&ois=ec8f3e7,https://media.cheshomes.com/241/2026/2/20/A92A1657.jpg?width=1920&height=1152&fit=bounds&ois=64240c7,https://media.cheshomes.com/241/2026/2/20/A92A1663.jpg?width=1920&height=1152&fit=bounds&ois=5076a00,https://media.cheshomes.com/241/2026/2/20/A92A1724.jpg?width=1920&height=1152&fit=bounds&ois=3b40632,https://media.cheshomes.com/241/2026/2/20/A92A1719.jpg?width=1920&height=1152&fit=bounds&ois=f280400,https://media.cheshomes.com/241/2026/2/20/A92A1729.jpg?width=1920&height=1152&fit=bounds&ois=1245cdc,https://media.cheshomes.com/241/2026/2/20/A92A1733.jpg?width=1920&height=1152&fit=bounds&ois=f730fd7,https://media.cheshomes.com/241/2026/2/20/A92A1667.jpg?width=1920&height=1152&fit=bounds&ois=26bd752,https://media.cheshomes.com/241/2026/2/20/A92A1929.jpg?width=1920&height=1152&fit=bounds&ois=1f2142a,https://media.cheshomes.com/241/2026/2/20/A92A1683.jpg?width=1920&height=1152&fit=bounds&ois=389f732,https://media.cheshomes.com/241/2026/2/20/A92A1678.jpg?width=1920&height=1152&fit=bounds&ois=dc94581,https://media.cheshomes.com/241/2026/2/20/A92A1673.jpg?width=1920&height=1152&fit=bounds&ois=8ff33e9,https://media.cheshomes.com/241/2026/2/20/A92A1904.jpg?width=1920&height=1152&fit=bounds&ois=89dda6a,https://media.cheshomes.com/241/2026/2/20/A92A1910.jpg?width=1920&height=1152&fit=bounds&ois=8a15cb5,https://media.cheshomes.com/241/2026/2/20/A92A1919.jpg?width=1920&height=1152&fit=bounds&ois=8bae3f2,https://media.cheshomes.com/241/2026/2/20/A92A1914.jpg?width=1920&height=1152&fit=bounds&ois=a3eca5b,https://media.cheshomes.com/241/2026/2/20/A92A1940.jpg?width=1920&height=1152&fit=bounds&ois=081fd73,https://media.cheshomes.com/241/2026/2/20/A92A1935.jpg?width=1920&height=1152&fit=bounds&ois=5b4ce9a,https://media.cheshomes.com/241/2026/2/20/A92A1945.jpg?width=1920&height=1152&fit=bounds&ois=ae419b2,https://media.cheshomes.com/241/2026/2/20/A92A1924.jpg?width=1920&height=1152&fit=bounds&ois=c759b9d,https://media.cheshomes.com/241/2026/2/20/A92A1713.jpg?width=1920&height=1152&fit=bounds&ois=f747038,https://media.cheshomes.com/241/2026/2/20/A92A1704.jpg?width=1920&height=1152&fit=bounds&ois=b6fb9a0,https://media.cheshomes.com/241/2026/2/20/A92A1708.jpg?width=1920&height=1152&fit=bounds&ois=c9918e4,https://media.cheshomes.com/241/2026/2/20/A92A1951.jpg?width=1920&height=1152&fit=bounds&ois=37b77d8,https://media.cheshomes.com/241/2026/2/20/A92A1955.jpg?width=1920&height=1152&fit=bounds&ois=cb492de,https://media.cheshomes.com/241/2026/2/20/A92A1961.jpg?width=1920&height=1152&fit=bounds&ois=706eff9"
https://www.cheshomes.com/new-homes/sc/little-river/bridgewater-shorehaven-village/11972/2027-woodrush-loop/1728407/,Bridgewater - Shorehaven Village,33.8759681,-78.6651631,2027 Woodrush Loop,Little River,SC,,,Horry County Schools,Quick Move-In,Chesapeake Homes,,,2,,,,,,,https://www.cheshomes.com,"Welcome to Shorehaven Village at Bridgewater!

This village boasts

single-family

homes

from our beloved Cottage Collection. Located

off Hwy. 9 in Little River

and just minutes from the coveted Myrtle Beach area, this community creates the perfect location for a combination of relaxation and excitement. Bridgewater offers

amenities

unlike any other! Dive into the

resort-style

pool

on hot summer days. Exercise among miles of fitness trails or in the

state-of-the-art

community

fitness

center

. Enjoy plenty of activities at the bocce courts, kayak launch, or yoga lawn. Take the evening to relax with an expansive clubhouse and multiple fire pits. Bridgewater is an

active-oriented community

and a peaceful, waterside destination rolled into one beautiful place to call home.

Chesapeake Homes brings its

superb

builder

quality

to the area of Little River where you can expect

spacious

, open floor plans with prominent architectural features highlighting both the home and the area surrounding. At Bridgewater, it’s time to crossover to the good life!",,,"The Shorebreak is the perfect balance between outdoor living space and a coastal-inspired interior, encouraging you to slip off your sandals and relax. With 1936 square feet, this model offers ample space, three bedrooms, two bathrooms.As you step inside from the covered front porch, you'll immediately find yourself in an open and inviting kitchen, dining, and great room area. The sliding glass doors seamlessly connect the interior with a generous 179 square foot covered porch, providing an ideal setting for warm summer evenings or gatherings with friends and family. Continuing through the foyer, you'll discover a spacious drop zone and laundry area, equipped with convenient features like a soaking sink, extra shelving, and a bench for comfortable seating while unloading beach gear or sandy clothes. Across from the drop zone. Beyond the open living space, the Shorebreak presents a stunning Owner's Suite that exudes luxury and comfort. It boasts a tray ceiling, a generously sized walk-in closet, a double vanity.With the Shorebreak, you can truly kick back, relax, and enjoy the everyday comforts and spaciousness that this coastal-inspired home offers. It provides an exceptional living experience that combines functionality, style, and the serenity of coastal living. *PHOTOS OF SIMILAR HOME*",3,2,,1,1936,,,,,,,,,,,,,,,,,2,3,2,,1936,1,,,,,,,,,,,,,,"https://media.cheshomes.com/241/2026/2/5/BW_SH_Lot_129.jpg?width=900&height=600&fit=bounds&ois=1788377,https://media.cheshomes.com/241/2020/2/13/The_shorebreak-25.jpg?width=1920&height=1080&fit=bounds&ois=5bcf186,https://media.cheshomes.com/241/2020/2/13/The_shorebreak-24.jpg?width=1920&height=1080&fit=bounds&ois=1383da7,https://media.cheshomes.com/241/2020/2/13/The_shorebreak-26.jpg?width=1920&height=1080&fit=bounds&ois=f397160,https://media.cheshomes.com/241/2020/2/13/The_shorebreak-27.jpg?width=1920&height=1080&fit=bounds&ois=95ae808,https://media.cheshomes.com/241/2020/2/13/The_shorebreak-19.jpg?width=1920&height=1080&fit=bounds&ois=73e8321,https://media.cheshomes.com/241/2020/2/13/The_shorebreak-21.jpg?width=1920&height=1080&fit=bounds&ois=eab945f,https://media.cheshomes.com/241/2020/2/13/The_shorebreak-20.jpg?width=1920&height=1080&fit=bounds&ois=5e2da68,https://media.cheshomes.com/241/2020/2/13/The_shorebreak-22.jpg?width=1920&height=1080&fit=bounds&ois=63a937e,https://media.cheshomes.com/241/2020/2/13/The_shorebreak-18.jpg?width=1920&height=1080&fit=bounds&ois=231c372,https://media.cheshomes.com/241/2020/2/13/The_shorebreak-16.jpg?width=1920&height=1080&fit=bounds&ois=a1be36b,https://media.cheshomes.com/241/2020/2/13/The_shorebreak-15.jpg?width=1920&height=1080&fit=bounds&ois=91e70b0,https://media.cheshomes.com/241/2020/2/13/The_shorebreak-17.jpg?width=1920&height=1080&fit=bounds&ois=f6136ed,https://media.cheshomes.com/241/2020/2/13/The_shorebreak-33.jpg?width=1920&height=1080&fit=bounds&ois=dc4f1f2,https://media.cheshomes.com/241/2020/2/13/The_shorebreak-34.jpg?width=1920&height=1080&fit=bounds&ois=329ec47,https://media.cheshomes.com/241/2020/2/13/The_shorebreak-36.jpg?width=1920&height=1080&fit=bounds&ois=3f9cb94,https://media.cheshomes.com/241/2020/2/13/The_shorebreak-35.jpg?width=1920&height=1080&fit=bounds&ois=458e9b2,https://media.cheshomes.com/241/2020/2/13/The_shorebreak-37.jpg?width=1920&height=1080&fit=bounds&ois=3faf040,https://media.cheshomes.com/241/2020/2/13/The_shorebreak-38.jpg?width=1920&height=1080&fit=bounds&ois=3aea0f7,https://media.cheshomes.com/241/2020/2/13/The_shorebreak-13.jpg?width=1920&height=1080&fit=bounds&ois=ed9e6ac,https://media.cheshomes.com/241/2020/2/13/The_shorebreak-28.jpg?width=1920&height=1080&fit=bounds&ois=1b84350,https://media.cheshomes.com/241/2020/2/13/The_shorebreak-29.jpg?width=1920&height=1080&fit=bounds&ois=4941900,https://media.cheshomes.com/241/2020/2/13/The_shorebreak-32.jpg?width=1920&height=1080&fit=bounds&ois=4c4685e,https://media.cheshomes.com/241/2020/2/13/The_shorebreak-30.jpg?width=1920&height=1080&fit=bounds&ois=81963a4,https://media.cheshomes.com/241/2020/2/13/The_shorebreak-42.jpg?width=1920&height=1080&fit=bounds&ois=50abbdd,https://media.cheshomes.com/241/2020/2/13/The_shorebreak-40.jpg?width=1920&height=1080&fit=bounds&ois=840b115,https://media.cheshomes.com/241/2020/2/13/The_shorebreak-39.jpg?width=1920&height=1080&fit=bounds&ois=7491271,https://media.cheshomes.com/241/2020/2/13/The_shorebreak-41.jpg?width=1920&height=1080&fit=bounds&ois=5b37fda,https://media.cheshomes.com/241/2020/2/13/The_shorebreak-31.jpg?width=1920&height=1080&fit=bounds&ois=f47b5e9,https://media.cheshomes.com/241/2020/2/13/The_shorebreak-43.jpg?width=1920&height=1080&fit=bounds&ois=4aac441,https://media.cheshomes.com/241/2020/2/13/The_shorebreak-11.jpg?width=1920&height=1080&fit=bounds&ois=f8515bf,https://media.cheshomes.com/241/2020/2/13/The_shorebreak-12.jpg?width=1920&height=1080&fit=bounds&ois=6aaf970,https://media.cheshomes.com/241/2020/2/13/The_shorebreak-44.jpg?width=1920&height=1080&fit=bounds&ois=839283f"
https://www.cheshomes.com/new-homes/sc/little-river/bridgewater-shorehaven-village/11972/2031-woodrush-loop/1738088/,Bridgewater - Shorehaven Village,33.8761612,-78.6653264,2031 Woodrush Loop,Little River,SC,,,Horry County Schools,Quick Move-In,Chesapeake Homes,,,2,,,,,,,https://www.cheshomes.com,"Welcome to Shorehaven Village at Bridgewater!

This village boasts

single-family

homes

from our beloved Cottage Collection. Located

off Hwy. 9 in Little River

and just minutes from the coveted Myrtle Beach area, this community creates the perfect location for a combination of relaxation and excitement. Bridgewater offers

amenities

unlike any other! Dive into the

resort-style

pool

on hot summer days. Exercise among miles of fitness trails or in the

state-of-the-art

community

fitness

center

. Enjoy plenty of activities at the bocce courts, kayak launch, or yoga lawn. Take the evening to relax with an expansive clubhouse and multiple fire pits. Bridgewater is an

active-oriented community

and a peaceful, waterside destination rolled into one beautiful place to call home.

Chesapeake Homes brings its

superb

builder

quality

to the area of Little River where you can expect

spacious

, open floor plans with prominent architectural features highlighting both the home and the area surrounding. At Bridgewater, it’s time to crossover to the good life!",,,"The Shorebreak is a coastal-inspired, one-story home offering 3 bedrooms, 2 bathrooms, and 1,938 square feet of thoughtfully designed living space.Step inside from the covered front porch into an open kitchen, dining, and great room that creates a bright and welcoming living area. Sliding glass doors lead to a 179-square-foot covered porch, providing the perfect space for relaxing or gathering with friends and family.Just off the foyer is a convenient drop zone and laundry area with built-in storage and a bench, ideal for keeping everyday essentials organized.Tucked away for privacy, the Owner’s Suite features a tray ceiling, a spacious walk-in closet, and a private bath with a double vanity and a large shower. The Shorebreak blends comfort, functionality, and coastal style in a beautifully designed single-level home.*PHOTOS OF SIMILAR HOME*",3,2,,1,1938,,,,,,,,,,,,,,,,,2,3,2,,1938,1,,,,,,,,,,,,,,"https://media.cheshomes.com/241/2026/3/30/028.jpg?width=1920&height=1152&fit=bounds&ois=3a8d293,https://media.cheshomes.com/241/2026/3/30/025.jpg?width=1920&height=1152&fit=bounds&ois=9f60c3f,https://media.cheshomes.com/241/2026/3/30/039.jpg?width=1920&height=1152&fit=bounds&ois=2fc5248,https://media.cheshomes.com/241/2026/3/30/038.jpg?width=1920&height=1152&fit=bounds&ois=e2eabaa,https://media.cheshomes.com/241/2026/3/30/026.jpg?width=1920&height=1152&fit=bounds&ois=8be94d2,https://media.cheshomes.com/241/2026/3/30/024.jpg?width=1920&height=1152&fit=bounds&ois=94b3c0c,https://media.cheshomes.com/241/2026/3/30/023.jpg?width=1920&height=1152&fit=bounds&ois=b7fe055,https://media.cheshomes.com/241/2026/3/30/042.jpg?width=1920&height=1152&fit=bounds&ois=309d2e3,https://media.cheshomes.com/241/2026/3/30/041.jpg?width=1920&height=1152&fit=bounds&ois=90844be,https://media.cheshomes.com/241/2026/3/30/043.jpg?width=1920&height=1152&fit=bounds&ois=4d043d6,https://media.cheshomes.com/241/2026/3/30/049.jpg?width=1920&height=1152&fit=bounds&ois=8f0cf47,https://media.cheshomes.com/241/2026/3/30/048.jpg?width=1920&height=1152&fit=bounds&ois=301518c,https://media.cheshomes.com/241/2026/3/30/046.jpg?width=1920&height=1152&fit=bounds&ois=a249713,https://media.cheshomes.com/241/2026/3/30/044.jpg?width=1920&height=1152&fit=bounds&ois=41de8e6,https://media.cheshomes.com/241/2026/3/30/045.jpg?width=1920&height=1152&fit=bounds&ois=4b54d63,https://media.cheshomes.com/241/2026/3/30/047.jpg?width=1920&height=1152&fit=bounds&ois=252f60f,https://media.cheshomes.com/241/2026/3/30/037.jpg?width=1920&height=1152&fit=bounds&ois=ad55dba,https://media.cheshomes.com/241/2026/3/30/036.jpg?width=1920&height=1152&fit=bounds&ois=1c3162c,https://media.cheshomes.com/241/2026/3/30/035.jpg?width=1920&height=1152&fit=bounds&ois=35bf99a,https://media.cheshomes.com/241/2026/3/30/033.jpg?width=1920&height=1152&fit=bounds&ois=3a214e0,https://media.cheshomes.com/241/2026/3/30/032.jpg?width=1920&height=1152&fit=bounds&ois=1464417,https://media.cheshomes.com/241/2026/3/30/031.jpg?width=1920&height=1152&fit=bounds&ois=918ea43,https://media.cheshomes.com/241/2026/3/30/030.jpg?width=1920&height=1152&fit=bounds&ois=6ce39e0,https://media.cheshomes.com/241/2026/3/30/021.jpg?width=1920&height=1152&fit=bounds&ois=9daa697,https://media.cheshomes.com/241/2026/3/30/Office_No_Cords.jpg?width=1920&height=1152&fit=bounds&ois=4e536f2,https://media.cheshomes.com/241/2026/3/30/020.jpg?width=1920&height=1152&fit=bounds&ois=d8f2bc2,https://media.cheshomes.com/241/2026/3/30/019.jpg?width=1920&height=1152&fit=bounds&ois=7381760,https://media.cheshomes.com/241/2026/3/30/010.jpg?width=1920&height=1152&fit=bounds&ois=34dc47c,https://media.cheshomes.com/241/2026/3/30/013.jpg?width=1920&height=1152&fit=bounds&ois=ce2118a,https://media.cheshomes.com/241/2026/3/30/012.jpg?width=1920&height=1152&fit=bounds&ois=8b749f0,https://media.cheshomes.com/241/2026/3/30/011.jpg?width=1920&height=1152&fit=bounds&ois=6b2d9aa,https://media.cheshomes.com/241/2026/3/30/009.jpg?width=1920&height=1152&fit=bounds&ois=9890cda,https://media.cheshomes.com/241/2026/3/30/015.jpg?width=1920&height=1152&fit=bounds&ois=0f4f161,https://media.cheshomes.com/241/2026/3/30/008.jpg?width=1920&height=1152&fit=bounds&ois=abf7412,https://media.cheshomes.com/241/2026/3/30/017.jpg?width=1920&height=1152&fit=bounds&ois=ba410b0,https://media.cheshomes.com/241/2026/3/30/051.jpg?width=1920&height=1152&fit=bounds&ois=e487c0c,https://media.cheshomes.com/241/2026/3/30/052.jpg?width=1920&height=1152&fit=bounds&ois=60716bd,https://media.cheshomes.com/241/2026/3/30/053.jpg?width=1920&height=1152&fit=bounds&ois=a5a46c1,https://media.cheshomes.com/241/2026/3/30/054.jpg?width=1920&height=1152&fit=bounds&ois=7c1e776,https://media.cheshomes.com/241/2026/3/30/055.jpg?width=1920&height=1152&fit=bounds&ois=4751421,https://media.cheshomes.com/241/2026/3/30/060.jpg?width=1920&height=1152&fit=bounds&ois=98ad287,https://media.cheshomes.com/241/2026/3/30/058.jpg?width=1920&height=1152&fit=bounds&ois=eb5dc37,https://media.cheshomes.com/241/2026/3/30/059.jpg?width=1920&height=1152&fit=bounds&ois=2846ee6,https://media.cheshomes.com/241/2026/3/30/057.jpg?width=1920&height=1152&fit=bounds&ois=227cf6f,https://media.cheshomes.com/241/2026/3/30/062.jpg?width=1920&height=1152&fit=bounds&ois=754e270,https://media.cheshomes.com/241/2026/3/30/061.jpg?width=1920&height=1152&fit=bounds&ois=af3a99c,https://media.cheshomes.com/241/2026/3/30/065.jpg?width=1920&height=1152&fit=bounds&ois=9856f5a"
https://www.cheshomes.com/new-homes/sc/little-river/bridgewater-shorehaven-village/11972/2035-woodrush-loop/1738095/,Bridgewater - Shorehaven Village,33.8763338,-78.6655285,2035 Woodrush Loop,Little River,SC,,,Horry County Schools,,Chesapeake Homes,,,1,,,,,,,https://www.cheshomes.com,"Welcome to Shorehaven Village at Bridgewater!

This village boasts

single-family

homes

from our beloved Cottage Collection. Located

off Hwy. 9 in Little River

and just minutes from the coveted Myrtle Beach area, this community creates the perfect location for a combination of relaxation and excitement. Bridgewater offers

amenities

unlike any other! Dive into the

resort-style

pool

on hot summer days. Exercise among miles of fitness trails or in the

state-of-the-art

community

fitness

center

. Enjoy plenty of activities at the bocce courts, kayak launch, or yoga lawn. Take the evening to relax with an expansive clubhouse and multiple fire pits. Bridgewater is an

active-oriented community

and a peaceful, waterside destination rolled into one beautiful place to call home.

Chesapeake Homes brings its

superb

builder

quality

to the area of Little River where you can expect

spacious

, open floor plans with prominent architectural features highlighting both the home and the area surrounding. At Bridgewater, it’s time to crossover to the good life!",,,"The Boardwalk is a 3 bed, 2 bath home with 2,189 square feet of coastal-inspired, first-floor living. Enter from the covered front porch into a foyer that leads to a spacious drop zone. Two bedrooms with large closets and a full bath are located to the left, with an open dining area ahead.The great room flows into a gourmet kitchen featuring a large island with ample seating and counter space. A bright breakfast area overlooks the backyard, perfect for everyday meals.The primary suite includes a large walk-in closet and a private bath. From the great room, step through sliding glass doors onto a rear covered porch—perfect for enjoying southern days. This home offers a functional, open layout designed for comfortable living.*PHOTOS OF SIMILAR HOME*",3,2,,1,2189,,,,,,,,,,,,,,,,,1,3,2,,2189,1,,,,,,,,,,,,,,"https://media.cheshomes.com/241/2026/2/13/A92A2194.jpg?width=1920&height=1152&fit=bounds&ois=bc659c6,https://media.cheshomes.com/241/2026/2/13/A92A2162.jpg?width=1920&height=1152&fit=bounds&ois=8ae058b,https://media.cheshomes.com/241/2026/2/13/A92A2168.jpg?width=1920&height=1152&fit=bounds&ois=81294be,https://media.cheshomes.com/241/2026/2/13/A92A2147.jpg?width=1920&height=1152&fit=bounds&ois=a98424f,https://media.cheshomes.com/241/2026/2/13/A92A2133.jpg?width=1920&height=1152&fit=bounds&ois=a696c5b,https://media.cheshomes.com/241/2026/2/13/A92A2138.jpg?width=1920&height=1152&fit=bounds&ois=d825add,https://media.cheshomes.com/241/2026/2/13/A92A2143.jpg?width=1920&height=1152&fit=bounds&ois=77d06b0,https://media.cheshomes.com/241/2026/2/13/A92A2113.jpg?width=1920&height=1152&fit=bounds&ois=d15a7c8,https://media.cheshomes.com/241/2026/2/13/A92A2123.jpg?width=1920&height=1152&fit=bounds&ois=5cffaca,https://media.cheshomes.com/241/2026/2/13/A92A2092.jpg?width=1920&height=1152&fit=bounds&ois=825389f,https://media.cheshomes.com/241/2026/2/13/A92A2098.jpg?width=1920&height=1152&fit=bounds&ois=14c8ba2,https://media.cheshomes.com/241/2026/2/13/A92A2088.jpg?width=1920&height=1152&fit=bounds&ois=f861d52,https://media.cheshomes.com/241/2026/2/13/A92A2083.jpg?width=1920&height=1152&fit=bounds&ois=1ba8530,https://media.cheshomes.com/241/2026/2/13/A92A2067.jpg?width=1920&height=1152&fit=bounds&ois=f003aa3,https://media.cheshomes.com/241/2026/2/13/A92A2062.jpg?width=1920&height=1152&fit=bounds&ois=0e16718,https://media.cheshomes.com/241/2026/2/13/A92A2073.jpg?width=1920&height=1152&fit=bounds&ois=ee3b910,https://media.cheshomes.com/241/2026/2/13/A92A2057.jpg?width=1920&height=1152&fit=bounds&ois=35e9a3f,https://media.cheshomes.com/241/2026/2/13/A92A2108.jpg?width=1920&height=1152&fit=bounds&ois=1bb9a3a,https://media.cheshomes.com/241/2026/2/13/A92A2218.jpg?width=1920&height=1152&fit=bounds&ois=4a7e658,https://media.cheshomes.com/241/2026/2/13/A92A2197.jpg?width=1920&height=1152&fit=bounds&ois=8bd6853,https://media.cheshomes.com/241/2026/2/13/A92A2222.jpg?width=1920&height=1152&fit=bounds&ois=4e5ec5f,https://media.cheshomes.com/241/2026/2/13/A92A2238.jpg?width=1920&height=1152&fit=bounds&ois=15012b8,https://media.cheshomes.com/241/2026/2/13/A92A2228.jpg?width=1920&height=1152&fit=bounds&ois=9f9c880,https://media.cheshomes.com/241/2026/2/13/A92A2232.jpg?width=1920&height=1152&fit=bounds&ois=635cf03,https://media.cheshomes.com/241/2026/2/13/A92A2052.jpg?width=1920&height=1152&fit=bounds&ois=380af98,https://media.cheshomes.com/241/2026/2/13/A92A2102.jpg?width=1920&height=1152&fit=bounds&ois=499d1b3,https://media.cheshomes.com/241/2026/2/13/A92A2282.jpg?width=1920&height=1152&fit=bounds&ois=9d14f81,https://media.cheshomes.com/241/2026/2/13/A92A2036.jpg?width=1920&height=1152&fit=bounds&ois=95c4641,https://media.cheshomes.com/241/2026/2/13/A92A2047.jpg?width=1920&height=1152&fit=bounds&ois=90b7b9d,https://media.cheshomes.com/241/2026/2/13/A92A2016.jpg?width=1920&height=1152&fit=bounds&ois=04148a6,https://media.cheshomes.com/241/2026/2/13/A92A2006.jpg?width=1920&height=1152&fit=bounds&ois=7d92efa,https://media.cheshomes.com/241/2026/2/13/A92A2012.jpg?width=1920&height=1152&fit=bounds&ois=f707b0d,https://media.cheshomes.com/241/2026/2/13/A92A2252.jpg?width=1920&height=1152&fit=bounds&ois=6c3a2f1,https://media.cheshomes.com/241/2026/2/13/A92A2278.jpg?width=1920&height=1152&fit=bounds&ois=1534cda,https://media.cheshomes.com/241/2026/2/13/A92A2257.jpg?width=1920&height=1152&fit=bounds&ois=da3b74a,https://media.cheshomes.com/241/2026/2/13/A92A2267.jpg?width=1920&height=1152&fit=bounds&ois=c6ec5f4,https://media.cheshomes.com/241/2026/2/13/A92A2263.jpg?width=1920&height=1152&fit=bounds&ois=34456b3,https://media.cheshomes.com/241/2026/2/13/A92A2032.jpg?width=1920&height=1152&fit=bounds&ois=0e6caa8,https://media.cheshomes.com/241/2026/2/13/A92A2302.jpg?width=1920&height=1152&fit=bounds&ois=d45673d,https://media.cheshomes.com/241/2026/2/13/A92A2298.jpg?width=1920&height=1152&fit=bounds&ois=dde37eb"
https://www.cheshomes.com/new-homes/sc/little-river/bridgewater-shorehaven-village/11972/2040-woodrush-loop/1728413/,Bridgewater - Shorehaven Village,33.8768,-78.6655,2040 Woodrush Loop,Little River,SC,,,Horry County Schools,Quick Move-In,Chesapeake Homes,,,3,,,,,,,https://www.cheshomes.com,"Welcome to Shorehaven Village at Bridgewater!

This village boasts

single-family

homes

from our beloved Cottage Collection. Located

off Hwy. 9 in Little River

and just minutes from the coveted Myrtle Beach area, this community creates the perfect location for a combination of relaxation and excitement. Bridgewater offers

amenities

unlike any other! Dive into the

resort-style

pool

on hot summer days. Exercise among miles of fitness trails or in the

state-of-the-art

community

fitness

center

. Enjoy plenty of activities at the bocce courts, kayak launch, or yoga lawn. Take the evening to relax with an expansive clubhouse and multiple fire pits. Bridgewater is an

active-oriented community

and a peaceful, waterside destination rolled into one beautiful place to call home.

Chesapeake Homes brings its

superb

builder

quality

to the area of Little River where you can expect

spacious

, open floor plans with prominent architectural features highlighting both the home and the area surrounding. At Bridgewater, it’s time to crossover to the good life!",,,"Introducing the Wave Crest - the ultimate floor plan for those craving space and style! Picture this: a three-car garage, a charming covered front porch, and a morning routine that starts with sipping coffee and preparing for an incredible day ahead. As you step into the home, you're greeted by a grand foyer and a study on the left. The heart of the home reveals a spacious dining room, perfectly situated next to the conveniently designed kitchen. And speaking of kitchens, this one boasts ample counter space and storage, complete with a walk-in pantry. Enjoy easy entertaining and relaxing nights at home with the open floor plan of this stunning residence. The spacious Great Room and breakfast nook, just beyond the kitchen, provides the perfect setting. Take in breathtaking South Carolina sunsets from the comfort of your covered rear porch as you grill out or simply unwind with the gentle ocean breeze.The front of the home features two Bedrooms with walk-in closets and a full bathroom. The convenient drop zone offers ample storage space for your beach gear and is conveniently located next to the pass-through laundry room. Saving the best for last, the Owner's suite bedroom is a luxurious retreat boasting a tray ceiling and an enormous walk-in closet. Relax in the spa-like Owner's bathroom featuring a private water closet and double sink vanity.Get ready to fall in love with your new dream home!*PHOTOS OF SIMILAR HOME*",3,2,,1,2046,609900,,,,,,,,,,,,,,,,3,3,2,,2046,1,609900,,,,,,,,,,,,,"https://media.cheshomes.com/241/2024/5/28/Wave_Crest_-Exterior_Front-with_garage.jpg?width=1920&height=1098&fit=bounds&b=89edaed&ois=5504036,https://media.cheshomes.com/241/2024/5/15/DSC03214.jpg?width=1920&height=1280&fit=bounds&ois=5a98fe3,https://media.cheshomes.com/241/2024/5/15/DSC03209.jpg?width=1920&height=1280&fit=bounds&ois=98a49e3,https://media.cheshomes.com/241/2024/5/15/DSC03229.jpg?width=1920&height=1281&fit=bounds&ois=6cc52ee,https://media.cheshomes.com/241/2024/5/15/DSC03264.jpg?width=1920&height=1281&fit=bounds&ois=2b06fe7,https://media.cheshomes.com/241/2024/5/15/DSC03234.jpg?width=1920&height=1281&fit=bounds&ois=b1a6f9e,https://media.cheshomes.com/241/2024/5/15/DSC03254.jpg?width=1920&height=1281&fit=bounds&ois=091c7d7,https://media.cheshomes.com/241/2024/5/15/DSC03239.jpg?width=1920&height=1281&fit=bounds&ois=c58151f,https://media.cheshomes.com/241/2024/5/15/DSC03244.jpg?width=1920&height=1281&fit=bounds&ois=94bd8b8,https://media.cheshomes.com/241/2024/5/15/DSC03249.jpg?width=1920&height=1281&fit=bounds&ois=6e351a9,https://media.cheshomes.com/241/2024/5/15/DSC03259.jpg?width=1920&height=1281&fit=bounds&ois=b7a76e5,https://media.cheshomes.com/241/2024/5/15/DSC03189.jpg?width=1920&height=1281&fit=bounds&ois=2a93a99,https://media.cheshomes.com/241/2024/5/15/DSC03224.jpg?width=1920&height=1280&fit=bounds&ois=7291725,https://media.cheshomes.com/241/2024/5/15/DSC03219.jpg?width=1920&height=1280&fit=bounds&ois=ca18042,https://media.cheshomes.com/241/2024/5/15/DSC03184.jpg?width=1920&height=1281&fit=bounds&ois=82cbaca,https://media.cheshomes.com/241/2024/5/15/DSC03284.jpg?width=1920&height=1281&fit=bounds&ois=2068d38,https://media.cheshomes.com/241/2024/5/15/DSC03154.jpg?width=1920&height=1280&fit=bounds&ois=b5a7483,https://media.cheshomes.com/241/2024/5/15/DSC03149.jpg?width=1920&height=1280&fit=bounds&ois=5c16ba2,https://media.cheshomes.com/241/2024/5/15/DSC03159.jpg?width=1920&height=1281&fit=bounds&ois=9ecf9e9,https://media.cheshomes.com/241/2024/5/15/DSC03164.jpg?width=1920&height=1281&fit=bounds&ois=f42f74c,https://media.cheshomes.com/241/2024/5/15/DSC03289.jpg?width=1920&height=1281&fit=bounds&ois=f80ab4b,https://media.cheshomes.com/241/2024/5/15/DSC03169.jpg?width=1920&height=1281&fit=bounds&ois=016b962,https://media.cheshomes.com/241/2024/5/15/DSC03179.jpg?width=1920&height=1281&fit=bounds&ois=ea364a2,https://media.cheshomes.com/241/2024/5/15/DSC03174.jpg?width=1920&height=1281&fit=bounds&ois=7038455,https://media.cheshomes.com/241/2024/5/15/DSC03279.jpg?width=1920&height=1281&fit=bounds&ois=8d554f9,https://media.cheshomes.com/241/2024/5/15/DSC03269.jpg?width=1920&height=1280&fit=bounds&ois=cb94939"
https://www.cheshomes.com/new-homes/sc/little-river/bridgewater-shorehaven-village/11972/2044-woodrush-loop/1738456/,Bridgewater - Shorehaven Village,33.8770063,-78.6657248,2044 Woodrush Loop,Little River,SC,,,Horry County Schools,Quick Move-In,Chesapeake Homes,,,3,,,,,,,https://www.cheshomes.com,"Welcome to Shorehaven Village at Bridgewater!

This village boasts

single-family

homes

from our beloved Cottage Collection. Located

off Hwy. 9 in Little River

and just minutes from the coveted Myrtle Beach area, this community creates the perfect location for a combination of relaxation and excitement. Bridgewater offers

amenities

unlike any other! Dive into the

resort-style

pool

on hot summer days. Exercise among miles of fitness trails or in the

state-of-the-art

community

fitness

center

. Enjoy plenty of activities at the bocce courts, kayak launch, or yoga lawn. Take the evening to relax with an expansive clubhouse and multiple fire pits. Bridgewater is an

active-oriented community

and a peaceful, waterside destination rolled into one beautiful place to call home.

Chesapeake Homes brings its

superb

builder

quality

to the area of Little River where you can expect

spacious

, open floor plans with prominent architectural features highlighting both the home and the area surrounding. At Bridgewater, it’s time to crossover to the good life!",,,"The Surfrider is a 3 bed, 2 bath home with 2,326 square feet of open-concept, single-level living. The great room, kitchen, and dining area flow seamlessly, creating a bright and connected space for everyday living and entertaining. A tray ceiling adds detail and dimension to the living room.A flex room with glass French doors provides the perfect space for a home office or additional living area.Sliding glass doors lead to a rear covered porch, extending the living space outdoors and offering a comfortable place to relax. The owner’s suite includes a spacious bedroom, walk-in closet, and private bath, while two additional bedrooms and a full bath provide space for family or guests. This home offers a functional layout with thoughtful design throughout.*PHOTOS OF SIMILAR HOME*",4,3,,2,3343,699900,,,,,,,,,,,,,,,,3,4,3,,3343,2,699900,,,,,,,,,,,,,"https://media.cheshomes.com/241/2024/2/15/DSC03369.jpg?width=1920&height=1280&fit=bounds&ois=aa6dfde,https://media.cheshomes.com/241/2025/2/27/DSC03364.jpg?width=1920&height=1280&fit=bounds&ois=35a653c,https://media.cheshomes.com/241/2024/2/15/DSC03359.jpg?width=1920&height=1280&fit=bounds&ois=d92eff5,https://media.cheshomes.com/241/2024/2/15/DSC03419.jpg?width=1920&height=1280&fit=bounds&ois=e5e6013,https://media.cheshomes.com/241/2024/2/15/DSC03424.jpg?width=1920&height=1280&fit=bounds&ois=415d31e,https://media.cheshomes.com/241/2024/2/15/DSC03439.jpg?width=1920&height=1280&fit=bounds&ois=f3550e3,https://media.cheshomes.com/241/2025/2/27/DSC03429.jpg?width=1920&height=1280&fit=bounds&ois=28fe9a8,https://media.cheshomes.com/241/2025/2/27/DSC03434.jpg?width=1920&height=1280&fit=bounds&ois=658bd1f,https://media.cheshomes.com/241/2024/2/15/DSC03404.jpg?width=1920&height=1280&fit=bounds&ois=5f4c736,https://media.cheshomes.com/241/2025/2/27/DSC03394.jpg?width=1920&height=1280&fit=bounds&ois=df8a6b7,https://media.cheshomes.com/241/2025/2/27/DSC03404.jpg?width=1920&height=1280&fit=bounds&ois=d8783e1,https://media.cheshomes.com/241/2025/2/27/DSC03399.jpg?width=1920&height=1280&fit=bounds&ois=38bc3d9,https://media.cheshomes.com/241/2025/2/27/DSC03389.jpg?width=1920&height=1280&fit=bounds&ois=ab8ddd3,https://media.cheshomes.com/241/2025/2/27/DSC03414.jpg?width=1920&height=1280&fit=bounds&ois=ef6f012,https://media.cheshomes.com/241/2025/2/27/DSC03409.jpg?width=1920&height=1280&fit=bounds&ois=1e39732,https://media.cheshomes.com/241/2025/2/27/DSC03349.jpg?width=1920&height=1280&fit=bounds&ois=ff08a6f,https://media.cheshomes.com/241/2024/2/15/DSC03324.jpg?width=1920&height=1280&fit=bounds&ois=119484d,https://media.cheshomes.com/241/2025/2/27/DSC03319.jpg?width=1920&height=1280&fit=bounds&ois=286ddc3,https://media.cheshomes.com/241/2025/2/27/DSC03339.jpg?width=1920&height=1280&fit=bounds&ois=df50f7c,https://media.cheshomes.com/241/2024/2/15/DSC03344.jpg?width=1920&height=1280&fit=bounds&ois=6c14c68,https://media.cheshomes.com/241/2025/2/27/DSC03379.jpg?width=1920&height=1280&fit=bounds&ois=81bc06f,https://media.cheshomes.com/241/2025/2/27/DSC03374.jpg?width=1920&height=1280&fit=bounds&ois=54f5d66,https://media.cheshomes.com/241/2024/2/15/DSC03384.jpg?width=1920&height=1280&fit=bounds&ois=d64b156,https://media.cheshomes.com/241/2025/2/27/DSC03484.jpg?width=1920&height=1280&fit=bounds&ois=c2d798f"
https://www.cheshomes.com/new-homes/sc/little-river/bridgewater-shorehaven-village/11972/2048-woodrush-loop/1728415/,Bridgewater - Shorehaven Village,33.8772,-78.6659,2048 Woodrush Loop,Little River,SC,,,Horry County Schools,Move-In Ready,Chesapeake Homes,,,3,,,,,,,https://www.cheshomes.com,"Welcome to Shorehaven Village at Bridgewater!

This village boasts

single-family

homes

from our beloved Cottage Collection. Located

off Hwy. 9 in Little River

and just minutes from the coveted Myrtle Beach area, this community creates the perfect location for a combination of relaxation and excitement. Bridgewater offers

amenities

unlike any other! Dive into the

resort-style

pool

on hot summer days. Exercise among miles of fitness trails or in the

state-of-the-art

community

fitness

center

. Enjoy plenty of activities at the bocce courts, kayak launch, or yoga lawn. Take the evening to relax with an expansive clubhouse and multiple fire pits. Bridgewater is an

active-oriented community

and a peaceful, waterside destination rolled into one beautiful place to call home.

Chesapeake Homes brings its

superb

builder

quality

to the area of Little River where you can expect

spacious

, open floor plans with prominent architectural features highlighting both the home and the area surrounding. At Bridgewater, it’s time to crossover to the good life!",,,"Stroll into the Sandpiper with nearly 2,441 square feet of coastal-inspired features. Upon entering from a large covered front porch, discover a foyer which opens you to many options. Down the hall to the left, you will discover a spacious drop zone area with a laundry room. Further along, you will find two bedrooms with large closets and a full bath. If you follow the foyer straight, effortlessly wonder into the large spacious kitchen, overlooking the great room and dining. Enjoy meals in your dining area looking out onto the beautiful view of your covered porch, leading to the backyard. From the great room, breeze through sliding glass doors onto a large covered porch.The Sandpiper’s owner’s suite offers an enormous walk-in closet accompanied by a beautiful owner’s bath. A second-floor space has a loft to truly make the home yours. Use this space as a large guest suite, media room, storage, recreational room. Make the Sandpiper the model you call “home” today!*PHOTOS OF SIMILAR HOME*",3,3,,2,2863,649900,,,,,,,,,,,,,,,,3,3,3,,2863,2,649900,,,,,,,,,,,,,https://media.cheshomes.com/241/2026/1/14/Screenshot_2026-01-14_141507.png?width=892&height=593&fit=bounds&ois=c02a213
https://www.cheshomes.com/new-homes/va/suffolk/creekside-reserve/17715/2024-canvasback-drive/1731445/,Creekside Reserve,36.8303,-76.4967,2024 Canvasback Drive,Suffolk,VA,,,,,Chesapeake Homes,,,2,,,,,,,https://www.cheshomes.com,"Welcome to

Creekside Reserve

, a thoughtfully designed community offering

new homes in Suffolk, VA

. Perfectly positioned near

Highway 664

, Creekside Reserve keeps you connected to all of Hampton Roads. Enjoy quick commutes to

Norfolk

and

Virginia Beach

, while still savoring the small-town charm Suffolk is known for. Nearby, you’ll find

Sleepy Hole Park

for outdoor recreation and the convenience of

Creekside Village Shopping Center

,

just minutes from your front door.

The ideal mix of lifestyle and location. Here, you can enjoy

scenic surroundings

and modern comfort without giving up the

everyday conveniences

you need. From coastal adventures to

local dining and shopping

, everything you love about

Hampton Roads

is within easy reach at

.",,,"The Everest floor plan lives up to its name, allowing every member of the family to experience spacious living. This prominent 3,351-square-foot home gives you an open-concept living area. It includes a great room connected to the gourmet kitchen, which includes a large gourmet island, double ovens, and a roomy pantry to the side. A guest suite and bathroom are found on the first floor, right past the drop zone located at the garage door. Upstairs you can find the additional 4 bedrooms, which include the Owner’s Suite, styled with grand tray ceilings. This substantial owner’s suite features two prominent walk-in closets, an attached deluxe bathroom with a double sink vanity, and a shower and bathtub setup. For your convenience, the laundry room is located right outside the Owner’s Suite. A need for more closet space though? No problem, each of the additional rooms has its own walk-in closet. The second floor also houses a large full bathroom and a multi-purpose loft. This vast loft can be used as a playroom, office, or media room.The Everest allows for personalized living in a place where everyone can have their own place.",5,3,,2,3351,659900,,,,,,,,,,,,,,,,2,5,3,,3351,2,659900,,,,,,,,,,,,,"https://media.cheshomes.com/241/2026/4/30/Exterior_43_CQD6bd5.jpg?width=1704&height=1352&fit=bounds&ois=e93004f,https://media.cheshomes.com/241/2026/4/30/20-web-or-mls-hd3-17-Edited_XurVfEf.jpg?width=1920&height=1279&fit=bounds&ois=273b77e,https://media.cheshomes.com/241/2026/4/30/19-web-or-mls-hd3-14.jpg?width=1920&height=1279&fit=bounds&ois=a0842ba,https://media.cheshomes.com/241/2026/4/30/21-web-or-mls-hd3-20.jpg?width=1920&height=1279&fit=bounds&ois=08a8629,https://media.cheshomes.com/241/2026/4/30/22-web-or-mls-hd3-23.jpg?width=1920&height=1279&fit=bounds&ois=9d52cc1,https://media.cheshomes.com/241/2026/4/30/24-web-or-mls-hd3-29.jpg?width=1920&height=1279&fit=bounds&ois=71c611d,https://media.cheshomes.com/241/2026/4/30/23-web-or-mls-hd3-26.jpg?width=1920&height=1279&fit=bounds&ois=40c302f,https://media.cheshomes.com/241/2026/4/30/34-web-or-mls-hd3-59_2cEVCMD.jpg?width=1920&height=1279&fit=bounds&ois=19a7a0e,https://media.cheshomes.com/241/2026/4/30/35-web-or-mls-hd3-62.jpg?width=1920&height=1279&fit=bounds&ois=830aa31,https://media.cheshomes.com/241/2026/4/30/36-web-or-mls-hd3-65.jpg?width=1920&height=1279&fit=bounds&ois=bad9b10,https://media.cheshomes.com/241/2026/4/30/37-web-or-mls-hd3-68-Edited.jpg?width=1920&height=1279&fit=bounds&ois=d339bda,https://media.cheshomes.com/241/2026/4/30/38-web-or-mls-hd3-71_mKVxYPf.jpg?width=1920&height=1279&fit=bounds&ois=4ac6ed7,https://media.cheshomes.com/241/2026/4/30/40-web-or-mls-hd3-77-Edited.jpg?width=1920&height=1279&fit=bounds&ois=92e062d,https://media.cheshomes.com/241/2026/4/30/39-web-or-mls-hd3-74.jpg?width=1920&height=1279&fit=bounds&ois=0c1f2e5,https://media.cheshomes.com/241/2026/4/30/41-web-or-mls-hd3-80.jpg?width=1920&height=1279&fit=bounds&ois=a4a8bcd,https://media.cheshomes.com/241/2026/4/30/15-web-or-mls-hd3-2.jpg?width=1920&height=1279&fit=bounds&ois=9ab1e75,https://media.cheshomes.com/241/2026/4/30/16-web-or-mls-hd3-5.jpg?width=1920&height=1279&fit=bounds&ois=e785eeb,https://media.cheshomes.com/241/2026/4/30/17-web-or-mls-hd3-8.jpg?width=1920&height=1279&fit=bounds&ois=3a79911,https://media.cheshomes.com/241/2026/4/30/18-web-or-mls-hd3-11.jpg?width=1920&height=1279&fit=bounds&ois=0067054,https://media.cheshomes.com/241/2026/4/30/25-web-or-mls-hd3-32.jpg?width=1920&height=1279&fit=bounds&ois=66a4e74,https://media.cheshomes.com/241/2026/4/30/26-web-or-mls-hd3-35.jpg?width=1920&height=1279&fit=bounds&ois=0d0853c,https://media.cheshomes.com/241/2026/4/30/27-web-or-mls-hd3-38.jpg?width=1920&height=1279&fit=bounds&ois=a29ec0d,https://media.cheshomes.com/241/2026/4/30/28-web-or-mls-hd3-41.jpg?width=1920&height=1279&fit=bounds&ois=0ac8ca0,https://media.cheshomes.com/241/2026/4/30/29-web-or-mls-hd3-44.jpg?width=1920&height=1279&fit=bounds&ois=fdecbdd,https://media.cheshomes.com/241/2026/4/30/31-web-or-mls-hd3-50-Edited.jpg?width=1920&height=1279&fit=bounds&ois=98ec611,https://media.cheshomes.com/241/2026/4/30/42-web-or-mls-hd3-83.jpg?width=1920&height=1279&fit=bounds&ois=9b1c36a,https://media.cheshomes.com/241/2026/4/30/43-web-or-mls-hd3-86.jpg?width=1920&height=1285&fit=bounds&ois=bfbfd8d,https://media.cheshomes.com/241/2026/4/30/44-web-or-mls-hd3-89.jpg?width=1920&height=1279&fit=bounds&ois=d45767f,https://media.cheshomes.com/241/2026/4/30/45-web-or-mls-hd3-92-Edited.jpg?width=1920&height=1279&fit=bounds&ois=2cfddeb,https://media.cheshomes.com/241/2026/4/30/46-web-or-mls-hd3-95.jpg?width=1920&height=1279&fit=bounds&ois=825cd20,https://media.cheshomes.com/241/2026/4/30/47-web-or-mls-hd3-98.jpg?width=1920&height=1279&fit=bounds&ois=59e0294,https://media.cheshomes.com/241/2026/4/30/48-web-or-mls-hd3-101.jpg?width=1920&height=1279&fit=bounds&ois=bb00f75,https://media.cheshomes.com/241/2026/4/30/49-web-or-mls-hd3-104.jpg?width=1920&height=1279&fit=bounds&ois=229bb2f,https://media.cheshomes.com/241/2026/4/30/50-web-or-mls-hd3-107.jpg?width=1920&height=1279&fit=bounds&ois=e3d1bce,https://media.cheshomes.com/241/2026/4/30/33-web-or-mls-hd3-56.jpg?width=1920&height=1279&fit=bounds&ois=7c20fcc,https://media.cheshomes.com/241/2026/4/30/30-web-or-mls-hd3-47.jpg?width=1920&height=1279&fit=bounds&ois=e281e08,https://media.cheshomes.com/241/2026/4/30/53-web-or-mls-xt3-4.jpg?width=1920&height=1279&fit=bounds&ois=54456b1,https://media.cheshomes.com/241/2026/4/30/54-web-or-mls-xt3-5.jpg?width=1920&height=1279&fit=bounds&ois=94ae12e,https://media.cheshomes.com/241/2026/4/30/8-web-or-mls-dr3-8.jpg?width=1920&height=1440&fit=bounds&ois=eb6ef68"
https://www.cheshomes.com/new-homes/va/suffolk/creekside-reserve/17715/2028-canvasback-drive/1731444/,Creekside Reserve,36.8295,-76.4956,2028 Canvasback Drive,Suffolk,VA,,,,,Chesapeake Homes,,,2,,,,,,,https://www.cheshomes.com,"Welcome to

Creekside Reserve

, a thoughtfully designed community offering

new homes in Suffolk, VA

. Perfectly positioned near

Highway 664

, Creekside Reserve keeps you connected to all of Hampton Roads. Enjoy quick commutes to

Norfolk

and

Virginia Beach

, while still savoring the small-town charm Suffolk is known for. Nearby, you’ll find

Sleepy Hole Park

for outdoor recreation and the convenience of

Creekside Village Shopping Center

,

just minutes from your front door.

The ideal mix of lifestyle and location. Here, you can enjoy

scenic surroundings

and modern comfort without giving up the

everyday conveniences

you need. From coastal adventures to

local dining and shopping

, everything you love about

Hampton Roads

is within easy reach at

.",,,"These 2,619 square feet of space are for any family on the go during the week and for those who love to lounge on the weekend. The Persimmon plan offers a spacious lifestyle with four bedrooms. The open-concept kitchen and great room create an extensive floor plan broken up with a kitchen island and breakfast nook. Plus, with a covered rear porch, who says you can't enjoy your morning coffee outside? Once you head upstairs, you will find a vast loft area. It's the perfect spot for that media room, playroom, or workout spot you have been looking for. After a long day, you will feel like you are living a life of luxury once you step into the Owner's Suite. With beautiful tray ceilings, an upscale L-shaped walk-in closet, and a deluxe bathroom that includes a double sink vanity, your daily routines will no longer be a hassle. On top of all of that, two generously sized bedrooms and a full bath with a double sink vanity are located on this floor.The Persimmon is for anyone who wants to live in a home that makes you say ""Ahhhhhhhh"" on a Friday night in. *Photos of Similar Home Shown",4,3,,2,2619,589900,,,,,,,,,,,,,,,,2,4,3,,2619,2,589900,,,,,,,,,,,,,"https://media.cheshomes.com/241/2026/4/30/CS41_Exterior_aQh0Ohe.jpg?width=1591&height=1293&fit=bounds&ois=8c84a7a,https://media.cheshomes.com/241/2026/4/30/21-web-or-mls-hd2-29_keALleA.jpg?width=1920&height=1279&fit=bounds&ois=b61cc70,https://media.cheshomes.com/241/2026/4/30/17-web-or-mls-hd2-17.jpg?width=1920&height=1280&fit=bounds&ois=8a1efdc,https://media.cheshomes.com/241/2026/4/30/16-web-or-mls-hd2-14.jpg?width=1920&height=1279&fit=bounds&ois=2dfa1fa,https://media.cheshomes.com/241/2026/4/30/19-web-or-mls-hd2-23.jpg?width=1920&height=1279&fit=bounds&ois=d673f7a,https://media.cheshomes.com/241/2026/4/30/18-web-or-mls-hd2-20.jpg?width=1920&height=1279&fit=bounds&ois=cfac11c,https://media.cheshomes.com/241/2026/4/30/22-web-or-mls-hd2-32.jpg?width=1920&height=1279&fit=bounds&ois=03f347e,https://media.cheshomes.com/241/2026/4/30/23-web-or-mls-hd2-35.jpg?width=1920&height=1279&fit=bounds&ois=27c71a6,https://media.cheshomes.com/241/2026/4/30/31-web-or-mls-hd2-59.jpg?width=1920&height=1279&fit=bounds&ois=126d246,https://media.cheshomes.com/241/2026/4/30/32-web-or-mls-hd2-62.jpg?width=1920&height=1279&fit=bounds&ois=bdb4ec0,https://media.cheshomes.com/241/2026/4/30/33-web-or-mls-hd2-65.jpg?width=1920&height=1279&fit=bounds&ois=f7c7d40,https://media.cheshomes.com/241/2026/4/30/35-web-or-mls-hd2-71_edit.jpg?width=1920&height=1279&fit=bounds&ois=d794af6,https://media.cheshomes.com/241/2026/4/30/36-web-or-mls-hd2-74_LngugaB.jpg?width=1920&height=1279&fit=bounds&ois=75b8e1e,https://media.cheshomes.com/241/2026/4/30/34-web-or-mls-hd2-68.jpg?width=1920&height=1279&fit=bounds&ois=264f2a1,https://media.cheshomes.com/241/2026/4/30/12-web-or-mls-hd2-2.jpg?width=1920&height=1279&fit=bounds&ois=d45e067,https://media.cheshomes.com/241/2026/4/30/13-web-or-mls-hd2-5.jpg?width=1920&height=1279&fit=bounds&ois=d1f303f,https://media.cheshomes.com/241/2026/4/30/14-web-or-mls-hd2-8.jpg?width=1920&height=1279&fit=bounds&ois=2adce42,https://media.cheshomes.com/241/2026/4/30/15-web-or-mls-hd2-11.jpg?width=1920&height=1279&fit=bounds&ois=1464459,https://media.cheshomes.com/241/2026/4/30/25-web-or-mls-hd2-41.jpg?width=1920&height=1279&fit=bounds&ois=e862525,https://media.cheshomes.com/241/2026/4/30/26-web-or-mls-hd2-44.jpg?width=1920&height=1279&fit=bounds&ois=6d8af8f,https://media.cheshomes.com/241/2026/4/30/24-web-or-mls-hd2-38.jpg?width=1920&height=1279&fit=bounds&ois=7a022c5,https://media.cheshomes.com/241/2026/4/30/28-web-or-mls-hd2-50.jpg?width=1920&height=1279&fit=bounds&ois=b585e05,https://media.cheshomes.com/241/2026/4/30/29-web-or-mls-hd2-53.jpg?width=1920&height=1279&fit=bounds&ois=5ee4e8d,https://media.cheshomes.com/241/2026/4/30/37-web-or-mls-hd2-77.jpg?width=1920&height=1279&fit=bounds&ois=1608ace,https://media.cheshomes.com/241/2026/4/30/38-web-or-mls-hd2-80.jpg?width=1920&height=1279&fit=bounds&ois=7a02b15,https://media.cheshomes.com/241/2026/4/30/39-web-or-mls-hd2-83.jpg?width=1920&height=1279&fit=bounds&ois=598ee4e,https://media.cheshomes.com/241/2026/4/30/40-web-or-mls-hd2-86.jpg?width=1920&height=1279&fit=bounds&ois=201db75,https://media.cheshomes.com/241/2026/4/30/41-web-or-mls-hd2-89.jpg?width=1920&height=1279&fit=bounds&ois=f5220b3,https://media.cheshomes.com/241/2026/4/30/30-web-or-mls-hd2-56.jpg?width=1920&height=1279&fit=bounds&ois=e2430be,https://media.cheshomes.com/241/2026/4/30/45-web-or-mls-xt2-5_zDjJddv.jpg?width=1920&height=1279&fit=bounds&ois=68fbbdd,https://media.cheshomes.com/241/2026/4/30/46-web-or-mls-xt2-6.jpg?width=1920&height=1279&fit=bounds&ois=c5b471c,https://media.cheshomes.com/241/2026/4/30/43-web-or-mls-xt2-3.jpg?width=1920&height=1279&fit=bounds&ois=da12532"
https://www.cheshomes.com/new-homes/sc/myrtle-beach/traditions-at-carolina-forest/8444/210-broughton-drive/1737579/,Traditions at Carolina Forest,33.7459211,-78.8786332,210 Broughton Drive,Myrtle Beach,SC,,,Horry County,,Chesapeake Homes,,,2,,,,,,,https://www.cheshomes.com,"Welcome to Traditions at Carolina Forest

Traditions at Carolina Forest is a single-family home community located in the heart of Myrtle Beach, SC, within the highly sought-after Carolina Forest area. Designed for comfort, connection, and everyday convenience, this community offers a welcoming place to call home—no matter where you are in your homebuying journey.

Blending modern living with classic Southern charm, Traditions provides easy access to everything that makes coastal life so appealing. Residents are just minutes from Myrtle Beach’s beautiful beaches, championship golf courses, popular shopping destinations, local restaurants, and weekend festivals and entertainment. With excellent schools and top-rated medical centers nearby, Traditions at Carolina Forest is ideal for living, working, and enjoying life at every stage.

Community Amenities Designed for Every Lifestyle

Traditions at Carolina Forest offers a mix of amenities that support both active living and laid-back relaxation. Whether you're ready to settle in now or planning for the future, the community provides space to connect, recharge, and enjoy life.

Residents can gather at the beautifully designed clubhouse, featuring stylish indoor spaces perfect for social events, celebrations, or casual get-togethers. The attached fitness center includes modern cardio and strength-training equipment, making it easy to stay active without leaving the neighborhood.

On warm Carolina days, the sparkling community pool offers a refreshing escape with comfortable loungers and shaded areas for relaxing poolside. Families will appreciate the community playground, a safe and engaging space where children can play, explore, and make new friends close to home.

Pet owners will love the dedicated dog park, complete with open space and separate areas for small and large dogs, creating a welcoming environment for both pets and their people. Pickleball courts add another layer of fun and connection, offering opportunities for friendly competition, fitness, and social interaction for all skill levels.

A Connected Community in Carolina Forest

With its central location, everyday amenities, and flexible home options, Traditions at Carolina Forest offers a community designed to fit every stage of life. Whether you’re building, buying, or simply exploring what’s next, Traditions provides the space, comfort, and lifestyle you’ve been looking for.",,,"Introducing the Shorebreak - the ultimate coastal-inspired retreat that combines outdoor living with a beautiful interior. Lose the shoes, unwind, and get ready for some serious relaxation! With its spacious layout, the Shorebreak offers 1938 Square Feet, three bedrooms, and two bathrooms. Step inside and be captivated by the open kitchen, dining, and great room area, all seamlessly connected. Slide open the glass doors and step onto the inviting 179-square-foot covered porch - perfect for warm summer nights and gatherings with friends. Unwind in the stunning master suite featuring a tray ceiling, an enormous walk-in closet, and a double vanity.So go ahead, kick back, and relax in the comfort and spaciousness of the Shorebreak. Your dream coastal retreat awaits!*PHOTOS OF SIMILAR HOME*",3,2,,1,1938,509940,,,,,,,,,,,,,,,,2,3,2,,1938,1,509940,,,,,,,,,,,,,"https://media.cheshomes.com/241/2024/10/22/026_xgHQCxu.jpg?width=1920&height=1279&fit=bounds&ois=f4c2e34,https://media.cheshomes.com/241/2024/10/22/027_mk7bzR3.jpg?width=1920&height=1279&fit=bounds&ois=de1705c,https://media.cheshomes.com/241/2024/10/22/034.jpg?width=1920&height=1279&fit=bounds&ois=b15cf28,https://media.cheshomes.com/241/2024/10/22/023_agM0JpM.jpg?width=1920&height=1279&fit=bounds&ois=b8cb05f,https://media.cheshomes.com/241/2024/10/22/024_aX2pxEe.jpg?width=1920&height=1279&fit=bounds&ois=6b7e986,https://media.cheshomes.com/241/2024/10/22/031.jpg?width=1920&height=1279&fit=bounds&ois=0681da7,https://media.cheshomes.com/241/2024/10/22/032.jpg?width=1920&height=1279&fit=bounds&ois=ae2904a,https://media.cheshomes.com/241/2024/10/22/033_iF9Y16S.jpg?width=1920&height=1279&fit=bounds&ois=021ddcb,https://media.cheshomes.com/241/2024/10/22/040_l8Cp6tY.jpg?width=1920&height=1279&fit=bounds&ois=d035d94,https://media.cheshomes.com/241/2024/10/22/041_QwFEdOB.jpg?width=1920&height=1279&fit=bounds&ois=ed975bd,https://media.cheshomes.com/241/2024/10/22/042_YTc59Rv.jpg?width=1920&height=1279&fit=bounds&ois=5c316d8,https://media.cheshomes.com/241/2024/10/22/043_MaipniT.jpg?width=1920&height=1279&fit=bounds&ois=294cb5d,https://media.cheshomes.com/241/2024/10/22/044.jpg?width=1920&height=1279&fit=bounds&ois=2f58279,https://media.cheshomes.com/241/2024/10/22/045.jpg?width=1920&height=1279&fit=bounds&ois=28ff529,https://media.cheshomes.com/241/2024/10/22/048_XYFBSpS.jpg?width=1920&height=1279&fit=bounds&ois=efa1fa1,https://media.cheshomes.com/241/2024/10/22/047_DXnIRSl.jpg?width=1920&height=1279&fit=bounds&ois=1ebccbe,https://media.cheshomes.com/241/2024/10/22/035_GBB6bN1.jpg?width=1920&height=1279&fit=bounds&ois=5e3e4e2,https://media.cheshomes.com/241/2024/10/22/036_3KjaabX.jpg?width=1920&height=1279&fit=bounds&ois=c4a5a75,https://media.cheshomes.com/241/2024/10/22/037_AIO03t0.jpg?width=1920&height=1279&fit=bounds&ois=7e6ae00,https://media.cheshomes.com/241/2024/10/22/008_sFpCWTT.jpg?width=1920&height=1279&fit=bounds&ois=57ad68b,https://media.cheshomes.com/241/2024/10/22/009_aP6cr2X.jpg?width=1920&height=1279&fit=bounds&ois=4cf4485,https://media.cheshomes.com/241/2024/10/23/022-R2.jpg?width=1920&height=1279&fit=bounds&ois=8395369,https://media.cheshomes.com/241/2024/10/22/019.jpg?width=1920&height=1279&fit=bounds&ois=a02abe1,https://media.cheshomes.com/241/2024/10/22/020.jpg?width=1920&height=1279&fit=bounds&ois=f3a0b7e,https://media.cheshomes.com/241/2024/10/22/018.jpg?width=1920&height=1279&fit=bounds&ois=9a42335,https://media.cheshomes.com/241/2024/10/22/010_T4QLK2E.jpg?width=1920&height=1279&fit=bounds&ois=9f4764e,https://media.cheshomes.com/241/2024/10/22/012.jpg?width=1920&height=1279&fit=bounds&ois=249426f,https://media.cheshomes.com/241/2024/10/22/011_Ie0WGTn.jpg?width=1920&height=1279&fit=bounds&ois=dd28478,https://media.cheshomes.com/241/2024/10/22/015_11DXCFW.jpg?width=1920&height=1279&fit=bounds&ois=c905a54"
https://www.cheshomes.com/new-homes/sc/longs/heritage-park-at-longs/6201/2108-gooseberry-way/1709635/,Heritage Park at Longs,,,2108 Gooseberry Way,Longs,SC,,,,,Chesapeake Homes,,,2,,,,,,,https://www.cheshomes.com,"Live Where Every Day Feels Like a Getaway – Welcome to Heritage Park

Discover Heritage Park—where the comfort of your dream home meets the relaxation of a

vacation lifestyle

, all nestled in the heart of

Longs, SC

. Perfectly positioned just

off Hwy 9

, our community puts you within 15 minutes of the sandy shores of

Cherry Grove Beach

, the charm of Loris, and the excitement of

North Myrtle Beach’s Main Street

. Plus, Myrtle Beach’s world-class dining, shopping, sports, and entertainment are only a short 30-minute drive away.

At Heritage Park, you’ll find thoughtfully designed homes with a variety of

flexible floor plans

tailored to fit every lifestyle—whether you're looking for a first-floor owner’s suite, a spacious loft,

three-car garage

or inviting outdoor living spaces that make the most of South Carolina’s sunshine. Whether you're settling in or just starting your next chapter, Heritage Park isn’t just a place to live—it’s a lifestyle.

Schedule your tour today and see why so many are choosing to call Heritage Park home.",,,"The Shorebreak is the perfect balance between outdoor living space and a coastal-inspired interior, encouraging you to slip off your sandals and relax. Starting at 1,940 square feet, this model offers up to four bedrooms, three bathrooms, and an optional second floor above a two-car garage.Step in from the Shorebreak’s covered front porch to find an open kitchen, dining, and great room area. Breeze through sliding glass doors onto a large covered porch, ideal for warm summer evenings or afternoon get-togethers. Through the foyer, you’ll find a large drop zone and laundry area, and a bench for seating while you unload beach accessories or sand-filled clothes. Drop off beach chairs in the convenient storage space just inside the garage, as well. Beyond the open living space, find a stunning owner's suite complete with a tray ceiling, enormous walk-in closet, double vanity, and a seated shower. Go ahead, kick your feet up, sit back, and relax among the day-to-day comforts and spaciousness of the Shorebreak!*PHOTOS OF SIMILAR HOME*",3,2,,1,1938,,,,,,,,,,,,,,,,,2,3,2,,1938,1,,,,,,,,,,,,,,"https://media.cheshomes.com/241/2025/12/29/027.jpg?width=1920&height=1152&fit=bounds&ois=ee9effd,https://media.cheshomes.com/241/2025/12/29/028.jpg?width=1920&height=1152&fit=bounds&ois=c6652f7,https://media.cheshomes.com/241/2025/12/29/034.jpg?width=1920&height=1152&fit=bounds&ois=6367a64,https://media.cheshomes.com/241/2025/12/29/026.jpg?width=1920&height=1152&fit=bounds&ois=1190e2b,https://media.cheshomes.com/241/2025/12/29/038.jpg?width=1920&height=1152&fit=bounds&ois=0dc0798,https://media.cheshomes.com/241/2025/12/29/039.jpg?width=1920&height=1152&fit=bounds&ois=a7b0142,https://media.cheshomes.com/241/2025/12/29/032.jpg?width=1920&height=1152&fit=bounds&ois=87533a2,https://media.cheshomes.com/241/2025/12/29/031.jpg?width=1920&height=1152&fit=bounds&ois=f6ec49c,https://media.cheshomes.com/241/2025/12/29/033.jpg?width=1920&height=1152&fit=bounds&ois=2947947,https://media.cheshomes.com/241/2025/12/29/037.jpg?width=1920&height=1152&fit=bounds&ois=8c75280,https://media.cheshomes.com/241/2025/12/29/036.jpg?width=1920&height=1152&fit=bounds&ois=768ad87,https://media.cheshomes.com/241/2025/12/29/035.jpg?width=1920&height=1152&fit=bounds&ois=cbfdb85,https://media.cheshomes.com/241/2025/12/29/021.jpg?width=1920&height=1152&fit=bounds&ois=19122dd,https://media.cheshomes.com/241/2025/12/29/022.jpg?width=1920&height=1152&fit=bounds&ois=a489419,https://media.cheshomes.com/241/2025/12/29/019.jpg?width=1920&height=1152&fit=bounds&ois=542d202,https://media.cheshomes.com/241/2025/12/29/009.jpg?width=1920&height=1152&fit=bounds&ois=e2d5183,https://media.cheshomes.com/241/2025/12/29/018.jpg?width=1920&height=1152&fit=bounds&ois=85ea1e2,https://media.cheshomes.com/241/2025/12/29/041.jpg?width=1920&height=1152&fit=bounds&ois=95b5e6d,https://media.cheshomes.com/241/2025/12/29/040.jpg?width=1920&height=1152&fit=bounds&ois=f079aef,https://media.cheshomes.com/241/2025/12/29/042.jpg?width=1920&height=1152&fit=bounds&ois=241610c,https://media.cheshomes.com/241/2025/12/29/043.jpg?width=1920&height=1152&fit=bounds&ois=70939fa,https://media.cheshomes.com/241/2025/12/29/044.jpg?width=1920&height=1152&fit=bounds&ois=4c8525e,https://media.cheshomes.com/241/2025/12/29/045.jpg?width=1920&height=1152&fit=bounds&ois=dc36e90,https://media.cheshomes.com/241/2025/12/29/048.jpg?width=1920&height=1152&fit=bounds&ois=a42626f,https://media.cheshomes.com/241/2025/12/29/047.jpg?width=1920&height=1152&fit=bounds&ois=6541234,https://media.cheshomes.com/241/2025/12/29/010.jpg?width=1920&height=1152&fit=bounds&ois=fa57287,https://media.cheshomes.com/241/2025/12/29/011.jpg?width=1920&height=1152&fit=bounds&ois=4d65ee1,https://media.cheshomes.com/241/2025/12/29/017.jpg?width=1920&height=1152&fit=bounds&ois=c492d79,https://media.cheshomes.com/241/2025/12/29/052.jpg?width=1920&height=1152&fit=bounds&ois=755baa2,https://media.cheshomes.com/241/2025/12/29/054.jpg?width=1920&height=1152&fit=bounds&ois=27bab87,https://media.cheshomes.com/241/2025/12/29/055.jpg?width=1920&height=1152&fit=bounds&ois=2128a31,https://media.cheshomes.com/241/2025/12/29/057.jpg?width=1920&height=1152&fit=bounds&ois=20e5f1d,https://media.cheshomes.com/241/2025/12/29/058.jpg?width=1920&height=1152&fit=bounds&ois=302052c,https://media.cheshomes.com/241/2025/8/5/HP_Lot_241_Tg59tMq.jpg?width=1800&height=1200&fit=bounds&ois=8831000"
https://www.cheshomes.com/new-homes/sc/longs/heritage-park-at-longs/6201/2111-gooseberry-way/1727219/,Heritage Park at Longs,33.9763544,-78.7597571,2111 Gooseberry Way,Longs,SC,,,,,Chesapeake Homes,,,2,,,,,,,https://www.cheshomes.com,"Live Where Every Day Feels Like a Getaway – Welcome to Heritage Park

Discover Heritage Park—where the comfort of your dream home meets the relaxation of a

vacation lifestyle

, all nestled in the heart of

Longs, SC

. Perfectly positioned just

off Hwy 9

, our community puts you within 15 minutes of the sandy shores of

Cherry Grove Beach

, the charm of Loris, and the excitement of

North Myrtle Beach’s Main Street

. Plus, Myrtle Beach’s world-class dining, shopping, sports, and entertainment are only a short 30-minute drive away.

At Heritage Park, you’ll find thoughtfully designed homes with a variety of

flexible floor plans

tailored to fit every lifestyle—whether you're looking for a first-floor owner’s suite, a spacious loft,

three-car garage

or inviting outdoor living spaces that make the most of South Carolina’s sunshine. Whether you're settling in or just starting your next chapter, Heritage Park isn’t just a place to live—it’s a lifestyle.

Schedule your tour today and see why so many are choosing to call Heritage Park home.",,,"Welcome to the Primrose! Step into over 1,600 square feet of luxurious first-floor living space. Upon entering from the covered porch, you'll be greeted by 2 bedrooms and a full bath on your left – perfect for hosting guests in their own serene retreat. Continuing on, you'll discover a harmonious flow between the kitchen, dining room, and great room. A stunning kitchen island offers additional seating and counter space for all your culinary needs and entertaining endeavors. At the rear of the home, you'll find the tucked-away owner's suite featuring a tray ceiling, a spacious walk-in closet, and an elegant owner's bathroom. Savor balmy summer evenings with loved ones on your rear-covered porch. Enjoy upgraded features throughout the home such as LVP flooring in the foyer, kitchen, dining room. living room and primary bath. As well as shaker-style cabinets, stainless appliances, and quartz countertops. Embrace the comfort and elegance of the Primrose – make it your home today!*PHOTOS OF SIMILAR HOME*",3,2,,1,1605,,,,,,,,,,,,,,,,,2,3,2,,1605,1,,,,,,,,,,,,,,"https://media.cheshomes.com/241/2026/2/3/exterior_image_6.jpg?width=1800&height=1200&fit=bounds&ois=d49acad,https://media.cheshomes.com/241/2025/10/29/A7300096.jpg?width=1920&height=1280&fit=bounds&ois=3a7c5f9,https://media.cheshomes.com/241/2024/10/13/172865965213685664_kicthen_01.jpg?width=1920&height=1281&fit=bounds&ois=876b57d,https://media.cheshomes.com/241/2024/12/17/A7300063.JPG?width=1920&height=1280&fit=bounds&ois=74b4434,https://media.cheshomes.com/241/2024/12/17/A7300083_xfUUOo1.JPG?width=1920&height=1280&fit=bounds&ois=e7a0105,https://media.cheshomes.com/241/2024/12/17/A7300078.JPG?width=1920&height=1280&fit=bounds&ois=d968915,https://media.cheshomes.com/241/2025/10/29/A7300078.jpg?width=1920&height=1280&fit=bounds&ois=1e9d656,https://media.cheshomes.com/241/2025/10/29/A7300102.jpg?width=1920&height=1280&fit=bounds&ois=f490b5f,https://media.cheshomes.com/241/2024/12/17/A7300045.JPG?width=1920&height=1280&fit=bounds&ois=2aabd89,https://media.cheshomes.com/241/2024/12/17/A7300048.JPG?width=1920&height=1280&fit=bounds&ois=3311f15,https://media.cheshomes.com/241/2025/10/29/A7300081.jpg?width=1918&height=1440&fit=bounds&ois=4f6b769,https://media.cheshomes.com/241/2025/10/29/A7300087.jpg?width=1920&height=1280&fit=bounds&ois=a19534c,https://media.cheshomes.com/241/2025/10/29/A7300090.jpg?width=1920&height=1280&fit=bounds&ois=f546d33,https://media.cheshomes.com/241/2024/12/17/A7300113.JPG?width=1920&height=1280&fit=bounds&ois=997a27f,https://media.cheshomes.com/241/2025/10/29/A7300091.jpg?width=1920&height=1280&fit=bounds&ois=3078efd,https://media.cheshomes.com/241/2024/12/17/A7300028.JPG?width=1920&height=1280&fit=bounds&ois=44386d7,https://media.cheshomes.com/241/2024/12/17/A7300023.JPG?width=1920&height=1280&fit=bounds&ois=11cf6ac,https://media.cheshomes.com/241/2024/12/17/A7300118.JPG?width=1920&height=1092&fit=bounds&ois=3a302f0,https://media.cheshomes.com/241/2024/12/17/A7300003.JPG?width=1920&height=1217&fit=bounds&ois=c946de5,https://media.cheshomes.com/241/2025/10/29/A7300051.jpg?width=1920&height=1280&fit=bounds&ois=64731bb,https://media.cheshomes.com/241/2025/10/29/A7300103.jpg?width=1920&height=1280&fit=bounds&ois=787ddc2"
https://www.cheshomes.com/new-homes/sc/longs/heritage-park-at-longs/6201/2112-gooseberry-way/1709502/,Heritage Park at Longs,,,2112 Gooseberry Way,Longs,SC,,,,,Chesapeake Homes,,,2,,,,,,,https://www.cheshomes.com,"Live Where Every Day Feels Like a Getaway – Welcome to Heritage Park

Discover Heritage Park—where the comfort of your dream home meets the relaxation of a

vacation lifestyle

, all nestled in the heart of

Longs, SC

. Perfectly positioned just

off Hwy 9

, our community puts you within 15 minutes of the sandy shores of

Cherry Grove Beach

, the charm of Loris, and the excitement of

North Myrtle Beach’s Main Street

. Plus, Myrtle Beach’s world-class dining, shopping, sports, and entertainment are only a short 30-minute drive away.

At Heritage Park, you’ll find thoughtfully designed homes with a variety of

flexible floor plans

tailored to fit every lifestyle—whether you're looking for a first-floor owner’s suite, a spacious loft,

three-car garage

or inviting outdoor living spaces that make the most of South Carolina’s sunshine. Whether you're settling in or just starting your next chapter, Heritage Park isn’t just a place to live—it’s a lifestyle.

Schedule your tour today and see why so many are choosing to call Heritage Park home.",,,"Starting at almost 1,700 square feet, the Cherry Grove is a spacious retreat complete with coastal-inspired architectural accents, outdoor living areas, and an enormous great room. T Enter the Cherry Grove from a covered front porch or two-car garage and easily unload in a large drop zone area with an optional bench for seating. Stroll through the laundry room into the great room and connecting the dining area, which makes for an enormous space. The owner's suite, among two additional first-floor bedrooms, features his and her walk-in closet, tray ceiling, double vanity, and deluxe seated shower. The Cherry Grove is bound to be your perfect fit!*PHOTOS OF SIMILAR HOME*",2,2,,1,1672,,,,,,,,,,,,,,,,,2,2,2,,1672,1,,,,,,,,,,,,,,"https://media.cheshomes.com/241/2025/12/18/YaAdA13A.jpeg?width=1920&height=1279&fit=bounds&ois=ac1582b,https://media.cheshomes.com/241/2021/2/12/lB0-2GxA.jpeg?width=1920&height=1279&fit=bounds&ois=8373507,https://media.cheshomes.com/241/2021/2/12/JuhetpXA.jpeg?width=1920&height=1279&fit=bounds&ois=0500fae,https://media.cheshomes.com/241/2021/2/12/mRfz-CWg.jpeg?width=1920&height=1279&fit=bounds&ois=1947485,https://media.cheshomes.com/241/2021/2/12/9nGi7zA.jpeg?width=1920&height=1279&fit=bounds&ois=30ce442,https://media.cheshomes.com/241/2021/2/12/A-vbabHQ.jpeg?width=1920&height=1279&fit=bounds&ois=e2f9677,https://media.cheshomes.com/241/2021/2/12/4crQjtNg.jpeg?width=1920&height=1279&fit=bounds&ois=dc9d43c,https://media.cheshomes.com/241/2021/2/12/8SA6BuXA.jpeg?width=1920&height=1279&fit=bounds&ois=ca8266a"
https://www.cheshomes.com/new-homes/sc/longs/heritage-park-at-longs/6201/2115-gooseberry-way/1727216/,Heritage Park at Longs,33.9767047,-78.7593577,2115 Gooseberry Way,Longs,SC,,,,,Chesapeake Homes,,,2,,,,,,,https://www.cheshomes.com,"Live Where Every Day Feels Like a Getaway – Welcome to Heritage Park

Discover Heritage Park—where the comfort of your dream home meets the relaxation of a

vacation lifestyle

, all nestled in the heart of

Longs, SC

. Perfectly positioned just

off Hwy 9

, our community puts you within 15 minutes of the sandy shores of

Cherry Grove Beach

, the charm of Loris, and the excitement of

North Myrtle Beach’s Main Street

. Plus, Myrtle Beach’s world-class dining, shopping, sports, and entertainment are only a short 30-minute drive away.

At Heritage Park, you’ll find thoughtfully designed homes with a variety of

flexible floor plans

tailored to fit every lifestyle—whether you're looking for a first-floor owner’s suite, a spacious loft,

three-car garage

or inviting outdoor living spaces that make the most of South Carolina’s sunshine. Whether you're settling in or just starting your next chapter, Heritage Park isn’t just a place to live—it’s a lifestyle.

Schedule your tour today and see why so many are choosing to call Heritage Park home.",,,"Welcome to the Primrose! Step into over 1,600 square feet of luxurious first-floor living space. Upon entering from the covered porch, you'll be greeted by 2 bedrooms and a full bath on your left – perfect for hosting guests in their own serene retreat. Continuing on, you'll discover a harmonious flow between the kitchen, dining room, and great room. A stunning kitchen island offers additional seating and counter space for all your culinary needs and entertaining endeavors. At the rear of the home, you'll find the tucked-away owner's suite featuring a tray ceiling, a spacious walk-in closet, and an elegant owner's bathroom. Savor balmy summer evenings with loved ones on your rear-covered porch. Enjoy upgraded features throughout the home such as LVP flooring in the foyer, kitchen, dining room. living room and primary bath. As well as shaker-style cabinets, stainless appliances, and quartz countertops. Embrace the comfort and elegance of the Primrose – make it your home today!*PHOTOS OF SIMILAR HOME*",3,2,,1,1605,,,,,,,,,,,,,,,,,2,3,2,,1605,1,,,,,,,,,,,,,,"https://media.cheshomes.com/241/2025/10/29/A7300061.jpg?width=1920&height=1280&fit=bounds&ois=628e54c,https://media.cheshomes.com/241/2025/10/29/A7300069.jpg?width=1920&height=1280&fit=bounds&ois=f25303f,https://media.cheshomes.com/241/2025/10/29/A7300060.jpg?width=1920&height=1280&fit=bounds&ois=bf4ac46,https://media.cheshomes.com/241/2024/10/13/172865965213685664_kicthen_01.jpg?width=1920&height=1281&fit=bounds&ois=876b57d,https://media.cheshomes.com/241/2024/4/1/The_Saltbrush-1.jpg?width=1920&height=1281&fit=bounds&ois=f83e959,https://media.cheshomes.com/241/2024/12/17/A7300083_xfUUOo1.JPG?width=1920&height=1280&fit=bounds&ois=e7a0105,https://media.cheshomes.com/241/2024/12/17/A7300058.JPG?width=1920&height=1280&fit=bounds&ois=fdf988e,https://media.cheshomes.com/241/2024/12/17/A7300073.JPG?width=1920&height=1280&fit=bounds&ois=b29f001,https://media.cheshomes.com/241/2024/12/17/A7300083.JPG?width=1920&height=1280&fit=bounds&ois=ec5f76c,https://media.cheshomes.com/241/2024/12/17/A7300078.JPG?width=1920&height=1280&fit=bounds&ois=d968915,https://media.cheshomes.com/241/2024/12/17/A7300088.JPG?width=1920&height=1280&fit=bounds&ois=3bb2b70,https://media.cheshomes.com/241/2024/12/17/A7300093.JPG?width=1920&height=1280&fit=bounds&ois=b211455,https://media.cheshomes.com/241/2025/10/29/A7300090.jpg?width=1920&height=1280&fit=bounds&ois=f546d33,https://media.cheshomes.com/241/2024/12/17/A7300113.JPG?width=1920&height=1280&fit=bounds&ois=997a27f,https://media.cheshomes.com/241/2024/12/17/A7300098.JPG?width=1920&height=1280&fit=bounds&ois=a1abec2,https://media.cheshomes.com/241/2024/12/17/A7300028.JPG?width=1920&height=1280&fit=bounds&ois=44386d7,https://media.cheshomes.com/241/2024/12/17/A7300023.JPG?width=1920&height=1280&fit=bounds&ois=11cf6ac,https://media.cheshomes.com/241/2024/12/17/A7300038.JPG?width=1920&height=1280&fit=bounds&ois=ade12ad,https://media.cheshomes.com/241/2024/12/17/A7300045.JPG?width=1920&height=1280&fit=bounds&ois=2aabd89,https://media.cheshomes.com/241/2024/12/17/A7300048.JPG?width=1920&height=1280&fit=bounds&ois=3311f15,https://media.cheshomes.com/241/2024/12/17/A7300018.JPG?width=1920&height=1280&fit=bounds&ois=a00a819,https://media.cheshomes.com/241/2024/12/17/A7300118.JPG?width=1920&height=1092&fit=bounds&ois=3a302f0,https://media.cheshomes.com/241/2024/12/17/A7300003.JPG?width=1920&height=1217&fit=bounds&ois=c946de5,https://media.cheshomes.com/241/2025/10/29/A7300078.jpg?width=1920&height=1280&fit=bounds&ois=1e9d656,https://media.cheshomes.com/241/2025/10/29/A7300103.jpg?width=1920&height=1280&fit=bounds&ois=787ddc2"
https://www.cheshomes.com/new-homes/sc/longs/heritage-park-at-longs/6201/2118-gooseberry-way/1719759/,Heritage Park at Longs,33.9763983,-78.7586281,2118 Gooseberry Way,Longs,SC,,,,,Chesapeake Homes,,,2,,,,,,,https://www.cheshomes.com,"Live Where Every Day Feels Like a Getaway – Welcome to Heritage Park

Discover Heritage Park—where the comfort of your dream home meets the relaxation of a

vacation lifestyle

, all nestled in the heart of

Longs, SC

. Perfectly positioned just

off Hwy 9

, our community puts you within 15 minutes of the sandy shores of

Cherry Grove Beach

, the charm of Loris, and the excitement of

North Myrtle Beach’s Main Street

. Plus, Myrtle Beach’s world-class dining, shopping, sports, and entertainment are only a short 30-minute drive away.

At Heritage Park, you’ll find thoughtfully designed homes with a variety of

flexible floor plans

tailored to fit every lifestyle—whether you're looking for a first-floor owner’s suite, a spacious loft,

three-car garage

or inviting outdoor living spaces that make the most of South Carolina’s sunshine. Whether you're settling in or just starting your next chapter, Heritage Park isn’t just a place to live—it’s a lifestyle.

Schedule your tour today and see why so many are choosing to call Heritage Park home.",,,"The Wren is the perfect combination of an open floor plan and functionality starting with over 1,790 square feet. Upon entering from the covered front porch, the wide-open foyer leads to a generous dining area, kitchen, and great room. A private study or optional third bedroom is on the left as you enter.Through the foyer, you’ll find a large drop zone with options for additional shelving, and a bench for seating while you unload beach accessories or sand-filled clothes. Beyond the open living space, find a stunning master suite complete with a tray ceiling, enormous walk-in closet, double vanity, and a seated shower. Go ahead, kick your feet up, sit back, and relax among the day-to-day comforts and spaciousness of the Wren!*PHOTOS OF SIMILAR HOME*",3,2,,1,1792,,,,,,,,,,,,,,,,,2,3,2,,1792,1,,,,,,,,,,,,,,"https://media.cheshomes.com/241/2022/8/12/exterior.jpg?width=1871&height=1440&fit=bounds&ois=8ba7727,https://media.cheshomes.com/241/2025/12/18/exterior_image_19.jpg?width=1800&height=1200&fit=bounds&ois=7ac6086,https://media.cheshomes.com/241/2022/8/12/Kitchen.jpg?width=1920&height=1280&fit=bounds&ois=f4ac8fe,https://media.cheshomes.com/241/2026/2/3/A7300099.jpg?width=1920&height=1280&fit=bounds&ois=0becc95,https://media.cheshomes.com/241/2026/2/3/A7300108.jpg?width=1920&height=1280&fit=bounds&ois=bb53937,https://media.cheshomes.com/241/2026/2/3/A7300102.jpg?width=1920&height=1280&fit=bounds&ois=bc3dbfd,https://media.cheshomes.com/241/2026/2/3/A7300114.jpg?width=1920&height=1280&fit=bounds&ois=9adbac2,https://media.cheshomes.com/241/2026/2/3/A7300111.jpg?width=1920&height=1280&fit=bounds&ois=9505192,https://media.cheshomes.com/241/2026/2/3/A7300120.jpg?width=1920&height=1280&fit=bounds&ois=616b9b0,https://media.cheshomes.com/241/2026/2/3/A7300123.jpg?width=1920&height=1280&fit=bounds&ois=8dae40e,https://media.cheshomes.com/241/2026/2/3/A7300126.jpg?width=1920&height=1280&fit=bounds&ois=09f23d4,https://media.cheshomes.com/241/2026/2/3/A7300129.jpg?width=1920&height=1280&fit=bounds&ois=99965a9,https://media.cheshomes.com/241/2026/2/3/A7300132.jpg?width=1920&height=1280&fit=bounds&ois=ea433bb,https://media.cheshomes.com/241/2026/2/3/A7300084.jpg?width=1920&height=1280&fit=bounds&ois=a5142d6,https://media.cheshomes.com/241/2026/2/3/A7300081.jpg?width=1920&height=1280&fit=bounds&ois=2aaad5b,https://media.cheshomes.com/241/2026/2/3/A7300090.jpg?width=1920&height=1280&fit=bounds&ois=b380620,https://media.cheshomes.com/241/2026/2/3/A7300087.jpg?width=1920&height=1280&fit=bounds&ois=351dada"
https://www.cheshomes.com/new-homes/sc/longs/heritage-park-at-longs/6201/2119-gooseberry-way/1719744/,Heritage Park at Longs,33.9770869,-78.7590142,2119 Gooseberry Way,Longs,SC,,,,,Chesapeake Homes,,,2,,,,,,,https://www.cheshomes.com,"Live Where Every Day Feels Like a Getaway – Welcome to Heritage Park

Discover Heritage Park—where the comfort of your dream home meets the relaxation of a

vacation lifestyle

, all nestled in the heart of

Longs, SC

. Perfectly positioned just

off Hwy 9

, our community puts you within 15 minutes of the sandy shores of

Cherry Grove Beach

, the charm of Loris, and the excitement of

North Myrtle Beach’s Main Street

. Plus, Myrtle Beach’s world-class dining, shopping, sports, and entertainment are only a short 30-minute drive away.

At Heritage Park, you’ll find thoughtfully designed homes with a variety of

flexible floor plans

tailored to fit every lifestyle—whether you're looking for a first-floor owner’s suite, a spacious loft,

three-car garage

or inviting outdoor living spaces that make the most of South Carolina’s sunshine. Whether you're settling in or just starting your next chapter, Heritage Park isn’t just a place to live—it’s a lifestyle.

Schedule your tour today and see why so many are choosing to call Heritage Park home.",,,"The Wren is the perfect combination of an open floor plan and functionality starting with over 1,790 square feet. This home welcomes you with a charming covered front porch that opens to a bright, airy foyer. From there, flow into a spacious dining room, modern kitchen, and inviting great room, creating the ideal backdrop for family gatherings. Beyond the open living space, find a stunning master suite complete with a tray ceiling, enormous walk-in closet, double vanity, and a seated shower. Go ahead, kick your feet up, sit back, and relax among the day-to-day comforts and spaciousness of the Wren!*PHOTOS OF SIMILAR HOME*",2,2,,1,1792,,,,,,,,,,,,,,,,,2,2,2,,1792,1,,,,,,,,,,,,,,"https://media.cheshomes.com/241/2022/8/12/exterior.jpg?width=1871&height=1440&fit=bounds&ois=8ba7727,https://media.cheshomes.com/241/2026/2/3/exterior_image_16.jpg?width=1800&height=1200&fit=bounds&ois=3b924b8,https://media.cheshomes.com/241/2026/2/3/A7300108.jpg?width=1920&height=1280&fit=bounds&ois=bb53937,https://media.cheshomes.com/241/2026/2/3/A7300099.jpg?width=1920&height=1280&fit=bounds&ois=0becc95,https://media.cheshomes.com/241/2026/2/3/A7300102.jpg?width=1920&height=1280&fit=bounds&ois=bc3dbfd,https://media.cheshomes.com/241/2026/2/3/A7300114.jpg?width=1920&height=1280&fit=bounds&ois=9adbac2,https://media.cheshomes.com/241/2026/2/3/A7300111.jpg?width=1920&height=1280&fit=bounds&ois=9505192,https://media.cheshomes.com/241/2026/2/3/A7300105.jpg?width=1920&height=1280&fit=bounds&ois=6e07755,https://media.cheshomes.com/241/2022/8/12/Bedroom.jpg?width=1920&height=1280&fit=bounds&ois=f3ba798,https://media.cheshomes.com/241/2026/2/3/A7300120.jpg?width=1920&height=1280&fit=bounds&ois=616b9b0,https://media.cheshomes.com/241/2026/2/3/A7300123.jpg?width=1920&height=1280&fit=bounds&ois=8dae40e,https://media.cheshomes.com/241/2022/8/12/Bathroom.jpg?width=1920&height=1280&fit=bounds&ois=e3384cd,https://media.cheshomes.com/241/2026/2/3/A7300132.jpg?width=1920&height=1280&fit=bounds&ois=ea433bb,https://media.cheshomes.com/241/2026/2/3/A7300126.jpg?width=1920&height=1280&fit=bounds&ois=09f23d4,https://media.cheshomes.com/241/2026/2/3/A7300129.jpg?width=1920&height=1280&fit=bounds&ois=99965a9,https://media.cheshomes.com/241/2026/2/3/A7300084.jpg?width=1920&height=1280&fit=bounds&ois=a5142d6,https://media.cheshomes.com/241/2026/2/3/A7300081.jpg?width=1920&height=1280&fit=bounds&ois=2aaad5b,https://media.cheshomes.com/241/2026/2/3/A7300087.jpg?width=1920&height=1280&fit=bounds&ois=351dada,https://media.cheshomes.com/241/2026/2/3/A7300093.jpg?width=1920&height=1280&fit=bounds&ois=c86d20e,https://media.cheshomes.com/241/2026/2/3/A7300090.jpg?width=1920&height=1280&fit=bounds&ois=b380620,https://media.cheshomes.com/241/2026/2/3/A7300133.jpg?width=1920&height=1087&fit=bounds&ois=461e262"
https://www.cheshomes.com/new-homes/sc/longs/heritage-park-at-longs/6201/2126-gooseberry-way/1719750/,Heritage Park at Longs,33.9771652,-78.7578514,2126 Gooseberry Way,Longs,SC,,,,Quick Move-In,Chesapeake Homes,,,2,,,,,,,https://www.cheshomes.com,"Live Where Every Day Feels Like a Getaway – Welcome to Heritage Park

Discover Heritage Park—where the comfort of your dream home meets the relaxation of a

vacation lifestyle

, all nestled in the heart of

Longs, SC

. Perfectly positioned just

off Hwy 9

, our community puts you within 15 minutes of the sandy shores of

Cherry Grove Beach

, the charm of Loris, and the excitement of

North Myrtle Beach’s Main Street

. Plus, Myrtle Beach’s world-class dining, shopping, sports, and entertainment are only a short 30-minute drive away.

At Heritage Park, you’ll find thoughtfully designed homes with a variety of

flexible floor plans

tailored to fit every lifestyle—whether you're looking for a first-floor owner’s suite, a spacious loft,

three-car garage

or inviting outdoor living spaces that make the most of South Carolina’s sunshine. Whether you're settling in or just starting your next chapter, Heritage Park isn’t just a place to live—it’s a lifestyle.

Schedule your tour today and see why so many are choosing to call Heritage Park home.",,,"The Shorebreak is the perfect balance between outdoor living space and a coastal-inspired interior, encouraging you to slip off your sandals and relax. Step in from the Shorebreak’s covered front porch to find an open kitchen, dining, and great room area. Breeze through sliding glass doors onto a large covered porch, ideal for warm summer evenings or afternoon get-togethers. Through the foyer, you’ll find a large drop zone and laundry area. Drop off beach chairs in the convenient storage space just inside the garage, as well. Across from the drop zone, get some work done in your study.Beyond the open living space, find a stunning owner's suite complete with a tray ceiling, enormous walk-in closet, double vanity, and a seated shower. Go ahead, kick your feet up, sit back, and relax among the day-to-day comforts and spaciousness of the Shorebreak!*PHOTOS OF SIMILAR HOME*",3,2,,1,1938,369900,,,,,,,,,,,,,,,,2,3,2,,1938,1,369900,,,,,,,,,,,,,"https://media.cheshomes.com/241/2025/12/18/exterior_image_17.jpg?width=1800&height=1200&fit=bounds&ois=7b21205,https://media.cheshomes.com/241/2025/12/29/027.jpg?width=1920&height=1152&fit=bounds&ois=ee9effd,https://media.cheshomes.com/241/2025/12/29/028.jpg?width=1920&height=1152&fit=bounds&ois=c6652f7,https://media.cheshomes.com/241/2025/12/29/034.jpg?width=1920&height=1152&fit=bounds&ois=6367a64,https://media.cheshomes.com/241/2025/12/29/026.jpg?width=1920&height=1152&fit=bounds&ois=1190e2b,https://media.cheshomes.com/241/2025/12/29/038.jpg?width=1920&height=1152&fit=bounds&ois=0dc0798,https://media.cheshomes.com/241/2025/12/29/039.jpg?width=1920&height=1152&fit=bounds&ois=a7b0142,https://media.cheshomes.com/241/2025/12/29/032.jpg?width=1920&height=1152&fit=bounds&ois=87533a2,https://media.cheshomes.com/241/2025/12/29/031.jpg?width=1920&height=1152&fit=bounds&ois=f6ec49c,https://media.cheshomes.com/241/2025/12/29/033.jpg?width=1920&height=1152&fit=bounds&ois=2947947,https://media.cheshomes.com/241/2025/12/29/037.jpg?width=1920&height=1152&fit=bounds&ois=8c75280,https://media.cheshomes.com/241/2025/12/29/036.jpg?width=1920&height=1152&fit=bounds&ois=768ad87,https://media.cheshomes.com/241/2025/12/29/035.jpg?width=1920&height=1152&fit=bounds&ois=cbfdb85,https://media.cheshomes.com/241/2025/12/29/021.jpg?width=1920&height=1152&fit=bounds&ois=19122dd,https://media.cheshomes.com/241/2025/12/29/022.jpg?width=1920&height=1152&fit=bounds&ois=a489419,https://media.cheshomes.com/241/2025/12/29/019.jpg?width=1920&height=1152&fit=bounds&ois=542d202,https://media.cheshomes.com/241/2025/12/29/009.jpg?width=1920&height=1152&fit=bounds&ois=e2d5183,https://media.cheshomes.com/241/2025/12/29/018.jpg?width=1920&height=1152&fit=bounds&ois=85ea1e2,https://media.cheshomes.com/241/2025/12/29/041.jpg?width=1920&height=1152&fit=bounds&ois=95b5e6d,https://media.cheshomes.com/241/2025/12/29/040.jpg?width=1920&height=1152&fit=bounds&ois=f079aef,https://media.cheshomes.com/241/2025/12/29/042.jpg?width=1920&height=1152&fit=bounds&ois=241610c,https://media.cheshomes.com/241/2025/12/29/043.jpg?width=1920&height=1152&fit=bounds&ois=70939fa,https://media.cheshomes.com/241/2025/12/29/044.jpg?width=1920&height=1152&fit=bounds&ois=4c8525e,https://media.cheshomes.com/241/2025/12/29/045.jpg?width=1920&height=1152&fit=bounds&ois=dc36e90,https://media.cheshomes.com/241/2025/12/29/048.jpg?width=1920&height=1152&fit=bounds&ois=a42626f,https://media.cheshomes.com/241/2025/12/29/047.jpg?width=1920&height=1152&fit=bounds&ois=6541234,https://media.cheshomes.com/241/2025/12/29/010.jpg?width=1920&height=1152&fit=bounds&ois=fa57287,https://media.cheshomes.com/241/2025/12/29/011.jpg?width=1920&height=1152&fit=bounds&ois=4d65ee1,https://media.cheshomes.com/241/2025/12/29/017.jpg?width=1920&height=1152&fit=bounds&ois=c492d79,https://media.cheshomes.com/241/2025/12/29/052.jpg?width=1920&height=1152&fit=bounds&ois=755baa2,https://media.cheshomes.com/241/2025/12/29/054.jpg?width=1920&height=1152&fit=bounds&ois=27bab87,https://media.cheshomes.com/241/2025/12/29/055.jpg?width=1920&height=1152&fit=bounds&ois=2128a31,https://media.cheshomes.com/241/2025/12/29/057.jpg?width=1920&height=1152&fit=bounds&ois=20e5f1d,https://media.cheshomes.com/241/2025/12/29/058.jpg?width=1920&height=1152&fit=bounds&ois=302052c"
https://www.cheshomes.com/new-homes/sc/longs/heritage-park-at-longs/6201/2154-gooseberry-way/1690849/,Heritage Park at Longs,33.9789053,-78.7556201,2154 Gooseberry Way,Longs,SC,,,,Move-In Ready,Chesapeake Homes,,,2,,,,,,,https://www.cheshomes.com,"Live Where Every Day Feels Like a Getaway – Welcome to Heritage Park

Discover Heritage Park—where the comfort of your dream home meets the relaxation of a

vacation lifestyle

, all nestled in the heart of

Longs, SC

. Perfectly positioned just

off Hwy 9

, our community puts you within 15 minutes of the sandy shores of

Cherry Grove Beach

, the charm of Loris, and the excitement of

North Myrtle Beach’s Main Street

. Plus, Myrtle Beach’s world-class dining, shopping, sports, and entertainment are only a short 30-minute drive away.

At Heritage Park, you’ll find thoughtfully designed homes with a variety of

flexible floor plans

tailored to fit every lifestyle—whether you're looking for a first-floor owner’s suite, a spacious loft,

three-car garage

or inviting outdoor living spaces that make the most of South Carolina’s sunshine. Whether you're settling in or just starting your next chapter, Heritage Park isn’t just a place to live—it’s a lifestyle.

Schedule your tour today and see why so many are choosing to call Heritage Park home.",,,"At 1,672 square feet, the Cherry Grove is a spacious retreat complete with coastal-inspired architectural accents, inviting outdoor living areas, and an expansive great room designed for gathering.Enter from the covered front porch or two-car garage and unload with ease in the generously sized drop zone. A convenient path through the laundry room leads into the open great room and adjoining dining area, creating one large, connected living space ideal for everyday comfort and entertaining. The owner’s suite features separate walk-in closets, a tray ceiling, double vanity, and a deluxe bath that feels thoughtfully designed and private. A versatile study offers the flexibility to function as a home office, hobby space, or can easily be converted into an additional bedroom to suit changing needs. With numerous opportunities for personalization, the Cherry Grove offers both comfort and adaptability in a well-balanced coastal design.",3,2,,1,1672,345900,,,,,,,,,,,,,,,,2,3,2,,1672,1,345900,,,,,,,,,,,,,"https://media.cheshomes.com/241/2026/2/20/A7300042_RDeQB52.jpg?width=1920&height=1280&fit=bounds&ois=39c6b1b,https://media.cheshomes.com/241/2026/2/20/A7300033.jpg?width=1920&height=1280&fit=bounds&ois=6b11bd8,https://media.cheshomes.com/241/2026/2/20/A7300039.jpg?width=1920&height=1280&fit=bounds&ois=13c1029,https://media.cheshomes.com/241/2026/2/20/A7300051.jpg?width=1920&height=1280&fit=bounds&ois=19dee72,https://media.cheshomes.com/241/2026/2/20/A7300054.jpg?width=1920&height=1280&fit=bounds&ois=a4386d3,https://media.cheshomes.com/241/2026/2/20/A7300057.jpg?width=1920&height=1280&fit=bounds&ois=8c505f1,https://media.cheshomes.com/241/2026/2/20/A7300060.jpg?width=1920&height=1280&fit=bounds&ois=81c10d4,https://media.cheshomes.com/241/2026/2/20/A7300030.jpg?width=1920&height=1280&fit=bounds&ois=ce15d81,https://media.cheshomes.com/241/2026/2/20/A7300027.jpg?width=1920&height=1280&fit=bounds&ois=5ac4b87,https://media.cheshomes.com/241/2026/2/20/A7300024.jpg?width=1920&height=1280&fit=bounds&ois=0a2a79f,https://media.cheshomes.com/241/2026/2/20/A7300021.jpg?width=1920&height=1280&fit=bounds&ois=e638b5a,https://media.cheshomes.com/241/2026/2/20/A7300009.jpg?width=1920&height=1280&fit=bounds&ois=3eb763c,https://media.cheshomes.com/241/2026/2/20/A7300015.jpg?width=1920&height=1280&fit=bounds&ois=456d242,https://media.cheshomes.com/241/2026/2/20/A7300012.jpg?width=1920&height=1280&fit=bounds&ois=3f9ef89,https://media.cheshomes.com/241/2026/2/20/A7300018.jpg?width=1920&height=1280&fit=bounds&ois=6fb148a,https://media.cheshomes.com/241/2026/2/20/A7300006.jpg?width=1920&height=1280&fit=bounds&ois=7f2fd5f,https://media.cheshomes.com/241/2026/2/20/A7300003.jpg?width=1920&height=1328&fit=bounds&ois=7b54987,https://media.cheshomes.com/241/2026/2/20/A7300002.jpg?width=1920&height=1267&fit=bounds&ois=7ba8c2d,https://media.cheshomes.com/241/2026/2/20/A7300045.jpg?width=1920&height=1183&fit=bounds&ois=e587852"
https://www.cheshomes.com/new-homes/sc/little-river/bridgewater-shorehaven-village/11972/2215-seagrape-dr/1728416/,Bridgewater - Shorehaven Village,33.8775904,-78.6640148,2215 Seagrape Dr,Little River,SC,,,Horry County Schools,Quick Move-In,Chesapeake Homes,,,2,,,,,,,https://www.cheshomes.com,"Welcome to Shorehaven Village at Bridgewater!

This village boasts

single-family

homes

from our beloved Cottage Collection. Located

off Hwy. 9 in Little River

and just minutes from the coveted Myrtle Beach area, this community creates the perfect location for a combination of relaxation and excitement. Bridgewater offers

amenities

unlike any other! Dive into the

resort-style

pool

on hot summer days. Exercise among miles of fitness trails or in the

state-of-the-art

community

fitness

center

. Enjoy plenty of activities at the bocce courts, kayak launch, or yoga lawn. Take the evening to relax with an expansive clubhouse and multiple fire pits. Bridgewater is an

active-oriented community

and a peaceful, waterside destination rolled into one beautiful place to call home.

Chesapeake Homes brings its

superb

builder

quality

to the area of Little River where you can expect

spacious

, open floor plans with prominent architectural features highlighting both the home and the area surrounding. At Bridgewater, it’s time to crossover to the good life!",,,"Inspired by the natural beauty of the surrounding area, the Driftwood offers three bedrooms and three baths within nearly 2,704 square feet. This two-story model includes a first-floor master suite, enormous kitchen, outdoor living areas, loft, and ample storage space. Wide, open space connects the great room, casual dining, and extensive kitchen. Prepare meals on a large kitchen island with a view to your covered porch outside. A formal dining room offers an optional set of French doors perfect for intimate dinners or holiday gatherings. Beyond the dining room, accompanied by a full bath, find a quiet study or guest bedroom with a walk-in closet ideal for visitors. The master bedroom features an enormous walk-in closet accompanied by a indulgent master bath. Find a personal sanctuary with plenty of natural light and open space. The second floor provides a large flex space with 23’ wide loft. Easily imagine a media room or recreational room in this space. An additional bedroom, full bath, and storage room accompany the loft allowing for a secluded bedroom away from the hustle and bustle of the downstairs area. The Driftwood offers room for the entire household with an array of comforts added throughout!*PHOTOS OF SIMILAR HOME*",3,3,,2,2704,639900,,,,,,,,,,,,,,,,2,3,3,,2704,2,639900,,,,,,,,,,,,,"https://media.cheshomes.com/241/2024/5/3/DSC01803_1.jpg?width=1920&height=1280&fit=bounds&ois=32f1b8b,https://media.cheshomes.com/241/2024/5/3/DSC01793.jpg?width=1920&height=1280&fit=bounds&ois=5f2aed9,https://media.cheshomes.com/241/2024/5/3/DSC01798.jpg?width=1920&height=1280&fit=bounds&ois=37de5f0,https://media.cheshomes.com/241/2024/5/3/DSC01823.jpg?width=1920&height=1280&fit=bounds&ois=6b70ae1,https://media.cheshomes.com/241/2024/5/3/DSC01828.jpg?width=1920&height=1280&fit=bounds&ois=1472756,https://media.cheshomes.com/241/2024/5/3/DSC01833.jpg?width=1920&height=1280&fit=bounds&ois=e6ba6ba,https://media.cheshomes.com/241/2024/5/3/DSC01808.jpg?width=1920&height=1280&fit=bounds&ois=2000d81,https://media.cheshomes.com/241/2024/5/3/DSC01773.jpg?width=1920&height=1280&fit=bounds&ois=4301922,https://media.cheshomes.com/241/2024/5/3/DSC01778_JHx8yMD.jpg?width=1920&height=1280&fit=bounds&ois=6e8a0bc,https://media.cheshomes.com/241/2020/2/13/The_Driftwood-36.jpg?width=1920&height=1080&fit=bounds&ois=26ec523,https://media.cheshomes.com/241/2024/5/3/DSC01848.jpg?width=1920&height=1280&fit=bounds&ois=77c10bd,https://media.cheshomes.com/241/2024/5/3/DSC01868.jpg?width=1920&height=1280&fit=bounds&ois=abdf6b0,https://media.cheshomes.com/241/2024/5/3/DSC01853.jpg?width=1920&height=1280&fit=bounds&ois=ea61bdf,https://media.cheshomes.com/241/2024/5/3/DSC01768.jpg?width=1920&height=1280&fit=bounds&ois=201bf41,https://media.cheshomes.com/241/2024/5/3/DSC01858.jpg?width=1920&height=1280&fit=bounds&ois=8e94190,https://media.cheshomes.com/241/2024/5/3/DSC01863.jpg?width=1920&height=1280&fit=bounds&ois=d15af2d,https://media.cheshomes.com/241/2024/5/3/DSC01843.jpg?width=1920&height=1280&fit=bounds&ois=7eb4186,https://media.cheshomes.com/241/2024/5/3/DSC01838.jpg?width=1920&height=1280&fit=bounds&ois=f0895ea"
https://www.cheshomes.com/new-homes/va/suffolk/creekside-reserve/17715/2232-patrick-drive/1731443/,Creekside Reserve,36.8277,-76.498,2232 Patrick Drive,Suffolk,VA,,,,Move-In Ready,Chesapeake Homes,,,2,,,,,,,https://www.cheshomes.com,"Welcome to

Creekside Reserve

, a thoughtfully designed community offering

new homes in Suffolk, VA

. Perfectly positioned near

Highway 664

, Creekside Reserve keeps you connected to all of Hampton Roads. Enjoy quick commutes to

Norfolk

and

Virginia Beach

, while still savoring the small-town charm Suffolk is known for. Nearby, you’ll find

Sleepy Hole Park

for outdoor recreation and the convenience of

Creekside Village Shopping Center

,

just minutes from your front door.

The ideal mix of lifestyle and location. Here, you can enjoy

scenic surroundings

and modern comfort without giving up the

everyday conveniences

you need. From coastal adventures to

local dining and shopping

, everything you love about

Hampton Roads

is within easy reach at

.",,,"The Hawthorne is a beautifully designed home that offers comfort, flexibility, and plenty of room to grow. With 2,176 square feet of thoughtfully planned space, this floor plan includes four bedrooms.On the first floor, you’ll find a spacious open-concept living area where the great room, breakfast area, and kitchen flow seamlessly together, ideal for both everyday living and entertaining. Also downstairs, there’s a formal dining room, a convenient powder room, and access to a two-car garage. Enjoy meals outside with your rear covered porch for the perfect outdoor dining experience.Upstairs, all bedrooms are located together, including the impressive owner’s suite with tray ceilings, a large deluxe bathroom, and two walk-in closets. The laundry room is located just outside the suite for easy access, alongside three additional bedrooms and a full bath. The Hawthorne is a flexible, welcoming floor plan that adapts beautifully to your lifestyle, whether you're starting fresh, growing your family, or simply ready for something new.",4,2,1,2,2176,539900,,,,,,,,,,,,,,,,2,4,2,1,2176,2,539900,,,,,,,,,,,,,"https://media.cheshomes.com/241/2026/4/17/32-web-or-mls-ext-39.jpg?width=1920&height=1279&fit=bounds&ois=e4902df,https://media.cheshomes.com/241/2026/4/17/The_Hawthorne_qJAH7GK.jpg?width=1920&height=1375&fit=bounds&ois=c69e555,https://media.cheshomes.com/241/2026/4/17/collov-ai_20260417094800_r5e249_KDXjUIC.jpg?width=1264&height=842&fit=bounds&ois=c594a02,https://media.cheshomes.com/241/2026/4/17/25-web-or-mls-ext-18.jpg?width=1920&height=1279&fit=bounds&ois=b34910a,https://media.cheshomes.com/241/2026/4/17/24-web-or-mls-ext-15.jpg?width=1920&height=1279&fit=bounds&ois=67a1038,https://media.cheshomes.com/241/2026/4/17/26-web-or-mls-ext-21.jpg?width=1920&height=1279&fit=bounds&ois=4536c86,https://media.cheshomes.com/241/2026/4/17/collov-ai_20260417094138_31ofae.jpg?width=1264&height=842&fit=bounds&ois=d626c0c,https://media.cheshomes.com/241/2026/4/17/28-web-or-mls-ext-27.jpg?width=1920&height=1279&fit=bounds&ois=ae52f04,https://media.cheshomes.com/241/2026/4/17/27-web-or-mls-ext-24.jpg?width=1920&height=1279&fit=bounds&ois=152f72a,https://media.cheshomes.com/241/2026/4/17/30-web-or-mls-ext-33.jpg?width=1920&height=1279&fit=bounds&ois=f02c3dd,https://media.cheshomes.com/241/2026/4/17/32-web-or-mls-ext-39_xRNnqBl.jpg?width=1920&height=1279&fit=bounds&ois=a79477c,https://media.cheshomes.com/241/2026/4/17/40-web-or-mls-ext-63.jpg?width=1920&height=1279&fit=bounds&ois=d4568a8,https://media.cheshomes.com/241/2026/4/17/41-web-or-mls-ext-66.jpg?width=1920&height=1279&fit=bounds&ois=ee99a39,https://media.cheshomes.com/241/2026/4/17/37-web-or-mls-ext-54.jpg?width=1920&height=1279&fit=bounds&ois=e6731d4,https://media.cheshomes.com/241/2026/4/17/39-web-or-mls-ext-60_SOblVul.jpg?width=1920&height=1279&fit=bounds&ois=ec6b43f,https://media.cheshomes.com/241/2026/4/17/38-web-or-mls-ext-57.jpg?width=1920&height=1279&fit=bounds&ois=fe5af23,https://media.cheshomes.com/241/2026/4/17/19-web-or-mls-ext-6.jpg?width=1920&height=1279&fit=bounds&ois=68b155d,https://media.cheshomes.com/241/2026/4/17/17-web-or-mls-ext-3.jpg?width=1920&height=1279&fit=bounds&ois=910f208,https://media.cheshomes.com/241/2026/4/17/22-web-or-mls-ext-9.jpg?width=1920&height=1279&fit=bounds&ois=6e43e0d,https://media.cheshomes.com/241/2026/4/17/23-web-or-mls-ext-12.jpg?width=1920&height=1279&fit=bounds&ois=48cf78c,https://media.cheshomes.com/241/2026/4/17/42-web-or-mls-ext-69.jpg?width=1920&height=1279&fit=bounds&ois=9b68096,https://media.cheshomes.com/241/2026/4/17/43-web-or-mls-ext-72.jpg?width=1920&height=1279&fit=bounds&ois=15598af,https://media.cheshomes.com/241/2026/4/17/44-web-or-mls-ext-75.jpg?width=1920&height=1279&fit=bounds&ois=63da24d,https://media.cheshomes.com/241/2026/4/17/35-web-or-mls-ext-48.jpg?width=1920&height=1279&fit=bounds&ois=1e3ea87,https://media.cheshomes.com/241/2026/4/17/45-web-or-mls-ext-78.jpg?width=1920&height=1279&fit=bounds&ois=c3a1521,https://media.cheshomes.com/241/2026/4/17/46-web-or-mls-ext-81.jpg?width=1920&height=1279&fit=bounds&ois=7562805,https://media.cheshomes.com/241/2026/4/17/36-web-or-mls-ext-51.jpg?width=1920&height=1279&fit=bounds&ois=d5adc14,https://media.cheshomes.com/241/2026/4/17/34-web-or-mls-ext-45.jpg?width=1920&height=1279&fit=bounds&ois=90e589c,https://media.cheshomes.com/241/2026/4/17/15-web-or-mls-ext-2.jpg?width=1920&height=1279&fit=bounds&ois=9797ce8"
https://www.cheshomes.com/new-homes/va/suffolk/creekside-reserve/17715/2235-patrick-drive/1731442/,Creekside Reserve,36.8267,-76.4974,2235 Patrick Drive,Suffolk,VA,,,,,Chesapeake Homes,,,2,,,,,,,https://www.cheshomes.com,"Welcome to

Creekside Reserve

, a thoughtfully designed community offering

new homes in Suffolk, VA

. Perfectly positioned near

Highway 664

, Creekside Reserve keeps you connected to all of Hampton Roads. Enjoy quick commutes to

Norfolk

and

Virginia Beach

, while still savoring the small-town charm Suffolk is known for. Nearby, you’ll find

Sleepy Hole Park

for outdoor recreation and the convenience of

Creekside Village Shopping Center

,

just minutes from your front door.

The ideal mix of lifestyle and location. Here, you can enjoy

scenic surroundings

and modern comfort without giving up the

everyday conveniences

you need. From coastal adventures to

local dining and shopping

, everything you love about

Hampton Roads

is within easy reach at

.",,,"This 2,427-square-foot home is the perfect choice for anyone in search of a new place to call their own. The Poppy is a spacious open-concept home with a total of five bedrooms. When you step off the covered front porch, you will step into a long foyer leading to the vast great room with gas fireplace, breakfast area, and kitchen. Off the breakfast area, is a sliding glass door to your rear covered porch, perfect to support indoor/outdoor living.While one bedroom and full bath are downstairs, up the stairs we find three more bedrooms with another full bath that is equipped with a double vanity. Continuing on the second floor is the vast owner's suite. With tray ceilings, deluxue bathroom with sinks on two separate vanities and a built-in shower bench, and a long walk-in closet, this just may turn into your favorite spot in the house. Right outside this suite is the laundry room, giving the owner's suite easy access to this space. Perfect for all families, The Poppy allows activities to be streamlined within the home and provides peaceful rest for the days when you need it. *Photos of Similar Home Shown",5,3,,2,2427,,,,,,,,,,,,,,,,,2,5,3,,2427,2,,,,,,,,,,,,,,"https://media.cheshomes.com/241/2026/2/4/CR_17_Exterior.jpg?width=1800&height=1200&fit=bounds&ois=a0df642,https://media.cheshomes.com/241/2026/2/26/1-web-or-mls-330TarnCt001_Y3Ttrgx.jpg?width=1920&height=1279&fit=bounds&ois=9a7c6ec,https://media.cheshomes.com/241/2026/2/26/15-web-or-mls-330TarnCt015_yM3WPpu.jpg?width=1920&height=1279&fit=bounds&ois=4a240de,https://media.cheshomes.com/241/2026/2/26/17-web-or-mls-330TarnCt017_IUDuZUG.jpg?width=1920&height=1279&fit=bounds&ois=2db4769,https://media.cheshomes.com/241/2026/2/26/16-web-or-mls-330TarnCt016_wRfQhMI.jpg?width=1920&height=1279&fit=bounds&ois=e91d00e,https://media.cheshomes.com/241/2026/2/26/8-web-or-mls-330TarnCt008_3MMGjdd.jpg?width=1920&height=1279&fit=bounds&ois=4a40bff,https://media.cheshomes.com/241/2026/2/26/9-web-or-mls-330TarnCt009_4mouxp9.jpg?width=1920&height=1279&fit=bounds&ois=752f2e0,https://media.cheshomes.com/241/2026/2/26/10-web-or-mls-330TarnCt010_BYXSg5U.jpg?width=1920&height=1279&fit=bounds&ois=ee388ee,https://media.cheshomes.com/241/2026/2/26/11-web-or-mls-330TarnCt011_ahObDLu.jpg?width=1920&height=1279&fit=bounds&ois=bfdc25b,https://media.cheshomes.com/241/2026/2/26/26-web-or-mls-330TarnCt026_CXhbvEI.jpg?width=1920&height=1279&fit=bounds&ois=37cbc3e,https://media.cheshomes.com/241/2026/2/26/27-web-or-mls-330TarnCt027_ujWnHtQ.jpg?width=1920&height=1279&fit=bounds&ois=8fc714d,https://media.cheshomes.com/241/2026/2/26/28-web-or-mls-330TarnCt028_SquULG2.jpg?width=1920&height=1279&fit=bounds&ois=7a39250,https://media.cheshomes.com/241/2026/2/26/29-web-or-mls-330TarnCt029_NCW13NB.jpg?width=1920&height=1279&fit=bounds&ois=2aaae85,https://media.cheshomes.com/241/2026/2/26/30-web-or-mls-330TarnCt030_GiHiuxN.jpg?width=1920&height=1279&fit=bounds&ois=a5b4951,https://media.cheshomes.com/241/2026/2/26/31-web-or-mls-330TarnCt031_rZLYqxn.jpg?width=1920&height=1279&fit=bounds&ois=6cdc217,https://media.cheshomes.com/241/2026/2/26/32-web-or-mls-330TarnCt032_pdspH0P.jpg?width=1920&height=1279&fit=bounds&ois=b5bc4e8,https://media.cheshomes.com/241/2026/2/26/3-web-or-mls-330TarnCt003_SGdLLlH.jpg?width=1920&height=1279&fit=bounds&ois=7a685c0,https://media.cheshomes.com/241/2026/2/26/18-web-or-mls-330TarnCt018_qOlEikq.jpg?width=1920&height=1279&fit=bounds&ois=4ffc5ad,https://media.cheshomes.com/241/2026/2/26/13-web-or-mls-330TarnCt013_ZpiZEhi.jpg?width=1920&height=1279&fit=bounds&ois=2967ee2,https://media.cheshomes.com/241/2026/2/26/14-web-or-mls-330TarnCt014_3Tq0rpx.jpg?width=1920&height=1279&fit=bounds&ois=d275af6,https://media.cheshomes.com/241/2026/2/26/5-web-or-mls-330TarnCt005_MEL5pu4.jpg?width=1920&height=1279&fit=bounds&ois=d95e969,https://media.cheshomes.com/241/2026/2/26/6-web-or-mls-330TarnCt006_bokQL9x.jpg?width=1920&height=1279&fit=bounds&ois=19a6893,https://media.cheshomes.com/241/2026/2/26/4-web-or-mls-330TarnCt004_Mxu88Zb.jpg?width=1920&height=1279&fit=bounds&ois=428dfa3,https://media.cheshomes.com/241/2026/2/26/22-web-or-mls-330TarnCt022_FU2C7gu.jpg?width=1920&height=1279&fit=bounds&ois=ca07688,https://media.cheshomes.com/241/2026/2/26/23-web-or-mls-330TarnCt023_GJfgMBM.jpg?width=1920&height=1279&fit=bounds&ois=a471fdd,https://media.cheshomes.com/241/2026/2/26/34-web-or-mls-330TarnCt034_1kEAokK.jpg?width=1920&height=1279&fit=bounds&ois=3f9dfc8,https://media.cheshomes.com/241/2026/2/26/35-web-or-mls-330TarnCt035_taoScf3.jpg?width=1920&height=1279&fit=bounds&ois=dfdc998,https://media.cheshomes.com/241/2026/2/26/36-web-or-mls-330TarnCt036_lJi3qR3.jpg?width=1920&height=1279&fit=bounds&ois=d136768,https://media.cheshomes.com/241/2026/2/26/38-web-or-mls-330TarnCt038_s4hWpk9.jpg?width=1920&height=1279&fit=bounds&ois=f21fb42,https://media.cheshomes.com/241/2026/2/26/39-web-or-mls-330TarnCt039_Jt8ARUY.jpg?width=1920&height=1279&fit=bounds&ois=38e2290,https://media.cheshomes.com/241/2026/2/26/40-web-or-mls-330TarnCt040_cSANgaV.jpg?width=1920&height=1278&fit=bounds&ois=05b36a5,https://media.cheshomes.com/241/2026/2/26/42-web-or-mls-330TarnCt042_raMbMSX.jpg?width=1920&height=1279&fit=bounds&ois=f0c61e9,https://media.cheshomes.com/241/2026/2/26/41-web-or-mls-330TarnCt041_GPJNVBg.jpg?width=1920&height=1279&fit=bounds&ois=36fde62,https://media.cheshomes.com/241/2026/2/26/33-web-or-mls-330TarnCt033_a9kWaUZ.jpg?width=1920&height=1278&fit=bounds&ois=95ad49f,https://media.cheshomes.com/241/2026/2/26/19-web-or-mls-330TarnCt019_8MREVyK.jpg?width=1920&height=1279&fit=bounds&ois=ec8c15a,https://media.cheshomes.com/241/2026/2/26/45-web-or-mls-330TarnCt045_RTp3f23.jpg?width=1920&height=1279&fit=bounds&ois=5619934"
https://www.cheshomes.com/new-homes/sc/myrtle-beach/traditions-at-carolina-forest/8444/226-broughton-drive/1737377/,Traditions at Carolina Forest,33.7456622,-78.8788094,226 Broughton Drive,Myrtle Beach,SC,,,Horry County,,Chesapeake Homes,,,2,,,,,,,https://www.cheshomes.com,"Welcome to Traditions at Carolina Forest

Traditions at Carolina Forest is a single-family home community located in the heart of Myrtle Beach, SC, within the highly sought-after Carolina Forest area. Designed for comfort, connection, and everyday convenience, this community offers a welcoming place to call home—no matter where you are in your homebuying journey.

Blending modern living with classic Southern charm, Traditions provides easy access to everything that makes coastal life so appealing. Residents are just minutes from Myrtle Beach’s beautiful beaches, championship golf courses, popular shopping destinations, local restaurants, and weekend festivals and entertainment. With excellent schools and top-rated medical centers nearby, Traditions at Carolina Forest is ideal for living, working, and enjoying life at every stage.

Community Amenities Designed for Every Lifestyle

Traditions at Carolina Forest offers a mix of amenities that support both active living and laid-back relaxation. Whether you're ready to settle in now or planning for the future, the community provides space to connect, recharge, and enjoy life.

Residents can gather at the beautifully designed clubhouse, featuring stylish indoor spaces perfect for social events, celebrations, or casual get-togethers. The attached fitness center includes modern cardio and strength-training equipment, making it easy to stay active without leaving the neighborhood.

On warm Carolina days, the sparkling community pool offers a refreshing escape with comfortable loungers and shaded areas for relaxing poolside. Families will appreciate the community playground, a safe and engaging space where children can play, explore, and make new friends close to home.

Pet owners will love the dedicated dog park, complete with open space and separate areas for small and large dogs, creating a welcoming environment for both pets and their people. Pickleball courts add another layer of fun and connection, offering opportunities for friendly competition, fitness, and social interaction for all skill levels.

A Connected Community in Carolina Forest

With its central location, everyday amenities, and flexible home options, Traditions at Carolina Forest offers a community designed to fit every stage of life. Whether you’re building, buying, or simply exploring what’s next, Traditions provides the space, comfort, and lifestyle you’ve been looking for.",,,"Welcome to the Waverunner plan, offering 2,666 square feet of versatile living space for busy families and weekend loungers alike. This home features four bedrooms and a spacious open-concept kitchen and great room, complete with a kitchen island and breakfast nook. Step outside onto padio to savor your morning coffee in style.Upstairs, discover a vast loft area perfect for a media room, playroom, or workout space. The luxurious Owner's Suite boasts tray ceilings, an L-shaped walk-in closet, and a double sink vanity for added convenience. Living in the Waverunner means coming home to pure relaxation every night.*PHOTOS OF SIMILAR HOME*",4,2,1,2,2666,490386,,,,,,,,,,,,,,,,2,4,2,1,2666,2,490386,,,,,,,,,,,,,"https://media.cheshomes.com/241/2025/9/18/A92A1053.jpg?width=1920&height=1109&fit=bounds&ois=8cb56fe,https://media.cheshomes.com/241/2025/9/18/A92A1038.jpg?width=1920&height=1109&fit=bounds&ois=39a88c6,https://media.cheshomes.com/241/2025/9/18/A92A1032.jpg?width=1920&height=1109&fit=bounds&ois=bb8d7e2,https://media.cheshomes.com/241/2025/9/18/A92A1189.jpg?width=1920&height=1109&fit=bounds&ois=1fe1cb1,https://media.cheshomes.com/241/2025/9/18/A92A1174.jpg?width=1920&height=1109&fit=bounds&ois=b8cb33e,https://media.cheshomes.com/241/2025/9/18/A92A1179.jpg?width=1920&height=1109&fit=bounds&ois=f15346c,https://media.cheshomes.com/241/2025/9/18/A92A1007.jpg?width=1920&height=1109&fit=bounds&ois=78ae4d9,https://media.cheshomes.com/241/2025/9/18/A92A1018.jpg?width=1920&height=1109&fit=bounds&ois=291c6fd,https://media.cheshomes.com/241/2025/9/18/A92A1002.jpg?width=1920&height=1109&fit=bounds&ois=056af2e,https://media.cheshomes.com/241/2025/9/18/A92A0990.jpg?width=1920&height=1109&fit=bounds&ois=4ddd013,https://media.cheshomes.com/241/2025/9/18/A92A1048.jpg?width=1920&height=1109&fit=bounds&ois=b078fd8,https://media.cheshomes.com/241/2025/9/18/A92A1144.jpg?width=1920&height=1109&fit=bounds&ois=fd92482,https://media.cheshomes.com/241/2025/9/18/A92A1149.jpg?width=1920&height=1109&fit=bounds&ois=1731ac7,https://media.cheshomes.com/241/2025/9/18/A92A1068.jpg?width=1920&height=1109&fit=bounds&ois=10f05d7,https://media.cheshomes.com/241/2025/9/18/A92A1160.jpg?width=1920&height=1109&fit=bounds&ois=5d401ce,https://media.cheshomes.com/241/2025/9/18/A92A1139.jpg?width=1920&height=1109&fit=bounds&ois=5125fd8,https://media.cheshomes.com/241/2025/9/18/A92A1232.jpg?width=1920&height=1109&fit=bounds&ois=99f4539,https://media.cheshomes.com/241/2025/9/18/A92A1237.jpg?width=1920&height=1109&fit=bounds&ois=f0c6d6e,https://media.cheshomes.com/241/2025/9/18/A92A1247.jpg?width=1920&height=1109&fit=bounds&ois=0b7835f,https://media.cheshomes.com/241/2025/9/18/A92A1257.jpg?width=1920&height=1109&fit=bounds&ois=cfb1e84"
https://www.cheshomes.com/new-homes/sc/myrtle-beach/traditions-at-carolina-forest/8444/241-brougton-drive/1713961/,Traditions at Carolina Forest,33.7454329,-78.8795377,241 Brougton Drive,Myrtle Beach,SC,,,Horry County,,Chesapeake Homes,,,2,,,,,,,https://www.cheshomes.com,"Welcome to Traditions at Carolina Forest

Traditions at Carolina Forest is a single-family home community located in the heart of Myrtle Beach, SC, within the highly sought-after Carolina Forest area. Designed for comfort, connection, and everyday convenience, this community offers a welcoming place to call home—no matter where you are in your homebuying journey.

Blending modern living with classic Southern charm, Traditions provides easy access to everything that makes coastal life so appealing. Residents are just minutes from Myrtle Beach’s beautiful beaches, championship golf courses, popular shopping destinations, local restaurants, and weekend festivals and entertainment. With excellent schools and top-rated medical centers nearby, Traditions at Carolina Forest is ideal for living, working, and enjoying life at every stage.

Community Amenities Designed for Every Lifestyle

Traditions at Carolina Forest offers a mix of amenities that support both active living and laid-back relaxation. Whether you're ready to settle in now or planning for the future, the community provides space to connect, recharge, and enjoy life.

Residents can gather at the beautifully designed clubhouse, featuring stylish indoor spaces perfect for social events, celebrations, or casual get-togethers. The attached fitness center includes modern cardio and strength-training equipment, making it easy to stay active without leaving the neighborhood.

On warm Carolina days, the sparkling community pool offers a refreshing escape with comfortable loungers and shaded areas for relaxing poolside. Families will appreciate the community playground, a safe and engaging space where children can play, explore, and make new friends close to home.

Pet owners will love the dedicated dog park, complete with open space and separate areas for small and large dogs, creating a welcoming environment for both pets and their people. Pickleball courts add another layer of fun and connection, offering opportunities for friendly competition, fitness, and social interaction for all skill levels.

A Connected Community in Carolina Forest

With its central location, everyday amenities, and flexible home options, Traditions at Carolina Forest offers a community designed to fit every stage of life. Whether you’re building, buying, or simply exploring what’s next, Traditions provides the space, comfort, and lifestyle you’ve been looking for.",,,"With 1,944 square feet of living space, the Hibiscus is one of the largest of the Villas and offers several options that hold beauty and utility in high regard. Upon entering the home, you’ll be greeted by the double-height foyer which leads you to the wide-open downstairs living space. The open concept layout and large, 7’ kitchen island lends itself to always being the home’s gathering place. When you’re ready to get outside, enjoy the ocean air while relaxing on your patio or rear-covered porch. On one of those rare chilly evenings, you have the optional gas fireplace that can only enhance the great room’s coziness. Upstairs, you will find two bedrooms, a full bathroom, and an open loft. The Hibiscus is perfect for your family or a revolving door of visitors who can’t wait to enjoy coastal living with you. *PHOTOS OF SIMILAR HOME*",3,2,1,2,1932,,,,,,,,,,,,,,,,,2,3,2,1,1932,2,,,,,,,,,,,,,,"https://media.cheshomes.com/241/2025/12/23/DSC062562.jpg?width=1920&height=1280&fit=bounds&ois=0636d8b,https://media.cheshomes.com/241/2022/6/3/DSC062562.jpg?width=1920&height=1280&fit=bounds&ois=a94a127,https://media.cheshomes.com/241/2022/6/3/DSC062641_qfgv2Ui.jpg?width=1920&height=1280&fit=bounds&ois=f4211da,https://media.cheshomes.com/241/2022/6/3/DSC06259.jpg?width=1920&height=1280&fit=bounds&ois=1ed4453,https://media.cheshomes.com/241/2022/6/3/DSC062691.jpg?width=1920&height=1280&fit=bounds&ois=dc344f4,https://media.cheshomes.com/241/2022/6/3/DSC062911_8SjqzWO.jpg?width=1920&height=1280&fit=bounds&ois=8c0c663,https://media.cheshomes.com/241/2022/6/3/DSC062942.jpg?width=1920&height=1280&fit=bounds&ois=ad24abc,https://media.cheshomes.com/241/2022/6/3/DSC063011_QNbM9h1.jpg?width=1920&height=1280&fit=bounds&ois=7f05420,https://media.cheshomes.com/241/2022/6/3/DSC063041_hkRV7kf.jpg?width=1920&height=1280&fit=bounds&ois=cc38f11,https://media.cheshomes.com/241/2022/6/3/DSC063361_7K6Ljli.jpg?width=1920&height=1280&fit=bounds&ois=1b39a2e,https://media.cheshomes.com/241/2022/6/3/DSC063711_V7ImKk5.jpg?width=1920&height=1345&fit=bounds&ois=4b8b6c5,https://media.cheshomes.com/241/2022/6/3/bridgewater-hibiscus-Upstairs_Loft_copy_GzntdsZ.jpg?width=1920&height=1280&fit=bounds&ois=3bbd2b4,https://media.cheshomes.com/241/2022/6/3/DSC063661_dJgso78.jpg?width=1920&height=1345&fit=bounds&ois=6bb0bb2,https://media.cheshomes.com/241/2022/6/3/DSC063761_u28M8ya.jpg?width=1920&height=1345&fit=bounds&ois=d13ea1c,https://media.cheshomes.com/241/2022/6/3/DSC063911.jpg?width=1920&height=1280&fit=bounds&ois=12026ca,https://media.cheshomes.com/241/2022/6/3/dsc06505_11_xuNSIRr.jpg?width=1920&height=1440&fit=bounds&ois=0dde0e1,https://media.cheshomes.com/241/2022/6/3/dsc06505_21_3uWOx4S.jpg?width=1920&height=1440&fit=bounds&ois=3432912,https://media.cheshomes.com/241/2025/9/4/exterior_image_3.jpg?width=1800&height=1200&fit=bounds&ois=6ec9966"
https://www.cheshomes.com/new-homes/nc/hertford/belmont-at-albemarle/11508/242-quarter-horse-loop/1025297/,Belmont at Albemarle,36.0976,-76.39146387588808,242 Quarter Horse Loop,Hertford,NC,,,,Move-In Ready,Chesapeake Homes,,,2,,,,,,,https://www.cheshomes.com,"Welcome to Belmont at Albemarle, our single family master planned community in

Hertford, NC

! We are bringing our tried and true floor plans to this established community that is chock-full of things to do! Experience an adventure-packed day with a breathtaking start each morning at Belmont! Located on

North Carolina's Inner Banks

, the area offers so many activities in its peaceful scenery. Relax and unwind while

kayaking or sailing

out on tranquil waters, then have some fun playing

pickleball and bocce

before exploring charming

small towns nearby

. Take advantage of easy

access to Virginia’s Tidewater region,

only about an hour away. At this idyllic spot tucked away along NC's coast, your adventures will be endless!

Enjoy a

luxurious and worry-free lifestyle

at the stunning Belmont at Albemarle! Here, life is like being on vacation every day. Gather with family & friends to hang out by

Marina Park’s waterfront

, hop in your boat for an adventure to nearby historic towns, or head over to Norfolk's trendy shops & restaurants - there are endless activities that will keep you entertained year-round. Plus,

join the Yacht Club

, volunteer programs, and art classes as part of this community experience! That's just a part of what makes living here so amazing (hint: it doesn't hurt that

Dockside Café

has awesome brick oven pizzas)! Reach out today to schedule your tour of this beautiful community!",,,"Experience a coastal-inspired lifestyle with the Boardwalk, boasting nearly 2,465 square feet of first-floor living space. Upon entering this ranch floorplan from the large covered front porch, discover a prominent foyer leading to a spacious main living area. The first-floor owner's suite creates your own oasis, with an enormous walk-in closet, tray ceilings, and a deluxe bathroom. The dining area is adorned with a stunning coffered ceiling, the perfect accent to add elegance to the space. The kitchen is perfect for hosting large dinner parties or cooking extravagant meals, a large gourmet island brings additional seating and ample counter space. Enjoy smaller meals with an extended breakfast area looking out onto the view of your backyard. From the great room, breeze through the back door onto a large, covered porch, ideal for enjoying some time outdoors. The upgraded additional second floor adds a spacious loft area and a large storage area that can be used any way your heart desires!Life in this community comes with more than just a beautiful home. It brings a new lifestyle. Spend your days unwinding by the resort-style pool overlooking the water, staying active in the fitness center, or enjoying a friendly game out on the tennis or bocce ball courts. The community center is perfect for gathering with neighbors or hosting your next celebration, and even your four-legged friends can join in on the fun at the dog park. Take advantage of the kayak launch for a peaceful paddle, or, if you’re looking for even more recreation, join the marina or golf club. The Clubhouse and Dockside Restaurant are right in the neighborhood when you don't feel like cooking. Amenities that blend everyday convenience with resort-style comfort make it easy to see why this community will feel like home instantly. Call the Boardwalk in Belmont at Albemarle your dream home today!",3,2,,2,2465,439900,,,,,,,,,,,,,,,,2,3,2,,2465,2,439900,,,,,,,,,,,,,"https://media.cheshomes.com/241/2024/10/22/1_twilight.jpg?width=1756&height=1085&fit=bounds&b=8e5d944&ois=481349d,https://media.cheshomes.com/241/2024/10/22/21_dsc00039.jpg?width=1920&height=1280&fit=bounds&ois=d961cf4,https://media.cheshomes.com/241/2026/3/5/dsc00096.jpg?width=1920&height=1280&fit=bounds&ois=aec32dd,https://media.cheshomes.com/241/2026/3/5/dsc00093.jpg?width=1920&height=1280&fit=bounds&ois=53f1e5c,https://media.cheshomes.com/241/2026/3/5/dsc00084.jpg?width=1920&height=1280&fit=bounds&ois=e4c5d3c,https://media.cheshomes.com/241/2026/3/5/dsc00153.jpg?width=1920&height=1280&fit=bounds&ois=24148f8,https://media.cheshomes.com/241/2026/3/5/dsc00075_4xKMZLJ.jpg?width=1920&height=1280&fit=bounds&ois=319be9c,https://media.cheshomes.com/241/2026/3/5/dsc00111.jpg?width=1920&height=1280&fit=bounds&ois=15a292a,https://media.cheshomes.com/241/2026/3/5/dsc00078.jpg?width=1920&height=1280&fit=bounds&ois=d657069,https://media.cheshomes.com/241/2026/3/5/dsc00081.jpg?width=1920&height=1280&fit=bounds&ois=77e690d,https://media.cheshomes.com/241/2026/3/5/dsc00072.jpg?width=1920&height=1280&fit=bounds&ois=13cb362,https://media.cheshomes.com/241/2026/3/5/dsc00117.jpg?width=1920&height=1280&fit=bounds&ois=34abdc9,https://media.cheshomes.com/241/2026/3/5/dsc00114_iLezUCh.jpg?width=1920&height=1280&fit=bounds&ois=caafb4b,https://media.cheshomes.com/241/2026/3/5/dsc00123.jpg?width=1920&height=1280&fit=bounds&ois=0c71314,https://media.cheshomes.com/241/2026/3/5/dsc00129.jpg?width=1920&height=1280&fit=bounds&ois=0dab543,https://media.cheshomes.com/241/2026/3/5/dsc00138.jpg?width=1920&height=1280&fit=bounds&ois=d361531,https://media.cheshomes.com/241/2026/3/5/dsc00135.jpg?width=1920&height=1280&fit=bounds&ois=ea60b85,https://media.cheshomes.com/241/2026/3/5/dsc00147.jpg?width=1920&height=1280&fit=bounds&ois=a2fb750,https://media.cheshomes.com/241/2026/3/5/dsc00141.jpg?width=1920&height=1280&fit=bounds&ois=5070273,https://media.cheshomes.com/241/2026/3/5/dsc00144.jpg?width=1920&height=1280&fit=bounds&ois=7de6cc0,https://media.cheshomes.com/241/2026/3/5/dsc00006.jpg?width=1920&height=1280&fit=bounds&ois=4955116,https://media.cheshomes.com/241/2026/3/5/dsc00054_copy.jpg?width=1920&height=1280&fit=bounds&ois=f1f81bd,https://media.cheshomes.com/241/2026/3/5/dsc00060_copy.jpg?width=1920&height=1280&fit=bounds&ois=9a827a1,https://media.cheshomes.com/241/2026/3/5/dsc00063.jpg?width=1920&height=1280&fit=bounds&ois=83d8b41,https://media.cheshomes.com/241/2026/3/5/dsc00066.jpg?width=1920&height=1280&fit=bounds&ois=c37c016,https://media.cheshomes.com/241/2026/3/5/dsc00099.jpg?width=1920&height=1280&fit=bounds&ois=3663673,https://media.cheshomes.com/241/2026/3/5/dsc00102.jpg?width=1920&height=1280&fit=bounds&ois=093c42e,https://media.cheshomes.com/241/2026/3/5/dsc00105_copy.jpg?width=1920&height=1280&fit=bounds&ois=07f8790,https://media.cheshomes.com/241/2026/3/5/dsc00021.jpg?width=1920&height=1280&fit=bounds&ois=3aaa673,https://media.cheshomes.com/241/2026/3/5/dsc00018.jpg?width=1920&height=1280&fit=bounds&ois=1ce3124,https://media.cheshomes.com/241/2026/3/5/dsc00024.jpg?width=1920&height=1280&fit=bounds&ois=b30dcc2,https://media.cheshomes.com/241/2026/3/5/dsc00012.jpg?width=1920&height=1280&fit=bounds&ois=49c6c65,https://media.cheshomes.com/241/2026/3/5/AP__office.jpg?width=1920&height=1280&fit=bounds&ois=0845ffd,https://media.cheshomes.com/241/2024/10/22/44_dsc00108.jpg?width=1920&height=1280&fit=bounds&ois=582eaa9,https://media.cheshomes.com/241/2025/8/19/VS_AP_121_9.JPG?width=1920&height=1280&fit=bounds&ois=8dff0bb,https://media.cheshomes.com/241/2025/8/19/VS_AP_121_10.jpg?width=1920&height=1280&fit=bounds&ois=f247028,https://media.cheshomes.com/241/2026/3/5/dsc00042.jpg?width=1920&height=1280&fit=bounds&ois=89c9101,https://media.cheshomes.com/241/2026/3/5/dsc00045.jpg?width=1920&height=1280&fit=bounds&ois=721239e,https://media.cheshomes.com/241/2026/3/5/dsc00048.jpg?width=1920&height=1280&fit=bounds&ois=0b76af5,https://media.cheshomes.com/241/2026/3/5/dsc00051.jpg?width=1920&height=1280&fit=bounds&ois=db6bd06,https://media.cheshomes.com/241/2024/10/22/17_dsc00027.jpg?width=1920&height=1280&fit=bounds&ois=871b5e4,https://media.cheshomes.com/241/2024/10/22/14_dsc00018.jpg?width=1920&height=1280&fit=bounds&ois=246f3be,https://media.cheshomes.com/241/2024/10/22/8_dji_20241019113725_0014_d.jpg?width=1920&height=1079&fit=bounds&ois=c7b3838,https://media.cheshomes.com/241/2025/10/9/Albemarle_Community_5HVGcP2.jpg?width=1920&height=1280&fit=bounds&ois=ba46c19,https://media.cheshomes.com/241/2025/10/9/AP_Dining_UKpQjIt.jpeg?width=1796&height=1440&fit=bounds&ois=30e368b,https://media.cheshomes.com/241/2025/10/9/Albemarle_Tennis_V3yeYRX.jpg?width=1920&height=1357&fit=bounds&ois=a57196e,https://media.cheshomes.com/241/2025/10/9/Albemarle_Dog_Park_UDv5Tox.jpg?width=1920&height=1280&fit=bounds&ois=96cc15a,https://media.cheshomes.com/241/2025/10/9/AP_BOcce_EHWJyL1.jpeg?width=1920&height=1280&fit=bounds&ois=a3e82df,https://media.cheshomes.com/241/2025/10/9/AP_people_dqluuOG.jpeg?width=1920&height=1358&fit=bounds&ois=e925db4,https://media.cheshomes.com/241/2025/10/9/Albemarle_Kayak_KCzAlrn.jpg?width=1920&height=1280&fit=bounds&ois=c6bce0c,https://media.cheshomes.com/241/2025/10/9/Albemarle_6-2022_TeeOff_CoveredBridge-2_SaKKLcb.jpg?width=1920&height=1359&fit=bounds&ois=92bedc1,https://media.cheshomes.com/241/2025/10/9/Albemarle_Pool_1_vwZ9qfA.jpg?width=1920&height=1280&fit=bounds&ois=801db3e,https://media.cheshomes.com/241/2025/10/9/Albemarle_6-2022_HomesScenics1106_FQ8tOEL.jpg?width=1920&height=1256&fit=bounds&ois=5cc2efb"
https://www.cheshomes.com/new-homes/sc/myrtle-beach/traditions-at-carolina-forest/8444/258-broughton-drive/1711546/,Traditions at Carolina Forest,33.7456347,-78.8806357,258 Broughton Drive,Myrtle Beach,SC,,,Horry County,Quick Move-In,Chesapeake Homes,,,2,,,,,,,https://www.cheshomes.com,"Welcome to Traditions at Carolina Forest

Traditions at Carolina Forest is a single-family home community located in the heart of Myrtle Beach, SC, within the highly sought-after Carolina Forest area. Designed for comfort, connection, and everyday convenience, this community offers a welcoming place to call home—no matter where you are in your homebuying journey.

Blending modern living with classic Southern charm, Traditions provides easy access to everything that makes coastal life so appealing. Residents are just minutes from Myrtle Beach’s beautiful beaches, championship golf courses, popular shopping destinations, local restaurants, and weekend festivals and entertainment. With excellent schools and top-rated medical centers nearby, Traditions at Carolina Forest is ideal for living, working, and enjoying life at every stage.

Community Amenities Designed for Every Lifestyle

Traditions at Carolina Forest offers a mix of amenities that support both active living and laid-back relaxation. Whether you're ready to settle in now or planning for the future, the community provides space to connect, recharge, and enjoy life.

Residents can gather at the beautifully designed clubhouse, featuring stylish indoor spaces perfect for social events, celebrations, or casual get-togethers. The attached fitness center includes modern cardio and strength-training equipment, making it easy to stay active without leaving the neighborhood.

On warm Carolina days, the sparkling community pool offers a refreshing escape with comfortable loungers and shaded areas for relaxing poolside. Families will appreciate the community playground, a safe and engaging space where children can play, explore, and make new friends close to home.

Pet owners will love the dedicated dog park, complete with open space and separate areas for small and large dogs, creating a welcoming environment for both pets and their people. Pickleball courts add another layer of fun and connection, offering opportunities for friendly competition, fitness, and social interaction for all skill levels.

A Connected Community in Carolina Forest

With its central location, everyday amenities, and flexible home options, Traditions at Carolina Forest offers a community designed to fit every stage of life. Whether you’re building, buying, or simply exploring what’s next, Traditions provides the space, comfort, and lifestyle you’ve been looking for.",,,"Welcome to the Waverunner plan, offering 2,666 square feet of versatile living space for busy families and weekend loungers alike. This home features four bedrooms and a spacious open-concept kitchen and great room, complete with a kitchen island and breakfast nook. Step outside onto the patio to savor your morning coffee in style. Upstairs, discover a vast loft area perfect for a media room, playroom, or workout space. The luxurious Owner's Suite boasts tray ceilings, an L-shaped walk-in closet, and a double sink vanity. Living in the Waverunner means coming home to pure relaxation every Friday night.*PHOTOS OF SIMILAR HOME*",4,3,,2,2666,514900,,,,,,,,,,,,,,,,2,4,3,,2666,2,514900,,,,,,,,,,,,,"https://media.cheshomes.com/241/2025/9/18/A92A1028.jpg?width=1920&height=1109&fit=bounds&ois=f9057a2,https://media.cheshomes.com/241/2025/9/18/A92A1038.jpg?width=1920&height=1109&fit=bounds&ois=39a88c6,https://media.cheshomes.com/241/2025/9/18/A92A1032.jpg?width=1920&height=1109&fit=bounds&ois=bb8d7e2,https://media.cheshomes.com/241/2025/9/18/A92A1048.jpg?width=1920&height=1109&fit=bounds&ois=b078fd8,https://media.cheshomes.com/241/2025/9/18/A92A1174.jpg?width=1920&height=1109&fit=bounds&ois=b8cb33e,https://media.cheshomes.com/241/2025/9/18/A92A1189.jpg?width=1920&height=1109&fit=bounds&ois=1fe1cb1,https://media.cheshomes.com/241/2025/9/18/A92A1179.jpg?width=1920&height=1109&fit=bounds&ois=f15346c,https://media.cheshomes.com/241/2025/9/18/A92A1068.jpg?width=1920&height=1109&fit=bounds&ois=10f05d7,https://media.cheshomes.com/241/2025/9/18/A92A1007.jpg?width=1920&height=1109&fit=bounds&ois=78ae4d9,https://media.cheshomes.com/241/2025/9/18/A92A1018.jpg?width=1920&height=1109&fit=bounds&ois=291c6fd,https://media.cheshomes.com/241/2025/9/18/A92A1002.jpg?width=1920&height=1109&fit=bounds&ois=056af2e,https://media.cheshomes.com/241/2025/9/18/A92A0990.jpg?width=1920&height=1109&fit=bounds&ois=4ddd013,https://media.cheshomes.com/241/2025/9/18/A92A1144.jpg?width=1920&height=1109&fit=bounds&ois=fd92482,https://media.cheshomes.com/241/2025/9/18/A92A1149.jpg?width=1920&height=1109&fit=bounds&ois=1731ac7,https://media.cheshomes.com/241/2025/9/18/A92A1160.jpg?width=1920&height=1109&fit=bounds&ois=5d401ce,https://media.cheshomes.com/241/2025/9/18/A92A1232.jpg?width=1920&height=1109&fit=bounds&ois=99f4539,https://media.cheshomes.com/241/2025/9/18/A92A1237.jpg?width=1920&height=1109&fit=bounds&ois=f0c6d6e,https://media.cheshomes.com/241/2025/9/18/A92A1247.jpg?width=1920&height=1109&fit=bounds&ois=0b7835f,https://media.cheshomes.com/241/2025/9/18/A92A1257.jpg?width=1920&height=1109&fit=bounds&ois=cfb1e84,https://media.cheshomes.com/241/2025/8/15/Lot_77.jpg?width=1800&height=1200&fit=bounds&ois=2564c94"
https://www.cheshomes.com/new-homes/sc/myrtle-beach/traditions-at-carolina-forest/8444/262-broughton-drive/1711522/,Traditions at Carolina Forest,33.7456309,-78.8808982,262 Broughton Drive,Myrtle Beach,SC,,,Horry County,Move-In Ready,Chesapeake Homes,,,2,,,,,,,https://www.cheshomes.com,"Welcome to Traditions at Carolina Forest

Traditions at Carolina Forest is a single-family home community located in the heart of Myrtle Beach, SC, within the highly sought-after Carolina Forest area. Designed for comfort, connection, and everyday convenience, this community offers a welcoming place to call home—no matter where you are in your homebuying journey.

Blending modern living with classic Southern charm, Traditions provides easy access to everything that makes coastal life so appealing. Residents are just minutes from Myrtle Beach’s beautiful beaches, championship golf courses, popular shopping destinations, local restaurants, and weekend festivals and entertainment. With excellent schools and top-rated medical centers nearby, Traditions at Carolina Forest is ideal for living, working, and enjoying life at every stage.

Community Amenities Designed for Every Lifestyle

Traditions at Carolina Forest offers a mix of amenities that support both active living and laid-back relaxation. Whether you're ready to settle in now or planning for the future, the community provides space to connect, recharge, and enjoy life.

Residents can gather at the beautifully designed clubhouse, featuring stylish indoor spaces perfect for social events, celebrations, or casual get-togethers. The attached fitness center includes modern cardio and strength-training equipment, making it easy to stay active without leaving the neighborhood.

On warm Carolina days, the sparkling community pool offers a refreshing escape with comfortable loungers and shaded areas for relaxing poolside. Families will appreciate the community playground, a safe and engaging space where children can play, explore, and make new friends close to home.

Pet owners will love the dedicated dog park, complete with open space and separate areas for small and large dogs, creating a welcoming environment for both pets and their people. Pickleball courts add another layer of fun and connection, offering opportunities for friendly competition, fitness, and social interaction for all skill levels.

A Connected Community in Carolina Forest

With its central location, everyday amenities, and flexible home options, Traditions at Carolina Forest offers a community designed to fit every stage of life. Whether you’re building, buying, or simply exploring what’s next, Traditions provides the space, comfort, and lifestyle you’ve been looking for.",,,"Discover the divine Longboard, a stunning one-story home with 2,030 square feet of luxury living space. Boasting three bedrooms, two bathrooms, and an array of lavish features, this home invites you to step inside through the covered front porch, covered rear porch, or two-car garage. Marvel at the spacious floor plan as you seamlessly move through the airy kitchen, dining, and great room area - perfect for hosting family and friends.Explore two large bedrooms with walk-in closets, a full bathroom, a spacious laundry room, and a breathtaking owner's suite beyond the great room. Indulge in the serenity of the extra large bedroom, walk-in closet, and deluxe owner's bathroom with a deep soaking tub. Schedule your appointment today!",3,2,,1,2030,519900,,,,,,,,,,,,,,,,2,3,2,,2030,1,519900,,,,,,,,,,,,,"https://media.cheshomes.com/241/2026/2/2/A7300189.jpg?width=1920&height=1280&fit=bounds&ois=a3adb8e,https://media.cheshomes.com/241/2026/2/2/A7300195.jpg?width=1920&height=1280&fit=bounds&ois=c7c7f9f,https://media.cheshomes.com/241/2026/2/2/A7300186.jpg?width=1920&height=1280&fit=bounds&ois=39b047e,https://media.cheshomes.com/241/2026/2/2/A7300201.jpg?width=1920&height=1280&fit=bounds&ois=668debb,https://media.cheshomes.com/241/2026/2/2/A7300192.jpg?width=1920&height=1280&fit=bounds&ois=11d2775,https://media.cheshomes.com/241/2026/2/2/A7300210.jpg?width=1920&height=1280&fit=bounds&ois=ad6d1e4,https://media.cheshomes.com/241/2026/2/2/A7300207.jpg?width=1920&height=1280&fit=bounds&ois=1f8858f,https://media.cheshomes.com/241/2026/2/2/A7300216.jpg?width=1920&height=1280&fit=bounds&ois=80d6457,https://media.cheshomes.com/241/2026/2/2/A7300213.jpg?width=1920&height=1280&fit=bounds&ois=bac4378,https://media.cheshomes.com/241/2026/2/2/A7300177.jpg?width=1920&height=1280&fit=bounds&ois=15fb15f,https://media.cheshomes.com/241/2026/2/2/A7300180.jpg?width=1920&height=1280&fit=bounds&ois=dad2d9c,https://media.cheshomes.com/241/2026/2/2/A7300183.jpg?width=1920&height=1280&fit=bounds&ois=0d36db6,https://media.cheshomes.com/241/2026/2/2/A7300168.jpg?width=1920&height=1280&fit=bounds&ois=591406b,https://media.cheshomes.com/241/2026/2/2/A7300162.jpg?width=1920&height=1280&fit=bounds&ois=3f99eb9,https://media.cheshomes.com/241/2026/2/2/A7300165.jpg?width=1920&height=1280&fit=bounds&ois=541c14c,https://media.cheshomes.com/241/2026/2/2/A7300171.jpg?width=1920&height=1280&fit=bounds&ois=46c2adc,https://media.cheshomes.com/241/2026/2/2/A7300174.jpg?width=1920&height=1280&fit=bounds&ois=1b60d38,https://media.cheshomes.com/241/2026/2/2/A7300159.jpg?width=1920&height=1280&fit=bounds&ois=45ede40,https://media.cheshomes.com/241/2026/2/2/A7300156.jpg?width=1920&height=1327&fit=bounds&ois=ccff5a1,https://media.cheshomes.com/241/2026/2/2/A7300153.jpg?width=1920&height=1181&fit=bounds&ois=0f41436,https://media.cheshomes.com/241/2026/2/2/A7300150.jpg?width=1920&height=1108&fit=bounds&ois=013f2e7,https://media.cheshomes.com/241/2026/2/2/A7300204.jpg?width=1920&height=1072&fit=bounds&ois=0d0c119,https://media.cheshomes.com/241/2026/2/2/DJI_0810_YiMSIE9.jpg?width=1920&height=1280&fit=bounds&ois=46ca216,https://media.cheshomes.com/241/2026/2/2/A7300150.jpg?width=1920&height=1108&fit=bounds&ois=013f2e7"
https://www.cheshomes.com/new-homes/nc/angier/neills-pointe/11915/27-baird-cove-lane/1716641/,Neill's Pointe,35.5096,-78.7644,27 Baird Cove Lane,Angier,NC,,,,,Chesapeake Homes,,,2,,,,,,,https://www.cheshomes.com,"Discover a different pace of living at

Neill's Pointe

, a community of

new single-family homes in Angier, NC

, where comfort, space, and natural beauty come together. Crafted by Chesapeake Homes, each home is designed with

modern features

and

intentional layouts

that complement the surrounding landscape while supporting the way you live every day. With eight available floor plans starting from

1,900+ square feet

, Neill's Pointe offers the flexibility to find a home that fits your lifestyle. Enjoy the ease of

small-town living

with the

convenience

of homes near Raleigh, NC, just 23 miles from

Downtown Raleigh

.

Surrounded by

local charm

, life in Angier, NC, invites you to get out and explore. Pick fresh berries at

Dr. Young's Pond Berry Farm

, unwind with a tasting at

Gregory Vineyard

, or enjoy the outdoors at Jack Markley Park. Seasonal events like the Crepe Myrtle Festival bring

energy to the area

, while Downtown Angier offers a welcoming atmosphere filled with local character and Southern hospitality.

Find your place at Neill's Pointe, where new homes in Angier, NC, offer the perfect balance of

comfort, convenience, and connection to nature

. Explore available homesites, choose your floorplan, and start your next chapter just minutes from Raleigh.",,,"These 2,667 square feet of space are for any family on the go during the week and for those who love to lounge on the weekends. The Concerto plan offers a spacious lifestyle with the option of four to five bedrooms. The open-concept kitchen and great room create an extensive floor plan broken up with a kitchen island and breakfast nook. Plus, with patio access connected, who says you can’t enjoy your morning coffee outside? Once you head upstairs, you will find a vast loft area. It’s the perfect spot for that media room, playroom, or workout spot you have been looking for. After a long day, you will feel like you are living a life of luxury once you step into the Owner’s Suite. With an upscaled L-shaped walk-in closet, and a double sink vanity, your daily routines will no longer become a hassle. On top of all of that, two generously sized bedrooms and a full bath are located on this floor. The Concerto is for anyone who wants to live in a home that makes you say “Ahhhhhhhh” on a Friday night in.",4,3,,2,2667,374900,,,,,,,,,,,,,,,,2,4,3,,2667,2,374900,,,,,,,,,,,,,"https://media.cheshomes.com/241/2026/2/3/165_Exterior_4INBHUO.jpg?width=1920&height=1080&fit=bounds&ois=5a2c3fe,https://media.cheshomes.com/241/2026/2/3/8-web-or-mls-DJI_20260128125339_0729_D.jpg?width=1920&height=1080&fit=bounds&ois=948b615,https://media.cheshomes.com/241/2026/2/3/7-web-or-mls-DJI_20260128125315_0728_D.jpg?width=1920&height=1080&fit=bounds&ois=219982e,https://media.cheshomes.com/241/2026/2/3/43-web-or-mls-VB4A6087_JbTu7qr.jpg?width=1920&height=1279&fit=bounds&ois=b7403c4,https://media.cheshomes.com/241/2026/2/3/42-print-VB4A6084.jpg?width=1920&height=1280&fit=bounds&ois=798d5b5,https://media.cheshomes.com/241/2026/2/3/41-web-or-mls-VB4A6078.jpg?width=1920&height=1279&fit=bounds&ois=0c65f03,https://media.cheshomes.com/241/2026/2/3/44-web-or-mls-VB4A6090.jpg?width=1920&height=1279&fit=bounds&ois=2a59d98,https://media.cheshomes.com/241/2026/2/3/45-print-VB4A6093.jpg?width=1920&height=1280&fit=bounds&ois=53f536d,https://media.cheshomes.com/241/2026/2/3/20-print-VB4A5967.jpg?width=800&height=533&fit=bounds&ois=722ffe8,https://media.cheshomes.com/241/2026/2/3/38-web-or-mls-VB4A6069.jpg?width=1920&height=1279&fit=bounds&ois=0a5b663,https://media.cheshomes.com/241/2026/2/3/39-web-or-mls-VB4A6072.jpg?width=1920&height=1279&fit=bounds&ois=02cfdd4,https://media.cheshomes.com/241/2026/2/3/40-web-or-mls-VB4A6075_KUD8JF3.jpg?width=1920&height=1279&fit=bounds&ois=8b655cf,https://media.cheshomes.com/241/2026/2/3/28-web-or-mls-VB4A6018.jpg?width=1920&height=1279&fit=bounds&ois=3bade7d,https://media.cheshomes.com/241/2026/2/3/29-web-or-mls-VB4A6021.jpg?width=1920&height=1279&fit=bounds&ois=c006137,https://media.cheshomes.com/241/2026/2/3/30-web-or-mls-VB4A6036_QgWSRe7.jpg?width=1920&height=1279&fit=bounds&ois=9d462e1,https://media.cheshomes.com/241/2026/2/3/31-web-or-mls-VB4A6039.jpg?width=1920&height=1279&fit=bounds&ois=8e8db8b,https://media.cheshomes.com/241/2026/2/3/32-web-or-mls-VB4A6045.jpg?width=1920&height=1279&fit=bounds&ois=c1d8321,https://media.cheshomes.com/241/2026/2/3/18-web-or-mls-VB4A5946.jpg?width=1920&height=1279&fit=bounds&ois=133f39c,https://media.cheshomes.com/241/2026/2/3/17-web-or-mls-VB4A5943.jpg?width=1920&height=1279&fit=bounds&ois=284bd12,https://media.cheshomes.com/241/2026/2/3/19-web-or-mls-VB4A5964.jpg?width=1920&height=1279&fit=bounds&ois=1a1ce01,https://media.cheshomes.com/241/2026/2/3/22-web-or-mls-VB4A5979.jpg?width=1920&height=1279&fit=bounds&ois=31b6d29,https://media.cheshomes.com/241/2026/2/3/23-web-or-mls-VB4A5982.jpg?width=1920&height=1279&fit=bounds&ois=157a910,https://media.cheshomes.com/241/2026/2/3/21-web-or-mls-VB4A5976.jpg?width=1920&height=1279&fit=bounds&ois=c8bf9a9,https://media.cheshomes.com/241/2026/2/3/24-web-or-mls-VB4A5997.jpg?width=1920&height=1279&fit=bounds&ois=a8748c2,https://media.cheshomes.com/241/2026/2/3/25-web-or-mls-VB4A6000.jpg?width=1920&height=1279&fit=bounds&ois=fc69d84,https://media.cheshomes.com/241/2026/2/3/26-web-or-mls-VB4A6003.jpg?width=1920&height=1279&fit=bounds&ois=ee9ea2a,https://media.cheshomes.com/241/2026/2/3/33-web-or-mls-VB4A6048.jpg?width=1920&height=1279&fit=bounds&ois=31f4f5f,https://media.cheshomes.com/241/2026/2/3/34-web-or-mls-VB4A6051.jpg?width=1920&height=1279&fit=bounds&ois=884195d,https://media.cheshomes.com/241/2026/2/3/35-web-or-mls-VB4A6054.jpg?width=1920&height=1279&fit=bounds&ois=1d00d19,https://media.cheshomes.com/241/2026/2/3/36-web-or-mls-VB4A6060.jpg?width=1920&height=1279&fit=bounds&ois=2a6cbd7,https://media.cheshomes.com/241/2026/2/3/37-web-or-mls-VB4A6066.jpg?width=1920&height=1279&fit=bounds&ois=ee02525,https://media.cheshomes.com/241/2026/2/3/27-web-or-mls-VB4A6006.jpg?width=1920&height=1279&fit=bounds&ois=44fdfcc,https://media.cheshomes.com/241/2026/2/3/15-web-or-mls-DJI_20260128125721_0738_D.jpg?width=1920&height=1080&fit=bounds&ois=f665981,https://media.cheshomes.com/241/2026/2/3/14-web-or-mls-DJI_20260128125704_0737_D.jpg?width=1920&height=1080&fit=bounds&ois=6f48d47,https://media.cheshomes.com/241/2026/2/3/13-web-or-mls-DJI_20260128125626_0736_D.jpg?width=1920&height=1080&fit=bounds&ois=1ec9c97,https://media.cheshomes.com/241/2026/2/3/2-web-or-mls-DJI_20260128125022_0718_D.jpg?width=1920&height=1080&fit=bounds&ois=22b099e"
https://www.cheshomes.com/new-homes/nc/calabash/coastal-club-of-the-carolinas/14279/3022-pine-warbler-pl-nw/1732928/,Coastal Club of the Carolinas,,,3022 Pine Warbler Pl NW,Calabash,NC,,,,,Chesapeake Homes,,,2,,,,,,,https://www.cheshomes.com,"Welcome to

Coastal Club of the Carolinas

Where laid-back living meets everyday adventure at

Coastal Club of the Carolinas in Calabash, NC

. Just minutes from the soft sands of

Cherry Grove Beach

and

Sunset Beach

, this vibrant coastal community was designed for those who want more out of life — more sunshine, more connection, more fun. Enjoy the

resort-style pool

, playing a friendly match of

pickleball

, or gathering with neighbors around the

firepits

, you’ll feel right at home. Kids and pups can run free at the

playgrounds

dog park

, while

green spaces,

a

community garden

, and a

central park area

set the scene for picnics, evening strolls, or even outdoor concerts under the stars.

Beyond your doorstep, you’ll find endless options for shopping, dining, and entertainment — all just a quick drive away. And with Chesapeake Homes offering a variety of stylish, functional floorplans built to fit your lifestyle, it’s easy to settle into a home that feels just right.

At Coastal Club, it’s not just a place to live —

it’s a coastal lifestyle you’ll love.",,,"The Jasmine is thoughtfully scaled and avoids the bigger is a better approach. With 1,607 square feet of living space, you and your guests can enjoy luxury in an efficient space. With architectural details like tray ceilings in both the great room and owner’s suite, along with plenty of windows to keep your space light and airy, you’ll delight in choosing the finishing details in the home. The Jasmine offers ample storage space and closets throughout the home, along with additional cabinetry, keeping your living spaces free from clutter. Take a tour today!*PHOTOS OF SIMILAR HOME*",2,2,,1,1607,,,,,,,,,,,,,,,,,2,2,2,,1607,1,,,,,,,,,,,,,,"https://media.cheshomes.com/241/2025/12/23/DSC03902.jpg?width=1920&height=1280&fit=bounds&ois=2b3d758,https://media.cheshomes.com/241/2025/12/23/DSC03906.jpg?width=1920&height=1280&fit=bounds&ois=32f4fd8,https://media.cheshomes.com/241/2025/12/23/DSC03936.jpg?width=1920&height=1280&fit=bounds&ois=8302aba,https://media.cheshomes.com/241/2025/12/23/DSC03931.jpg?width=1920&height=1280&fit=bounds&ois=f7751f1,https://media.cheshomes.com/241/2025/12/23/DSC03951.jpg?width=1920&height=1280&fit=bounds&ois=d3912aa,https://media.cheshomes.com/241/2025/12/23/DSC03956.jpg?width=1920&height=1280&fit=bounds&ois=38a5d24,https://media.cheshomes.com/241/2025/12/23/DSC03966.jpg?width=1920&height=1280&fit=bounds&ois=f0781d4,https://media.cheshomes.com/241/2025/12/23/DSC03948.jpg?width=1920&height=1280&fit=bounds&ois=09400d3,https://media.cheshomes.com/241/2025/12/23/DSC03961.jpg?width=1920&height=1280&fit=bounds&ois=a587747,https://media.cheshomes.com/241/2025/12/23/DSC03976.jpg?width=1920&height=1280&fit=bounds&ois=ba23b99,https://media.cheshomes.com/241/2025/12/23/DSC03975.jpg?width=1920&height=1250&fit=bounds&ois=d5d08f8,https://media.cheshomes.com/241/2025/12/23/DSC03986.jpg?width=1920&height=1280&fit=bounds&ois=b8af202,https://media.cheshomes.com/241/2025/12/23/DSC03981.jpg?width=1920&height=1280&fit=bounds&ois=3b72382,https://media.cheshomes.com/241/2025/12/23/DSC03991.jpg?width=1920&height=1280&fit=bounds&ois=38fbf2f,https://media.cheshomes.com/241/2025/12/23/DSC03891.jpg?width=1920&height=1280&fit=bounds&ois=9e583a0,https://media.cheshomes.com/241/2025/12/23/DSC03896.jpg?width=1920&height=1280&fit=bounds&ois=09ce0f7,https://media.cheshomes.com/241/2025/12/23/DSC03996.jpg?width=1920&height=1280&fit=bounds&ois=6cfd5d8,https://media.cheshomes.com/241/2025/12/23/DSC03861.jpg?width=1920&height=1280&fit=bounds&ois=138353f,https://media.cheshomes.com/241/2025/12/23/DSC03866.jpg?width=1920&height=1280&fit=bounds&ois=03b3859,https://media.cheshomes.com/241/2025/12/23/DSC03881.jpg?width=1920&height=1280&fit=bounds&ois=fa659dd"
https://www.cheshomes.com/new-homes/nc/calabash/coastal-club-of-the-carolinas/14279/3143-river-crane-loop/1719726/,Coastal Club of the Carolinas,,,3143 River Crane Loop,Calabash,NC,,,,,Chesapeake Homes,,,2,,,,,,,https://www.cheshomes.com,"Welcome to

Coastal Club of the Carolinas

Where laid-back living meets everyday adventure at

Coastal Club of the Carolinas in Calabash, NC

. Just minutes from the soft sands of

Cherry Grove Beach

and

Sunset Beach

, this vibrant coastal community was designed for those who want more out of life — more sunshine, more connection, more fun. Enjoy the

resort-style pool

, playing a friendly match of

pickleball

, or gathering with neighbors around the

firepits

, you’ll feel right at home. Kids and pups can run free at the

playgrounds

dog park

, while

green spaces,

a

community garden

, and a

central park area

set the scene for picnics, evening strolls, or even outdoor concerts under the stars.

Beyond your doorstep, you’ll find endless options for shopping, dining, and entertainment — all just a quick drive away. And with Chesapeake Homes offering a variety of stylish, functional floorplans built to fit your lifestyle, it’s easy to settle into a home that feels just right.

At Coastal Club, it’s not just a place to live —

it’s a coastal lifestyle you’ll love.",,,"The Sunflower model is as bright and cheery as its name at just over 1,500 square feet. This adorable floor plan is the perfect combination of comfort and efficiency. Enter through the covered porch into the great room with an open kitchen and family room. Behind the kitchen is a spacious pantry leading into a hallway with a convenient laundry room and an entrance to the two-car garage. You will also find two bedrooms and a full bathroom, offering the perfect separation from the Owner's Suite. View the beautiful Coastal Club sunsets on the rear covered porch just off the family room. The Owner's Suite offers a private oasis complete with a generous Owner's Bath and a large walk-in closet. Make The Sunflower your picture-perfect home and live your best life at Coastal Club of the Carolinas.*PHOTOS OF SIMILAR HOME*",3,2,,1,1510,344900,,,,,,,,,,,,,,,,2,3,2,,1510,1,344900,,,,,,,,,,,,,https://media.cheshomes.com/241/2025/10/14/exterior_image_12.jpg?width=1800&height=1200&fit=bounds&ois=034c82d
https://www.cheshomes.com/new-homes/nc/calabash/coastal-club-of-the-carolinas/14279/3147-river-crane-loop/1720067/,Coastal Club of the Carolinas,,,3147 River Crane Loop,Calabash,NC,,,,Move-In Ready,Chesapeake Homes,,,2,,,,,,,https://www.cheshomes.com,"Welcome to

Coastal Club of the Carolinas

Where laid-back living meets everyday adventure at

Coastal Club of the Carolinas in Calabash, NC

. Just minutes from the soft sands of

Cherry Grove Beach

and

Sunset Beach

, this vibrant coastal community was designed for those who want more out of life — more sunshine, more connection, more fun. Enjoy the

resort-style pool

, playing a friendly match of

pickleball

, or gathering with neighbors around the

firepits

, you’ll feel right at home. Kids and pups can run free at the

playgrounds

dog park

, while

green spaces,

a

community garden

, and a

central park area

set the scene for picnics, evening strolls, or even outdoor concerts under the stars.

Beyond your doorstep, you’ll find endless options for shopping, dining, and entertainment — all just a quick drive away. And with Chesapeake Homes offering a variety of stylish, functional floorplans built to fit your lifestyle, it’s easy to settle into a home that feels just right.

At Coastal Club, it’s not just a place to live —

it’s a coastal lifestyle you’ll love.",,,"With 1,944 square feet of living space, the Hibiscus is one of the largest of the Villas holds beauty and utility in high regard. Upon entering the home, you’ll be greeted by the double-height foyer which leads you to the wide-open downstairs living space. The open concept layout and large, 7’ kitchen island lends itself to always being the home’s gathering place. When you’re ready to get outside, enjoy the ocean air while relaxing on your rear-covered porch. Upstairs, you will find two bedrooms, a full bathroom, and an open loft. The Hibiscus is perfect for your family or a revolving door of visitors who can’t wait to enjoy coastal living with you.",3,2,1,2,1782,374900,,,,,,,,,,,,,,,,2,3,2,1,1782,2,374900,,,,,,,,,,,,,"https://media.cheshomes.com/241/2026/3/16/DSC03059.jpg?width=1920&height=1280&fit=bounds&ois=1e85957,https://media.cheshomes.com/241/2026/3/16/DSC03056.jpg?width=1920&height=1280&fit=bounds&ois=28796fb,https://media.cheshomes.com/241/2026/4/22/DSC03065.jpg?width=1920&height=1280&fit=bounds&ois=9a48a91,https://media.cheshomes.com/241/2026/3/16/DSC03071.jpg?width=1920&height=1280&fit=bounds&ois=b8bb9cb,https://media.cheshomes.com/241/2026/3/16/DSC03074.jpg?width=1920&height=1280&fit=bounds&ois=5b2bdb4,https://media.cheshomes.com/241/2026/3/16/DSC03077.jpg?width=1920&height=1280&fit=bounds&ois=623f6f4,https://media.cheshomes.com/241/2026/3/16/DSC03053.jpg?width=1920&height=1280&fit=bounds&ois=c7661fa,https://media.cheshomes.com/241/2026/3/16/DSC03062.jpg?width=1920&height=1280&fit=bounds&ois=e7c02c2,https://media.cheshomes.com/241/2026/3/16/DSC03050.jpg?width=1920&height=1280&fit=bounds&ois=c8a6807,https://media.cheshomes.com/241/2026/3/16/DSC03083.jpg?width=1920&height=1280&fit=bounds&ois=1379545,https://media.cheshomes.com/241/2026/3/16/DSC03089.jpg?width=1920&height=1280&fit=bounds&ois=016b46e,https://media.cheshomes.com/241/2026/3/16/DSC03101.jpg?width=1920&height=1280&fit=bounds&ois=b449282,https://media.cheshomes.com/241/2026/3/16/DSC03086.jpg?width=1920&height=1280&fit=bounds&ois=12ea3e1,https://media.cheshomes.com/241/2026/3/16/DSC03095.jpg?width=1920&height=1280&fit=bounds&ois=34fbdea,https://media.cheshomes.com/241/2026/3/16/DSC03098.jpg?width=1920&height=1280&fit=bounds&ois=c6bcce7,https://media.cheshomes.com/241/2026/3/16/DSC03092.jpg?width=1920&height=1280&fit=bounds&ois=dd6b656,https://media.cheshomes.com/241/2026/3/16/DSC03080.jpg?width=1920&height=1239&fit=bounds&ois=676e56a,https://media.cheshomes.com/241/2026/3/16/DSC03047.jpg?width=1920&height=1409&fit=bounds&ois=d4b5634,https://media.cheshomes.com/241/2026/3/16/DSC03044.jpg?width=1920&height=1244&fit=bounds&ois=41dc9e1,https://media.cheshomes.com/241/2026/3/16/zDJI_0207.jpg?width=1920&height=1440&fit=bounds&ois=b6451aa,https://media.cheshomes.com/241/2026/3/16/DJI_0209_1vi0AkH.jpg?width=1920&height=1440&fit=bounds&ois=dba7850"
https://www.cheshomes.com/new-homes/nc/calabash/coastal-club-of-the-carolinas/14279/3151-river-crane-loop/1720065/,Coastal Club of the Carolinas,,,3151 River Crane Loop,Calabash,NC,,,,Move-In Ready,Chesapeake Homes,,,2,,,,,,,https://www.cheshomes.com,"Welcome to

Coastal Club of the Carolinas

Where laid-back living meets everyday adventure at

Coastal Club of the Carolinas in Calabash, NC

. Just minutes from the soft sands of

Cherry Grove Beach

and

Sunset Beach

, this vibrant coastal community was designed for those who want more out of life — more sunshine, more connection, more fun. Enjoy the

resort-style pool

, playing a friendly match of

pickleball

, or gathering with neighbors around the

firepits

, you’ll feel right at home. Kids and pups can run free at the

playgrounds

dog park

, while

green spaces,

a

community garden

, and a

central park area

set the scene for picnics, evening strolls, or even outdoor concerts under the stars.

Beyond your doorstep, you’ll find endless options for shopping, dining, and entertainment — all just a quick drive away. And with Chesapeake Homes offering a variety of stylish, functional floorplans built to fit your lifestyle, it’s easy to settle into a home that feels just right.

At Coastal Club, it’s not just a place to live —

it’s a coastal lifestyle you’ll love.",,,"The Orchid plan offers the comforts of your home in a cozy package, complete with all the thoughtful details you would expect in a home from Chesapeake Homes. This home offers 1,438 square feet of living space complete with a secondary bedroom and flex space. Living is easy in The Orchid’s open concept single floor living space. The rear covered porch can become an extension of your great room, with the sliding glass doors that will lead you outside to enjoy the seasonal weather year-round. The great room, open kitchen and dining area flow seamlessly from one room to the next. And with the option to upgrade your kitchen space with optional double wall ovens and a large center island, your gourmet kitchen will truly enhance the heart of the home. And finally, delight in the architectural details that will set your home apart with beautifully proportioned windows and trim work that quietly impress. The Orchid could be exactly what you are looking for in you next home. Schedule your appointment today!",3,2,,1,1483,324900,,,,,,,,,,,,,,,,2,3,2,,1483,1,324900,,,,,,,,,,,,,"https://media.cheshomes.com/241/2026/4/24/DSC05418.jpg?width=1920&height=1280&fit=bounds&ois=1dc4978,https://media.cheshomes.com/241/2026/4/24/DSC05442.jpg?width=1920&height=1280&fit=bounds&ois=bb47516,https://media.cheshomes.com/241/2026/4/24/DSC05445.jpg?width=1920&height=1280&fit=bounds&ois=504d0d4,https://media.cheshomes.com/241/2026/4/24/DSC05448.jpg?width=1920&height=1280&fit=bounds&ois=ad1676e,https://media.cheshomes.com/241/2026/4/24/DSC05451.jpg?width=1920&height=1280&fit=bounds&ois=4f29238,https://media.cheshomes.com/241/2026/4/24/DSC05454.jpg?width=1920&height=1280&fit=bounds&ois=19ff5b5,https://media.cheshomes.com/241/2026/4/24/DSC05406.jpg?width=1920&height=1280&fit=bounds&ois=6a1d0b5,https://media.cheshomes.com/241/2026/4/24/DSC05424.jpg?width=1920&height=1280&fit=bounds&ois=0b27349,https://media.cheshomes.com/241/2026/4/24/DSC05421.jpg?width=1920&height=1280&fit=bounds&ois=9223d23,https://media.cheshomes.com/241/2026/4/24/DSC05403.jpg?width=1920&height=1280&fit=bounds&ois=11fa123,https://media.cheshomes.com/241/2026/4/24/DSC05430.jpg?width=1920&height=1280&fit=bounds&ois=428dfdf,https://media.cheshomes.com/241/2026/4/24/DSC05427.jpg?width=1920&height=1280&fit=bounds&ois=84ad11c,https://media.cheshomes.com/241/2026/4/24/DSC05439.jpg?width=1920&height=1280&fit=bounds&ois=c43cc95,https://media.cheshomes.com/241/2026/4/24/DSC05436.jpg?width=1920&height=1280&fit=bounds&ois=11585ab,https://media.cheshomes.com/241/2026/4/24/DSC05433.jpg?width=1920&height=1280&fit=bounds&ois=6315f43,https://media.cheshomes.com/241/2026/4/24/zAerial_1_xllOgU2.JPG?width=1920&height=1181&fit=bounds&ois=a62e6e9,https://media.cheshomes.com/241/2026/4/24/DSC05394.jpg?width=1920&height=1372&fit=bounds&ois=aeb0607,https://media.cheshomes.com/241/2026/4/24/DSC05457.jpg?width=1920&height=1215&fit=bounds&ois=8d173de"
https://www.cheshomes.com/new-homes/nc/calabash/coastal-club-of-the-carolinas/14279/3155-river-crane-loop/1720064/,Coastal Club of the Carolinas,,,3155 River Crane Loop,Calabash,NC,,,,Move-In Ready,Chesapeake Homes,,,2,,,,,,,https://www.cheshomes.com,"Welcome to

Coastal Club of the Carolinas

Where laid-back living meets everyday adventure at

Coastal Club of the Carolinas in Calabash, NC

. Just minutes from the soft sands of

Cherry Grove Beach

and

Sunset Beach

, this vibrant coastal community was designed for those who want more out of life — more sunshine, more connection, more fun. Enjoy the

resort-style pool

, playing a friendly match of

pickleball

, or gathering with neighbors around the

firepits

, you’ll feel right at home. Kids and pups can run free at the

playgrounds

dog park

, while

green spaces,

a

community garden

, and a

central park area

set the scene for picnics, evening strolls, or even outdoor concerts under the stars.

Beyond your doorstep, you’ll find endless options for shopping, dining, and entertainment — all just a quick drive away. And with Chesapeake Homes offering a variety of stylish, functional floorplans built to fit your lifestyle, it’s easy to settle into a home that feels just right.

At Coastal Club, it’s not just a place to live —

it’s a coastal lifestyle you’ll love.",,,"The Sunflower model is as bright and cheery as its name at just over 1,500 square feet. This adorable floor plan is the perfect combination of comfort and efficiency. Enter through the covered porch into the great room with an open kitchen and family room. Behind the kitchen is a spacious pantry leading into a hallway with a convenient laundry room and an entrance to the two-car garage. You will also find two bedrooms and a full bathroom, offering the perfect separation from the Owner's Suite. View the beautiful Coastal Club sunsets on the rear covered porch just off the family room. The Owner's Suite offers a private oasis complete with a generous Owner's Bath and a large walk-in closet. Make The Sunflower your picture-perfect home and live your best life at Coastal Club of the Carolinas.",3,2,,1,1510,349900,,,,,,,,,,,,,,,,2,3,2,,1510,1,349900,,,,,,,,,,,,,"https://media.cheshomes.com/241/2026/3/16/DSC02999_tvmEjmi.jpg?width=1920&height=1280&fit=bounds&ois=4244a91,https://media.cheshomes.com/241/2026/3/16/DSC02996.jpg?width=1920&height=1280&fit=bounds&ois=6a17602,https://media.cheshomes.com/241/2026/4/22/DSC02993_1.jpg?width=1920&height=1280&fit=bounds&ois=029d5cd,https://media.cheshomes.com/241/2026/3/16/DSC03026.jpg?width=1920&height=1280&fit=bounds&ois=76aed7e,https://media.cheshomes.com/241/2026/3/16/DSC03029.jpg?width=1920&height=1280&fit=bounds&ois=0033a82,https://media.cheshomes.com/241/2026/3/16/DSC03032.jpg?width=1920&height=1280&fit=bounds&ois=ddfb049,https://media.cheshomes.com/241/2026/3/16/DSC03035.jpg?width=1920&height=1280&fit=bounds&ois=ea5bd33,https://media.cheshomes.com/241/2026/3/16/DSC03002.jpg?width=1920&height=1280&fit=bounds&ois=2a3518a,https://media.cheshomes.com/241/2026/3/16/DSC03011.jpg?width=1920&height=1280&fit=bounds&ois=5576631,https://media.cheshomes.com/241/2026/3/16/DSC03008.jpg?width=1920&height=1280&fit=bounds&ois=1c3184d,https://media.cheshomes.com/241/2026/3/16/DSC02987.jpg?width=1920&height=1280&fit=bounds&ois=e45febc,https://media.cheshomes.com/241/2026/3/16/DSC03014.jpg?width=1920&height=1280&fit=bounds&ois=f6013ab,https://media.cheshomes.com/241/2026/3/16/DSC03023.jpg?width=1920&height=1280&fit=bounds&ois=4a898fd,https://media.cheshomes.com/241/2026/3/16/DSC03005.jpg?width=1920&height=1280&fit=bounds&ois=ea6ad22,https://media.cheshomes.com/241/2026/3/16/DSC03020.jpg?width=1920&height=1280&fit=bounds&ois=8c80fbc,https://media.cheshomes.com/241/2026/3/16/DSC03017.jpg?width=1920&height=1280&fit=bounds&ois=722343b,https://media.cheshomes.com/241/2026/3/16/DSC03038.jpg?width=1920&height=1280&fit=bounds&ois=f37122a,https://media.cheshomes.com/241/2026/3/16/DSC02981.jpg?width=1920&height=1374&fit=bounds&ois=340c045,https://media.cheshomes.com/241/2026/3/16/zDJI_0208.jpg?width=1920&height=1440&fit=bounds&ois=baab89f,https://media.cheshomes.com/241/2026/3/16/DSC02978_6t79Ntq.jpg?width=1920&height=1235&fit=bounds&ois=16713d3,https://media.cheshomes.com/241/2026/3/16/DJI_0209.jpg?width=1920&height=1440&fit=bounds&ois=bab2c5f"
https://www.cheshomes.com/new-homes/va/virginia-beach/ashville-park/6964/2888-weston-loop/1737913/,Ashville Park,36.7398,-76.0094,2888 Weston Loop,Virginia Beach,VA,,,Virginia Beach Public Schools,,Chesapeake Homes,,,3,,,,,,,https://www.cheshomes.com,"Discover the gem of Virginia Beach -

Ashville Park!

This master-planned community is thrilled to welcome all looking for a home that allows you to enjoy life in style. Close to

sandy beaches

, the iconic

Virginia Beach boardwalk

, an abundance of shopping options, and so much more will make sure you and your family never run out of things to do. While other communities are just as close to these adventures, what sets us apart is the breathtaking natural landscape that surrounds you, plus your ability to personalize your gorgeous new construction home. Imagine waking up to

30 acres of preserved forests

and a

network of 15 lakes

. It’s easy to feel close to nature and love your community when that is right outside your front door.

As for amenities, we have you covered! The

Lake House

, our community clubhouse, sits next to one of the many community lakes and is reserved exclusively for residents. Let the

saltwater pool with cabanas

,

fitness center

, and

event space with a kitchen

be your go-to getaway spot in your neighborhood. And if you want to get your heart racing, we have a

basketball court

and an

adventure park

for the kids. Plus, with

ample open spaces

dog park

, you'll never be at a loss for outdoor activities. In addition to this amazing community, Chesapeake Homes has brought brand new floor plans to its lineup, created by the Woodley Architectural Group, an award-winning, world-renowned architectural and planning firm. These offer the ultimate in luxury along with features that today's homebuyers are looking for, such as caterer's kitchens, fitness rooms, and vast, open living spaces.

Come discover the

luxurious life

that comes with a home at Ashville Park- we can't wait for you to join our community!",,,"The Roseleigh II proves why this layout was a buyer favorite even before the newly revised plan. Now the spacious 3,500 square-foot Roseleigh II home offers more space, with five bedrooms and three bathrooms. A covered front porch makes this home feel welcoming right from the front door. Inside the home, you will be amazed by the open floor plan connecting the great room, breakfast nook, and kitchen with an upgraded gourmet island separating the space. Additionally, on the first floor is a study with double doors, a formal dining room with stunning coffered ceilings, a guest suite. and a full bathroom. The second level offers endless amounts of space for all. An Owner's Suite with dual closets and a deluxe spa-inspired Owner's Bath makes for the perfect space away from the hustle and bustle. Three additional bedrooms and media room means there’s enough room for every member of the family to have their own peaceful retreat.*Photos of Similar Home Shown",5,4,,2,3496,1222193,,,,,,,,,,,,,,,,3,5,4,,3496,2,1222193,,,,,,,,,,,,,"https://media.cheshomes.com/241/2026/3/13/A1_74_Exterior.jpg?width=1800&height=1200&fit=bounds&ois=b922c0e,https://media.cheshomes.com/241/2022/6/9/3005_Dusty_Court_TW-10.jpg?width=1920&height=1080&fit=bounds&ois=75dda5d,https://media.cheshomes.com/241/2025/4/9/076.jpg?width=1280&height=853&fit=bounds&ois=941a475,https://media.cheshomes.com/241/2025/4/9/032_SIqyU8x.jpg?width=1280&height=853&fit=bounds&ois=c1996df,https://media.cheshomes.com/241/2025/4/9/026.jpg?width=1280&height=853&fit=bounds&ois=deaa62a,https://media.cheshomes.com/241/2025/4/9/020.jpg?width=1280&height=853&fit=bounds&ois=6ee47c8,https://media.cheshomes.com/241/2025/4/9/077.jpg?width=1280&height=853&fit=bounds&ois=cd7ef0a,https://media.cheshomes.com/241/2025/4/9/028.jpg?width=1280&height=853&fit=bounds&ois=1bc68b7,https://media.cheshomes.com/241/2025/4/9/027_Pbpbt0C.jpg?width=1280&height=853&fit=bounds&ois=fc9f3fc,https://media.cheshomes.com/241/2025/4/9/063.jpg?width=1280&height=853&fit=bounds&ois=1ef0e37,https://media.cheshomes.com/241/2025/4/9/065.jpg?width=1280&height=853&fit=bounds&ois=349e140,https://media.cheshomes.com/241/2025/4/9/064.jpg?width=1280&height=853&fit=bounds&ois=aef1653,https://media.cheshomes.com/241/2025/4/9/069.jpg?width=1280&height=853&fit=bounds&ois=f8409b7,https://media.cheshomes.com/241/2025/4/9/067.jpg?width=1280&height=853&fit=bounds&ois=68c5dc0,https://media.cheshomes.com/241/2025/4/9/068.jpg?width=1280&height=853&fit=bounds&ois=f5a3bd6,https://media.cheshomes.com/241/2025/4/9/001.jpg?width=1280&height=853&fit=bounds&ois=9138f25,https://media.cheshomes.com/241/2025/4/9/074.jpg?width=1280&height=853&fit=bounds&ois=7c6f2a1,https://media.cheshomes.com/241/2025/4/9/006.jpg?width=1280&height=853&fit=bounds&ois=1c3c59a,https://media.cheshomes.com/241/2025/4/9/073.jpg?width=1280&height=853&fit=bounds&ois=50d6e71,https://media.cheshomes.com/241/2025/4/9/060.jpg?width=1280&height=853&fit=bounds&ois=57bf797,https://media.cheshomes.com/241/2025/4/9/030.jpg?width=1280&height=853&fit=bounds&ois=0fc0f46,https://media.cheshomes.com/241/2025/4/9/043_NNmlIqX.jpg?width=1280&height=853&fit=bounds&ois=c300188,https://media.cheshomes.com/241/2025/4/9/047.jpg?width=1280&height=853&fit=bounds&ois=7729b22,https://media.cheshomes.com/241/2025/4/9/050.jpg?width=1280&height=853&fit=bounds&ois=200f789,https://media.cheshomes.com/241/2025/4/9/055.jpg?width=1280&height=853&fit=bounds&ois=af0e0c9,https://media.cheshomes.com/241/2025/4/9/058_NGaRLUN.jpg?width=1280&height=853&fit=bounds&ois=8aa1d31,https://media.cheshomes.com/241/2025/4/9/057.jpg?width=1280&height=853&fit=bounds&ois=5e2921f,https://media.cheshomes.com/241/2025/4/9/054.jpg?width=1280&height=853&fit=bounds&ois=477ddf0,https://media.cheshomes.com/241/2025/4/9/053.jpg?width=1280&height=853&fit=bounds&ois=7c77e38,https://media.cheshomes.com/241/2025/4/9/052.jpg?width=1280&height=853&fit=bounds&ois=4532bc6,https://media.cheshomes.com/241/2025/4/9/059.jpg?width=1280&height=853&fit=bounds&ois=6e0f985,https://media.cheshomes.com/241/2025/4/9/039.jpg?width=1280&height=853&fit=bounds&ois=dc7a545,https://media.cheshomes.com/241/2025/4/9/062.jpg?width=1280&height=853&fit=bounds&ois=3ed76e9,https://media.cheshomes.com/241/2025/4/9/041_LmwE1Ty.jpg?width=1280&height=853&fit=bounds&ois=0be1666,https://media.cheshomes.com/241/2026/3/13/216.jpg?width=1280&height=853&fit=bounds&ois=27fb153"
https://www.cheshomes.com/new-homes/va/virginia-beach/ashville-park/6964/2973-weston-loop/1740089/,Ashville Park,36.7348,-76.003,2973 Weston Loop,Virginia Beach,VA,,,Virginia Beach Public Schools,,Chesapeake Homes,,,3,,,,,,,https://www.cheshomes.com,"Discover the gem of Virginia Beach -

Ashville Park!

This master-planned community is thrilled to welcome all looking for a home that allows you to enjoy life in style. Close to

sandy beaches

, the iconic

Virginia Beach boardwalk

, an abundance of shopping options, and so much more will make sure you and your family never run out of things to do. While other communities are just as close to these adventures, what sets us apart is the breathtaking natural landscape that surrounds you, plus your ability to personalize your gorgeous new construction home. Imagine waking up to

30 acres of preserved forests

and a

network of 15 lakes

. It’s easy to feel close to nature and love your community when that is right outside your front door.

As for amenities, we have you covered! The

Lake House

, our community clubhouse, sits next to one of the many community lakes and is reserved exclusively for residents. Let the

saltwater pool with cabanas

,

fitness center

, and

event space with a kitchen

be your go-to getaway spot in your neighborhood. And if you want to get your heart racing, we have a

basketball court

and an

adventure park

for the kids. Plus, with

ample open spaces

dog park

, you'll never be at a loss for outdoor activities. In addition to this amazing community, Chesapeake Homes has brought brand new floor plans to its lineup, created by the Woodley Architectural Group, an award-winning, world-renowned architectural and planning firm. These offer the ultimate in luxury along with features that today's homebuyers are looking for, such as caterer's kitchens, fitness rooms, and vast, open living spaces.

Come discover the

luxurious life

that comes with a home at Ashville Park- we can't wait for you to join our community!",,,"Stunning doesn’t even scratch the surface when talking about The Concord. Not an inch of the 3,626 square feet goes to waste in this home.This spacious home has various features that will have guests and families gasp as soon as they enter through your covered front porch. After coming in the door and just passing the spacious office, your eyes will see a wide-open floor plan that allows for the great room, the kitchen, and the dining room to all be viewed from any corner. Cook away on your large gourmet kitchen island, snuggle by the fireplace, enjoy your rear covered porch, or take an afternoon nap in the lavishly large owner’s suite. With tray ceilings and a spa-inspired, extended deluxe bathroom attached, you may not ever want to leave. The laundry room is on the first floor and is connected through the Owner's Suite bathroom for easy access. That’s not it for the first floor though, A guest suite and full bath are also located on this floor.Head upstairs to find a large, segmented loft that is equipped with a remote learning area, a game room, and a bonus room. Use these spaces for any creative ideas you have. Make a home theater, a library room, or a home gym. The second floor has two additional bedrooms as well as another full bath. The Concord has all the space you and your family can desire.*Photos of Similar Home Shown",4,3,1,2,3626,1326786,,,,,,,,,,,,,,,,3,4,3,1,3626,2,1326786,,,,,,,,,,,,,"https://media.cheshomes.com/241/2026/3/30/A1_43_92bCwk6.jpg?width=1800&height=1200&fit=bounds&ois=be17f42,https://media.cheshomes.com/241/2023/5/22/092236.jpg?width=1920&height=1262&fit=bounds&ois=2c359be,https://media.cheshomes.com/241/2023/5/22/140140.jpg?width=1920&height=1261&fit=bounds&ois=c78af7a,https://media.cheshomes.com/241/2023/5/22/140844.jpg?width=1920&height=1261&fit=bounds&ois=86a7549,https://media.cheshomes.com/241/2023/5/22/140538.jpg?width=1920&height=1261&fit=bounds&ois=6e60718,https://media.cheshomes.com/241/2023/5/22/140559.jpg?width=1920&height=1261&fit=bounds&ois=b44eb3c,https://media.cheshomes.com/241/2023/8/29/155700_q1LZMvl.jpg?width=1920&height=1265&fit=bounds&ois=5ff1c1d,https://media.cheshomes.com/241/2023/5/22/141027.jpg?width=1920&height=1261&fit=bounds&ois=2d7f41c,https://media.cheshomes.com/241/2023/5/22/141048.jpg?width=1920&height=1261&fit=bounds&ois=91327a0,https://media.cheshomes.com/241/2023/5/22/141238.jpg?width=1920&height=1261&fit=bounds&ois=fcb5bcf,https://media.cheshomes.com/241/2023/5/22/141302.jpg?width=1920&height=1261&fit=bounds&ois=f498bc6,https://media.cheshomes.com/241/2023/5/22/141357.jpg?width=1920&height=1261&fit=bounds&ois=9d3db22,https://media.cheshomes.com/241/2023/5/22/140226.jpg?width=1920&height=1261&fit=bounds&ois=058b51e,https://media.cheshomes.com/241/2023/5/22/140510.jpg?width=1920&height=1261&fit=bounds&ois=e6792b7,https://media.cheshomes.com/241/2023/5/22/140718.jpg?width=1920&height=1261&fit=bounds&ois=89cbc8f,https://media.cheshomes.com/241/2023/5/22/140959.jpg?width=1920&height=1261&fit=bounds&ois=287d1e7,https://media.cheshomes.com/241/2023/5/22/140943.jpg?width=1920&height=1261&fit=bounds&ois=ae1e13d,https://media.cheshomes.com/241/2023/5/22/140921.jpg?width=1920&height=1261&fit=bounds&ois=2a2a2a4,https://media.cheshomes.com/241/2023/8/29/162708.jpg?width=1920&height=1265&fit=bounds&ois=dc3773a,https://media.cheshomes.com/241/2023/8/29/155434.jpg?width=1920&height=1265&fit=bounds&ois=ce35eea,https://media.cheshomes.com/241/2023/5/22/142544.jpg?width=1920&height=1261&fit=bounds&ois=2b12b5b,https://media.cheshomes.com/241/2023/5/22/140006.jpg?width=1920&height=1261&fit=bounds&ois=aef88b6,https://media.cheshomes.com/241/2023/8/29/162350.jpg?width=1920&height=1265&fit=bounds&ois=64f3dba,https://media.cheshomes.com/241/2023/5/22/143337.jpg?width=1920&height=1261&fit=bounds&ois=bd6f488,https://media.cheshomes.com/241/2023/5/22/142651.jpg?width=945&height=1440&fit=bounds&ois=70b532e,https://media.cheshomes.com/241/2023/5/22/142726.jpg?width=1920&height=1261&fit=bounds&ois=b226033,https://media.cheshomes.com/241/2023/5/22/142917.jpg?width=1920&height=1261&fit=bounds&ois=0b4fdb9,https://media.cheshomes.com/241/2023/8/29/163509.jpg?width=1920&height=1265&fit=bounds&ois=7c3801d,https://media.cheshomes.com/241/2023/8/29/163925.jpg?width=1920&height=1265&fit=bounds&ois=87c0380,https://media.cheshomes.com/241/2023/8/29/162605.jpg?width=1920&height=1265&fit=bounds&ois=6042108,https://media.cheshomes.com/241/2023/5/22/143217.jpg?width=1920&height=1261&fit=bounds&ois=6171c08,https://media.cheshomes.com/241/2023/5/22/135459.jpg?width=1920&height=1279&fit=bounds&ois=505cdff,https://media.cheshomes.com/241/2023/5/22/135603.jpg?width=1920&height=1279&fit=bounds&ois=3288580"
https://www.cheshomes.com/new-homes/nc/calabash/coastal-club-of-the-carolinas/14279/3163-river-crane-loop/1719901/,Coastal Club of the Carolinas,,,3163 River Crane Loop,Calabash,NC,,,,Move-In Ready,Chesapeake Homes,,,2,,,,,,,https://www.cheshomes.com,"Welcome to

Coastal Club of the Carolinas

Where laid-back living meets everyday adventure at

Coastal Club of the Carolinas in Calabash, NC

. Just minutes from the soft sands of

Cherry Grove Beach

and

Sunset Beach

, this vibrant coastal community was designed for those who want more out of life — more sunshine, more connection, more fun. Enjoy the

resort-style pool

, playing a friendly match of

pickleball

, or gathering with neighbors around the

firepits

, you’ll feel right at home. Kids and pups can run free at the

playgrounds

dog park

, while

green spaces,

a

community garden

, and a

central park area

set the scene for picnics, evening strolls, or even outdoor concerts under the stars.

Beyond your doorstep, you’ll find endless options for shopping, dining, and entertainment — all just a quick drive away. And with Chesapeake Homes offering a variety of stylish, functional floorplans built to fit your lifestyle, it’s easy to settle into a home that feels just right.

At Coastal Club, it’s not just a place to live —

it’s a coastal lifestyle you’ll love.",,,"The Jasmine is thoughtfully scaled and avoids the bigger is a better approach. With 1,607 square feet of living space, you and your guests can enjoy luxury in an efficient space. With architectural details like tray ceilings in both the great room and owner’s suite, along with plenty of windows to keep your space light and airy, you’ll delight in choosing the finishing details in the home. The Jasmine offers ample storage space and closets throughout the home, along with cabinets and a bench in the drop zone, keeping your living spaces free from clutter. The Jasmine is the perfect place to call home. Schedule your tour today!",2,2,,1,1607,364900,,,,,,,,,,,,,,,,2,2,2,,1607,1,364900,,,,,,,,,,,,,"https://media.cheshomes.com/241/2026/4/22/DSC05072.jpg?width=1920&height=1280&fit=bounds&ois=d04feba,https://media.cheshomes.com/241/2026/4/20/DSC05075.jpg?width=1920&height=1280&fit=bounds&ois=c4c89e9,https://media.cheshomes.com/241/2026/4/20/DSC05078.jpg?width=1920&height=1280&fit=bounds&ois=0b1d807,https://media.cheshomes.com/241/2026/4/20/DSC05096.jpg?width=1920&height=1280&fit=bounds&ois=808c4cc,https://media.cheshomes.com/241/2026/4/22/DSC05093.jpg?width=1920&height=1280&fit=bounds&ois=062e9e4,https://media.cheshomes.com/241/2026/4/20/DSC05099.jpg?width=1920&height=1280&fit=bounds&ois=c1b37d5,https://media.cheshomes.com/241/2026/4/20/DSC05102.jpg?width=1920&height=1280&fit=bounds&ois=739b854,https://media.cheshomes.com/241/2026/4/20/DSC05105.jpg?width=1920&height=1280&fit=bounds&ois=355e9b3,https://media.cheshomes.com/241/2026/4/20/DSC05108.jpg?width=1920&height=1280&fit=bounds&ois=4c1d921,https://media.cheshomes.com/241/2026/4/20/DSC05066.jpg?width=1920&height=1280&fit=bounds&ois=c5eeadc,https://media.cheshomes.com/241/2026/4/20/DSC05069.jpg?width=1920&height=1280&fit=bounds&ois=5669422,https://media.cheshomes.com/241/2026/4/20/DSC05087.jpg?width=1920&height=1280&fit=bounds&ois=910cb3a,https://media.cheshomes.com/241/2026/4/20/DSC05090.jpg?width=1920&height=1280&fit=bounds&ois=a7acbb2,https://media.cheshomes.com/241/2026/4/20/DSC05081.jpg?width=1920&height=1280&fit=bounds&ois=a19a01b,https://media.cheshomes.com/241/2026/4/20/DSC05084.jpg?width=1920&height=1280&fit=bounds&ois=82393ae,https://media.cheshomes.com/241/2026/4/20/DSC05063.jpg?width=1920&height=1304&fit=bounds&ois=526ff9b,https://media.cheshomes.com/241/2026/4/20/DSC05060.jpg?width=1837&height=1440&fit=bounds&ois=e021232,https://media.cheshomes.com/241/2026/4/20/DSC05111.jpg?width=1920&height=1110&fit=bounds&ois=83b8432,https://media.cheshomes.com/241/2026/4/20/zDJI_0573-Pano_2.jpg?width=1920&height=1440&fit=bounds&ois=82d7521"
https://www.cheshomes.com/new-homes/va/suffolk/estates-at-river-club/19747/300-rhapsody-drive/1727381/,Estates at River Club,36.8422,-76.4976,300 Rhapsody Drive,Suffolk,VA,,,,,Chesapeake Homes,,,2,,,,,,,https://www.cheshomes.com,"The Estates at River Club offer luxury

new single-family homes

in

Suffolk, VA,

designed for those seeking more space, refined details, and a

connected community lifestyle

. Ideally located in the heart of Suffolk, The Estates at River Club places you just minutes from

Bennett's Creek Park & Boat Launch

, and the shops and dining of

Harbour View

. Exploring the greater

Hampton Roads

area is simple with convenient access to

Highway 664.

With

resort-inspired amenities

and a prime Suffolk location, The Estates at River Club are ideal for those searching for

new construction

homes, with

large homesites

and a more

elevated living experience

.",,,"Not a single inch of this 3,600+ square feet goes to waste with The Carlisle! Walk into your new home and instantly be welcomed in by an open formal dining room with coffered ceilings connected to the rest of the first floor. Need space for cooking and hosting? Also on the first level, we can't forget about the sunny breakfast nook right outside your personal Zoom office. Whether you work from home, need a kid's study area, or just need more space this could be the answer you've been looking for. The Carlisle first floor also hosts a full-size office space, powder room, and guest room with an attached private bath. The Carlisle allows for beauty and function to work together to make your life easier. Once you head up the stairs, A large bonus room area is the first thing you will find on this floor with a remote learning area attached. Use the bonus room to create the perfect movie room, workout area, or playroom. You will be happy to find 3 bedrooms and 2 full bathrooms on the second level, so no one has to wait on one another to get ready to start their days. The Owner's Suite is the oasis you need after a hectic day with stunning tray ceilings, a large attached deluxe bathroom, and a vast walk-in closet. The Carlisle allows for beauty and function to work together to make your life easier.",5,4,1,2,3694,,,,,,,,,,,,,,,,,2,5,4,1,3694,2,,,,,,,,,,,,,,https://media.cheshomes.com/241/2025/12/29/exterior_image_16.jpg?width=1800&height=1200&fit=bounds&ois=97d9336
https://www.cheshomes.com/new-homes/va/suffolk/estates-at-river-club/19747/314-rhapsody-drive/1721565/,Estates at River Club,36.845,-76.4973,314 Rhapsody Drive,Suffolk,VA,,,,,Chesapeake Homes,,,2,,,,,,,https://www.cheshomes.com,"The Estates at River Club offer luxury

new single-family homes

in

Suffolk, VA,

designed for those seeking more space, refined details, and a

connected community lifestyle

. Ideally located in the heart of Suffolk, The Estates at River Club places you just minutes from

Bennett's Creek Park & Boat Launch

, and the shops and dining of

Harbour View

. Exploring the greater

Hampton Roads

area is simple with convenient access to

Highway 664.

With

resort-inspired amenities

and a prime Suffolk location, The Estates at River Club are ideal for those searching for

new construction

homes, with

large homesites

and a more

elevated living experience

.",,,"The Windsor is a beautiful luxurious home with space for everyone! Welcome to The Windsor with over 4,600 square feet! This floorplan holds five spacious bedrooms and four and a half baths. When you walk in the front door and enter the foyer the study and dining room greet you on either side. Continue through the first floor and be astounded by the large open great room connecting the kitchen and breakfast nook. The first floor also features a guest bedroom and full bath with a walk-in closet.Head to the second floor of The Windsor to find everyone's getaways. Here you will find the owner's suite with tray ceilings, a large walk-in closet, and an attached deluxe bathroom to make your bathroom feel more like a spa. This floor additionally features a loft area, a remote learning space, three bedrooms, and two more bathrooms. If space is number one on your list then look no further. The options are endless for making The Windsor your dream home.*Photos of Similar Home Shown",5,4,1,2,4638,985900,,,,,,,,,,,,,,,,2,5,4,1,4638,2,985900,,,,,,,,,,,,,"https://media.cheshomes.com/241/2026/4/10/R2_77.png?width=1920&height=1440&fit=bounds&ois=e2bacde,https://media.cheshomes.com/241/2025/10/23/77_Exterior.jpg?width=1800&height=1200&fit=bounds&ois=1d01c1d,https://media.cheshomes.com/241/2025/10/23/77_Exterior_I8bezdV.jpg?width=1800&height=1200&fit=bounds&ois=80ff1b2"
https://www.cheshomes.com/new-homes/nc/calabash/coastal-club-of-the-carolinas/14279/3167-river-crane-loop-nw/1732926/,Coastal Club of the Carolinas,,,3167 River Crane Loop NW,Calabash,NC,,,,,Chesapeake Homes,,,2,,,,,,,https://www.cheshomes.com,"Welcome to

Coastal Club of the Carolinas

Where laid-back living meets everyday adventure at

Coastal Club of the Carolinas in Calabash, NC

. Just minutes from the soft sands of

Cherry Grove Beach

and

Sunset Beach

, this vibrant coastal community was designed for those who want more out of life — more sunshine, more connection, more fun. Enjoy the

resort-style pool

, playing a friendly match of

pickleball

, or gathering with neighbors around the

firepits

, you’ll feel right at home. Kids and pups can run free at the

playgrounds

dog park

, while

green spaces,

a

community garden

, and a

central park area

set the scene for picnics, evening strolls, or even outdoor concerts under the stars.

Beyond your doorstep, you’ll find endless options for shopping, dining, and entertainment — all just a quick drive away. And with Chesapeake Homes offering a variety of stylish, functional floorplans built to fit your lifestyle, it’s easy to settle into a home that feels just right.

At Coastal Club, it’s not just a place to live —

it’s a coastal lifestyle you’ll love.",,,"The Orchid plan offers the comforts of your home in a cozy package, complete with all the thoughtful details you would expect in a home from Chesapeake Homes. This home offers 1,438 square feet of living space complete with a secondary bedroom and flex space. Living is easy in The Orchid’s open concept single-floor living space. The rear covered porch is an extension of your great room, with the sliding glass doors that will lead you outside to enjoy the seasonal weather year-round. The great room, open kitchen and dining area flow seamlessly from one room to the next. And finally, delight in the architectural details that will set your home apart with beautifully proportioned windows and trim work that quietly impress. The Orchid could be exactly what you are looking for in you next home. Schedule your appointment today!*PHOTOS OF SIMILAR HOME*",3,2,,1,1483,,,,,,,,,,,,,,,,,2,3,2,,1483,1,,,,,,,,,,,,,,"https://media.cheshomes.com/241/2025/5/21/029.jpg?width=1920&height=1279&fit=bounds&ois=2609d1a,https://media.cheshomes.com/241/2025/7/31/A92A3770.jpg?width=1920&height=1279&fit=bounds&ois=dde6190,https://media.cheshomes.com/241/2025/7/31/A92A3754.jpg?width=1920&height=1279&fit=bounds&ois=18cdb33,https://media.cheshomes.com/241/2025/7/31/A92A3774.jpg?width=1920&height=1279&fit=bounds&ois=8213132,https://media.cheshomes.com/241/2025/7/31/A92A3779.jpg?width=1920&height=1279&fit=bounds&ois=21a6be0,https://media.cheshomes.com/241/2025/7/31/A92A3815.jpg?width=1920&height=1279&fit=bounds&ois=6ae9e0a,https://media.cheshomes.com/241/2025/7/31/A92A3799.jpg?width=1920&height=1279&fit=bounds&ois=069f3b8,https://media.cheshomes.com/241/2025/7/31/A92A3824.jpg?width=1920&height=1279&fit=bounds&ois=3dd5237,https://media.cheshomes.com/241/2025/7/31/A92A3831.jpg?width=1920&height=1279&fit=bounds&ois=ec35474,https://media.cheshomes.com/241/2025/5/21/032.jpg?width=1920&height=1279&fit=bounds&ois=4cda717,https://media.cheshomes.com/241/2025/5/21/023.jpg?width=1920&height=1279&fit=bounds&ois=5f960e2,https://media.cheshomes.com/241/2025/5/21/027.jpg?width=959&height=1440&fit=bounds&ois=109cb44,https://media.cheshomes.com/241/2025/7/31/A92A3973.jpg?width=1920&height=1279&fit=bounds&ois=247c121,https://media.cheshomes.com/241/2025/5/21/044.jpg?width=1920&height=1279&fit=bounds&ois=6a5e063,https://media.cheshomes.com/241/2025/5/21/042.jpg?width=1920&height=1279&fit=bounds&ois=24c8289,https://media.cheshomes.com/241/2025/7/31/A92A3887.jpg?width=1920&height=1279&fit=bounds&ois=e3271e9,https://media.cheshomes.com/241/2025/5/21/045.jpg?width=1920&height=1279&fit=bounds&ois=e03412c,https://media.cheshomes.com/241/2025/5/21/047.jpg?width=959&height=1440&fit=bounds&ois=41f40d4,https://media.cheshomes.com/241/2025/7/31/A92A3890.jpg?width=1920&height=1279&fit=bounds&ois=95a43de,https://media.cheshomes.com/241/2025/7/31/A92A3895.jpg?width=1920&height=1279&fit=bounds&ois=e128084,https://media.cheshomes.com/241/2025/7/31/A92A3986.jpg?width=1920&height=1279&fit=bounds&ois=727ec96,https://media.cheshomes.com/241/2025/7/31/A92A3992.jpg?width=1920&height=1279&fit=bounds&ois=78fcb10,https://media.cheshomes.com/241/2025/7/31/A92A4003.jpg?width=1920&height=1279&fit=bounds&ois=209606f,https://media.cheshomes.com/241/2025/7/31/A92A4007.jpg?width=1920&height=1279&fit=bounds&ois=f07c21e,https://media.cheshomes.com/241/2025/5/21/020.jpg?width=1920&height=1279&fit=bounds&ois=0965ce6"
https://www.cheshomes.com/new-homes/va/suffolk/river-club/7441/317-rhapsody-drive/1701509/,River Club,36.8471,-76.4751,317 Rhapsody Drive,Suffolk,VA,,,,Move-In Ready,Chesapeake Homes,,,2,,,,,,,https://www.cheshomes.com,"Welcome to the heart of

Suffolk

, where you can call the community

River Club

home. While located close to various city centers, the community itself offers lots of entertainment. Future plans for the community propose a stunning Amenity Center with a

large pool

and a

playground

. Plus, just a short distance away is

Bennett’s Creek Park and Boat Launch

. More of an ocean person than a lake person? No problem, Suffolk is just a quick drive to Virginia Beach and Norfolk’s coast. Conveniently located near

Highway 664

makes travel easy and is perfectly located near

Harbour View’s

delicious dining locations, making dinner your favorite meal of the day. While you are surrounded by the

stunning natural outdoors

, shopping nearby makes it a breeze to grab day-to-day essentials. Chesapeake Homes always chooses the best places for our communities. For example, in Suffolk, you will never be bored with the

continuous festivals, markets, historical attractions

, and more to discover in your new home. Check out our exceptional floor plans and begin to create the perfect retreat for you and your family at River Club.",,,"How can you be living large in a single-level home you may ask... The answer is THE BARNES! This layout offers 2,400+ square feet of home, all spaciously arranged around a central great room. In an open-concept design, the great room is attached to the gourmet kitchen and the upgraded extended breakfast nook, all separated by a large gourmet island. With three bedrooms, two full bathrooms, and a combination Drop Zone and Laundry room, this home is created with your comfort and space in mind.The Owner's Suite is equipped with all the must-have features, such as a walk-in closet, a double bathroom vanity, and tray ceilings. Before you retire for the night to the Owner’s Suite, enjoy the day by spending it on the charming covered front porch or kicking up your feet on the relaxing covered back porch next to the outdoor fireplace.Create the home of your dreams with The Barnes.",3,2,,1,2558,664900,,,,,,,,,,,,,,,,2,3,2,,2558,1,664900,,,,,,,,,,,,,"https://media.cheshomes.com/241/2025/10/21/2-web-or-mls-317_Rhapsody_Dr_Suffolk_VA_10202025_Exterior_008.jpg?width=1920&height=1279&fit=bounds&ois=e0ebc8b,https://media.cheshomes.com/241/2025/10/21/10-web-or-mls-317_Rhapsody_Dr_Suffolk_VA_10202025_Exterior_006.jpg?width=1920&height=1279&fit=bounds&ois=1a0c181,https://media.cheshomes.com/241/2025/10/21/12-web-or-mls-317_Rhapsody_Dr_Suffolk_VA_10202025_Exterior_011.jpg?width=1920&height=1279&fit=bounds&ois=c4d31db,https://media.cheshomes.com/241/2025/10/21/22-web-or-mls-317_Rhapsody_Dr_Suffolk_VA_10202025_HDR_030.jpg?width=1920&height=1279&fit=bounds&ois=7d31301,https://media.cheshomes.com/241/2025/10/21/23-web-or-mls-317_Rhapsody_Dr_Suffolk_VA_10202025_HDR_033.jpg?width=1920&height=1279&fit=bounds&ois=8c790e5,https://media.cheshomes.com/241/2025/10/21/25-web-or-mls-317_Rhapsody_Dr_Suffolk_VA_10202025_HDR_039.jpg?width=1920&height=1279&fit=bounds&ois=b3ea5f0,https://media.cheshomes.com/241/2025/10/21/26-web-or-mls-317_Rhapsody_Dr_Suffolk_VA_10202025_HDR_042.jpg?width=1920&height=1279&fit=bounds&ois=7867ee4,https://media.cheshomes.com/241/2025/10/21/28-web-or-mls-317_Rhapsody_Dr_Suffolk_VA_10202025_HDR_048.jpg?width=1920&height=1279&fit=bounds&ois=eace782,https://media.cheshomes.com/241/2025/10/21/29-web-or-mls-317_Rhapsody_Dr_Suffolk_VA_10202025_HDR_051.jpg?width=1920&height=1279&fit=bounds&ois=67a8cff,https://media.cheshomes.com/241/2025/10/21/30-web-or-mls-317_Rhapsody_Dr_Suffolk_VA_10202025_HDR_054.jpg?width=1920&height=1279&fit=bounds&ois=ef76d8a,https://media.cheshomes.com/241/2025/10/21/27-web-or-mls-317_Rhapsody_Dr_Suffolk_VA_10202025_HDR_045.jpg?width=1920&height=1279&fit=bounds&ois=65a521c,https://media.cheshomes.com/241/2025/10/21/37-web-or-mls-317_Rhapsody_Dr_Suffolk_VA_10202025_HDR_075.jpg?width=1920&height=1279&fit=bounds&ois=afd36d1,https://media.cheshomes.com/241/2025/10/21/38-web-or-mls-317_Rhapsody_Dr_Suffolk_VA_10202025_HDR_078.jpg?width=1920&height=1279&fit=bounds&ois=b282e2b,https://media.cheshomes.com/241/2025/10/21/39-web-or-mls-317_Rhapsody_Dr_Suffolk_VA_10202025_HDR_081.jpg?width=1920&height=1279&fit=bounds&ois=c7a860e,https://media.cheshomes.com/241/2025/10/21/40-web-or-mls-317_Rhapsody_Dr_Suffolk_VA_10202025_HDR_084.jpg?width=1920&height=1279&fit=bounds&ois=a13632b,https://media.cheshomes.com/241/2025/10/21/43-web-or-mls-317_Rhapsody_Dr_Suffolk_VA_10202025_HDR_093.jpg?width=1920&height=1279&fit=bounds&ois=cf394ab,https://media.cheshomes.com/241/2025/10/21/42-web-or-mls-317_Rhapsody_Dr_Suffolk_VA_10202025_HDR_090.jpg?width=1920&height=1279&fit=bounds&ois=1713856,https://media.cheshomes.com/241/2025/10/21/19-web-or-mls-317_Rhapsody_Dr_Suffolk_VA_10202025_HDR_021.jpg?width=1920&height=1279&fit=bounds&ois=1b54cf6,https://media.cheshomes.com/241/2025/10/21/20-web-or-mls-317_Rhapsody_Dr_Suffolk_VA_10202025_HDR_024.jpg?width=1920&height=1279&fit=bounds&ois=d1fb157,https://media.cheshomes.com/241/2025/10/21/21-web-or-mls-317_Rhapsody_Dr_Suffolk_VA_10202025_HDR_027.jpg?width=1920&height=1279&fit=bounds&ois=a361ca8,https://media.cheshomes.com/241/2025/10/21/31-web-or-mls-317_Rhapsody_Dr_Suffolk_VA_10202025_HDR_057.jpg?width=1920&height=1279&fit=bounds&ois=c9cca56,https://media.cheshomes.com/241/2025/10/21/32-web-or-mls-317_Rhapsody_Dr_Suffolk_VA_10202025_HDR_060.jpg?width=1920&height=1279&fit=bounds&ois=7cebd17,https://media.cheshomes.com/241/2025/10/21/35-web-or-mls-317_Rhapsody_Dr_Suffolk_VA_10202025_HDR_069.jpg?width=1920&height=1279&fit=bounds&ois=c34660b,https://media.cheshomes.com/241/2025/10/21/36-web-or-mls-317_Rhapsody_Dr_Suffolk_VA_10202025_HDR_072.jpg?width=1920&height=1279&fit=bounds&ois=1452dfb,https://media.cheshomes.com/241/2025/10/21/33-web-or-mls-317_Rhapsody_Dr_Suffolk_VA_10202025_HDR_063.jpg?width=1920&height=1279&fit=bounds&ois=c4398e6,https://media.cheshomes.com/241/2025/10/21/17-web-or-mls-317_Rhapsody_Dr_Suffolk_VA_10202025_Exterior_014.jpg?width=1920&height=1279&fit=bounds&ois=8a1ad5b,https://media.cheshomes.com/241/2025/10/21/18-web-or-mls-317_Rhapsody_Dr_Suffolk_VA_10202025_Exterior_015.jpg?width=1920&height=1279&fit=bounds&ois=ca7b8d5,https://media.cheshomes.com/241/2025/10/21/3-web-or-mls-317_Rhapsody_Dr_Suffolk_VA_10202025_Exterior_013.jpg?width=1920&height=1279&fit=bounds&ois=c385062,https://media.cheshomes.com/241/2025/10/21/9-web-or-mls-317_Rhapsody_Dr_Suffolk_VA_10202025_Exterior_005.jpg?width=1920&height=1440&fit=bounds&ois=4f55d69,https://media.cheshomes.com/241/2025/10/21/8-web-or-mls-317_Rhapsody_Dr_Suffolk_VA_10202025_Exterior_003.jpg?width=1920&height=1440&fit=bounds&ois=8f7fac7,https://media.cheshomes.com/241/2025/10/21/6-web-or-mls-317_Rhapsody_Dr_Suffolk_VA_10202025_Exterior_001.jpg?width=1920&height=1440&fit=bounds&ois=1b73761"
https://www.cheshomes.com/new-homes/nc/calabash/coastal-club-of-the-carolinas/14279/3196-river-crane-loop-nw/1732918/,Coastal Club of the Carolinas,,,3196 River Crane Loop NW,Calabash,NC,,,,,Chesapeake Homes,,,2,,,,,,,https://www.cheshomes.com,"Welcome to

Coastal Club of the Carolinas

Where laid-back living meets everyday adventure at

Coastal Club of the Carolinas in Calabash, NC

. Just minutes from the soft sands of

Cherry Grove Beach

and

Sunset Beach

, this vibrant coastal community was designed for those who want more out of life — more sunshine, more connection, more fun. Enjoy the

resort-style pool

, playing a friendly match of

pickleball

, or gathering with neighbors around the

firepits

, you’ll feel right at home. Kids and pups can run free at the

playgrounds

dog park

, while

green spaces,

a

community garden

, and a

central park area

set the scene for picnics, evening strolls, or even outdoor concerts under the stars.

Beyond your doorstep, you’ll find endless options for shopping, dining, and entertainment — all just a quick drive away. And with Chesapeake Homes offering a variety of stylish, functional floorplans built to fit your lifestyle, it’s easy to settle into a home that feels just right.

At Coastal Club, it’s not just a place to live —

it’s a coastal lifestyle you’ll love.",,,"With up to 1,932 square feet of living space, the Hibiscus is one of the largest of the Villas and offers several options that hold beauty and utility in high regard. Upon entering the home, you’ll be greeted by the double-height foyer which leads you to the wide-open downstairs living space. The open concept layout and large, 7’ kitchen island lends itself to always being the home’s gathering place. When you’re ready to get outside, enjoy the ocean air while relaxing on your rear-covered porch. Upstairs, you will find two bedrooms, a full bathroom, and an open loft. The Hibiscus is perfect for your family or a revolving door of visitors who can’t wait to enjoy coastal living with you.*PHOTOS OF SIMILAR HOME*",3,2,1,2,1782,,,,,,,,,,,,,,,,,2,3,2,1,1782,2,,,,,,,,,,,,,,"https://media.cheshomes.com/241/2025/5/21/081.jpg?width=1920&height=1279&fit=bounds&ois=120110d,https://media.cheshomes.com/241/2025/5/21/095.jpg?width=1920&height=1279&fit=bounds&ois=7e55eaf,https://media.cheshomes.com/241/2025/5/21/091.jpg?width=1920&height=1279&fit=bounds&ois=54634b6,https://media.cheshomes.com/241/2025/5/21/079.jpg?width=1920&height=1279&fit=bounds&ois=9b84273,https://media.cheshomes.com/241/2025/7/31/A92A3515.jpg?width=1920&height=1279&fit=bounds&ois=a035f73,https://media.cheshomes.com/241/2025/7/31/A92A3539.jpg?width=1920&height=1279&fit=bounds&ois=0e5456a,https://media.cheshomes.com/241/2025/5/21/089.jpg?width=1920&height=1279&fit=bounds&ois=61cde50,https://media.cheshomes.com/241/2025/7/31/A92A3549.jpg?width=1920&height=1279&fit=bounds&ois=7fca4d3,https://media.cheshomes.com/241/2025/7/31/A92A3530.jpg?width=1920&height=1279&fit=bounds&ois=ddbacda,https://media.cheshomes.com/241/2025/7/31/A92A3524_eQiYxQX.jpg?width=1920&height=1279&fit=bounds&ois=b998f89,https://media.cheshomes.com/241/2025/5/21/078.jpg?width=1920&height=1279&fit=bounds&ois=f26ee27,https://media.cheshomes.com/241/2025/7/31/A92A3617.jpg?width=1920&height=1279&fit=bounds&ois=a4b3dec,https://media.cheshomes.com/241/2025/7/31/A92A3637.jpg?width=1920&height=1279&fit=bounds&ois=8b61ca1,https://media.cheshomes.com/241/2025/7/31/A92A3632.jpg?width=1920&height=1279&fit=bounds&ois=dedd162,https://media.cheshomes.com/241/2025/5/21/043.jpg?width=1920&height=1279&fit=bounds&ois=dd5d74a,https://media.cheshomes.com/241/2025/7/31/A92A3653.jpg?width=1920&height=1279&fit=bounds&ois=70bbb14,https://media.cheshomes.com/241/2025/5/21/104.jpg?width=1920&height=1279&fit=bounds&ois=0a37bc9,https://media.cheshomes.com/241/2025/5/21/107.jpg?width=1920&height=1279&fit=bounds&ois=190ffbd,https://media.cheshomes.com/241/2025/7/31/A92A3475.jpg?width=1920&height=1279&fit=bounds&ois=b0b0b4e,https://media.cheshomes.com/241/2025/7/31/A92A3481.jpg?width=1920&height=1279&fit=bounds&ois=dff678e,https://media.cheshomes.com/241/2025/7/31/A92A3486_LPNki5d.jpg?width=1920&height=1279&fit=bounds&ois=dffd68a,https://media.cheshomes.com/241/2025/5/21/113.jpg?width=1920&height=1279&fit=bounds&ois=5d18a09,https://media.cheshomes.com/241/2025/5/21/112.jpg?width=1920&height=1279&fit=bounds&ois=943de1b,https://media.cheshomes.com/241/2025/5/21/058.jpg?width=1920&height=1279&fit=bounds&ois=307e923,https://media.cheshomes.com/241/2025/5/21/118.jpg?width=1920&height=1279&fit=bounds&ois=b21af87,https://media.cheshomes.com/241/2025/5/21/056.jpg?width=1920&height=1279&fit=bounds&ois=7f7eb74,https://media.cheshomes.com/241/2025/7/31/A92A3495.jpg?width=1920&height=1279&fit=bounds&ois=5bb7f19,https://media.cheshomes.com/241/2025/7/31/A92A3709.jpg?width=1920&height=1279&fit=bounds&ois=7e2794b,https://media.cheshomes.com/241/2025/7/31/A92A3713.jpg?width=1920&height=1279&fit=bounds&ois=3711a95,https://media.cheshomes.com/241/2025/7/31/A92A3722.jpg?width=1920&height=1279&fit=bounds&ois=91da23e,https://media.cheshomes.com/241/2025/5/21/122.jpg?width=1920&height=1279&fit=bounds&ois=bfc747a,https://media.cheshomes.com/241/2025/5/21/067_DTE.jpg?width=1920&height=1279&fit=bounds&ois=d0e5905"
https://www.cheshomes.com/new-homes/nc/calabash/coastal-club-of-the-carolinas/14279/3200-river-crane-loop-nw/1732915/,Coastal Club of the Carolinas,,,3200 River Crane Loop NW,Calabash,NC,,,,,Chesapeake Homes,,,2,,,,,,,https://www.cheshomes.com,"Welcome to

Coastal Club of the Carolinas

Where laid-back living meets everyday adventure at

Coastal Club of the Carolinas in Calabash, NC

. Just minutes from the soft sands of

Cherry Grove Beach

and

Sunset Beach

, this vibrant coastal community was designed for those who want more out of life — more sunshine, more connection, more fun. Enjoy the

resort-style pool

, playing a friendly match of

pickleball

, or gathering with neighbors around the

firepits

, you’ll feel right at home. Kids and pups can run free at the

playgrounds

dog park

, while

green spaces,

a

community garden

, and a

central park area

set the scene for picnics, evening strolls, or even outdoor concerts under the stars.

Beyond your doorstep, you’ll find endless options for shopping, dining, and entertainment — all just a quick drive away. And with Chesapeake Homes offering a variety of stylish, functional floorplans built to fit your lifestyle, it’s easy to settle into a home that feels just right.

At Coastal Club, it’s not just a place to live —

it’s a coastal lifestyle you’ll love.",,,"The Orchid plan offers the comforts of your home in a cozy package, complete with all the thoughtful details you would expect in a home from Chesapeake Homes. This home offers 1,438 square feet of living space complete with a secondary bedroom and flex space. Living is easy in The Orchid’s open concept single floor living space. The rear covered porch can become an extension of your great room, with the sliding glass doors that will lead you outside to enjoy the seasonal weather year-round. The great room, open kitchen and dining area flow seamlessly from one room to the next. And finally, delight in the architectural details that will set your home apart with beautifully proportioned windows and trim work that quietly impress. The Orchid could be exactly what you are looking for in you next home. Schedule your appointment today!*PHOTOS OF SIMILAR HOME*",3,2,,1,1483,,,,,,,,,,,,,,,,,2,3,2,,1483,1,,,,,,,,,,,,,,"https://media.cheshomes.com/241/2025/7/31/A92A3774.jpg?width=1920&height=1279&fit=bounds&ois=8213132,https://media.cheshomes.com/241/2025/7/31/A92A3754.jpg?width=1920&height=1279&fit=bounds&ois=18cdb33,https://media.cheshomes.com/241/2025/5/21/023.jpg?width=1920&height=1279&fit=bounds&ois=5f960e2,https://media.cheshomes.com/241/2025/5/21/027.jpg?width=959&height=1440&fit=bounds&ois=109cb44,https://media.cheshomes.com/241/2025/5/21/039.jpg?width=1920&height=1279&fit=bounds&ois=6e90ec2,https://media.cheshomes.com/241/2025/5/21/035.jpg?width=1920&height=1279&fit=bounds&ois=8ad5a27,https://media.cheshomes.com/241/2025/5/21/032.jpg?width=1920&height=1279&fit=bounds&ois=4cda717,https://media.cheshomes.com/241/2025/7/31/A92A3794.jpg?width=1920&height=1279&fit=bounds&ois=cf5492e,https://media.cheshomes.com/241/2025/7/31/A92A3824.jpg?width=1920&height=1279&fit=bounds&ois=3dd5237,https://media.cheshomes.com/241/2025/7/31/A92A3871.jpg?width=1920&height=1279&fit=bounds&ois=a6ca728,https://media.cheshomes.com/241/2025/5/21/044.jpg?width=1920&height=1279&fit=bounds&ois=6a5e063,https://media.cheshomes.com/241/2025/5/21/042.jpg?width=1920&height=1279&fit=bounds&ois=24c8289,https://media.cheshomes.com/241/2025/5/21/045.jpg?width=1920&height=1279&fit=bounds&ois=e03412c,https://media.cheshomes.com/241/2025/5/21/047.jpg?width=959&height=1440&fit=bounds&ois=41f40d4,https://media.cheshomes.com/241/2025/5/21/050.jpg?width=1920&height=1279&fit=bounds&ois=e172e24,https://media.cheshomes.com/241/2025/5/21/051.jpg?width=1920&height=1279&fit=bounds&ois=5ff8921,https://media.cheshomes.com/241/2025/7/31/A92A3986.jpg?width=1920&height=1279&fit=bounds&ois=727ec96,https://media.cheshomes.com/241/2025/7/31/A92A3992.jpg?width=1920&height=1279&fit=bounds&ois=78fcb10,https://media.cheshomes.com/241/2025/7/31/A92A4003.jpg?width=1920&height=1279&fit=bounds&ois=209606f,https://media.cheshomes.com/241/2025/7/31/A92A4007.jpg?width=1920&height=1279&fit=bounds&ois=f07c21e,https://media.cheshomes.com/241/2025/5/21/020.jpg?width=1920&height=1279&fit=bounds&ois=0965ce6"
https://www.cheshomes.com/new-homes/va/suffolk/estates-at-river-club/19747/320-rhapsody-drive/1717238/,Estates at River Club,36.8456,-76.4985,320 Rhapsody Drive,Suffolk,VA,,,,,Chesapeake Homes,,,3,,,,,,,https://www.cheshomes.com,"The Estates at River Club offer luxury

new single-family homes

in

Suffolk, VA,

designed for those seeking more space, refined details, and a

connected community lifestyle

. Ideally located in the heart of Suffolk, The Estates at River Club places you just minutes from

Bennett's Creek Park & Boat Launch

, and the shops and dining of

Harbour View

. Exploring the greater

Hampton Roads

area is simple with convenient access to

Highway 664.

With

resort-inspired amenities

and a prime Suffolk location, The Estates at River Club are ideal for those searching for

new construction

homes, with

large homesites

and a more

elevated living experience

.",,,"Enter the beautiful Bennett Model from your covered front porch and take in the open-space floorplan. The Bennett features a large great room with stunning coffered ceilings. While kicking back and relaxing in your new great room, that favorite snack isn't far away as the kitchen blends into the floorplan, allowing for daily function. A beautiful gourmet island separates the gourmet kitchen, dining area, and drop zone from the other half of the first floor. But the first floor of The Bennett doesn't stop there! With the owner's suite located on this level, your day-to-day tasks have never been this easy, especially with the easy access flow of bedroom to bathroom to laundry room. Plus you will fall in love with the huge walk-in closet connected to the owner's bathroom. The Bennett features an additional bedroom with a private full bath attached. Perfect for when guests from out of town need a place to stay. The second floor of The Bennett is just as gorgeous as the first. This level features three more nicely sized bedrooms, a full bath with dual sinks, a bonus room, and a remote learning area. With The Bennett, every member of your family has their own space, while also allowing for communal areas for that family game night or a summer barbecue out on your rear covered porch. Welcome Home and get ready to love The Bennett! *Photos of Similar Home Shown",5,3,1,2,3489,909900,,,,,,,,,,,,,,,,3,5,3,1,3489,2,909900,,,,,,,,,,,,,"https://media.cheshomes.com/241/2026/4/10/R2_80_edited_no_grass.jpg?width=1920&height=1440&fit=bounds&ois=b671642,https://media.cheshomes.com/241/2026/3/3/the_bennett_no_side_walk_or_sign.png?width=1920&height=1209&fit=bounds&ois=5b69900,https://media.cheshomes.com/241/2026/3/3/O-1_Yg5CEaL.jpg?width=1920&height=1279&fit=bounds&ois=97ed5e1,https://media.cheshomes.com/241/2026/3/3/O-2.jpg?width=1920&height=1279&fit=bounds&ois=d192d53,https://media.cheshomes.com/241/2026/3/3/O-8.jpg?width=1920&height=1279&fit=bounds&ois=c8e0a35,https://media.cheshomes.com/241/2026/3/3/O-3.jpg?width=1920&height=1279&fit=bounds&ois=19e6e36,https://media.cheshomes.com/241/2026/3/3/O-4.jpg?width=1920&height=1279&fit=bounds&ois=64a6be4,https://media.cheshomes.com/241/2026/3/3/O-5.jpg?width=1920&height=1279&fit=bounds&ois=a7cb6b3,https://media.cheshomes.com/241/2026/3/3/O-7.jpg?width=1920&height=1279&fit=bounds&ois=753c9ee,https://media.cheshomes.com/241/2026/3/3/O-15.jpg?width=1920&height=1279&fit=bounds&ois=b401004,https://media.cheshomes.com/241/2026/3/3/O-16_vR8aJ9Y.jpg?width=1920&height=1279&fit=bounds&ois=102280c,https://media.cheshomes.com/241/2026/3/3/O-17.jpg?width=1920&height=1279&fit=bounds&ois=cd7e981,https://media.cheshomes.com/241/2026/3/3/O-34_gfEyc5I.jpg?width=1920&height=1279&fit=bounds&ois=3f8e8c0,https://media.cheshomes.com/241/2026/3/3/O-35.jpg?width=1920&height=1279&fit=bounds&ois=6adc8a4,https://media.cheshomes.com/241/2026/3/3/O-38.jpg?width=1920&height=1279&fit=bounds&ois=5200868,https://media.cheshomes.com/241/2026/3/3/O-39.jpg?width=1920&height=1279&fit=bounds&ois=64a9238,https://media.cheshomes.com/241/2026/3/3/O-42.jpg?width=1920&height=1279&fit=bounds&ois=be2334d,https://media.cheshomes.com/241/2026/3/3/O-40.jpg?width=1920&height=1279&fit=bounds&ois=137431f,https://media.cheshomes.com/241/2026/3/3/O-41_vEaS4pK.jpg?width=1920&height=1279&fit=bounds&ois=be591e5,https://media.cheshomes.com/241/2026/3/3/O-43.jpg?width=1920&height=1279&fit=bounds&ois=a80c667,https://media.cheshomes.com/241/2026/3/3/O-44.jpg?width=1920&height=1279&fit=bounds&ois=ba38c76,https://media.cheshomes.com/241/2026/3/3/O-19.jpg?width=1920&height=1279&fit=bounds&ois=94188d0,https://media.cheshomes.com/241/2026/3/3/O-29.jpg?width=1920&height=1279&fit=bounds&ois=6a75d9c,https://media.cheshomes.com/241/2026/3/3/O-28.jpg?width=1920&height=1279&fit=bounds&ois=7b87f05,https://media.cheshomes.com/241/2026/3/3/O-24.jpg?width=1920&height=1279&fit=bounds&ois=aff47cf,https://media.cheshomes.com/241/2026/3/3/O-21.jpg?width=1920&height=1279&fit=bounds&ois=9bb7771,https://media.cheshomes.com/241/2026/3/3/O-22.jpg?width=1920&height=1279&fit=bounds&ois=1e868fb,https://media.cheshomes.com/241/2026/3/3/O-25.jpg?width=1920&height=1279&fit=bounds&ois=bb00913,https://media.cheshomes.com/241/2026/3/3/O-27.jpg?width=1920&height=1279&fit=bounds&ois=669f946,https://media.cheshomes.com/241/2026/3/3/O-55.jpg?width=1920&height=1279&fit=bounds&ois=b572bba,https://media.cheshomes.com/241/2026/3/3/O-51.jpg?width=1920&height=1279&fit=bounds&ois=3fc8000,https://media.cheshomes.com/241/2026/3/3/O-52.jpg?width=1920&height=1279&fit=bounds&ois=73c5f6b,https://media.cheshomes.com/241/2026/3/3/O-48.jpg?width=1920&height=1279&fit=bounds&ois=078b88a,https://media.cheshomes.com/241/2026/3/3/O-10.jpg?width=1920&height=1279&fit=bounds&ois=18b2e0a,https://media.cheshomes.com/241/2026/3/3/O-57.jpg?width=1920&height=1279&fit=bounds&ois=d3854b0,https://media.cheshomes.com/241/2026/3/3/O-59.jpg?width=1920&height=1279&fit=bounds&ois=533edc8,https://media.cheshomes.com/241/2026/3/3/O-62.jpg?width=1920&height=1279&fit=bounds&ois=2bddbb7,https://media.cheshomes.com/241/2026/3/3/O-63.jpg?width=1920&height=1279&fit=bounds&ois=013476c,https://media.cheshomes.com/241/2026/3/3/O-64.jpg?width=1920&height=1279&fit=bounds&ois=b46e222,https://media.cheshomes.com/241/2026/3/3/O-66.jpg?width=1920&height=1279&fit=bounds&ois=366a2f3,https://media.cheshomes.com/241/2026/3/3/O-67.jpg?width=1920&height=1279&fit=bounds&ois=6abd7c7,https://media.cheshomes.com/241/2026/3/3/O-68.jpg?width=1920&height=1279&fit=bounds&ois=234a0ca,https://media.cheshomes.com/241/2026/3/3/O-71.jpg?width=1920&height=1279&fit=bounds&ois=63ee54b,https://media.cheshomes.com/241/2026/3/3/O-72.jpg?width=1920&height=1279&fit=bounds&ois=0646aa2,https://media.cheshomes.com/241/2026/3/3/O-75.jpg?width=1920&height=1279&fit=bounds&ois=77fecd9,https://media.cheshomes.com/241/2026/3/3/O-76.jpg?width=1920&height=1279&fit=bounds&ois=c0b1e4d,https://media.cheshomes.com/241/2026/3/3/O-45.jpg?width=1920&height=1279&fit=bounds&ois=e81dce5,https://media.cheshomes.com/241/2026/3/3/O-46.jpg?width=1920&height=1279&fit=bounds&ois=aab6e6d,https://media.cheshomes.com/241/2026/3/3/O-11.jpg?width=1920&height=1279&fit=bounds&ois=d7116cd,https://media.cheshomes.com/241/2026/3/3/O-31.jpg?width=1920&height=1279&fit=bounds&ois=b4affd3,https://media.cheshomes.com/241/2026/3/3/O-33.jpg?width=1920&height=1279&fit=bounds&ois=7759ed2,https://media.cheshomes.com/241/2026/3/3/O-108.jpg?width=1920&height=1275&fit=bounds&ois=efb0196"
https://www.cheshomes.com/new-homes/va/suffolk/estates-at-river-club/19747/322-rhapsody-drive/1717082/,Estates at River Club,36.8458,-76.499,322 Rhapsody Drive,Suffolk,VA,,,,,Chesapeake Homes,,,3,,,,,,,https://www.cheshomes.com,"The Estates at River Club offer luxury

new single-family homes

in

Suffolk, VA,

designed for those seeking more space, refined details, and a

connected community lifestyle

. Ideally located in the heart of Suffolk, The Estates at River Club places you just minutes from

Bennett's Creek Park & Boat Launch

, and the shops and dining of

Harbour View

. Exploring the greater

Hampton Roads

area is simple with convenient access to

Highway 664.

With

resort-inspired amenities

and a prime Suffolk location, The Estates at River Club are ideal for those searching for

new construction

homes, with

large homesites

and a more

elevated living experience

.",,,"Not a single inch of this 3,600+ square feet goes to waste with The Carlisle! Walk into your new home and instantly be welcomed by an open formal dining room with coffered ceilings connected to the rest of the first floor. When you walk into the great room, you're greeted by a gas fireplace and a stunning glass sliding door to your rear covered porch to enhance your indoor/outdoor living. If you love to cook, you won't be disappointed; your kitchen is designed with a massive L-shaped island. Just off the kitchen, we can't forget about the sunny breakfast nook right outside your personal Zoom office. Whether you work from home, need a kid's study area, or just need more space, this could be the answer you've been looking for. The Carlisle first floor also hosts a full-size office space, powder room, and guest room with an attached private bath. Once you head up the stairs, a large bonus room area is the first thing you will find on this floor, with a remote learning area attached. Use the bonus room to create the perfect movie room, workout area, or playroom. There are three bedrooms and two full baths, one of which features a dual sink vanity, so no one has to wait on one another to get ready to start their day. The Owner's Suite is the oasis you need after a hectic day, with stunning tray ceilings, a large spa-like bathroom with a deluxe shower and tub, 2 separate vanities, and a vast walk-in closet. Get ready to make all your friends and family jealous of your new home with The Carlisle.",5,4,1,2,3694,899900,,,,,,,,,,,,,,,,3,5,4,1,3694,2,899900,,,,,,,,,,,,,https://media.cheshomes.com/241/2026/4/13/Lot_81-EXT_Photo_green_grass.jpg?width=640&height=448&fit=bounds&ois=1535f97
https://www.cheshomes.com/new-homes/va/suffolk/edgewater/17716/321-tarn-court/1736478/,Edgewater,36.7073,-76.6273,321 Tarn Court,Suffolk,VA,,,,,Chesapeake Homes,,,2,,,,,,,https://www.cheshomes.com,"Welcome to Edgewater,

new construction homes in Suffolk, VA

, across from the scenic

Speights Run Reservoir

. This community offers the perfect mix of peaceful surroundings and everyday convenience, with a neighborhood

playground

just steps from home. Nearby, enjoy the

trails and open spaces

at

Lakeside Park

or head into

Downtown Suffolk

for

local dining, shopping, and events

that bring the community together.

With easy access to

Route 13

, you’re never far from it all. Commuting to

Norfolk

or relaxing on the shores of

Virginia Beach

is just a short drive away, along with endless opportunities for entertainment, shopping, and coastal living throughout

Hampton Roads

. If you’re looking for

new homes

for sale in Suffolk, VA

,

this is where

comfort, connection, and natural beauty

truly come together.",,,"The Hawthorne is a beautifully designed home that offers comfort, flexibility, and plenty of room to grow. With 2,176 square feet of thoughtfully planned space, this floor plan includes four bedrooms, two full bathrooms, and a powder room.On the first floor, you’ll find a spacious open concept living area where the great room, breakfast area, and kitchen flow seamlessly together, ideal for both everyday living and entertaining. Also downstairs, there’s a formal dining room, a convenient powder room, and access to a two-car garage. Upstairs, all bedrooms are located together, including the impressive owner’s suite with tray ceilings, a large bathroom, and two walk-in closets. The laundry room is located just outside the suite for easy access, alongside three additional bedrooms, a full bath. The Hawthorne is a flexible, welcoming floor plan that adapts beautifully to your lifestyle, whether you're starting fresh, growing your family, or simply ready for something new.*Photos of Similar Home Shown",4,2,1,2,2176,489900,,,,,,,,,,,,,,,,2,4,2,1,2176,2,489900,,,,,,,,,,,,,"https://media.cheshomes.com/241/2026/4/15/EW_33_Update_KpSGp7t.jpg?width=1920&height=1286&fit=bounds&ois=9f705b8,https://media.cheshomes.com/241/2026/4/17/The_Hawthorne_qJAH7GK.jpg?width=1920&height=1375&fit=bounds&ois=c69e555,https://media.cheshomes.com/241/2026/4/17/collov-ai_20260417094800_r5e249_KDXjUIC.jpg?width=1264&height=842&fit=bounds&ois=c594a02,https://media.cheshomes.com/241/2026/4/17/25-web-or-mls-ext-18.jpg?width=1920&height=1279&fit=bounds&ois=b34910a,https://media.cheshomes.com/241/2026/4/17/24-web-or-mls-ext-15.jpg?width=1920&height=1279&fit=bounds&ois=67a1038,https://media.cheshomes.com/241/2026/4/17/26-web-or-mls-ext-21.jpg?width=1920&height=1279&fit=bounds&ois=4536c86,https://media.cheshomes.com/241/2026/4/17/collov-ai_20260417094138_31ofae.jpg?width=1264&height=842&fit=bounds&ois=d626c0c,https://media.cheshomes.com/241/2026/4/17/28-web-or-mls-ext-27.jpg?width=1920&height=1279&fit=bounds&ois=ae52f04,https://media.cheshomes.com/241/2026/4/17/27-web-or-mls-ext-24.jpg?width=1920&height=1279&fit=bounds&ois=152f72a,https://media.cheshomes.com/241/2026/4/17/30-web-or-mls-ext-33.jpg?width=1920&height=1279&fit=bounds&ois=f02c3dd,https://media.cheshomes.com/241/2026/4/17/32-web-or-mls-ext-39_xRNnqBl.jpg?width=1920&height=1279&fit=bounds&ois=a79477c,https://media.cheshomes.com/241/2026/4/17/40-web-or-mls-ext-63.jpg?width=1920&height=1279&fit=bounds&ois=d4568a8,https://media.cheshomes.com/241/2026/4/17/41-web-or-mls-ext-66.jpg?width=1920&height=1279&fit=bounds&ois=ee99a39,https://media.cheshomes.com/241/2026/4/17/37-web-or-mls-ext-54.jpg?width=1920&height=1279&fit=bounds&ois=e6731d4,https://media.cheshomes.com/241/2026/4/17/39-web-or-mls-ext-60_SOblVul.jpg?width=1920&height=1279&fit=bounds&ois=ec6b43f,https://media.cheshomes.com/241/2026/4/17/38-web-or-mls-ext-57.jpg?width=1920&height=1279&fit=bounds&ois=fe5af23,https://media.cheshomes.com/241/2026/4/17/19-web-or-mls-ext-6.jpg?width=1920&height=1279&fit=bounds&ois=68b155d,https://media.cheshomes.com/241/2026/4/17/17-web-or-mls-ext-3.jpg?width=1920&height=1279&fit=bounds&ois=910f208,https://media.cheshomes.com/241/2026/4/17/22-web-or-mls-ext-9.jpg?width=1920&height=1279&fit=bounds&ois=6e43e0d,https://media.cheshomes.com/241/2026/4/17/23-web-or-mls-ext-12.jpg?width=1920&height=1279&fit=bounds&ois=48cf78c,https://media.cheshomes.com/241/2026/4/17/42-web-or-mls-ext-69.jpg?width=1920&height=1279&fit=bounds&ois=9b68096,https://media.cheshomes.com/241/2026/4/17/43-web-or-mls-ext-72.jpg?width=1920&height=1279&fit=bounds&ois=15598af,https://media.cheshomes.com/241/2026/4/17/44-web-or-mls-ext-75.jpg?width=1920&height=1279&fit=bounds&ois=63da24d,https://media.cheshomes.com/241/2026/4/17/35-web-or-mls-ext-48.jpg?width=1920&height=1279&fit=bounds&ois=1e3ea87,https://media.cheshomes.com/241/2026/4/17/45-web-or-mls-ext-78.jpg?width=1920&height=1279&fit=bounds&ois=c3a1521,https://media.cheshomes.com/241/2026/4/17/46-web-or-mls-ext-81.jpg?width=1920&height=1279&fit=bounds&ois=7562805,https://media.cheshomes.com/241/2026/4/17/36-web-or-mls-ext-51.jpg?width=1920&height=1279&fit=bounds&ois=d5adc14,https://media.cheshomes.com/241/2026/4/17/34-web-or-mls-ext-45.jpg?width=1920&height=1279&fit=bounds&ois=90e589c,https://media.cheshomes.com/241/2026/4/17/15-web-or-mls-ext-2.jpg?width=1920&height=1279&fit=bounds&ois=9797ce8"
https://www.cheshomes.com/new-homes/va/suffolk/edgewater/17716/322-tarn-court/1737911/,Edgewater,36.7079,-76.6271,322 Tarn Court,Suffolk,VA,,,,,Chesapeake Homes,,,2,,,,,,,https://www.cheshomes.com,"Welcome to Edgewater,

new construction homes in Suffolk, VA

, across from the scenic

Speights Run Reservoir

. This community offers the perfect mix of peaceful surroundings and everyday convenience, with a neighborhood

playground

just steps from home. Nearby, enjoy the

trails and open spaces

at

Lakeside Park

or head into

Downtown Suffolk

for

local dining, shopping, and events

that bring the community together.

With easy access to

Route 13

, you’re never far from it all. Commuting to

Norfolk

or relaxing on the shores of

Virginia Beach

is just a short drive away, along with endless opportunities for entertainment, shopping, and coastal living throughout

Hampton Roads

. If you’re looking for

new homes

for sale in Suffolk, VA

,

this is where

comfort, connection, and natural beauty

truly come together.",,,"The Hawthorne is a beautifully designed home that offers comfort, flexibility, and plenty of room to grow. With 2,176 square feet of thoughtfully planned space, this floor plan includes four bedrooms, and two and half bathrooms. On the first floor, you’ll find a spacious open concept living area where the great room, breakfast area, and kitchen flow seamlessly together, ideal for both everyday living and entertaining. Also downstairs, there’s a formal dining room, a convenient powder room, and access to a two-car garage.Upstairs, all bedrooms are located together, including the impressive owner’s suite with elevated tray ceilings, a large bathroom, and two walk-in closets. The laundry room is located just outside the suite for easy access, alongside three additional bedrooms and a full bath.The Hawthorne is a flexible, welcoming floor plan that adapts beautifully to your lifestyle, whether you're starting fresh, growing your family, or simply ready for something new.*Photos of Similar Home Shown",4,2,1,2,2176,487900,,,,,,,,,,,,,,,,2,4,2,1,2176,2,487900,,,,,,,,,,,,,"https://media.cheshomes.com/241/2026/4/20/EW_67_Update.jpg?width=1687&height=1440&fit=bounds&ois=86e9562,https://media.cheshomes.com/241/2026/3/13/EW_67_Exterior_ZCP2nwx.jpg?width=1800&height=1200&fit=bounds&ois=98d466c,https://media.cheshomes.com/241/2026/4/17/The_Hawthorne_qJAH7GK.jpg?width=1920&height=1375&fit=bounds&ois=c69e555,https://media.cheshomes.com/241/2026/4/17/collov-ai_20260417094800_r5e249_KDXjUIC.jpg?width=1264&height=842&fit=bounds&ois=c594a02,https://media.cheshomes.com/241/2026/4/17/25-web-or-mls-ext-18.jpg?width=1920&height=1279&fit=bounds&ois=b34910a,https://media.cheshomes.com/241/2026/4/17/24-web-or-mls-ext-15.jpg?width=1920&height=1279&fit=bounds&ois=67a1038,https://media.cheshomes.com/241/2026/4/17/26-web-or-mls-ext-21.jpg?width=1920&height=1279&fit=bounds&ois=4536c86,https://media.cheshomes.com/241/2026/4/17/collov-ai_20260417094138_31ofae.jpg?width=1264&height=842&fit=bounds&ois=d626c0c,https://media.cheshomes.com/241/2026/4/17/28-web-or-mls-ext-27.jpg?width=1920&height=1279&fit=bounds&ois=ae52f04,https://media.cheshomes.com/241/2026/4/17/27-web-or-mls-ext-24.jpg?width=1920&height=1279&fit=bounds&ois=152f72a,https://media.cheshomes.com/241/2026/4/17/30-web-or-mls-ext-33.jpg?width=1920&height=1279&fit=bounds&ois=f02c3dd,https://media.cheshomes.com/241/2026/4/17/32-web-or-mls-ext-39_xRNnqBl.jpg?width=1920&height=1279&fit=bounds&ois=a79477c,https://media.cheshomes.com/241/2026/4/17/40-web-or-mls-ext-63.jpg?width=1920&height=1279&fit=bounds&ois=d4568a8,https://media.cheshomes.com/241/2026/4/17/41-web-or-mls-ext-66.jpg?width=1920&height=1279&fit=bounds&ois=ee99a39,https://media.cheshomes.com/241/2026/4/17/37-web-or-mls-ext-54.jpg?width=1920&height=1279&fit=bounds&ois=e6731d4,https://media.cheshomes.com/241/2026/4/17/39-web-or-mls-ext-60_SOblVul.jpg?width=1920&height=1279&fit=bounds&ois=ec6b43f,https://media.cheshomes.com/241/2026/4/17/38-web-or-mls-ext-57.jpg?width=1920&height=1279&fit=bounds&ois=fe5af23,https://media.cheshomes.com/241/2026/4/17/19-web-or-mls-ext-6.jpg?width=1920&height=1279&fit=bounds&ois=68b155d,https://media.cheshomes.com/241/2026/4/17/17-web-or-mls-ext-3.jpg?width=1920&height=1279&fit=bounds&ois=910f208,https://media.cheshomes.com/241/2026/4/17/22-web-or-mls-ext-9.jpg?width=1920&height=1279&fit=bounds&ois=6e43e0d,https://media.cheshomes.com/241/2026/4/17/23-web-or-mls-ext-12.jpg?width=1920&height=1279&fit=bounds&ois=48cf78c,https://media.cheshomes.com/241/2026/4/17/42-web-or-mls-ext-69.jpg?width=1920&height=1279&fit=bounds&ois=9b68096,https://media.cheshomes.com/241/2026/4/17/43-web-or-mls-ext-72.jpg?width=1920&height=1279&fit=bounds&ois=15598af,https://media.cheshomes.com/241/2026/4/17/44-web-or-mls-ext-75.jpg?width=1920&height=1279&fit=bounds&ois=63da24d,https://media.cheshomes.com/241/2026/4/17/35-web-or-mls-ext-48.jpg?width=1920&height=1279&fit=bounds&ois=1e3ea87,https://media.cheshomes.com/241/2026/4/17/45-web-or-mls-ext-78.jpg?width=1920&height=1279&fit=bounds&ois=c3a1521,https://media.cheshomes.com/241/2026/4/17/46-web-or-mls-ext-81.jpg?width=1920&height=1279&fit=bounds&ois=7562805,https://media.cheshomes.com/241/2026/4/17/36-web-or-mls-ext-51.jpg?width=1920&height=1279&fit=bounds&ois=d5adc14,https://media.cheshomes.com/241/2026/4/17/34-web-or-mls-ext-45.jpg?width=1920&height=1279&fit=bounds&ois=90e589c,https://media.cheshomes.com/241/2026/4/17/15-web-or-mls-ext-2.jpg?width=1920&height=1279&fit=bounds&ois=9797ce8"
https://www.cheshomes.com/new-homes/va/suffolk/edgewater/17716/324-tarn-court/1750166/,Edgewater,36.70795,-76.6266,324 Tarn Court,Suffolk,VA,,,,,Chesapeake Homes,,,2,,,,,,,https://www.cheshomes.com,"Welcome to Edgewater,

new construction homes in Suffolk, VA

, across from the scenic

Speights Run Reservoir

. This community offers the perfect mix of peaceful surroundings and everyday convenience, with a neighborhood

playground

just steps from home. Nearby, enjoy the

trails and open spaces

at

Lakeside Park

or head into

Downtown Suffolk

for

local dining, shopping, and events

that bring the community together.

With easy access to

Route 13

, you’re never far from it all. Commuting to

Norfolk

or relaxing on the shores of

Virginia Beach

is just a short drive away, along with endless opportunities for entertainment, shopping, and coastal living throughout

Hampton Roads

. If you’re looking for

new homes

for sale in Suffolk, VA

,

this is where

comfort, connection, and natural beauty

truly come together.",,,"This nearly 2,500-square-foot home is the perfect choice for any family in search of a new place to call theirs. The Poppy is a spacious open-concept home with a total of five bedrooms. When you step off the covered front porch, you will step into a long foyer leading to the vast great room, dining room, and kitchen. While one bedroom and full bath are downstairs, up the stairs we find three more bedrooms with another full bath that is equipped with a double vanity. Continuing on the second floor is the vast owner's suite, including a huge walk-in closet. The owner's bathroom has 2 separate vanities with a large lower cabinet space connecting them for extra counter space. Right outside this suite is the laundry room, giving the owner's suite easy access to this space. Perfect for all, The Poppy allows activities to be streamlined within the home and provides peaceful rest for the days when you need it. *Photos of Similar Home Shown",5,3,,2,2427,,,,,,,,,,,,,,,,,2,5,3,,2427,2,,,,,,,,,,,,,,"https://media.cheshomes.com/241/2026/4/28/EW_66_Exterior_Rendering.jpg?width=1800&height=1200&fit=bounds&ois=f20d75a,https://media.cheshomes.com/241/2026/2/26/1-web-or-mls-330TarnCt001_ydbIw8L.jpg?width=1920&height=1279&fit=bounds&ois=81ca6b8,https://media.cheshomes.com/241/2026/2/26/15-web-or-mls-330TarnCt015.jpg?width=1920&height=1279&fit=bounds&ois=46501a5,https://media.cheshomes.com/241/2026/2/26/17-web-or-mls-330TarnCt017.jpg?width=1920&height=1279&fit=bounds&ois=6992334,https://media.cheshomes.com/241/2026/2/26/16-web-or-mls-330TarnCt016_LoY90n7.jpg?width=1920&height=1279&fit=bounds&ois=814d60c,https://media.cheshomes.com/241/2026/2/26/8-web-or-mls-330TarnCt008_BmxE5f7.jpg?width=1920&height=1279&fit=bounds&ois=b46810e,https://media.cheshomes.com/241/2026/2/26/9-web-or-mls-330TarnCt009_ERiNxGX.jpg?width=1920&height=1279&fit=bounds&ois=2a81be7,https://media.cheshomes.com/241/2026/2/26/11-web-or-mls-330TarnCt011_xZhK8pW.jpg?width=1920&height=1279&fit=bounds&ois=f1f175b,https://media.cheshomes.com/241/2026/2/26/27-web-or-mls-330TarnCt027.jpg?width=1920&height=1279&fit=bounds&ois=c87144e,https://media.cheshomes.com/241/2026/2/26/28-web-or-mls-330TarnCt028.jpg?width=1920&height=1279&fit=bounds&ois=b8ec52a,https://media.cheshomes.com/241/2026/2/26/29-web-or-mls-330TarnCt029.jpg?width=1920&height=1279&fit=bounds&ois=53aae52,https://media.cheshomes.com/241/2026/2/26/30-web-or-mls-330TarnCt030.jpg?width=1920&height=1279&fit=bounds&ois=8bc5561,https://media.cheshomes.com/241/2026/2/26/31-web-or-mls-330TarnCt031.jpg?width=1920&height=1279&fit=bounds&ois=e18a314,https://media.cheshomes.com/241/2026/2/26/32-web-or-mls-330TarnCt032.jpg?width=1920&height=1279&fit=bounds&ois=a84188c,https://media.cheshomes.com/241/2026/2/26/3-web-or-mls-330TarnCt003_k53hzx6.jpg?width=1920&height=1279&fit=bounds&ois=7382d10,https://media.cheshomes.com/241/2026/2/26/12-web-or-mls-330TarnCt012_hEMBpFm.jpg?width=1920&height=1279&fit=bounds&ois=790f360,https://media.cheshomes.com/241/2026/2/26/13-web-or-mls-330TarnCt013_g2zZNRm.jpg?width=1920&height=1279&fit=bounds&ois=b0826b4,https://media.cheshomes.com/241/2026/2/26/14-web-or-mls-330TarnCt014_WW3oHZ0.jpg?width=1920&height=1279&fit=bounds&ois=52e2c63,https://media.cheshomes.com/241/2026/2/26/4-web-or-mls-330TarnCt004_saxb28R.jpg?width=1920&height=1279&fit=bounds&ois=7bc2956,https://media.cheshomes.com/241/2026/2/26/5-web-or-mls-330TarnCt005_QXstzdC.jpg?width=1920&height=1279&fit=bounds&ois=4bd18dd,https://media.cheshomes.com/241/2026/2/26/6-web-or-mls-330TarnCt006_4T6Wsnz.jpg?width=1920&height=1279&fit=bounds&ois=ae010ca,https://media.cheshomes.com/241/2026/2/26/20-web-or-mls-330TarnCt020.jpg?width=1920&height=1279&fit=bounds&ois=c65226e,https://media.cheshomes.com/241/2026/2/26/22-web-or-mls-330TarnCt022_ycujNuQ.jpg?width=1920&height=1279&fit=bounds&ois=ea8f3cf,https://media.cheshomes.com/241/2026/2/26/23-web-or-mls-330TarnCt023.jpg?width=1920&height=1279&fit=bounds&ois=9124fb9,https://media.cheshomes.com/241/2026/2/26/24-web-or-mls-330TarnCt024.jpg?width=1920&height=1279&fit=bounds&ois=bf80158,https://media.cheshomes.com/241/2026/2/26/35-web-or-mls-330TarnCt035_aLyQ8og.jpg?width=1920&height=1279&fit=bounds&ois=03fd10a,https://media.cheshomes.com/241/2026/2/26/36-web-or-mls-330TarnCt036_x280CAS.jpg?width=1920&height=1279&fit=bounds&ois=3b383f4,https://media.cheshomes.com/241/2026/2/26/40-web-or-mls-330TarnCt040_F1EO6bM.jpg?width=1920&height=1278&fit=bounds&ois=1b718ed,https://media.cheshomes.com/241/2026/2/26/37-web-or-mls-330TarnCt037_J0Gfqp4.jpg?width=1920&height=1279&fit=bounds&ois=8e61836,https://media.cheshomes.com/241/2026/2/26/38-web-or-mls-330TarnCt038_o7PuCHh.jpg?width=1920&height=1279&fit=bounds&ois=8cfe861,https://media.cheshomes.com/241/2026/2/26/39-web-or-mls-330TarnCt039_ICP24Gq.jpg?width=1920&height=1279&fit=bounds&ois=581cf6f,https://media.cheshomes.com/241/2026/2/26/33-web-or-mls-330TarnCt033.jpg?width=1920&height=1278&fit=bounds&ois=cf83dd5,https://media.cheshomes.com/241/2026/2/26/41-web-or-mls-330TarnCt041_x0zfu3b.jpg?width=1920&height=1279&fit=bounds&ois=05cc915,https://media.cheshomes.com/241/2026/2/26/42-web-or-mls-330TarnCt042_fVLSmTf.jpg?width=1920&height=1279&fit=bounds&ois=6c78667,https://media.cheshomes.com/241/2026/2/26/45-web-or-mls-330TarnCt045_Awwxn8v.jpg?width=1920&height=1279&fit=bounds&ois=e177417"
https://www.cheshomes.com/new-homes/va/suffolk/edgewater/17716/325-tarn-court/1736480/,Edgewater,36.7074,-76.6263,325 Tarn Court,Suffolk,VA,,,,,Chesapeake Homes,,,2,,,,,,,https://www.cheshomes.com,"Welcome to Edgewater,

new construction homes in Suffolk, VA

, across from the scenic

Speights Run Reservoir

. This community offers the perfect mix of peaceful surroundings and everyday convenience, with a neighborhood

playground

just steps from home. Nearby, enjoy the

trails and open spaces

at

Lakeside Park

or head into

Downtown Suffolk

for

local dining, shopping, and events

that bring the community together.

With easy access to

Route 13

, you’re never far from it all. Commuting to

Norfolk

or relaxing on the shores of

Virginia Beach

is just a short drive away, along with endless opportunities for entertainment, shopping, and coastal living throughout

Hampton Roads

. If you’re looking for

new homes

for sale in Suffolk, VA

,

this is where

comfort, connection, and natural beauty

truly come together.",,,"This nearly 2,500-square-foot home is the perfect choice for any family in search of a new place to call theirs. The Poppy is a spacious open-concept home with a total of five bedrooms. When you step off the covered front porch, you will step into a long foyer leading to the vast great room, dining room, and kitchen. While one bedroom and full bath are downstairs, up the stairs we find three more bedrooms with another full bath that is equipped with a double vanity. Continuing on the second floor is the vast owner's suite, including tray ceilings, a vast walk-in closet, and a spa-inspired bathroom with 2 separate vanities. Right outside this suite is the laundry room, givnig the owner's suite easy access to this space. Perfect for all families, The Poppy allows activities to be streamlined within the home and provides peaceful rest for the days when you need it. *Photos of Similar Home Shown",5,3,,2,2427,529900,,,,,,,,,,,,,,,,2,5,3,,2427,2,529900,,,,,,,,,,,,,"https://media.cheshomes.com/241/2026/2/26/26-web-or-mls-330TarnCt026_YifRdQL.jpg?width=1920&height=1279&fit=bounds&ois=0cb867b,https://media.cheshomes.com/241/2026/4/15/EW_35_Update.jpg?width=1920&height=1301&fit=bounds&ois=0523a13,https://media.cheshomes.com/241/2026/2/26/1-web-or-mls-330TarnCt001_ydbIw8L.jpg?width=1920&height=1279&fit=bounds&ois=81ca6b8,https://media.cheshomes.com/241/2026/2/26/15-web-or-mls-330TarnCt015.jpg?width=1920&height=1279&fit=bounds&ois=46501a5,https://media.cheshomes.com/241/2026/2/26/17-web-or-mls-330TarnCt017.jpg?width=1920&height=1279&fit=bounds&ois=6992334,https://media.cheshomes.com/241/2026/2/26/16-web-or-mls-330TarnCt016_LoY90n7.jpg?width=1920&height=1279&fit=bounds&ois=814d60c,https://media.cheshomes.com/241/2026/2/26/8-web-or-mls-330TarnCt008_BmxE5f7.jpg?width=1920&height=1279&fit=bounds&ois=b46810e,https://media.cheshomes.com/241/2026/2/26/9-web-or-mls-330TarnCt009_ERiNxGX.jpg?width=1920&height=1279&fit=bounds&ois=2a81be7,https://media.cheshomes.com/241/2026/2/26/11-web-or-mls-330TarnCt011_xZhK8pW.jpg?width=1920&height=1279&fit=bounds&ois=f1f175b,https://media.cheshomes.com/241/2026/2/26/27-web-or-mls-330TarnCt027.jpg?width=1920&height=1279&fit=bounds&ois=c87144e,https://media.cheshomes.com/241/2026/2/26/28-web-or-mls-330TarnCt028.jpg?width=1920&height=1279&fit=bounds&ois=b8ec52a,https://media.cheshomes.com/241/2026/2/26/29-web-or-mls-330TarnCt029.jpg?width=1920&height=1279&fit=bounds&ois=53aae52,https://media.cheshomes.com/241/2026/2/26/30-web-or-mls-330TarnCt030.jpg?width=1920&height=1279&fit=bounds&ois=8bc5561,https://media.cheshomes.com/241/2026/2/26/31-web-or-mls-330TarnCt031.jpg?width=1920&height=1279&fit=bounds&ois=e18a314,https://media.cheshomes.com/241/2026/2/26/32-web-or-mls-330TarnCt032.jpg?width=1920&height=1279&fit=bounds&ois=a84188c,https://media.cheshomes.com/241/2026/2/26/2-web-or-mls-330TarnCt002_B3l46oh.jpg?width=1920&height=1279&fit=bounds&ois=dbe0e95,https://media.cheshomes.com/241/2026/2/26/3-web-or-mls-330TarnCt003_k53hzx6.jpg?width=1920&height=1279&fit=bounds&ois=7382d10,https://media.cheshomes.com/241/2026/2/26/12-web-or-mls-330TarnCt012_hEMBpFm.jpg?width=1920&height=1279&fit=bounds&ois=790f360,https://media.cheshomes.com/241/2026/2/26/13-web-or-mls-330TarnCt013_g2zZNRm.jpg?width=1920&height=1279&fit=bounds&ois=b0826b4,https://media.cheshomes.com/241/2026/2/26/14-web-or-mls-330TarnCt014_WW3oHZ0.jpg?width=1920&height=1279&fit=bounds&ois=52e2c63,https://media.cheshomes.com/241/2026/2/26/4-web-or-mls-330TarnCt004_saxb28R.jpg?width=1920&height=1279&fit=bounds&ois=7bc2956,https://media.cheshomes.com/241/2026/2/26/5-web-or-mls-330TarnCt005_QXstzdC.jpg?width=1920&height=1279&fit=bounds&ois=4bd18dd,https://media.cheshomes.com/241/2026/2/26/6-web-or-mls-330TarnCt006_4T6Wsnz.jpg?width=1920&height=1279&fit=bounds&ois=ae010ca,https://media.cheshomes.com/241/2026/2/26/20-web-or-mls-330TarnCt020.jpg?width=1920&height=1279&fit=bounds&ois=c65226e,https://media.cheshomes.com/241/2026/2/26/22-web-or-mls-330TarnCt022_ycujNuQ.jpg?width=1920&height=1279&fit=bounds&ois=ea8f3cf,https://media.cheshomes.com/241/2026/2/26/23-web-or-mls-330TarnCt023.jpg?width=1920&height=1279&fit=bounds&ois=9124fb9,https://media.cheshomes.com/241/2026/2/26/24-web-or-mls-330TarnCt024.jpg?width=1920&height=1279&fit=bounds&ois=bf80158,https://media.cheshomes.com/241/2026/2/26/35-web-or-mls-330TarnCt035_aLyQ8og.jpg?width=1920&height=1279&fit=bounds&ois=03fd10a,https://media.cheshomes.com/241/2026/2/26/36-web-or-mls-330TarnCt036_x280CAS.jpg?width=1920&height=1279&fit=bounds&ois=3b383f4,https://media.cheshomes.com/241/2026/2/26/40-web-or-mls-330TarnCt040_F1EO6bM.jpg?width=1920&height=1278&fit=bounds&ois=1b718ed,https://media.cheshomes.com/241/2026/2/26/37-web-or-mls-330TarnCt037_J0Gfqp4.jpg?width=1920&height=1279&fit=bounds&ois=8e61836,https://media.cheshomes.com/241/2026/2/26/38-web-or-mls-330TarnCt038_o7PuCHh.jpg?width=1920&height=1279&fit=bounds&ois=8cfe861,https://media.cheshomes.com/241/2026/2/26/39-web-or-mls-330TarnCt039_ICP24Gq.jpg?width=1920&height=1279&fit=bounds&ois=581cf6f,https://media.cheshomes.com/241/2026/2/26/33-web-or-mls-330TarnCt033.jpg?width=1920&height=1278&fit=bounds&ois=cf83dd5,https://media.cheshomes.com/241/2026/2/26/41-web-or-mls-330TarnCt041_x0zfu3b.jpg?width=1920&height=1279&fit=bounds&ois=05cc915,https://media.cheshomes.com/241/2026/2/26/42-web-or-mls-330TarnCt042_fVLSmTf.jpg?width=1920&height=1279&fit=bounds&ois=6c78667,https://media.cheshomes.com/241/2026/2/26/19-web-or-mls-330TarnCt019_0I0GXOM.jpg?width=1920&height=1279&fit=bounds&ois=addb903,https://media.cheshomes.com/241/2026/2/26/45-web-or-mls-330TarnCt045_Awwxn8v.jpg?width=1920&height=1279&fit=bounds&ois=e177417"
https://www.cheshomes.com/new-homes/va/suffolk/edgewater/17716/327-tarn-court/1750010/,Edgewater,36.70745,-76.6258,327 Tarn Court,Suffolk,VA,,,,,Chesapeake Homes,,,2,,,,,,,https://www.cheshomes.com,"Welcome to Edgewater,

new construction homes in Suffolk, VA

, across from the scenic

Speights Run Reservoir

. This community offers the perfect mix of peaceful surroundings and everyday convenience, with a neighborhood

playground

just steps from home. Nearby, enjoy the

trails and open spaces

at

Lakeside Park

or head into

Downtown Suffolk

for

local dining, shopping, and events

that bring the community together.

With easy access to

Route 13

, you’re never far from it all. Commuting to

Norfolk

or relaxing on the shores of

Virginia Beach

is just a short drive away, along with endless opportunities for entertainment, shopping, and coastal living throughout

Hampton Roads

. If you’re looking for

new homes

for sale in Suffolk, VA

,

this is where

comfort, connection, and natural beauty

truly come together.",,,"The Hawthorne is a beautifully designed home that offers comfort, flexibility, and plenty of room to grow. With 2,176 square feet of thoughtfully planned space, this floor plan includes three to four bedrooms, depending on your layout preferences.On the first floor, you’ll find a spacious open concept living area where the great room, dinette, and kitchen flow seamlessly together, ideal for both everyday living and entertaining. Love to cook? Choose the gourmet kitchen option featuring double ovens and a gourmet island. Also downstairs, there’s a formal dining room that can be converted into a private study, a convenient powder room, and access to a two-car garage. Want to enjoy meals outside? Consider adding a sunroom or covered porch for the perfect outdoor dining experience.Upstairs, all bedrooms are located together, including the impressive owner’s suite with optional tray ceilings, a large bathroom with deluxe upgrade options, and two walk-in closets. The laundry room is located just outside the suite for easy access, alongside two additional bedrooms, a full bath, and a loft. The open loft can be converted into a fourth bedroom, or reimagined as a playroom, office, or second living space to suit your needs.The Hawthorne is a flexible, welcoming floor plan that adapts beautifully to your lifestyle, whether you're starting fresh, growing your family, or simply ready for something new.*Photos of Similar Home Shown",4,2,1,2,2176,,,,,,,,,,,,,,,,,2,4,2,1,2176,2,,,,,,,,,,,,,,"https://media.cheshomes.com/241/2026/4/17/32-web-or-mls-ext-39.jpg?width=1920&height=1279&fit=bounds&ois=e4902df,https://media.cheshomes.com/241/2026/4/17/The_Hawthorne_qJAH7GK.jpg?width=1920&height=1375&fit=bounds&ois=c69e555,https://media.cheshomes.com/241/2026/4/17/collov-ai_20260417094800_r5e249_KDXjUIC.jpg?width=1264&height=842&fit=bounds&ois=c594a02,https://media.cheshomes.com/241/2026/4/17/25-web-or-mls-ext-18.jpg?width=1920&height=1279&fit=bounds&ois=b34910a,https://media.cheshomes.com/241/2026/4/17/24-web-or-mls-ext-15.jpg?width=1920&height=1279&fit=bounds&ois=67a1038,https://media.cheshomes.com/241/2026/4/17/26-web-or-mls-ext-21.jpg?width=1920&height=1279&fit=bounds&ois=4536c86,https://media.cheshomes.com/241/2026/4/17/collov-ai_20260417094138_31ofae.jpg?width=1264&height=842&fit=bounds&ois=d626c0c,https://media.cheshomes.com/241/2026/4/17/28-web-or-mls-ext-27.jpg?width=1920&height=1279&fit=bounds&ois=ae52f04,https://media.cheshomes.com/241/2026/4/17/27-web-or-mls-ext-24.jpg?width=1920&height=1279&fit=bounds&ois=152f72a,https://media.cheshomes.com/241/2026/4/17/30-web-or-mls-ext-33.jpg?width=1920&height=1279&fit=bounds&ois=f02c3dd,https://media.cheshomes.com/241/2026/4/17/32-web-or-mls-ext-39_xRNnqBl.jpg?width=1920&height=1279&fit=bounds&ois=a79477c,https://media.cheshomes.com/241/2026/4/17/40-web-or-mls-ext-63.jpg?width=1920&height=1279&fit=bounds&ois=d4568a8,https://media.cheshomes.com/241/2026/4/17/41-web-or-mls-ext-66.jpg?width=1920&height=1279&fit=bounds&ois=ee99a39,https://media.cheshomes.com/241/2026/4/17/37-web-or-mls-ext-54.jpg?width=1920&height=1279&fit=bounds&ois=e6731d4,https://media.cheshomes.com/241/2026/4/17/39-web-or-mls-ext-60_SOblVul.jpg?width=1920&height=1279&fit=bounds&ois=ec6b43f,https://media.cheshomes.com/241/2026/4/17/38-web-or-mls-ext-57.jpg?width=1920&height=1279&fit=bounds&ois=fe5af23,https://media.cheshomes.com/241/2026/4/17/19-web-or-mls-ext-6.jpg?width=1920&height=1279&fit=bounds&ois=68b155d,https://media.cheshomes.com/241/2026/4/17/22-web-or-mls-ext-9.jpg?width=1920&height=1279&fit=bounds&ois=6e43e0d,https://media.cheshomes.com/241/2026/4/17/23-web-or-mls-ext-12.jpg?width=1920&height=1279&fit=bounds&ois=48cf78c,https://media.cheshomes.com/241/2026/4/17/42-web-or-mls-ext-69.jpg?width=1920&height=1279&fit=bounds&ois=9b68096,https://media.cheshomes.com/241/2026/4/17/43-web-or-mls-ext-72.jpg?width=1920&height=1279&fit=bounds&ois=15598af,https://media.cheshomes.com/241/2026/4/17/44-web-or-mls-ext-75.jpg?width=1920&height=1279&fit=bounds&ois=63da24d,https://media.cheshomes.com/241/2026/4/17/35-web-or-mls-ext-48.jpg?width=1920&height=1279&fit=bounds&ois=1e3ea87,https://media.cheshomes.com/241/2026/4/17/45-web-or-mls-ext-78.jpg?width=1920&height=1279&fit=bounds&ois=c3a1521,https://media.cheshomes.com/241/2026/4/17/46-web-or-mls-ext-81.jpg?width=1920&height=1279&fit=bounds&ois=7562805,https://media.cheshomes.com/241/2026/4/17/36-web-or-mls-ext-51.jpg?width=1920&height=1279&fit=bounds&ois=d5adc14,https://media.cheshomes.com/241/2026/4/17/34-web-or-mls-ext-45.jpg?width=1920&height=1279&fit=bounds&ois=90e589c,https://media.cheshomes.com/241/2026/4/17/15-web-or-mls-ext-2.jpg?width=1920&height=1279&fit=bounds&ois=9797ce8"
https://www.cheshomes.com/new-homes/va/suffolk/edgewater/17716/328-tarn-court/1750164/,Edgewater,36.7081,-76.6256,328 Tarn Court,Suffolk,VA,,,,,Chesapeake Homes,,,2,,,,,,,https://www.cheshomes.com,"Welcome to Edgewater,

new construction homes in Suffolk, VA

, across from the scenic

Speights Run Reservoir

. This community offers the perfect mix of peaceful surroundings and everyday convenience, with a neighborhood

playground

just steps from home. Nearby, enjoy the

trails and open spaces

at

Lakeside Park

or head into

Downtown Suffolk

for

local dining, shopping, and events

that bring the community together.

With easy access to

Route 13

, you’re never far from it all. Commuting to

Norfolk

or relaxing on the shores of

Virginia Beach

is just a short drive away, along with endless opportunities for entertainment, shopping, and coastal living throughout

Hampton Roads

. If you’re looking for

new homes

for sale in Suffolk, VA

,

this is where

comfort, connection, and natural beauty

truly come together.",,,"These 2,619 square feet of space are for any family on the go during the week and for those who love to lounge on the weekend. The Persimmon plan offers a spacious lifestyle with the option of four bedrooms. The open-concept kitchen and great room create an extensive floor plan broken up with a kitchen island and breakfast nook. Plus, with patio access connected, who says you can't enjoy your morning coffee outside?Once you head upstairs, you will find a vast loft area. It's the perfect spot for that media room, playroom, or workout spot you have been looking for. After a long day, take a step into your relaxing Owner's Suite, with tray ceilings that make this luxurious space even better. With an upscale L-shaped walk-in closet, a double sink vanity, and an deluxe spa-inspired bathroom package, your daily routines will no longer be a hassle. On top of all of that, two generously sized bedrooms and a full bath are located on this floor. The Persimmon is for anyone who wants to live in a home that makes you say ""Ahhhhhhhh"" on a Friday night in. *Photos of Similar Home Plan Shown",4,3,,2,2619,,,,,,,,,,,,,,,,,2,4,3,,2619,2,,,,,,,,,,,,,,"https://media.cheshomes.com/241/2026/4/28/EW_64_Exterior_Rendering.jpg?width=1800&height=1200&fit=bounds&ois=2ee5475,https://media.cheshomes.com/241/2026/1/21/225_giwzoRg.jpg?width=1205&height=737&fit=bounds&b=b0a3d85&ois=8f569fe,https://media.cheshomes.com/241/2026/1/21/088_n2gPO8Q.jpg?width=1280&height=853&fit=bounds&ois=d5e5ac0,https://media.cheshomes.com/241/2026/1/21/086_RV9UdwJ.jpg?width=1280&height=853&fit=bounds&ois=b309c32,https://media.cheshomes.com/241/2026/1/21/097_UJKajP9.jpg?width=1280&height=853&fit=bounds&ois=21fb7ef,https://media.cheshomes.com/241/2026/1/21/092_zroIwKg.jpg?width=1280&height=859&fit=bounds&ois=1a5c030,https://media.cheshomes.com/241/2026/1/21/087_K2UPsjB.jpg?width=1280&height=853&fit=bounds&ois=28b4430,https://media.cheshomes.com/241/2026/1/21/096_AARQk4i.jpg?width=1280&height=853&fit=bounds&ois=aa86d2b,https://media.cheshomes.com/241/2026/1/21/095_8aYyNJ8.jpg?width=1280&height=853&fit=bounds&ois=2fb92bf,https://media.cheshomes.com/241/2026/1/21/094_Y4NjDBC.jpg?width=1280&height=853&fit=bounds&ois=86c1cb1,https://media.cheshomes.com/241/2026/1/21/138_nDrDYvX.jpg?width=1280&height=853&fit=bounds&ois=009d022,https://media.cheshomes.com/241/2026/1/21/114.jpg?width=1280&height=853&fit=bounds&ois=626e3ca,https://media.cheshomes.com/241/2026/1/21/117_eTg5fxs.jpg?width=1280&height=853&fit=bounds&ois=1f66f68,https://media.cheshomes.com/241/2026/1/21/119_BdlJ3G6.jpg?width=1280&height=853&fit=bounds&ois=f28a37f,https://media.cheshomes.com/241/2026/1/21/120_vweLdhY.jpg?width=1280&height=853&fit=bounds&ois=9a5cd63,https://media.cheshomes.com/241/2026/1/21/121_XpQKFLT.jpg?width=1280&height=853&fit=bounds&ois=a7de11d,https://media.cheshomes.com/241/2026/1/21/122_Hknt5lZ.jpg?width=1280&height=853&fit=bounds&ois=237f94e,https://media.cheshomes.com/241/2026/1/21/123_4o3KYXk.jpg?width=1280&height=853&fit=bounds&ois=a7b4806,https://media.cheshomes.com/241/2026/1/21/078_DM8haYA.jpg?width=1280&height=853&fit=bounds&ois=7757ad5,https://media.cheshomes.com/241/2026/1/21/079_Eydx9WY.jpg?width=1280&height=853&fit=bounds&ois=bf97b6b,https://media.cheshomes.com/241/2026/1/21/080_ygptCZz.jpg?width=1280&height=853&fit=bounds&ois=b1516a8,https://media.cheshomes.com/241/2026/1/21/081_YkTWHqo.jpg?width=1280&height=853&fit=bounds&ois=24e6668,https://media.cheshomes.com/241/2026/1/21/083_SRWF3A8.jpg?width=1280&height=853&fit=bounds&ois=9bc9a8c,https://media.cheshomes.com/241/2026/1/21/089_6MCH6Uz.jpg?width=1280&height=853&fit=bounds&ois=c3270de,https://media.cheshomes.com/241/2026/1/21/090_lrYIhmw.jpg?width=1280&height=853&fit=bounds&ois=e969fed,https://media.cheshomes.com/241/2026/1/21/101_Nz3IuCw.jpg?width=1280&height=853&fit=bounds&ois=bc05acb,https://media.cheshomes.com/241/2026/1/21/103_ovULz8O.jpg?width=1280&height=853&fit=bounds&ois=3308e52,https://media.cheshomes.com/241/2026/1/21/099_7kVDOWD.jpg?width=1280&height=853&fit=bounds&ois=d1cdd9d,https://media.cheshomes.com/241/2026/1/21/108_WZ8Fnlu.jpg?width=1280&height=853&fit=bounds&ois=b27f10f,https://media.cheshomes.com/241/2026/1/21/109_ufYo0j8.jpg?width=1280&height=853&fit=bounds&ois=87127db,https://media.cheshomes.com/241/2026/1/21/111_KIjkWd5.jpg?width=1280&height=853&fit=bounds&ois=fa4ab41,https://media.cheshomes.com/241/2026/1/21/125_wqZ3OXS.jpg?width=1280&height=853&fit=bounds&ois=74191e2,https://media.cheshomes.com/241/2026/1/21/126_1fGwxOt.jpg?width=1280&height=853&fit=bounds&ois=819909b,https://media.cheshomes.com/241/2026/1/21/128_N994KfM.jpg?width=1280&height=853&fit=bounds&ois=504be8d,https://media.cheshomes.com/241/2026/1/21/129_wRUHJtQ.jpg?width=1280&height=853&fit=bounds&ois=e578442,https://media.cheshomes.com/241/2026/1/21/130_RXPBZlH.jpg?width=1280&height=853&fit=bounds&ois=ac12dda,https://media.cheshomes.com/241/2026/1/21/218_RMcBQeQ.jpg?width=1280&height=853&fit=bounds&ois=9e2300a"
https://www.cheshomes.com/new-homes/va/suffolk/edgewater/17716/329-tarn-court/1750011/,Edgewater,36.7075,-76.62535,329 Tarn Court,Suffolk,VA,,,,,Chesapeake Homes,,,2,,,,,,,https://www.cheshomes.com,"Welcome to Edgewater,

new construction homes in Suffolk, VA

, across from the scenic

Speights Run Reservoir

. This community offers the perfect mix of peaceful surroundings and everyday convenience, with a neighborhood

playground

just steps from home. Nearby, enjoy the

trails and open spaces

at

Lakeside Park

or head into

Downtown Suffolk

for

local dining, shopping, and events

that bring the community together.

With easy access to

Route 13

, you’re never far from it all. Commuting to

Norfolk

or relaxing on the shores of

Virginia Beach

is just a short drive away, along with endless opportunities for entertainment, shopping, and coastal living throughout

Hampton Roads

. If you’re looking for

new homes

for sale in Suffolk, VA

,

this is where

comfort, connection, and natural beauty

truly come together.",,,"This nearly 2,500-square-foot home is the perfect choice for any family in search of a new place to call theirs. The Poppy is a spacious open-concept home with a total of five bedrooms. When you step off the covered front porch, you will step into a long foyer leading to the vast great room, dining room, and kitchen. While one bedroom and full bath are downstairs, up the stairs we find three more bedrooms with another full bath that is equipped with a double vanity. Continuing on the second floor is the vast owner's suite, including a huge walk-in closet, tray ceilings, and connected bathroom with 2 separate vanities. Right outside this suite is the laundry room, giving the owner's suite easy access to this space. Perfect for all families, The Poppy allows activities to be streamlined within the home and provides peaceful rest for the days when you need it. *Photos of Similar Home Shown",5,3,,2,2427,,,,,,,,,,,,,,,,,2,5,3,,2427,2,,,,,,,,,,,,,,"https://media.cheshomes.com/241/2026/4/27/EW_37_Exterior_Rendering.jpg?width=1800&height=1200&fit=bounds&ois=98b11be,https://media.cheshomes.com/241/2026/2/26/1-web-or-mls-330TarnCt001_ydbIw8L.jpg?width=1920&height=1279&fit=bounds&ois=81ca6b8,https://media.cheshomes.com/241/2026/2/26/15-web-or-mls-330TarnCt015.jpg?width=1920&height=1279&fit=bounds&ois=46501a5,https://media.cheshomes.com/241/2026/2/26/17-web-or-mls-330TarnCt017.jpg?width=1920&height=1279&fit=bounds&ois=6992334,https://media.cheshomes.com/241/2026/2/26/16-web-or-mls-330TarnCt016_LoY90n7.jpg?width=1920&height=1279&fit=bounds&ois=814d60c,https://media.cheshomes.com/241/2026/2/26/8-web-or-mls-330TarnCt008_BmxE5f7.jpg?width=1920&height=1279&fit=bounds&ois=b46810e,https://media.cheshomes.com/241/2026/2/26/9-web-or-mls-330TarnCt009_ERiNxGX.jpg?width=1920&height=1279&fit=bounds&ois=2a81be7,https://media.cheshomes.com/241/2026/2/26/11-web-or-mls-330TarnCt011_xZhK8pW.jpg?width=1920&height=1279&fit=bounds&ois=f1f175b,https://media.cheshomes.com/241/2026/2/26/27-web-or-mls-330TarnCt027.jpg?width=1920&height=1279&fit=bounds&ois=c87144e,https://media.cheshomes.com/241/2026/2/26/28-web-or-mls-330TarnCt028.jpg?width=1920&height=1279&fit=bounds&ois=b8ec52a,https://media.cheshomes.com/241/2026/2/26/29-web-or-mls-330TarnCt029.jpg?width=1920&height=1279&fit=bounds&ois=53aae52,https://media.cheshomes.com/241/2026/2/26/30-web-or-mls-330TarnCt030.jpg?width=1920&height=1279&fit=bounds&ois=8bc5561,https://media.cheshomes.com/241/2026/2/26/31-web-or-mls-330TarnCt031.jpg?width=1920&height=1279&fit=bounds&ois=e18a314,https://media.cheshomes.com/241/2026/2/26/32-web-or-mls-330TarnCt032.jpg?width=1920&height=1279&fit=bounds&ois=a84188c,https://media.cheshomes.com/241/2026/2/26/20-web-or-mls-330TarnCt020.jpg?width=1920&height=1279&fit=bounds&ois=c65226e,https://media.cheshomes.com/241/2026/2/26/12-web-or-mls-330TarnCt012_hEMBpFm.jpg?width=1920&height=1279&fit=bounds&ois=790f360,https://media.cheshomes.com/241/2026/2/26/13-web-or-mls-330TarnCt013_g2zZNRm.jpg?width=1920&height=1279&fit=bounds&ois=b0826b4,https://media.cheshomes.com/241/2026/2/26/14-web-or-mls-330TarnCt014_WW3oHZ0.jpg?width=1920&height=1279&fit=bounds&ois=52e2c63,https://media.cheshomes.com/241/2026/2/26/4-web-or-mls-330TarnCt004_saxb28R.jpg?width=1920&height=1279&fit=bounds&ois=7bc2956,https://media.cheshomes.com/241/2026/2/26/5-web-or-mls-330TarnCt005_QXstzdC.jpg?width=1920&height=1279&fit=bounds&ois=4bd18dd,https://media.cheshomes.com/241/2026/2/26/6-web-or-mls-330TarnCt006_4T6Wsnz.jpg?width=1920&height=1279&fit=bounds&ois=ae010ca,https://media.cheshomes.com/241/2026/2/26/22-web-or-mls-330TarnCt022_ycujNuQ.jpg?width=1920&height=1279&fit=bounds&ois=ea8f3cf,https://media.cheshomes.com/241/2026/2/26/23-web-or-mls-330TarnCt023.jpg?width=1920&height=1279&fit=bounds&ois=9124fb9,https://media.cheshomes.com/241/2026/2/26/24-web-or-mls-330TarnCt024.jpg?width=1920&height=1279&fit=bounds&ois=bf80158,https://media.cheshomes.com/241/2026/2/26/35-web-or-mls-330TarnCt035_aLyQ8og.jpg?width=1920&height=1279&fit=bounds&ois=03fd10a,https://media.cheshomes.com/241/2026/2/26/36-web-or-mls-330TarnCt036_x280CAS.jpg?width=1920&height=1279&fit=bounds&ois=3b383f4,https://media.cheshomes.com/241/2026/2/26/40-web-or-mls-330TarnCt040_F1EO6bM.jpg?width=1920&height=1278&fit=bounds&ois=1b718ed,https://media.cheshomes.com/241/2026/2/26/37-web-or-mls-330TarnCt037_J0Gfqp4.jpg?width=1920&height=1279&fit=bounds&ois=8e61836,https://media.cheshomes.com/241/2026/2/26/38-web-or-mls-330TarnCt038_o7PuCHh.jpg?width=1920&height=1279&fit=bounds&ois=8cfe861,https://media.cheshomes.com/241/2026/2/26/39-web-or-mls-330TarnCt039_ICP24Gq.jpg?width=1920&height=1279&fit=bounds&ois=581cf6f,https://media.cheshomes.com/241/2026/2/26/33-web-or-mls-330TarnCt033.jpg?width=1920&height=1278&fit=bounds&ois=cf83dd5,https://media.cheshomes.com/241/2026/2/26/41-web-or-mls-330TarnCt041_x0zfu3b.jpg?width=1920&height=1279&fit=bounds&ois=05cc915,https://media.cheshomes.com/241/2026/2/26/42-web-or-mls-330TarnCt042_fVLSmTf.jpg?width=1920&height=1279&fit=bounds&ois=6c78667,https://media.cheshomes.com/241/2026/2/26/45-web-or-mls-330TarnCt045_Awwxn8v.jpg?width=1920&height=1279&fit=bounds&ois=e177417"
https://www.cheshomes.com/new-homes/va/suffolk/edgewater/17716/331-tarn-court/1750162/,Edgewater,36.7076,-76.6249,331 Tarn Court,Suffolk,VA,,,,,Chesapeake Homes,,,2,,,,,,,https://www.cheshomes.com,"Welcome to Edgewater,

new construction homes in Suffolk, VA

, across from the scenic

Speights Run Reservoir

. This community offers the perfect mix of peaceful surroundings and everyday convenience, with a neighborhood

playground

just steps from home. Nearby, enjoy the

trails and open spaces

at

Lakeside Park

or head into

Downtown Suffolk

for

local dining, shopping, and events

that bring the community together.

With easy access to

Route 13

, you’re never far from it all. Commuting to

Norfolk

or relaxing on the shores of

Virginia Beach

is just a short drive away, along with endless opportunities for entertainment, shopping, and coastal living throughout

Hampton Roads

. If you’re looking for

new homes

for sale in Suffolk, VA

,

this is where

comfort, connection, and natural beauty

truly come together.",,,"These 2,619+ square feet of space are for any family on the go during the week and for those who love to lounge on the weekend. The Persimmon plan offers a spacious lifestyle with the option of four to five bedrooms. The open-concept kitchen and great room create an extensive floor plan broken up with a kitchen island and breakfast nook. Plus, with patio access connected (or an optional covered rear porch), who says you can't enjoy your morning coffee outside? Make the kitchen your own with our optional gourmet kitchen island or by adding French doors to the dining room.Once you head upstairs, you will find a vast loft area. It's the perfect spot for that media room, playroom, or workout spot you have been looking for. You even have the option to turn the loft into a fifth bedroom. After a long day, take a step into your relaxing Owner's Suite, with optional tray ceilings that make this luxurious space even better. With an upscale L-shaped walk-in closet, a double sink vanity, and an optional deluxe bathroom package, your daily routines will no longer be a hassle. On top of all of that, two generously sized bedrooms and a full bath, with an optional double bowl vanity, are located on this floor. The Persimmon is for anyone who wants to live in a home that makes you say ""Ahhhhhhhh"" on a Friday night in. *Photos of Similar Home Shown",4,3,,2,2619,,,,,,,,,,,,,,,,,2,4,3,,2619,2,,,,,,,,,,,,,,"https://media.cheshomes.com/241/2026/4/28/EW_38_Exterior_Rendering.jpg?width=1800&height=1200&fit=bounds&ois=75fdb78,https://media.cheshomes.com/241/2026/1/21/225_giwzoRg.jpg?width=1205&height=737&fit=bounds&b=b0a3d85&ois=8f569fe,https://media.cheshomes.com/241/2026/1/21/088_n2gPO8Q.jpg?width=1280&height=853&fit=bounds&ois=d5e5ac0,https://media.cheshomes.com/241/2026/1/21/086_RV9UdwJ.jpg?width=1280&height=853&fit=bounds&ois=b309c32,https://media.cheshomes.com/241/2026/1/21/097_UJKajP9.jpg?width=1280&height=853&fit=bounds&ois=21fb7ef,https://media.cheshomes.com/241/2026/1/21/092_zroIwKg.jpg?width=1280&height=859&fit=bounds&ois=1a5c030,https://media.cheshomes.com/241/2026/1/21/087_K2UPsjB.jpg?width=1280&height=853&fit=bounds&ois=28b4430,https://media.cheshomes.com/241/2026/1/21/096_AARQk4i.jpg?width=1280&height=853&fit=bounds&ois=aa86d2b,https://media.cheshomes.com/241/2026/1/21/095_8aYyNJ8.jpg?width=1280&height=853&fit=bounds&ois=2fb92bf,https://media.cheshomes.com/241/2026/1/21/094_Y4NjDBC.jpg?width=1280&height=853&fit=bounds&ois=86c1cb1,https://media.cheshomes.com/241/2026/1/21/138_nDrDYvX.jpg?width=1280&height=853&fit=bounds&ois=009d022,https://media.cheshomes.com/241/2026/1/21/114.jpg?width=1280&height=853&fit=bounds&ois=626e3ca,https://media.cheshomes.com/241/2026/1/21/117_eTg5fxs.jpg?width=1280&height=853&fit=bounds&ois=1f66f68,https://media.cheshomes.com/241/2026/1/21/119_BdlJ3G6.jpg?width=1280&height=853&fit=bounds&ois=f28a37f,https://media.cheshomes.com/241/2026/1/21/120_vweLdhY.jpg?width=1280&height=853&fit=bounds&ois=9a5cd63,https://media.cheshomes.com/241/2026/1/21/121_XpQKFLT.jpg?width=1280&height=853&fit=bounds&ois=a7de11d,https://media.cheshomes.com/241/2026/1/21/122_Hknt5lZ.jpg?width=1280&height=853&fit=bounds&ois=237f94e,https://media.cheshomes.com/241/2026/1/21/123_4o3KYXk.jpg?width=1280&height=853&fit=bounds&ois=a7b4806,https://media.cheshomes.com/241/2026/1/21/078_DM8haYA.jpg?width=1280&height=853&fit=bounds&ois=7757ad5,https://media.cheshomes.com/241/2026/1/21/079_Eydx9WY.jpg?width=1280&height=853&fit=bounds&ois=bf97b6b,https://media.cheshomes.com/241/2026/1/21/080_ygptCZz.jpg?width=1280&height=853&fit=bounds&ois=b1516a8,https://media.cheshomes.com/241/2026/1/21/081_YkTWHqo.jpg?width=1280&height=853&fit=bounds&ois=24e6668,https://media.cheshomes.com/241/2026/1/21/083_SRWF3A8.jpg?width=1280&height=853&fit=bounds&ois=9bc9a8c,https://media.cheshomes.com/241/2026/1/21/089_6MCH6Uz.jpg?width=1280&height=853&fit=bounds&ois=c3270de,https://media.cheshomes.com/241/2026/1/21/090_lrYIhmw.jpg?width=1280&height=853&fit=bounds&ois=e969fed,https://media.cheshomes.com/241/2026/1/21/101_Nz3IuCw.jpg?width=1280&height=853&fit=bounds&ois=bc05acb,https://media.cheshomes.com/241/2026/1/21/103_ovULz8O.jpg?width=1280&height=853&fit=bounds&ois=3308e52,https://media.cheshomes.com/241/2026/1/21/099_7kVDOWD.jpg?width=1280&height=853&fit=bounds&ois=d1cdd9d,https://media.cheshomes.com/241/2026/1/21/108_WZ8Fnlu.jpg?width=1280&height=853&fit=bounds&ois=b27f10f,https://media.cheshomes.com/241/2026/1/21/109_ufYo0j8.jpg?width=1280&height=853&fit=bounds&ois=87127db,https://media.cheshomes.com/241/2026/1/21/111_KIjkWd5.jpg?width=1280&height=853&fit=bounds&ois=fa4ab41,https://media.cheshomes.com/241/2026/1/21/125_wqZ3OXS.jpg?width=1280&height=853&fit=bounds&ois=74191e2,https://media.cheshomes.com/241/2026/1/21/126_1fGwxOt.jpg?width=1280&height=853&fit=bounds&ois=819909b,https://media.cheshomes.com/241/2026/1/21/128_N994KfM.jpg?width=1280&height=853&fit=bounds&ois=504be8d,https://media.cheshomes.com/241/2026/1/21/129_wRUHJtQ.jpg?width=1280&height=853&fit=bounds&ois=e578442,https://media.cheshomes.com/241/2026/1/21/130_RXPBZlH.jpg?width=1280&height=853&fit=bounds&ois=ac12dda,https://media.cheshomes.com/241/2026/1/21/218_RMcBQeQ.jpg?width=1280&height=853&fit=bounds&ois=9e2300a"
https://www.cheshomes.com/new-homes/va/suffolk/edgewater/17716/333-tarn-court/1750163/,Edgewater,36.70765,-76.62446,333 Tarn Court,Suffolk,VA,,,,,Chesapeake Homes,,,2,,,,,,,https://www.cheshomes.com,"Welcome to Edgewater,

new construction homes in Suffolk, VA

, across from the scenic

Speights Run Reservoir

. This community offers the perfect mix of peaceful surroundings and everyday convenience, with a neighborhood

playground

just steps from home. Nearby, enjoy the

trails and open spaces

at

Lakeside Park

or head into

Downtown Suffolk

for

local dining, shopping, and events

that bring the community together.

With easy access to

Route 13

, you’re never far from it all. Commuting to

Norfolk

or relaxing on the shores of

Virginia Beach

is just a short drive away, along with endless opportunities for entertainment, shopping, and coastal living throughout

Hampton Roads

. If you’re looking for

new homes

for sale in Suffolk, VA

,

this is where

comfort, connection, and natural beauty

truly come together.",,,"This nearly 2,500-square-foot home is the perfect choice for any family in search of a new place to call theirs. The Poppy is a spacious open-concept home with a total of five bedrooms. When you step off the covered front porch, you will step into a long foyer leading to the vast great room, dining room, and kitchen. Want to step up your cooking game or host a home warming party at the top of your to-do list? Upgrade to the gourmet kitchen or alternate kitchen layout which comes with various island options and stacked double ovens. Buyers can also find options for an extended back-covered porch or a fireplace in the great room. Each of these options helps you personalize the home to fit your specific needs. While one bedroom and full bath are downstairs, up the stairs we find three more bedrooms with another full bath that is equipped with a double vanity. Continuing on the second floor is the vast owner's suite, including a huge walk-in closet and optional tray ceilings. The owner's bathroom has 2 separate vanities and has the option for a seat in the owner's shower. Right outside this suite is the laundry room. This gives the owner's suite easy access to this space. Perfect for all families, The Poppy allows activities to be streamlined within the home and provides peaceful rest for the days when you need it. *Photos of Similar Home Shown",5,3,,2,2427,,,,,,,,,,,,,,,,,2,5,3,,2427,2,,,,,,,,,,,,,,"https://media.cheshomes.com/241/2026/4/28/EW_39_Exterior_Rendering_dSYFWxO.jpg?width=1800&height=1200&fit=bounds&ois=206b824,https://media.cheshomes.com/241/2026/2/26/1-web-or-mls-330TarnCt001_ydbIw8L.jpg?width=1920&height=1279&fit=bounds&ois=81ca6b8,https://media.cheshomes.com/241/2026/2/26/15-web-or-mls-330TarnCt015.jpg?width=1920&height=1279&fit=bounds&ois=46501a5,https://media.cheshomes.com/241/2026/2/26/17-web-or-mls-330TarnCt017.jpg?width=1920&height=1279&fit=bounds&ois=6992334,https://media.cheshomes.com/241/2026/2/26/16-web-or-mls-330TarnCt016_LoY90n7.jpg?width=1920&height=1279&fit=bounds&ois=814d60c,https://media.cheshomes.com/241/2026/2/26/8-web-or-mls-330TarnCt008_BmxE5f7.jpg?width=1920&height=1279&fit=bounds&ois=b46810e,https://media.cheshomes.com/241/2026/2/26/9-web-or-mls-330TarnCt009_ERiNxGX.jpg?width=1920&height=1279&fit=bounds&ois=2a81be7,https://media.cheshomes.com/241/2026/2/26/11-web-or-mls-330TarnCt011_xZhK8pW.jpg?width=1920&height=1279&fit=bounds&ois=f1f175b,https://media.cheshomes.com/241/2026/2/26/27-web-or-mls-330TarnCt027.jpg?width=1920&height=1279&fit=bounds&ois=c87144e,https://media.cheshomes.com/241/2026/2/26/28-web-or-mls-330TarnCt028.jpg?width=1920&height=1279&fit=bounds&ois=b8ec52a,https://media.cheshomes.com/241/2026/2/26/29-web-or-mls-330TarnCt029.jpg?width=1920&height=1279&fit=bounds&ois=53aae52,https://media.cheshomes.com/241/2026/2/26/30-web-or-mls-330TarnCt030.jpg?width=1920&height=1279&fit=bounds&ois=8bc5561,https://media.cheshomes.com/241/2026/2/26/31-web-or-mls-330TarnCt031.jpg?width=1920&height=1279&fit=bounds&ois=e18a314,https://media.cheshomes.com/241/2026/2/26/32-web-or-mls-330TarnCt032.jpg?width=1920&height=1279&fit=bounds&ois=a84188c,https://media.cheshomes.com/241/2026/2/26/3-web-or-mls-330TarnCt003_k53hzx6.jpg?width=1920&height=1279&fit=bounds&ois=7382d10,https://media.cheshomes.com/241/2026/2/26/20-web-or-mls-330TarnCt020.jpg?width=1920&height=1279&fit=bounds&ois=c65226e,https://media.cheshomes.com/241/2026/2/26/12-web-or-mls-330TarnCt012_hEMBpFm.jpg?width=1920&height=1279&fit=bounds&ois=790f360,https://media.cheshomes.com/241/2026/2/26/13-web-or-mls-330TarnCt013_g2zZNRm.jpg?width=1920&height=1279&fit=bounds&ois=b0826b4,https://media.cheshomes.com/241/2026/2/26/14-web-or-mls-330TarnCt014_WW3oHZ0.jpg?width=1920&height=1279&fit=bounds&ois=52e2c63,https://media.cheshomes.com/241/2026/2/26/4-web-or-mls-330TarnCt004_saxb28R.jpg?width=1920&height=1279&fit=bounds&ois=7bc2956,https://media.cheshomes.com/241/2026/2/26/5-web-or-mls-330TarnCt005_QXstzdC.jpg?width=1920&height=1279&fit=bounds&ois=4bd18dd,https://media.cheshomes.com/241/2026/2/26/6-web-or-mls-330TarnCt006_4T6Wsnz.jpg?width=1920&height=1279&fit=bounds&ois=ae010ca,https://media.cheshomes.com/241/2026/2/26/22-web-or-mls-330TarnCt022_ycujNuQ.jpg?width=1920&height=1279&fit=bounds&ois=ea8f3cf,https://media.cheshomes.com/241/2026/2/26/23-web-or-mls-330TarnCt023.jpg?width=1920&height=1279&fit=bounds&ois=9124fb9,https://media.cheshomes.com/241/2026/2/26/24-web-or-mls-330TarnCt024.jpg?width=1920&height=1279&fit=bounds&ois=bf80158,https://media.cheshomes.com/241/2026/2/26/35-web-or-mls-330TarnCt035_aLyQ8og.jpg?width=1920&height=1279&fit=bounds&ois=03fd10a,https://media.cheshomes.com/241/2026/2/26/36-web-or-mls-330TarnCt036_x280CAS.jpg?width=1920&height=1279&fit=bounds&ois=3b383f4,https://media.cheshomes.com/241/2026/2/26/40-web-or-mls-330TarnCt040_F1EO6bM.jpg?width=1920&height=1278&fit=bounds&ois=1b718ed,https://media.cheshomes.com/241/2026/2/26/37-web-or-mls-330TarnCt037_J0Gfqp4.jpg?width=1920&height=1279&fit=bounds&ois=8e61836,https://media.cheshomes.com/241/2026/2/26/38-web-or-mls-330TarnCt038_o7PuCHh.jpg?width=1920&height=1279&fit=bounds&ois=8cfe861,https://media.cheshomes.com/241/2026/2/26/39-web-or-mls-330TarnCt039_ICP24Gq.jpg?width=1920&height=1279&fit=bounds&ois=581cf6f,https://media.cheshomes.com/241/2026/2/26/33-web-or-mls-330TarnCt033.jpg?width=1920&height=1278&fit=bounds&ois=cf83dd5,https://media.cheshomes.com/241/2026/2/26/41-web-or-mls-330TarnCt041_x0zfu3b.jpg?width=1920&height=1279&fit=bounds&ois=05cc915,https://media.cheshomes.com/241/2026/2/26/42-web-or-mls-330TarnCt042_fVLSmTf.jpg?width=1920&height=1279&fit=bounds&ois=6c78667,https://media.cheshomes.com/241/2026/2/26/45-web-or-mls-330TarnCt045_Awwxn8v.jpg?width=1920&height=1279&fit=bounds&ois=e177417"
https://www.cheshomes.com/new-homes/nc/lillington/the-farm-at-neills-creek/11916/36-peach-grove-way/1719748/,The Farm at Neill's Creek,35.4035,-78.8132,36 Peach Grove Way,Lillington,NC,,,,,Chesapeake Homes,,,2,,,,,,,https://www.cheshomes.com,"Discover the perfect blend of small-town charm and big-time convenience at

The Farm at Neill's Creek

, a community of n

ew single-family homes

in Lillington, NC. A variety of floor plans ranging from

1,900 to 3,000 square feet

with features like a gourmet kitchen island perfect for entertaining and rear covered porches ideal for quiet summer evenings. The Farm at Neill's Creek will have everything you're looking for.

Located in

Harnett County

, Lillington offers peaceful surroundings with easy access to the surrounding Triangle area and

Downtown Raleigh

. Enjoy l

ocally owned shops

and restaurants in Downtown Lillington, explore the scenic

Cape Fear River

, or take advantage of nearby

parks and recreation

.

Find your home at The Farm at Neill's Creek, where thoughtfully designed new homes in

Lillington, NC

, combine comfort, style, and convenience.",,,"The Hawthorne is a beautifully designed home that offers comfort, flexibility, and plenty of room to grow. Whether you're starting fresh, growing your family, or simply ready for something new, the 2,176 square feet of thoughtfully planned space in this home will be perfect for you. On the first floor, you’ll find a spacious open-concept living area where the great room, breakfast area, and kitchen flow seamlessly together, ideal for both everyday living and entertaining. Also downstairs, there’s a formal dining room, a convenient powder room, and access to a two-car garage. Want to enjoy meals outside? Enjoy your rear covered porch for the perfect outdoor dining experience.Upstairs, all bedrooms are located together, including the impressive owner’s suite, a large bathroom, and two walk-in closets. The laundry room is located just outside the suite for easy access, alongside two additional bedrooms, a full bath, and a loft. The Hawthorne is a flexible, welcoming floor plan that adapts beautifully to your lifestyle.*Photos of Similar Home Shown",3,2,1,2,2176,379900,,,,,,,,,,,,,,,,2,3,2,1,2176,2,379900,,,,,,,,,,,,,"https://media.cheshomes.com/241/2026/4/8/The_Farm_lot_8.png?width=1920&height=1305&fit=bounds&ois=9f34180,https://media.cheshomes.com/241/2026/4/17/The_Hawthorne_EP4PLMC.jpg?width=1920&height=1375&fit=bounds&ois=894be94,https://media.cheshomes.com/241/2026/4/17/collov-ai_20260417094800_r5e249_mKxcFJO.jpg?width=1264&height=842&fit=bounds&ois=8c0b46f,https://media.cheshomes.com/241/2026/4/17/25-web-or-mls-ext-18_a8RYgAh.jpg?width=1920&height=1279&fit=bounds&ois=d471ff6,https://media.cheshomes.com/241/2026/4/17/26-web-or-mls-ext-21_ydDLtKd.jpg?width=1920&height=1279&fit=bounds&ois=0f99761,https://media.cheshomes.com/241/2026/4/17/24-web-or-mls-ext-15_HpbN9a4.jpg?width=1920&height=1279&fit=bounds&ois=1494dba,https://media.cheshomes.com/241/2026/4/17/collov-ai_20260417094138_31ofae_48PHSC6.jpg?width=1264&height=842&fit=bounds&ois=f1c9e73,https://media.cheshomes.com/241/2026/4/17/28-web-or-mls-ext-27_d1jfXku.jpg?width=1920&height=1279&fit=bounds&ois=ae4bbd7,https://media.cheshomes.com/241/2026/4/17/27-web-or-mls-ext-24_b2OmHKE.jpg?width=1920&height=1279&fit=bounds&ois=5f36ac3,https://media.cheshomes.com/241/2026/4/17/30-web-or-mls-ext-33_tkYTLNY.jpg?width=1920&height=1279&fit=bounds&ois=809ef13,https://media.cheshomes.com/241/2026/4/17/32-web-or-mls-ext-39_K6ZB2Yq.jpg?width=1920&height=1279&fit=bounds&ois=6ed932f,https://media.cheshomes.com/241/2026/4/17/40-web-or-mls-ext-63_iypIuPh.jpg?width=1920&height=1279&fit=bounds&ois=3564819,https://media.cheshomes.com/241/2026/4/17/41-web-or-mls-ext-66_Kblarw5.jpg?width=1920&height=1279&fit=bounds&ois=59f81b1,https://media.cheshomes.com/241/2026/4/17/37-web-or-mls-ext-54_Pylz4nM.jpg?width=1920&height=1279&fit=bounds&ois=326f825,https://media.cheshomes.com/241/2026/4/17/39-web-or-mls-ext-60_PExnam9.jpg?width=1920&height=1279&fit=bounds&ois=f1a9c54,https://media.cheshomes.com/241/2026/4/17/38-web-or-mls-ext-57_MRxQ6RE.jpg?width=1920&height=1279&fit=bounds&ois=a518138,https://media.cheshomes.com/241/2026/4/17/19-web-or-mls-ext-6_4CkNPic.jpg?width=1920&height=1279&fit=bounds&ois=6ca0cb4,https://media.cheshomes.com/241/2026/4/17/17-web-or-mls-ext-3_SmbWfgO.jpg?width=1920&height=1279&fit=bounds&ois=6b2a792,https://media.cheshomes.com/241/2026/4/17/22-web-or-mls-ext-9_mGeVrGK.jpg?width=1920&height=1279&fit=bounds&ois=c8e3cd0,https://media.cheshomes.com/241/2026/4/17/23-web-or-mls-ext-12_PK9hPS6.jpg?width=1920&height=1279&fit=bounds&ois=249f079,https://media.cheshomes.com/241/2026/4/17/42-web-or-mls-ext-69_bIkU7PI.jpg?width=1920&height=1279&fit=bounds&ois=5411de8,https://media.cheshomes.com/241/2026/4/17/43-web-or-mls-ext-72_paevf5Y.jpg?width=1920&height=1279&fit=bounds&ois=3ceaa44,https://media.cheshomes.com/241/2026/4/17/44-web-or-mls-ext-75_uUhsvn8.jpg?width=1920&height=1279&fit=bounds&ois=cccb30c,https://media.cheshomes.com/241/2026/4/17/35-web-or-mls-ext-48_EM4Z7rs.jpg?width=1920&height=1279&fit=bounds&ois=0963912,https://media.cheshomes.com/241/2026/4/17/45-web-or-mls-ext-78_LlCaFYi.jpg?width=1920&height=1279&fit=bounds&ois=6993ffd,https://media.cheshomes.com/241/2026/4/17/46-web-or-mls-ext-81_1xIB429.jpg?width=1920&height=1279&fit=bounds&ois=423c67b,https://media.cheshomes.com/241/2026/4/17/15-web-or-mls-ext-2_moTKHbN.jpg?width=1920&height=1279&fit=bounds&ois=7721dd0"
https://www.cheshomes.com/new-homes/sc/myrtle-beach/waterbridge/7454/397-starlit-way/1743280/,Waterbridge,33.7605705,-78.8859127,397 Starlit Way,Myrtle Beach,SC,,,Horry County Schools,Move-In Ready,Chesapeake Homes,,,2,,,,,,,https://www.cheshomes.com,"Welcome to

the last of

Waterbridge

A beautiful

gated

community in the popular

Carolina Forest area of Myrtle Beach

! If you're searching for a stunning place to build your new home, filled with fun

amenities

for you and your family, look no further. Living in Waterbridge means living close to nature. With lots of trees and views of the water, you're sure to find the ideal spot to build your dream home. The coastal cottage-style houses and preserved land make this community a charming place that everyone loves.

The key attraction of Waterbridge is its award-winning

resort-style

features

. Grab a friend and

play tennis, pickleball, or basketbal

l. Take a boat out on Palmetto Lake and enjoy a day out on the water. The community also boasts a beautifully crafted clubhouse with a refreshment center and big kitchen, perfect for parties. Get fit at the 24-hour

fitness center

, full of cardio and weight training equipment. Waterbridge also has the

biggest

residential

swimming

pool

in South Carolina, including Olympic-size lanes, a beautifully designed island, a jetted spa, and a

swim-up

bar

! So, pack up because you'll want to spend the whole day here!",,,"Inspired by the natural beauty of the surrounding area, the Waverunner offers three bedrooms and two and a half baths across 2,680 square feet. This thoughtfully designed two-story home sits on a homesite with a pond in the backyard, offering peaceful water views and enhanced outdoor living. The layout features an enormous kitchen, spacious outdoor living, a loft, and ample storage throughout. Wide, open spaces connect the great room, casual dining area, and expansive kitchen, creating an ideal setting for everyday living and entertaining. Prepare meals at the large kitchen island while enjoying views of your covered porch and backyard pond. A formal dining room for intimate dinners or holiday gatherings. Fully enjoy the beauty of the coastal surroundings with the addition of a covered porch, perfect for relaxing and taking in the tranquil pond views. Upstairs, a large loft offers flexible space ideal for a media room, recreation area, or home office. The owner’s suite provides a private retreat, complete with a generous walk-in closet and a luxurious owner’s bath. Two additional bedrooms, a full bath, and a conveniently located laundry room complete the second floor, creating a comfortable and functional space for the entire household. The Waverunner offers room for everyone while blending comfort, flexibility, and scenic coastal living.",4,2,1,2,2680,629900,,,,,,,,,,,,,,,,2,4,2,1,2680,2,629900,,,,,,,,,,,,,"https://media.cheshomes.com/241/2026/4/24/DSC05313.jpg?width=1920&height=1280&fit=bounds&ois=a68f8a6,https://media.cheshomes.com/241/2026/4/24/DSC05322.jpg?width=1920&height=1280&fit=bounds&ois=7ce75d6,https://media.cheshomes.com/241/2026/4/24/DSC05328.jpg?width=1920&height=1280&fit=bounds&ois=7a240ed,https://media.cheshomes.com/241/2026/4/24/DSC05319.jpg?width=1920&height=1280&fit=bounds&ois=4b31b73,https://media.cheshomes.com/241/2026/4/24/DSC05361.jpg?width=1920&height=1280&fit=bounds&ois=5faa3e8,https://media.cheshomes.com/241/2026/4/24/DSC05364.jpg?width=1920&height=1280&fit=bounds&ois=401a3c3,https://media.cheshomes.com/241/2026/4/24/DSC05367.jpg?width=1920&height=1280&fit=bounds&ois=85c2b8a,https://media.cheshomes.com/241/2026/4/24/DSC05373.jpg?width=1920&height=1280&fit=bounds&ois=d5ed7d4,https://media.cheshomes.com/241/2026/4/24/DSC05370.jpg?width=1920&height=1280&fit=bounds&ois=cd89a29,https://media.cheshomes.com/241/2026/4/24/DSC05376.jpg?width=1920&height=1280&fit=bounds&ois=15ba535,https://media.cheshomes.com/241/2026/4/24/DSC05316.jpg?width=1920&height=1280&fit=bounds&ois=57300e9,https://media.cheshomes.com/241/2026/4/24/DSC05331.jpg?width=1920&height=1280&fit=bounds&ois=92f1f6a,https://media.cheshomes.com/241/2026/4/24/DSC05307.jpg?width=1920&height=1280&fit=bounds&ois=cedc6dd,https://media.cheshomes.com/241/2026/4/24/DSC05310.jpg?width=1920&height=1280&fit=bounds&ois=b7a9acc,https://media.cheshomes.com/241/2026/4/24/DSC05325.jpg?width=1920&height=1280&fit=bounds&ois=b9c7d25,https://media.cheshomes.com/241/2026/4/24/DSC05358.jpg?width=1920&height=1280&fit=bounds&ois=801be12,https://media.cheshomes.com/241/2026/4/24/DSC05340.jpg?width=1920&height=1280&fit=bounds&ois=2e5a0c9,https://media.cheshomes.com/241/2026/4/24/DSC05304.jpg?width=1920&height=1280&fit=bounds&ois=2a6e8de,https://media.cheshomes.com/241/2026/4/24/DSC05349.jpg?width=1920&height=1280&fit=bounds&ois=6220216,https://media.cheshomes.com/241/2026/4/24/DSC05355.jpg?width=1920&height=1280&fit=bounds&ois=16247e2,https://media.cheshomes.com/241/2026/4/24/DSC05352.jpg?width=1920&height=1280&fit=bounds&ois=8082d29,https://media.cheshomes.com/241/2026/4/24/DSC05385.jpg?width=1920&height=1280&fit=bounds&ois=fcd3f62,https://media.cheshomes.com/241/2026/4/24/DSC05382.jpg?width=1920&height=1280&fit=bounds&ois=e2f8166,https://media.cheshomes.com/241/2026/4/24/DSC05379.jpg?width=1920&height=1280&fit=bounds&ois=7d6d606,https://media.cheshomes.com/241/2026/4/24/DSC05391.jpg?width=1920&height=1280&fit=bounds&ois=f932778,https://media.cheshomes.com/241/2026/4/24/DSC05388.jpg?width=1920&height=1280&fit=bounds&ois=2e25b3c,https://media.cheshomes.com/241/2026/4/24/DSC05346.jpg?width=1920&height=1280&fit=bounds&ois=9829e79,https://media.cheshomes.com/241/2026/4/24/DSC05343.jpg?width=1920&height=1280&fit=bounds&ois=a973c4a,https://media.cheshomes.com/241/2026/4/24/DSC05337.jpg?width=1920&height=1046&fit=bounds&ois=984a86d,https://media.cheshomes.com/241/2026/4/24/DSC05334.jpg?width=1920&height=1139&fit=bounds&ois=705b0fc,https://media.cheshomes.com/241/2026/4/24/DSC05299.jpg?width=1891&height=1440&fit=bounds&ois=263899e"
https://www.cheshomes.com/new-homes/sc/myrtle-beach/waterbridge/7454/401-starlit-way/1716156/,Waterbridge,33.7602515,-78.8858104,401 Starlit Way,Myrtle Beach,SC,,,Horry County Schools,Quick Move-In,Chesapeake Homes,,,2,,,,,,,https://www.cheshomes.com,"Welcome to

the last of

Waterbridge

A beautiful

gated

community in the popular

Carolina Forest area of Myrtle Beach

! If you're searching for a stunning place to build your new home, filled with fun

amenities

for you and your family, look no further. Living in Waterbridge means living close to nature. With lots of trees and views of the water, you're sure to find the ideal spot to build your dream home. The coastal cottage-style houses and preserved land make this community a charming place that everyone loves.

The key attraction of Waterbridge is its award-winning

resort-style

features

. Grab a friend and

play tennis, pickleball, or basketbal

l. Take a boat out on Palmetto Lake and enjoy a day out on the water. The community also boasts a beautifully crafted clubhouse with a refreshment center and big kitchen, perfect for parties. Get fit at the 24-hour

fitness center

, full of cardio and weight training equipment. Waterbridge also has the

biggest

residential

swimming

pool

in South Carolina, including Olympic-size lanes, a beautifully designed island, a jetted spa, and a

swim-up

bar

! So, pack up because you'll want to spend the whole day here!",,,"The Newberry is the perfect balance between outdoor living space and a coastal-inspired interior, encouraging you to slip off your Flip Flops and relax. This home has three bedrooms, two bathrooms, and a second floor with a loft. Step in from the Newberry’s covered front porch to find an open kitchen, dining, and great room area. Breeze through sliding glass doors onto a 179 square foot covered porch, ideal for warm summer evenings or afternoon get-togethers. Gather in the spacious gourmet kitchen or in the great room with a beautiful tray ceiling. Whether you’re looking for an abundance of counter space, added seating, or a more intimate gathering area, this home has a solution. Through the foyer, you’ll find a drop zone and laundry area and a bench for seating while you unload beach accessories or sand-filled clothes. Drop-off beach chairs in the convenient storage space just inside the garage, as well. Beyond the open living space, find a stunning master suite complete with a tray ceiling, enormous walk-in closet, double vanity, and a seated shower.Go ahead, kick your feet up, sit back, and relax among the day-to-day comforts and spaciousness of the Newberry!*PHOTOS OF SIMILAR HOME*",3,2,,2,2244,669900,,,,,,,,,,,,,,,,2,3,2,,2244,2,669900,,,,,,,,,,,,,"https://media.cheshomes.com/241/2026/1/9/A7300076.jpg?width=1920&height=1280&fit=bounds&ois=c2df749,https://media.cheshomes.com/241/2026/1/5/A7300090.jpg?width=1920&height=1280&fit=bounds&ois=4ed49b6,https://media.cheshomes.com/241/2026/1/9/A7300098.jpg?width=1920&height=1280&fit=bounds&ois=6f21b12,https://media.cheshomes.com/241/2026/1/9/A7300103.jpg?width=1920&height=1280&fit=bounds&ois=26fdf3e,https://media.cheshomes.com/241/2026/1/9/A7300110.jpg?width=1920&height=1280&fit=bounds&ois=d3c41c8,https://media.cheshomes.com/241/2026/1/9/A7300058.jpg?width=1920&height=1280&fit=bounds&ois=988f394,https://media.cheshomes.com/241/2026/1/9/A7300148.jpg?width=1920&height=1280&fit=bounds&ois=c1a1a1b,https://media.cheshomes.com/241/2026/1/9/A7300043.jpg?width=1920&height=1280&fit=bounds&ois=426c100,https://media.cheshomes.com/241/2026/1/9/A7300040.jpg?width=1920&height=1280&fit=bounds&ois=9e4595a,https://media.cheshomes.com/241/2026/1/9/A7300068.jpg?width=1920&height=1280&fit=bounds&ois=b2b6bd2,https://media.cheshomes.com/241/2026/1/9/A7300065.jpg?width=1920&height=1280&fit=bounds&ois=e0b0d0c,https://media.cheshomes.com/241/2026/1/9/A7300133.jpg?width=1920&height=1280&fit=bounds&ois=65ea431,https://media.cheshomes.com/241/2026/1/9/A7300055.jpg?width=1920&height=1280&fit=bounds&ois=d574859,https://media.cheshomes.com/241/2026/1/9/A7300128.jpg?width=1920&height=1280&fit=bounds&ois=4a27671,https://media.cheshomes.com/241/2026/1/5/A7300050.jpg?width=1920&height=1280&fit=bounds&ois=b3c0c63,https://media.cheshomes.com/241/2026/1/9/A7300123.jpg?width=1920&height=1280&fit=bounds&ois=12017bf,https://media.cheshomes.com/241/2026/1/9/A7300143.jpg?width=1920&height=1280&fit=bounds&ois=d95ac61,https://media.cheshomes.com/241/2026/1/9/A7300138.jpg?width=1920&height=1280&fit=bounds&ois=3802a98,https://media.cheshomes.com/241/2026/1/9/A7300035.jpg?width=1920&height=1280&fit=bounds&ois=27ac544,https://media.cheshomes.com/241/2026/1/9/A7300120.jpg?width=1920&height=1282&fit=bounds&ois=a87673e,https://media.cheshomes.com/241/2026/1/9/A7300025.jpg?width=1920&height=1241&fit=bounds&ois=2c814e2,https://media.cheshomes.com/241/2026/1/9/A7300030_njtlZ1g.jpg?width=1920&height=1392&fit=bounds&ois=13b7bf7,https://media.cheshomes.com/241/2026/1/9/A7300020.jpg?width=1920&height=1152&fit=bounds&ois=e11ac0b,https://media.cheshomes.com/241/2025/9/18/exterior_image_7.jpg?width=1800&height=1200&fit=bounds&ois=1999c58"
https://www.cheshomes.com/new-homes/nc/lillington/the-farm-at-neills-creek/11916/41-peach-grove-way/1719769/,The Farm at Neill's Creek,35.4037,-78.8146,41 Peach Grove Way,Lillington,NC,,,,,Chesapeake Homes,,,2,,,,,,,https://www.cheshomes.com,"Discover the perfect blend of small-town charm and big-time convenience at

The Farm at Neill's Creek

, a community of n

ew single-family homes

in Lillington, NC. A variety of floor plans ranging from

1,900 to 3,000 square feet

with features like a gourmet kitchen island perfect for entertaining and rear covered porches ideal for quiet summer evenings. The Farm at Neill's Creek will have everything you're looking for.

Located in

Harnett County

, Lillington offers peaceful surroundings with easy access to the surrounding Triangle area and

Downtown Raleigh

. Enjoy l

ocally owned shops

and restaurants in Downtown Lillington, explore the scenic

Cape Fear River

, or take advantage of nearby

parks and recreation

.

Find your home at The Farm at Neill's Creek, where thoughtfully designed new homes in

Lillington, NC

, combine comfort, style, and convenience.",,,"These 2,667 square feet of space are for any family on the go during the week and for those who love to lounge on the weekends. The Concerto plan offers a spacious lifestyle with four bedrooms. The open-concept kitchen and great room create an extensive floor plan broken up with a kitchen island and breakfast nook. Plus, with patio access connected and a rear covered porch, who says you can’t enjoy your morning coffee outside? Once you head upstairs, you will find a vast loft area. It’s the perfect spot for that media room, playroom, or workout spot you have been looking for. You even have the option to turn the loft into a fifth bedroom. After a long day, you will feel like you are living a life of luxury once you step into the Owner’s Suite. With an upscale L-shaped walk-in closet and a double sink vanity, your daily routines will no longer become a hassle. On top of all of that, two generously sized bedrooms and a full bath are located on this floor. The Concerto is for anyone who wants to live in a home that makes you say “Ahhhhhhhh” on a Friday night in.*Photos of Similar Home Shown",4,3,,2,2667,404900,,,,,,,,,,,,,,,,2,4,3,,2667,2,404900,,,,,,,,,,,,,"https://media.cheshomes.com/241/2026/4/8/The_Farm_109.png?width=895&height=701&fit=bounds&b=9599072&ois=1ed32dc,https://media.cheshomes.com/241/2023/11/20/IMG_5960_aY45VZE.jpg?width=900&height=600&fit=bounds&ois=3ab4ee0,https://media.cheshomes.com/241/2023/11/20/IMG_5962_gLRzzhf.jpg?width=900&height=600&fit=bounds&ois=0fbc442,https://media.cheshomes.com/241/2023/11/20/IMG_5964_5iitleu.jpg?width=900&height=600&fit=bounds&ois=37a86c8,https://media.cheshomes.com/241/2023/11/20/IMG_5968_69_70_tFBJawG.jpg?width=899&height=600&fit=bounds&ois=866a048,https://media.cheshomes.com/241/2023/11/20/IMG_5971_2_3_tzJqRPF.jpg?width=899&height=600&fit=bounds&ois=a3f102f,https://media.cheshomes.com/241/2023/11/20/IMG_5974_5_6_K77eqS4.jpg?width=898&height=600&fit=bounds&ois=910648d,https://media.cheshomes.com/241/2023/11/20/IMG_5980_1_2_phS5EGE.jpg?width=898&height=600&fit=bounds&ois=f2dd783,https://media.cheshomes.com/241/2023/11/20/IMG_5986_7_8_xvzwN4D.jpg?width=899&height=600&fit=bounds&ois=cabbeb0,https://media.cheshomes.com/241/2023/11/20/IMG_5983_4_5_XgPGMOo.jpg?width=899&height=600&fit=bounds&ois=f87b1b8,https://media.cheshomes.com/241/2023/11/20/IMG_6022_3_4_tKSfWtB.jpg?width=899&height=600&fit=bounds&ois=6141736,https://media.cheshomes.com/241/2023/11/20/IMG_5989_90_91_IspQFkb.jpg?width=900&height=600&fit=bounds&ois=c5dab44,https://media.cheshomes.com/241/2023/11/20/IMG_5995_6_7_ol75BOv.jpg?width=899&height=600&fit=bounds&ois=17f5673,https://media.cheshomes.com/241/2023/11/20/IMG_6010_1_2_ZWKJasZ.jpg?width=899&height=600&fit=bounds&ois=a863f00,https://media.cheshomes.com/241/2023/11/20/IMG_6061_2_3_wVPkCFc.jpg?width=899&height=600&fit=bounds&ois=aff7c9b,https://media.cheshomes.com/241/2023/11/20/IMG_6016_7_8_5wJi5Ea.jpg?width=899&height=600&fit=bounds&ois=a688aa7,https://media.cheshomes.com/241/2023/11/20/IMG_6019_20_21_z76s56j.jpg?width=900&height=600&fit=bounds&ois=c7e8d65,https://media.cheshomes.com/241/2023/11/20/IMG_6049_50_51_hjBt1aB.jpg?width=899&height=600&fit=bounds&ois=b85787b,https://media.cheshomes.com/241/2023/11/20/IMG_6034_5_6_tRD7aPf.jpg?width=900&height=600&fit=bounds&ois=047bedd,https://media.cheshomes.com/241/2023/11/20/IMG_6040_1_2_xcNg8BA.jpg?width=900&height=600&fit=bounds&ois=30fa5a5,https://media.cheshomes.com/241/2023/11/20/IMG_6094_5_6_HQrXQnl.jpg?width=898&height=600&fit=bounds&ois=ab0aa60,https://media.cheshomes.com/241/2023/11/20/IMG_6109_10_11_lUS319f.jpg?width=899&height=600&fit=bounds&ois=bcccea4,https://media.cheshomes.com/241/2023/11/20/IMG_6121_2_3_WgLcQey.jpg?width=900&height=600&fit=bounds&ois=f75e071,https://media.cheshomes.com/241/2023/11/20/IMG_6127_8_9_BiE1kS2.jpg?width=900&height=600&fit=bounds&ois=e976010,https://media.cheshomes.com/241/2023/11/20/IMG_6136_7_8_gMtjrwL.jpg?width=900&height=600&fit=bounds&ois=be838ea,https://media.cheshomes.com/241/2023/11/20/IMG_6130_1_2_nGS6nmQ.jpg?width=898&height=600&fit=bounds&ois=93c9769,https://media.cheshomes.com/241/2023/11/20/IMG_6142_3_4_EiDvLkd.jpg?width=898&height=600&fit=bounds&ois=8ac79b8,https://media.cheshomes.com/241/2023/11/20/IMG_6148_49_50_n8D3Ixx.jpg?width=898&height=600&fit=bounds&ois=222c184,https://media.cheshomes.com/241/2023/11/20/IMG_6154_5_6_OSnbCEo.jpg?width=898&height=600&fit=bounds&ois=1a809a4,https://media.cheshomes.com/241/2023/11/20/IMG_6157_8_9_VN9IxGD.jpg?width=898&height=600&fit=bounds&ois=89693e1,https://media.cheshomes.com/241/2023/11/20/IMG_6073_4_5_266UCZY.jpg?width=900&height=600&fit=bounds&ois=14dbd0c,https://media.cheshomes.com/241/2023/11/20/IMG_6079_80_81_lbwWnP1.jpg?width=899&height=600&fit=bounds&ois=8bfd958,https://media.cheshomes.com/241/2023/11/20/IMG_6082_3_4_U1LlNFQ.jpg?width=900&height=600&fit=bounds&ois=e816894,https://media.cheshomes.com/241/2023/11/20/IMG_6085_6_7_rF3Rncy.jpg?width=900&height=600&fit=bounds&ois=b514f43,https://media.cheshomes.com/241/2023/11/20/IMG_6172_3_4_ZjNnnl4.jpg?width=899&height=600&fit=bounds&ois=bcc0bef,https://media.cheshomes.com/241/2023/11/20/IMG_6175_6_7_J917iNd.jpg?width=899&height=600&fit=bounds&ois=d2dbdc7,https://media.cheshomes.com/241/2023/11/20/IMG_6184_5_6_JtQLYZq.jpg?width=899&height=600&fit=bounds&ois=e5fe7d1,https://media.cheshomes.com/241/2023/11/20/IMG_6193_4_5_mNXINFx.jpg?width=899&height=600&fit=bounds&ois=c9f234f,https://media.cheshomes.com/241/2023/11/20/IMG_6196_7_8_fZiTFKE.jpg?width=899&height=600&fit=bounds&ois=e4c873e,https://media.cheshomes.com/241/2023/11/20/IMG_6202_3_4_sPY7Dil.jpg?width=899&height=600&fit=bounds&ois=82e348c,https://media.cheshomes.com/241/2023/11/20/IMG_6208_nrRkOCr.jpg?width=900&height=600&fit=bounds&ois=9ac18b5,https://media.cheshomes.com/241/2023/11/20/IMG_6209_MMf2Jqq.jpg?width=900&height=600&fit=bounds&ois=09e018c,https://media.cheshomes.com/241/2023/11/20/IMG_6238_PgeeiYm.jpg?width=900&height=600&fit=bounds&ois=9442676"
https://www.cheshomes.com/new-homes/sc/myrtle-beach/waterbridge/7454/435-starlit-way/1736769/,Waterbridge,33.7586169,-78.8833235,435 Starlit Way,Myrtle Beach,SC,,,Horry County Schools,,Chesapeake Homes,,,2,,,,,,,https://www.cheshomes.com,"Welcome to

the last of

Waterbridge

A beautiful

gated

community in the popular

Carolina Forest area of Myrtle Beach

! If you're searching for a stunning place to build your new home, filled with fun

amenities

for you and your family, look no further. Living in Waterbridge means living close to nature. With lots of trees and views of the water, you're sure to find the ideal spot to build your dream home. The coastal cottage-style houses and preserved land make this community a charming place that everyone loves.

The key attraction of Waterbridge is its award-winning

resort-style

features

. Grab a friend and

play tennis, pickleball, or basketbal

l. Take a boat out on Palmetto Lake and enjoy a day out on the water. The community also boasts a beautifully crafted clubhouse with a refreshment center and big kitchen, perfect for parties. Get fit at the 24-hour

fitness center

, full of cardio and weight training equipment. Waterbridge also has the

biggest

residential

swimming

pool

in South Carolina, including Olympic-size lanes, a beautifully designed island, a jetted spa, and a

swim-up

bar

! So, pack up because you'll want to spend the whole day here!",,,"The Newberry is the perfect balance between outdoor living space and a coastal-inspired interior, encouraging you to slip off your Flip Flops and relax. With 2,244 square feet, this model offers up four bedrooms and two bathrooms. Step in from the Newberry’s covered front porch to find an open kitchen, dining, and great room area. Breeze through sliding glass doors onto a 179 square foot covered porch, ideal for warm summer evenings or afternoon get-togethers.Through the foyer, you’ll find a drop zone and laundry area, and a bench for seating while you unload beach accessories or sand-filled clothes. Drop-off beach chairs in the convenient storage space just inside the garage, as well. Across from the drop zone, beyond the open living space, find a stunning master suite complete with a tray ceiling, enormous walk-in closet, double vanity. Go ahead, kick your feet up, sit back, and relax among the day-to-day comforts and spaciousness of the Newberry!*PHOTOS OF SIMILAR HOME*",3,2,,2,2244,,,,,,,,,,,,,,,,,2,3,2,,2244,2,,,,,,,,,,,,,,"https://media.cheshomes.com/241/2026/2/6/collov-ai_20260206111548_4zvgid.jpg?width=1264&height=848&fit=bounds&ois=6dc98e7,https://media.cheshomes.com/241/2026/2/6/collov-ai_20260206113624_1t1zlw.jpg?width=1264&height=848&fit=bounds&ois=72b7360,https://media.cheshomes.com/241/2026/1/5/A7300075.jpg?width=1920&height=1280&fit=bounds&ois=34d1ce4,https://media.cheshomes.com/241/2026/1/5/A7300083.jpg?width=1920&height=1280&fit=bounds&ois=267d1e6,https://media.cheshomes.com/241/2026/1/5/A7300093.jpg?width=1920&height=1280&fit=bounds&ois=e1cae51,https://media.cheshomes.com/241/2026/1/5/A7300103.jpg?width=1920&height=1280&fit=bounds&ois=534b1e3,https://media.cheshomes.com/241/2026/1/5/A7300098.jpg?width=1920&height=1280&fit=bounds&ois=04c6660,https://media.cheshomes.com/241/2026/1/5/A7300110.jpg?width=1920&height=1280&fit=bounds&ois=56e026b,https://media.cheshomes.com/241/2026/1/5/A7300113.jpg?width=1920&height=1280&fit=bounds&ois=f8483ae,https://media.cheshomes.com/241/2026/1/5/A7300090.jpg?width=1920&height=1280&fit=bounds&ois=4ed49b6,https://media.cheshomes.com/241/2026/1/5/A7300076.jpg?width=1920&height=1280&fit=bounds&ois=5c3fadf,https://media.cheshomes.com/241/2026/1/5/A7300065.jpg?width=1920&height=1280&fit=bounds&ois=6c89c40,https://media.cheshomes.com/241/2026/1/5/A7300068.jpg?width=1920&height=1280&fit=bounds&ois=a4f6ae3,https://media.cheshomes.com/241/2026/1/5/A7300138.jpg?width=1920&height=1280&fit=bounds&ois=01c7d8d,https://media.cheshomes.com/241/2026/1/5/A7300143.jpg?width=1920&height=1280&fit=bounds&ois=d9adde3,https://media.cheshomes.com/241/2026/1/5/A7300133.jpg?width=1920&height=1280&fit=bounds&ois=953c350,https://media.cheshomes.com/241/2026/1/5/A7300148.jpg?width=1920&height=1280&fit=bounds&ois=708efd9,https://media.cheshomes.com/241/2026/1/5/A7300058.jpg?width=1920&height=1280&fit=bounds&ois=ca3b4e2,https://media.cheshomes.com/241/2026/1/5/A7300043.jpg?width=1920&height=1280&fit=bounds&ois=0f36dc2,https://media.cheshomes.com/241/2026/1/5/A7300040.jpg?width=1920&height=1280&fit=bounds&ois=4255c8e,https://media.cheshomes.com/241/2026/1/5/A7300055.jpg?width=1920&height=1280&fit=bounds&ois=02787d5,https://media.cheshomes.com/241/2026/1/5/A7300123.jpg?width=1920&height=1280&fit=bounds&ois=a28dc93,https://media.cheshomes.com/241/2026/1/5/A7300128.jpg?width=1920&height=1280&fit=bounds&ois=de2d011,https://media.cheshomes.com/241/2026/1/5/A7300050.jpg?width=1920&height=1280&fit=bounds&ois=b3c0c63,https://media.cheshomes.com/241/2026/1/5/A7300035.jpg?width=1920&height=1280&fit=bounds&ois=dded7b1,https://media.cheshomes.com/241/2026/1/5/A7300120.jpg?width=1920&height=1282&fit=bounds&ois=4515814,https://media.cheshomes.com/241/2026/1/5/A7300025.jpg?width=1920&height=1241&fit=bounds&ois=72e67b6"
https://www.cheshomes.com/new-homes/nc/leland/terrapin/18409/4017-morning-dew-rd/1732274/,Terrapin,34.2678276,-78.1073772,4017 Morning Dew Rd,Leland,NC,,,,,Chesapeake Homes,,,2,,,,,,,https://www.cheshomes.com,"Welcome to Terrapin

Welcome to

Terrapin

, a thoughtfully planned community in

Leland

offering a

seamless blend of coastal charm and modern living

. This inviting neighborhood features beautifully crafted homes with open-concept designs, stylish finishes, and the quality craftsmanship homebuyers expect. Whether you’re starting fresh, growing your household, or looking to settle into a more relaxed pace, Terrapin provides a setting designed for

comfort, connection, and everyday ease.

New Homes in Leland, NC

Perfectly positioned in

Brunswick County

,

Terrapin places you just minutes from the historic riverfront of

Wilmington

and the beautiful beaches of

coastal North Carolina

. Spend your weekends exploring nearby shores like

Wrightsville Beach

and

Oak Island

browsing local boutiques, or enjoying fresh coastal cuisine at surrounding restaurants. Everyday conveniences, including

shopping, dining, and healthcare options

, are all within easy reach, making life here as practical as it is idyllic.

Leland continues to be one of the fastest-growing areas in coastal North Carolina, attracting homebuyers with its welcoming atmosphere, strong sense of community, and close proximity to both nature and city amenities.

With access to top-rated schools and major roadways

, Terrapin offers a location that keeps you connected while still providing a sense of privacy and retreat.

Outdoor recreation is always close to home.

Enjoy walking trails, nearby parks, and access to the

Cape Fear River

for kayaking, boating, and scenic views.

Golf enthusiasts can take advantage of several nearby courses, while those seeking a slower pace can spend afternoons exploring nature preserves or relaxing along the coast. At the heart of the community,

The Oasis

offers a resort-style amenity experience

with a sparkling pool, inviting lounge areas, and recreational spaces designed for everyday enjoyment.

Discover Life at Terrapin

At Terrapin, you’ll find more than just a place to live, you’ll discover a community designed for the way you want to live. With its peaceful surroundings, convenient location, and beautifully designed homes, Terrapin offers a lifestyle that balances relaxation, connection, and

coastal living in one of North Carolina’s most desirable areas

.",,,"The Orchid plan offers the comforts of your home in a cozy package, complete with all the thoughtful details you would expect in a home from Chesapeake Homes. This home offers 1,438 square feet of living space complete with a secondary bedroom and flex space. Living is easy in The Orchid’s open concept single floor living space. The rear covered porch can become an extension of your great room, with the sliding glass doors that will lead you outside to enjoy the seasonal weather year-round. The great room, open kitchen and dining area flow seamlessly from one room to the next. And finally, delight in the architectural details that will set your home apart with beautifully proportioned windows and trim work that quietly impress. The Orchid could be exactly what you are looking for in you next home. *PHOTOS OF SIMILAR HOME*",3,2,,1,1483,359900,,,,,,,,,,,,,,,,2,3,2,,1483,1,359900,,,,,,,,,,,,,"https://media.cheshomes.com/241/2025/10/6/orchid_rRA2615.jpg?width=1920&height=1197&fit=bounds&ois=88ad6f6,https://media.cheshomes.com/241/2025/5/21/029.jpg?width=1920&height=1279&fit=bounds&ois=2609d1a,https://media.cheshomes.com/241/2025/7/31/A92A3770.jpg?width=1920&height=1279&fit=bounds&ois=dde6190,https://media.cheshomes.com/241/2025/7/31/A92A3774.jpg?width=1920&height=1279&fit=bounds&ois=8213132,https://media.cheshomes.com/241/2025/7/31/A92A3779.jpg?width=1920&height=1279&fit=bounds&ois=21a6be0,https://media.cheshomes.com/241/2025/7/31/A92A3754.jpg?width=1920&height=1279&fit=bounds&ois=18cdb33,https://media.cheshomes.com/241/2025/5/21/039.jpg?width=1920&height=1279&fit=bounds&ois=6e90ec2,https://media.cheshomes.com/241/2025/5/21/022.jpg?width=1920&height=1279&fit=bounds&ois=294b817,https://media.cheshomes.com/241/2025/5/21/023.jpg?width=1920&height=1279&fit=bounds&ois=5f960e2,https://media.cheshomes.com/241/2025/5/21/027.jpg?width=959&height=1440&fit=bounds&ois=109cb44,https://media.cheshomes.com/241/2025/7/31/A92A3864.jpg?width=1920&height=1279&fit=bounds&ois=85e3e6f,https://media.cheshomes.com/241/2025/7/31/A92A3973.jpg?width=1920&height=1279&fit=bounds&ois=247c121,https://media.cheshomes.com/241/2025/7/31/A92A3871.jpg?width=1920&height=1279&fit=bounds&ois=a6ca728,https://media.cheshomes.com/241/2025/5/21/044.jpg?width=1920&height=1279&fit=bounds&ois=6a5e063,https://media.cheshomes.com/241/2025/5/21/042.jpg?width=1920&height=1279&fit=bounds&ois=24c8289,https://media.cheshomes.com/241/2025/7/31/A92A3882.jpg?width=1920&height=1279&fit=bounds&ois=b34065e,https://media.cheshomes.com/241/2025/7/31/A92A3890.jpg?width=1920&height=1279&fit=bounds&ois=95a43de,https://media.cheshomes.com/241/2025/7/31/A92A3895.jpg?width=1920&height=1279&fit=bounds&ois=e128084,https://media.cheshomes.com/241/2025/5/21/045.jpg?width=1920&height=1279&fit=bounds&ois=e03412c,https://media.cheshomes.com/241/2025/7/31/A92A3976.jpg?width=1920&height=1279&fit=bounds&ois=4983cd1,https://media.cheshomes.com/241/2025/5/21/047.jpg?width=959&height=1440&fit=bounds&ois=41f40d4,https://media.cheshomes.com/241/2025/5/21/032.jpg?width=1920&height=1279&fit=bounds&ois=4cda717,https://media.cheshomes.com/241/2025/7/31/A92A3824.jpg?width=1920&height=1279&fit=bounds&ois=3dd5237,https://media.cheshomes.com/241/2025/7/31/A92A3815.jpg?width=1920&height=1279&fit=bounds&ois=6ae9e0a,https://media.cheshomes.com/241/2025/7/31/A92A3831.jpg?width=1920&height=1279&fit=bounds&ois=ec35474,https://media.cheshomes.com/241/2025/7/31/A92A4007.jpg?width=1920&height=1279&fit=bounds&ois=f07c21e,https://media.cheshomes.com/241/2025/5/21/050.jpg?width=1920&height=1279&fit=bounds&ois=e172e24,https://media.cheshomes.com/241/2025/5/21/051.jpg?width=1920&height=1279&fit=bounds&ois=5ff8921,https://media.cheshomes.com/241/2025/7/31/A92A4003.jpg?width=1920&height=1279&fit=bounds&ois=209606f,https://media.cheshomes.com/241/2025/7/31/A92A3992.jpg?width=1920&height=1279&fit=bounds&ois=78fcb10,https://media.cheshomes.com/241/2025/7/31/A92A3986.jpg?width=1920&height=1279&fit=bounds&ois=727ec96,https://media.cheshomes.com/241/2025/5/21/020.jpg?width=1920&height=1279&fit=bounds&ois=0965ce6,https://media.cheshomes.com/241/2025/10/6/orchid_2.jpg?width=1920&height=1133&fit=bounds&ois=e303b01,https://media.cheshomes.com/241/2025/10/6/orchid.jpg?width=1920&height=1197&fit=bounds&ois=d4890bc"
https://www.cheshomes.com/new-homes/nc/leland/terrapin/18409/4021-morning-dew/1732874/,Terrapin,34.2675612,-78.1073593,4021 Morning Dew,Leland,NC,,,,Quick Move-In,Chesapeake Homes,,,2,,,,,,,https://www.cheshomes.com,"Welcome to Terrapin

Welcome to

Terrapin

, a thoughtfully planned community in

Leland

offering a

seamless blend of coastal charm and modern living

. This inviting neighborhood features beautifully crafted homes with open-concept designs, stylish finishes, and the quality craftsmanship homebuyers expect. Whether you’re starting fresh, growing your household, or looking to settle into a more relaxed pace, Terrapin provides a setting designed for

comfort, connection, and everyday ease.

New Homes in Leland, NC

Perfectly positioned in

Brunswick County

,

Terrapin places you just minutes from the historic riverfront of

Wilmington

and the beautiful beaches of

coastal North Carolina

. Spend your weekends exploring nearby shores like

Wrightsville Beach

and

Oak Island

browsing local boutiques, or enjoying fresh coastal cuisine at surrounding restaurants. Everyday conveniences, including

shopping, dining, and healthcare options

, are all within easy reach, making life here as practical as it is idyllic.

Leland continues to be one of the fastest-growing areas in coastal North Carolina, attracting homebuyers with its welcoming atmosphere, strong sense of community, and close proximity to both nature and city amenities.

With access to top-rated schools and major roadways

, Terrapin offers a location that keeps you connected while still providing a sense of privacy and retreat.

Outdoor recreation is always close to home.

Enjoy walking trails, nearby parks, and access to the

Cape Fear River

for kayaking, boating, and scenic views.

Golf enthusiasts can take advantage of several nearby courses, while those seeking a slower pace can spend afternoons exploring nature preserves or relaxing along the coast. At the heart of the community,

The Oasis

offers a resort-style amenity experience

with a sparkling pool, inviting lounge areas, and recreational spaces designed for everyday enjoyment.

Discover Life at Terrapin

At Terrapin, you’ll find more than just a place to live, you’ll discover a community designed for the way you want to live. With its peaceful surroundings, convenient location, and beautifully designed homes, Terrapin offers a lifestyle that balances relaxation, connection, and

coastal living in one of North Carolina’s most desirable areas

.",,,"With up to 1,732 square feet of living space, the Hibiscus is one of the largest of the Villas. Upon entering the home, you’ll be greeted by the double-height foyer, which leads you to the wide-open downstairs living space. The open concept layout and large, 7’ kitchen island lends itself to always being the home’s gathering place. When you’re ready to get outside, enjoy the ocean air while relaxing on your rear-covered porch. Upstairs, you will find two bedrooms, a full bathroom, and an open loft. The Hibiscus is perfect for your family or a revolving door of visitors who can’t wait to enjoy coastal living with you.*PHOTOS OF SIMILAR HOME*",3,2,1,2,1932,399900,,,,,,,,,,,,,,,,2,3,2,1,1932,2,399900,,,,,,,,,,,,,"https://media.cheshomes.com/241/2025/7/7/065_1.jpg?width=1920&height=1279&fit=bounds&ois=5be7de1,https://media.cheshomes.com/241/2025/5/21/079.jpg?width=1920&height=1279&fit=bounds&ois=9b84273,https://media.cheshomes.com/241/2025/5/21/082.jpg?width=1920&height=1279&fit=bounds&ois=d00d887,https://media.cheshomes.com/241/2025/5/21/096.jpg?width=1920&height=1279&fit=bounds&ois=3e41062,https://media.cheshomes.com/241/2025/5/21/080.jpg?width=1920&height=1279&fit=bounds&ois=6aad135,https://media.cheshomes.com/241/2025/5/21/089.jpg?width=1920&height=1279&fit=bounds&ois=61cde50,https://media.cheshomes.com/241/2025/5/21/091.jpg?width=1920&height=1279&fit=bounds&ois=54634b6,https://media.cheshomes.com/241/2025/5/21/078.jpg?width=1920&height=1279&fit=bounds&ois=f26ee27,https://media.cheshomes.com/241/2025/7/31/A92A3637.jpg?width=1920&height=1279&fit=bounds&ois=8b61ca1,https://media.cheshomes.com/241/2025/7/31/A92A3653.jpg?width=1920&height=1279&fit=bounds&ois=70bbb14,https://media.cheshomes.com/241/2025/5/21/104.jpg?width=1920&height=1279&fit=bounds&ois=0a37bc9,https://media.cheshomes.com/241/2025/5/21/107.jpg?width=1920&height=1279&fit=bounds&ois=190ffbd,https://media.cheshomes.com/241/2025/5/21/105.jpg?width=1920&height=1279&fit=bounds&ois=db29ea2,https://media.cheshomes.com/241/2025/7/31/A92A3495.jpg?width=1920&height=1279&fit=bounds&ois=5bb7f19,https://media.cheshomes.com/241/2025/7/31/A92A3486_LPNki5d.jpg?width=1920&height=1279&fit=bounds&ois=dffd68a,https://media.cheshomes.com/241/2025/5/21/073.jpg?width=1920&height=1279&fit=bounds&ois=f6ef550,https://media.cheshomes.com/241/2025/7/31/A92A3698.jpg?width=1920&height=1279&fit=bounds&ois=dcdfab3,https://media.cheshomes.com/241/2025/7/31/A92A3688.jpg?width=1920&height=1279&fit=bounds&ois=418483a,https://media.cheshomes.com/241/2025/7/31/A92A3709.jpg?width=1920&height=1279&fit=bounds&ois=7e2794b,https://media.cheshomes.com/241/2025/7/31/A92A3713.jpg?width=1920&height=1279&fit=bounds&ois=3711a95,https://media.cheshomes.com/241/2025/7/31/A92A3722.jpg?width=1920&height=1279&fit=bounds&ois=91da23e,https://media.cheshomes.com/241/2025/5/21/058.jpg?width=1920&height=1279&fit=bounds&ois=307e923,https://media.cheshomes.com/241/2025/5/21/056.jpg?width=1920&height=1279&fit=bounds&ois=7f7eb74,https://media.cheshomes.com/241/2025/5/21/108.jpg?width=959&height=1440&fit=bounds&ois=6728272,https://media.cheshomes.com/241/2025/5/21/122.jpg?width=1920&height=1279&fit=bounds&ois=bfc747a,https://media.cheshomes.com/241/2025/5/21/067_DTE.jpg?width=1920&height=1279&fit=bounds&ois=d0e5905"
https://www.cheshomes.com/new-homes/nc/leland/terrapin/18409/4029-morning-dew/1732876/,Terrapin,34.2670320,-78.1073456,4029 Morning Dew,Leland,NC,,,,Quick Move-In,Chesapeake Homes,,,2,,,,,,,https://www.cheshomes.com,"Welcome to Terrapin

Welcome to

Terrapin

, a thoughtfully planned community in

Leland

offering a

seamless blend of coastal charm and modern living

. This inviting neighborhood features beautifully crafted homes with open-concept designs, stylish finishes, and the quality craftsmanship homebuyers expect. Whether you’re starting fresh, growing your household, or looking to settle into a more relaxed pace, Terrapin provides a setting designed for

comfort, connection, and everyday ease.

New Homes in Leland, NC

Perfectly positioned in

Brunswick County

,

Terrapin places you just minutes from the historic riverfront of

Wilmington

and the beautiful beaches of

coastal North Carolina

. Spend your weekends exploring nearby shores like

Wrightsville Beach

and

Oak Island

browsing local boutiques, or enjoying fresh coastal cuisine at surrounding restaurants. Everyday conveniences, including

shopping, dining, and healthcare options

, are all within easy reach, making life here as practical as it is idyllic.

Leland continues to be one of the fastest-growing areas in coastal North Carolina, attracting homebuyers with its welcoming atmosphere, strong sense of community, and close proximity to both nature and city amenities.

With access to top-rated schools and major roadways

, Terrapin offers a location that keeps you connected while still providing a sense of privacy and retreat.

Outdoor recreation is always close to home.

Enjoy walking trails, nearby parks, and access to the

Cape Fear River

for kayaking, boating, and scenic views.

Golf enthusiasts can take advantage of several nearby courses, while those seeking a slower pace can spend afternoons exploring nature preserves or relaxing along the coast. At the heart of the community,

The Oasis

offers a resort-style amenity experience

with a sparkling pool, inviting lounge areas, and recreational spaces designed for everyday enjoyment.

Discover Life at Terrapin

At Terrapin, you’ll find more than just a place to live, you’ll discover a community designed for the way you want to live. With its peaceful surroundings, convenient location, and beautifully designed homes, Terrapin offers a lifestyle that balances relaxation, connection, and

coastal living in one of North Carolina’s most desirable areas

.",,,"The Orchid plan offers the comforts of your home in a cozy package, complete with all the thoughtful details you would expect in a home from Chesapeake Homes. This home offers 1,438 square feet of living space complete with a secondary bedroom and flex space. Living is easy in The Orchid’s open concept single floor living space. The rear covered porch can become an extension of your great room, with the sliding glass doors that will lead you outside to enjoy the seasonal weather year-round. The great room, open kitchen and dining area flow seamlessly from one room to the next. And with the option to upgrade your kitchen space with a large center island. And finally, delight in the architectural details that will set your home apart with beautifully proportioned windows and trim work that quietly impress. The Orchid could be exactly what you are looking for in you next home. *PHOTOS OF SIMILAR HOME*",3,2,,1,1483,353900,,,,,,,,,,,,,,,,2,3,2,,1483,1,353900,,,,,,,,,,,,,"https://media.cheshomes.com/241/2025/5/21/029.jpg?width=1920&height=1279&fit=bounds&ois=2609d1a,https://media.cheshomes.com/241/2025/7/31/A92A3770.jpg?width=1920&height=1279&fit=bounds&ois=dde6190,https://media.cheshomes.com/241/2025/7/31/A92A3774.jpg?width=1920&height=1279&fit=bounds&ois=8213132,https://media.cheshomes.com/241/2025/7/31/A92A3779.jpg?width=1920&height=1279&fit=bounds&ois=21a6be0,https://media.cheshomes.com/241/2025/7/31/A92A3754.jpg?width=1920&height=1279&fit=bounds&ois=18cdb33,https://media.cheshomes.com/241/2025/5/21/039.jpg?width=1920&height=1279&fit=bounds&ois=6e90ec2,https://media.cheshomes.com/241/2025/5/21/023.jpg?width=1920&height=1279&fit=bounds&ois=5f960e2,https://media.cheshomes.com/241/2025/5/21/027.jpg?width=959&height=1440&fit=bounds&ois=109cb44,https://media.cheshomes.com/241/2025/7/31/A92A3864.jpg?width=1920&height=1279&fit=bounds&ois=85e3e6f,https://media.cheshomes.com/241/2025/5/21/035.jpg?width=1920&height=1279&fit=bounds&ois=8ad5a27,https://media.cheshomes.com/241/2025/5/21/032.jpg?width=1920&height=1279&fit=bounds&ois=4cda717,https://media.cheshomes.com/241/2025/7/31/A92A3824.jpg?width=1920&height=1279&fit=bounds&ois=3dd5237,https://media.cheshomes.com/241/2025/7/31/A92A3871.jpg?width=1920&height=1279&fit=bounds&ois=a6ca728,https://media.cheshomes.com/241/2025/5/21/044.jpg?width=1920&height=1279&fit=bounds&ois=6a5e063,https://media.cheshomes.com/241/2025/5/21/042.jpg?width=1920&height=1279&fit=bounds&ois=24c8289,https://media.cheshomes.com/241/2025/7/31/A92A3882.jpg?width=1920&height=1279&fit=bounds&ois=b34065e,https://media.cheshomes.com/241/2025/7/31/A92A3890.jpg?width=1920&height=1279&fit=bounds&ois=95a43de,https://media.cheshomes.com/241/2025/7/31/A92A3895.jpg?width=1920&height=1279&fit=bounds&ois=e128084,https://media.cheshomes.com/241/2025/5/21/047.jpg?width=959&height=1440&fit=bounds&ois=41f40d4,https://media.cheshomes.com/241/2025/7/31/A92A4007.jpg?width=1920&height=1279&fit=bounds&ois=f07c21e,https://media.cheshomes.com/241/2025/7/31/A92A3992.jpg?width=1920&height=1279&fit=bounds&ois=78fcb10,https://media.cheshomes.com/241/2025/7/31/A92A4003.jpg?width=1920&height=1279&fit=bounds&ois=209606f,https://media.cheshomes.com/241/2025/5/21/020.jpg?width=1920&height=1279&fit=bounds&ois=0965ce6"
https://www.cheshomes.com/new-homes/nc/leland/terrapin/18409/4033-morning-dew/1732878/,Terrapin,34.2667570,-78.1073715,4033 Morning Dew,Leland,NC,,,,,Chesapeake Homes,,,1,,,,,,,https://www.cheshomes.com,"Welcome to Terrapin

Welcome to

Terrapin

, a thoughtfully planned community in

Leland

offering a

seamless blend of coastal charm and modern living

. This inviting neighborhood features beautifully crafted homes with open-concept designs, stylish finishes, and the quality craftsmanship homebuyers expect. Whether you’re starting fresh, growing your household, or looking to settle into a more relaxed pace, Terrapin provides a setting designed for

comfort, connection, and everyday ease.

New Homes in Leland, NC

Perfectly positioned in

Brunswick County

,

Terrapin places you just minutes from the historic riverfront of

Wilmington

and the beautiful beaches of

coastal North Carolina

. Spend your weekends exploring nearby shores like

Wrightsville Beach

and

Oak Island

browsing local boutiques, or enjoying fresh coastal cuisine at surrounding restaurants. Everyday conveniences, including

shopping, dining, and healthcare options

, are all within easy reach, making life here as practical as it is idyllic.

Leland continues to be one of the fastest-growing areas in coastal North Carolina, attracting homebuyers with its welcoming atmosphere, strong sense of community, and close proximity to both nature and city amenities.

With access to top-rated schools and major roadways

, Terrapin offers a location that keeps you connected while still providing a sense of privacy and retreat.

Outdoor recreation is always close to home.

Enjoy walking trails, nearby parks, and access to the

Cape Fear River

for kayaking, boating, and scenic views.

Golf enthusiasts can take advantage of several nearby courses, while those seeking a slower pace can spend afternoons exploring nature preserves or relaxing along the coast. At the heart of the community,

The Oasis

offers a resort-style amenity experience

with a sparkling pool, inviting lounge areas, and recreational spaces designed for everyday enjoyment.

Discover Life at Terrapin

At Terrapin, you’ll find more than just a place to live, you’ll discover a community designed for the way you want to live. With its peaceful surroundings, convenient location, and beautifully designed homes, Terrapin offers a lifestyle that balances relaxation, connection, and

coastal living in one of North Carolina’s most desirable areas

.",,,"With 1,932 square feet of living space, the Hibiscus is one of the largest of the Villas and offers several options that hold beauty and utility in high regard. Upon entering the home, you’ll be greeted by the double-height foyer which leads you to the wide-open downstairs living space. The open concept layout and large, 7’ kitchen island lends itself to always being the home’s gathering place. When you’re ready to get outside, enjoy the ocean air while relaxing on your rear-covered porch. On one of those rare chilly evenings, you have the optional gas fireplace that can only enhance the great room’s coziness. Upstairs, you will find two bedrooms, a full bathroom, and an open loft. The Hibiscus is perfect for your family or a revolving door of visitors who can’t wait to enjoy coastal living with you.*PHOTOS OF SIMILAR HOME*",3,2,1,2,1932,395900,,,,,,,,,,,,,,,,1,3,2,1,1932,2,395900,,,,,,,,,,,,,"https://media.cheshomes.com/241/2025/7/7/065_1.jpg?width=1920&height=1279&fit=bounds&ois=5be7de1,https://media.cheshomes.com/241/2025/5/21/082.jpg?width=1920&height=1279&fit=bounds&ois=d00d887,https://media.cheshomes.com/241/2025/5/21/095.jpg?width=1920&height=1279&fit=bounds&ois=7e55eaf,https://media.cheshomes.com/241/2025/5/21/080.jpg?width=1920&height=1279&fit=bounds&ois=6aad135,https://media.cheshomes.com/241/2025/5/21/089.jpg?width=1920&height=1279&fit=bounds&ois=61cde50,https://media.cheshomes.com/241/2025/7/31/A92A3530.jpg?width=1920&height=1279&fit=bounds&ois=ddbacda,https://media.cheshomes.com/241/2025/7/31/A92A3566.jpg?width=1920&height=1279&fit=bounds&ois=b7034e3,https://media.cheshomes.com/241/2025/5/21/091.jpg?width=1920&height=1279&fit=bounds&ois=54634b6,https://media.cheshomes.com/241/2025/5/21/079.jpg?width=1920&height=1279&fit=bounds&ois=9b84273,https://media.cheshomes.com/241/2025/5/21/078.jpg?width=1920&height=1279&fit=bounds&ois=f26ee27,https://media.cheshomes.com/241/2025/7/31/A92A3637.jpg?width=1920&height=1279&fit=bounds&ois=8b61ca1,https://media.cheshomes.com/241/2025/7/31/A92A3653.jpg?width=1920&height=1279&fit=bounds&ois=70bbb14,https://media.cheshomes.com/241/2025/5/21/104.jpg?width=1920&height=1279&fit=bounds&ois=0a37bc9,https://media.cheshomes.com/241/2025/5/21/105.jpg?width=1920&height=1279&fit=bounds&ois=db29ea2,https://media.cheshomes.com/241/2025/5/21/107.jpg?width=1920&height=1279&fit=bounds&ois=190ffbd,https://media.cheshomes.com/241/2025/7/31/A92A3495.jpg?width=1920&height=1279&fit=bounds&ois=5bb7f19,https://media.cheshomes.com/241/2025/7/31/A92A3486_LPNki5d.jpg?width=1920&height=1279&fit=bounds&ois=dffd68a,https://media.cheshomes.com/241/2025/5/21/073.jpg?width=1920&height=1279&fit=bounds&ois=f6ef550,https://media.cheshomes.com/241/2025/7/31/A92A3698.jpg?width=1920&height=1279&fit=bounds&ois=dcdfab3,https://media.cheshomes.com/241/2025/7/31/A92A3688.jpg?width=1920&height=1279&fit=bounds&ois=418483a,https://media.cheshomes.com/241/2025/5/21/113.jpg?width=1920&height=1279&fit=bounds&ois=5d18a09,https://media.cheshomes.com/241/2025/5/21/112.jpg?width=1920&height=1279&fit=bounds&ois=943de1b,https://media.cheshomes.com/241/2025/7/31/A92A3709.jpg?width=1920&height=1279&fit=bounds&ois=7e2794b,https://media.cheshomes.com/241/2025/7/31/A92A3713.jpg?width=1920&height=1279&fit=bounds&ois=3711a95,https://media.cheshomes.com/241/2025/7/31/A92A3722.jpg?width=1920&height=1279&fit=bounds&ois=91da23e,https://media.cheshomes.com/241/2025/5/21/058.jpg?width=1920&height=1279&fit=bounds&ois=307e923,https://media.cheshomes.com/241/2025/5/21/056.jpg?width=1920&height=1279&fit=bounds&ois=7f7eb74,https://media.cheshomes.com/241/2025/5/21/118.jpg?width=1920&height=1279&fit=bounds&ois=b21af87,https://media.cheshomes.com/241/2025/5/21/122.jpg?width=1920&height=1279&fit=bounds&ois=bfc747a,https://media.cheshomes.com/241/2025/5/21/067_DTE.jpg?width=1920&height=1279&fit=bounds&ois=d0e5905"
https://www.cheshomes.com/new-homes/nc/leland/terrapin/18409/5012-freshbrook-way/1733798/,Terrapin,34.2703248,-78.1079053,5012 Freshbrook Way,Leland,NC,,,,,Chesapeake Homes,,,2,,,,,,,https://www.cheshomes.com,"Welcome to Terrapin

Welcome to

Terrapin

, a thoughtfully planned community in

Leland

offering a

seamless blend of coastal charm and modern living

. This inviting neighborhood features beautifully crafted homes with open-concept designs, stylish finishes, and the quality craftsmanship homebuyers expect. Whether you’re starting fresh, growing your household, or looking to settle into a more relaxed pace, Terrapin provides a setting designed for

comfort, connection, and everyday ease.

New Homes in Leland, NC

Perfectly positioned in

Brunswick County

,

Terrapin places you just minutes from the historic riverfront of

Wilmington

and the beautiful beaches of

coastal North Carolina

. Spend your weekends exploring nearby shores like

Wrightsville Beach

and

Oak Island

browsing local boutiques, or enjoying fresh coastal cuisine at surrounding restaurants. Everyday conveniences, including

shopping, dining, and healthcare options

, are all within easy reach, making life here as practical as it is idyllic.

Leland continues to be one of the fastest-growing areas in coastal North Carolina, attracting homebuyers with its welcoming atmosphere, strong sense of community, and close proximity to both nature and city amenities.

With access to top-rated schools and major roadways

, Terrapin offers a location that keeps you connected while still providing a sense of privacy and retreat.

Outdoor recreation is always close to home.

Enjoy walking trails, nearby parks, and access to the

Cape Fear River

for kayaking, boating, and scenic views.

Golf enthusiasts can take advantage of several nearby courses, while those seeking a slower pace can spend afternoons exploring nature preserves or relaxing along the coast. At the heart of the community,

The Oasis

offers a resort-style amenity experience

with a sparkling pool, inviting lounge areas, and recreational spaces designed for everyday enjoyment.

Discover Life at Terrapin

At Terrapin, you’ll find more than just a place to live, you’ll discover a community designed for the way you want to live. With its peaceful surroundings, convenient location, and beautifully designed homes, Terrapin offers a lifestyle that balances relaxation, connection, and

coastal living in one of North Carolina’s most desirable areas

.",,,"Open-concept living isn’t just a concept with The Shorebreak! Every foot of the over 2,000 square feet is used to enhance your lifestyle, while also giving you the joy of the great outdoors. A beautiful island separates the kitchen from the open casual dining room and great room. This Shorebreak model offers 3 bedrooms and 3 bathrooms with a downstairs study as well as an upstairs loft.The roomy Owner’s Suite is already fitted with tray ceilings, a double sink vanity in the bathroom, and a long walk-in closet with options for a deluxe bathroom that includes having both a tub and a standing shower. If you are not sold on the Shorebreak yet, we can’t let you go before you hear about the vast covered back porch connected to a patio.Perfect for sitting back and enjoying an evening sunset or hosting a party with your new neighbors.This versatile plan is a great option for any family who loves the time they spend inside as much as they do outside.*PHOTOS OF SIMILAR HOME*",3,3,,2,2604,509900,,,,,,,,,,,,,,,,2,3,3,,2604,2,509900,,,,,,,,,,,,,"https://media.cheshomes.com/241/2025/4/24/032.jpg?width=1920&height=1279&fit=bounds&ois=6c3c818,https://media.cheshomes.com/241/2025/4/24/026.jpg?width=1920&height=1279&fit=bounds&ois=7d3509d,https://media.cheshomes.com/241/2025/4/24/025.jpg?width=1920&height=1279&fit=bounds&ois=2b5883a,https://media.cheshomes.com/241/2025/4/24/027.jpg?width=1920&height=1279&fit=bounds&ois=914b7ee,https://media.cheshomes.com/241/2025/4/24/028.jpg?width=1920&height=1279&fit=bounds&ois=c140ba0,https://media.cheshomes.com/241/2025/4/24/029.jpg?width=959&height=1440&fit=bounds&ois=578f7f0,https://media.cheshomes.com/241/2025/4/24/023.jpg?width=1920&height=1279&fit=bounds&ois=fe9b788,https://media.cheshomes.com/241/2025/4/24/038.jpg?width=1920&height=1279&fit=bounds&ois=46b01c3,https://media.cheshomes.com/241/2025/4/24/039.jpg?width=1920&height=1279&fit=bounds&ois=6a48757,https://media.cheshomes.com/241/2025/4/24/042.jpg?width=1920&height=1279&fit=bounds&ois=f89f155,https://media.cheshomes.com/241/2025/4/24/040.jpg?width=1920&height=1279&fit=bounds&ois=0d53994,https://media.cheshomes.com/241/2025/4/24/043.jpg?width=1920&height=1279&fit=bounds&ois=05bab59,https://media.cheshomes.com/241/2025/4/24/044.jpg?width=1920&height=1279&fit=bounds&ois=061340f,https://media.cheshomes.com/241/2025/4/24/045.jpg?width=1920&height=1279&fit=bounds&ois=cf43cd8,https://media.cheshomes.com/241/2025/4/24/048.jpg?width=1920&height=1279&fit=bounds&ois=6f3c7da,https://media.cheshomes.com/241/2025/4/24/047.jpg?width=1920&height=1279&fit=bounds&ois=23c67f3,https://media.cheshomes.com/241/2025/4/24/031.jpg?width=1920&height=1279&fit=bounds&ois=5ee121e,https://media.cheshomes.com/241/2025/4/24/030.jpg?width=1920&height=1279&fit=bounds&ois=77885d8,https://media.cheshomes.com/241/2025/4/24/033.jpg?width=1920&height=1279&fit=bounds&ois=096551e,https://media.cheshomes.com/241/2025/4/24/036.jpg?width=1920&height=1279&fit=bounds&ois=8d226e1,https://media.cheshomes.com/241/2025/4/24/037.jpg?width=1920&height=1279&fit=bounds&ois=a761300,https://media.cheshomes.com/241/2025/4/24/008.jpg?width=1920&height=1279&fit=bounds&ois=0268e02,https://media.cheshomes.com/241/2025/4/24/009.jpg?width=1920&height=1279&fit=bounds&ois=7327b66,https://media.cheshomes.com/241/2025/4/24/010.jpg?width=1920&height=1279&fit=bounds&ois=b1b0e41,https://media.cheshomes.com/241/2025/4/24/011.jpg?width=1920&height=1279&fit=bounds&ois=fcd64ee,https://media.cheshomes.com/241/2025/4/24/012.jpg?width=1920&height=1279&fit=bounds&ois=3e8cda9,https://media.cheshomes.com/241/2025/4/24/015.jpg?width=1920&height=1279&fit=bounds&ois=bd3eef3,https://media.cheshomes.com/241/2025/4/24/017.jpg?width=1920&height=1279&fit=bounds&ois=e3d06c7,https://media.cheshomes.com/241/2025/4/24/019.jpg?width=1920&height=1279&fit=bounds&ois=f9ed1a8,https://media.cheshomes.com/241/2025/4/24/020.jpg?width=1920&height=1279&fit=bounds&ois=4bd6b43,https://media.cheshomes.com/241/2025/4/24/021.jpg?width=1920&height=1279&fit=bounds&ois=587aa77,https://media.cheshomes.com/241/2025/4/24/089-2.jpg?width=1920&height=1279&fit=bounds&ois=8286fed,https://media.cheshomes.com/241/2025/4/24/051.jpg?width=1920&height=1279&fit=bounds&ois=a96a26b,https://media.cheshomes.com/241/2025/4/24/053.jpg?width=1920&height=1279&fit=bounds&ois=065f9e3,https://media.cheshomes.com/241/2025/4/24/054.jpg?width=1920&height=1279&fit=bounds&ois=dbfa7bb,https://media.cheshomes.com/241/2025/4/24/055.jpg?width=1920&height=1279&fit=bounds&ois=4949852,https://media.cheshomes.com/241/2025/4/24/057.jpg?width=1920&height=1279&fit=bounds&ois=9e953b4,https://media.cheshomes.com/241/2025/4/24/058.jpg?width=1920&height=1279&fit=bounds&ois=3f870fa,https://media.cheshomes.com/241/2025/4/24/062.jpg?width=1920&height=1279&fit=bounds&ois=2ffc148,https://media.cheshomes.com/241/2024/5/23/The_shorebreak-44_vn4CEEN.jpg?width=1920&height=1080&fit=bounds&ois=3065c62"
https://www.cheshomes.com/new-homes/nc/leland/terrapin/18409/5016-freshbrook-way/1733796/,Terrapin,34.2703229,-78.1072374,5016 Freshbrook Way,Leland,NC,,,,,Chesapeake Homes,,,2,,,,,,,https://www.cheshomes.com,"Welcome to Terrapin

Welcome to

Terrapin

, a thoughtfully planned community in

Leland

offering a

seamless blend of coastal charm and modern living

. This inviting neighborhood features beautifully crafted homes with open-concept designs, stylish finishes, and the quality craftsmanship homebuyers expect. Whether you’re starting fresh, growing your household, or looking to settle into a more relaxed pace, Terrapin provides a setting designed for

comfort, connection, and everyday ease.

New Homes in Leland, NC

Perfectly positioned in

Brunswick County

,

Terrapin places you just minutes from the historic riverfront of

Wilmington

and the beautiful beaches of

coastal North Carolina

. Spend your weekends exploring nearby shores like

Wrightsville Beach

and

Oak Island

browsing local boutiques, or enjoying fresh coastal cuisine at surrounding restaurants. Everyday conveniences, including

shopping, dining, and healthcare options

, are all within easy reach, making life here as practical as it is idyllic.

Leland continues to be one of the fastest-growing areas in coastal North Carolina, attracting homebuyers with its welcoming atmosphere, strong sense of community, and close proximity to both nature and city amenities.

With access to top-rated schools and major roadways

, Terrapin offers a location that keeps you connected while still providing a sense of privacy and retreat.

Outdoor recreation is always close to home.

Enjoy walking trails, nearby parks, and access to the

Cape Fear River

for kayaking, boating, and scenic views.

Golf enthusiasts can take advantage of several nearby courses, while those seeking a slower pace can spend afternoons exploring nature preserves or relaxing along the coast. At the heart of the community,

The Oasis

offers a resort-style amenity experience

with a sparkling pool, inviting lounge areas, and recreational spaces designed for everyday enjoyment.

Discover Life at Terrapin

At Terrapin, you’ll find more than just a place to live, you’ll discover a community designed for the way you want to live. With its peaceful surroundings, convenient location, and beautifully designed homes, Terrapin offers a lifestyle that balances relaxation, connection, and

coastal living in one of North Carolina’s most desirable areas

.",,,"Starting at almost 1,700 square feet, the Cherry Grove is a spacious retreat complete with coastal-inspired architectural accents, outdoor living areas, and an enormous great room. This unique model offers a second floor, creating a home that features up to four bedrooms and three full bathrooms. Enter Cherry Grove from a covered front porch or two-car garage and easily unload in a large drop zone area with an optional bench for seating. Stroll through the laundry room into the great room and connecting dining area, which makes for an enormous space with an optional gas fireplace. From the dining area, transition to either a picturesque covered porch. Here, you’ll enjoy peaceful evenings or a morning sunrise right from your back door! The owner's suite, among two additional first-floor bedrooms, features his and her walk-in closet, tray ceiling, double vanity, and deluxe seated shower option. Also, the second floor has fourth bedroom, additional bathroom and loft!With endless possibilities for personalizing this model, the Cherry Grove is bound to be your perfect fit!*PHOTOS OF SIMILAR HOME*",3,2,,2,1672,485900,,,,,,,,,,,,,,,,2,3,2,,1672,2,485900,,,,,,,,,,,,,"https://media.cheshomes.com/241/2024/5/23/16-web-or-mls-BTS09101.jpg?width=1920&height=1279&fit=bounds&ois=b24578e,https://media.cheshomes.com/241/2024/5/23/17-web-or-mls-BTS09104.jpg?width=1920&height=1279&fit=bounds&ois=10cacdf,https://media.cheshomes.com/241/2024/5/23/18-web-or-mls-BTS09107.jpg?width=1920&height=1279&fit=bounds&ois=e81cb58,https://media.cheshomes.com/241/2024/5/23/19-web-or-mls-BTS09111.jpg?width=1920&height=1279&fit=bounds&ois=79d6890,https://media.cheshomes.com/241/2024/5/23/34-web-or-mls-BTS09165.jpg?width=1920&height=1279&fit=bounds&ois=2f1e0fe,https://media.cheshomes.com/241/2024/5/23/20-web-or-mls-BTS09114.jpg?width=1920&height=1279&fit=bounds&ois=3ad1a8f,https://media.cheshomes.com/241/2024/5/23/21-web-or-mls-BTS09117.jpg?width=1920&height=1279&fit=bounds&ois=1f5a961,https://media.cheshomes.com/241/2024/5/23/33-web-or-mls-BTS09162.jpg?width=1920&height=1279&fit=bounds&ois=4632518,https://media.cheshomes.com/241/2024/5/23/23-web-or-mls-BTS09123.jpg?width=1920&height=1279&fit=bounds&ois=b17861f,https://media.cheshomes.com/241/2024/5/23/24-web-or-mls-BTS09126.jpg?width=1920&height=1279&fit=bounds&ois=7b7450a,https://media.cheshomes.com/241/2024/5/23/26-web-or-mls-BTS09132.jpg?width=1920&height=1279&fit=bounds&ois=e8f61e5,https://media.cheshomes.com/241/2024/5/23/27-web-or-mls-BTS09135.jpg?width=1920&height=1279&fit=bounds&ois=7cd1f7f,https://media.cheshomes.com/241/2024/5/23/28-web-or-mls-BTS09141.jpg?width=1920&height=1279&fit=bounds&ois=077a6a9,https://media.cheshomes.com/241/2024/3/8/DSC03406.jpg?width=1920&height=1280&fit=bounds&ois=fce436e,https://media.cheshomes.com/241/2024/3/8/DSC03411.jpg?width=1920&height=1280&fit=bounds&ois=21f44de,https://media.cheshomes.com/241/2024/5/23/25-web-or-mls-BTS09129.jpg?width=1920&height=1279&fit=bounds&ois=cd2c153,https://media.cheshomes.com/241/2024/3/8/DSC03401.jpg?width=1920&height=1280&fit=bounds&ois=44909f4,https://media.cheshomes.com/241/2024/3/8/DSC03481.jpg?width=1920&height=1280&fit=bounds&ois=e221c3e,https://media.cheshomes.com/241/2024/5/23/11-web-or-mls-BTS09083.jpg?width=1920&height=1279&fit=bounds&ois=67bec4c,https://media.cheshomes.com/241/2024/5/23/13-web-or-mls-BTS09092.jpg?width=1920&height=1279&fit=bounds&ois=10f839c,https://media.cheshomes.com/241/2024/5/23/12-web-or-mls-BTS09086.jpg?width=1920&height=1279&fit=bounds&ois=0d00016,https://media.cheshomes.com/241/2024/5/23/36-web-or-mls-BTS09174.jpg?width=1920&height=1279&fit=bounds&ois=5cfec00,https://media.cheshomes.com/241/2024/5/23/37-web-or-mls-BTS09186.jpg?width=1920&height=1279&fit=bounds&ois=b59005d,https://media.cheshomes.com/241/2024/5/23/38-web-or-mls-BTS09189.jpg?width=1920&height=1279&fit=bounds&ois=34b6f3f,https://media.cheshomes.com/241/2024/5/23/41-web-or-mls-BTS09202.jpg?width=1920&height=1279&fit=bounds&ois=2700f13,https://media.cheshomes.com/241/2024/5/23/43-web-or-mls-BTS09204.jpg?width=1920&height=1279&fit=bounds&ois=21b348a,https://media.cheshomes.com/241/2024/5/23/45-web-or-mls-BTS09211.jpg?width=1920&height=1279&fit=bounds&ois=7f41631"
https://www.cheshomes.com/new-homes/nc/leland/terrapin/18409/5020-freshbrook-way/1733795/,Terrapin,34.2703435,-78.1065865,5020 Freshbrook Way,Leland,NC,,,,Quick Move-In,Chesapeake Homes,,,2,,,,,,,https://www.cheshomes.com,"Welcome to Terrapin

Welcome to

Terrapin

, a thoughtfully planned community in

Leland

offering a

seamless blend of coastal charm and modern living

. This inviting neighborhood features beautifully crafted homes with open-concept designs, stylish finishes, and the quality craftsmanship homebuyers expect. Whether you’re starting fresh, growing your household, or looking to settle into a more relaxed pace, Terrapin provides a setting designed for

comfort, connection, and everyday ease.

New Homes in Leland, NC

Perfectly positioned in

Brunswick County

,

Terrapin places you just minutes from the historic riverfront of

Wilmington

and the beautiful beaches of

coastal North Carolina

. Spend your weekends exploring nearby shores like

Wrightsville Beach

and

Oak Island

browsing local boutiques, or enjoying fresh coastal cuisine at surrounding restaurants. Everyday conveniences, including

shopping, dining, and healthcare options

, are all within easy reach, making life here as practical as it is idyllic.

Leland continues to be one of the fastest-growing areas in coastal North Carolina, attracting homebuyers with its welcoming atmosphere, strong sense of community, and close proximity to both nature and city amenities.

With access to top-rated schools and major roadways

, Terrapin offers a location that keeps you connected while still providing a sense of privacy and retreat.

Outdoor recreation is always close to home.

Enjoy walking trails, nearby parks, and access to the

Cape Fear River

for kayaking, boating, and scenic views.

Golf enthusiasts can take advantage of several nearby courses, while those seeking a slower pace can spend afternoons exploring nature preserves or relaxing along the coast. At the heart of the community,

The Oasis

offers a resort-style amenity experience

with a sparkling pool, inviting lounge areas, and recreational spaces designed for everyday enjoyment.

Discover Life at Terrapin

At Terrapin, you’ll find more than just a place to live, you’ll discover a community designed for the way you want to live. With its peaceful surroundings, convenient location, and beautifully designed homes, Terrapin offers a lifestyle that balances relaxation, connection, and

coastal living in one of North Carolina’s most desirable areas

.",,,"Welcome to the Redbud - a stunning coastal-inspired home with first-floor features that will take your breath away. As you step onto the covered front porch, get ready to be wowed by the foyer and wide hallway leading into the great room. This is where comfort meets luxury. With four spacious bedrooms and a full guest bathroom on the left, along with a hidden laundry room, you'll have everything you need and more. But that's not all - create the perfect ambiance in the great room with a fireplace. And when it comes to entertaining, the gourmet island in the kitchen will be your best friend. Not only does it offer additional seating, but also plenty of counter space for big dinner parties and cooking up a storm. For more intimate meals, take a step into the extended breakfast area, where you'll be surrounded by breathtaking views of the backyard. And when you're ready to kick back and relax, simply breeze through the sliding glass doors onto the large covered porch - the perfect spot for enjoying those North Carolina evenings. So come on in, and experience the magic of the Redbud firsthand.*PHOTOS OF SIMILAR HOME*",4,2,,1,1847,432900,,,,,,,,,,,,,,,,2,4,2,,1847,1,432900,,,,,,,,,,,,,"https://media.cheshomes.com/241/2025/2/21/A92A3941.jpg?width=1920&height=1279&fit=bounds&ois=8e0a9e3,https://media.cheshomes.com/241/2025/2/21/A92A3946.jpg?width=1920&height=1279&fit=bounds&ois=bbe49be,https://media.cheshomes.com/241/2025/2/21/A92A3956.jpg?width=1920&height=1279&fit=bounds&ois=d62f68f,https://media.cheshomes.com/241/2025/2/21/A92A3936.jpg?width=1920&height=1279&fit=bounds&ois=cf239da,https://media.cheshomes.com/241/2025/2/21/A92A3984.jpg?width=1920&height=1279&fit=bounds&ois=c0e6fe7,https://media.cheshomes.com/241/2025/2/21/A92A3980.jpg?width=1920&height=1279&fit=bounds&ois=81297c7,https://media.cheshomes.com/241/2025/2/21/A92A4012.jpg?width=1920&height=1279&fit=bounds&ois=8c2d8e5,https://media.cheshomes.com/241/2025/2/21/A92A4007.jpg?width=1920&height=1279&fit=bounds&ois=ea8680c,https://media.cheshomes.com/241/2025/2/21/A92A4017.jpg?width=1920&height=1279&fit=bounds&ois=7632332,https://media.cheshomes.com/241/2025/2/21/A92A4022.jpg?width=1920&height=1279&fit=bounds&ois=f2a6b5a,https://media.cheshomes.com/241/2025/2/21/A92A4032.jpg?width=1920&height=1279&fit=bounds&ois=8a9996a,https://media.cheshomes.com/241/2025/2/21/A92A4026.jpg?width=1920&height=1279&fit=bounds&ois=94e84f2,https://media.cheshomes.com/241/2025/2/21/A92A4037.jpg?width=1920&height=1279&fit=bounds&ois=18aee48,https://media.cheshomes.com/241/2025/2/21/A92A3896.jpg?width=1920&height=1279&fit=bounds&ois=10a06fc,https://media.cheshomes.com/241/2025/2/21/A92A3916.jpg?width=1920&height=1279&fit=bounds&ois=c95e43f,https://media.cheshomes.com/241/2025/2/21/A92A3921.jpg?width=1920&height=1279&fit=bounds&ois=4f354ea,https://media.cheshomes.com/241/2025/2/21/A92A3926.jpg?width=1920&height=1279&fit=bounds&ois=4241c0a,https://media.cheshomes.com/241/2025/2/21/A92A3930.jpg?width=1920&height=1279&fit=bounds&ois=eed8eea,https://media.cheshomes.com/241/2025/2/21/A92A3906.jpg?width=1920&height=1279&fit=bounds&ois=01e0d66,https://media.cheshomes.com/241/2025/2/21/A92A3901.jpg?width=1920&height=1279&fit=bounds&ois=7a7f69e,https://media.cheshomes.com/241/2025/2/21/A92A3911.jpg?width=1920&height=1279&fit=bounds&ois=1b76484,https://media.cheshomes.com/241/2025/2/21/A92A3966.jpg?width=1920&height=1279&fit=bounds&ois=7215c56,https://media.cheshomes.com/241/2025/2/21/A92A3776.jpg?width=1920&height=1279&fit=bounds&ois=ed0a03a,https://media.cheshomes.com/241/2025/2/21/A92A3821.jpg?width=1920&height=1279&fit=bounds&ois=75ef540,https://media.cheshomes.com/241/2025/2/21/A92A3826.jpg?width=1920&height=1279&fit=bounds&ois=7bd3c89,https://media.cheshomes.com/241/2025/2/21/A92A3831.jpg?width=1920&height=1279&fit=bounds&ois=177a3b9,https://media.cheshomes.com/241/2025/2/21/A92A3841.jpg?width=1920&height=1279&fit=bounds&ois=fab18f8,https://media.cheshomes.com/241/2025/2/21/A92A3851.jpg?width=1920&height=1279&fit=bounds&ois=2d7926a,https://media.cheshomes.com/241/2025/2/21/A92A3856.jpg?width=1920&height=1279&fit=bounds&ois=ecb9782,https://media.cheshomes.com/241/2025/2/21/A92A3876.jpg?width=1920&height=1279&fit=bounds&ois=531e3e5,https://media.cheshomes.com/241/2025/2/21/A92A3801.jpg?width=1920&height=1279&fit=bounds&ois=8a3ec65,https://media.cheshomes.com/241/2025/2/21/A92A3811.jpg?width=1920&height=1279&fit=bounds&ois=216ba64,https://media.cheshomes.com/241/2025/2/21/A92A3786.jpg?width=1920&height=1279&fit=bounds&ois=90046a7,https://media.cheshomes.com/241/2025/2/21/A92A3791.jpg?width=1920&height=1279&fit=bounds&ois=dbd3174,https://media.cheshomes.com/241/2025/2/21/A92A4058.jpg?width=1920&height=1279&fit=bounds&ois=493aa58,https://media.cheshomes.com/241/2025/2/21/A92A1970.jpg?width=1920&height=1279&fit=bounds&ois=b14d8de"
https://www.cheshomes.com/new-homes/nc/leland/terrapin/18409/5024-freshbrook-way/1733794/,Terrapin,34.2703330,-78.1059142,5024 Freshbrook Way,Leland,NC,,,,Quick Move-In,Chesapeake Homes,,,2,,,,,,,https://www.cheshomes.com,"Welcome to Terrapin

Welcome to

Terrapin

, a thoughtfully planned community in

Leland

offering a

seamless blend of coastal charm and modern living

. This inviting neighborhood features beautifully crafted homes with open-concept designs, stylish finishes, and the quality craftsmanship homebuyers expect. Whether you’re starting fresh, growing your household, or looking to settle into a more relaxed pace, Terrapin provides a setting designed for

comfort, connection, and everyday ease.

New Homes in Leland, NC

Perfectly positioned in

Brunswick County

,

Terrapin places you just minutes from the historic riverfront of

Wilmington

and the beautiful beaches of

coastal North Carolina

. Spend your weekends exploring nearby shores like

Wrightsville Beach

and

Oak Island

browsing local boutiques, or enjoying fresh coastal cuisine at surrounding restaurants. Everyday conveniences, including

shopping, dining, and healthcare options

, are all within easy reach, making life here as practical as it is idyllic.

Leland continues to be one of the fastest-growing areas in coastal North Carolina, attracting homebuyers with its welcoming atmosphere, strong sense of community, and close proximity to both nature and city amenities.

With access to top-rated schools and major roadways

, Terrapin offers a location that keeps you connected while still providing a sense of privacy and retreat.

Outdoor recreation is always close to home.

Enjoy walking trails, nearby parks, and access to the

Cape Fear River

for kayaking, boating, and scenic views.

Golf enthusiasts can take advantage of several nearby courses, while those seeking a slower pace can spend afternoons exploring nature preserves or relaxing along the coast. At the heart of the community,

The Oasis

offers a resort-style amenity experience

with a sparkling pool, inviting lounge areas, and recreational spaces designed for everyday enjoyment.

Discover Life at Terrapin

At Terrapin, you’ll find more than just a place to live, you’ll discover a community designed for the way you want to live. With its peaceful surroundings, convenient location, and beautifully designed homes, Terrapin offers a lifestyle that balances relaxation, connection, and

coastal living in one of North Carolina’s most desirable areas

.",,,"Experience divine living in the Longboard model at Terrapin. This stunning home boasts over 2,000 square feet of luxurious living space, featuring four spacious bedrooms and three modern bathrooms. Enter through the elegant covered front porch, covered rear porch, or two-car garage and step into the Longboard's breathtaking open floor plan. Entertain guests effortlessly in the expansive and connected kitchen, dining, and great room area.Escape from the ordinary and indulge in the Longboard's exquisite design and perfect balance of comfort and sophistication.The stunning owner's suite is ready to elevate your every day with an extra large bedroom, a walk-in closet, and a deluxe owner's bathroom.*PHOTOS OF SIMILAR HOME*",4,3,,2,2788,535900,,,,,,,,,,,,,,,,2,4,3,,2788,2,535900,,,,,,,,,,,,,"https://media.cheshomes.com/241/2025/2/4/A92A1749.jpg?width=1920&height=1279&fit=bounds&ois=b77639b,https://media.cheshomes.com/241/2025/2/4/A92A1798_6nMau91.jpg?width=1920&height=1250&fit=bounds&ois=40ddd08,https://media.cheshomes.com/241/2025/2/4/A92A1814.jpg?width=1920&height=1279&fit=bounds&ois=4bfd21a,https://media.cheshomes.com/241/2025/2/4/A92A1809.jpg?width=1920&height=1279&fit=bounds&ois=eb5ed91,https://media.cheshomes.com/241/2025/2/4/A92A1844.jpg?width=1920&height=1279&fit=bounds&ois=3f95a57,https://media.cheshomes.com/241/2025/2/4/A92A1884.jpg?width=1920&height=1279&fit=bounds&ois=389f18e,https://media.cheshomes.com/241/2025/2/4/A92A1899.jpg?width=1920&height=1279&fit=bounds&ois=13f1f32,https://media.cheshomes.com/241/2025/2/4/A92A1784.jpg?width=959&height=1440&fit=bounds&ois=ab4eb93,https://media.cheshomes.com/241/2025/2/4/A92A1819.jpg?width=1920&height=1279&fit=bounds&ois=2a16a62,https://media.cheshomes.com/241/2025/2/4/A92A1824.jpg?width=1920&height=1279&fit=bounds&ois=470a10f,https://media.cheshomes.com/241/2025/2/4/A92A1830.jpg?width=1920&height=1279&fit=bounds&ois=36469c4,https://media.cheshomes.com/241/2025/2/4/A92A1834.jpg?width=1920&height=1279&fit=bounds&ois=8588dc5,https://media.cheshomes.com/241/2025/2/4/A92A1789.jpg?width=1920&height=1279&fit=bounds&ois=0d3d824,https://media.cheshomes.com/241/2025/2/4/A92A1774.jpg?width=1920&height=1279&fit=bounds&ois=a1a0c1c,https://media.cheshomes.com/241/2025/2/4/A92A1764.jpg?width=1920&height=1279&fit=bounds&ois=8807978,https://media.cheshomes.com/241/2025/2/4/A92A1663.jpg?width=1920&height=1279&fit=bounds&ois=3fb4c5e,https://media.cheshomes.com/241/2025/2/4/A92A1667.jpg?width=1920&height=1279&fit=bounds&ois=1d8f341,https://media.cheshomes.com/241/2025/2/4/A92A1698.jpg?width=1920&height=1279&fit=bounds&ois=40aa6fc,https://media.cheshomes.com/241/2025/2/4/A92A1729.jpg?width=1920&height=1279&fit=bounds&ois=c2bbfb5,https://media.cheshomes.com/241/2025/2/4/A92A1945.jpg?width=1920&height=1279&fit=bounds&ois=1365c01,https://media.cheshomes.com/241/2025/2/4/A92A1683.jpg?width=1920&height=1279&fit=bounds&ois=b59b346,https://media.cheshomes.com/241/2025/2/4/A92A1719.jpg?width=1920&height=1279&fit=bounds&ois=62ce016,https://media.cheshomes.com/241/2025/2/4/A92A1678.jpg?width=1920&height=1279&fit=bounds&ois=6a60185,https://media.cheshomes.com/241/2025/2/4/A92A1904.jpg?width=1920&height=1279&fit=bounds&ois=cac7071,https://media.cheshomes.com/241/2025/2/4/A92A1910.jpg?width=1920&height=1279&fit=bounds&ois=5dad629,https://media.cheshomes.com/241/2025/2/4/A92A1914.jpg?width=1920&height=1279&fit=bounds&ois=0f13bb7,https://media.cheshomes.com/241/2025/2/4/A92A1929.jpg?width=1920&height=1279&fit=bounds&ois=70eecda,https://media.cheshomes.com/241/2025/2/4/A92A1935.jpg?width=1920&height=1279&fit=bounds&ois=88237c0,https://media.cheshomes.com/241/2025/2/4/A92A1940.jpg?width=1920&height=1279&fit=bounds&ois=e8ba5a7,https://media.cheshomes.com/241/2025/2/4/A92A1945_zsZ88iG.jpg?width=1920&height=1279&fit=bounds&ois=8fc7478,https://media.cheshomes.com/241/2025/2/4/A92A1955.jpg?width=1920&height=1279&fit=bounds&ois=85f36b6,https://media.cheshomes.com/241/2025/2/4/A92A1966.jpg?width=1920&height=1279&fit=bounds&ois=72e5ee7"
https://www.cheshomes.com/new-homes/sc/little-river/bridgewater-shorehaven-village/11972/5028-cambria-ct/1663584/,Bridgewater - Shorehaven Village,33.8739159,-78.6621640,5028 Cambria Ct.,Little River,SC,,,Horry County Schools,Move-In Ready,Chesapeake Homes,,,2,,,,,,,https://www.cheshomes.com,"Welcome to Shorehaven Village at Bridgewater!

This village boasts

single-family

homes

from our beloved Cottage Collection. Located

off Hwy. 9 in Little River

and just minutes from the coveted Myrtle Beach area, this community creates the perfect location for a combination of relaxation and excitement. Bridgewater offers

amenities

unlike any other! Dive into the

resort-style

pool

on hot summer days. Exercise among miles of fitness trails or in the

state-of-the-art

community

fitness

center

. Enjoy plenty of activities at the bocce courts, kayak launch, or yoga lawn. Take the evening to relax with an expansive clubhouse and multiple fire pits. Bridgewater is an

active-oriented community

and a peaceful, waterside destination rolled into one beautiful place to call home.

Chesapeake Homes brings its

superb

builder

quality

to the area of Little River where you can expect

spacious

, open floor plans with prominent architectural features highlighting both the home and the area surrounding. At Bridgewater, it’s time to crossover to the good life!",,,"Stroll into the Sunset Cove with nearly 1,817 square feet of first-floor coastal-inspired features. Upon entering from a large covered front porch, discover a foyer leading to the spacious great room. Enjoy an additional bedroom with a secondary bedroom just down the hall with a full bathroom in between. Create an intimate great room area with a tray ceiling and a gas fireplace. A large, gourmet island in the kitchen offers additional seating and a surplus of counter space for large dinner parties or cooking large meals. From the dining room, breeze through sliding glass doors onto a large covered porch.The Sunset Cove’s owner’s suite offers an enormous walk-in closet accompanied by a beautiful owner’s bath with a deluxe seated shower. This model to fit your every need, the Sunset Cove is full of possibilities. Make the Sunset Cove the model you call “home” today!",3,2,,1,1817,489900,,,,,,,,,,,,,,,,2,3,2,,1817,1,489900,,,,,,,,,,,,,"https://media.cheshomes.com/241/2025/9/2/A7300018.JPG?width=1920&height=1281&fit=bounds&ois=efe5c41,https://media.cheshomes.com/241/2025/2/27/A7300158.jpg?width=1920&height=1280&fit=bounds&ois=e3c1c65,https://media.cheshomes.com/241/2025/2/27/A7300153.jpg?width=1920&height=1280&fit=bounds&ois=352f180,https://media.cheshomes.com/241/2025/2/27/A7300150.jpg?width=1920&height=1280&fit=bounds&ois=83f2668,https://media.cheshomes.com/241/2025/2/27/A7300223.jpg?width=1920&height=1280&fit=bounds&ois=f637efa,https://media.cheshomes.com/241/2025/2/27/A7300228.jpg?width=1920&height=1280&fit=bounds&ois=cc34d8f,https://media.cheshomes.com/241/2025/2/27/A7300233.jpg?width=1920&height=1280&fit=bounds&ois=b976033,https://media.cheshomes.com/241/2025/2/27/A7300238.jpg?width=1920&height=1280&fit=bounds&ois=653bba2,https://media.cheshomes.com/241/2025/2/27/A7300243.jpg?width=1920&height=1280&fit=bounds&ois=9577942,https://media.cheshomes.com/241/2025/2/27/A7300143.jpg?width=1920&height=1280&fit=bounds&ois=cd9a77c,https://media.cheshomes.com/241/2025/2/27/A7300185.jpg?width=1920&height=1280&fit=bounds&ois=4453a7f,https://media.cheshomes.com/241/2025/2/27/A7300190.jpg?width=1920&height=1280&fit=bounds&ois=26d19fd,https://media.cheshomes.com/241/2025/2/27/A7300193.jpg?width=1920&height=1280&fit=bounds&ois=6fab157,https://media.cheshomes.com/241/2025/2/27/A7300218.jpg?width=1920&height=1280&fit=bounds&ois=263b3d1,https://media.cheshomes.com/241/2025/2/27/A7300205.jpg?width=1920&height=1280&fit=bounds&ois=94c6876,https://media.cheshomes.com/241/2025/2/27/A7300208.jpg?width=1920&height=1280&fit=bounds&ois=96fda7a,https://media.cheshomes.com/241/2025/2/27/A7300213.jpg?width=1920&height=1280&fit=bounds&ois=461324b,https://media.cheshomes.com/241/2025/2/27/A7300178.jpg?width=1920&height=1128&fit=bounds&ois=10d5aba,https://media.cheshomes.com/241/2025/2/27/A7300138.jpg?width=1833&height=1440&fit=bounds&ois=146b697,https://media.cheshomes.com/241/2025/2/27/A7300128.jpg?width=1920&height=1161&fit=bounds&ois=fad144d"
https://www.cheshomes.com/new-homes/nc/leland/terrapin/18409/5028-freshbrook-way/1733789/,Terrapin,34.2703220,-78.1052517,5028 Freshbrook Way,Leland,NC,,,,Quick Move-In,Chesapeake Homes,,,2,,,,,,,https://www.cheshomes.com,"Welcome to Terrapin

Welcome to

Terrapin

, a thoughtfully planned community in

Leland

offering a

seamless blend of coastal charm and modern living

. This inviting neighborhood features beautifully crafted homes with open-concept designs, stylish finishes, and the quality craftsmanship homebuyers expect. Whether you’re starting fresh, growing your household, or looking to settle into a more relaxed pace, Terrapin provides a setting designed for

comfort, connection, and everyday ease.

New Homes in Leland, NC

Perfectly positioned in

Brunswick County

,

Terrapin places you just minutes from the historic riverfront of

Wilmington

and the beautiful beaches of

coastal North Carolina

. Spend your weekends exploring nearby shores like

Wrightsville Beach

and

Oak Island

browsing local boutiques, or enjoying fresh coastal cuisine at surrounding restaurants. Everyday conveniences, including

shopping, dining, and healthcare options

, are all within easy reach, making life here as practical as it is idyllic.

Leland continues to be one of the fastest-growing areas in coastal North Carolina, attracting homebuyers with its welcoming atmosphere, strong sense of community, and close proximity to both nature and city amenities.

With access to top-rated schools and major roadways

, Terrapin offers a location that keeps you connected while still providing a sense of privacy and retreat.

Outdoor recreation is always close to home.

Enjoy walking trails, nearby parks, and access to the

Cape Fear River

for kayaking, boating, and scenic views.

Golf enthusiasts can take advantage of several nearby courses, while those seeking a slower pace can spend afternoons exploring nature preserves or relaxing along the coast. At the heart of the community,

The Oasis

offers a resort-style amenity experience

with a sparkling pool, inviting lounge areas, and recreational spaces designed for everyday enjoyment.

Discover Life at Terrapin

At Terrapin, you’ll find more than just a place to live, you’ll discover a community designed for the way you want to live. With its peaceful surroundings, convenient location, and beautifully designed homes, Terrapin offers a lifestyle that balances relaxation, connection, and

coastal living in one of North Carolina’s most desirable areas

.",,,"Open-concept living isn’t just a concept with The Shorebreak! Every foot of the over 1,900 square feet is used to enhance your lifestyle, while also giving you the joy of the great outdoors. A beautiful island separates the kitchen from the open casual dining room and great room. The roomy Owner’s Suite is already fitted with tray ceilings, a double sink vanity in the bathroom, and a long walk-in closet with options for a deluxe bathroom that includes having both a tub and a standing shower. If you are not sold on the Shorebreak yet, we can’t let you go before you hear about the vast covered back porch connected to a patio.Perfect for sitting back and enjoying an evening sunset or hosting a party with your new neighbors.This versatile plan is a great option for any family who loves the time they spend inside as much as they do outside.*PHOTOS OF SIMILAR HOME*",3,2,,1,1938,449900,,,,,,,,,,,,,,,,2,3,2,,1938,1,449900,,,,,,,,,,,,,"https://media.cheshomes.com/241/2025/4/24/025.jpg?width=1920&height=1279&fit=bounds&ois=2b5883a,https://media.cheshomes.com/241/2025/4/24/027.jpg?width=1920&height=1279&fit=bounds&ois=914b7ee,https://media.cheshomes.com/241/2025/4/24/028.jpg?width=1920&height=1279&fit=bounds&ois=c140ba0,https://media.cheshomes.com/241/2025/4/24/029.jpg?width=959&height=1440&fit=bounds&ois=578f7f0,https://media.cheshomes.com/241/2025/4/24/023.jpg?width=1920&height=1279&fit=bounds&ois=fe9b788,https://media.cheshomes.com/241/2025/4/24/038.jpg?width=1920&height=1279&fit=bounds&ois=46b01c3,https://media.cheshomes.com/241/2025/4/24/039.jpg?width=1920&height=1279&fit=bounds&ois=6a48757,https://media.cheshomes.com/241/2025/4/24/040.jpg?width=1920&height=1279&fit=bounds&ois=0d53994,https://media.cheshomes.com/241/2025/4/24/042.jpg?width=1920&height=1279&fit=bounds&ois=f89f155,https://media.cheshomes.com/241/2025/4/24/043.jpg?width=1920&height=1279&fit=bounds&ois=05bab59,https://media.cheshomes.com/241/2025/4/24/044.jpg?width=1920&height=1279&fit=bounds&ois=061340f,https://media.cheshomes.com/241/2025/4/24/045.jpg?width=1920&height=1279&fit=bounds&ois=cf43cd8,https://media.cheshomes.com/241/2025/4/24/048.jpg?width=1920&height=1279&fit=bounds&ois=6f3c7da,https://media.cheshomes.com/241/2025/4/24/047.jpg?width=1920&height=1279&fit=bounds&ois=23c67f3,https://media.cheshomes.com/241/2025/4/24/031.jpg?width=1920&height=1279&fit=bounds&ois=5ee121e,https://media.cheshomes.com/241/2025/4/24/030.jpg?width=1920&height=1279&fit=bounds&ois=77885d8,https://media.cheshomes.com/241/2025/4/24/032.jpg?width=1920&height=1279&fit=bounds&ois=6c3c818,https://media.cheshomes.com/241/2025/4/24/033.jpg?width=1920&height=1279&fit=bounds&ois=096551e,https://media.cheshomes.com/241/2025/4/24/036.jpg?width=1920&height=1279&fit=bounds&ois=8d226e1,https://media.cheshomes.com/241/2025/4/24/037.jpg?width=1920&height=1279&fit=bounds&ois=a761300,https://media.cheshomes.com/241/2025/4/24/008.jpg?width=1920&height=1279&fit=bounds&ois=0268e02,https://media.cheshomes.com/241/2025/4/24/009.jpg?width=1920&height=1279&fit=bounds&ois=7327b66,https://media.cheshomes.com/241/2025/4/24/010.jpg?width=1920&height=1279&fit=bounds&ois=b1b0e41,https://media.cheshomes.com/241/2025/4/24/011.jpg?width=1920&height=1279&fit=bounds&ois=fcd64ee,https://media.cheshomes.com/241/2025/4/24/012.jpg?width=1920&height=1279&fit=bounds&ois=3e8cda9,https://media.cheshomes.com/241/2025/4/24/015.jpg?width=1920&height=1279&fit=bounds&ois=bd3eef3,https://media.cheshomes.com/241/2025/4/24/018.jpg?width=1920&height=1279&fit=bounds&ois=1cf97cc,https://media.cheshomes.com/241/2025/4/24/019.jpg?width=1920&height=1279&fit=bounds&ois=f9ed1a8,https://media.cheshomes.com/241/2025/4/24/021.jpg?width=1920&height=1279&fit=bounds&ois=587aa77,https://media.cheshomes.com/241/2025/4/24/022.jpg?width=1920&height=1279&fit=bounds&ois=c2e2b09,https://media.cheshomes.com/241/2025/4/24/061.jpg?width=1920&height=1279&fit=bounds&ois=aaebe34,https://media.cheshomes.com/241/2025/4/24/062.jpg?width=1920&height=1279&fit=bounds&ois=2ffc148"
https://www.cheshomes.com/new-homes/sc/myrtle-beach/traditions-at-carolina-forest/8444/508-banna-arch-loop/1725928/,Traditions at Carolina Forest,33.7460326,-78.8814326,508 Banna Arch Loop,Myrtle Beach,SC,,,Horry County,Quick Move-In,Chesapeake Homes,,,3,,,,,,,https://www.cheshomes.com,"Welcome to Traditions at Carolina Forest

Traditions at Carolina Forest is a single-family home community located in the heart of Myrtle Beach, SC, within the highly sought-after Carolina Forest area. Designed for comfort, connection, and everyday convenience, this community offers a welcoming place to call home—no matter where you are in your homebuying journey.

Blending modern living with classic Southern charm, Traditions provides easy access to everything that makes coastal life so appealing. Residents are just minutes from Myrtle Beach’s beautiful beaches, championship golf courses, popular shopping destinations, local restaurants, and weekend festivals and entertainment. With excellent schools and top-rated medical centers nearby, Traditions at Carolina Forest is ideal for living, working, and enjoying life at every stage.

Community Amenities Designed for Every Lifestyle

Traditions at Carolina Forest offers a mix of amenities that support both active living and laid-back relaxation. Whether you're ready to settle in now or planning for the future, the community provides space to connect, recharge, and enjoy life.

Residents can gather at the beautifully designed clubhouse, featuring stylish indoor spaces perfect for social events, celebrations, or casual get-togethers. The attached fitness center includes modern cardio and strength-training equipment, making it easy to stay active without leaving the neighborhood.

On warm Carolina days, the sparkling community pool offers a refreshing escape with comfortable loungers and shaded areas for relaxing poolside. Families will appreciate the community playground, a safe and engaging space where children can play, explore, and make new friends close to home.

Pet owners will love the dedicated dog park, complete with open space and separate areas for small and large dogs, creating a welcoming environment for both pets and their people. Pickleball courts add another layer of fun and connection, offering opportunities for friendly competition, fitness, and social interaction for all skill levels.

A Connected Community in Carolina Forest

With its central location, everyday amenities, and flexible home options, Traditions at Carolina Forest offers a community designed to fit every stage of life. Whether you’re building, buying, or simply exploring what’s next, Traditions provides the space, comfort, and lifestyle you’ve been looking for.",,,"Introducing the Wave Crest - the perfect blend of space and style in a floor plan. Imagine yourself starting your day in a beautiful home with a three-car garage and a charming covered front porch. Step inside and be greeted by an impressive foyer and a study on your left. The heart of the home showcases a spacious dining room that flows seamlessly into a thoughtfully designed kitchen. This kitchen offers ample counter space, storage, and a walk-in pantry. Entertaining and relaxing is made easy with the open floor plan of this stunning residence. The Great Room and breakfast nook, just beyond the kitchen, provide the ideal setting. And when it's time to unwind, you can enjoy breathtaking South Carolina sunsets from your covered rear porch while grilling out or simply enjoying the gentle ocean breeze. The front of the home features two Bedrooms with walk-in closets and a full bathroom. Plus, there's a convenient drop zone for your beach gear next to the pass-through laundry room. Last but certainly not least, the Owner's suite bedroom is a luxurious retreat with a tray ceiling and a huge walk-in closet. The spa-like Owner's bathroom features a private water closet and a double sink vanity. Get ready to find your dream home and fall in love with the Wave Crest!*PHOTOS OF SIMILAR HOME*",3,2,1,1,2046,549900,,,,,,,,,,,,,,,,3,3,2,1,2046,1,549900,,,,,,,,,,,,,"https://media.cheshomes.com/241/2024/5/28/Wave_Crest_-Exterior_Front-with_garage.jpg?width=1920&height=1098&fit=bounds&b=89edaed&ois=5504036,https://media.cheshomes.com/241/2025/12/18/DSC03204.jpg?width=1920&height=1279&fit=bounds&ois=83a1188,https://media.cheshomes.com/241/2024/5/15/DSC03204.jpg?width=1920&height=1279&fit=bounds&ois=e218bdc,https://media.cheshomes.com/241/2024/5/15/DSC03214.jpg?width=1920&height=1280&fit=bounds&ois=5a98fe3,https://media.cheshomes.com/241/2024/5/15/DSC03224.jpg?width=1920&height=1280&fit=bounds&ois=7291725,https://media.cheshomes.com/241/2024/5/15/DSC03219.jpg?width=1920&height=1280&fit=bounds&ois=ca18042,https://media.cheshomes.com/241/2024/5/15/DSC03184.jpg?width=1920&height=1281&fit=bounds&ois=82cbaca,https://media.cheshomes.com/241/2024/5/15/DSC03209.jpg?width=1920&height=1280&fit=bounds&ois=98a49e3,https://media.cheshomes.com/241/2024/5/15/DSC03229.jpg?width=1920&height=1281&fit=bounds&ois=6cc52ee,https://media.cheshomes.com/241/2024/5/15/DSC03264.jpg?width=1920&height=1281&fit=bounds&ois=2b06fe7,https://media.cheshomes.com/241/2024/5/15/DSC03234.jpg?width=1920&height=1281&fit=bounds&ois=b1a6f9e,https://media.cheshomes.com/241/2024/5/15/DSC03239.jpg?width=1920&height=1281&fit=bounds&ois=c58151f,https://media.cheshomes.com/241/2024/5/15/DSC03244.jpg?width=1920&height=1281&fit=bounds&ois=94bd8b8,https://media.cheshomes.com/241/2024/5/15/DSC03249.jpg?width=1920&height=1281&fit=bounds&ois=6e351a9,https://media.cheshomes.com/241/2024/5/15/DSC03259.jpg?width=1920&height=1281&fit=bounds&ois=b7a76e5,https://media.cheshomes.com/241/2024/5/15/DSC03284.jpg?width=1920&height=1281&fit=bounds&ois=2068d38,https://media.cheshomes.com/241/2024/5/15/DSC03154.jpg?width=1920&height=1280&fit=bounds&ois=b5a7483,https://media.cheshomes.com/241/2024/5/15/DSC03149.jpg?width=1920&height=1280&fit=bounds&ois=5c16ba2,https://media.cheshomes.com/241/2024/5/15/DSC03159.jpg?width=1920&height=1281&fit=bounds&ois=9ecf9e9,https://media.cheshomes.com/241/2024/5/15/DSC03164.jpg?width=1920&height=1281&fit=bounds&ois=f42f74c,https://media.cheshomes.com/241/2024/5/15/DSC03169.jpg?width=1920&height=1281&fit=bounds&ois=016b962,https://media.cheshomes.com/241/2024/5/15/DSC03289.jpg?width=1920&height=1281&fit=bounds&ois=f80ab4b,https://media.cheshomes.com/241/2024/5/15/DSC03179.jpg?width=1920&height=1281&fit=bounds&ois=ea364a2,https://media.cheshomes.com/241/2024/5/15/DSC03174.jpg?width=1920&height=1281&fit=bounds&ois=7038455,https://media.cheshomes.com/241/2024/5/15/DSC03254.jpg?width=1920&height=1281&fit=bounds&ois=091c7d7,https://media.cheshomes.com/241/2024/5/15/DSC03279.jpg?width=1920&height=1281&fit=bounds&ois=8d554f9,https://media.cheshomes.com/241/2024/5/15/DSC03269.jpg?width=1920&height=1280&fit=bounds&ois=cb94939,https://media.cheshomes.com/241/2025/12/8/Tra_-_Lot_71.jpg?width=1800&height=1200&fit=bounds&ois=d7ebba5"
https://www.cheshomes.com/new-homes/nc/lillington/the-farm-at-neills-creek/11916/50-peach-grove-way/1719753/,The Farm at Neill's Creek,35.40375,-78.8131,50 Peach Grove Way,Lillington,NC,,,,,Chesapeake Homes,,,2,,,,,,,https://www.cheshomes.com,"Discover the perfect blend of small-town charm and big-time convenience at

The Farm at Neill's Creek

, a community of n

ew single-family homes

in Lillington, NC. A variety of floor plans ranging from

1,900 to 3,000 square feet

with features like a gourmet kitchen island perfect for entertaining and rear covered porches ideal for quiet summer evenings. The Farm at Neill's Creek will have everything you're looking for.

Located in

Harnett County

, Lillington offers peaceful surroundings with easy access to the surrounding Triangle area and

Downtown Raleigh

. Enjoy l

ocally owned shops

and restaurants in Downtown Lillington, explore the scenic

Cape Fear River

, or take advantage of nearby

parks and recreation

.

Find your home at The Farm at Neill's Creek, where thoughtfully designed new homes in

Lillington, NC

, combine comfort, style, and convenience.",,,"These 2,667 square feet of space are for any family on the go during the week and for those who love to lounge on the weekends. The Concerto plan offers a spacious lifestyle with the four bedrooms. The open-concept kitchen and great room create an extensive floor plan broken up with a kitchen island and breakfast nook. Plus, with patio access connected, who says you can’t enjoy your morning coffee outside? Once you head upstairs, you will find a vast loft area. It’s the perfect spot for that media room, playroom, or workout spot you have been looking for. After a long day, you will feel like you are living a life of luxury once you step into the Owner’s Suite. With an upscaled L-shape walk-in closet and deluxe bathroom with a double bowl sink vanity, your daily routines will no longer become a hassle. On top of all of that, two generously sized bedrooms and a full bath are located on this floor. The Concerto is for anyone who wants to live in a home that makes you say “Ahhhhhhhh” on a Friday night in.*Photos of Similar Home Shown",4,3,,2,2667,414900,,,,,,,,,,,,,,,,2,4,3,,2667,2,414900,,,,,,,,,,,,,"https://media.cheshomes.com/241/2026/4/8/The_Farm_lot_9.jpeg?width=1315&height=908&fit=bounds&b=57c0db7&ois=f20159b,https://media.cheshomes.com/241/2023/11/20/IMG_5960_aY45VZE.jpg?width=900&height=600&fit=bounds&ois=3ab4ee0,https://media.cheshomes.com/241/2023/11/20/IMG_5962_gLRzzhf.jpg?width=900&height=600&fit=bounds&ois=0fbc442,https://media.cheshomes.com/241/2023/11/20/IMG_5964_5iitleu.jpg?width=900&height=600&fit=bounds&ois=37a86c8,https://media.cheshomes.com/241/2023/11/20/IMG_5968_69_70_tFBJawG.jpg?width=899&height=600&fit=bounds&ois=866a048,https://media.cheshomes.com/241/2023/11/20/IMG_5971_2_3_tzJqRPF.jpg?width=899&height=600&fit=bounds&ois=a3f102f,https://media.cheshomes.com/241/2023/11/20/IMG_5974_5_6_K77eqS4.jpg?width=898&height=600&fit=bounds&ois=910648d,https://media.cheshomes.com/241/2023/11/20/IMG_5980_1_2_phS5EGE.jpg?width=898&height=600&fit=bounds&ois=f2dd783,https://media.cheshomes.com/241/2023/11/20/IMG_5986_7_8_xvzwN4D.jpg?width=899&height=600&fit=bounds&ois=cabbeb0,https://media.cheshomes.com/241/2023/11/20/IMG_5983_4_5_XgPGMOo.jpg?width=899&height=600&fit=bounds&ois=f87b1b8,https://media.cheshomes.com/241/2023/11/20/IMG_6022_3_4_tKSfWtB.jpg?width=899&height=600&fit=bounds&ois=6141736,https://media.cheshomes.com/241/2023/11/20/IMG_5989_90_91_IspQFkb.jpg?width=900&height=600&fit=bounds&ois=c5dab44,https://media.cheshomes.com/241/2023/11/20/IMG_5995_6_7_ol75BOv.jpg?width=899&height=600&fit=bounds&ois=17f5673,https://media.cheshomes.com/241/2023/11/20/IMG_6010_1_2_ZWKJasZ.jpg?width=899&height=600&fit=bounds&ois=a863f00,https://media.cheshomes.com/241/2023/11/20/IMG_6028_29_30_1E4QaLm.jpg?width=900&height=600&fit=bounds&ois=5802f5a,https://media.cheshomes.com/241/2023/11/20/IMG_6061_2_3_wVPkCFc.jpg?width=899&height=600&fit=bounds&ois=aff7c9b,https://media.cheshomes.com/241/2023/11/20/IMG_6016_7_8_5wJi5Ea.jpg?width=899&height=600&fit=bounds&ois=a688aa7,https://media.cheshomes.com/241/2023/11/20/IMG_6019_20_21_z76s56j.jpg?width=900&height=600&fit=bounds&ois=c7e8d65,https://media.cheshomes.com/241/2023/11/20/IMG_6049_50_51_hjBt1aB.jpg?width=899&height=600&fit=bounds&ois=b85787b,https://media.cheshomes.com/241/2023/11/20/IMG_6058_59_60_EMtqhmx.jpg?width=899&height=600&fit=bounds&ois=061dbb3,https://media.cheshomes.com/241/2023/11/20/IMG_6034_5_6_tRD7aPf.jpg?width=900&height=600&fit=bounds&ois=047bedd,https://media.cheshomes.com/241/2023/11/20/IMG_6040_1_2_xcNg8BA.jpg?width=900&height=600&fit=bounds&ois=30fa5a5,https://media.cheshomes.com/241/2023/11/20/IMG_6043_4_5_MAIe0cF.jpg?width=900&height=600&fit=bounds&ois=738e8d0,https://media.cheshomes.com/241/2023/11/20/IMG_6094_5_6_HQrXQnl.jpg?width=898&height=600&fit=bounds&ois=ab0aa60,https://media.cheshomes.com/241/2023/11/20/IMG_6109_10_11_lUS319f.jpg?width=899&height=600&fit=bounds&ois=bcccea4,https://media.cheshomes.com/241/2023/11/20/IMG_6121_2_3_WgLcQey.jpg?width=900&height=600&fit=bounds&ois=f75e071,https://media.cheshomes.com/241/2023/11/20/IMG_6127_8_9_BiE1kS2.jpg?width=900&height=600&fit=bounds&ois=e976010,https://media.cheshomes.com/241/2023/11/20/IMG_6136_7_8_gMtjrwL.jpg?width=900&height=600&fit=bounds&ois=be838ea,https://media.cheshomes.com/241/2023/11/20/IMG_6130_1_2_nGS6nmQ.jpg?width=898&height=600&fit=bounds&ois=93c9769,https://media.cheshomes.com/241/2023/11/20/IMG_6142_3_4_EiDvLkd.jpg?width=898&height=600&fit=bounds&ois=8ac79b8,https://media.cheshomes.com/241/2023/11/20/IMG_6148_49_50_n8D3Ixx.jpg?width=898&height=600&fit=bounds&ois=222c184,https://media.cheshomes.com/241/2023/11/20/IMG_6154_5_6_OSnbCEo.jpg?width=898&height=600&fit=bounds&ois=1a809a4,https://media.cheshomes.com/241/2023/11/20/IMG_6157_8_9_VN9IxGD.jpg?width=898&height=600&fit=bounds&ois=89693e1,https://media.cheshomes.com/241/2023/11/20/IMG_6160_1_2_i9KV2so.jpg?width=900&height=600&fit=bounds&ois=7d51e7b,https://media.cheshomes.com/241/2023/11/20/IMG_6073_4_5_266UCZY.jpg?width=900&height=600&fit=bounds&ois=14dbd0c,https://media.cheshomes.com/241/2023/11/20/IMG_6079_80_81_lbwWnP1.jpg?width=899&height=600&fit=bounds&ois=8bfd958,https://media.cheshomes.com/241/2023/11/20/IMG_6082_3_4_U1LlNFQ.jpg?width=900&height=600&fit=bounds&ois=e816894,https://media.cheshomes.com/241/2023/11/20/IMG_6085_6_7_rF3Rncy.jpg?width=900&height=600&fit=bounds&ois=b514f43,https://media.cheshomes.com/241/2023/11/20/IMG_6172_3_4_ZjNnnl4.jpg?width=899&height=600&fit=bounds&ois=bcc0bef,https://media.cheshomes.com/241/2023/11/20/IMG_6175_6_7_J917iNd.jpg?width=899&height=600&fit=bounds&ois=d2dbdc7,https://media.cheshomes.com/241/2023/11/20/IMG_6184_5_6_JtQLYZq.jpg?width=899&height=600&fit=bounds&ois=e5fe7d1,https://media.cheshomes.com/241/2023/11/20/IMG_6193_4_5_mNXINFx.jpg?width=899&height=600&fit=bounds&ois=c9f234f,https://media.cheshomes.com/241/2023/11/20/IMG_6196_7_8_fZiTFKE.jpg?width=899&height=600&fit=bounds&ois=e4c873e,https://media.cheshomes.com/241/2023/11/20/IMG_6202_3_4_sPY7Dil.jpg?width=899&height=600&fit=bounds&ois=82e348c,https://media.cheshomes.com/241/2023/11/20/IMG_6208_nrRkOCr.jpg?width=900&height=600&fit=bounds&ois=9ac18b5,https://media.cheshomes.com/241/2023/11/20/IMG_6238_PgeeiYm.jpg?width=900&height=600&fit=bounds&ois=9442676"
https://www.cheshomes.com/new-homes/sc/myrtle-beach/traditions-at-carolina-forest/8444/512-banna-arch-loop/1708478/,Traditions at Carolina Forest,33.7462,-78.8815,512 Banna Arch Loop,Myrtle Beach,SC,,,Horry County,Move-In Ready,Chesapeake Homes,,,3,,,,,,,https://www.cheshomes.com,"Welcome to Traditions at Carolina Forest

Traditions at Carolina Forest is a single-family home community located in the heart of Myrtle Beach, SC, within the highly sought-after Carolina Forest area. Designed for comfort, connection, and everyday convenience, this community offers a welcoming place to call home—no matter where you are in your homebuying journey.

Blending modern living with classic Southern charm, Traditions provides easy access to everything that makes coastal life so appealing. Residents are just minutes from Myrtle Beach’s beautiful beaches, championship golf courses, popular shopping destinations, local restaurants, and weekend festivals and entertainment. With excellent schools and top-rated medical centers nearby, Traditions at Carolina Forest is ideal for living, working, and enjoying life at every stage.

Community Amenities Designed for Every Lifestyle

Traditions at Carolina Forest offers a mix of amenities that support both active living and laid-back relaxation. Whether you're ready to settle in now or planning for the future, the community provides space to connect, recharge, and enjoy life.

Residents can gather at the beautifully designed clubhouse, featuring stylish indoor spaces perfect for social events, celebrations, or casual get-togethers. The attached fitness center includes modern cardio and strength-training equipment, making it easy to stay active without leaving the neighborhood.

On warm Carolina days, the sparkling community pool offers a refreshing escape with comfortable loungers and shaded areas for relaxing poolside. Families will appreciate the community playground, a safe and engaging space where children can play, explore, and make new friends close to home.

Pet owners will love the dedicated dog park, complete with open space and separate areas for small and large dogs, creating a welcoming environment for both pets and their people. Pickleball courts add another layer of fun and connection, offering opportunities for friendly competition, fitness, and social interaction for all skill levels.

A Connected Community in Carolina Forest

With its central location, everyday amenities, and flexible home options, Traditions at Carolina Forest offers a community designed to fit every stage of life. Whether you’re building, buying, or simply exploring what’s next, Traditions provides the space, comfort, and lifestyle you’ve been looking for.",,,"Welcome to the Surfrider! Experience the perfect blend of comfort and sophistication in this cozy package by Chesapeake Homes. With 2,326 square feet of living space, you'll have plenty of room to call your own. Imagine a first-floor living space that effortlessly connects the great room, open kitchen, and dining area - making everyday living a breeze. Step outside onto the rear-covered porch through the sliding glass doors, and enjoy the beauty of every season. And let's not forget about the stunning architectural details, from beautifully proportioned windows to elegant trim work, that will make your home truly stand out.Step into luxury and relaxation in the Owner's suite! Discover your very own oasis, complete with a spa-like private bath and a walk-in closet that's bigger than your wildest dreams. Get ready to pamper yourself in style!Don't wait, schedule your appointment today and discover the joy of living in this beautiful haven!",3,3,,1,2326,559900,,,,,,,,,,,,,,,,3,3,3,,2326,1,559900,,,,,,,,,,,,,"https://media.cheshomes.com/241/2026/2/2/A7300342.jpg?width=1920&height=1280&fit=bounds&ois=27bb161,https://media.cheshomes.com/241/2026/2/2/A7300339.jpg?width=1920&height=1280&fit=bounds&ois=7a84cb0,https://media.cheshomes.com/241/2026/2/2/A7300345.jpg?width=1920&height=1280&fit=bounds&ois=90eeb1f,https://media.cheshomes.com/241/2026/2/2/A7300348.jpg?width=1920&height=1280&fit=bounds&ois=b3ca9eb,https://media.cheshomes.com/241/2026/2/2/A7300351.jpg?width=1920&height=1280&fit=bounds&ois=2c2ec77,https://media.cheshomes.com/241/2026/2/2/A7300354.jpg?width=1920&height=1280&fit=bounds&ois=04b08ec,https://media.cheshomes.com/241/2026/2/2/A7300324.jpg?width=1920&height=1280&fit=bounds&ois=61395a2,https://media.cheshomes.com/241/2026/2/2/A7300321.jpg?width=1920&height=1280&fit=bounds&ois=ea00737,https://media.cheshomes.com/241/2026/2/2/A7300363.jpg?width=1920&height=1280&fit=bounds&ois=105f3e9,https://media.cheshomes.com/241/2026/2/2/A7300315.jpg?width=1920&height=1280&fit=bounds&ois=55f29c6,https://media.cheshomes.com/241/2026/2/2/A7300369.jpg?width=1920&height=1280&fit=bounds&ois=701bb06,https://media.cheshomes.com/241/2026/2/2/A7300318.jpg?width=1920&height=1280&fit=bounds&ois=983620b,https://media.cheshomes.com/241/2026/2/2/A7300312.jpg?width=1920&height=1280&fit=bounds&ois=cbe6c7f,https://media.cheshomes.com/241/2026/2/2/A7300366.jpg?width=1920&height=1280&fit=bounds&ois=b25c975,https://media.cheshomes.com/241/2026/2/2/A7300330.jpg?width=1920&height=1280&fit=bounds&ois=747a860,https://media.cheshomes.com/241/2026/2/2/A7300327.jpg?width=1920&height=1280&fit=bounds&ois=74cd7b4,https://media.cheshomes.com/241/2026/2/2/A7300309.jpg?width=1920&height=1280&fit=bounds&ois=83a7797,https://media.cheshomes.com/241/2026/2/2/A7300303.jpg?width=1920&height=1194&fit=bounds&ois=156e5fd,https://media.cheshomes.com/241/2026/2/2/A7300300.jpg?width=1920&height=1006&fit=bounds&ois=110a08e,https://media.cheshomes.com/241/2026/2/2/A7300306.jpg?width=1920&height=1188&fit=bounds&ois=983b633,https://media.cheshomes.com/241/2026/2/2/A7300357.jpg?width=1920&height=1018&fit=bounds&ois=abd6b40,https://media.cheshomes.com/241/2026/2/2/DJI_0810.jpg?width=1920&height=1440&fit=bounds&ois=f34c5e3,https://media.cheshomes.com/241/2026/2/2/A7300300.jpg?width=1920&height=1006&fit=bounds&ois=110a08e"
https://www.cheshomes.com/new-homes/va/suffolk/estates-at-river-club/19747/522-emerson-lane/1750174/,Estates at River Club,36.8366,-76.499,522 Emerson Lane,Suffolk,VA,,,,,Chesapeake Homes,,,2,,,,,,,https://www.cheshomes.com,"The Estates at River Club offer luxury

new single-family homes

in

Suffolk, VA,

designed for those seeking more space, refined details, and a

connected community lifestyle

. Ideally located in the heart of Suffolk, The Estates at River Club places you just minutes from

Bennett's Creek Park & Boat Launch

, and the shops and dining of

Harbour View

. Exploring the greater

Hampton Roads

area is simple with convenient access to

Highway 664.

With

resort-inspired amenities

and a prime Suffolk location, The Estates at River Club are ideal for those searching for

new construction

homes, with

large homesites

and a more

elevated living experience

.",,,"Enter the beautiful Bennett Model from your covered front porch and take in the open-space floorplan. The Bennett features a large great room that can be upgraded to feature stunning coffered ceilings. While kicking back and relaxing in your new great room, that favorite snack isn't far away as the kitchen blends into the floorplan allowing for daily function. A beautiful island separates the kitchen, dining area, and drop zone from the other half of the first floor. Plus, for those who love to cook or bake, this kitchen can be upgraded to feature a gourmet kitchen island as well as a gourmet kitchen layout. But the first floor of The Bennett doesn't stop there! With the owner's suite located on this level, your day-to-day tasks have never been this easy, especially with the easy access flow of bedroom to bathroom to laundry room. Plus you will fall in love with the huge walk-in closet connected to the owner's bathroom. Lastly, on the first floor, The Bennett features an additional bedroom with a private full bath attached. Perfect for when guests from out of town need a place to stay. Or in need of a multi-generational living space? This bedroom can be converted into our multi-gen which features a private living space as well as a kitchenette upgrade. The second floor of The Bennett is just as gorgeous as the first. This level features three more nicely sized bedrooms, a full bath with dual sinks, a bonus room, and a remote learning area that has the option to add a desk area. With The Bennett, every member of your family has their own space, while also allowing for communal areas for that family game night or a summer barbeque out on your rear covered porch. Welcome Home and get ready to love The Bennett! *Photos of Similar Home Shown",5,4,1,2,3381,,,,,,,,,,,,,,,,,2,5,4,1,3381,2,,,,,,,,,,,,,,https://media.cheshomes.com/241/2026/4/28/R2_256_Exterior_Rendering_ElZ9Uhm.jpg?width=1800&height=1200&fit=bounds&ois=0a92eb9
https://www.cheshomes.com/new-homes/sc/myrtle-beach/traditions-at-carolina-forest/8444/524-banna-arch-loop/1737378/,Traditions at Carolina Forest,33.7465,-78.8818,524 Banna Arch Loop,Myrtle Beach,SC,,,Horry County,Quick Move-In,Chesapeake Homes,,,2,,,,,,,https://www.cheshomes.com,"Welcome to Traditions at Carolina Forest

Traditions at Carolina Forest is a single-family home community located in the heart of Myrtle Beach, SC, within the highly sought-after Carolina Forest area. Designed for comfort, connection, and everyday convenience, this community offers a welcoming place to call home—no matter where you are in your homebuying journey.

Blending modern living with classic Southern charm, Traditions provides easy access to everything that makes coastal life so appealing. Residents are just minutes from Myrtle Beach’s beautiful beaches, championship golf courses, popular shopping destinations, local restaurants, and weekend festivals and entertainment. With excellent schools and top-rated medical centers nearby, Traditions at Carolina Forest is ideal for living, working, and enjoying life at every stage.

Community Amenities Designed for Every Lifestyle

Traditions at Carolina Forest offers a mix of amenities that support both active living and laid-back relaxation. Whether you're ready to settle in now or planning for the future, the community provides space to connect, recharge, and enjoy life.

Residents can gather at the beautifully designed clubhouse, featuring stylish indoor spaces perfect for social events, celebrations, or casual get-togethers. The attached fitness center includes modern cardio and strength-training equipment, making it easy to stay active without leaving the neighborhood.

On warm Carolina days, the sparkling community pool offers a refreshing escape with comfortable loungers and shaded areas for relaxing poolside. Families will appreciate the community playground, a safe and engaging space where children can play, explore, and make new friends close to home.

Pet owners will love the dedicated dog park, complete with open space and separate areas for small and large dogs, creating a welcoming environment for both pets and their people. Pickleball courts add another layer of fun and connection, offering opportunities for friendly competition, fitness, and social interaction for all skill levels.

A Connected Community in Carolina Forest

With its central location, everyday amenities, and flexible home options, Traditions at Carolina Forest offers a community designed to fit every stage of life. Whether you’re building, buying, or simply exploring what’s next, Traditions provides the space, comfort, and lifestyle you’ve been looking for.",,,"Discover the luxurious living experience of The Mangrove model! With a generous 3,349 square feet, five bedrooms, and two bathrooms, this home offers ample space for every member of your family. Upstairs, enjoy an Owner's Suite with dual closets and a spa-like bath for your peaceful retreat. Explore the interactive floor plan to personalize your dream home today!*PHOTOS OF SIMILAR HOME*",5,3,,2,3349,581300,,,,,,,,,,,,,,,,2,5,3,,3349,2,581300,,,,,,,,,,,,,"https://media.cheshomes.com/241/2026/2/19/25-web-or-mls-2204_Patrick_Dr_Suffolk_VA__12172025_HDR_037.jpg?width=1920&height=1152&fit=bounds&ois=6d490df,https://media.cheshomes.com/241/2026/2/19/24-web-or-mls-2204_Patrick_Dr_Suffolk_VA__12172025_HDR_034.jpg?width=1920&height=1152&fit=bounds&ois=b582c72,https://media.cheshomes.com/241/2026/2/19/42-web-or-mls-2204_Patrick_Dr_Suffolk_VA__12172025_HDR_089.jpg?width=1920&height=1152&fit=bounds&ois=24ad680,https://media.cheshomes.com/241/2026/2/19/43-web-or-mls-2204_Patrick_Dr_Suffolk_VA__12172025_HDR_092.jpg?width=1920&height=1152&fit=bounds&ois=c92265f,https://media.cheshomes.com/241/2026/2/19/44-web-or-mls-2204_Patrick_Dr_Suffolk_VA__12172025_HDR_095.jpg?width=1920&height=1152&fit=bounds&ois=cd73484,https://media.cheshomes.com/241/2026/2/19/45-web-or-mls-2204_Patrick_Dr_Suffolk_VA__12172025_HDR_098.jpg?width=1920&height=1152&fit=bounds&ois=fa4dc86,https://media.cheshomes.com/241/2026/2/19/47-web-or-mls-2204_Patrick_Dr_Suffolk_VA__12172025_HDR_104.jpg?width=1920&height=1152&fit=bounds&ois=b8a6dd0,https://media.cheshomes.com/241/2026/2/19/46-web-or-mls-2204_Patrick_Dr_Suffolk_VA__12172025_HDR_101.jpg?width=1920&height=1152&fit=bounds&ois=8be2d19,https://media.cheshomes.com/241/2026/2/19/48-web-or-mls-2204_Patrick_Dr_Suffolk_VA__12172025_HDR_107.jpg?width=1920&height=1152&fit=bounds&ois=2109f6d,https://media.cheshomes.com/241/2026/2/19/41-web-or-mls-2204_Patrick_Dr_Suffolk_VA__12172025_HDR_086.jpg?width=1920&height=1152&fit=bounds&ois=61b7938,https://media.cheshomes.com/241/2026/2/19/26-web-or-mls-2204_Patrick_Dr_Suffolk_VA__12172025_HDR_040.jpg?width=1920&height=1152&fit=bounds&ois=8ce1742,https://media.cheshomes.com/241/2026/2/19/27-web-or-mls-2204_Patrick_Dr_Suffolk_VA__12172025_HDR_043.jpg?width=1920&height=1152&fit=bounds&ois=ead3b39,https://media.cheshomes.com/241/2026/2/19/30-web-or-mls-2204_Patrick_Dr_Suffolk_VA__12172025_HDR_052.jpg?width=1920&height=1152&fit=bounds&ois=ba3527c,https://media.cheshomes.com/241/2026/2/19/33-web-or-mls-2204_Patrick_Dr_Suffolk_VA__12172025_HDR_062.jpg?width=1920&height=1152&fit=bounds&ois=7fd4e16,https://media.cheshomes.com/241/2026/2/19/37-web-or-mls-2204_Patrick_Dr_Suffolk_VA__12172025_HDR_074.jpg?width=1920&height=1152&fit=bounds&ois=7b95c6a,https://media.cheshomes.com/241/2026/2/19/36-web-or-mls-2204_Patrick_Dr_Suffolk_VA__12172025_HDR_071.jpg?width=1920&height=1152&fit=bounds&ois=0b84137,https://media.cheshomes.com/241/2026/2/19/39-web-or-mls-2204_Patrick_Dr_Suffolk_VA__12172025_HDR_080.jpg?width=1920&height=1152&fit=bounds&ois=2a526fc,https://media.cheshomes.com/241/2026/2/19/21-web-or-mls-2204_Patrick_Dr_Suffolk_VA__12172025_HDR_025.jpg?width=1920&height=1279&fit=bounds&ois=b1201bb,https://media.cheshomes.com/241/2026/2/19/40-web-or-mls-2204_Patrick_Dr_Suffolk_VA__12172025_HDR_083.jpg?width=1920&height=1152&fit=bounds&ois=a9c1f20,https://media.cheshomes.com/241/2026/2/19/28-web-or-mls-2204_Patrick_Dr_Suffolk_VA__12172025_HDR_045.jpg?width=1920&height=1152&fit=bounds&ois=dc3198b,https://media.cheshomes.com/241/2026/2/19/49-web-or-mls-2204_Patrick_Dr_Suffolk_VA__12172025_HDR_110.jpg?width=1920&height=1152&fit=bounds&ois=faa8f93,https://media.cheshomes.com/241/2026/2/19/35-web-or-mls-2204_Patrick_Dr_Suffolk_VA__12172025_HDR_068.jpg?width=1920&height=1152&fit=bounds&ois=b8e9c8b,https://media.cheshomes.com/241/2026/2/19/34-web-or-mls-2204_Patrick_Dr_Suffolk_VA__12172025_HDR_065.jpg?width=1920&height=1152&fit=bounds&ois=c8e27c7,https://media.cheshomes.com/241/2026/2/19/38-web-or-mls-2204_Patrick_Dr_Suffolk_VA__12172025_HDR_077.jpg?width=1920&height=1152&fit=bounds&ois=25c5c4c,https://media.cheshomes.com/241/2026/2/19/32-web-or-mls-2204_Patrick_Dr_Suffolk_VA__12172025_HDR_058.jpg?width=1920&height=1152&fit=bounds&ois=d5c0c81,https://media.cheshomes.com/241/2026/2/19/16-web-or-mls-2204_Patrick_Dr_Suffolk_VA__12172025_Exterior_016.jpg?width=1920&height=1152&fit=bounds&ois=6e4b7f0,https://media.cheshomes.com/241/2026/2/19/17-web-or-mls-2204_Patrick_Dr_Suffolk_VA__12172025_Exterior_017.jpg?width=1920&height=1152&fit=bounds&ois=233e891"
https://www.cheshomes.com/new-homes/va/suffolk/estates-at-river-club/19747/524-emerson-lane/1727382/,Estates at River Club,36.8366,-76.4983,524 Emerson Lane,Suffolk,VA,,,,,Chesapeake Homes,,,3,,,,,,,https://www.cheshomes.com,"The Estates at River Club offer luxury

new single-family homes

in

Suffolk, VA,

designed for those seeking more space, refined details, and a

connected community lifestyle

. Ideally located in the heart of Suffolk, The Estates at River Club places you just minutes from

Bennett's Creek Park & Boat Launch

, and the shops and dining of

Harbour View

. Exploring the greater

Hampton Roads

area is simple with convenient access to

Highway 664.

With

resort-inspired amenities

and a prime Suffolk location, The Estates at River Club are ideal for those searching for

new construction

homes, with

large homesites

and a more

elevated living experience

.",,,"Enter the beautiful Bennett from your covered front porch and take in the open-space floorplan. The Bennett features a large great room with gorgeous tall ceilings. While kicking back and relaxing in your new great room, that favorite snack isn't far away as the kitchen blends into the floorplan, allowing for daily function. A beautiful island separates the kitchen, dining area, and drop zone from the other half of the first floor. But the first floor of The Bennett doesn't stop there! With the owner's suite located on this level, your day-to-day tasks have never been this easy, especially with the easy access flow of bedroom to bathroom to laundry room. Plus you will fall in love with the huge walk-in closet connected to the owner's bathroom. Lastly, on the first floor, The Bennett features an additional bedroom with a private full bath attached. Perfect for when guests from out of town need a place to stay. The second floor of The Bennett is just as gorgeous as the first. This level features three nicely sized bedrooms, a full bath with dual sinks, a bonus room, and a remote learning area. With The Bennett, every member of your family has their own space, while also allowing for communal areas for that family game night or a summer barbecue out on your rear covered porch. Welcome Home and get ready to love The Bennett! *Photos of Similar Home Shown",5,3,1,2,3489,,,,,,,,,,,,,,,,,3,5,3,1,3489,2,,,,,,,,,,,,,,https://media.cheshomes.com/241/2025/12/29/exterior_image_17.jpg?width=1800&height=1200&fit=bounds&ois=455c696
https://www.cheshomes.com/new-homes/sc/loris/the-willows/11599/525-sheepbridge-way/1698844/,The Willows,33.9797,-78.7561,525 Sheepbridge Way,Loris,SC,,,,Quick Move-In,Chesapeake Homes,,,3,,,,,,,https://www.cheshomes.com,"Welcome to the Willows!

Get ready to fall head over heels in love with

The Willows

, our breathtaking single-family home community in charming

Loris, SC

! Bask in the tranquility of dreamy country living on

up to 1/4 acre homesites

while still being just a beat away from the awe-inspiring South Carolina coast.

Larger homesites

are the perfect setting for options like our

three-car garages

, perfect for that extra storage space or workshop.

This community is your ultimate

sanctuary

- a haven to unwind, but located just within a few miles of all the thrilling adventures that

Myrtle Beach

has to offer! Be a stone's throw from countless dining options, entertainment, and sports venues, so you'll never get to experience a dull moment!

Golf Courses in the Area

And hey, golf lovers, brace yourselves for some exhilarating news! Right outside your doorstep lies

Crown Park Golf Club

, great for amateur golfers! If you want to explore additional courses,

Little River

, a paradise for golf enthusiasts, is only minutes away, boasting some of the most competitive courses around. In fact, there are 51 golf courses within 20 miles of Loris, offering endless opportunities to tee off in style. You will not run out of amazing opportunities to show off your swing!

Planned Community Amenities

Dreaming of an all-year-round vacation? Your hunt ends here at

! Feel the relaxation with our planned top-notch amenities, crafted to support the wholesome, active, and fun-filled lifestyle you crave. Picture yourself at our

clubhouse, fitness center, pool, pickleball courts, and bocce ball courts

at the Willows!

Cast away your worries and fill your life with exhilarating excitement at our tucked away gem,

!",,,"Welcome to the Boardwalk, a stunning coastal-inspired home with over 2,100 square feet of first-floor features. As you enter from the spacious covered front porch, on the left, you'll find two bedrooms with large closets and a full bath. Ahead, an open dining area awaits. The great room flows seamlessly with the kitchen, which boasts a large gourmet island, perfect for entertaining, and a breakfast area with a view of the backyard. Step through sliding glass doors onto the covered porch to enjoy outdoor living.The Owner's Suite in the Boardwalk is a retreat with an enormous walk-in closet and a beautifully designed owner bath. The Boardwalk blends comfort and style, offering thoughtfully designed spaces for both relaxation and entertaining. Welcome home!*PHOTOS OF SIMILAR HOME*",3,2,,1,2189,427900,,,,,,,,,,,,,,,,3,3,2,,2189,1,427900,,,,,,,,,,,,,"https://media.cheshomes.com/241/2026/2/13/A92A2162.jpg?width=1920&height=1152&fit=bounds&ois=8ae058b,https://media.cheshomes.com/241/2026/2/13/A92A2168.jpg?width=1920&height=1152&fit=bounds&ois=81294be,https://media.cheshomes.com/241/2026/2/13/A92A2173.jpg?width=1920&height=1152&fit=bounds&ois=e3c979c,https://media.cheshomes.com/241/2026/2/13/A92A2128.jpg?width=1920&height=1152&fit=bounds&ois=2a780d6,https://media.cheshomes.com/241/2026/2/13/A92A2133.jpg?width=1920&height=1152&fit=bounds&ois=a696c5b,https://media.cheshomes.com/241/2026/2/13/A92A2138.jpg?width=1920&height=1152&fit=bounds&ois=d825add,https://media.cheshomes.com/241/2026/2/13/A92A2113.jpg?width=1920&height=1152&fit=bounds&ois=d15a7c8,https://media.cheshomes.com/241/2026/2/13/A92A2123.jpg?width=1920&height=1152&fit=bounds&ois=5cffaca,https://media.cheshomes.com/241/2026/2/13/A92A2092.jpg?width=1920&height=1152&fit=bounds&ois=825389f,https://media.cheshomes.com/241/2026/2/13/A92A2098.jpg?width=1920&height=1152&fit=bounds&ois=14c8ba2,https://media.cheshomes.com/241/2026/2/13/A92A2088.jpg?width=1920&height=1152&fit=bounds&ois=f861d52,https://media.cheshomes.com/241/2026/2/13/A92A2083.jpg?width=1920&height=1152&fit=bounds&ois=1ba8530,https://media.cheshomes.com/241/2026/2/13/A92A2073.jpg?width=1920&height=1152&fit=bounds&ois=ee3b910,https://media.cheshomes.com/241/2026/2/13/A92A2057.jpg?width=1920&height=1152&fit=bounds&ois=35e9a3f,https://media.cheshomes.com/241/2026/2/13/A92A2108.jpg?width=1920&height=1152&fit=bounds&ois=1bb9a3a,https://media.cheshomes.com/241/2026/2/13/A92A2218.jpg?width=1920&height=1152&fit=bounds&ois=4a7e658,https://media.cheshomes.com/241/2026/2/13/A92A2197.jpg?width=1920&height=1152&fit=bounds&ois=8bd6853,https://media.cheshomes.com/241/2026/2/13/A92A2222.jpg?width=1920&height=1152&fit=bounds&ois=4e5ec5f,https://media.cheshomes.com/241/2026/2/13/A92A2232.jpg?width=1920&height=1152&fit=bounds&ois=635cf03,https://media.cheshomes.com/241/2026/2/13/A92A2052.jpg?width=1920&height=1152&fit=bounds&ois=380af98,https://media.cheshomes.com/241/2026/2/13/A92A2282.jpg?width=1920&height=1152&fit=bounds&ois=9d14f81,https://media.cheshomes.com/241/2026/2/13/A92A2036.jpg?width=1920&height=1152&fit=bounds&ois=95c4641,https://media.cheshomes.com/241/2026/2/13/A92A2302.jpg?width=1920&height=1152&fit=bounds&ois=d45673d,https://media.cheshomes.com/241/2026/2/13/A92A2298.jpg?width=1920&height=1152&fit=bounds&ois=dde37eb"
https://www.cheshomes.com/new-homes/sc/myrtle-beach/traditions-at-carolina-forest/8444/540-banna-arch-loop/1737379/,Traditions at Carolina Forest,33.7465187,-78.8823598,540 Banna Arch Loop,Myrtle Beach,SC,,,Horry County,,Chesapeake Homes,,,2,,,,,,,https://www.cheshomes.com,"Welcome to Traditions at Carolina Forest

Traditions at Carolina Forest is a single-family home community located in the heart of Myrtle Beach, SC, within the highly sought-after Carolina Forest area. Designed for comfort, connection, and everyday convenience, this community offers a welcoming place to call home—no matter where you are in your homebuying journey.

Blending modern living with classic Southern charm, Traditions provides easy access to everything that makes coastal life so appealing. Residents are just minutes from Myrtle Beach’s beautiful beaches, championship golf courses, popular shopping destinations, local restaurants, and weekend festivals and entertainment. With excellent schools and top-rated medical centers nearby, Traditions at Carolina Forest is ideal for living, working, and enjoying life at every stage.

Community Amenities Designed for Every Lifestyle

Traditions at Carolina Forest offers a mix of amenities that support both active living and laid-back relaxation. Whether you're ready to settle in now or planning for the future, the community provides space to connect, recharge, and enjoy life.

Residents can gather at the beautifully designed clubhouse, featuring stylish indoor spaces perfect for social events, celebrations, or casual get-togethers. The attached fitness center includes modern cardio and strength-training equipment, making it easy to stay active without leaving the neighborhood.

On warm Carolina days, the sparkling community pool offers a refreshing escape with comfortable loungers and shaded areas for relaxing poolside. Families will appreciate the community playground, a safe and engaging space where children can play, explore, and make new friends close to home.

Pet owners will love the dedicated dog park, complete with open space and separate areas for small and large dogs, creating a welcoming environment for both pets and their people. Pickleball courts add another layer of fun and connection, offering opportunities for friendly competition, fitness, and social interaction for all skill levels.

A Connected Community in Carolina Forest

With its central location, everyday amenities, and flexible home options, Traditions at Carolina Forest offers a community designed to fit every stage of life. Whether you’re building, buying, or simply exploring what’s next, Traditions provides the space, comfort, and lifestyle you’ve been looking for.",,,"Introducing the Wave Crest - the perfect blend of space and style in a floor plan. Imagine yourself starting your day in a beautiful home with a two-car garage and a charming covered front porch. Step inside and be greeted by an impressive foyer and a study on your left. The heart of the home showcases a spacious dining room that flows seamlessly into a thoughtfully designed kitchen. This kitchen offers ample counter space, storage, and a walk-in pantry. Entertaining and relaxing is made easy with the open floor plan of this stunning residence. The Great Room and breakfast nook, just beyond the kitchen, provide the ideal setting. And when it's time to unwind, you can enjoy breathtaking South Carolina sunsets from your covered rear porch while grilling out or simply enjoying the gentle ocean breeze. The front of the home features two Bedrooms with walk-in closets and a full bathroom. Plus, there's a convenient drop zone for your beach gear next to the pass-through laundry room.Last but certainly not least, the Owner's suite bedroom is a luxurious retreat with a tray ceiling and a huge walk-in closet. The spa-like Owner's bathroom features a private water closet and a double sink vanity.Get ready to find your dream home and fall in love with the Wave Crest!*PHOTOS OF SIMILAR HOME*",3,2,,1,2046,519900,,,,,,,,,,,,,,,,2,3,2,,2046,1,519900,,,,,,,,,,,,,"https://media.cheshomes.com/241/2024/5/15/DSC03204.jpg?width=1920&height=1279&fit=bounds&ois=e218bdc,https://media.cheshomes.com/241/2024/5/15/DSC03224.jpg?width=1920&height=1280&fit=bounds&ois=7291725,https://media.cheshomes.com/241/2024/5/15/DSC03219.jpg?width=1920&height=1280&fit=bounds&ois=ca18042,https://media.cheshomes.com/241/2024/5/15/DSC03184.jpg?width=1920&height=1281&fit=bounds&ois=82cbaca,https://media.cheshomes.com/241/2024/5/15/DSC03209.jpg?width=1920&height=1280&fit=bounds&ois=98a49e3,https://media.cheshomes.com/241/2024/5/15/DSC03229.jpg?width=1920&height=1281&fit=bounds&ois=6cc52ee,https://media.cheshomes.com/241/2024/5/15/DSC03264.jpg?width=1920&height=1281&fit=bounds&ois=2b06fe7,https://media.cheshomes.com/241/2024/5/15/DSC03234.jpg?width=1920&height=1281&fit=bounds&ois=b1a6f9e,https://media.cheshomes.com/241/2024/5/15/DSC03254.jpg?width=1920&height=1281&fit=bounds&ois=091c7d7,https://media.cheshomes.com/241/2024/5/15/DSC03239.jpg?width=1920&height=1281&fit=bounds&ois=c58151f,https://media.cheshomes.com/241/2024/5/15/DSC03244.jpg?width=1920&height=1281&fit=bounds&ois=94bd8b8,https://media.cheshomes.com/241/2024/5/15/DSC03249.jpg?width=1920&height=1281&fit=bounds&ois=6e351a9,https://media.cheshomes.com/241/2024/5/15/DSC03259.jpg?width=1920&height=1281&fit=bounds&ois=b7a76e5,https://media.cheshomes.com/241/2024/5/15/DSC03284.jpg?width=1920&height=1281&fit=bounds&ois=2068d38,https://media.cheshomes.com/241/2024/5/15/DSC03154.jpg?width=1920&height=1280&fit=bounds&ois=b5a7483,https://media.cheshomes.com/241/2024/5/15/DSC03149.jpg?width=1920&height=1280&fit=bounds&ois=5c16ba2,https://media.cheshomes.com/241/2024/5/15/DSC03159.jpg?width=1920&height=1281&fit=bounds&ois=9ecf9e9,https://media.cheshomes.com/241/2024/5/15/DSC03164.jpg?width=1920&height=1281&fit=bounds&ois=f42f74c,https://media.cheshomes.com/241/2024/5/15/DSC03169.jpg?width=1920&height=1281&fit=bounds&ois=016b962,https://media.cheshomes.com/241/2024/5/15/DSC03289.jpg?width=1920&height=1281&fit=bounds&ois=f80ab4b,https://media.cheshomes.com/241/2024/5/15/DSC03179.jpg?width=1920&height=1281&fit=bounds&ois=ea364a2,https://media.cheshomes.com/241/2024/5/15/DSC03174.jpg?width=1920&height=1281&fit=bounds&ois=7038455,https://media.cheshomes.com/241/2024/5/15/DSC03279.jpg?width=1920&height=1281&fit=bounds&ois=8d554f9,https://media.cheshomes.com/241/2024/5/15/DSC03269.jpg?width=1920&height=1280&fit=bounds&ois=cb94939"
https://www.cheshomes.com/new-homes/nc/angier/neills-pointe/11915/54-baird-cove-lane/1716806/,Neill's Pointe,35.5108,-78.7628,54 Baird Cove Lane,Angier,NC,,,,,Chesapeake Homes,,,2,,,,,,,https://www.cheshomes.com,"Discover a different pace of living at

Neill's Pointe

, a community of

new single-family homes in Angier, NC

, where comfort, space, and natural beauty come together. Crafted by Chesapeake Homes, each home is designed with

modern features

and

intentional layouts

that complement the surrounding landscape while supporting the way you live every day. With eight available floor plans starting from

1,900+ square feet

, Neill's Pointe offers the flexibility to find a home that fits your lifestyle. Enjoy the ease of

small-town living

with the

convenience

of homes near Raleigh, NC, just 23 miles from

Downtown Raleigh

.

Surrounded by

local charm

, life in Angier, NC, invites you to get out and explore. Pick fresh berries at

Dr. Young's Pond Berry Farm

, unwind with a tasting at

Gregory Vineyard

, or enjoy the outdoors at Jack Markley Park. Seasonal events like the Crepe Myrtle Festival bring

energy to the area

, while Downtown Angier offers a welcoming atmosphere filled with local character and Southern hospitality.

Find your place at Neill's Pointe, where new homes in Angier, NC, offer the perfect balance of

comfort, convenience, and connection to nature

. Explore available homesites, choose your floorplan, and start your next chapter just minutes from Raleigh.",,,"This nearly 2,500-square-foot home is the perfect choice for any family in search of a new place to call theirs. The Poppy is a spacious open-concept home with a total of five bedrooms. When you step off the covered front porch, you will step into a long foyer leading to the vast great room, dining room, and kitchen. Open living makes this the perfect space for entertaining and ensuring everyone feels connected in your home. A rear covered porch has been added to expand your everyday living into the your backyard.While one bedroom and a full bath are downstairs, up the stairs we find three more bedrooms with another full bath that is equipped with a double vanity. Continuing on the second floor is the vast owner's suite. With tray ceilings, sinks on two separate vanities, and a long walk-in closet, this just may turn into your favorite spot in the house. Right outside this suite is the laundry room, giving you easy access to this space. Perfect for all families, The Poppy allows activities to be streamlined within the home and provides peaceful rest for the days when you need it.",5,3,,2,2427,394900,,,,,,,,,,,,,,,,2,5,3,,2427,2,394900,,,,,,,,,,,,,"https://media.cheshomes.com/241/2024/5/23/IMG_6481_2_3_ypLpxmG.jpg?width=1920&height=1283&fit=bounds&ois=95e3918,https://media.cheshomes.com/241/2024/5/23/IMG_6487_8_9_Phd2Vqi.jpg?width=1920&height=1281&fit=bounds&ois=4c26851,https://media.cheshomes.com/241/2024/5/23/IMG_6490_1_2_I8yR0kr.jpg?width=1920&height=1281&fit=bounds&ois=99718c8,https://media.cheshomes.com/241/2024/5/23/IMG_6478_79_80_YzDB6Ov.jpg?width=1920&height=1281&fit=bounds&ois=02b28d3,https://media.cheshomes.com/241/2024/5/23/IMG_6484_5_6_oZrGinc.jpg?width=1920&height=1281&fit=bounds&ois=82cc925,https://media.cheshomes.com/241/2024/5/23/IMG_6502_3_4_VIKQSZ9.jpg?width=1920&height=1278&fit=bounds&ois=b84c5b9,https://media.cheshomes.com/241/2024/5/23/IMG_6445_6_7_lE2LilH.jpg?width=1920&height=1281&fit=bounds&ois=6804dcc,https://media.cheshomes.com/241/2024/5/23/IMG_6451_2_3_IgUxm0o.jpg?width=1920&height=1281&fit=bounds&ois=5a87acf,https://media.cheshomes.com/241/2024/5/23/IMG_6454_5_6_eR9sO58.jpg?width=1920&height=1281&fit=bounds&ois=6ac21f7,https://media.cheshomes.com/241/2024/5/23/IMG_6457_8_9_eyEnZ3x.jpg?width=1920&height=1277&fit=bounds&ois=c1aa477,https://media.cheshomes.com/241/2024/5/23/IMG_6460_1_2_NJOBzuG.jpg?width=1920&height=1279&fit=bounds&ois=8196771,https://media.cheshomes.com/241/2024/5/23/IMG_6463_4_5_4nHSFUm.jpg?width=1920&height=1281&fit=bounds&ois=1ee01ea,https://media.cheshomes.com/241/2024/5/23/IMG_6475_6_7_g5h5atQ.jpg?width=1920&height=1281&fit=bounds&ois=7737eab,https://media.cheshomes.com/241/2024/5/23/IMG_6466_7_8_8Ngbpy2.jpg?width=1920&height=1281&fit=bounds&ois=00622f6,https://media.cheshomes.com/241/2024/5/23/IMG_6496_7_8_sMedsP0.jpg?width=1920&height=1281&fit=bounds&ois=541fea0,https://media.cheshomes.com/241/2024/5/23/IMG_6505_6_7_DNW7JNl.jpg?width=1920&height=1279&fit=bounds&ois=6c18da0,https://media.cheshomes.com/241/2024/5/23/IMG_6469_70_71_F8HmuBH.jpg?width=1920&height=1280&fit=bounds&ois=5719836,https://media.cheshomes.com/241/2024/5/23/IMG_6520_1_2_oBv9bXA.jpg?width=1920&height=1281&fit=bounds&ois=cf65b48,https://media.cheshomes.com/241/2024/5/23/IMG_6526_7_8_JVZZzCS.jpg?width=1920&height=1281&fit=bounds&ois=70ee94e,https://media.cheshomes.com/241/2024/5/23/IMG_6529_30_31_4ezAEsv.jpg?width=1920&height=1281&fit=bounds&ois=c9322bd,https://media.cheshomes.com/241/2024/5/23/IMG_6541_2_3_zElggwV.jpg?width=1920&height=1281&fit=bounds&ois=6f9b5d5,https://media.cheshomes.com/241/2024/5/23/IMG_6547_8_9_0cOhIp4.jpg?width=1920&height=1281&fit=bounds&ois=e6730d8,https://media.cheshomes.com/241/2024/5/23/IMG_6538_39_40_IRSpWY2.jpg?width=1920&height=1280&fit=bounds&ois=d641cbb,https://media.cheshomes.com/241/2024/5/23/IMG_6436_7_8_Px2mu2b.jpg?width=1920&height=1281&fit=bounds&ois=25f8156,https://media.cheshomes.com/241/2024/5/23/IMG_6508_09_10_wJDdXtJ.jpg?width=1920&height=1280&fit=bounds&ois=2adc6c8,https://media.cheshomes.com/241/2024/5/23/IMG_6514_5_6_3SBTsxt.jpg?width=1920&height=1281&fit=bounds&ois=f3cdb58,https://media.cheshomes.com/241/2024/5/23/IMG_6517_8_9_AJwSwmh.jpg?width=1920&height=1281&fit=bounds&ois=8453bd5,https://media.cheshomes.com/241/2024/5/23/IMG_6565_6_7_zelZK2h.jpg?width=1920&height=1281&fit=bounds&ois=29ca2b8,https://media.cheshomes.com/241/2024/5/23/IMG_6568_69_70_4EAw0LE.jpg?width=1920&height=1280&fit=bounds&ois=d88a973,https://media.cheshomes.com/241/2024/5/23/IMG_6583_4_5_PZtudN9.jpg?width=1920&height=1281&fit=bounds&ois=9493fea,https://media.cheshomes.com/241/2024/5/23/IMG_6553_4_5_spqUOSA.jpg?width=1920&height=1280&fit=bounds&ois=eab23ba,https://media.cheshomes.com/241/2024/5/23/IMG_6571_2_3_98wqLLF.jpg?width=1920&height=1281&fit=bounds&ois=0c15f07,https://media.cheshomes.com/241/2024/5/23/IMG_6574_5_6_9UtW6Pf.jpg?width=1920&height=1281&fit=bounds&ois=4020aa0,https://media.cheshomes.com/241/2024/5/23/IMG_6577_8_9_pkyROYS.jpg?width=1920&height=1281&fit=bounds&ois=c28a3f8,https://media.cheshomes.com/241/2024/5/23/IMG_6580_1_2_eZERaGv.jpg?width=1920&height=1281&fit=bounds&ois=6e7c696,https://media.cheshomes.com/241/2024/5/23/IMG_6588_cr59hXZ.jpg?width=1920&height=1280&fit=bounds&ois=b456201,https://media.cheshomes.com/241/2024/5/23/IMG_6556_7_8_302nCMo.jpg?width=1920&height=1281&fit=bounds&ois=1403458,https://media.cheshomes.com/241/2024/5/23/IMG_6597_F5hVG0a.jpg?width=1920&height=1280&fit=bounds&ois=c5865e8"
https://www.cheshomes.com/new-homes/nc/angier/neills-pointe/11915/57-baird-cove-lane/1725631/,Neill's Pointe,35.5111,-78.7642,57 Baird Cove Lane,Angier,NC,,,,,Chesapeake Homes,,,2,,,,,,,https://www.cheshomes.com,"Discover a different pace of living at

Neill's Pointe

, a community of

new single-family homes in Angier, NC

, where comfort, space, and natural beauty come together. Crafted by Chesapeake Homes, each home is designed with

modern features

and

intentional layouts

that complement the surrounding landscape while supporting the way you live every day. With eight available floor plans starting from

1,900+ square feet

, Neill's Pointe offers the flexibility to find a home that fits your lifestyle. Enjoy the ease of

small-town living

with the

convenience

of homes near Raleigh, NC, just 23 miles from

Downtown Raleigh

.

Surrounded by

local charm

, life in Angier, NC, invites you to get out and explore. Pick fresh berries at

Dr. Young's Pond Berry Farm

, unwind with a tasting at

Gregory Vineyard

, or enjoy the outdoors at Jack Markley Park. Seasonal events like the Crepe Myrtle Festival bring

energy to the area

, while Downtown Angier offers a welcoming atmosphere filled with local character and Southern hospitality.

Find your place at Neill's Pointe, where new homes in Angier, NC, offer the perfect balance of

comfort, convenience, and connection to nature

. Explore available homesites, choose your floorplan, and start your next chapter just minutes from Raleigh.",,,"The Hawthorne is a beautifully designed home that offers comfort, flexibility, and plenty of room to grow. With over 2,100 square feet of thoughtfully planned space, this floor plan includes three bedrooms and 2.5 baths within the layout.On the first floor, you’ll find a spacious open-concept living area where the great room, dinette, and kitchen flow seamlessly together, ideal for both everyday living and entertaining. Also downstairs, there’s a formal dining room that can be converted into a private study, a convenient powder room, and access to a two-car garage. Upstairs, all bedrooms are located together, including the impressive owner’s suite with optional tray ceilings, a large bathroom, and two walk-in closets. The laundry room is located just outside the suite for easy access, alongside two additional bedrooms, a full bath, and a loft. The open loft can be reimagined as a playroom, office, or second living space to suit your needs.The Hawthorne is a flexible, welcoming floor plan that adapts beautifully to your lifestyle — whether you're starting fresh, growing your family, or simply ready for something new.*Photos of Similar Home Shown",3,2,1,2,2176,364900,,,,,,,,,,,,,,,,2,3,2,1,2176,2,364900,,,,,,,,,,,,,"https://media.cheshomes.com/241/2025/12/4/NP_168_Exterior_F8oxze6.jpg?width=1800&height=1200&fit=bounds&ois=3ad1fbd,https://media.cheshomes.com/241/2026/4/17/The_Hawthorne_EP4PLMC.jpg?width=1920&height=1375&fit=bounds&ois=894be94,https://media.cheshomes.com/241/2026/4/17/collov-ai_20260417094800_r5e249_mKxcFJO.jpg?width=1264&height=842&fit=bounds&ois=8c0b46f,https://media.cheshomes.com/241/2026/4/17/25-web-or-mls-ext-18_a8RYgAh.jpg?width=1920&height=1279&fit=bounds&ois=d471ff6,https://media.cheshomes.com/241/2026/4/17/26-web-or-mls-ext-21_ydDLtKd.jpg?width=1920&height=1279&fit=bounds&ois=0f99761,https://media.cheshomes.com/241/2026/4/17/24-web-or-mls-ext-15_HpbN9a4.jpg?width=1920&height=1279&fit=bounds&ois=1494dba,https://media.cheshomes.com/241/2026/4/17/collov-ai_20260417094138_31ofae_48PHSC6.jpg?width=1264&height=842&fit=bounds&ois=f1c9e73,https://media.cheshomes.com/241/2026/4/17/28-web-or-mls-ext-27_d1jfXku.jpg?width=1920&height=1279&fit=bounds&ois=ae4bbd7,https://media.cheshomes.com/241/2026/4/17/27-web-or-mls-ext-24_b2OmHKE.jpg?width=1920&height=1279&fit=bounds&ois=5f36ac3,https://media.cheshomes.com/241/2026/4/17/30-web-or-mls-ext-33_tkYTLNY.jpg?width=1920&height=1279&fit=bounds&ois=809ef13,https://media.cheshomes.com/241/2026/4/17/32-web-or-mls-ext-39_K6ZB2Yq.jpg?width=1920&height=1279&fit=bounds&ois=6ed932f,https://media.cheshomes.com/241/2026/4/17/40-web-or-mls-ext-63_iypIuPh.jpg?width=1920&height=1279&fit=bounds&ois=3564819,https://media.cheshomes.com/241/2026/4/17/41-web-or-mls-ext-66_Kblarw5.jpg?width=1920&height=1279&fit=bounds&ois=59f81b1,https://media.cheshomes.com/241/2026/4/17/37-web-or-mls-ext-54_Pylz4nM.jpg?width=1920&height=1279&fit=bounds&ois=326f825,https://media.cheshomes.com/241/2026/4/17/39-web-or-mls-ext-60_PExnam9.jpg?width=1920&height=1279&fit=bounds&ois=f1a9c54,https://media.cheshomes.com/241/2026/4/17/38-web-or-mls-ext-57_MRxQ6RE.jpg?width=1920&height=1279&fit=bounds&ois=a518138,https://media.cheshomes.com/241/2026/4/17/19-web-or-mls-ext-6_4CkNPic.jpg?width=1920&height=1279&fit=bounds&ois=6ca0cb4,https://media.cheshomes.com/241/2026/4/17/17-web-or-mls-ext-3_SmbWfgO.jpg?width=1920&height=1279&fit=bounds&ois=6b2a792,https://media.cheshomes.com/241/2026/4/17/22-web-or-mls-ext-9_mGeVrGK.jpg?width=1920&height=1279&fit=bounds&ois=c8e3cd0,https://media.cheshomes.com/241/2026/4/17/23-web-or-mls-ext-12_PK9hPS6.jpg?width=1920&height=1279&fit=bounds&ois=249f079,https://media.cheshomes.com/241/2026/4/17/42-web-or-mls-ext-69_bIkU7PI.jpg?width=1920&height=1279&fit=bounds&ois=5411de8,https://media.cheshomes.com/241/2026/4/17/43-web-or-mls-ext-72_paevf5Y.jpg?width=1920&height=1279&fit=bounds&ois=3ceaa44,https://media.cheshomes.com/241/2026/4/17/44-web-or-mls-ext-75_uUhsvn8.jpg?width=1920&height=1279&fit=bounds&ois=cccb30c,https://media.cheshomes.com/241/2026/4/17/35-web-or-mls-ext-48_EM4Z7rs.jpg?width=1920&height=1279&fit=bounds&ois=0963912,https://media.cheshomes.com/241/2026/4/17/45-web-or-mls-ext-78_LlCaFYi.jpg?width=1920&height=1279&fit=bounds&ois=6993ffd,https://media.cheshomes.com/241/2026/4/17/46-web-or-mls-ext-81_1xIB429.jpg?width=1920&height=1279&fit=bounds&ois=423c67b,https://media.cheshomes.com/241/2026/4/17/15-web-or-mls-ext-2_moTKHbN.jpg?width=1920&height=1279&fit=bounds&ois=7721dd0"
https://www.cheshomes.com/new-homes/sc/loris/the-willows/11599/639-millbrook-way/1698818/,The Willows,33.9857292,-78.7564720,639 Millbrook Way,Loris,SC,,,,,Chesapeake Homes,,,3,,,,,,,https://www.cheshomes.com,"Welcome to the Willows!

Get ready to fall head over heels in love with

The Willows

, our breathtaking single-family home community in charming

Loris, SC

! Bask in the tranquility of dreamy country living on

up to 1/4 acre homesites

while still being just a beat away from the awe-inspiring South Carolina coast.

Larger homesites

are the perfect setting for options like our

three-car garages

, perfect for that extra storage space or workshop.

This community is your ultimate

sanctuary

- a haven to unwind, but located just within a few miles of all the thrilling adventures that

Myrtle Beach

has to offer! Be a stone's throw from countless dining options, entertainment, and sports venues, so you'll never get to experience a dull moment!

Golf Courses in the Area

And hey, golf lovers, brace yourselves for some exhilarating news! Right outside your doorstep lies

Crown Park Golf Club

, great for amateur golfers! If you want to explore additional courses,

Little River

, a paradise for golf enthusiasts, is only minutes away, boasting some of the most competitive courses around. In fact, there are 51 golf courses within 20 miles of Loris, offering endless opportunities to tee off in style. You will not run out of amazing opportunities to show off your swing!

Planned Community Amenities

Dreaming of an all-year-round vacation? Your hunt ends here at

! Feel the relaxation with our planned top-notch amenities, crafted to support the wholesome, active, and fun-filled lifestyle you crave. Picture yourself at our

clubhouse, fitness center, pool, pickleball courts, and bocce ball courts

at the Willows!

Cast away your worries and fill your life with exhilarating excitement at our tucked away gem,

!",,,"Starting at nearly 1,700 square feet, the Cherry Grove offers a spacious retreat with coastal-inspired architecture, outdoor living spaces, and a generous great room. You can enter the home through a covered front porch or via the three-car, leading to a convenient drop zone with a seating bench. The kitchen layout offers plenty of space for cooking and hosting, and from the dining area, you can step out onto the rear covered porch—ideal for relaxing evenings or enjoying the sunrise. The owner's suite, boasts a large walk-in closet, tray ceiling, double vanity, and a deluxe seated shower. The Cherry Grove is the perfect home for you!*PHOTOS OF SIMILAR HOME*",3,2,,1,1672,389900,,,,,,,,,,,,,,,,3,3,2,,1672,1,389900,,,,,,,,,,,,,"https://media.cheshomes.com/241/2026/4/22/Will-Lot1.jpeg?width=1220&height=789&fit=bounds&ois=0d33dec,https://media.cheshomes.com/241/2025/12/29/A7300048.jpg?width=1920&height=1280&fit=bounds&ois=7b29ded,https://media.cheshomes.com/241/2025/8/5/A7300043.JPG?width=1920&height=1280&fit=bounds&ois=15dbc51,https://media.cheshomes.com/241/2025/8/5/A7300045.jpg?width=1920&height=1280&fit=bounds&ois=159e8fd,https://media.cheshomes.com/241/2025/8/5/A7300033.jpg?width=1920&height=1280&fit=bounds&ois=838f405,https://media.cheshomes.com/241/2025/8/5/A7300036.jpg?width=1920&height=1280&fit=bounds&ois=20ab2d8,https://media.cheshomes.com/241/2025/8/5/A7300018.JPG?width=1920&height=1280&fit=bounds&ois=af56c64,https://media.cheshomes.com/241/2025/8/5/A7300032.JPG?width=1920&height=1280&fit=bounds&ois=79d5cb3,https://media.cheshomes.com/241/2025/8/5/A7300027.jpg?width=1920&height=1280&fit=bounds&ois=bdea995,https://media.cheshomes.com/241/2025/8/5/A7300030.jpg?width=1920&height=1280&fit=bounds&ois=b3d5d5c,https://media.cheshomes.com/241/2025/8/5/A7300051.jpg?width=1920&height=1280&fit=bounds&ois=d74b084,https://media.cheshomes.com/241/2025/8/5/A7300057.jpg?width=1920&height=1280&fit=bounds&ois=e0c606e,https://media.cheshomes.com/241/2025/8/5/A7300060.jpg?width=1920&height=1281&fit=bounds&ois=816d8d3,https://media.cheshomes.com/241/2025/8/5/A7300066.jpg?width=1920&height=1281&fit=bounds&ois=783dda9,https://media.cheshomes.com/241/2025/5/28/22-web-or-mls-BTS00066.jpg?width=1920&height=1279&fit=bounds&ois=8fe80fa,https://media.cheshomes.com/241/2025/5/28/23-web-or-mls-BTS00072.jpg?width=1920&height=1279&fit=bounds&ois=0085e63,https://media.cheshomes.com/241/2025/8/5/A7300069.jpg?width=1920&height=1280&fit=bounds&ois=d7725a4,https://media.cheshomes.com/241/2025/8/5/A7300021.jpg?width=1920&height=1280&fit=bounds&ois=433cbf3,https://media.cheshomes.com/241/2025/8/5/A7300096.jpg?width=1920&height=1280&fit=bounds&ois=3cd3573,https://media.cheshomes.com/241/2025/8/5/z4-2.jpg?width=1920&height=1280&fit=bounds&ois=a537b1a"
https://www.cheshomes.com/new-homes/nc/lillington/the-farm-at-neills-creek/11916/64-peach-grove-way/1743420/,The Farm at Neill's Creek,35.404,-78.8132,64 Peach Grove Way,Lillington,NC,,,,,Chesapeake Homes,,,2,,,,,,,https://www.cheshomes.com,"Discover the perfect blend of small-town charm and big-time convenience at

The Farm at Neill's Creek

, a community of n

ew single-family homes

in Lillington, NC. A variety of floor plans ranging from

1,900 to 3,000 square feet

with features like a gourmet kitchen island perfect for entertaining and rear covered porches ideal for quiet summer evenings. The Farm at Neill's Creek will have everything you're looking for.

Located in

Harnett County

, Lillington offers peaceful surroundings with easy access to the surrounding Triangle area and

Downtown Raleigh

. Enjoy l

ocally owned shops

and restaurants in Downtown Lillington, explore the scenic

Cape Fear River

, or take advantage of nearby

parks and recreation

.

Find your home at The Farm at Neill's Creek, where thoughtfully designed new homes in

Lillington, NC

, combine comfort, style, and convenience.",,,"The Hawthorne is a beautifully designed home that offers comfort, flexibility, and plenty of room to grow. With 2,176 square feet of thoughtfully planned space, this floor plan includes three bedrooms and 2 full bathrooms.On the first floor, you’ll find a spacious open-concept living area where the great room, dinette, and kitchen flow seamlessly together, ideal for both everyday living and entertaining. Also downstairs, there’s a formal dining room, a powder room, and access to the two-car garage. Want to enjoy meals outside? This comes with a beautiful rear covered porch, perfect for an outdoor dining experience.Upstairs, all bedrooms are located together, including the impressive owner’s suite, a large bathroom, and two walk-in closets. The laundry room is located just outside the suite for easy access, alongside two additional bedrooms, a full bath, and a loft. The open loft can be reimagined as a playroom, office, or second living space to suit your needs.The Hawthorne is a flexible, welcoming floor plan that adapts beautifully to your lifestyle, whether you're starting fresh, growing your family, or simply ready for something new.*Photos Shown of Similar Home",3,2,1,2,2176,381900,,,,,,,,,,,,,,,,2,3,2,1,2176,2,381900,,,,,,,,,,,,,"https://media.cheshomes.com/241/2026/4/21/exterior_image_42.jfif?width=1800&height=1200&fit=bounds&ois=fca50d7,https://media.cheshomes.com/241/2026/4/17/32-web-or-mls-ext-39_UPyx1sm.jpg?width=1920&height=1279&fit=bounds&ois=34661f9,https://media.cheshomes.com/241/2026/4/17/The_Hawthorne_EP4PLMC.jpg?width=1920&height=1375&fit=bounds&ois=894be94,https://media.cheshomes.com/241/2026/4/17/collov-ai_20260417094800_r5e249_mKxcFJO.jpg?width=1264&height=842&fit=bounds&ois=8c0b46f,https://media.cheshomes.com/241/2026/4/17/25-web-or-mls-ext-18_a8RYgAh.jpg?width=1920&height=1279&fit=bounds&ois=d471ff6,https://media.cheshomes.com/241/2026/4/17/26-web-or-mls-ext-21_ydDLtKd.jpg?width=1920&height=1279&fit=bounds&ois=0f99761,https://media.cheshomes.com/241/2026/4/17/24-web-or-mls-ext-15_HpbN9a4.jpg?width=1920&height=1279&fit=bounds&ois=1494dba,https://media.cheshomes.com/241/2026/4/17/collov-ai_20260417094138_31ofae_48PHSC6.jpg?width=1264&height=842&fit=bounds&ois=f1c9e73,https://media.cheshomes.com/241/2026/4/17/28-web-or-mls-ext-27_d1jfXku.jpg?width=1920&height=1279&fit=bounds&ois=ae4bbd7,https://media.cheshomes.com/241/2026/4/17/27-web-or-mls-ext-24_b2OmHKE.jpg?width=1920&height=1279&fit=bounds&ois=5f36ac3,https://media.cheshomes.com/241/2026/4/17/30-web-or-mls-ext-33_tkYTLNY.jpg?width=1920&height=1279&fit=bounds&ois=809ef13,https://media.cheshomes.com/241/2026/4/17/32-web-or-mls-ext-39_K6ZB2Yq.jpg?width=1920&height=1279&fit=bounds&ois=6ed932f,https://media.cheshomes.com/241/2026/4/17/40-web-or-mls-ext-63_iypIuPh.jpg?width=1920&height=1279&fit=bounds&ois=3564819,https://media.cheshomes.com/241/2026/4/17/41-web-or-mls-ext-66_Kblarw5.jpg?width=1920&height=1279&fit=bounds&ois=59f81b1,https://media.cheshomes.com/241/2026/4/17/37-web-or-mls-ext-54_Pylz4nM.jpg?width=1920&height=1279&fit=bounds&ois=326f825,https://media.cheshomes.com/241/2026/4/17/39-web-or-mls-ext-60_PExnam9.jpg?width=1920&height=1279&fit=bounds&ois=f1a9c54,https://media.cheshomes.com/241/2026/4/17/38-web-or-mls-ext-57_MRxQ6RE.jpg?width=1920&height=1279&fit=bounds&ois=a518138,https://media.cheshomes.com/241/2026/4/17/19-web-or-mls-ext-6_4CkNPic.jpg?width=1920&height=1279&fit=bounds&ois=6ca0cb4,https://media.cheshomes.com/241/2026/4/17/17-web-or-mls-ext-3_SmbWfgO.jpg?width=1920&height=1279&fit=bounds&ois=6b2a792,https://media.cheshomes.com/241/2026/4/17/22-web-or-mls-ext-9_mGeVrGK.jpg?width=1920&height=1279&fit=bounds&ois=c8e3cd0,https://media.cheshomes.com/241/2026/4/17/23-web-or-mls-ext-12_PK9hPS6.jpg?width=1920&height=1279&fit=bounds&ois=249f079,https://media.cheshomes.com/241/2026/4/17/42-web-or-mls-ext-69_bIkU7PI.jpg?width=1920&height=1279&fit=bounds&ois=5411de8,https://media.cheshomes.com/241/2026/4/17/43-web-or-mls-ext-72_paevf5Y.jpg?width=1920&height=1279&fit=bounds&ois=3ceaa44,https://media.cheshomes.com/241/2026/4/17/44-web-or-mls-ext-75_uUhsvn8.jpg?width=1920&height=1279&fit=bounds&ois=cccb30c,https://media.cheshomes.com/241/2026/4/17/35-web-or-mls-ext-48_EM4Z7rs.jpg?width=1920&height=1279&fit=bounds&ois=0963912,https://media.cheshomes.com/241/2026/4/17/45-web-or-mls-ext-78_LlCaFYi.jpg?width=1920&height=1279&fit=bounds&ois=6993ffd,https://media.cheshomes.com/241/2026/4/17/46-web-or-mls-ext-81_1xIB429.jpg?width=1920&height=1279&fit=bounds&ois=423c67b,https://media.cheshomes.com/241/2026/4/17/15-web-or-mls-ext-2_moTKHbN.jpg?width=1920&height=1279&fit=bounds&ois=7721dd0,https://media.cheshomes.com/241/2026/4/17/13-web-or-mls-dr-11_McdCfpR.jpg?width=1920&height=1440&fit=bounds&ois=635248c"
https://www.cheshomes.com/new-homes/sc/little-river/bridgewater-waterside-village/14119/704-st-vincent-loop/1716628/,Bridgewater - Waterside Village,33.8774443,-78.6628641,704 St. Vincent Loop,Little River,SC,,,Horry County Schools,Move-In Ready,Chesapeake Homes,,,2,,,,,,,https://www.cheshomes.com,"Welcome to the Final Opportunities in Waterside Village

Outdoor Living and Natural

Beauty Spread out across 530 acres of beautifully crafted landscapes with room to explore and relax

Over 100 acres of scenic lakes with peaceful views

Private kayak launch for calm mornings

Paved walking trails woven through the neighborhood

Community and Lifestyle

A 5,000 sq. ft. clubhouse serving as the hub for gatherings, events, and connection

Onsite Lifestyle Coordinator and a resident-led social committee

Community garden offering a shared space to plant and connect

Outdoor fire pits for cozy evenings

Active Living and Recreation

Fully equipped fitness center just steps from home Resort-style pool with plenty of lounge space to relax

Pickleball and Bocce courts for friendly competition

For Your Four-Legged Friends

Dog parks with separate areas for small and large breeds.

At Shorehaven Village, you'll find a lifestyle designed to fit every stage of life.",,,"The Newberry is the perfect balance between outdoor living space and a coastal-inspired interior, encouraging you to slip off your Flip Flops and relax. With 2,570 square feet, this model features four bedrooms, three bathrooms, and a second floor that includes a loft, a fourth bedroom, and a bath. Step in from the Newberry’s covered front porch to find an open kitchen, dining, and great room area. Breeze through sliding glass doors onto a 179 square foot covered porch, ideal for warm summer evenings or afternoon get-togethers. Through the foyer, you’ll find a drop zone and laundry area. Drop-off beach chairs in the convenient storage space just inside the garage, as well. Across from the drop zone. Beyond the open living space, find a stunning master suite complete with a tray ceiling, an enormous walk-in closet, and a double vanity. For more space, add a second floor with floorplan options that include, a fourth bedroom, loft, unfinished storage area, or additional full bathroom. Utilize this space for visiting guests, storage, a recreational room, or even a large media room. Go ahead, kick your feet up, sit back, and relax among the day-to-day comforts and spaciousness of the Newberry!",4,3,,2,2570,656900,,,,,,,,,,,,,,,,2,4,3,,2570,2,656900,,,,,,,,,,,,,"https://media.cheshomes.com/241/2026/3/16/DSC02936.JPG?width=1920&height=1280&fit=bounds&ois=e1de80d,https://media.cheshomes.com/241/2026/3/16/DSC02927.JPG?width=1920&height=1280&fit=bounds&ois=d897d83,https://media.cheshomes.com/241/2026/3/16/DSC02933.JPG?width=1920&height=1280&fit=bounds&ois=77a46b3,https://media.cheshomes.com/241/2026/3/16/DSC02942.JPG?width=1920&height=1280&fit=bounds&ois=2074fb0,https://media.cheshomes.com/241/2026/3/16/DSC02930.JPG?width=1920&height=1280&fit=bounds&ois=fb62c64,https://media.cheshomes.com/241/2026/3/16/DSC02945.JPG?width=1920&height=1280&fit=bounds&ois=a2b4b2f,https://media.cheshomes.com/241/2026/3/16/DSC02948.JPG?width=1920&height=1280&fit=bounds&ois=0b421b0,https://media.cheshomes.com/241/2026/3/16/DSC02951.JPG?width=1920&height=1280&fit=bounds&ois=49e3ba7,https://media.cheshomes.com/241/2026/3/16/DSC02954.JPG?width=1920&height=1280&fit=bounds&ois=81ba873,https://media.cheshomes.com/241/2026/3/16/DSC02939.JPG?width=1920&height=1280&fit=bounds&ois=eb10518,https://media.cheshomes.com/241/2026/3/16/DSC02924.JPG?width=1920&height=1280&fit=bounds&ois=0d11646,https://media.cheshomes.com/241/2026/3/16/DSC02921.JPG?width=1920&height=1280&fit=bounds&ois=e93672c,https://media.cheshomes.com/241/2026/3/16/DSC02906.JPG?width=1920&height=1280&fit=bounds&ois=9b2f5ef,https://media.cheshomes.com/241/2026/3/16/DSC02918.JPG?width=1920&height=1280&fit=bounds&ois=51d1a73,https://media.cheshomes.com/241/2026/3/16/DSC02975.JPG?width=1920&height=1280&fit=bounds&ois=c31f434,https://media.cheshomes.com/241/2026/3/16/DSC02915.JPG?width=1920&height=1280&fit=bounds&ois=8b36682,https://media.cheshomes.com/241/2026/3/16/DSC02909.JPG?width=1920&height=1280&fit=bounds&ois=687146c,https://media.cheshomes.com/241/2026/3/16/DSC02903.JPG?width=1920&height=1280&fit=bounds&ois=ac705cb,https://media.cheshomes.com/241/2026/3/16/DSC02960.JPG?width=1920&height=1280&fit=bounds&ois=fd8f6ef,https://media.cheshomes.com/241/2026/3/16/DSC02966.JPG?width=1920&height=1280&fit=bounds&ois=4dba502,https://media.cheshomes.com/241/2026/3/16/DSC02963.JPG?width=1920&height=1280&fit=bounds&ois=0e4e241,https://media.cheshomes.com/241/2026/3/16/DSC02912.JPG?width=1920&height=1280&fit=bounds&ois=7b953df,https://media.cheshomes.com/241/2026/3/16/DSC02969.JPG?width=1920&height=1280&fit=bounds&ois=3f00156,https://media.cheshomes.com/241/2026/3/16/DSC02972.JPG?width=1920&height=1280&fit=bounds&ois=7831055,https://media.cheshomes.com/241/2026/3/16/DSC02957a.jpg?width=1920&height=1280&fit=bounds&ois=558c17e,https://media.cheshomes.com/241/2026/3/16/zDJI_0205_1.jpg?width=1920&height=1440&fit=bounds&ois=748eed3,https://media.cheshomes.com/241/2026/3/16/1_2.jpg?width=1920&height=1280&fit=bounds&ois=6b53835"
https://www.cheshomes.com/new-homes/nc/calabash/coastal-club-of-the-carolinas/14279/883-mountain-mint-cir-nw/1669448/,Coastal Club of the Carolinas,33.92035612862012,-78.61920409924242,883 Mountain Mint Cir NW,Calabash,NC,,,,,Chesapeake Homes,,,2,,,,,,,https://www.cheshomes.com,"Welcome to

Coastal Club of the Carolinas

Where laid-back living meets everyday adventure at

Coastal Club of the Carolinas in Calabash, NC

. Just minutes from the soft sands of

Cherry Grove Beach

and

Sunset Beach

, this vibrant coastal community was designed for those who want more out of life — more sunshine, more connection, more fun. Enjoy the

resort-style pool

, playing a friendly match of

pickleball

, or gathering with neighbors around the

firepits

, you’ll feel right at home. Kids and pups can run free at the

playgrounds

dog park

, while

green spaces,

a

community garden

, and a

central park area

set the scene for picnics, evening strolls, or even outdoor concerts under the stars.

Beyond your doorstep, you’ll find endless options for shopping, dining, and entertainment — all just a quick drive away. And with Chesapeake Homes offering a variety of stylish, functional floorplans built to fit your lifestyle, it’s easy to settle into a home that feels just right.

At Coastal Club, it’s not just a place to live —

it’s a coastal lifestyle you’ll love.",,,*PHOTOS OF SIMILAR HOME*,4,3,,2,2417,,,,,,,,,,,,,,,,,2,4,3,,2417,2,,,,,,,,,,,,,,https://media.cheshomes.com/241/2024/12/20/lot_80.jpg?width=1800&height=1200&fit=bounds&ois=a425337
https://www.cheshomes.com/new-homes/sc/longs/heritage-park-at-longs/6201/905-sweetfern-drive/1729423/,Heritage Park at Longs,33.9726633,-78.7597717,905 Sweetfern Drive,Longs,SC,,,,Quick Move-In,Chesapeake Homes,,,2,,,,,,,https://www.cheshomes.com,"Live Where Every Day Feels Like a Getaway – Welcome to Heritage Park

Discover Heritage Park—where the comfort of your dream home meets the relaxation of a

vacation lifestyle

, all nestled in the heart of

Longs, SC

. Perfectly positioned just

off Hwy 9

, our community puts you within 15 minutes of the sandy shores of

Cherry Grove Beach

, the charm of Loris, and the excitement of

North Myrtle Beach’s Main Street

. Plus, Myrtle Beach’s world-class dining, shopping, sports, and entertainment are only a short 30-minute drive away.

At Heritage Park, you’ll find thoughtfully designed homes with a variety of

flexible floor plans

tailored to fit every lifestyle—whether you're looking for a first-floor owner’s suite, a spacious loft,

three-car garage

or inviting outdoor living spaces that make the most of South Carolina’s sunshine. Whether you're settling in or just starting your next chapter, Heritage Park isn’t just a place to live—it’s a lifestyle.

Schedule your tour today and see why so many are choosing to call Heritage Park home.",,,"The Shorebreak is the perfect balance between outdoor living space and a coastal-inspired interior, encouraging you to slip off your sandals and relax. Step in from the Shorebreak’s covered front porch to find an open kitchen, dining, and great room area. Breeze through sliding glass doors onto a large covered porch, ideal for warm summer evenings or afternoon get-togethers. Hang around a spacious gourmet kitchen islands for an abundance of counter space and extra seating.Beyond the open living space, find a stunning owner's suite complete with a tray ceiling, enormous walk-in closet, double vanity, and a seated shower. Go ahead, kick your feet up, sit back, and relax among the day-to-day comforts and spaciousness of the Shorebreak!",3,2,,1,1938,369900,,,,,,,,,,,,,,,,2,3,2,,1938,1,369900,,,,,,,,,,,,,"https://media.cheshomes.com/241/2020/2/13/The_shorebreak-11.jpg?width=1920&height=1080&fit=bounds&ois=f8515bf,https://media.cheshomes.com/241/2026/2/3/exterior_image_56.jpg?width=1800&height=1200&fit=bounds&ois=3fe7b2a,https://media.cheshomes.com/241/2025/12/29/025.jpg?width=1920&height=1152&fit=bounds&ois=aef96a8,https://media.cheshomes.com/241/2025/12/29/027.jpg?width=1920&height=1152&fit=bounds&ois=ee9effd,https://media.cheshomes.com/241/2025/12/29/028.jpg?width=1920&height=1152&fit=bounds&ois=c6652f7,https://media.cheshomes.com/241/2025/12/29/034.jpg?width=1920&height=1152&fit=bounds&ois=6367a64,https://media.cheshomes.com/241/2025/12/29/026.jpg?width=1920&height=1152&fit=bounds&ois=1190e2b,https://media.cheshomes.com/241/2025/12/29/038.jpg?width=1920&height=1152&fit=bounds&ois=0dc0798,https://media.cheshomes.com/241/2025/12/29/039.jpg?width=1920&height=1152&fit=bounds&ois=a7b0142,https://media.cheshomes.com/241/2025/12/29/032.jpg?width=1920&height=1152&fit=bounds&ois=87533a2,https://media.cheshomes.com/241/2025/12/29/031.jpg?width=1920&height=1152&fit=bounds&ois=f6ec49c,https://media.cheshomes.com/241/2025/12/29/033.jpg?width=1920&height=1152&fit=bounds&ois=2947947,https://media.cheshomes.com/241/2025/12/29/037.jpg?width=1920&height=1152&fit=bounds&ois=8c75280,https://media.cheshomes.com/241/2025/12/29/036.jpg?width=1920&height=1152&fit=bounds&ois=768ad87,https://media.cheshomes.com/241/2025/12/29/035.jpg?width=1920&height=1152&fit=bounds&ois=cbfdb85,https://media.cheshomes.com/241/2025/12/29/021.jpg?width=1920&height=1152&fit=bounds&ois=19122dd,https://media.cheshomes.com/241/2025/12/29/022.jpg?width=1920&height=1152&fit=bounds&ois=a489419,https://media.cheshomes.com/241/2025/12/29/019.jpg?width=1920&height=1152&fit=bounds&ois=542d202,https://media.cheshomes.com/241/2025/12/29/041.jpg?width=1920&height=1152&fit=bounds&ois=95b5e6d,https://media.cheshomes.com/241/2025/12/29/040.jpg?width=1920&height=1152&fit=bounds&ois=f079aef,https://media.cheshomes.com/241/2025/12/29/042.jpg?width=1920&height=1152&fit=bounds&ois=241610c,https://media.cheshomes.com/241/2025/12/29/043.jpg?width=1920&height=1152&fit=bounds&ois=70939fa,https://media.cheshomes.com/241/2025/12/29/044.jpg?width=1920&height=1152&fit=bounds&ois=4c8525e,https://media.cheshomes.com/241/2025/12/29/045.jpg?width=1920&height=1152&fit=bounds&ois=dc36e90"
https://www.cheshomes.com/new-homes/nc/calabash/coastal-club-of-the-carolinas/14279/916-anemone-ct-nw/1749985/,Coastal Club of the Carolinas,,,916 Anemone Ct NW,Calabash,NC,,,,Move-In Ready,Chesapeake Homes,,,2,,,,,,,https://www.cheshomes.com,"Welcome to

Coastal Club of the Carolinas

Where laid-back living meets everyday adventure at

Coastal Club of the Carolinas in Calabash, NC

. Just minutes from the soft sands of

Cherry Grove Beach

and

Sunset Beach

, this vibrant coastal community was designed for those who want more out of life — more sunshine, more connection, more fun. Enjoy the

resort-style pool

, playing a friendly match of

pickleball

, or gathering with neighbors around the

firepits

, you’ll feel right at home. Kids and pups can run free at the

playgrounds

dog park

, while

green spaces,

a

community garden

, and a

central park area

set the scene for picnics, evening strolls, or even outdoor concerts under the stars.

Beyond your doorstep, you’ll find endless options for shopping, dining, and entertainment — all just a quick drive away. And with Chesapeake Homes offering a variety of stylish, functional floorplans built to fit your lifestyle, it’s easy to settle into a home that feels just right.

At Coastal Club, it’s not just a place to live —

it’s a coastal lifestyle you’ll love.",,,"Starting at almost 1,700 square feet, the Cherry Grove is a spacious retreat complete with coastal-inspired architectural accents, outdoor living areas, and an enormous great room. Enter Cherry Grove from a covered front porch or two-car garage and easily unload in a large drop zone area with a bench for seating. Stroll through the laundry room into the great room and connecting dining area, which makes for an enormous space. From the dining area, transition to either a picturesque covered porch. Here, you’ll enjoy peaceful evenings or a morning sunrise right from your back door! The owner's suite, among two additional first-floor bedrooms, features his and her walk-in closet, tray ceiling, double vanity, and deluxe seated shower. Call this your home, today!",3,2,,,1672,389900,,,,,,,,,,,,,,,,2,3,2,,1672,,389900,,,,,,,,,,,,,"https://media.cheshomes.com/241/2026/4/27/DSC05568.jpg?width=1920&height=1280&fit=bounds&ois=fcc554f,https://media.cheshomes.com/241/2026/4/27/DSC05571.jpg?width=1920&height=1280&fit=bounds&ois=1ea4fce,https://media.cheshomes.com/241/2026/4/27/DSC05580.jpg?width=1920&height=1280&fit=bounds&ois=13deec6,https://media.cheshomes.com/241/2026/4/27/DSC05583.jpg?width=1920&height=1280&fit=bounds&ois=3a14c22,https://media.cheshomes.com/241/2026/4/27/DSC05586.jpg?width=1920&height=1280&fit=bounds&ois=d89fdab,https://media.cheshomes.com/241/2026/4/27/DSC05589.jpg?width=1920&height=1280&fit=bounds&ois=3c86ea2,https://media.cheshomes.com/241/2026/4/27/DSC05562.jpg?width=1920&height=1280&fit=bounds&ois=39297f0,https://media.cheshomes.com/241/2026/4/27/DSC05559.jpg?width=1920&height=1280&fit=bounds&ois=a9c9cac,https://media.cheshomes.com/241/2026/4/27/DSC05541.jpg?width=1920&height=1280&fit=bounds&ois=4d53b60,https://media.cheshomes.com/241/2026/4/27/DSC05553.jpg?width=1920&height=1280&fit=bounds&ois=f9871e8,https://media.cheshomes.com/241/2026/4/27/DSC05556.jpg?width=1920&height=1280&fit=bounds&ois=11c06a7,https://media.cheshomes.com/241/2026/4/27/DSC05550.jpg?width=1920&height=1280&fit=bounds&ois=8a61ae1,https://media.cheshomes.com/241/2026/4/27/DSC05544.jpg?width=1920&height=1280&fit=bounds&ois=ad9a98a,https://media.cheshomes.com/241/2026/4/27/DSC05547.jpg?width=1920&height=1280&fit=bounds&ois=5fd6181,https://media.cheshomes.com/241/2026/4/27/DSC05538.jpg?width=1920&height=1188&fit=bounds&ois=64b7ec0,https://media.cheshomes.com/241/2026/4/27/zAerial_2.JPG?width=1920&height=1440&fit=bounds&ois=13816ba,https://media.cheshomes.com/241/2026/4/27/DSC05535.jpg?width=1920&height=1210&fit=bounds&ois=3a48810,https://media.cheshomes.com/241/2026/4/27/zAerial_3.JPG?width=1920&height=1440&fit=bounds&ois=96da647,https://media.cheshomes.com/241/2026/4/27/DSC05592.jpg?width=1920&height=1245&fit=bounds&ois=c3e8e07"
https://www.cheshomes.com/new-homes/nc/calabash/coastal-club-of-the-carolinas/14279/946-parelli-way-nw/1732919/,Coastal Club of the Carolinas,,,946 Parelli Way NW,Calabash,NC,,,,,Chesapeake Homes,,,2,,,,,,,https://www.cheshomes.com,"Welcome to

Coastal Club of the Carolinas

Where laid-back living meets everyday adventure at

Coastal Club of the Carolinas in Calabash, NC

. Just minutes from the soft sands of

Cherry Grove Beach

and

Sunset Beach

, this vibrant coastal community was designed for those who want more out of life — more sunshine, more connection, more fun. Enjoy the

resort-style pool

, playing a friendly match of

pickleball

, or gathering with neighbors around the

firepits

, you’ll feel right at home. Kids and pups can run free at the

playgrounds

dog park

, while

green spaces,

a

community garden

, and a

central park area

set the scene for picnics, evening strolls, or even outdoor concerts under the stars.

Beyond your doorstep, you’ll find endless options for shopping, dining, and entertainment — all just a quick drive away. And with Chesapeake Homes offering a variety of stylish, functional floorplans built to fit your lifestyle, it’s easy to settle into a home that feels just right.

At Coastal Club, it’s not just a place to live —

it’s a coastal lifestyle you’ll love.",,,"From the Cottages at Coastal Club comes the Sand Dollar, a model that is home to both luxury and everyday conveniences. From a picture-perfect covered front porch, walk through the foyer and past two bedrooms with large closets. Easily free your hands or unload your car using the drop zone area and adjacent laundry room, located just inside from the two-car garage. Beyond the foyer, find an open and connected great room, kitchen, dining, and breakfast area. Perfect for entertaining guests or hosting family gatherings, in a gourmet kitchen, practical desk, and fireplace as well as a coffered ceiling in the dining room and tray ceiling in the great room. Enjoy morning sunrises or evening sunsets from a covered porch situated just off the great room.*PHOTOS OF SIMILAR HOME*",3,2,,1,2390,,,,,,,,,,,,,,,,,2,3,2,,2390,1,,,,,,,,,,,,,,"https://media.cheshomes.com/241/2025/4/24/093.jpg?width=1920&height=1279&fit=bounds&ois=a0e8636,https://media.cheshomes.com/241/2025/4/24/095.jpg?width=1920&height=1279&fit=bounds&ois=b3114ce,https://media.cheshomes.com/241/2025/4/24/096.jpg?width=1920&height=1279&fit=bounds&ois=b365907,https://media.cheshomes.com/241/2025/4/24/104.jpg?width=1920&height=1279&fit=bounds&ois=66a29b6,https://media.cheshomes.com/241/2025/4/24/105.jpg?width=1920&height=1279&fit=bounds&ois=a3d2719,https://media.cheshomes.com/241/2025/4/24/110.jpg?width=1920&height=1279&fit=bounds&ois=1a5de43,https://media.cheshomes.com/241/2025/4/24/111.jpg?width=1920&height=1279&fit=bounds&ois=4d3ef50,https://media.cheshomes.com/241/2025/4/24/112.jpg?width=1920&height=1279&fit=bounds&ois=69a20c3,https://media.cheshomes.com/241/2025/4/24/116.jpg?width=1920&height=1279&fit=bounds&ois=188b853,https://media.cheshomes.com/241/2025/4/24/114.jpg?width=1920&height=1279&fit=bounds&ois=f5e1ece,https://media.cheshomes.com/241/2025/4/24/115.jpg?width=1920&height=1279&fit=bounds&ois=b563000,https://media.cheshomes.com/241/2025/4/24/080.jpg?width=1920&height=1279&fit=bounds&ois=8f191d7,https://media.cheshomes.com/241/2025/4/24/082.jpg?width=1920&height=1279&fit=bounds&ois=6f1b66b,https://media.cheshomes.com/241/2025/4/24/086.jpg?width=1920&height=1279&fit=bounds&ois=7f61536,https://media.cheshomes.com/241/2025/4/24/108.jpg?width=1920&height=1279&fit=bounds&ois=440c7cc,https://media.cheshomes.com/241/2025/4/24/097.jpg?width=1920&height=1279&fit=bounds&ois=8d0e987,https://media.cheshomes.com/241/2025/4/24/098.jpg?width=1920&height=1279&fit=bounds&ois=c6beb77,https://media.cheshomes.com/241/2025/4/24/100.jpg?width=1920&height=1279&fit=bounds&ois=81dc45e,https://media.cheshomes.com/241/2025/4/24/101.jpg?width=1920&height=1279&fit=bounds&ois=d59124f,https://media.cheshomes.com/241/2025/4/24/102.jpg?width=1920&height=1279&fit=bounds&ois=b136422,https://media.cheshomes.com/241/2025/4/24/089.jpg?width=1920&height=1279&fit=bounds&ois=4336fc0,https://media.cheshomes.com/241/2025/4/24/078.jpg?width=1920&height=1279&fit=bounds&ois=e5ec7b9,https://media.cheshomes.com/241/2025/4/24/073.jpg?width=1920&height=1279&fit=bounds&ois=fe98f37,https://media.cheshomes.com/241/2025/4/24/074.jpg?width=1920&height=1279&fit=bounds&ois=c5dc9ab,https://media.cheshomes.com/241/2025/4/24/122.jpg?width=1920&height=1279&fit=bounds&ois=6a719de,https://media.cheshomes.com/241/2025/4/24/119.jpg?width=1920&height=1279&fit=bounds&ois=738d3f5,https://media.cheshomes.com/241/2025/4/24/121.jpg?width=1920&height=1279&fit=bounds&ois=581fcb2,https://media.cheshomes.com/241/2025/4/24/118.jpg?width=1920&height=1279&fit=bounds&ois=42c67e1"
https://www.cheshomes.com/new-homes/nc/bolivia/goose-marsh/11957/607-ashvale-lane-se/1656158/,Goose Marsh,34.0173290,-78.1792599,607 Ashvale Lane SE,Bolivia,NC,,,,Move-In Ready,Chesapeake Homes,,,2,,,,,,,https://www.cheshomes.com,"Welcome to Goose Marsh

Welcome to

Goose Marsh

, a new Chesapeake Homes community in

Brunswick County, North Carolina

, where coastal charm meets peaceful living. This thoughtfully designed neighborhood offers a beautiful selection of

new single-family homes

with spacious layouts, modern features, and the quality craftsmanship Chesapeake Homes is known for. Whether you’re a first-time homebuyer, growing family, or empty nester looking for a fresh start, Goose Marsh provides a perfect balance of comfort, convenience, and coastal lifestyle.

New Homes in Brunswick County, NC

Located in one of the most desirable areas of

Coastal North Carolina

, Goose Marsh places you close to everything you love about the coast. Enjoy a quiet, serene setting just a short drive from

Holden Beach, Ocean Isle Beach, and Shallotte

, where you can spend your days soaking up the sun, exploring local shops, or savoring fresh seafood along the waterfront. The community’s location also offers easy access to

Novant Health Brunswick Medical Center

, making everyday living both relaxed and worry-free.

Brunswick County continues to attract homebuyers for its affordable cost of living and unbeatable natural beauty. Here you can experience a true sense of community.

Outdoor enthusiasts will find plenty to explore near Goose Marsh. Spend a weekend kayaking through the waterways at

Brunswick Nature Park

, walking the scenic trails at

Oak Island

, or taking a ferry to

Bald Head Island

to visit the historic

Old Baldy Lighthouse.

Golf lovers can tee off at one of over 30 golf courses throughout Brunswick County, each offering lush fairways and breathtaking coastal views.

When you’re ready for a night out, take a short drive to

Southport

, a charming coastal town filled with boutique shops, art galleries, and restaurants overlooking the water. From sunset cruises to pier fishing, there’s always something new to discover in this picturesque part of North Carolina. And for an unforgettable dining experience, head to nearby

Calabash

, known as the “Seafood Capital of the World,” where you can enjoy authentic, freshly caught Calabash-style seafood right where it originated.

Discover the Chesapeake Homes Difference

At Goose Marsh, you’ll experience what it truly means to live the

coastal Carolina lifestyle

—where peaceful surroundings, friendly neighbors, and convenient access to beaches and nature come together. Discover the beauty of

new construction homes in Brunswick County

and find out why so many buyers are choosing to call Goose Marsh home.",,,"Welcome to Cherry Grove – Where Every Day Feels Like a Getaway! Step into nearly 1,700 square feet of coastal comfort with Cherry Grove. This thoughtfully designed home offers three bedrooms, two bathrooms, and charming details that bring beachside vibes to everyday living. Unwind in the spacious great room or step outside to your covered porch—perfect for enjoying quiet mornings and glowing sunsets. Inside, a drop zone and laundry area off the garage make life easy, while the open layout keeps things flowing. The owner’s suite is your private retreat, featuring a tray ceiling, walk-in closet, dual vanity, and a deluxe seated shower. The Cherry Grove is more than a home—it’s your everyday escape.",3,2,,1,1672,345900,,,,,,,,,,,,,,,,2,3,2,,1672,1,345900,,,,,,,,,,,,,"https://media.cheshomes.com/241/2024/11/27/11-web-or-mls-BTS06950.jpg?width=1920&height=1279&fit=bounds&ois=750791f,https://media.cheshomes.com/241/2024/11/27/14-web-or-mls-BTS06959.jpg?width=1920&height=1279&fit=bounds&ois=65a47b5,https://media.cheshomes.com/241/2024/11/27/16-web-or-mls-BTS06965.jpg?width=1920&height=1279&fit=bounds&ois=c62d442,https://media.cheshomes.com/241/2024/11/27/18-web-or-mls-BTS06971.jpg?width=1920&height=1279&fit=bounds&ois=7b62132,https://media.cheshomes.com/241/2024/11/27/19-web-or-mls-BTS06974.jpg?width=1920&height=1279&fit=bounds&ois=88508a5,https://media.cheshomes.com/241/2024/11/27/17-web-or-mls-BTS06968.jpg?width=1920&height=1279&fit=bounds&ois=bf413d9,https://media.cheshomes.com/241/2024/11/27/15-web-or-mls-BTS06962.jpg?width=1920&height=1279&fit=bounds&ois=759b10d,https://media.cheshomes.com/241/2024/11/27/20-web-or-mls-BTS06977.jpg?width=1920&height=1279&fit=bounds&ois=563d0d8,https://media.cheshomes.com/241/2024/11/27/21-web-or-mls-BTS06980.jpg?width=1920&height=1279&fit=bounds&ois=7037520,https://media.cheshomes.com/241/2024/11/27/25-web-or-mls-BTS06992.jpg?width=1920&height=1279&fit=bounds&ois=3316d4b,https://media.cheshomes.com/241/2024/11/27/22-web-or-mls-BTS06983.jpg?width=1920&height=1279&fit=bounds&ois=213cf2b,https://media.cheshomes.com/241/2024/11/27/23-web-or-mls-BTS06986.jpg?width=1920&height=1279&fit=bounds&ois=2f495d7,https://media.cheshomes.com/241/2024/11/27/24-web-or-mls-BTS06989.jpg?width=1920&height=1279&fit=bounds&ois=35823da,https://media.cheshomes.com/241/2024/11/27/9-web-or-mls-BTS06944.jpg?width=1920&height=1279&fit=bounds&ois=e0e6187,https://media.cheshomes.com/241/2026/1/23/Goose_Marsh_-_216_Study.jpg?width=1264&height=848&fit=bounds&ois=e1d1be0,https://media.cheshomes.com/241/2024/11/27/10-web-or-mls-BTS06947.jpg?width=1920&height=1279&fit=bounds&ois=70d421b,https://media.cheshomes.com/241/2024/11/27/4-web-or-mls-BTS06929.jpg?width=1920&height=1279&fit=bounds&ois=097e16b,https://media.cheshomes.com/241/2024/11/27/6-web-or-mls-BTS06935.jpg?width=1920&height=1279&fit=bounds&ois=a156d17,https://media.cheshomes.com/241/2024/11/27/7-web-or-mls-BTS06938.jpg?width=1920&height=1279&fit=bounds&ois=54902a2,https://media.cheshomes.com/241/2024/11/27/8-web-or-mls-BTS06941.jpg?width=1920&height=1279&fit=bounds&ois=bc4e4fc,https://media.cheshomes.com/241/2024/11/27/5-web-or-mls-BTS06932.jpg?width=1920&height=1279&fit=bounds&ois=ef61988,https://media.cheshomes.com/241/2024/11/27/29-web-or-mls-BTS06996.jpg?width=1920&height=1279&fit=bounds&ois=c3a840e,https://media.cheshomes.com/241/2024/11/27/30-web-or-mls-BTS06997.jpg?width=1920&height=1279&fit=bounds&ois=163667e,https://media.cheshomes.com/241/2026/1/23/Goose_Marsh_-_216_Outdoor_Patio.jpg?width=1264&height=848&fit=bounds&ois=71bdfca,https://media.cheshomes.com/241/2024/11/27/32-web-or-mls-BTS06999.jpg?width=1920&height=1279&fit=bounds&ois=65522a3,https://media.cheshomes.com/241/2024/11/27/39-web-or-mls-DJI_20241121135943_0461_D.jpg?width=1920&height=1440&fit=bounds&ois=97eb22d"
https://www.cheshomes.com/new-homes/nc/bolivia/goose-marsh/11957/692-edgeside-drive-se/1680022/,Goose Marsh,34.018457238376115,-78.17175463396724,692 Edgeside Drive SE,Bolivia,NC,,,,Move-In Ready,Chesapeake Homes,,,2,,,,,,,https://www.cheshomes.com,"Welcome to Goose Marsh

Welcome to

Goose Marsh

, a new Chesapeake Homes community in

Brunswick County, North Carolina

, where coastal charm meets peaceful living. This thoughtfully designed neighborhood offers a beautiful selection of

new single-family homes

with spacious layouts, modern features, and the quality craftsmanship Chesapeake Homes is known for. Whether you’re a first-time homebuyer, growing family, or empty nester looking for a fresh start, Goose Marsh provides a perfect balance of comfort, convenience, and coastal lifestyle.

New Homes in Brunswick County, NC

Located in one of the most desirable areas of

Coastal North Carolina

, Goose Marsh places you close to everything you love about the coast. Enjoy a quiet, serene setting just a short drive from

Holden Beach, Ocean Isle Beach, and Shallotte

, where you can spend your days soaking up the sun, exploring local shops, or savoring fresh seafood along the waterfront. The community’s location also offers easy access to

Novant Health Brunswick Medical Center

, making everyday living both relaxed and worry-free.

Brunswick County continues to attract homebuyers for its affordable cost of living and unbeatable natural beauty. Here you can experience a true sense of community.

Outdoor enthusiasts will find plenty to explore near Goose Marsh. Spend a weekend kayaking through the waterways at

Brunswick Nature Park

, walking the scenic trails at

Oak Island

, or taking a ferry to

Bald Head Island

to visit the historic

Old Baldy Lighthouse.

Golf lovers can tee off at one of over 30 golf courses throughout Brunswick County, each offering lush fairways and breathtaking coastal views.

When you’re ready for a night out, take a short drive to

Southport

, a charming coastal town filled with boutique shops, art galleries, and restaurants overlooking the water. From sunset cruises to pier fishing, there’s always something new to discover in this picturesque part of North Carolina. And for an unforgettable dining experience, head to nearby

Calabash

, known as the “Seafood Capital of the World,” where you can enjoy authentic, freshly caught Calabash-style seafood right where it originated.

Discover the Chesapeake Homes Difference

At Goose Marsh, you’ll experience what it truly means to live the

coastal Carolina lifestyle

—where peaceful surroundings, friendly neighbors, and convenient access to beaches and nature come together. Discover the beauty of

new construction homes in Brunswick County

and find out why so many buyers are choosing to call Goose Marsh home.",,,"Enjoy life on the beach, without ever leaving home! The Shorebreak is a beautiful 1,938 sq ft haven that provides endless hours of relaxation and comfort. With three bedrooms and two full baths. You'll fall in love with its coastal charm every time you slip off those sandals.The Shorebreak invites you to step into a space full of possibility! From the cheerful kitchen and dining room areas, sliding doors welcome you out onto an expansive porch - perfect for hosting gatherings. Step on in to a vibrant drop zone with everything you need after an adventurous day at the beach! Be amazed by the high-end owner's suite, featuring a tray ceiling, a generous walk-in closet, and an escape to your luxurious owner's bathroom for moments of deep relaxation.Escape the hustle and bustle of everyday life with a stay at Shorebreak! Unwind in its spacious interiors that make resting easy. Get ready for an enjoyable, stress-free experience like never before!",3,2,,1,1938,369900,,,,,,,,,,,,,,,,2,3,2,,1938,1,369900,,,,,,,,,,,,,"https://media.cheshomes.com/241/2026/2/26/collov-ai_20260224112234_c7na9b_1.jpg?width=1264&height=848&fit=bounds&ois=5176f38,https://media.cheshomes.com/241/2026/2/26/collov-ai_20260205143917_gcag7k.jpg?width=1920&height=1288&fit=bounds&b=e25a26d&ois=2a192db,https://media.cheshomes.com/241/2026/2/3/18-web-or-mls-BTS00566.jpg?width=1920&height=1279&fit=bounds&ois=8b3257f,https://media.cheshomes.com/241/2026/2/3/25-web-or-mls-BTS00590.jpg?width=1920&height=1279&fit=bounds&ois=a16a5bb,https://media.cheshomes.com/241/2026/2/3/27-web-or-mls-BTS00599.jpg?width=1920&height=1279&fit=bounds&ois=21892b7,https://media.cheshomes.com/241/2026/2/3/20-web-or-mls-BTS00572.jpg?width=1920&height=1279&fit=bounds&ois=7a9ad9b,https://media.cheshomes.com/241/2026/2/3/22-web-or-mls-BTS00578.jpg?width=1920&height=1279&fit=bounds&ois=40b9f92,https://media.cheshomes.com/241/2026/2/3/21-web-or-mls-BTS00575.jpg?width=1920&height=1279&fit=bounds&ois=c614371,https://media.cheshomes.com/241/2026/2/3/24-web-or-mls-BTS00584.jpg?width=1920&height=1279&fit=bounds&ois=97c393d,https://media.cheshomes.com/241/2026/2/3/14-web-or-mls-BTS00554.jpg?width=1920&height=1279&fit=bounds&ois=ee72f6f,https://media.cheshomes.com/241/2026/2/3/16-web-or-mls-BTS00560.jpg?width=1920&height=1279&fit=bounds&ois=fddb173,https://media.cheshomes.com/241/2026/2/3/17-web-or-mls-BTS00563.jpg?width=1920&height=1279&fit=bounds&ois=f5d824c,https://media.cheshomes.com/241/2026/2/3/15-web-or-mls-BTS00557.jpg?width=1920&height=1279&fit=bounds&ois=cc67e9c,https://media.cheshomes.com/241/2026/2/3/26-web-or-mls-BTS00596.jpg?width=1920&height=1279&fit=bounds&ois=b81146b,https://media.cheshomes.com/241/2026/2/3/28-web-or-mls-BTS00602.jpg?width=1920&height=1279&fit=bounds&ois=16ae8bd,https://media.cheshomes.com/241/2026/2/3/29-web-or-mls-BTS00604.jpg?width=1920&height=1279&fit=bounds&ois=bcb77c1,https://media.cheshomes.com/241/2026/2/3/30-web-or-mls-BTS00608.jpg?width=1920&height=1279&fit=bounds&ois=f27f186,https://media.cheshomes.com/241/2026/2/3/32-web-or-mls-BTS00617.jpg?width=1920&height=1279&fit=bounds&ois=0882384,https://media.cheshomes.com/241/2026/2/3/33-web-or-mls-BTS00620.jpg?width=1920&height=1279&fit=bounds&ois=514e08f,https://media.cheshomes.com/241/2026/2/3/31-web-or-mls-BTS00610.jpg?width=1920&height=1279&fit=bounds&ois=f58dd67,https://media.cheshomes.com/241/2026/2/3/11-web-or-mls-BTS00542.jpg?width=1920&height=1279&fit=bounds&ois=a1108a5,https://media.cheshomes.com/241/2026/2/3/4-web-or-mls-BTS00515.jpg?width=1920&height=1279&fit=bounds&ois=c689ea9,https://media.cheshomes.com/241/2026/2/3/5-web-or-mls-BTS00518.jpg?width=1920&height=1279&fit=bounds&ois=97314e9,https://media.cheshomes.com/241/2026/2/3/6-web-or-mls-BTS00521.jpg?width=1920&height=1279&fit=bounds&ois=2dbd820,https://media.cheshomes.com/241/2026/2/3/7-web-or-mls-BTS00524.jpg?width=1920&height=1279&fit=bounds&ois=ffd069d,https://media.cheshomes.com/241/2026/2/3/9-web-or-mls-BTS00530.jpg?width=1920&height=1279&fit=bounds&ois=134c582,https://media.cheshomes.com/241/2026/2/3/8-web-or-mls-BTS00527.jpg?width=1920&height=1279&fit=bounds&ois=4c9de8b,https://media.cheshomes.com/241/2026/2/3/48-web-or-mls-DJI_20260129134455_0899_D.jpg?width=1920&height=1440&fit=bounds&ois=3ae3b88,https://media.cheshomes.com/241/2026/2/3/35-web-or-mls-BTS00631.jpg?width=1920&height=1279&fit=bounds&ois=7fd8d16,https://media.cheshomes.com/241/2026/2/3/37-web-or-mls-BTS00636.jpg?width=1920&height=1279&fit=bounds&ois=66a663b,https://media.cheshomes.com/241/2026/2/3/43-web-or-mls-BTS00646.jpg?width=1920&height=1279&fit=bounds&ois=1b46ce3,https://media.cheshomes.com/241/2026/2/3/42-web-or-mls-BTS00645.jpg?width=1920&height=1279&fit=bounds&ois=6dcfe59,https://media.cheshomes.com/241/2026/2/3/41-web-or-mls-BTS00643.jpg?width=1920&height=1279&fit=bounds&ois=0ca7dff,https://media.cheshomes.com/241/2026/2/3/40-web-or-mls-BTS00641.jpg?width=1920&height=1279&fit=bounds&ois=8dc2ba7,https://media.cheshomes.com/241/2026/2/3/39-web-or-mls-BTS00640.jpg?width=1920&height=1279&fit=bounds&ois=7c20bc5,https://media.cheshomes.com/241/2026/2/3/38-web-or-mls-BTS00639.jpg?width=1920&height=1279&fit=bounds&ois=cc06e2b,https://media.cheshomes.com/241/2026/2/3/51-web-or-mls-DJI_20260129134512_0902_D.jpg?width=1920&height=1440&fit=bounds&ois=5a8750d"
https://www.cheshomes.com/new-homes/nc/calabash/coastal-club-of-the-carolinas/14279/950-parrelli-way-nw/1732913/,Coastal Club of the Carolinas,,,950 Parrelli Way NW,Calabash,NC,,,,,Chesapeake Homes,,,3,,,,,,,https://www.cheshomes.com,"Welcome to

Coastal Club of the Carolinas

Where laid-back living meets everyday adventure at

Coastal Club of the Carolinas in Calabash, NC

. Just minutes from the soft sands of

Cherry Grove Beach

and

Sunset Beach

, this vibrant coastal community was designed for those who want more out of life — more sunshine, more connection, more fun. Enjoy the

resort-style pool

, playing a friendly match of

pickleball

, or gathering with neighbors around the

firepits

, you’ll feel right at home. Kids and pups can run free at the

playgrounds

dog park

, while

green spaces,

a

community garden

, and a

central park area

set the scene for picnics, evening strolls, or even outdoor concerts under the stars.

Beyond your doorstep, you’ll find endless options for shopping, dining, and entertainment — all just a quick drive away. And with Chesapeake Homes offering a variety of stylish, functional floorplans built to fit your lifestyle, it’s easy to settle into a home that feels just right.

At Coastal Club, it’s not just a place to live —

it’s a coastal lifestyle you’ll love.",,,"Introducing the Wave Crest - the ultimate floor plan for those craving space and style! Picture this: a three-car garage, a charming covered front porch, and a morning routine that starts with sipping coffee and preparing for an incredible day ahead. As you step into the home, you're greeted by a grand foyer and a study on the left. The heart of the home reveals a spacious dining room, perfectly situated next to the conveniently designed kitchen. And speaking of kitchens, this one boasts ample counter space and storage, complete with a walk-in pantry. Enjoy easy entertaining and relaxing nights at home with the open floor plan of this stunning residence. The spacious great room and breakfast nook, just beyond the kitchen, provides the perfect setting. Take in breathtaking sunsets from the comfort of your covered rear porch as you grill out or simply unwind with the gentle ocean breeze. The front of the home features two Bedrooms with walk-in closets and a full bathroom. The convenient drop zone offers ample storage space for your beach gear and is conveniently located next to the pass-through laundry room. Saving the best for last, the Owner's suite bedroom is a luxurious retreat boasting a tray ceiling and an enormous walk-in closet. Relax in the spa-like Owner's bathroom featuring a private water closet and double sink vanity. Get ready to fall in love with your new dream home!*PHOTOS OF SIMILAR HOME*",3,2,1,1,2046,,,,,,,,,,,,,,,,,3,3,2,1,2046,1,,,,,,,,,,,,,,"https://media.cheshomes.com/241/2024/5/28/Wave_Crest_-Exterior_Front-with_garage.jpg?width=1920&height=1098&fit=bounds&b=89edaed&ois=5504036,https://media.cheshomes.com/241/2024/5/15/DSC03214_SqOZb1Y.jpg?width=1920&height=1280&fit=bounds&ois=a764dd6,https://media.cheshomes.com/241/2024/5/23/DSC03194.jpg?width=1920&height=1280&fit=bounds&ois=056f642,https://media.cheshomes.com/241/2024/5/23/DSC03189.jpg?width=1920&height=1281&fit=bounds&ois=ec4be1d,https://media.cheshomes.com/241/2024/5/15/DSC03224_c02shZm.jpg?width=1920&height=1280&fit=bounds&ois=244fea6,https://media.cheshomes.com/241/2024/5/15/DSC03219_9lXmCwr.jpg?width=1920&height=1280&fit=bounds&ois=c0f8cc0,https://media.cheshomes.com/241/2024/5/23/DSC03184.jpg?width=1920&height=1281&fit=bounds&ois=c850867,https://media.cheshomes.com/241/2024/5/23/DSC03199.jpg?width=1920&height=1280&fit=bounds&ois=a7440ea,https://media.cheshomes.com/241/2024/5/15/DSC03184_ZWcLk00.jpg?width=1920&height=1281&fit=bounds&ois=bd25096,https://media.cheshomes.com/241/2024/5/23/DSC03209.jpg?width=1920&height=1280&fit=bounds&ois=13648e6,https://media.cheshomes.com/241/2024/5/15/DSC03229_3o5JhbF.jpg?width=1920&height=1281&fit=bounds&ois=071d9cb,https://media.cheshomes.com/241/2024/5/15/DSC03234_HkRzCQ0.jpg?width=1920&height=1281&fit=bounds&ois=b4cc123,https://media.cheshomes.com/241/2024/5/23/DSC03264.jpg?width=1920&height=1281&fit=bounds&ois=e02dbc4,https://media.cheshomes.com/241/2024/5/15/DSC03244_ER3klDj.jpg?width=1920&height=1281&fit=bounds&ois=59d6b1b,https://media.cheshomes.com/241/2024/5/15/DSC03239_wKXuFdN.jpg?width=1920&height=1281&fit=bounds&ois=abcfa53,https://media.cheshomes.com/241/2024/5/15/DSC03249_jJwfT72.jpg?width=1920&height=1281&fit=bounds&ois=02cbfda,https://media.cheshomes.com/241/2024/5/23/DSC03239.jpg?width=1920&height=1281&fit=bounds&ois=804a7d5,https://media.cheshomes.com/241/2024/5/23/DSC03259.jpg?width=1920&height=1281&fit=bounds&ois=b969ee9,https://media.cheshomes.com/241/2024/5/15/DSC03284_JZKahJZ.jpg?width=1920&height=1281&fit=bounds&ois=782488b,https://media.cheshomes.com/241/2024/5/15/DSC03154_f0rfK7c.jpg?width=1920&height=1280&fit=bounds&ois=91ec008,https://media.cheshomes.com/241/2024/5/15/DSC03149_REeZ5OH.jpg?width=1920&height=1280&fit=bounds&ois=ca05d98,https://media.cheshomes.com/241/2024/5/15/DSC03289_8VH1mAE.jpg?width=1920&height=1281&fit=bounds&ois=837847d,https://media.cheshomes.com/241/2024/5/15/DSC03159_ZT9wrTP.jpg?width=1920&height=1281&fit=bounds&ois=b402360,https://media.cheshomes.com/241/2024/5/15/DSC03164_hmWsF4J.jpg?width=1920&height=1281&fit=bounds&ois=2dd7835,https://media.cheshomes.com/241/2024/5/15/DSC03169_1mbo7xT.jpg?width=1920&height=1281&fit=bounds&ois=5a08a3e,https://media.cheshomes.com/241/2024/5/15/DSC03174_KImNL3c.jpg?width=1920&height=1281&fit=bounds&ois=a87159f,https://media.cheshomes.com/241/2024/5/15/DSC03179_SYggx2Q.jpg?width=1920&height=1281&fit=bounds&ois=2311fd8,https://media.cheshomes.com/241/2024/5/15/DSC03279_eokZxvo.jpg?width=1920&height=1281&fit=bounds&ois=356a545,https://media.cheshomes.com/241/2024/5/15/DSC03274.jpg?width=1920&height=1280&fit=bounds&ois=d0d14c4,https://media.cheshomes.com/241/2024/5/23/DSC03269.jpg?width=1920&height=1280&fit=bounds&ois=4b98d06"
https://www.cheshomes.com/new-homes/nc/angier/neills-pointe/11915/96-brooklynn-trail/1743446/,Neill's Pointe,35.5097,-78.7593,96 Brooklynn Trail,Angier,NC,,,,,Chesapeake Homes,,,2,,,,,,,https://www.cheshomes.com,"Discover a different pace of living at

Neill's Pointe

, a community of

new single-family homes in Angier, NC

, where comfort, space, and natural beauty come together. Crafted by Chesapeake Homes, each home is designed with

modern features

and

intentional layouts

that complement the surrounding landscape while supporting the way you live every day. With eight available floor plans starting from

1,900+ square feet

, Neill's Pointe offers the flexibility to find a home that fits your lifestyle. Enjoy the ease of

small-town living

with the

convenience

of homes near Raleigh, NC, just 23 miles from

Downtown Raleigh

.

Surrounded by

local charm

, life in Angier, NC, invites you to get out and explore. Pick fresh berries at

Dr. Young's Pond Berry Farm

, unwind with a tasting at

Gregory Vineyard

, or enjoy the outdoors at Jack Markley Park. Seasonal events like the Crepe Myrtle Festival bring

energy to the area

, while Downtown Angier offers a welcoming atmosphere filled with local character and Southern hospitality.

Find your place at Neill's Pointe, where new homes in Angier, NC, offer the perfect balance of

comfort, convenience, and connection to nature

. Explore available homesites, choose your floorplan, and start your next chapter just minutes from Raleigh.",,,"The Redbud: A Perfect Retreat for Entertaining and Relaxation Discover the Redbud, a home designed for those who love to entertain and seek peaceful retreats.The spacious kitchen, complete with a pantry and center island, provides ample room for creating delicious culinary masterpieces - even if you're ordering takeout! After dinner, retreat to your personal oasis: the Owner's Suite. With a private bath featuring double sinks and a walk-in shower with a closet combination, it's the ideal hideaway from the everyday. When the weather is beautiful, enjoy the porch that seamlessly flows from the Great Room area. Indulge in the ultimate blend of functionality and luxury with the Redbud home.*Photos of Similar Home Shown",3,2,,1,1846,369900,,,,,,,,,,,,,,,,2,3,2,,1846,1,369900,,,,,,,,,,,,,"https://media.cheshomes.com/241/2026/2/20/A92A3951_1xQF1mv.jpg?width=1920&height=1280&fit=bounds&ois=bcffc92,https://media.cheshomes.com/241/2026/2/20/A92A3941.jpg?width=1920&height=1280&fit=bounds&ois=1fb1ee6,https://media.cheshomes.com/241/2026/2/20/A92A3936.jpg?width=1920&height=1280&fit=bounds&ois=214505f,https://media.cheshomes.com/241/2026/2/20/A92A3956.jpg?width=1920&height=1280&fit=bounds&ois=57c3221,https://media.cheshomes.com/241/2026/2/20/A92A3946_cqt7YuV.jpg?width=1920&height=1280&fit=bounds&ois=8026195,https://media.cheshomes.com/241/2026/2/20/A92A3984.jpg?width=1920&height=1280&fit=bounds&ois=05ba7d0,https://media.cheshomes.com/241/2026/2/20/A92A3926_LgecdpE.jpg?width=1920&height=1280&fit=bounds&ois=391fae2,https://media.cheshomes.com/241/2026/2/20/A92A3906.jpg?width=1920&height=1280&fit=bounds&ois=8fc649c,https://media.cheshomes.com/241/2026/2/20/A92A3901.jpg?width=1920&height=1280&fit=bounds&ois=002c9dd,https://media.cheshomes.com/241/2026/2/20/owners_suite_WQwPsRm.jpeg?width=1920&height=1280&fit=bounds&ois=1ee3748,https://media.cheshomes.com/241/2026/2/20/A92A4002.jpg?width=1920&height=1280&fit=bounds&ois=a48c239,https://media.cheshomes.com/241/2026/2/20/A92A4007.jpg?width=1920&height=1280&fit=bounds&ois=edbac6e,https://media.cheshomes.com/241/2026/2/20/A92A4032.jpg?width=1920&height=1280&fit=bounds&ois=92e8e3b,https://media.cheshomes.com/241/2026/2/20/A92A4022.jpg?width=1920&height=1280&fit=bounds&ois=5d98ff6,https://media.cheshomes.com/241/2026/2/20/A92A4017.jpg?width=1920&height=1280&fit=bounds&ois=78ea9e8,https://media.cheshomes.com/241/2026/2/20/A92A4026.jpg?width=1920&height=1280&fit=bounds&ois=9e72b65,https://media.cheshomes.com/241/2026/2/20/A92A3776.jpg?width=1920&height=1280&fit=bounds&ois=4dd913c,https://media.cheshomes.com/241/2026/2/20/A92A3970.jpg?width=1920&height=1280&fit=bounds&ois=b96d5d4,https://media.cheshomes.com/241/2026/2/20/A92A3966.jpg?width=1920&height=1280&fit=bounds&ois=7a08868,https://media.cheshomes.com/241/2026/2/20/BEDROOM.jpeg?width=1920&height=1280&fit=bounds&ois=5cd0ed9,https://media.cheshomes.com/241/2026/2/20/A92A3811.jpg?width=1920&height=1280&fit=bounds&ois=9314ad1,https://media.cheshomes.com/241/2026/2/20/A92A3841.jpg?width=1920&height=1280&fit=bounds&ois=98d8b54,https://media.cheshomes.com/241/2026/2/20/A92A3851.jpg?width=1920&height=1280&fit=bounds&ois=329eac8,https://media.cheshomes.com/241/2026/2/20/A92A3791.jpg?width=1920&height=1280&fit=bounds&ois=4c65d5b,https://media.cheshomes.com/241/2026/2/20/A92A3856.jpg?width=1920&height=1280&fit=bounds&ois=28299ca,https://media.cheshomes.com/241/2026/2/20/bedroom_3.jpeg?width=1920&height=1280&fit=bounds&ois=bbd9b83,https://media.cheshomes.com/241/2025/1/10/27-web-or-mls-AZ3A8467.jpg?width=1920&height=1279&fit=bounds&ois=cc221f1,https://media.cheshomes.com/241/2025/12/17/36-web-or-mls-AZ3A8485.jpg?width=1920&height=1279&fit=bounds&ois=d1fef86,https://media.cheshomes.com/241/2025/1/10/35-web-or-mls-AZ3A8484.jpg?width=1920&height=1279&fit=bounds&ois=79d5ebe,https://media.cheshomes.com/241/2025/1/10/34-web-or-mls-AZ3A8483.jpg?width=1920&height=1279&fit=bounds&ois=c1e7dd2"
https://www.cheshomes.com/new-homes/va/suffolk/river-club/7441/emerson-lane/1750169/,River Club,36.8443,-76.4816,Emerson Lane,Suffolk,VA,,,,,Chesapeake Homes,,,2,,,,,,,https://www.cheshomes.com,"Welcome to the heart of

Suffolk

, where you can call the community

River Club

home. While located close to various city centers, the community itself offers lots of entertainment. Future plans for the community propose a stunning Amenity Center with a

large pool

and a

playground

. Plus, just a short distance away is

Bennett’s Creek Park and Boat Launch

. More of an ocean person than a lake person? No problem, Suffolk is just a quick drive to Virginia Beach and Norfolk’s coast. Conveniently located near

Highway 664

makes travel easy and is perfectly located near

Harbour View’s

delicious dining locations, making dinner your favorite meal of the day. While you are surrounded by the

stunning natural outdoors

, shopping nearby makes it a breeze to grab day-to-day essentials. Chesapeake Homes always chooses the best places for our communities. For example, in Suffolk, you will never be bored with the

continuous festivals, markets, historical attractions

, and more to discover in your new home. Check out our exceptional floor plans and begin to create the perfect retreat for you and your family at River Club.",,,"The Roseleigh is a buyer favorite for a reason! The spacious 3,309 square feet holds space for five bedrooms and four full bathrooms. Once you walk in the door the main foyer divides the formal dining room from the study. Continue down the hall to the open-concept kitchen, great room, and breakfast nook with access to the back patio. Additionally on the first floor is the guest suite and bathroom, the drop zone bench, and the garage access door. The spacious second level makes sure everyone in your family has their own place. To the left of this floor are three bedrooms, two full baths, and the laundry room. To the right by the open loft is the Owner’s Suite. This beautiful room with tray ceilings, dual walk-in closets, and an attached deluxe spa-inspired bathroom with a dual sink vanity is the perfect spot to relax after a long day on the run.This floor plan is interactive and allows those who choose the Roseleigh to create their own oasis at home.*Photos of Similar Home Shown",5,4,,2,3309,,,,,,,,,,,,,,,,,2,5,4,,3309,2,,,,,,,,,,,,,,"https://media.cheshomes.com/241/2026/4/28/R1_187_Exterior_Rendering.jpg?width=1800&height=1200&fit=bounds&ois=d116bfc,https://media.cheshomes.com/241/2025/12/17/247.jpg?width=1280&height=799&fit=bounds&ois=b1c65f2,https://media.cheshomes.com/241/2026/1/22/032.jpg?width=1280&height=853&fit=bounds&ois=dac08b5,https://media.cheshomes.com/241/2026/1/22/026.jpg?width=1280&height=853&fit=bounds&ois=039a47a,https://media.cheshomes.com/241/2026/1/22/021.jpg?width=1280&height=853&fit=bounds&ois=55d4e67,https://media.cheshomes.com/241/2026/1/22/020.jpg?width=1280&height=853&fit=bounds&ois=dc853eb,https://media.cheshomes.com/241/2026/1/22/013.jpg?width=1280&height=853&fit=bounds&ois=e2e032c,https://media.cheshomes.com/241/2026/1/22/015.jpg?width=1280&height=853&fit=bounds&ois=10d2351,https://media.cheshomes.com/241/2026/1/22/028.jpg?width=1280&height=853&fit=bounds&ois=58beaac,https://media.cheshomes.com/241/2026/1/22/027.jpg?width=1280&height=853&fit=bounds&ois=9369e7e,https://media.cheshomes.com/241/2026/1/22/063.jpg?width=1280&height=853&fit=bounds&ois=2762ea8,https://media.cheshomes.com/241/2026/1/22/064.jpg?width=1280&height=853&fit=bounds&ois=a96eedf,https://media.cheshomes.com/241/2026/1/22/065.jpg?width=1280&height=853&fit=bounds&ois=f182970,https://media.cheshomes.com/241/2026/1/22/071.jpg?width=1280&height=853&fit=bounds&ois=9b91e28,https://media.cheshomes.com/241/2026/1/22/067.jpg?width=1280&height=853&fit=bounds&ois=1ebbb93,https://media.cheshomes.com/241/2026/1/22/068.jpg?width=1280&height=853&fit=bounds&ois=168e0a2,https://media.cheshomes.com/241/2026/1/22/069.jpg?width=1280&height=853&fit=bounds&ois=83385bb,https://media.cheshomes.com/241/2026/1/22/070.jpg?width=1280&height=853&fit=bounds&ois=323c46e,https://media.cheshomes.com/241/2026/1/22/001.jpg?width=1280&height=853&fit=bounds&ois=d174311,https://media.cheshomes.com/241/2026/1/22/002.jpg?width=1280&height=853&fit=bounds&ois=22343b6,https://media.cheshomes.com/241/2026/1/22/003.jpg?width=1280&height=853&fit=bounds&ois=8d5af84,https://media.cheshomes.com/241/2026/1/22/006.jpg?width=1280&height=853&fit=bounds&ois=2360e80,https://media.cheshomes.com/241/2026/1/22/008.jpg?width=1280&height=853&fit=bounds&ois=cc070bf,https://media.cheshomes.com/241/2026/1/22/010.jpg?width=1280&height=853&fit=bounds&ois=3997533,https://media.cheshomes.com/241/2026/1/22/017.jpg?width=1280&height=853&fit=bounds&ois=cc77c17,https://media.cheshomes.com/241/2026/1/22/019.jpg?width=1280&height=853&fit=bounds&ois=e60dfde,https://media.cheshomes.com/241/2026/1/22/030.jpg?width=1280&height=853&fit=bounds&ois=ea5e33d,https://media.cheshomes.com/241/2026/1/22/047.jpg?width=1280&height=853&fit=bounds&ois=1b544b6,https://media.cheshomes.com/241/2026/1/22/048.jpg?width=1280&height=853&fit=bounds&ois=86c56b3,https://media.cheshomes.com/241/2026/1/22/050.jpg?width=1280&height=853&fit=bounds&ois=0907bc7,https://media.cheshomes.com/241/2026/1/22/055.jpg?width=1280&height=853&fit=bounds&ois=be26eb9,https://media.cheshomes.com/241/2026/1/22/058.jpg?width=1280&height=853&fit=bounds&ois=4899155,https://media.cheshomes.com/241/2026/1/22/056.jpg?width=1280&height=853&fit=bounds&ois=77f956d,https://media.cheshomes.com/241/2026/1/22/057.jpg?width=1280&height=853&fit=bounds&ois=f78fb9c,https://media.cheshomes.com/241/2026/1/22/054.jpg?width=1280&height=853&fit=bounds&ois=e852fcb,https://media.cheshomes.com/241/2026/1/22/051.jpg?width=1280&height=853&fit=bounds&ois=f487c7e,https://media.cheshomes.com/241/2026/1/22/052.jpg?width=1280&height=853&fit=bounds&ois=11c93c2,https://media.cheshomes.com/241/2026/1/22/053.jpg?width=1280&height=853&fit=bounds&ois=a1d3a79,https://media.cheshomes.com/241/2026/1/22/059.jpg?width=1280&height=853&fit=bounds&ois=8e4680a,https://media.cheshomes.com/241/2026/1/22/060.jpg?width=1280&height=853&fit=bounds&ois=4783090,https://media.cheshomes.com/241/2026/1/22/061.jpg?width=1280&height=853&fit=bounds&ois=c864329,https://media.cheshomes.com/241/2026/1/22/038.jpg?width=1280&height=853&fit=bounds&ois=37006ae,https://media.cheshomes.com/241/2026/1/22/039.jpg?width=1280&height=853&fit=bounds&ois=4e02549,https://media.cheshomes.com/241/2026/1/22/037.jpg?width=853&height=1280&fit=bounds&ois=e5c2793,https://media.cheshomes.com/241/2026/1/22/062.jpg?width=1280&height=853&fit=bounds&ois=ad76ea2,https://media.cheshomes.com/241/2026/1/22/041.jpg?width=1280&height=853&fit=bounds&ois=f0d401e,https://media.cheshomes.com/241/2026/1/22/216.jpg?width=1280&height=853&fit=bounds&ois=7470878"
https://www.cheshomes.com/new-homes/va/suffolk/river-club/7441/long-cove-drive/1732437/,River Club,36.845,-76.4785,Long Cove Drive,Suffolk,VA,,,,,Chesapeake Homes,,,2,,,,,,,https://www.cheshomes.com,"Welcome to the heart of

Suffolk

, where you can call the community

River Club

home. While located close to various city centers, the community itself offers lots of entertainment. Future plans for the community propose a stunning Amenity Center with a

large pool

and a

playground

. Plus, just a short distance away is

Bennett’s Creek Park and Boat Launch

. More of an ocean person than a lake person? No problem, Suffolk is just a quick drive to Virginia Beach and Norfolk’s coast. Conveniently located near

Highway 664

makes travel easy and is perfectly located near

Harbour View’s

delicious dining locations, making dinner your favorite meal of the day. While you are surrounded by the

stunning natural outdoors

, shopping nearby makes it a breeze to grab day-to-day essentials. Chesapeake Homes always chooses the best places for our communities. For example, in Suffolk, you will never be bored with the

continuous festivals, markets, historical attractions

, and more to discover in your new home. Check out our exceptional floor plans and begin to create the perfect retreat for you and your family at River Club.",,,"Welcome to The Azalea model! This open-concept plan allows for natural lighting to fill the 3,016 square feet of space it offers. The spacious great room, with built in gas fireplace, flows right into the kitchen separated only by a large island and breakfast nook. It’s the perfect place to entertain family and friends. The first-floor layout continues to expand past the living area into a guest suite. This bedroom is fitted with a generously sized closet with an attached full bathroom. Now head to the second floor up the stairs and open the double doors to your Owner’s Suite. This personal sanctuary has plenty of space with two walk-in closets, a sitting area, and an extensive spa-inspired deluxe bathroom. No worries about a crowded morning bathroom routine here, with a double sink vanity, linen closet, and separate toilet area. Three additional bedrooms, each with sizable closets, and two full bathrooms can also be found on the second floor. The laundry room is also located on this floor for your daily convenience. But before you end the night in your beautiful home, spend the evening on your rear covered porch. This home has enough space for everyone to have their personalized area.",5,4,1,2,3016,,,,,,,,,,,,,,,,,2,5,4,1,3016,2,,,,,,,,,,,,,,"https://media.cheshomes.com/241/2025/12/17/VS_RC_63_7.jpg?width=1920&height=1280&fit=bounds&ois=de8942d,https://media.cheshomes.com/241/2026/2/11/115Exterior.jpg?width=1800&height=1200&fit=bounds&ois=3ef5383,https://media.cheshomes.com/241/2026/1/23/Azalea_exterior_green_grass_ijYe2uK.jpg?width=1920&height=1440&fit=bounds&ois=23d40d1,https://media.cheshomes.com/241/2026/1/22/14-web-or-mls-207_Noble_Court_Suffolk_VA_04162025_Exterior014.jpg?width=1920&height=1279&fit=bounds&ois=7a46fd0,https://media.cheshomes.com/241/2026/1/22/11-web-or-mls-207_Noble_Court_Suffolk_VA_04162025_Exterior011.jpg?width=1920&height=1279&fit=bounds&ois=9df2d61,https://media.cheshomes.com/241/2026/1/22/VS_RC_63_5.JPG?width=1920&height=1280&fit=bounds&ois=0dfede9,https://media.cheshomes.com/241/2026/1/22/VS_RC_63_4.jpg?width=1920&height=1280&fit=bounds&ois=c23f27b,https://media.cheshomes.com/241/2026/1/22/52-web-or-mls-207_Noble_Court_Suffolk_VA_04162025_Interior126.jpg?width=1920&height=1279&fit=bounds&ois=8b11bf6,https://media.cheshomes.com/241/2026/1/22/24-web-or-mls-207_Noble_Court_Suffolk_VA_04162025_Interior042.jpg?width=1920&height=1279&fit=bounds&ois=d556884,https://media.cheshomes.com/241/2026/1/22/VS_RC_63_7.jpg?width=1920&height=1280&fit=bounds&ois=4f42557,https://media.cheshomes.com/241/2026/1/22/28-web-or-mls-207_Noble_Court_Suffolk_VA_04162025_Interior054.jpg?width=1920&height=1279&fit=bounds&ois=fb99c84,https://media.cheshomes.com/241/2026/1/22/VS_RC_63_9.jpg?width=1920&height=1280&fit=bounds&ois=73bc96b,https://media.cheshomes.com/241/2026/1/22/VS_RC_63_10.jpg?width=1920&height=1280&fit=bounds&ois=50acb62,https://media.cheshomes.com/241/2026/1/22/40-web-or-mls-207_Noble_Court_Suffolk_VA_04162025_Interior090.jpg?width=1920&height=1279&fit=bounds&ois=8236d21,https://media.cheshomes.com/241/2026/1/22/41-web-or-mls-207_Noble_Court_Suffolk_VA_04162025_Interior093.jpg?width=1920&height=1279&fit=bounds&ois=6eedc74,https://media.cheshomes.com/241/2026/1/22/43-web-or-mls-207_Noble_Court_Suffolk_VA_04162025_Interior099.jpg?width=1920&height=1279&fit=bounds&ois=70e25c6,https://media.cheshomes.com/241/2026/1/22/42-web-or-mls-207_Noble_Court_Suffolk_VA_04162025_Interior096.jpg?width=1920&height=1279&fit=bounds&ois=4da7352,https://media.cheshomes.com/241/2026/1/22/38-web-or-mls-207_Noble_Court_Suffolk_VA_04162025_Interior084.jpg?width=1920&height=1279&fit=bounds&ois=08ca7a5,https://media.cheshomes.com/241/2026/1/22/18-web-or-mls-207_Noble_Court_Suffolk_VA_04162025_Interior024.jpg?width=1920&height=1279&fit=bounds&ois=f0210c5,https://media.cheshomes.com/241/2026/1/22/26-web-or-mls-207_Noble_Court_Suffolk_VA_04162025_Interior048.jpg?width=1920&height=1279&fit=bounds&ois=ba3c8d2,https://media.cheshomes.com/241/2026/1/22/VS_RC_63_2.jpg?width=1920&height=1280&fit=bounds&ois=54514a3,https://media.cheshomes.com/241/2026/1/22/VS_RC_63_3.jpg?width=1920&height=1280&fit=bounds&ois=8bf4ade,https://media.cheshomes.com/241/2026/1/22/31-web-or-mls-207_Noble_Court_Suffolk_VA_04162025_Interior063.jpg?width=1920&height=1279&fit=bounds&ois=67223a7,https://media.cheshomes.com/241/2026/1/22/27-web-or-mls-207_Noble_Court_Suffolk_VA_04162025_Interior051.jpg?width=1920&height=1279&fit=bounds&ois=b106c65,https://media.cheshomes.com/241/2026/1/22/51-web-or-mls-207_Noble_Court_Suffolk_VA_04162025_Interior123.jpg?width=1920&height=1279&fit=bounds&ois=11ab045,https://media.cheshomes.com/241/2026/1/22/33-web-or-mls-207_Noble_Court_Suffolk_VA_04162025_Interior069.jpg?width=1920&height=1279&fit=bounds&ois=a0d9ff4,https://media.cheshomes.com/241/2026/1/22/35-web-or-mls-207_Noble_Court_Suffolk_VA_04162025_Interior075.jpg?width=1920&height=1279&fit=bounds&ois=1c2b985,https://media.cheshomes.com/241/2026/1/22/36-web-or-mls-207_Noble_Court_Suffolk_VA_04162025_Interior078.jpg?width=1920&height=1279&fit=bounds&ois=97f849a,https://media.cheshomes.com/241/2026/1/22/34-web-or-mls-207_Noble_Court_Suffolk_VA_04162025_Interior072.jpg?width=1920&height=1279&fit=bounds&ois=a730805,https://media.cheshomes.com/241/2026/1/22/47-web-or-mls-207_Noble_Court_Suffolk_VA_04162025_Interior111.jpg?width=1920&height=1279&fit=bounds&ois=1834851,https://media.cheshomes.com/241/2026/1/22/48-web-or-mls-207_Noble_Court_Suffolk_VA_04162025_Interior114.jpg?width=1920&height=1279&fit=bounds&ois=013ec2f,https://media.cheshomes.com/241/2026/1/22/45-web-or-mls-207_Noble_Court_Suffolk_VA_04162025_Interior105.jpg?width=1920&height=1279&fit=bounds&ois=0417c32,https://media.cheshomes.com/241/2026/1/22/46-web-or-mls-207_Noble_Court_Suffolk_VA_04162025_Interior108.jpg?width=1920&height=1279&fit=bounds&ois=eb0498e,https://media.cheshomes.com/241/2026/1/22/49-web-or-mls-207_Noble_Court_Suffolk_VA_04162025_Interior117.jpg?width=1920&height=1279&fit=bounds&ois=c088770,https://media.cheshomes.com/241/2026/1/22/50-web-or-mls-207_Noble_Court_Suffolk_VA_04162025_Interior120.jpg?width=1920&height=1279&fit=bounds&ois=e3f16a2,https://media.cheshomes.com/241/2026/1/22/22-web-or-mls-207_Noble_Court_Suffolk_VA_04162025_Interior036.jpg?width=1920&height=1279&fit=bounds&ois=ab25f89,https://media.cheshomes.com/241/2026/1/22/17-web-or-mls-207_Noble_Court_Suffolk_VA_04162025_Interior021.jpg?width=1920&height=1279&fit=bounds&ois=1c6671b,https://media.cheshomes.com/241/2026/1/22/44-web-or-mls-207_Noble_Court_Suffolk_VA_04162025_Interior102.jpg?width=1920&height=1279&fit=bounds&ois=2ee67d4,https://media.cheshomes.com/241/2026/1/22/7-web-or-mls-207_Noble_Court_Suffolk_VA_04162025_Exterior007.jpg?width=1920&height=1279&fit=bounds&ois=4105fc4,https://media.cheshomes.com/241/2026/1/22/10-web-or-mls-207_Noble_Court_Suffolk_VA_04162025_Exterior010.jpg?width=1920&height=1279&fit=bounds&ois=a3b87fd,https://media.cheshomes.com/241/2026/1/22/9-web-or-mls-207_Noble_Court_Suffolk_VA_04162025_Exterior009.jpg?width=1920&height=1279&fit=bounds&ois=69fdcce"
